mode,repeat,frame,processing_ms,read_decode_ms,queue_ms,end_to_end_ms,elapsed_s,valid_score,score,alarm_active
capacity,0,0,3.6043119616806507,0.31957286410033703,0.00017997808754444122,3.604491939768195,0.003619910916313529,False,,
capacity,0,1,3.4248330630362034,0.31714816577732563,0.0001809094101190567,3.4250139724463224,0.0070686498656868935,False,,
capacity,0,2,3.3917310647666454,0.309644965454936,0.00010989606380462646,3.39184096083045,0.010483023943379521,False,,
capacity,0,3,3.3716040197759867,0.3029019571840763,9.010545909404755e-05,3.3716941252350807,0.013876328943297267,False,,
capacity,0,4,3.501908853650093,0.30287192203104496,0.00011012889444828033,3.5020189825445414,0.017400158802047372,False,,
capacity,0,5,3.460180014371872,0.3044949844479561,0.00010011717677116394,3.460280131548643,0.020882921991869807,False,,
capacity,0,6,3.395398147404194,0.3025210462510586,0.00010989606380462646,3.3955080434679985,0.024300351971760392,False,,
capacity,0,7,3.409615019336343,0.3029420040547848,0.00011990778148174286,3.4097349271178246,0.027731727808713913,False,,
capacity,0,8,3.3776748459786177,0.30195992439985275,9.010545909404755e-05,3.3777649514377117,0.031131263822317123,False,,
capacity,0,9,3.3975020051002502,0.3004269674420357,0.00011012889444828033,3.3976121339946985,0.03455082792788744,False,,
capacity,0,10,3.38833499699831,0.29310397803783417,0.00010989606380462646,3.3884448930621147,0.03796104388311505,False,,
capacity,0,11,3.397963009774685,0.2992351073771715,0.00010989606380462646,3.3980729058384895,0.04138073790818453,False,,
capacity,0,12,3.377665067091584,0.29455614276230335,0.00011990778148174286,3.377784974873066,0.04478001384995878,False,,
capacity,0,13,3.367966040968895,0.2953070215880871,0.00011990778148174286,3.3680859487503767,0.04816992091946304,False,,
capacity,0,14,3.4441500902175903,0.3050460945814848,0.00010989606380462646,3.444259986281395,0.051635992946103215,False,,
capacity,0,15,3.6823099944740534,0.3002870362251997,0.00012014061212539673,3.682430135086179,0.05534067493863404,False,,
capacity,0,16,3.723046975210309,0.3024109173566103,0.00011012889444828033,3.7231571041047573,0.05908608390018344,False,,
capacity,0,17,3.721604123711586,0.3113681450486183,0.00012991949915885925,3.721734043210745,0.06283062091097236,False,,
capacity,0,18,4.153459100052714,0.30601792968809605,9.010545909404755e-05,4.153549205511808,0.06700755399651825,False,,
capacity,0,19,3.6978491116315126,0.31304103322327137,0.00014994293451309204,3.6979990545660257,0.07072855695150793,False,,
capacity,0,20,3.7556979805231094,0.30763004906475544,0.00012083910405635834,3.755818819627166,0.07450699782930315,False,,
capacity,0,21,3.774033160880208,0.30678906477987766,0.00012991949915885925,3.774163080379367,0.07830433500930667,False,,
capacity,0,22,3.6615401040762663,0.3069690428674221,0.00015087425708770752,3.661690978333354,0.08198856795206666,False,,
capacity,0,23,3.716754959896207,0.31527504324913025,0.00012991949915885925,3.7168848793953657,0.08572810585610569,False,,
capacity,0,24,3.7272849585860968,0.3185519017279148,0.00014016404747962952,3.7274251226335764,0.0894796559587121,False,,
capacity,0,25,3.721795044839382,0.3103159833699465,0.00013015232980251312,3.7219251971691847,0.09322539600543678,False,,
capacity,0,26,3.6732719745486975,0.31586596742272377,0.0001501757651567459,3.673422150313854,0.09692168096080422,False,,
capacity,0,27,3.829116001725197,0.3239009529352188,0.0001310836523771286,3.829247085377574,0.10077316989190876,False,,
capacity,0,28,3.6852250341326,0.3207151312381029,0.00011990778148174286,3.6853449419140816,0.1044818798545748,False,,
capacity,0,29,3.6692051216959953,0.32095611095428467,0.00012991949915885925,3.669335041195154,0.10817325697280467,False,,
capacity,0,30,3.6807172000408173,0.3231600858271122,0.00012991949915885925,3.680847119539976,0.11187638598494232,False,,
capacity,0,31,3.6820590030401945,0.32132607884705067,0.00010104849934577942,3.6821600515395403,0.11558055691421032,False,,
capacity,0,32,3.67809203453362,0.3201139625161886,0.00012014061212539673,3.6782121751457453,0.1192805899772793,False,,
capacity,0,33,3.68398311547935,0.3181309439241886,0.00011990778148174286,3.684103023260832,0.1229870649985969,False,,
capacity,0,34,3.711074125021696,0.3254550974816084,0.00011990778148174286,3.711194032803178,0.1267205709591508,False,,
capacity,0,35,3.780075116083026,0.3187619149684906,0.00015995465219020844,3.780235070735216,0.13052294799126685,True,0.01225987048930153,False
capacity,0,36,4.131057066842914,0.31849113292992115,8.987262845039368e-05,4.131146939471364,0.13467869092710316,True,0.012229499744197276,False
capacity,0,37,3.762301057577133,0.31877215951681137,0.00010989606380462646,3.762410953640938,0.13846502685919404,True,0.007336335832365875,False
capacity,0,38,3.725069807842374,0.3194729797542095,0.00010011717677116394,3.725169925019145,0.14221349079161882,True,0.005437957480609162,False
capacity,0,39,3.72801604680717,0.32389117404818535,0.00012991949915885925,3.7281459663063288,0.1459650918841362,True,0.006710618777870863,False
capacity,0,40,3.714300924912095,0.3250238951295614,9.010545909404755e-05,3.714391030371189,0.1497029869351536,True,0.009528751722264882,False
capacity,0,41,3.995549865067005,0.3200939390808344,0.00010104849934577942,3.995650913566351,0.15372234187088907,True,0.011947936844858635,False
capacity,0,42,3.708779811859131,0.31740893609821796,9.010545909404755e-05,3.708869917318225,0.1574549567885697,True,0.008701071844606924,False
capacity,0,43,3.7393481470644474,0.3231500741094351,9.988434612751007e-05,3.739448031410575,0.16121783899143338,True,0.11314047632017132,False
capacity,0,44,3.708207979798317,0.3257340285927057,9.103678166866302e-05,3.7082990165799856,0.16494972188957036,True,0.06967681040920592,False
capacity,0,45,3.714489983394742,0.3222380764782429,9.010545909404755e-05,3.714580088853836,0.16868750588037074,True,0.1439219284753002,False
capacity,0,46,3.7139691412448883,0.31555513851344585,9.103678166866302e-05,3.714060178026557,0.17242433899082243,True,0.0961186155346383,False
capacity,0,47,3.706305054947734,0.3175889141857624,0.00010011717677116394,3.706405172124505,0.1761538980063051,True,0.04510630517935071,False
capacity,0,48,3.7115952000021935,0.323861138895154,9.988434612751007e-05,3.711695084348321,0.1798883459996432,True,0.024396779025473502,False
capacity,0,49,3.943042131140828,0.3183211665600538,9.988434612751007e-05,3.9431420154869556,0.18385447096079588,True,0.019302071031683972,False
capacity,0,50,3.747151931747794,0.3179199993610382,9.103678166866302e-05,3.747242968529463,0.18762511783279479,True,0.019141878322176415,False
capacity,0,51,3.732925048097968,0.31970301643013954,0.00010081566870212555,3.7330258637666702,0.19138130685314536,True,0.021308750904048896,False
capacity,0,52,3.760197199881077,0.31977402977645397,8.987262845039368e-05,3.760287072509527,0.19516512798145413,True,0.07471006854140885,False
capacity,0,53,3.7525829393416643,0.3240518271923065,0.00010011717677116394,3.7526830565184355,0.19894119491800666,True,0.12141691013985191,False
capacity,0,54,3.7676910869777203,0.3229400608688593,0.00010989606380462646,3.767800983041525,0.20273251994512975,True,0.06459332565214011,False
capacity,0,55,3.7616088520735502,0.3202438820153475,0.00012014061212539673,3.7617289926856756,0.20651946682482958,True,0.03798289789113414,False
capacity,0,56,3.7243489641696215,0.3205949906259775,0.00010011717677116394,3.7244490813463926,0.21026811189949512,True,0.0778131288045933,False
capacity,0,57,3.716594073921442,0.31921197660267353,9.988434612751007e-05,3.7166939582675695,0.21400888194330037,True,0.044110848350034454,False
capacity,0,58,3.723297966644168,0.3228699788451195,0.00011012889444828033,3.723408095538616,0.21775571396574378,True,0.022986368001654635,False
capacity,0,59,3.7321539130061865,0.32251887023448944,0.00011012889444828033,3.7322640419006348,0.22151155187748373,True,0.023774473422396605,False
capacity,0,60,3.706736024469137,0.31713908538222313,8.987262845039368e-05,3.7068258970975876,0.22524176188744605,True,0.023290015297718007,False
capacity,0,61,3.750507952645421,0.317499041557312,0.00010104849934577942,3.750609001144767,0.2290216558612883,True,0.1893656785189283,False
capacity,0,62,3.7216038908809423,0.324461841955781,8.009374141693115e-05,3.7216839846223593,0.2327668748330325,True,0.14582276647696532,False
capacity,0,63,3.7338268011808395,0.31901197507977486,0.00010011717677116394,3.7339269183576107,0.236524315783754,True,0.09070840130003502,False
capacity,0,64,3.7217028439044952,0.31777890399098396,0.00010104849934577942,3.721803892403841,0.24026971380226314,True,0.15317393805731047,False
capacity,0,65,3.6991320084780455,0.3188920672982931,0.00010989606380462646,3.69924190454185,0.24399291188456118,True,0.09458856321510305,False
capacity,0,66,3.705593990162015,0.3294020425528288,8.009374141693115e-05,3.705674083903432,0.24772160896100104,True,0.07085293387604445,False
capacity,0,67,3.7433451507240534,0.3189421258866787,9.988434612751007e-05,3.743445035070181,0.25148807698860765,True,0.04539707084853285,False
capacity,0,68,3.726152004674077,0.31852093525230885,0.00011990778148174286,3.7262719124555588,0.2552378938999027,True,0.027509273331981478,False
capacity,0,69,3.7049620877951384,0.3188310656696558,0.00011106021702289581,3.7050731480121613,0.2589715209323913,True,0.023875570376089523,False
capacity,0,70,3.7091700360178947,0.32442202791571617,0.00012083910405635834,3.709290875121951,0.2627038648352027,True,0.038260787354053784,False
capacity,0,71,3.713538870215416,0.31915190629661083,0.00010011717677116394,3.713638987392187,0.2664408178534359,True,0.07792377073950463,False
capacity,0,72,3.7137088365852833,0.3178499173372984,0.00012014061212539673,3.7138289771974087,0.2701779508497566,True,0.04585175154891526,False
capacity,0,73,3.7289580795913935,0.32249907962977886,9.010545909404755e-05,3.7290481850504875,0.2739304630085826,True,0.03626142895803348,False
capacity,0,74,3.7096310406923294,0.32392097637057304,8.987262845039368e-05,3.70972091332078,0.27766340784728527,True,0.048934248340535155,False
capacity,0,75,3.7197498604655266,0.3181698266416788,7.008202373981476e-05,3.7198199424892664,0.2814066228456795,True,0.056997602212304314,False
capacity,0,76,3.706946037709713,0.3173991572111845,0.00011106021702289581,3.707057097926736,0.2851371238939464,True,0.12942964408001087,False
capacity,0,77,3.7288281600922346,0.3191020805388689,9.988434612751007e-05,3.728928044438362,0.2888900369871408,True,0.07712547327854744,False
capacity,0,78,3.7075281143188477,0.3150750417262316,9.988434612751007e-05,3.707627998664975,0.2926206279080361,True,0.02563377359581541,False
capacity,0,79,3.7511999253183603,0.3168978728353977,0.00011012889444828033,3.7513100542128086,0.29639539192430675,True,0.0509435599932384,False
capacity,0,80,3.7137081380933523,0.3148340620100498,8.987262845039368e-05,3.7137980107218027,0.3001324839424342,True,0.08349853239085253,False
capacity,0,81,3.9005219005048275,0.32005482353270054,8.009374141693115e-05,3.9006019942462444,0.3040568109136075,True,0.049177003758942114,False
capacity,0,82,3.924876917153597,0.321126077324152,8.009374141693115e-05,3.924957010895014,0.30800497182644904,True,0.05100533248322893,False
capacity,0,83,3.8445061072707176,0.3272281028330326,9.988434612751007e-05,3.844605991616845,0.3118770099245012,True,0.080344005283614,False
capacity,0,84,3.7302300333976746,0.31602708622813225,0.00010989606380462646,3.730339929461479,0.3156331388745457,True,0.029516762461957103,False
capacity,0,85,3.891955129802227,0.3153551369905472,9.988434612751007e-05,3.8920550141483545,0.31954924995079637,True,0.035363300080404794,False
capacity,0,86,3.731893142685294,0.31687808223068714,9.080395102500916e-05,3.731983946636319,0.3233079039491713,True,0.09671838611510575,False
capacity,0,87,3.7251398898661137,0.3127199597656727,0.00010104849934577942,3.7252409383654594,0.3270572798792273,True,0.05450811847718774,False
capacity,0,88,3.7276148796081543,0.31795003451406956,0.00010104849934577942,3.7277159281075,0.3308094018138945,True,0.05708748878991665,False
capacity,0,89,3.7329860497266054,0.3135320730507374,8.987262845039368e-05,3.733075922355056,0.33456608187407255,True,0.06555503900541793,False
capacity,0,90,3.8394969888031483,0.31433417461812496,6.984919309616089e-05,3.8395668379962444,0.3384292328264564,True,0.06357460174271229,False
capacity,0,91,3.709451062604785,0.3132810816168785,0.00010989606380462646,3.7095609586685896,0.3421621979214251,True,0.05061884341572365,False
capacity,0,92,3.7036400754004717,0.31954306177794933,9.988434612751007e-05,3.703739959746599,0.3458896828815341,True,0.06029075530346539,False
capacity,0,93,3.7016160786151886,0.3115180879831314,0.00010989606380462646,3.7017259746789932,0.3496150439605117,True,0.08178216044792189,False
capacity,0,94,3.6979999858886003,0.3107469528913498,9.988434612751007e-05,3.698099870234728,0.3533359868451953,True,0.09370568940998567,False
capacity,0,95,3.6961559671908617,0.31100702472031116,0.00010011717677116394,3.696256084367633,0.3570557269267738,True,0.05199138453651093,False
capacity,0,96,3.7070768885314465,0.31759985722601414,0.00011012889444828033,3.7071870174258947,0.3607865278609097,True,0.0625063245065248,False
capacity,0,97,3.7046920042485,0.314133008942008,0.00010011717677116394,3.704792121425271,0.3645145839545876,True,0.054778048907430994,False
capacity,0,98,3.7103130016475916,0.3127909731119871,0.00011990778148174286,3.7104329094290733,0.3682483108714223,True,0.06748759290471087,False
capacity,0,99,3.6930099595338106,0.31265988945961,0.00010104849934577942,3.6931110080331564,0.3719709368888289,True,0.10187612845615238,False
capacity,0,100,3.6977289710193872,0.3198939375579357,9.010545909404755e-05,3.6978190764784813,0.3756926408968866,True,0.1315203993388125,False
capacity,0,101,3.7160131614655256,0.31302100978791714,9.988434612751007e-05,3.716113045811653,0.3794320479501039,True,0.08049001645678419,False
capacity,0,102,3.7323248106986284,0.31254999339580536,7.008202373981476e-05,3.7323948927223682,0.3831878867931664,True,0.07188884699382003,False
capacity,0,103,3.7103621289134026,0.32602506689727306,0.00010081566870212555,3.7104629445821047,0.38692202395759523,True,0.05894711981572085,False
capacity,0,104,3.7239280063658953,0.32712705433368683,0.0001809094101190567,3.7241089157760143,0.39067069883458316,True,0.03417830714589885,False
capacity,0,105,3.7551370915025473,0.31506409868597984,9.988434612751007e-05,3.7552369758486748,0.3944496209733188,True,0.08840090213017258,False
capacity,0,106,3.6998330615460873,0.31697796657681465,9.988434612751007e-05,3.6999329458922148,0.39817332895472646,True,0.04313421052097944,False
capacity,0,107,3.7331460043787956,0.3201838117092848,0.00010011717677116394,3.733246121555567,0.40192997897975147,True,0.04723246398005121,False
capacity,0,108,3.7054638378322124,0.32273889519274235,0.00010011717677116394,3.7055639550089836,0.40565955778583884,True,0.06600788520135656,False
capacity,0,109,3.719659987837076,0.3162170760333538,0.00012107193470001221,3.719781059771776,0.40940307290293276,True,0.05611389549092964,False
capacity,0,110,3.696095896884799,0.3148240502923727,9.010545909404755e-05,3.696186002343893,0.41312248283065856,True,0.04730167228357672,False
capacity,0,111,3.747151931747794,0.3186110407114029,0.00012014061212539673,3.7472720723599195,0.41689323890022933,True,0.06474323252288626,False
capacity,0,112,3.755277954041958,0.31559611670672894,0.00010989606380462646,3.7553878501057625,0.4206735538318753,True,0.05105523771205206,False
capacity,0,113,3.7014358676970005,0.312519958242774,0.00010011717677116394,3.7015359848737717,0.4243983537890017,True,0.05020467638419548,False
capacity,0,114,3.729328978806734,0.3119290340691805,0.00010011717677116394,3.7294290959835052,0.4281512969173491,True,0.10377716634332934,False
capacity,0,115,3.7041199393570423,0.3155251033604145,8.102506399154663e-05,3.704200964421034,0.43187868082895875,True,0.11652842155234219,False
capacity,0,116,3.739346982911229,0.31044590286910534,0.00010011717677116394,3.7394471000880003,0.43564167292788625,True,0.06273007095151667,False
capacity,0,117,3.7270640023052692,0.3098039887845516,9.010545909404755e-05,3.7271541077643633,0.4393927529454231,True,0.11825370322879471,False
capacity,0,118,3.6906348541378975,0.31071598641574383,0.00011012889444828033,3.6907449830323458,0.44310669181868434,True,0.06333744073736737,False
capacity,0,119,3.7089900579303503,0.316116027534008,9.988434612751007e-05,3.709089942276478,0.44683919684030116,True,0.068361795139378,False
capacity,0,120,3.9442130364477634,0.31066592782735825,0.00010104849934577942,3.9443140849471092,0.45080717490054667,True,0.13687387742882393,False
capacity,0,121,3.7135379388928413,0.31056604348123074,9.988434612751007e-05,3.713637823238969,0.4545442177914083,True,0.11420777780498767,False
capacity,0,122,3.8291970267891884,0.31135696917772293,0.00010104849934577942,3.829298075288534,0.45839681988582015,True,0.1605138650483188,False
capacity,0,123,3.740929998457432,0.3181002102792263,8.987262845039368e-05,3.741019871085882,0.46216495078988373,True,0.09631816821089109,False
capacity,0,124,3.721103072166443,0.3195230383425951,8.987262845039368e-05,3.7211929447948933,0.4659107408951968,True,0.046687574324099514,False
capacity,0,125,3.7067560479044914,0.3148149698972702,8.987262845039368e-05,3.706845920532942,0.469641120871529,True,0.05896268491657893,False
capacity,0,126,3.707597032189369,0.3165369853377342,9.988434612751007e-05,3.7076969165354967,0.47337290388531983,True,0.05284329935139865,False
capacity,0,127,3.7030589301139116,0.316777965053916,0.00010989606380462646,3.7031688261777163,0.4770994468126446,True,0.03774915182517058,False
capacity,0,128,3.730881027877331,0.32341014593839645,0.00010081566870212555,3.730981843546033,0.48085434385575354,True,0.04225719604103651,False
capacity,0,129,3.724178997799754,0.31622685492038727,0.00012014061212539673,3.7242991384118795,0.48460285901091993,True,0.042207129461147005,False
capacity,0,130,3.7535340525209904,0.31772907823324203,7.008202373981476e-05,3.75360413454473,0.4883813299238682,True,0.052541194144467965,False
capacity,0,131,3.707716939970851,0.3201640211045742,0.00011106021702289581,3.707828000187874,0.4921127618290484,True,0.13659456432355271,False
capacity,0,132,3.7181179504841566,0.3196739125996828,9.010545909404755e-05,3.7182080559432507,0.4958547449205071,True,0.09239309555560637,False
capacity,0,133,3.7109339609742165,0.31675794161856174,8.009374141693115e-05,3.7110140547156334,0.4995889419224113,True,0.058018401341680174,False
capacity,0,134,3.7240388337522745,0.3180599305778742,0.00010011717677116394,3.7241389509290457,0.503337426809594,True,0.019980046786125468,False
capacity,0,135,3.7050419487059116,0.3155448939651251,9.010545909404755e-05,3.7051320541650057,0.5070663138758391,True,0.03980176002412545,False
capacity,0,136,3.723597154021263,0.3210261929780245,8.987262845039368e-05,3.7236870266497135,0.5108133959583938,True,0.04865685869287586,False
capacity,0,137,3.708608914166689,0.31451391987502575,0.00010989606380462646,3.7087188102304935,0.5145452488213778,True,0.05296344388352931,False
capacity,0,138,3.7241890095174313,0.31160819344222546,9.988434612751007e-05,3.7242888938635588,0.5182931728195399,True,0.1063785386938749,False
capacity,0,139,3.703489899635315,0.3130207769572735,9.010545909404755e-05,3.703580005094409,0.5220232529100031,True,0.07976769277944422,False
capacity,0,140,3.712737001478672,0.3194131422787905,7.986091077327728e-05,3.7128168623894453,0.5257593737915158,True,0.07003102061739068,False
capacity,0,141,3.7454089615494013,0.3133518621325493,0.00012014061212539673,3.7455291021615267,0.5295282069128007,True,0.08163481082646534,False
capacity,0,142,3.7238679360598326,0.31298096291720867,0.00010989606380462646,3.723977832123637,0.5332758098375052,True,0.06477385140727955,False
capacity,0,143,3.8974450435489416,0.3166371025145054,0.00011990778148174286,3.8975649513304234,0.5371965088415891,True,0.09354522600307189,False
capacity,0,144,3.721583867445588,0.32637594267725945,9.010545909404755e-05,3.721673972904682,0.5409426598343998,True,0.09156414207434026,False
capacity,0,145,3.7254609633237123,0.31975284218788147,0.00011012889444828033,3.7255710922181606,0.5446915349457413,True,0.06525209853035971,False
capacity,0,146,3.706064075231552,0.31415303237736225,0.00010989606380462646,3.7061739712953568,0.5484208129346371,True,0.12040809798621827,False
capacity,0,147,3.739928128197789,0.3120789770036936,9.103678166866302e-05,3.740019164979458,0.5521841959562153,True,0.1456875004137683,False
capacity,0,148,3.7109730765223503,0.3179300110787153,0.00011990778148174286,3.711092984303832,0.5559193349909037,True,0.07962638645970473,False
capacity,0,149,3.7186278495937586,0.31334091909229755,0.00010011717677116394,3.7187279667705297,0.5596630608197302,True,0.11848683892388567,False
capacity,0,150,3.696837928146124,0.3110768739134073,9.010545909404755e-05,3.696928033605218,0.5633839338552207,True,0.10932172094428859,False
capacity,0,151,3.7184779066592455,0.31376187689602375,0.00010011717677116394,3.7185780238360167,0.5671264769043773,True,0.0863738802398017,False
capacity,0,152,3.7633918691426516,0.3237910568714142,8.102506399154663e-05,3.763472894206643,0.5709129828028381,True,0.08003292884762415,False
capacity,0,153,3.739918116480112,0.3188119735568762,0.00010989606380462646,3.7400280125439167,0.5746766759548336,True,0.049017683296632406,False
capacity,0,154,3.7159330677241087,0.31885202042758465,9.988434612751007e-05,3.716032952070236,0.5784162739291787,True,0.06027504098071495,False
capacity,0,155,3.7099008914083242,0.31894189305603504,0.00011012889444828033,3.7100110203027725,0.5821497398428619,True,0.06930842162907452,False
capacity,0,156,3.7611089646816254,0.3246630076318979,9.010545909404755e-05,3.7611990701407194,0.5859339928720146,True,0.10438220341912133,False
capacity,0,157,3.7524120416492224,0.3252839669585228,0.00011106021702289581,3.7525231018662453,0.58971021999605,True,0.15363664007096278,False
capacity,0,158,3.791375085711479,0.3176990430802107,8.987262845039368e-05,3.7914649583399296,0.5935249589383602,True,0.18795062516833427,False
capacity,0,159,3.7535440642386675,0.3162871580570936,8.987262845039368e-05,3.753633936867118,0.597301886882633,True,0.062408647859111016,False
capacity,0,160,3.893478075042367,0.316377030685544,0.00010989606380462646,3.8935879711061716,0.601219069911167,True,0.07736855954933979,False
capacity,0,161,3.722294932231307,0.3232099115848541,9.988434612751007e-05,3.7223948165774345,0.6049655408132821,True,0.07336153111616671,False
capacity,0,162,3.729528049007058,0.32167695462703705,8.102506399154663e-05,3.7296090740710497,0.6087186539079994,True,0.1581202682137653,False
capacity,0,163,3.7560288328677416,0.3149739932268858,0.00010011717677116394,3.7561289500445127,0.6124987287912518,True,0.08687219188304,False
capacity,0,164,3.716754959896207,0.3145940136164427,0.00011012889444828033,3.716865088790655,0.6162400399334729,True,0.04939798307489255,False
capacity,0,165,4.001542227342725,0.32269908115267754,0.00011990778148174286,4.0016621351242065,0.620271418010816,True,0.10651366199191885,False
capacity,0,166,3.7052729167044163,0.3205148968845606,0.00010989606380462646,3.705382812768221,0.6240005458239466,True,0.07674392528446969,False
capacity,0,167,3.7552069406956434,0.31888182274997234,0.00010011717677116394,3.7553070578724146,0.6277794179040939,True,0.060749423146383964,False
capacity,0,168,3.7122368812561035,0.31423289328813553,0.00011012889444828033,3.712347010150552,0.6315151487942785,True,0.12510231752886247,False
capacity,0,169,3.7527030799537897,0.3122601192444563,9.988434612751007e-05,3.752802964299917,0.635291094891727,True,0.06814795922720301,False
capacity,0,170,3.7379348650574684,0.3126198425889015,9.010545909404755e-05,3.7380249705165625,0.6390523638110608,True,0.12023868219242706,False
capacity,0,171,3.6907459143549204,0.3178599290549755,0.00010989606380462646,3.690855810418725,0.6427664638031274,True,0.06900649108979852,False
capacity,0,172,3.69123718701303,0.3135320730507374,8.987262845039368e-05,3.6913270596414804,0.6464807440061122,True,0.03364154426683917,False
capacity,0,173,4.117580829188228,0.31348178163170815,0.00010011717677116394,4.117680946364999,0.6506220088340342,True,0.09522952030336457,False
capacity,0,174,3.7069960962980986,0.3143430221825838,9.988434612751007e-05,3.707095980644226,0.6543527799658477,True,0.08743999635668279,False
capacity,0,175,3.7349690683186054,0.31687808223068714,0.00010081566870212555,3.7350698839873075,0.6581111438572407,True,0.04339445599957766,False
capacity,0,176,3.9130649529397488,0.3221479710191488,0.00011990778148174286,3.9131848607212305,0.6620477428659797,True,0.05503167733832143,False
capacity,0,177,3.7496769800782204,0.3294120542705059,0.00010011717677116394,3.7497770972549915,0.6658237199299037,True,0.02483383268292338,False
capacity,0,178,3.750147996470332,0.31892210245132446,0.00010989606380462646,3.7502578925341368,0.6695985537953675,True,0.03041716219004914,False
capacity,0,179,3.7013250403106213,0.31912210397422314,9.988434612751007e-05,3.7014249246567488,0.6733241649344563,True,0.03044565246117464,False
capacity,0,180,3.703810041770339,0.3194629680365324,9.010545909404755e-05,3.703900147229433,0.6770510589703918,True,0.04012495852917799,False
capacity,0,181,3.6869491450488567,0.3237510100007057,9.988434612751007e-05,3.6870490293949842,0.6807618329767138,True,0.03501292740427759,False
capacity,0,182,3.7422531750053167,0.3167979884892702,0.00011990778148174286,3.7423730827867985,0.684527639998123,True,0.0342733520129743,False
capacity,0,183,3.758813953027129,0.3175989259034395,9.010545909404755e-05,3.758904058486223,0.688309647841379,True,0.13671040777467341,False
capacity,0,184,3.7096720188856125,0.31715910881757736,0.00011990778148174286,3.7097919266670942,0.6920440758112818,True,0.07803236709225277,False
capacity,0,185,3.763173008337617,0.32029510475695133,7.008202373981476e-05,3.7632430903613567,0.6958308129105717,True,0.0712474139638286,False
capacity,0,186,3.701444948092103,0.31632697209715843,0.00010011717677116394,3.701545065268874,0.6995556119363755,True,0.029752163934161552,False
capacity,0,187,3.738255938515067,0.31733885407447815,9.010545909404755e-05,3.738346043974161,0.703317642910406,True,0.027488201215922117,False
capacity,0,188,3.6999331787228584,0.31602708622813225,9.988434612751007e-05,3.700033063068986,0.7070411599706858,True,0.04707822661348066,False
capacity,0,189,3.7082689814269543,0.32411213032901287,9.988434612751007e-05,3.708368865773082,0.7107726228423417,True,0.04257851386222863,False
capacity,0,190,3.700102912262082,0.31360192224383354,8.009374141693115e-05,3.700183006003499,0.7144958889111876,True,0.05275653765144264,False
capacity,0,191,3.7588949780911207,0.31591602601110935,0.00010011717677116394,3.758995095267892,0.7182778979185969,True,0.05360376355859888,False
capacity,0,192,3.7064049392938614,0.3126799128949642,0.00011012889444828033,3.7065150681883097,0.7220082879066467,True,0.05125059100687962,False
capacity,0,193,3.708168165758252,0.32126600854098797,0.00010081566870212555,3.7082689814269543,0.7257396399509162,True,0.037841835609313944,False
capacity,0,194,3.7218539509922266,0.3166471142321825,9.988434612751007e-05,3.721953835338354,0.729485138785094,True,0.030682144873256344,False
capacity,0,195,3.695795079693198,0.31837099231779575,0.00011012889444828033,3.6959052085876465,0.7332041379995644,True,0.027771305586601777,False
capacity,0,196,3.7298090755939484,0.32456195913255215,0.00012107193470001221,3.7299301475286484,0.7369571309536695,True,0.08264651584897018,False
capacity,0,197,3.7157030310481787,0.32388116233050823,9.988434612751007e-05,3.715802915394306,0.7406966388225555,True,0.018289331880007496,False
capacity,0,198,3.6868490278720856,0.3195840399712324,0.00011990778148174286,3.6869689356535673,0.7444067008327693,True,0.03736964910038433,False
capacity,0,199,3.6980591248720884,0.31918217428028584,9.988434612751007e-05,3.698159009218216,0.7481282139196992,True,0.021341400018988897,False
capacity,0,200,3.7470520474016666,0.3221880178898573,0.00010011717677116394,3.747152164578438,0.7518988410010934,True,0.03230493070735621,False
capacity,0,201,3.7015557754784822,0.31558587215840816,0.00011012889444828033,3.7016659043729305,0.7556254637893289,True,0.09925300948847456,False
capacity,0,202,3.6955138202756643,0.3132608253508806,9.010545909404755e-05,3.6956039257347584,0.7593446928076446,True,0.05444982884082383,False
capacity,0,203,3.7159030325710773,0.3128401003777981,0.00011082738637924194,3.7160138599574566,0.7630839708726853,True,0.05581045873729334,False
capacity,0,204,3.705342998728156,0.31847087666392326,0.00010104849934577942,3.705444047227502,0.7668129790108651,True,0.06740239841547314,False
capacity,0,205,3.7227049469947815,0.31410204246640205,0.00011106021702289581,3.7228160072118044,0.7705595288425684,True,0.04036481062907878,False
capacity,0,206,3.6916579119861126,0.3139928448945284,8.009374141693115e-05,3.6917380057275295,0.7742750318720937,True,0.10403911173037916,False
capacity,0,207,3.6883919965475798,0.31570601277053356,0.00011012889444828033,3.688502125442028,0.7779865369666368,True,0.10882656993418247,False
capacity,0,208,3.724959911778569,0.3179099876433611,0.00010989606380462646,3.725069807842374,0.7817362127825618,True,0.07226010443257645,False
capacity,0,209,3.761769039556384,0.3136519808322191,0.00010989606380462646,3.7618789356201887,0.7855215568561107,True,0.0789410558208605,False
capacity,0,210,3.741973079741001,0.31358213163912296,9.988434612751007e-05,3.7420729640871286,0.7892872348893434,True,0.05403693956415909,False
capacity,0,211,3.689151955768466,0.3146938979625702,9.010545909404755e-05,3.68924206122756,0.7929997809696943,True,0.2018353542525056,False
capacity,0,212,3.732183016836643,0.31838100403547287,9.010545909404755e-05,3.7322731222957373,0.7967555189970881,True,0.10741711246774266,False
capacity,0,213,4.061565035954118,0.31228899024426937,9.010545909404755e-05,4.061655141413212,0.8008405789732933,True,0.06264301285349212,False
capacity,0,214,3.724609035998583,0.31269993633031845,9.010545909404755e-05,3.724699141457677,0.804589353967458,True,0.10241354372849307,False
capacity,0,215,3.708689007908106,0.3140231128782034,9.988434612751007e-05,3.7087888922542334,0.8083216778468341,True,0.056659922236780215,False
capacity,0,216,3.8847019895911217,0.314133008942008,0.00010989606380462646,3.8848118856549263,0.8122300948016346,True,0.04270023746256229,False
capacity,0,217,3.7061250768601894,0.32141711562871933,0.00010989606380462646,3.706234972923994,0.8159602049272507,True,0.052832907578748464,False
capacity,0,218,3.960144007578492,0.32161688432097435,9.010545909404755e-05,3.960234113037586,0.8199438529554754,True,0.07809555419363215,False
capacity,0,219,4.639205988496542,0.3251240123063326,8.987262845039368e-05,4.639295861124992,0.8246086768340319,True,0.046025904288714545,False
capacity,0,220,3.997173858806491,0.317959813401103,0.00011012889444828033,3.997283987700939,0.8286311188712716,True,0.04479957104158099,False
capacity,0,221,3.954343032091856,0.31528505496680737,0.00010989606380462646,3.9544529281556606,0.8326103389263153,True,0.04803626985035438,False
capacity,0,222,3.9762440137565136,0.316025922074914,0.00011012889444828033,3.976354142650962,0.836610839003697,True,0.0855462680364953,False
capacity,0,223,3.9774971082806587,0.31331111676990986,8.987262845039368e-05,3.977586980909109,0.8406127719208598,True,0.02973002690183005,False
capacity,0,224,3.9441941771656275,0.31484407372772694,9.988434612751007e-05,3.944294061511755,0.8445812819991261,True,0.037034899979863325,False
capacity,0,225,3.963280003517866,0.3137621097266674,7.986091077327728e-05,3.9633598644286394,0.8485685668420047,True,0.1158702426444506,False
capacity,0,226,3.9681990165263414,0.31446292996406555,0.0001310836523771286,3.9683301001787186,0.8525603909511119,True,0.028095089761939526,False
capacity,0,227,3.9571281522512436,0.3159560728818178,0.00010104849934577942,3.9572292007505894,0.8565416249912232,True,0.017390150290243486,False
capacity,0,228,3.991594072431326,0.31356210820376873,9.988434612751007e-05,3.9916939567774534,0.8605578648857772,True,0.0885309926763052,False
capacity,0,229,3.9604848716408014,0.31541590578854084,8.009374141693115e-05,3.9605649653822184,0.864543005824089,True,0.06332165005533742,False
capacity,0,230,3.9685589727014303,0.3140720073133707,0.00010104849934577942,3.968660021200776,0.8685362618416548,True,0.03182680389423438,False
capacity,0,231,3.9553148671984673,0.3156759776175022,9.010545909404755e-05,3.9554049726575613,0.8725163238123059,True,0.08689441631323253,False
capacity,0,232,3.9435019716620445,0.3156149759888649,8.987262845039368e-05,3.943591844290495,0.8764844927936792,True,0.021061363552246484,False
capacity,0,233,3.963269991800189,0.31608715653419495,0.0002498272806406021,3.9635198190808296,0.8804719988256693,True,0.06113093624205454,False
capacity,0,234,3.9771259762346745,0.32284902408719063,0.00011106021702289581,3.9772370364516973,0.8844738418702036,True,0.020634082735261065,False
capacity,0,235,3.9638809394091368,0.3185009118169546,0.00010104849934577942,3.9639819879084826,0.888461978873238,True,0.013428230572069271,False
capacity,0,236,3.955516032874584,0.32003503292798996,9.010545909404755e-05,3.9556061383336782,0.8924423309508711,True,0.010288321124767028,False
capacity,0,237,3.9938068948686123,0.3190920688211918,0.00012107193470001221,3.9939279668033123,0.8964598427992314,True,0.015709570559914034,False
capacity,0,238,3.9581400342285633,0.3160168416798115,9.010545909404755e-05,3.9582301396876574,0.9004413969814777,True,0.07660370402804381,False
capacity,0,239,4.057919140905142,0.31673815101385117,9.988434612751007e-05,4.058019025251269,0.904523110948503,True,0.05767576518902487,False
capacity,0,240,3.957388922572136,0.3158769104629755,0.00011012889444828033,3.957499051466584,0.908504013903439,True,0.018391670538306308,False
capacity,0,241,3.9462479762732983,0.3168981056660414,8.987262845039368e-05,3.9463378489017487,0.912473966833204,True,0.047291400820884864,False
capacity,0,242,3.9758230559527874,0.31750905327498913,9.988434612751007e-05,3.975922940298915,0.9164730939082801,True,0.03054535245064268,False
capacity,0,243,4.042669897899032,0.3182298969477415,0.00010011717677116394,4.042770015075803,0.9205398398917168,True,0.02657110848111272,False
capacity,0,244,3.964812960475683,0.3201449289917946,0.00010011717677116394,3.9649130776524544,0.9245288278907537,True,0.030830998369191922,False
capacity,0,245,3.9718160405755043,0.317620113492012,9.988434612751007e-05,3.971915924921632,0.9285245689097792,True,0.022699099935614114,False
capacity,0,246,3.9607048965990543,0.31836098060011864,9.010545909404755e-05,3.9607950020581484,0.9325084378942847,True,0.027674877155005606,False
capacity,0,247,3.9576799608767033,0.3212869632989168,0.00010011717677116394,3.9577800780534744,0.9364899329375476,True,0.012063554714807386,False
capacity,0,248,3.9676979649811983,0.32132607884705067,9.103678166866302e-05,3.967789001762867,0.9404820168856531,True,0.00972641346441777,False
capacity,0,249,3.955444786697626,0.32209791243076324,0.00010104849934577942,3.955545835196972,0.9444606557954103,True,0.015537128792774682,False
capacity,0,250,3.948291065171361,0.31605595722794533,9.103678166866302e-05,3.9483821019530296,0.9484325719531626,True,0.046923853898206996,False
capacity,0,251,3.9727678522467613,0.3162368666380644,0.00011106021702289581,3.972878912463784,0.9524284438230097,True,0.06640705336426417,False
capacity,0,252,3.9406968280673027,0.31595584005117416,0.00010104849934577942,3.9407978765666485,0.9563934768084437,True,0.10529833609726148,False
capacity,0,253,4.010259173810482,0.3152349963784218,8.987262845039368e-05,4.010349046438932,0.9604272099677473,True,0.17272468112780232,False
capacity,0,254,3.9661850314587355,0.31615584157407284,0.00010104849934577942,3.9662860799580812,0.964416678994894,True,0.0532553809657761,False
capacity,0,255,3.977005835622549,0.31521497294306755,0.00010011717677116394,3.97710595279932,0.9684173997957259,True,0.06432759169436864,False
capacity,1,0,3.6398700904101133,0.30923401936888695,7.008202373981476e-05,3.639940172433853,0.0036556001286953688,False,,
capacity,1,1,3.628077916800976,0.3143339417874813,0.00013015232980251312,3.6282080691307783,0.007306209998205304,False,,
capacity,1,2,3.6331769078969955,0.30735996551811695,0.00012107193470001221,3.6332979798316956,0.010962239932268858,False,,
capacity,1,3,3.6361829843372107,0.3054770641028881,0.00012991949915885925,3.6363129038363695,0.014621024951338768,False,,
capacity,1,4,3.645010059699416,0.3134319558739662,0.00012991949915885925,3.645139979198575,0.018287966027855873,False,,
capacity,1,5,3.6813069600611925,0.3076898865401745,0.00012107193470001221,3.6814280319958925,0.021991454996168613,False,,
capacity,1,6,3.674084087833762,0.30811200849711895,0.00013993121683597565,3.674224019050598,0.02568837208673358,False,,
capacity,1,7,3.6644660867750645,0.31468411907553673,0.00013993121683597565,3.6646060179919004,0.029375571059063077,False,,
capacity,1,8,3.6599370650947094,0.30575692653656006,0.00014086253941059113,3.66007792763412,0.03305789106525481,False,,
capacity,1,9,3.647373989224434,0.2995461691170931,0.00012991949915885925,3.6475039087235928,0.03672817791812122,False,,
capacity,1,10,3.6386980209499598,0.30363304540514946,0.00014016404747962952,3.6388381849974394,0.04038985911756754,False,,
capacity,1,11,3.630561986938119,0.29865396209061146,0.00013993121683597565,3.630701918154955,0.044043333968147635,False,,
capacity,1,12,3.6247409880161285,0.2990651410073042,0.00011990778148174286,3.6248608957976103,0.047690476989373565,False,,
capacity,1,13,3.6588460206985474,0.30651921406388283,0.00013993121683597565,3.6589859519153833,0.05137209594249725,False,,
capacity,1,14,3.6334579344838858,0.303592998534441,0.00014016404747962952,3.6335980985313654,0.055028517032042146,False,,
capacity,1,15,3.9286951068788767,0.3045550547540188,0.00012991949915885925,3.9288250263780355,0.05897972406819463,False,,
capacity,1,16,3.9050099439918995,0.30618789605796337,0.00014994293451309204,3.9051598869264126,0.06290838797576725,False,,
capacity,1,17,4.001362016424537,0.30704005621373653,0.00013993121683597565,4.001501947641373,0.06693286402150989,False,,
capacity,1,18,3.9210200775414705,0.30950410291552544,0.00012991949915885925,3.9211499970406294,0.07087736809626222,False,,
capacity,1,19,3.68164898827672,0.310937175527215,0.00013993121683597565,3.681788919493556,0.07458172994665802,False,,
capacity,1,20,3.661088878288865,0.31313090585172176,0.00012014061212539673,3.6612090189009905,0.07826555194333196,False,,
capacity,1,21,3.7742131389677525,0.3074000123888254,0.00014086253941059113,3.774354001507163,0.0820622080937028,False,,
capacity,1,22,3.670928068459034,0.30779000371694565,0.00014086253941059113,3.6710689309984446,0.08575587905943394,False,,
capacity,1,23,3.6682230420410633,0.31491415575146675,0.00013993121683597565,3.6683629732578993,0.08944641402922571,False,,
capacity,1,24,3.678882960230112,0.30787079595029354,0.00012107193470001221,3.679004032164812,0.09314781008288264,False,,
capacity,1,25,3.694092156365514,0.3096850123256445,0.00011990778148174286,3.6942120641469955,0.0968639231286943,False,,
capacity,1,26,3.6814978811889887,0.3110568504780531,0.00012107193470001221,3.6816189531236887,0.10056786402128637,False,,
capacity,1,27,3.6761779338121414,0.3255337942391634,0.00012014061212539673,3.676298074424267,0.10426630405709147,False,,
capacity,1,28,3.691356861963868,0.3229798749089241,0.00013993121683597565,3.691496793180704,0.10798003291711211,False,,
capacity,1,29,3.691106103360653,0.32277917489409447,0.00014086253941059113,3.6912469659000635,0.11169332102872431,False,,
capacity,1,30,4.151124972850084,0.32729795202612877,0.00013015232980251312,4.151255125179887,0.11586667806841433,False,,
capacity,1,31,3.7047620862722397,0.3236511256545782,0.00014994293451309204,3.7049120292067528,0.11959413206204772,False,,
capacity,1,32,3.704350907355547,0.3295720089226961,0.000141095370054245,3.704492002725601,0.12332093599252403,False,,
capacity,1,33,4.105629166588187,0.32259919680655,0.00013993121683597565,4.105769097805023,0.12744953809306026,False,,
capacity,1,34,4.4022779911756516,0.3408431075513363,0.00014086253941059113,4.402418853715062,0.1318812419194728,False,,
capacity,1,35,4.191250074654818,0.34413905814290047,0.0001310836523771286,4.191381158307195,0.13610307010821998,True,0.01225987048930153,False
capacity,1,36,4.094247007742524,0.32861996442079544,0.00014016404747962952,4.094387171790004,0.14022752409800887,True,0.012229499744197276,False
capacity,1,37,4.082825966179371,0.329683069139719,0.00012991949915885925,4.08295588567853,0.14433849300257862,True,0.007336335832365875,False
capacity,1,38,4.046146059408784,0.32750796526670456,0.0001310836523771286,4.046277143061161,0.14841205114498734,True,0.005437957480609162,False
capacity,1,39,4.202712094411254,0.3331380430608988,0.00012083910405635834,4.20283293351531,0.15264281607232988,True,0.006710618777870863,False
capacity,1,40,3.934534965083003,0.33718603663146496,0.0001310836523771286,3.93466604873538,0.15660485299304128,True,0.009528751722264882,False
capacity,1,41,3.8016249891370535,0.33664493821561337,0.00012991949915885925,3.8017549086362123,0.16043492197059095,True,0.011947936844858635,False
capacity,1,42,3.77096701413393,0.3251738380640745,0.00012014061212539673,3.7710871547460556,0.16423240909352899,True,0.008701071844606924,False
capacity,1,43,3.8528121076524258,0.32599596306681633,0.00012991949915885925,3.8529420271515846,0.16811242210678756,True,0.11314047632017132,False
capacity,1,44,3.8305087946355343,0.33026281744241714,0.00012014061212539673,3.8306289352476597,0.17197181493975222,True,0.06967681040920592,False
capacity,1,45,3.8459678180515766,0.3677038475871086,0.00017113052308559418,3.846138948574662,0.1758464479353279,True,0.1439219284753002,False
capacity,1,46,3.9186158683151007,0.3209959249943495,0.00012991949915885925,3.9187457878142595,0.17979093291796744,True,0.0961186155346383,False
capacity,1,47,3.9372011087834835,0.3311550244688988,0.00014994293451309204,3.9373510517179966,0.18376555410213768,True,0.04510630517935071,False
capacity,1,48,3.920558840036392,0.3459129948168993,0.00028102658689022064,3.9208398666232824,0.1877271409612149,True,0.024396779025473502,False
capacity,1,49,3.946067066863179,0.3356130328029394,0.00012014061212539673,3.9461872074753046,0.1917024131398648,True,0.019302071031683972,False
capacity,1,50,3.9550650399178267,0.34103402867913246,0.00011990778148174286,3.9551849476993084,0.19568602205254138,True,0.019141878322176415,False
capacity,1,51,4.28951601497829,0.3346020821481943,0.00010989606380462646,4.289625911042094,0.20000275899656117,True,0.021308750904048896,False
capacity,1,52,3.9262399077415466,0.34257699735462666,0.00014994293451309204,3.9263898506760597,0.2039599169511348,True,0.07471006854140885,False
capacity,1,53,3.798880148679018,0.3295519854873419,0.00018998980522155762,3.7990701384842396,0.20778928510844707,True,0.12141691013985191,False
capacity,1,54,3.7877389695495367,0.32552494667470455,0.00014994293451309204,3.78788891248405,0.21161139803007245,True,0.06459332565214011,False
capacity,1,55,3.785985056310892,0.33275806345045567,0.00010104849934577942,3.786086104810238,0.21542376303113997,True,0.03798289789113414,False
capacity,1,56,3.984960028901696,0.32830890268087387,0.00016111880540847778,3.9851211477071047,0.2194347830954939,True,0.0778131288045933,False
capacity,1,57,3.7585541140288115,0.3251240123063326,0.00013993121683597565,3.7586940452456474,0.22321944613941014,True,0.044110848350034454,False
capacity,1,58,3.766539040952921,0.32201805151998997,0.00011990778148174286,3.7666589487344027,0.22701071202754974,True,0.022986368001654635,False
capacity,1,59,3.900670912116766,0.32749795354902744,0.00013993121683597565,3.900810843333602,0.23093803296796978,True,0.023774473422396605,False
capacity,1,60,4.399032099172473,0.3424459137022495,0.00012991949915885925,4.399162018671632,0.23536378610879183,True,0.023290015297718007,False
capacity,1,61,4.347564885392785,0.34395884722471237,0.0001310836523771286,4.347695969045162,0.23974009603261948,True,0.1893656785189283,False
capacity,1,62,4.0178929921239614,0.3401520662009716,0.00012991949915885925,4.01802291162312,0.2437879149802029,True,0.14582276647696532,False
capacity,1,63,3.752873046323657,0.32629608176648617,0.00013993121683597565,3.753012977540493,0.24757329002022743,True,0.09070840130003502,False
capacity,1,64,3.7681320682168007,0.3280090168118477,0.00011990778148174286,3.7682519759982824,0.2513656869996339,True,0.15317393805731047,False
capacity,1,65,3.8872361183166504,0.3234599716961384,0.00012083910405635834,3.8873569574207067,0.255277079064399,True,0.09458856321510305,False
capacity,1,66,3.7531328853219748,0.32296893186867237,0.0001310836523771286,3.753263968974352,0.25905376696027815,True,0.07085293387604445,False
capacity,1,67,3.7550257984548807,0.3236099146306515,0.00012107193470001221,3.7551468703895807,0.2628320169169456,True,0.04539707084853285,False
capacity,1,68,3.9355570916086435,0.32073515467345715,0.00013085082173347473,3.935687942430377,0.2667909290175885,True,0.027509273331981478,False
capacity,1,69,3.879391122609377,0.33793807961046696,0.00012991949915885925,3.8795210421085358,0.2707012491300702,True,0.023875570376089523,False
capacity,1,70,3.726232796907425,0.3267768770456314,0.00014016404747962952,3.7263729609549046,0.27445188793353736,True,0.038260787354053784,False
capacity,1,71,3.706594929099083,0.3266669809818268,0.00012014061212539673,3.7067150697112083,0.278181707020849,True,0.07792377073950463,False
capacity,1,72,3.732674987986684,0.3183409571647644,0.00012991949915885925,3.7328049074858427,0.281937015010044,True,0.04585175154891526,False
capacity,1,73,3.99430887773633,0.32756803557276726,0.00011012889444828033,3.9944190066307783,0.2859537759795785,True,0.03626142895803348,False
capacity,1,74,3.784622997045517,0.31867087818682194,0.00011990778148174286,3.7847429048269987,0.2897612820379436,True,0.048934248340535155,False
capacity,1,75,3.97694599814713,0.32735802233219147,0.00012991949915885925,3.977075917646289,0.2937608000356704,True,0.056997602212304314,False
capacity,1,76,4.025829024612904,0.32917200587689877,0.00014016404747962952,4.025969188660383,0.2978117261081934,True,0.12942964408001087,False
capacity,1,77,4.098895937204361,0.3372160717844963,0.00012991949915885925,4.09902585670352,0.3019368809182197,True,0.07712547327854744,False
capacity,1,78,3.9765650872141123,0.32280897721648216,0.00013993121683597565,3.9767050184309483,0.30594109813682735,True,0.02563377359581541,False
capacity,1,79,3.9646730292588472,0.3219780046492815,0.00015995465219020844,3.9648329839110374,0.3099308779928833,True,0.0509435599932384,False
capacity,1,80,3.9520191494375467,0.3197041805833578,0.00012991949915885925,3.9521490689367056,0.3139067920856178,True,0.08349853239085253,False
capacity,1,81,4.03580698184669,0.32403203658759594,0.00013015232980251312,4.035937134176493,0.3179670050740242,True,0.049177003758942114,False
capacity,1,82,3.9744109380990267,0.3223479725420475,0.0001310836523771286,3.974542021751404,0.3219651610124856,True,0.05100533248322893,False
capacity,1,83,3.9699331391602755,0.31923316419124603,0.00013993121683597565,3.9700730703771114,0.3259582871105522,True,0.080344005283614,False
capacity,1,84,3.982746973633766,0.32490305602550507,0.00010989606380462646,3.982856869697571,0.3299635259900242,True,0.029516762461957103,False
capacity,1,85,3.9598639123141766,0.3181309439241886,0.00016996636986732483,3.960033878684044,0.3339467439800501,True,0.035363300080404794,False
capacity,1,86,3.971475875005126,0.3182007931172848,0.00012014061212539673,3.9715960156172514,0.337942305020988,True,0.09671838611510575,False
capacity,1,87,3.946607932448387,0.31612603925168514,0.00013993121683597565,3.946747863665223,0.3419117860030383,True,0.05450811847718774,False
capacity,1,88,3.9361489471048117,0.3153348807245493,0.00012014061212539673,3.936269087716937,0.34587082802318037,True,0.05708748878991665,False
capacity,1,89,3.818076103925705,0.3163069486618042,0.000141095370054245,3.818217199295759,0.3497120081447065,True,0.06555503900541793,False
capacity,1,90,3.705363953486085,0.3205148968845606,0.00012014061212539673,3.7054840940982103,0.35344056505709887,True,0.06357460174271229,False
capacity,1,91,3.705604001879692,0.3150950651615858,0.00013993121683597565,3.705743933096528,0.3571688609663397,True,0.05061884341572365,False
capacity,1,92,3.7276148796081543,0.31527504324913025,0.00012991949915885925,3.727744799107313,0.36091916891746223,True,0.06029075530346539,False
capacity,1,93,3.7035399582237005,0.31420309096574783,0.00011990778148174286,3.7036598660051823,0.36464543198235333,True,0.08178216044792189,False
capacity,1,94,3.8423510268330574,0.3200338687747717,0.0001310836523771286,3.8424821104854345,0.3685105061158538,True,0.09370568940998567,False
capacity,1,95,3.708068048581481,0.3184510860592127,0.00014994293451309204,3.708217991515994,0.37224113708361983,True,0.05199138453651093,False
capacity,1,96,3.6987499333918095,0.3127399832010269,0.0001310836523771286,3.6988810170441866,0.375962259946391,True,0.0625063245065248,False
capacity,1,97,3.6912059877067804,0.31598610803484917,0.00014994293451309204,3.6913559306412935,0.37967610894702375,True,0.054778048907430994,False
capacity,1,98,3.7239380180835724,0.3215670585632324,0.00012991949915885925,3.7240679375827312,0.3834225800819695,True,0.06748759290471087,False
capacity,1,99,3.7020568270236254,0.3141229972243309,0.00013015232980251312,3.702186979353428,0.3871472799219191,True,0.10187612845615238,False
capacity,1,100,3.7012959364801645,0.3157558385282755,0.00012014061212539673,3.70141607709229,0.390870938077569,True,0.1315203993388125,False
capacity,1,101,3.748595016077161,0.3148240502923727,0.00012107193470001221,3.748716088011861,0.3946418750565499,True,0.08049001645678419,False
capacity,1,102,3.9871251210570335,0.32051512971520424,0.00012991949915885925,3.9872550405561924,0.3986516820732504,True,0.07188884699382003,False
capacity,1,103,3.7685418501496315,0.3261349629610777,0.000141095370054245,3.7686829455196857,0.40244312793947756,True,0.05894711981572085,False
capacity,1,104,3.7135181482881308,0.3174389712512493,0.00013085082173347473,3.7136489991098642,0.4061793191358447,True,0.03417830714589885,False
capacity,1,105,3.7164350505918264,0.3171891439706087,0.00011990778148174286,3.716554958373308,0.4099186169914901,True,0.08840090213017258,False
capacity,1,106,3.763020969927311,0.31835981644690037,0.0001310836523771286,3.763152053579688,0.4137043810915202,True,0.04313421052097944,False
capacity,1,107,3.7222448736429214,0.32456289045512676,0.00013015232980251312,3.722375025972724,0.41744928900152445,True,0.04723246398005121,False
capacity,1,108,3.735339967533946,0.31859101727604866,0.00013993121683597565,3.735479898750782,0.42120767291635275,True,0.06600788520135656,False
capacity,1,109,3.6997220013290644,0.31714816577732563,0.00012991949915885925,3.6998519208282232,0.4249298069626093,True,0.05611389549092964,False
capacity,1,110,3.736751852557063,0.3177288454025984,0.0001310836523771286,3.7368829362094402,0.42868892196565866,True,0.04730167228357672,False
capacity,1,111,3.890041960403323,0.3217968624085188,0.000141095370054245,3.8901830557733774,0.43260154710151255,True,0.06474323252288626,False
capacity,1,112,3.7150008138269186,0.3221379593014717,0.00012014061212539673,3.715120954439044,0.43633914995007217,True,0.05105523771205206,False
capacity,1,113,3.7124769296497107,0.3141129855066538,0.00011990778148174286,3.7125968374311924,0.4400742899160832,True,0.05020467638419548,False
capacity,1,114,3.6967971827834845,0.31634699553251266,0.00011990778148174286,3.696917090564966,0.4437934991437942,True,0.10377716634332934,False
capacity,1,115,3.7026479840278625,0.31174812465906143,0.00011106021702289581,3.7027590442448854,0.44752493198029697,True,0.11652842155234219,False
capacity,1,116,3.7108741234987974,0.3189521376043558,9.988434612751007e-05,3.710974007844925,0.4512578770518303,True,0.06273007095151667,False
capacity,1,117,3.6954348906874657,0.3121388144791126,0.00013015232980251312,3.695565043017268,0.45497667603194714,True,0.11825370322879471,False
capacity,1,118,3.7109130062162876,0.31226896680891514,0.00014994293451309204,3.7110629491508007,0.45871056197211146,True,0.06333744073736737,False
capacity,1,119,3.710422897711396,0.3235710319131613,0.00015995465219020844,3.7105828523635864,0.462444158969447,True,0.068361795139378,False
capacity,1,120,3.7261322140693665,0.31245918944478035,0.00011990778148174286,3.726252121850848,0.4661930841393769,True,0.13687387742882393,False
capacity,1,121,3.723426954820752,0.31334091909229755,0.00014016404747962952,3.7235671188682318,0.46993910404853523,True,0.11420777780498767,False
capacity,1,122,3.7054731510579586,0.3191020805388689,0.00012991949915885925,3.7056030705571175,0.47366710007190704,True,0.1605138650483188,False
capacity,1,123,3.7240490783005953,0.3204850945621729,0.00011990778148174286,3.724168986082077,0.477413441054523,True,0.09631816821089109,False
capacity,1,124,3.7122059147804976,0.3157160244882107,0.0001310836523771286,3.7123369984328747,0.4811478790361434,True,0.046687574324099514,False
capacity,1,125,3.737053135409951,0.31833117827773094,0.00013993121683597565,3.737193066626787,0.4849074240773916,True,0.05896268491657893,False
capacity,1,126,4.016489954665303,0.3175989259034395,0.00012014061212539673,4.016610095277429,0.4889465970918536,True,0.05284329935139865,False
capacity,1,127,3.7080280017107725,0.3196129109710455,0.000141095370054245,3.7081690970808268,0.4926781300455332,True,0.03774915182517058,False
capacity,1,128,3.699391847476363,0.32407091930508614,0.00011012889444828033,3.6995019763708115,0.4964002249762416,True,0.04225719604103651,False
capacity,1,129,3.7109728436917067,0.31858100555837154,0.00012107193470001221,3.7110939156264067,0.5001339309383184,True,0.042207129461147005,False
capacity,1,130,3.716224106028676,0.316377030685544,0.00010989606380462646,3.7163340020924807,0.5038728280924261,True,0.052541194144467965,False
capacity,1,131,3.7053830455988646,0.31901197507977486,0.00011106021702289581,3.7054941058158875,0.5076007740572095,True,0.13659456432355271,False
capacity,1,132,3.706514835357666,0.3217568155378103,0.0001310836523771286,3.706645919010043,0.5113295409828424,True,0.09239309555560637,False
capacity,1,133,3.8467999547719955,0.317530008032918,0.00014994293451309204,3.8469498977065086,0.5151985930278897,True,0.058018401341680174,False
capacity,1,134,3.8614580407738686,0.32416218891739845,0.00011990778148174286,3.8615779485553503,0.5190837159752846,True,0.019980046786125468,False
capacity,1,135,3.7247701548039913,0.3245521802455187,0.00011990778148174286,3.724890062585473,0.5228319400921464,True,0.03980176002412545,False
capacity,1,136,3.7357909604907036,0.31702895648777485,0.00012014061212539673,3.735911101102829,0.5265907740686089,True,0.04865685869287586,False
capacity,1,137,3.719229018315673,0.3217568155378103,0.00012014061212539673,3.7193491589277983,0.5303328861482441,True,0.05296344388352931,False
capacity,1,138,3.7362221628427505,0.3138731699436903,0.00012991949915885925,3.7363520823419094,0.5340913301333785,True,0.1063785386938749,False
capacity,1,139,3.7170350551605225,0.3147539682686329,0.00011990778148174286,3.717154962942004,0.5378312680404633,True,0.07976769277944422,False
capacity,1,140,3.72591195628047,0.32151699997484684,0.0001511070877313614,3.7260630633682013,0.5415801440831274,True,0.07003102061739068,False
capacity,1,141,3.7157521583139896,0.32066507264971733,0.00013085082173347473,3.715883009135723,0.5453181581106037,True,0.08163481082646534,False
capacity,1,142,4.081191960722208,0.31476397998631,0.00012107193470001221,4.081313032656908,0.5494217330124229,True,0.06477385140727955,False
capacity,1,143,3.7600661162286997,0.3132210113108158,0.00013993121683597565,3.7602060474455357,0.5532050631009042,True,0.09354522600307189,False
capacity,1,144,3.7166650872677565,0.3136920277029276,0.00010011717677116394,3.7167652044445276,0.5569443111307919,True,0.09156414207434026,False
capacity,1,145,3.7253210321068764,0.315024983137846,0.00012991949915885925,3.7254509516060352,0.560692735016346,True,0.06525209853035971,False
capacity,1,146,3.7035502027720213,0.31892210245132446,0.00013993121683597565,3.7036901339888573,0.5644190481398255,True,0.12040809798621827,False
capacity,1,147,3.752431832253933,0.3126198425889015,0.00014016404747962952,3.7525719963014126,0.5681938219349831,True,0.1456875004137683,False
capacity,1,148,3.7438359577208757,0.3121988847851753,0.00014016404747962952,3.7439761217683554,0.5719610820524395,True,0.07962638645970473,False
capacity,1,149,3.709180047735572,0.31098700128495693,0.00011990778148174286,3.7092999555170536,0.5756930650677532,True,0.11848683892388567,False
capacity,1,150,3.726342925801873,0.31642685644328594,0.00014994293451309204,3.7264928687363863,0.5794418610166758,True,0.10932172094428859,False
capacity,1,151,3.746029920876026,0.31162798404693604,0.00013015232980251312,3.7461600732058287,0.5832108340691775,True,0.0863738802398017,False
capacity,1,152,3.7461298052221537,0.31705782748758793,0.00014016404747962952,3.7462699692696333,0.5869802879169583,True,0.08003292884762415,False
capacity,1,153,3.753975033760071,0.31729904003441334,0.00013015232980251312,3.7541051860898733,0.5907570561394095,True,0.049017683296632406,False
capacity,1,154,3.7228059954941273,0.32364088110625744,0.00014016404747962952,3.722946159541607,0.5945026851259172,True,0.06027504098071495,False
capacity,1,155,3.713729092851281,0.32300991006195545,0.00010989606380462646,3.713838988915086,0.5982386961113662,True,0.06930842162907452,False
capacity,1,156,3.7228260189294815,0.3234099131077528,0.00012991949915885925,3.7229559384286404,0.6019847360439599,True,0.10438220341912133,False
capacity,1,157,3.7139689084142447,0.31623709946870804,0.00011990778148174286,3.7140888161957264,0.605721317930147,True,0.15363664007096278,False
capacity,1,158,3.720392007380724,0.3208059351891279,0.00010989606380462646,3.7205019034445286,0.6094645929988474,True,0.18795062516833427,False
capacity,1,159,3.7234469782561064,0.3193528391420841,0.00012014061212539673,3.7235671188682318,0.6132102920673788,True,0.062408647859111016,False
capacity,1,160,3.768090857192874,0.314502976834774,0.00013015232980251312,3.7682210095226765,0.6170008759945631,True,0.07736855954933979,False
capacity,1,161,3.7153218872845173,0.31600589863955975,0.00012014061212539673,3.7154420278966427,0.6207387510221452,True,0.07336153111616671,False
capacity,1,162,3.710702992975712,0.3202941734343767,0.00012083910405635834,3.710823832079768,0.6244720169343054,True,0.1581202682137653,False
capacity,1,163,3.80068295635283,0.31950301490724087,0.00012107193470001221,3.80080402828753,0.6282954229973257,True,0.08687219188304,False
capacity,1,164,3.730270080268383,0.31430297531187534,0.00010989606380462646,3.7303799763321877,0.6320482951123267,True,0.04939798307489255,False
capacity,1,165,3.80576285533607,0.320324907079339,0.00013015232980251312,3.8058930076658726,0.6358829729724675,True,0.10651366199191885,False
capacity,1,166,3.7104920484125614,0.31405198387801647,0.00012107193470001221,3.7106131203472614,0.6396161580923945,True,0.07674392528446969,False
capacity,1,167,3.7213938776403666,0.3189318813383579,0.00012014061212539673,3.721514018252492,0.6433597039431334,True,0.060749423146383964,False
capacity,1,168,3.700112923979759,0.31319097615778446,0.00011990778148174286,3.700232831761241,0.6470820589456707,True,0.12510231752886247,False
capacity,1,169,3.765877103433013,0.3119290340691805,0.00011990778148174286,3.7659970112144947,0.650870188139379,True,0.06814795922720301,False
capacity,1,170,3.7076978478580713,0.3122489433735609,0.00012014061212539673,3.7078179884701967,0.6546009199228138,True,0.12023868219242706,False
capacity,1,171,3.6992609966546297,0.3178701736032963,0.00012991949915885925,3.6993909161537886,0.6583230239339173,True,0.06900649108979852,False
capacity,1,172,3.7171358708292246,0.3128510434180498,0.00011012889444828033,3.717245999723673,0.6620628929231316,True,0.03364154426683917,False
capacity,1,173,3.7670701276510954,0.31617702916264534,0.00013993121683597565,3.7672100588679314,0.6658524151425809,True,0.09522952030336457,False
capacity,1,174,3.7215440534055233,0.31281099654734135,0.00013993121683597565,3.7216839846223593,0.6695965810213238,True,0.08743999635668279,False
capacity,1,175,3.725231159478426,0.323230167850852,0.00012991949915885925,3.725361078977585,0.6733441140968353,True,0.04339445599957766,False
capacity,1,176,3.73870600014925,0.315885990858078,0.00012014061212539673,3.7388261407613754,0.6771052121184766,True,0.05503167733832143,False
capacity,1,177,3.705904120579362,0.3157260362058878,0.00011990778148174286,3.7060240283608437,0.6808336290996522,True,0.02483383268292338,False
capacity,1,178,3.7796529941260815,0.31723896972835064,0.00011990778148174286,3.779772901907563,0.6846359949558973,True,0.03041716219004914,False
capacity,1,179,3.7122159264981747,0.32372097484767437,0.00011990778148174286,3.7123358342796564,0.6883713549468666,True,0.03044565246117464,False
capacity,1,180,3.7111539859324694,0.31868088990449905,0.00012014061212539673,3.7112741265445948,0.6921048511285335,True,0.04012495852917799,False
capacity,1,181,3.7022079341113567,0.3145439550280571,0.00013993121683597565,3.7023478653281927,0.6958293709903955,True,0.03501292740427759,False
capacity,1,182,3.7470620591193438,0.31511508859694004,0.00012991949915885925,3.7471919786185026,0.6995990150608122,True,0.0342733520129743,False
capacity,1,183,3.7134778685867786,0.32087485305964947,0.0001310836523771286,3.7136089522391558,0.7033349960111082,True,0.13671040777467341,False
capacity,1,184,3.6944819148629904,0.31709810718894005,0.00012107193470001221,3.6946029867976904,0.7070519309490919,True,0.07803236709225277,False
capacity,1,185,3.703228896483779,0.31388294883072376,0.0001601874828338623,3.703389083966613,0.7107774920295924,True,0.0712474139638286,False
capacity,1,186,3.714200109243393,0.31581614166498184,0.00013993121683597565,3.714340040460229,0.7145200960803777,True,0.029752163934161552,False
capacity,1,187,3.748225048184395,0.32446300610899925,0.00012014061212539673,3.7483451887965202,0.7182908831164241,True,0.027488201215922117,False
capacity,1,188,3.723056986927986,0.3143840003758669,0.00014016404747962952,3.7231971509754658,0.7220369731076062,True,0.04707822661348066,False
capacity,1,189,3.6950339563190937,0.31655700877308846,0.00011990778148174286,3.6951538641005754,0.725754318991676,True,0.04257851386222863,False
capacity,1,190,3.7608779966831207,0.32633612863719463,0.00013993121683597565,3.7610179278999567,0.7295375890098512,True,0.05275653765144264,False
capacity,1,191,3.7248299922794104,0.32051512971520424,0.00013993121683597565,3.7249699234962463,0.7332847609650344,True,0.05360376355859888,False
capacity,1,192,3.7214639596641064,0.31354185193777084,0.00011012889444828033,3.7215740885585546,0.7370291680563241,True,0.05125059100687962,False
capacity,1,193,3.716584062203765,0.3157558385282755,0.00013015232980251312,3.7167142145335674,0.7407684051431715,True,0.037841835609313944,False
capacity,1,194,3.709730925038457,0.32289884984493256,0.0001310836523771286,3.709862008690834,0.744500749045983,True,0.030682144873256344,False
capacity,1,195,3.7030079402029514,0.3233901225030422,0.00012083910405635834,3.703128779307008,0.7482261299155653,True,0.027771305586601777,False
capacity,1,196,3.745337948203087,0.3246420528739691,0.0001310836523771286,3.745469031855464,0.7520018459763378,True,0.08264651584897018,False
capacity,1,197,3.7028288934379816,0.3157260362058878,0.00013993121683597565,3.7029688246548176,0.755727126961574,True,0.018289331880007496,False
capacity,1,198,3.7433449178934097,0.3249428700655699,0.000141095370054245,3.743486013263464,0.7594932350330055,True,0.03736964910038433,False
capacity,1,199,3.7220751401036978,0.3241421654820442,0.00011990778148174286,3.7221950478851795,0.7632378221023828,True,0.021341400018988897,False
capacity,1,200,3.7770390044897795,0.31627691350877285,0.00013015232980251312,3.777169156819582,0.7670372631400824,True,0.03230493070735621,False
capacity,1,201,3.829919034615159,0.3170089330524206,0.00014016404747962952,3.8300591986626387,0.7708903751336038,True,0.09925300948847456,False
capacity,1,202,4.086091881617904,0.3163169603794813,0.00013015232980251312,4.086222033947706,0.7749997009523213,True,0.05444982884082383,False
capacity,1,203,3.977716900408268,0.3171579446643591,0.00014994293451309204,3.977866843342781,0.7790008219890296,True,0.05581045873729334,False
capacity,1,204,4.043391207233071,0.3161071799695492,0.00012991949915885925,4.04352112673223,0.7830681081395596,True,0.06740239841547314,False
capacity,1,205,3.9713650476187468,0.3169581759721041,0.00014086253941059113,3.9715059101581573,0.7870628680102527,True,0.04036481062907878,False
capacity,1,206,3.9530510548502207,0.3182098735123873,0.00012991949915885925,3.9531809743493795,0.7910392431076616,True,0.10403911173037916,False
capacity,1,207,3.9651331026107073,0.316377030685544,0.00011990778148174286,3.965253010392189,0.7950268380809575,True,0.10882656993418247,False
capacity,1,208,4.011661978438497,0.3156659658998251,0.00013993121683597565,4.011801909655333,0.7990607619285583,True,0.07226010443257645,False
capacity,1,209,3.9916029199957848,0.3155351150780916,0.00012107193470001221,3.9917239919304848,0.8030755189247429,True,0.0789410558208605,False
capacity,1,210,3.9640311151742935,0.3164170775562525,0.00011990778148174286,3.9641510229557753,0.8070628941059113,True,0.05403693956415909,False
capacity,1,211,3.956959117203951,0.31686807051301,0.00013993121683597565,3.957099048420787,0.8110427460633218,True,0.2018353542525056,False
capacity,1,212,4.358365898951888,0.3160969354212284,0.00013993121683597565,4.358505830168724,0.8154243149328977,True,0.10741711246774266,False
capacity,1,213,4.010458942502737,0.31543499790132046,0.00013015232980251312,4.01058909483254,0.8194582180585712,True,0.06264301285349212,False
capacity,1,214,3.953952109441161,0.3199530765414238,0.00015087425708770752,3.954102983698249,0.8234356450848281,True,0.10241354372849307,False
capacity,1,215,4.025107016786933,0.31569600105285645,0.00010989606380462646,4.025216912850738,0.82748386496678,True,0.056659922236780215,False
capacity,1,216,3.9692409336566925,0.3219279460608959,0.00012014061212539673,3.969361074268818,0.8314763000234962,True,0.04270023746256229,False
capacity,1,217,4.023032961413264,0.3313350025564432,0.00012014061212539673,4.02315310202539,0.8355226670391858,True,0.052832907578748464,False
capacity,1,218,3.991754027083516,0.32280897721648216,0.00013015232980251312,3.9918841794133186,0.8395379551220685,True,0.07809555419363215,False
capacity,1,219,3.9686299860477448,0.3226690459996462,0.00014016404747962952,3.9687701500952244,0.8435298490803689,True,0.046025904288714545,False
capacity,1,220,3.966617165133357,0.32255914993584156,0.00011990778148174286,3.966737072914839,0.8475193991325796,True,0.04479957104158099,False
capacity,1,221,3.989659948274493,0.32173795625567436,0.00012014061212539673,3.9897800888866186,0.8515317910350859,True,0.04803626985035438,False
capacity,1,222,3.938643028959632,0.32116612419486046,0.00014994293451309204,3.938792971894145,0.8554941089823842,True,0.0855462680364953,False
capacity,1,223,3.971705911681056,0.3215370234102011,0.00012014061212539673,3.9718260522931814,0.8594889990054071,True,0.02973002690183005,False
capacity,1,224,3.951126942411065,0.3220480866730213,0.00012991949915885925,3.951256861910224,0.8634634299669415,True,0.037034899979863325,False
capacity,1,225,4.23171604052186,0.3200641367584467,0.00013085082173347473,4.231846891343594,0.8677183899562806,True,0.1158702426444506,False
capacity,1,226,3.801655024290085,0.32193795777857304,0.00011990778148174286,3.8017749320715666,0.8715431389864534,True,0.028095089761939526,False
capacity,1,227,3.727514995262027,0.3200841601938009,0.00013993121683597565,3.7276549264788628,0.8752931759227067,True,0.017390150290243486,False
capacity,1,228,3.721343819051981,0.31123682856559753,0.00013015232980251312,3.7214739713817835,0.879037112928927,True,0.0885309926763052,False
capacity,1,229,3.90988914296031,0.31399307772517204,0.00010989606380462646,3.9099990390241146,0.8829700250644237,True,0.06332165005533742,False
capacity,1,230,3.7191889714449644,0.3125600051134825,0.00011990778148174286,3.719308879226446,0.8867126179393381,True,0.03182680389423438,False
capacity,1,231,3.711695084348321,0.3184110391885042,0.00012991949915885925,3.71182500384748,0.8904468461405486,True,0.08689441631323253,False
capacity,1,232,3.6968570202589035,0.3124200738966465,0.00012991949915885925,3.6969869397580624,0.8941664560697973,True,0.021061363552246484,False
capacity,1,233,3.711475059390068,0.3124498762190342,0.00013015232980251312,3.7116052117198706,0.8979003031272441,True,0.06113093624205454,False
capacity,1,234,4.640569211915135,0.3258150536566973,0.00011990778148174286,4.640689119696617,0.9025637251324952,True,0.020634082735261065,False
capacity,1,235,3.99489002302289,0.3296630457043648,0.00012991949915885925,3.995019942522049,0.9065850540064275,True,0.013428230572069271,False
capacity,1,236,3.96098499186337,0.3257140051573515,0.00013085082173347473,3.9611158426851034,0.9105712969321758,True,0.010288321124767028,False
capacity,1,237,3.9839190430939198,0.32552494667470455,0.00011012889444828033,3.984029171988368,0.9145784201100469,True,0.015709570559914034,False
capacity,1,238,3.9723869413137436,0.32489304430782795,0.00012991949915885925,3.9725168608129025,0.9185739809181541,True,0.07660370402804381,False
capacity,1,239,3.98588296957314,0.3223989624530077,0.00010989606380462646,3.9859928656369448,0.9225843099411577,True,0.05767576518902487,False
capacity,1,240,3.9573591202497482,0.3224089741706848,0.00013993121683597565,3.957499051466584,0.926565193105489,True,0.018391670538306308,False
capacity,1,241,3.9675389416515827,0.3239919897168875,0.00013993121683597565,3.9676788728684187,0.9305558949708939,True,0.047291400820884864,False
capacity,1,242,3.97717603482306,0.32411213032901287,0.00010989606380462646,3.9772859308868647,0.9345560639631003,True,0.03054535245064268,False
capacity,1,243,3.9721070788800716,0.322739128023386,0.00013993121683597565,3.9722470100969076,0.9385514750611037,True,0.02657110848111272,False
capacity,1,244,3.9679689798504114,0.32505299896001816,0.0001310836523771286,3.9681000635027885,0.9425427680835128,True,0.030830998369191922,False
capacity,1,245,3.9601039607077837,0.3242921084165573,0.00013993121683597565,3.9602438919246197,0.9465259949211031,True,0.022699099935614114,False
capacity,1,246,3.9594729896634817,0.32514380291104317,0.00012014061212539673,3.959593130275607,0.9505082811228931,True,0.027674877155005606,False
capacity,1,247,3.9623279590159655,0.32840995118021965,0.00012014061212539673,3.962448099628091,0.9544940530322492,True,0.012063554714807386,False
capacity,1,248,3.9743399247527122,0.3277580253779888,0.00012014061212539673,3.9744600653648376,0.9584913470316678,True,0.00972641346441777,False
capacity,1,249,3.9705641102045774,0.32710819505155087,0.00012991949915885925,3.9706940297037363,0.962485115043819,True,0.015537128792774682,False
capacity,1,250,3.9642818737775087,0.3233200404793024,0.00012014061212539673,3.964402014389634,0.9664720699656755,True,0.046923853898206996,False
capacity,1,251,3.967667929828167,0.3237409982830286,0.00013015232980251312,3.9677980821579695,0.9704626810271293,True,0.06640705336426417,False
capacity,1,252,3.970384132117033,0.3287610597908497,0.00012991949915885925,3.970514051616192,0.9744562990963459,True,0.10529833609726148,False
capacity,1,253,3.9652639534324408,0.32205809839069843,0.00013993121683597565,3.9654038846492767,0.9784446859266609,True,0.17272468112780232,False
capacity,1,254,3.9881470147520304,0.3169081173837185,0.00013993121683597565,3.9882869459688663,0.9824556959792972,True,0.0532553809657761,False
capacity,1,255,3.9801320526748896,0.3257649950683117,0.00013993121683597565,3.9802719838917255,0.9864591020159423,True,0.06432759169436864,False
capacity,2,0,3.663924988359213,0.31708902679383755,0.00011990778148174286,3.6640448961406946,0.0036789330188184977,False,,
capacity,2,1,3.657422959804535,0.3094139974564314,0.00014994293451309204,3.657572902739048,0.007359419949352741,False,,
capacity,2,2,3.652573097497225,0.30840211547911167,0.00013993121683597565,3.652713028714061,0.011034856084734201,False,,
capacity,2,3,3.671690123155713,0.31422311440110207,0.00013993121683597565,3.671830054372549,0.014729069080203772,False,,
capacity,2,4,3.660578979179263,0.3093639388680458,0.00014016404747962952,3.6607191432267427,0.018412921112030745,False,,
capacity,2,5,3.6476340610533953,0.3079511225223541,0.00013085082173347473,3.6477649118751287,0.02208306803368032,False,,
capacity,2,6,3.652903949841857,0.3135318402200937,0.00013015232980251312,3.6530341021716595,0.025758424075320363,False,,
capacity,2,7,3.7841021548956633,0.30897301621735096,0.00013993121683597565,3.7842420861124992,0.02956528915092349,False,,
capacity,2,8,3.6923890002071857,0.3074298147112131,0.00014016404747962952,3.6925291642546654,0.03327985014766455,False,,
capacity,2,9,3.643576055765152,0.29941508546471596,0.00012991949915885925,3.643705975264311,0.03695214004255831,False,,
capacity,2,10,3.6448489408940077,0.29705092310905457,0.00012991949915885925,3.6449788603931665,0.040619621984660625,False,,
capacity,2,11,3.6777611821889877,0.2988940104842186,0.00013993121683597565,3.6779011134058237,0.044320186134427786,False,,
capacity,2,12,3.64611204713583,0.29956595972180367,0.00012991949915885925,3.646241966634989,0.04798953211866319,False,,
capacity,2,13,3.6410309839993715,0.3061369061470032,0.000141095370054245,3.6411720793694258,0.05165338609367609,False,,
capacity,2,14,3.661310998722911,0.301609979942441,0.00011990778148174286,3.6614309065043926,0.055337019031867385,False,,
capacity,2,15,3.9238561876118183,0.30581699684262276,0.00013993121683597565,3.9239961188286543,0.05928337713703513,False,,
capacity,2,16,3.9534319657832384,0.30665891245007515,0.00014016404747962952,3.953572129830718,0.06326585309579968,False,,
capacity,2,17,3.692778991535306,0.31487387605011463,0.00011106021702289581,3.692890051752329,0.0669814650900662,False,,
capacity,2,18,3.6753457970917225,0.3121288027614355,0.00013015232980251312,3.675475949421525,0.07067930395714939,False,,
capacity,2,19,3.707587020471692,0.30570710077881813,0.00012083910405635834,3.7077078595757484,0.07440933398902416,False,,
capacity,2,20,3.671979997307062,0.3069189842790365,0.00014994293451309204,3.6721299402415752,0.0781041570007801,False,,
capacity,2,21,3.7652759347110987,0.3127399832010269,0.00012107193470001221,3.7653970066457987,0.08189179608598351,False,,
capacity,2,22,3.6976190749555826,0.3050859086215496,0.00013993121683597565,3.6977590061724186,0.08561196713708341,False,,
capacity,2,23,3.697698935866356,0.3051960375159979,0.00013993121683597565,3.697838867083192,0.08933214796707034,False,,
capacity,2,24,3.6895740777254105,0.30710012651979923,0.00013993121683597565,3.6897140089422464,0.09304413408972323,False,,
capacity,2,25,3.7267638836055994,0.3128510434180498,0.00012991949915885925,3.7268938031047583,0.09679325995966792,False,,
capacity,2,26,3.6874788347631693,0.3085618373006582,0.0001501757651567459,3.687629010528326,0.10050372197292745,False,,
capacity,2,27,3.6764289252460003,0.31766993924975395,0.00012014061212539673,3.6765490658581257,0.10420273407362401,False,,
capacity,2,28,3.6846029106527567,0.32846909016370773,0.00012107193470001221,3.6847239825874567,0.10790949896909297,False,,
capacity,2,29,3.6822790279984474,0.3200641367584467,0.00012991949915885925,3.6824089474976063,0.11161423102021217,False,,
capacity,2,30,3.6953450180590153,0.33097504638135433,0.00012991949915885925,3.695474937558174,0.1153322490863502,False,,
capacity,2,31,3.6935810931026936,0.32179709523916245,0.00013993121683597565,3.6937210243195295,0.11904829205013812,False,,
capacity,2,32,3.6888918839395046,0.32679690048098564,0.00013015232980251312,3.689022036269307,0.12275988701730967,False,,
capacity,2,33,3.702196991071105,0.31998404301702976,0.00013993121683597565,3.702336922287941,0.1264844760298729,False,,
capacity,2,34,3.6993420217186213,0.3210660070180893,0.00011990778148174286,3.699461929500103,0.13020620006136596,False,,
capacity,2,35,3.746441099792719,0.32495311461389065,0.00011990778148174286,3.7465610075742006,0.13397520408034325,True,0.01225987048930153,False
capacity,2,36,3.728677984327078,0.3243018873035908,0.0001501757651567459,3.7288281600922346,0.13772650412283838,True,0.012229499744197276,False
capacity,2,37,3.765566973015666,0.31900196336209774,0.00014016404747962952,3.7657071370631456,0.1415144430939108,True,0.007336335832365875,False
capacity,2,38,3.7456899881362915,0.32019498758018017,0.00013993121683597565,3.7458299193531275,0.14528271509334445,True,0.005437957480609162,False
capacity,2,39,3.8665670435875654,0.3224690444767475,0.00013993121683597565,3.8667069748044014,0.14917867700569332,True,0.006710618777870863,False
capacity,2,40,3.7275950890034437,0.32356008887290955,0.00015087425708770752,3.7277459632605314,0.1529287351295352,True,0.009528751722264882,False
capacity,2,41,3.7084389477968216,0.31820102594792843,0.00011990778148174286,3.7085588555783033,0.15665966598317027,True,0.011947936844858635,False
capacity,2,42,3.718117019161582,0.31795003451406956,0.00013993121683597565,3.718256950378418,0.16039997502230108,True,0.008701071844606924,False
capacity,2,43,3.7398289423435926,0.3179810009896755,0.00013993121683597565,3.7399688735604286,0.1641620360314846,True,0.11314047632017132,False
capacity,2,44,3.7203209940344095,0.32355100847780704,0.00011990778148174286,3.7204409018158913,0.16790518001653254,True,0.06967681040920592,False
capacity,2,45,3.713579149916768,0.3168080002069473,0.00013993121683597565,3.713719081133604,0.17164107109420002,True,0.1439219284753002,False
capacity,2,46,3.7532239221036434,0.31740893609821796,0.00012014061212539673,3.753344062715769,0.1754166770260781,True,0.0961186155346383,False
capacity,2,47,4.232669016346335,0.31782989390194416,0.00011012889444828033,4.232779145240784,0.17967199813574553,True,0.04510630517935071,False
capacity,2,48,3.779252991080284,0.32305996865034103,0.00012991949915885925,3.779382910579443,0.18347480497322977,True,0.024396779025473502,False
capacity,2,49,3.73964780010283,0.3186508547514677,0.000141095370054245,3.739788895472884,0.18723704596050084,True,0.019302071031683972,False
capacity,2,50,3.7417521234601736,0.32255914993584156,0.00012991949915885925,3.7418820429593325,0.19100118009373546,True,0.019141878322176415,False
capacity,2,51,3.7240078672766685,0.32498291693627834,0.000141095370054245,3.724148962646723,0.19474737998098135,True,0.021308750904048896,False
capacity,2,52,4.065884044393897,0.3215370234102011,0.00012991949915885925,4.066013963893056,0.19883634708821774,True,0.07471006854140885,False
capacity,2,53,3.717586165294051,0.317990081384778,0.00012991949915885925,3.71771608479321,0.20257645612582564,True,0.12141691013985191,False
capacity,2,54,3.720973152667284,0.3189421258866787,0.00012991949915885925,3.721103072166443,0.20631990116089582,True,0.06459332565214011,False
capacity,2,55,3.732695011422038,0.3206648398190737,0.00012107193470001221,3.732816083356738,0.21007476816885173,True,0.03798289789113414,False
capacity,2,56,3.7483451887965202,0.32559502869844437,0.00014994293451309204,3.7484951317310333,0.21384570514783263,True,0.0778131288045933,False
capacity,2,57,3.7226451095193624,0.3203640226274729,0.00011082738637924194,3.7227559369057417,0.21759166405536234,True,0.044110848350034454,False
capacity,2,58,3.715301863849163,0.31951279379427433,0.00013015232980251312,3.7154320161789656,0.2213296890258789,True,0.022986368001654635,False
capacity,2,59,3.7044910714030266,0.3189919516444206,0.00011990778148174286,3.7046109791845083,0.2250561921391636,True,0.023774473422396605,False
capacity,2,60,3.997204126790166,0.32411213032901287,0.00010989606380462646,3.9973140228539705,0.22907563811168075,True,0.023290015297718007,False
capacity,2,61,3.724008798599243,0.3255140036344528,0.00013015232980251312,3.7241389509290457,0.23282186896540225,True,0.1893656785189283,False
capacity,2,62,3.7179270293563604,0.32194796949625015,0.00012991949915885925,3.7180569488555193,0.23656242806464434,True,0.14582276647696532,False
capacity,2,63,3.7392170634120703,0.3192329313606024,0.00012991949915885925,3.739346982911229,0.24032401712611318,True,0.09070840130003502,False
capacity,2,64,3.7567310500890017,0.3202850930392742,0.00011990778148174286,3.7568509578704834,0.24410299002192914,True,0.15317393805731047,False
capacity,2,65,3.745277877897024,0.32685697078704834,0.000141095370054245,3.7454189732670784,0.2478710210416466,True,0.09458856321510305,False
capacity,2,66,3.7060449831187725,0.3202049992978573,0.00013993121683597565,3.7061849143356085,0.2515999290626496,True,0.07085293387604445,False
capacity,2,67,3.732654033228755,0.32137613743543625,0.00011990778148174286,3.7327739410102367,0.2553548750001937,True,0.04539707084853285,False
capacity,2,68,3.7166541442275047,0.32025412656366825,0.00013085082173347473,3.716784995049238,0.2590939421206713,True,0.027509273331981478,False
capacity,2,69,3.7861960008740425,0.3247030545026064,0.00014994293451309204,3.7863459438085556,0.2629022100009024,True,0.023875570376089523,False
capacity,2,70,3.7067350931465626,0.3199030179530382,0.00014086253941059113,3.706875955685973,0.26663225912488997,True,0.038260787354053784,False
capacity,2,71,3.7131980061531067,0.32033398747444153,0.00011990778148174286,3.7133179139345884,0.2703678500838578,True,0.07792377073950463,False
capacity,2,72,3.73718305490911,0.3185709938406944,0.00010989606380462646,3.7372929509729147,0.2741273751016706,True,0.04585175154891526,False
capacity,2,73,3.7217549979686737,0.32573495991528034,0.00013015232980251312,3.721885150298476,0.2778715221211314,True,0.03626142895803348,False
capacity,2,74,3.7593550514429808,0.31825993210077286,0.000141095370054245,3.759496146813035,0.2816536601167172,True,0.048934248340535155,False
capacity,2,75,3.752592019736767,0.31852093525230885,0.00016111880540847778,3.7527531385421753,0.2854290450923145,True,0.056997602212304314,False
capacity,2,76,3.6939920391887426,0.3186911344528198,0.00013993121683597565,3.6941319704055786,0.28914578002877533,True,0.12942964408001087,False
capacity,2,77,3.7134489975869656,0.321126077324152,0.00011990778148174286,3.7135689053684473,0.2928818210493773,True,0.07712547327854744,False
capacity,2,78,3.7528930697590113,0.31686807051301,0.00014994293451309204,3.7530430126935244,0.29665725608356297,True,0.02563377359581541,False
capacity,2,79,3.7108229007571936,0.31836098060011864,0.00012991949915885925,3.7109528202563524,0.3003911729902029,True,0.0509435599932384,False
capacity,2,80,3.70497303083539,0.31736912205815315,0.00011990778148174286,3.705092938616872,0.30411894898861647,True,0.08349853239085253,False
capacity,2,81,3.6926590837538242,0.3181309439241886,0.00012991949915885925,3.692789003252983,0.3078345211688429,True,0.049177003758942114,False
capacity,2,82,3.6888718605041504,0.3144938964396715,0.00013015232980251312,3.689002012833953,0.3115462160203606,True,0.05100533248322893,False
capacity,2,83,3.7345178425312042,0.3158259205520153,0.00013015232980251312,3.7346479948610067,0.3153029859531671,True,0.080344005283614,False
capacity,2,84,3.7119160406291485,0.31288992613554,0.00012991949915885925,3.7120459601283073,0.3190379061270505,True,0.029516762461957103,False
capacity,2,85,3.721673972904682,0.3184010274708271,0.00012991949915885925,3.721803892403841,0.3227822619955987,True,0.035363300080404794,False
capacity,2,86,3.70508199557662,0.31233904883265495,0.00010989606380462646,3.7051918916404247,0.32650983706116676,True,0.09671838611510575,False
capacity,2,87,3.743876004591584,0.31051598489284515,0.00013015232980251312,3.7440061569213867,0.3302761761005968,True,0.05450811847718774,False
capacity,2,88,3.7131079006940126,0.31129783019423485,0.00013015232980251312,3.713238053023815,0.3340181780513376,True,0.05708748878991665,False
capacity,2,89,3.730539930984378,0.3179300110787153,0.00013085082173347473,3.7306707818061113,0.33777132094837725,True,0.06555503900541793,False
capacity,2,90,3.7055739667266607,0.31240005046129227,0.00010989606380462646,3.7056838627904654,0.34149955795146525,True,0.06357460174271229,False
capacity,2,91,3.747402923181653,0.32331980764865875,0.00013015232980251312,3.7475330755114555,0.34526932309381664,True,0.05061884341572365,False
capacity,2,92,3.929826896637678,0.32622599974274635,0.00012991949915885925,3.929956816136837,0.3492223429493606,True,0.06029075530346539,False
capacity,2,93,3.699461929500103,0.3156659658998251,0.00014994293451309204,3.699611872434616,0.35294407699257135,True,0.08178216044792189,False
capacity,2,94,3.734858939424157,0.30905380845069885,0.00011012889444828033,3.7349690683186054,0.35670124809257686,True,0.09370568940998567,False
capacity,2,95,3.7096620071679354,0.31361193396151066,0.00014994293451309204,3.7098119501024485,0.3604332220274955,True,0.05199138453651093,False
capacity,2,96,3.827773965895176,0.3095138818025589,0.0001511070877313614,3.8279250729829073,0.36428324808366597,True,0.0625063245065248,False
capacity,2,97,3.7224949337542057,0.3164468798786402,0.00013993121683597565,3.7226348649710417,0.3680364310275763,True,0.054778048907430994,False
capacity,2,98,3.7057939916849136,0.3192620351910591,0.00011990778148174286,3.7059138994663954,0.3717657800298184,True,0.06748759290471087,False
capacity,2,99,3.7446971982717514,0.31175813637673855,0.00014994293451309204,3.7448471412062645,0.3755329791456461,True,0.10187612845615238,False
capacity,2,100,4.05222806148231,0.3124300856143236,0.00012991949915885925,4.052357980981469,0.37960769003257155,True,0.1315203993388125,False
capacity,2,101,3.7249401211738586,0.31283008866012096,0.00012107193470001221,3.7250611931085587,0.38335573417134583,True,0.08049001645678419,False
capacity,2,102,3.7331259809434414,0.31189899891614914,0.00014016404747962952,3.733266144990921,0.3871114021167159,True,0.07188884699382003,False
capacity,2,103,3.7059939932078123,0.31948299147188663,0.00011012889444828033,3.7061041221022606,0.3908397580962628,True,0.05894711981572085,False
capacity,2,104,3.7203619722276926,0.31533604487776756,0.00012991949915885925,3.7204918917268515,0.39458242198452353,True,0.03417830714589885,False
capacity,2,105,4.0877151768654585,0.3153150901198387,0.00012991949915885925,4.087845096364617,0.398692699149251,True,0.08840090213017258,False
capacity,2,106,3.7386768963187933,0.3162368666380644,0.00013015232980251312,3.738807048648596,0.4024537180084735,True,0.04313421052097944,False
capacity,2,107,3.7281159311532974,0.31558494083583355,0.0001310836523771286,3.7282470148056746,0.40620406600646675,True,0.04723246398005121,False
capacity,2,108,3.7439358420670033,0.3212359733879566,0.00012107193470001221,3.7440569140017033,0.4099702639505267,True,0.06600788520135656,False
capacity,2,109,3.710113000124693,0.3225088585168123,0.00012014061212539673,3.7102331407368183,0.41370246815495193,True,0.05611389549092964,False
capacity,2,110,3.709590993821621,0.3146938979625702,0.00013015232980251312,3.7097211461514235,0.4174346411600709,True,0.04730167228357672,False
capacity,2,111,3.6992819514125586,0.31377188861370087,0.0001501757651567459,3.6994321271777153,0.4211565360892564,True,0.06474323252288626,False
capacity,2,112,3.709510900080204,0.31831092201173306,0.00013015232980251312,3.7096410524100065,0.42488842899911106,True,0.05105523771205206,False
capacity,2,113,3.746730973944068,0.3127709496766329,0.00012991949915885925,3.746860893443227,0.42865754198282957,True,0.05020467638419548,False
capacity,2,114,3.934795968234539,0.3140629269182682,0.00011990778148174286,3.9349158760160208,0.4326155020389706,True,0.10377716634332934,False
capacity,2,115,3.717615967616439,0.3104859497398138,0.00013015232980251312,3.7177461199462414,0.4363556611351669,True,0.11652842155234219,False
capacity,2,116,3.6909859627485275,0.31017488799989223,0.0001511070877313614,3.691137069836259,0.4400695711374283,True,0.06273007095151667,False
capacity,2,117,3.7388468626886606,0.3141628112643957,0.00013015232980251312,3.738977015018463,0.4438310000114143,True,0.11825370322879471,False
capacity,2,118,3.7196800112724304,0.31127710826694965,0.00015087425708770752,3.719830885529518,0.44757349300198257,True,0.06333744073736737,False
capacity,2,119,3.7194290198385715,0.31129689887166023,0.00011990778148174286,3.7195489276200533,0.45131560508161783,True,0.068361795139378,False
capacity,2,120,3.697227919474244,0.30981493182480335,0.00012991949915885925,3.697357838973403,0.45503500499762595,True,0.13687387742882393,False
capacity,2,121,3.6965268664062023,0.3184308297932148,0.0001501757651567459,3.696677042171359,0.4587538340128958,True,0.11420777780498767,False
capacity,2,122,3.8371828850358725,0.3108070231974125,0.00011990778148174286,3.837302792817354,0.462613187963143,True,0.1605138650483188,False
capacity,2,123,3.7261820398271084,0.31196908093988895,0.00012991949915885925,3.7263119593262672,0.46636290405876935,True,0.09631816821089109,False
capacity,2,124,3.719890955835581,0.3126699011772871,0.0001501757651567459,3.7200411316007376,0.47010550810955465,True,0.046687574324099514,False
capacity,2,125,3.7429039366543293,0.3198939375579357,0.0001501757651567459,3.743054112419486,0.47387063410133123,True,0.05896268491657893,False
capacity,2,126,3.713037120178342,0.315425219014287,0.00011990778148174286,3.7131570279598236,0.47760591306723654,True,0.05284329935139865,False
capacity,2,127,3.7161740474402905,0.3140729386359453,0.00013993121683597565,3.7163139786571264,0.4813442290760577,True,0.03774915182517058,False
capacity,2,128,3.7357809487730265,0.3164769150316715,0.00014994293451309204,3.7359308917075396,0.4851028330158442,True,0.04225719604103651,False
capacity,2,129,3.7147498223930597,0.32177683897316456,0.000141095370054245,3.714890917763114,0.4888403059449047,True,0.042207129461147005,False
capacity,2,130,3.7115549203008413,0.31526503153145313,0.00012991949915885925,3.7116848398,0.4925743939820677,True,0.052541194144467965,False
capacity,2,131,3.84885398671031,0.3163169603794813,0.00013085082173347473,3.8489848375320435,0.49644591100513935,True,0.13659456432355271,False
capacity,2,132,3.7114049773663282,0.31520496122539043,0.00012991949915885925,3.711534896865487,0.5001805289648473,True,0.09239309555560637,False
capacity,2,133,3.7793628871440887,0.3231898881494999,0.0003611203283071518,3.779724007472396,0.5039880049880594,True,0.058018401341680174,False
capacity,2,134,3.727033967152238,0.3236709162592888,0.00011990778148174286,3.7271538749337196,0.5077374610118568,True,0.019980046786125468,False
capacity,2,135,3.728827927261591,0.3139730542898178,0.00012991949915885925,3.72895784676075,0.511488531017676,True,0.03980176002412545,False
capacity,2,136,3.768451977521181,0.31521497294306755,0.00013015232980251312,3.7685821298509836,0.5152792851440609,True,0.04865685869287586,False
capacity,2,137,3.7000630982220173,0.3132310230284929,0.00012083910405635834,3.7001839373260736,0.5190072110854089,True,0.05296344388352931,False
capacity,2,138,3.7051429972052574,0.3175900783389807,0.00012991949915885925,3.7052729167044163,0.5227348560001701,True,0.1063785386938749,False
capacity,2,139,3.7139488849788904,0.3124398645013571,0.0001501757651567459,3.714099060744047,0.5264709270559251,True,0.07976769277944422,False
capacity,2,140,3.736231941729784,0.312519958242774,0.00015995465219020844,3.736391896381974,0.5302295009605587,True,0.07003102061739068,False
capacity,2,141,3.760848194360733,0.3188720438629389,0.00014994293451309204,3.760998137295246,0.5340149351395667,True,0.08163481082646534,False
capacity,2,142,3.773411037400365,0.32049394212663174,0.000141095370054245,3.773552132770419,0.5378123321570456,True,0.06477385140727955,False
capacity,2,143,3.713849000632763,0.3131711855530739,0.00015995465219020844,3.714008955284953,0.5415537529624999,True,0.09354522600307189,False
capacity,2,144,3.7436250131577253,0.3126300871372223,0.00012991949915885925,3.743754932656884,0.5453205320518464,True,0.09156414207434026,False
capacity,2,145,4.112000111490488,0.31336117535829544,0.00014994293451309204,4.112150054425001,0.5494555560871959,True,0.06525209853035971,False
capacity,2,146,3.7135689053684473,0.3111769910901785,0.00011012889444828033,3.7136790342628956,0.5531938220374286,True,0.12040809798621827,False
capacity,2,147,3.6937911063432693,0.31624711118638515,0.00011990778148174286,3.693911014124751,0.5569104261230677,True,0.1456875004137683,False
capacity,2,148,3.7199410144239664,0.3096850123256445,0.00011990778148174286,3.720060922205448,0.560652629006654,True,0.07962638645970473,False
capacity,2,149,3.7124070804566145,0.3093341365456581,0.00013993121683597565,3.7125470116734505,0.5643875680398196,True,0.11848683892388567,False
capacity,2,150,3.802375867962837,0.3104358911514282,0.00013015232980251312,3.8025060202926397,0.5682133380323648,True,0.10932172094428859,False
capacity,2,151,3.699040971696377,0.3189318813383579,0.00014016404747962952,3.6991811357438564,0.5719350920990109,True,0.0863738802398017,False
capacity,2,152,3.7327250465750694,0.3134820144623518,0.00013993121683597565,3.7328649777919054,0.5756910911295563,True,0.08003292884762415,False
capacity,2,153,3.729328978806734,0.31562591902911663,0.00011012889444828033,3.7294391077011824,0.5794430531095713,True,0.049017683296632406,False
capacity,2,154,3.720141015946865,0.31862105242908,0.00012991949915885925,3.720270935446024,0.5831866380758584,True,0.06027504098071495,False
capacity,2,155,3.728005802258849,0.3204150125384331,0.00012014061212539673,3.7281259428709745,0.5869375469628721,True,0.06930842162907452,False
capacity,2,156,3.717165905982256,0.31612697057425976,0.00012991949915885925,3.717295825481415,0.5906769749708474,True,0.10438220341912133,False
capacity,2,157,3.7180171348154545,0.3139020409435034,0.00011990778148174286,3.7181370425969362,0.5944173941388726,True,0.15363664007096278,False
capacity,2,158,3.742703003808856,0.31283008866012096,0.00013085082173347473,3.7428338546305895,0.5981827999930829,True,0.18795062516833427,False
capacity,2,159,3.752853022888303,0.3199439961463213,0.00014086253941059113,3.7529938854277134,0.6019587370101362,True,0.062408647859111016,False
capacity,2,160,3.703057998791337,0.3173188306391239,0.0001310836523771286,3.703189082443714,0.6056845581624657,True,0.07736855954933979,False
capacity,2,161,3.6918679252266884,0.31136791221797466,0.00014016404747962952,3.692008089274168,0.6093994700349867,True,0.07336153111616671,False
capacity,2,162,3.703088965266943,0.31296093948185444,0.00013993121683597565,3.703228896483779,0.6131249109748751,True,0.1581202682137653,False
capacity,2,163,3.7153519224375486,0.31884200870990753,0.00014016404747962952,3.7154920864850283,0.6168632560875267,True,0.08687219188304,False
capacity,2,164,3.6949841305613518,0.3137120511382818,0.00012991949915885925,3.6951140500605106,0.6205805621575564,True,0.04939798307489255,False
capacity,2,165,3.7211428862065077,0.3118189051747322,0.00014016404747962952,3.7212830502539873,0.624324067030102,True,0.10651366199191885,False
capacity,2,166,3.689823905006051,0.31237886287271976,0.00012014061212539673,3.6899440456181765,0.6280364340636879,True,0.07674392528446969,False
capacity,2,167,3.700493834912777,0.31900196336209774,0.00013015232980251312,3.7006239872425795,0.6317595399450511,True,0.060749423146383964,False
capacity,2,168,3.6919580306857824,0.3128310199826956,0.00010989606380462646,3.692067926749587,0.6354744110722095,True,0.12510231752886247,False
capacity,2,169,3.699962981045246,0.3111870028078556,0.00013015232980251312,3.7000931333750486,0.6391970270778984,True,0.06814795922720301,False
capacity,2,170,3.978828899562359,0.32104598358273506,0.0001310836523771286,3.978959983214736,0.6431983490474522,True,0.12023868219242706,False
capacity,2,171,3.991183126345277,0.3200939390808344,0.00011990778148174286,3.9913030341267586,0.6472128061577678,True,0.06900649108979852,False
capacity,2,172,3.985682036727667,0.3221479710191488,0.00010989606380462646,3.9857919327914715,0.6512225130572915,True,0.03364154426683917,False
capacity,2,173,3.9497038815170527,0.3218669444322586,0.00013015232980251312,3.949834033846855,0.6551955409813672,True,0.09522952030336457,False
capacity,2,174,3.98938893340528,0.3216569311916828,0.00013993121683597565,3.989528864622116,0.6592081040143967,True,0.08743999635668279,False
capacity,2,175,4.004457965493202,0.32355100847780704,0.00013993121683597565,4.004597896710038,0.663235676009208,True,0.04339445599957766,False
capacity,2,176,3.965725190937519,0.32495404593646526,0.00013993121683597565,3.965865122154355,0.6672245841473341,True,0.05503167733832143,False
capacity,2,177,3.9701831992715597,0.32201805151998997,0.00012991949915885925,3.9703131187707186,0.671217440161854,True,0.02483383268292338,False
capacity,2,178,3.990089986473322,0.3256150521337986,0.00012991949915885925,3.9902199059724808,0.6752304430119693,True,0.03041716219004914,False
capacity,2,179,4.315895959734917,0.32498291693627834,0.00012991949915885925,4.3160258792340755,0.6795694530010223,True,0.03044565246117464,False
capacity,2,180,3.96250793710351,0.3247021231800318,0.0001310836523771286,3.962639020755887,0.6835552849806845,True,0.04012495852917799,False
capacity,2,181,4.0177530609071255,0.3169681876897812,0.00012083910405635834,4.017873900011182,0.6875961220357567,True,0.03501292740427759,False
capacity,2,182,3.9734388701617718,0.3179099876433611,0.00014016404747962952,3.9735790342092514,0.6915929350070655,True,0.0342733520129743,False
capacity,2,183,4.130756016820669,0.3198040649294853,0.00011990778148174286,4.130875924602151,0.6957462630234659,True,0.13671040777467341,False
capacity,2,184,3.981583984568715,0.3213158342987299,0.00011106021702289581,3.981695044785738,0.6997513121459633,True,0.07803236709225277,False
capacity,2,185,3.95900197327137,0.32329000532627106,0.00012014061212539673,3.9591221138834953,0.703732947120443,True,0.0712474139638286,False
capacity,2,186,3.9871849585324526,0.31797983683645725,0.00014016404747962952,3.987325122579932,0.7077425241004676,True,0.029752163934161552,False
capacity,2,187,3.986392868682742,0.31732884235680103,0.000141095370054245,3.9865339640527964,0.7117513900157064,True,0.027488201215922117,False
capacity,2,188,4.241224844008684,0.3239919897168875,0.00013015232980251312,4.241354996338487,0.7160155680030584,True,0.04707822661348066,False
capacity,2,189,3.9795199409127235,0.3249028231948614,0.0001310836523771286,3.9796510245651007,0.7200176210608333,True,0.04257851386222863,False
capacity,2,190,3.975862869992852,0.320694874972105,0.00012014061212539673,3.9759830106049776,0.7240166480187327,True,0.05275653765144264,False
capacity,2,191,3.9702539797872305,0.3241519443690777,0.00013015232980251312,3.970384132117033,0.7280091841239482,True,0.05360376355859888,False
capacity,2,192,4.011810990050435,0.3208750858902931,0.00012083910405635834,4.011931829154491,0.7320437079761177,True,0.05125059100687962,False
capacity,2,193,3.967378055676818,0.323861138895154,0.00013993121683597565,3.967517986893654,0.7360344000626355,True,0.037841835609313944,False
capacity,2,194,3.980903187766671,0.3259950317442417,0.00011990778148174286,3.981023095548153,0.7400380461476743,True,0.030682144873256344,False
capacity,2,195,4.0082240011543036,0.32703718170523643,0.00013085082173347473,4.008354851976037,0.7440694039687514,True,0.027771305586601777,False
capacity,2,196,4.056637175381184,0.33008307218551636,0.00012991949915885925,4.0567670948803425,0.7481488541234285,True,0.08264651584897018,False
capacity,2,197,4.044773057103157,0.3257039934396744,0.00011106021702289581,4.04488411732018,0.7522168711293489,True,0.018289331880007496,False
capacity,2,198,3.9621680043637753,0.3258148208260536,0.00013015232980251312,3.9622981566935778,0.7562021531630307,True,0.03736964910038433,False
capacity,2,199,3.9674779400229454,0.327457906678319,0.00013015232980251312,3.967608092352748,0.7601924140471965,True,0.021341400018988897,False
capacity,2,200,4.019476007670164,0.3237919881939888,0.00013993121683597565,4.019615938887,0.7642345819622278,True,0.03230493070735621,False
capacity,2,201,3.973419079557061,0.3239021170884371,0.00010989606380462646,3.973528975620866,0.7682306740898639,True,0.09925300948847456,False
capacity,2,202,3.9580101147294044,0.32383110374212265,0.00014994293451309204,3.9581600576639175,0.7722118680831045,True,0.05444982884082383,False
capacity,2,203,4.013243829831481,0.31917192973196507,0.000141095370054245,4.013384925201535,0.7762482459656894,True,0.05581045873729334,False
capacity,2,204,4.038330866023898,0.31911185942590237,0.00013015232980251312,4.038461018353701,0.7803102519828826,True,0.06740239841547314,False
capacity,2,205,3.986924886703491,0.31585595570504665,0.00014016404747962952,3.987065050750971,0.7843204110395163,True,0.04036481062907878,False
capacity,2,206,3.9484919980168343,0.3162671346217394,0.00012991949915885925,3.948621917515993,0.7882923169527203,True,0.10403911173037916,False
capacity,2,207,3.953952109441161,0.3151849377900362,0.00012991949915885925,3.95408202894032,0.7922752441372722,True,0.10882656993418247,False
capacity,2,208,4.061716143041849,0.3140131011605263,0.00011990778148174286,4.061836050823331,0.7963656741194427,True,0.07226010443257645,False
capacity,2,209,3.979820990934968,0.3188720438629389,0.00012991949915885925,3.979950910434127,0.8003689190372825,True,0.0789410558208605,False
capacity,2,210,3.963269991800189,0.31659682281315327,0.00014016404747962952,3.9634101558476686,0.8043547121342272,True,0.05403693956415909,False
capacity,2,211,3.7142399232834578,0.3148538526147604,0.000141095370054245,3.714381018653512,0.8080911540891975,True,0.2018353542525056,False
capacity,2,212,3.7234369665384293,0.321586849167943,0.00012014061212539673,3.7235571071505547,0.8118370131123811,True,0.10741711246774266,False
capacity,2,213,4.008214920759201,0.3175491001456976,0.00012991949915885925,4.00834484025836,0.8158682819921523,True,0.06264301285349212,False
capacity,2,214,3.7165540270507336,0.3118079621344805,0.00012107193470001221,3.7166750989854336,0.8196075190789998,True,0.10241354372849307,False
capacity,2,215,3.730661002919078,0.32014399766921997,0.00013015232980251312,3.7307911552488804,0.8233605821151286,True,0.056659922236780215,False
capacity,2,216,3.6855461075901985,0.3114379942417145,0.00010989606380462646,3.685656003654003,0.8270685700699687,True,0.04270023746256229,False
capacity,2,217,3.736221930012107,0.3191318828612566,0.00011012889444828033,3.736332058906555,0.8308270541019738,True,0.052832907578748464,False
capacity,2,218,3.704220987856388,0.31266012229025364,0.00013993121683597565,3.704360919073224,0.8345537870191038,True,0.07809555419363215,False
capacity,2,219,3.703941125422716,0.312059186398983,0.00011990778148174286,3.704061033204198,0.8382800600957125,True,0.046025904288714545,False
capacity,2,220,3.744598012417555,0.3127909731119871,0.00013993121683597565,3.744737943634391,0.8420525100082159,True,0.04479957104158099,False
capacity,2,221,3.9309989660978317,0.3276278730481863,0.00014016404747962952,3.9311391301453114,0.8460064521059394,True,0.04803626985035438,False
capacity,2,222,3.7377439439296722,0.3186610992997885,0.00011990778148174286,3.737863851711154,0.8497676099650562,True,0.0855462680364953,False
capacity,2,223,3.6936309188604355,0.3106060903519392,0.00012991949915885925,3.6937608383595943,0.8534839239437133,True,0.02973002690183005,False
capacity,2,224,3.7074268329888582,0.31211902387440205,0.00012107193470001221,3.7075479049235582,0.8572137539740652,True,0.037034899979863325,False
capacity,2,225,3.7108128890395164,0.31515397131443024,0.0001511070877313614,3.710963996127248,0.86094681895338,True,0.1158702426444506,False
capacity,2,226,3.709280863404274,0.3121388144791126,0.00013015232980251312,3.7094110157340765,0.864678462035954,True,0.028095089761939526,False
capacity,2,227,3.711816156283021,0.31205895356833935,0.00011990778148174286,3.7119360640645027,0.8684132711496204,True,0.017390150290243486,False
capacity,2,228,3.698650049045682,0.3102649934589863,0.00015087425708770752,3.6988009233027697,0.8721346040256321,True,0.0885309926763052,False
capacity,2,229,3.7231571041047573,0.31709903851151466,0.00012991949915885925,3.723287023603916,0.8758801431395113,True,0.06332165005533742,False
capacity,2,230,3.8348680827766657,0.31048618257045746,0.00012991949915885925,3.8349980022758245,0.8797377140726894,True,0.03182680389423438,False
capacity,2,231,3.6913061048835516,0.3104959614574909,0.00012991949915885925,3.6914360243827105,0.8834520031232387,True,0.08689441631323253,False
capacity,2,232,3.7272940389811993,0.3106561489403248,0.00012991949915885925,3.727423958480358,0.887201779987663,True,0.021061363552246484,False
capacity,2,233,3.70520306751132,0.31687808223068714,0.00013085082173347473,3.7053339183330536,0.8909293860197067,True,0.06113093624205454,False
capacity,2,234,3.699942957609892,0.31277001835405827,0.00012107193470001221,3.700064029544592,0.8946515610441566,True,0.020634082735261065,False
capacity,2,235,3.9602441247552633,0.32190699130296707,0.00012991949915885925,3.960374044254422,0.898635279154405,True,0.013428230572069271,False
capacity,2,236,3.688241122290492,0.31527504324913025,0.00010989606380462646,3.6883510183542967,0.9023462631739676,True,0.010288321124767028,False
capacity,2,237,3.719109110534191,0.3149951808154583,0.00011990778148174286,3.719229018315673,0.9060877840965986,True,0.015709570559914034,False
capacity,2,238,3.7430040538311005,0.32224808819592,0.00011990778148174286,3.743123961612582,0.9098535510711372,True,0.07660370402804381,False
capacity,2,239,3.7423030007630587,0.3163570072501898,0.00013015232980251312,3.742433153092861,0.9136189881246537,True,0.05767576518902487,False
capacity,2,240,3.7396380212157965,0.31838100403547287,0.00012991949915885925,3.7397679407149553,0.9173829720821232,True,0.018391670538306308,False
capacity,2,241,3.723196918144822,0.32040500082075596,0.00014016404747962952,3.7233370821923018,0.921130184084177,True,0.047291400820884864,False
capacity,2,242,3.7435260601341724,0.32194796949625015,0.00012991949915885925,3.7436559796333313,0.924897164106369,True,0.03054535245064268,False
capacity,2,243,4.161012824624777,0.31691789627075195,0.0001511070877313614,4.161163931712508,0.9290815109852701,True,0.02657110848111272,False
capacity,2,244,3.8236770778894424,0.3353229258209467,0.00013993121683597565,3.8238170091062784,0.9329340821132064,True,0.030830998369191922,False
capacity,2,245,3.7674198392778635,0.32226787880063057,0.00012107193470001221,3.7675409112125635,0.9367274909745902,True,0.022699099935614114,False
capacity,2,246,3.742663888260722,0.3207959234714508,0.00011012889444828033,3.7427740171551704,0.9404956130310893,True,0.027674877155005606,False
capacity,2,247,3.784522181376815,0.3204441163688898,0.00013085082173347473,3.7846530321985483,0.944306034129113,True,0.012063554714807386,False
capacity,2,248,3.7996319588273764,0.3224690444767475,0.00013015232980251312,3.799762111157179,0.9481300620827824,True,0.00972641346441777,False
capacity,2,249,3.7708261515945196,0.32976199872791767,0.00015087425708770752,3.7709770258516073,0.951926977140829,True,0.015537128792774682,False
capacity,2,250,3.7339080590754747,0.3151651471853256,0.00013993121683597565,3.7340479902923107,0.955685812048614,True,0.046923853898206996,False
capacity,2,251,3.7209931761026382,0.3142331261187792,0.00012991949915885925,3.721123095601797,0.9594304291531444,True,0.06640705336426417,False
capacity,2,252,3.7573110312223434,0.31133810989558697,0.00012991949915885925,3.7574409507215023,0.9632117450237274,True,0.10529833609726148,False
capacity,2,253,4.3364339508116245,0.3221880178898573,0.0001310836523771286,4.336565034464002,0.9675747700966895,True,0.17272468112780232,False
capacity,2,254,4.277113126590848,0.3313859924674034,0.00014994293451309204,4.277263069525361,0.9718797751702368,True,0.0532553809657761,False
capacity,2,255,4.050554009154439,0.31687808223068714,0.00015087425708770752,4.050704883411527,0.9759556869976223,True,0.06432759169436864,False
paced_30fps,0,0,3.476100042462349,0.319743063300848,0.08021201938390732,3.5563120618462563,0.0035563120618462563,False,,
paced_30fps,0,1,4.2232300620526075,0.3928611986339092,0.06079254671931267,4.28402260877192,0.037617356050759554,False,,
paced_30fps,0,2,4.311315948143601,0.36843493580818176,0.06259349174797535,4.373909439891577,0.0710405760910362,False,,
paced_30fps,0,3,4.658381920307875,0.447483966127038,0.0673290342092514,4.725710954517126,0.10472571104764938,False,,
paced_30fps,0,4,4.447364015504718,0.37949602119624615,0.062256818637251854,4.50962083414197,0.13784295413643122,False,,
paced_30fps,0,5,4.8748101107776165,0.43683499097824097,0.06359629333019257,4.938406404107809,0.1716050731483847,False,,
paced_30fps,0,6,5.14889694750309,0.4361029714345932,0.06266217678785324,5.211559124290943,0.20521155907772481,False,,
paced_30fps,0,7,5.141434026882052,0.36946707405149937,0.06404169835150242,5.205475725233555,0.23853880912065506,False,,
paced_30fps,0,8,5.2508399821817875,0.3734750207513571,0.06388849578797817,5.314728477969766,0.27198139508254826,False,,
paced_30fps,0,9,5.292959976941347,0.4385181237012148,0.06681098602712154,5.359770962968469,0.3053597710095346,False,,
paced_30fps,0,10,5.267200991511345,0.43191504664719105,0.06405380554497242,5.331254797056317,0.33866458805277944,False,,
paced_30fps,0,11,4.962024977430701,0.44068205170333385,0.064431456848979,5.02645643427968,0.37169312313199043,False,,
paced_30fps,0,12,5.29477302916348,0.463525066152215,0.0727442093193531,5.367517238482833,0.4053675171453506,False,,
paced_30fps,0,13,4.200887866318226,0.425201840698719,0.06280280649662018,4.263690672814846,0.4375970240216702,False,,
paced_30fps,0,14,4.201940027996898,0.4228081088513136,0.06191851571202278,4.2638585437089205,0.4709305251017213,False,,
paced_30fps,0,15,4.3596981558948755,0.40973303839564323,0.06218603812158108,4.421884194016457,0.5044218841940165,False,,
paced_30fps,0,16,4.927380010485649,0.42421091347932816,0.06684171967208385,4.994221730157733,0.5383275551721454,False,,
paced_30fps,0,17,5.669338861480355,0.44349697418510914,0.06942451000213623,5.7387633714824915,0.5724054300226271,False,,
paced_30fps,0,18,6.017788080498576,0.4768599756062031,0.06803800351917744,6.085826084017754,0.60608582617715,False,,
paced_30fps,0,19,4.998733988031745,0.38402481004595757,0.06601191125810146,5.064745899289846,0.6383980792015791,False,,
paced_30fps,0,20,4.901020089164376,0.4401311744004488,0.06567826494574547,4.966698354110122,0.671633365098387,False,,
paced_30fps,0,21,5.368221085518599,0.3825109452009201,0.07098610512912273,5.439207190647721,0.7054392071440816,False,,
paced_30fps,0,22,6.486812140792608,0.4591969773173332,0.06811763159930706,6.554929772391915,0.7398882631678134,False,,
paced_30fps,0,23,4.7375711146742105,0.4437370225787163,0.06620143540203571,4.803772550076246,0.7714704391546547,False,,
paced_30fps,0,24,4.269717959687114,0.4113968461751938,0.06255111657083035,4.332269076257944,0.8043322691228241,False,,
paced_30fps,0,25,4.146906081587076,0.39657787419855595,0.06018485873937607,4.207090940326452,0.8375404241960496,False,,
paced_30fps,0,26,4.1697591077536345,0.32418197952210903,0.05905935540795326,4.228818463161588,0.8708954851608723,False,,
paced_30fps,0,27,6.870846962556243,0.4860968329012394,0.07246225140988827,6.943309213966131,0.9069433091208339,False,,
paced_30fps,0,28,5.013983929529786,0.45570102520287037,0.06845081225037575,5.082434741780162,0.9384157680906355,False,,
paced_30fps,0,29,5.204632878303528,0.47362386249005795,0.06811763159930706,5.272750509902835,0.9719394170679152,False,,
paced_30fps,0,30,5.206336034461856,0.4527741111814976,0.06564101204276085,5.271977046504617,1.0052719770465046,False,,
paced_30fps,0,31,5.601051030680537,0.3885440528392792,0.06433459930121899,5.665385629981756,1.0389987190719694,False,,
paced_30fps,0,32,5.04612410441041,0.4501191433519125,0.06488338112831116,5.111007485538721,1.0717776741366833,False,,
paced_30fps,0,33,4.496234934777021,0.44035096652805805,0.06279698573052883,4.55903192050755,1.1045590320136398,False,,
paced_30fps,0,34,4.378492943942547,0.42405002750456333,0.06206287071108818,4.440555814653635,1.1377738891169429,False,,
paced_30fps,0,35,4.326626192778349,0.4117470234632492,0.06064726039767265,4.387273453176022,1.171053940197453,True,0.01225987048930153,False
paced_30fps,0,36,6.106554996222258,0.34177512861788273,0.05943211726844311,6.165987113490701,1.2061659870669246,True,0.012229499744197276,False
paced_30fps,0,37,4.9492609687149525,0.42227678932249546,0.0612128060311079,5.01047377474606,1.2383438071701676,True,0.007336335832365875,False
paced_30fps,0,38,4.778698086738586,0.40580518543720245,0.06134039722383022,4.840038483962417,1.271506705088541,True,0.005437957480609162,False
paced_30fps,0,39,6.254283944144845,0.48041692934930325,0.0644531100988388,6.318737054243684,1.3063187371008098,True,0.006710618777870863,False
paced_30fps,0,40,5.919992923736572,0.45968685299158096,0.06616394966840744,5.98615687340498,1.339319490129128,True,0.009528751722264882,False
paced_30fps,0,41,4.303792025893927,0.4131901077926159,0.06380630657076836,4.367598332464695,1.3710342650301754,True,0.011947936844858635,False
paced_30fps,0,42,4.733793903142214,0.4269860219210386,0.0617902260273695,4.795584129169583,1.4047955840360373,True,0.008701071844606924,False
paced_30fps,0,43,4.953468916937709,0.4424650687724352,0.06429175846278667,5.0177606754004955,1.4383510940242559,True,0.11314047632017132,False
paced_30fps,0,44,5.026936996728182,0.4316139966249466,0.06498047150671482,5.091917468234897,1.4717585840262473,True,0.06967681040920592,False
paced_30fps,0,45,4.453966161236167,0.42651500552892685,0.37308898754417896,4.827055148780346,1.5048270551487803,True,0.1439219284753002,False
paced_30fps,0,46,4.7409378457814455,0.4380769096314907,0.0635017640888691,4.804439609870315,1.538137773051858,True,0.0961186155346383,False
paced_30fps,0,47,4.786433884873986,0.3825719468295574,0.06693555042147636,4.853369435295463,1.57152003608644,True,0.04510630517935071,False
paced_30fps,0,48,4.727924009785056,0.4449100233614445,0.06533903069794178,4.793263040482998,1.6047932631336153,True,0.024396779025473502,False
paced_30fps,0,49,4.559966968372464,0.4283490125089884,0.06176973693072796,4.621736705303192,1.6379550700075924,True,0.019302071031683972,False
paced_30fps,0,50,5.743350135162473,0.38607907481491566,0.06562424823641777,5.8089743833988905,1.6724756411276758,True,0.019141878322176415,False
paced_30fps,0,51,5.195444915443659,0.45734294690191746,0.06614322774112225,5.261588143184781,1.7052615880966187,True,0.021308750904048896,False
paced_30fps,0,52,5.147554911673069,0.4426250234246254,0.06484775803983212,5.212402669712901,1.7385457360651344,True,0.07471006854140885,False
paced_30fps,0,53,5.226854933425784,0.4446590319275856,0.06464449688792229,5.291499430313706,1.7719581660348922,True,0.12141691013985191,False
paced_30fps,0,54,4.437715979292989,0.43886899948120117,0.059782061725854874,4.497498041018844,1.804497498087585,True,0.06459332565214011,False
paced_30fps,0,55,4.38702991232276,0.4234591033309698,0.06210384890437126,4.449133761227131,1.8377824670169502,True,0.03798289789113414,False
paced_30fps,0,56,4.9221699591726065,0.4533559549599886,0.06511644460260868,4.987286403775215,1.871653953101486,True,0.0778131288045933,False
paced_30fps,0,57,5.222616950049996,0.45409705489873886,0.0652142334729433,5.28783118352294,1.9052878310903907,True,0.044110848350034454,False
paced_30fps,0,58,5.22113312035799,0.4423740319907665,0.06507174111902714,5.286204861477017,1.9386195382103324,True,0.022986368001654635,False
paced_30fps,0,59,4.953118972480297,0.4328570794314146,0.06376556120812893,5.016884533688426,1.9716835510917008,True,0.023774473422396605,False
paced_30fps,0,60,4.959159065037966,0.43351808562874794,0.06357301026582718,5.022732075303793,2.005022732075304,True,0.023290015297718007,False
paced_30fps,0,61,4.843721864745021,0.42336899787187576,0.06107473745942116,4.904796602204442,2.038238130044192,True,0.1893656785189283,False
paced_30fps,0,62,4.910066956654191,0.4254330415278673,0.06159348413348198,4.971660440787673,2.0716383270919323,True,0.14582276647696532,False
paced_30fps,0,63,5.158284911885858,0.4314039833843708,0.06485707126557827,5.223141983151436,2.1052231420762837,True,0.09070840130003502,False
paced_30fps,0,64,4.981220932677388,0.42731710709631443,0.06214878521859646,5.043369717895985,2.1383767030201852,True,0.15317393805731047,False
paced_30fps,0,65,5.202017957344651,0.4387879744172096,0.06565242074429989,5.267670378088951,2.171934337122366,True,0.09458856321510305,False
paced_30fps,0,66,4.829544108361006,0.44019008055329323,0.06183306686580181,4.891377175226808,2.2048913771286607,True,0.07085293387604445,False
paced_30fps,0,67,4.775071982294321,0.3573950380086899,0.9646236430853605,5.739695625379682,2.239073029020801,True,0.04539707084853285,False
paced_30fps,0,68,5.752456141635776,0.5282461643218994,0.06335042417049408,5.81580656580627,2.2724824731703848,True,0.027509273331981478,False
paced_30fps,0,69,4.4123881962150335,0.4282791633158922,0.06179395131766796,4.4741821475327015,2.304474182194099,True,0.023875570376089523,False
paced_30fps,0,70,4.96709393337369,0.3542378544807434,0.9775499347597361,5.944643868133426,2.3392779771238565,True,0.038260787354053784,False
paced_30fps,0,71,6.036512088030577,0.35633216612040997,0.6311233155429363,6.667635403573513,2.3733343021012843,True,0.07792377073950463,False
paced_30fps,0,72,6.0826800763607025,0.5569520872086287,0.06631412543356419,6.148994201794267,2.406148994108662,True,0.04585175154891526,False
paced_30fps,0,73,4.561309004202485,0.5237690638750792,0.0648887362331152,4.6261977404356,2.437959531089291,True,0.03626142895803348,False
paced_30fps,0,74,5.499318009242415,0.5269639659672976,0.06687059067189693,5.566188599914312,2.4722328551579267,True,0.048934248340535155,False
paced_30fps,0,75,6.106654880568385,0.46732183545827866,0.06469315849244595,6.171348039060831,2.506171348039061,True,0.056997602212304314,False
paced_30fps,0,76,5.86798507720232,0.5337570328265429,0.06619258783757687,5.934177665039897,2.5392675111070275,True,0.12942964408001087,False
paced_30fps,0,77,7.417578948661685,0.5383659154176712,0.06416649557650089,7.481745444238186,2.574148412095383,True,0.07712547327854744,False
paced_30fps,0,78,4.402428865432739,0.36323489621281624,0.06131804548203945,4.463746910914779,2.604463747004047,True,0.02563377359581541,False
paced_30fps,0,79,5.874055903404951,0.5330860149115324,0.06409082561731339,5.9381467290222645,2.6392714800313115,True,0.0509435599932384,False
paced_30fps,0,80,7.049554958939552,0.5338469054549932,0.06325636059045792,7.11281131953001,2.673779478063807,True,0.08349853239085253,False
paced_30fps,0,81,6.406350992619991,0.5256419535726309,0.06470619700849056,6.471057189628482,2.7064710571430624,True,0.049177003758942114,False
paced_30fps,0,82,6.129648070782423,0.461020041257143,0.06267963908612728,6.19232770986855,2.73952566110529,True,0.05100533248322893,False
paced_30fps,0,83,5.386895965784788,0.4594470374286175,0.0643804669380188,5.451276432722807,2.7721179430373013,True,0.080344005283614,False
paced_30fps,0,84,6.010392913594842,0.45110099017620087,0.06365613080561161,6.074049044400454,2.8060740490909666,True,0.029516762461957103,False
paced_30fps,0,85,5.087100202217698,0.5200312007218599,0.06492575630545616,5.152025958523154,2.8384853592142463,True,0.035363300080404794,False
paced_30fps,0,86,5.953706800937653,0.5308720283210278,0.0628884881734848,6.016595289111137,2.872683261986822,True,0.09671838611510575,False
paced_30fps,0,87,6.423423066735268,0.4867690149694681,0.06823614239692688,6.4916592091321945,2.906491659116,True,0.05450811847718774,False
paced_30fps,0,88,6.013187812641263,0.46030781231820583,0.06466684862971306,6.077854661270976,2.9394111880101264,True,0.05708748878991665,False
paced_30fps,0,89,5.367019912227988,0.4572328180074692,0.06579561159014702,5.432815523818135,2.9720994820818305,True,0.06555503900541793,False
paced_30fps,0,90,6.005533970892429,0.46110013499855995,0.06403005681931973,6.069564027711749,3.0060695640277117,True,0.06357460174271229,False
paced_30fps,0,91,5.952283972874284,0.4542078822851181,0.06369571201503277,6.015979684889317,3.039349313126877,True,0.05061884341572365,False
paced_30fps,0,92,5.982239963486791,0.45081996358931065,0.062491511926054955,6.044731475412846,3.0727113981265575,True,0.06029075530346539,False
paced_30fps,0,93,4.949050024151802,0.5229769740253687,0.06696698255836964,5.016017006710172,3.1050160170998424,True,0.08178216044792189,False
paced_30fps,0,94,4.4569820165634155,0.41311909444630146,0.06193481385707855,4.518916830420494,3.1378522501327097,True,0.09370568940998567,False
paced_30fps,0,95,5.723552079871297,0.42026303708553314,0.06500724703073502,5.788559326902032,3.172455226071179,True,0.05199138453651093,False
paced_30fps,0,96,5.962083116173744,0.4545280244201422,0.062409089878201485,6.024492206051946,3.206024492159486,True,0.0625063245065248,False
paced_30fps,0,97,4.745356040075421,0.4532050807029009,0.06420072168111801,4.809556761756539,3.238142890157178,True,0.054778048907430994,False
paced_30fps,0,98,4.4266050681471825,0.45540998689830303,0.06324541755020618,4.489850485697389,3.271156517090276,True,0.06748759290471087,False
paced_30fps,0,99,4.629767965525389,0.346924876794219,0.2976851537823677,4.927453119307756,3.304927453165874,True,0.10187612845615238,False
paced_30fps,0,100,5.486706038936973,0.35577197559177876,0.9651319123804569,6.4518379513174295,3.3397851712070405,True,0.1315203993388125,False
paced_30fps,0,101,6.429353961721063,0.564234796911478,0.06950949318706989,6.4988634549081326,3.373165530152619,True,0.08049001645678419,False
paced_30fps,0,102,4.985069157555699,0.45154220424592495,0.06421608850359917,5.0492852460592985,3.405049285152927,True,0.07188884699382003,False
paced_30fps,0,103,5.086129065603018,0.48883305862545967,0.06712879985570908,5.153257865458727,3.438486591214314,True,0.05894711981572085,False
paced_30fps,0,104,5.383891053497791,0.4507009871304035,0.0640104990452528,5.447901552543044,3.4721145681105554,True,0.03417830714589885,False
paced_30fps,0,105,5.61128999106586,0.46904501505196095,0.06628199480473995,5.6775719858706,3.5056775719858706,True,0.08840090213017258,False
paced_30fps,0,106,5.563941085711122,0.4637350793927908,0.07065758109092712,5.634598666802049,3.5389679321087897,True,0.04313421052097944,False
paced_30fps,0,107,5.385243101045489,0.4540160298347473,0.06830040365457535,5.453543504700065,3.5721202101558447,True,0.04723246398005121,False
paced_30fps,0,108,5.354366032406688,0.4595681093633175,0.06895791739225388,5.423323949798942,3.605423324042931,True,0.06600788520135656,False
paced_30fps,0,109,4.852427868172526,0.44912705197930336,0.06469781510531902,4.917125683277845,3.638250458985567,True,0.05611389549092964,False
paced_30fps,0,110,5.999332992359996,0.5014468915760517,0.07057539187371731,6.069908384233713,3.6727365751285106,True,0.04730167228357672,False
paced_30fps,0,111,5.535627016797662,0.3888730425387621,0.06816908717155457,5.603796103969216,3.705603796057403,True,0.06474323252288626,False
paced_30fps,0,112,5.753128090873361,0.4509810823947191,0.06907759234309196,5.822205683216453,3.739155539078638,True,0.05105523771205206,False
paced_30fps,0,113,5.450718104839325,0.45345607213675976,0.06804242730140686,5.518760532140732,3.7721854271367192,True,0.05020467638419548,False
paced_30fps,0,114,5.017238901928067,0.45613106340169907,0.06552506238222122,5.082763964310288,3.8050827640108764,True,0.10377716634332934,False
paced_30fps,0,115,5.039610899984837,0.3628549166023731,0.9681459050625563,6.007756805047393,3.8393410900607705,True,0.11652842155234219,False
paced_30fps,0,116,5.331170978024602,0.3770710900425911,0.06898632273077965,5.400157300755382,3.872066823998466,True,0.06273007095151667,False
paced_30fps,0,117,4.827591124922037,0.4512220621109009,0.06790109910070896,4.895492224022746,3.9048954921308905,True,0.11825370322879471,False
paced_30fps,0,118,5.026666913181543,0.41129603050649166,0.06410176865756512,5.0907686818391085,3.9384241020306945,True,0.06333744073736737,False
paced_30fps,0,119,5.17770298756659,0.41645695455372334,0.06436859257519245,5.242071580141783,3.971908738138154,True,0.068361795139378,False
paced_30fps,0,120,4.6318520326167345,0.4193810746073723,0.06257300265133381,4.694425035268068,4.004694425035268,True,0.13687387742882393,False
paced_30fps,0,121,5.028669955208898,0.43578213080763817,0.06381259299814701,5.092482548207045,4.038425815990195,True,0.11420777780498767,False
paced_30fps,0,122,4.745987011119723,0.42079389095306396,0.06309850141406059,4.809085512533784,4.071475752163678,True,0.1605138650483188,False
paced_30fps,0,123,4.678029101341963,0.42290822602808475,0.06208289414644241,4.740111995488405,4.104740112088621,True,0.09631816821089109,False
paced_30fps,0,124,4.6354979276657104,0.4279869608581066,0.06341375410556793,4.698911681771278,4.1380322449840605,True,0.046687574324099514,False
paced_30fps,0,125,4.909736104309559,0.4214751534163952,0.06293924525380135,4.97267534956336,4.17163934209384,True,0.05896268491657893,False
paced_30fps,0,126,5.3088790737092495,0.45504793524742126,0.06672414019703865,5.375603213906288,4.20537560316734,True,0.05284329935139865,False
paced_30fps,0,127,4.839913919568062,0.435421010479331,0.0627436675131321,4.902657587081194,4.238235990982503,True,0.03774915182517058,False
paced_30fps,0,128,4.772446816787124,0.4225668963044882,0.06362260319292545,4.836069419980049,4.2715027360245585,True,0.04225719604103651,False
paced_30fps,0,129,4.438347183167934,0.4370352253317833,0.06301794201135635,4.501365125179291,4.304501365171745,True,0.042207129461147005,False
paced_30fps,0,130,4.810388898476958,0.4217859823256731,0.06375694647431374,4.874145844951272,4.338207479100674,True,0.052541194144467965,False
paced_30fps,0,131,4.895920865237713,0.4311338998377323,0.06404449231922626,4.959965357556939,4.371626632055268,True,0.13659456432355271,False
paced_30fps,0,132,5.217295838519931,0.4484059754759073,0.06614625453948975,5.283442093059421,4.405283441999927,True,0.09239309555560637,False
paced_30fps,0,133,4.872035002335906,0.42666494846343994,0.06216578185558319,4.934200784191489,4.438267534133047,True,0.058018401341680174,False
paced_30fps,0,134,4.920997191220522,0.4283180460333824,0.06439746357500553,4.9853946547955275,4.471652061212808,True,0.019980046786125468,False
paced_30fps,0,135,6.029179086908698,0.40820101276040077,0.06244005635380745,6.0916191432625055,4.5060916191432625,True,0.03980176002412545,False
paced_30fps,0,136,5.503006046637893,0.46945596113801,0.06621470674872398,5.569220753386617,4.538902554195374,True,0.04865685869287586,False
paced_30fps,0,137,5.167733877897263,0.46215299516916275,0.0635865144431591,5.231320392340422,4.571897987043485,True,0.05296344388352931,False
paced_30fps,0,138,5.4599749855697155,0.4756778944283724,0.06372411735355854,5.523699102923274,4.6055236991960555,True,0.1063785386938749,False
paced_30fps,0,139,4.837380023673177,0.4530451260507107,0.06791972555220127,4.905299749225378,4.638238633051515,True,0.07976769277944422,False
paced_30fps,0,140,6.008740980178118,0.4569031298160553,0.06416928954422474,6.0729102697223425,4.672739577013999,True,0.07003102061739068,False
paced_30fps,0,141,5.566916894167662,0.4616919904947281,0.06234319880604744,5.629260092973709,4.705629260046408,True,0.08163481082646534,False
paced_30fps,0,142,5.675151012837887,0.4055560566484928,0.06140861660242081,5.736559629440308,4.739069893024862,True,0.06477385140727955,False
paced_30fps,0,143,5.261559970676899,0.44750398956239223,0.06319954991340637,5.324759520590305,4.771991426125169,True,0.09354522600307189,False
paced_30fps,0,144,5.999722983688116,0.4551890306174755,0.061864033341407776,6.061587017029524,4.806061587063596,True,0.09156414207434026,False
paced_30fps,0,145,5.983944050967693,0.4519231151789427,0.06389478221535683,6.04783883318305,4.839381172088906,True,0.06525209853035971,False
paced_30fps,0,146,4.64423606172204,0.45932712964713573,0.06572529673576355,4.709961358457804,4.871376628056169,True,0.12040809798621827,False
paced_30fps,0,147,5.269604967907071,0.4569930024445057,0.0621662475168705,5.331771215423942,4.905331771122292,True,0.1456875004137683,False
paced_30fps,0,148,5.9839540626853704,0.44516101479530334,0.06261374801397324,6.046567810699344,4.939379901159555,True,0.07962638645970473,False
paced_30fps,0,149,5.021617049351335,0.4495179746299982,0.06469548679888248,5.086312536150217,4.971752979094163,True,0.11848683892388567,False
paced_30fps,0,150,5.553150083869696,0.45586004853248596,0.06259907968342304,5.615749163553119,5.005615749163553,True,0.10932172094428859,False
paced_30fps,0,151,5.704847164452076,0.4498290363699198,0.06388756446540356,5.7687347289174795,5.039102068170905,True,0.0863738802398017,False
paced_30fps,0,152,4.282793030142784,0.45033986680209637,0.06279349327087402,4.345586523413658,5.071012253174558,True,0.08003292884762415,False
paced_30fps,0,153,4.721872042864561,0.445361016318202,0.0648139975965023,4.786686040461063,5.104786686133593,True,0.049017683296632406,False
paced_30fps,0,154,6.019911961629987,0.5404399707913399,0.06515183486044407,6.085063796490431,5.13941839709878,True,0.06027504098071495,False
paced_30fps,0,155,5.648029036819935,0.5237378645688295,0.0650694128125906,5.713098449632525,5.172379765193909,True,0.06930842162907452,False
paced_30fps,0,156,4.320824984461069,0.3566029481589794,0.05988613702356815,4.380711121484637,5.2043807110749185,True,0.10438220341912133,False
paced_30fps,0,157,4.733744077384472,0.4595068749040365,0.06564473733305931,4.799388814717531,5.238132722210139,True,0.15363664007096278,False
paced_30fps,0,158,5.867803934961557,0.5352299194782972,0.06755557842552662,5.935359513387084,5.272602026117966,True,0.18795062516833427,False
paced_30fps,0,159,6.945617962628603,0.5286070518195629,0.0634749885648489,7.009092951193452,5.30700909299776,True,0.062408647859111016,False
paced_30fps,0,160,7.5239501893520355,0.5372040905058384,0.06439373828470707,7.588343927636743,5.34092167718336,True,0.07736855954933979,False
paced_30fps,0,161,5.460926098749042,0.3890339285135269,0.06706640124320984,5.527992499992251,5.372194659197703,True,0.07336153111616671,False
paced_30fps,0,162,5.558541044592857,0.4886018577963114,0.0667632557451725,5.62530430033803,5.405625304207206,True,0.1581202682137653,False
paced_30fps,0,163,5.550284869968891,0.44050090946257114,0.06598886102437973,5.616273730993271,5.438949607079849,True,0.08687219188304,False
paced_30fps,0,164,6.04315591044724,0.44800597243011,0.0665765255689621,6.109732436016202,5.472776398994029,True,0.04939798307489255,False
paced_30fps,0,165,5.201125983148813,0.38762204349040985,0.0655720941722393,5.2666980773210526,5.505266698077321,True,0.10651366199191885,False
paced_30fps,0,166,5.6628279853612185,0.45121205039322376,0.0696366187185049,5.732464604079723,5.539065798046067,True,0.07674392528446969,False
paced_30fps,0,167,6.473768036812544,0.44890702702105045,0.0639534555375576,6.5377214923501015,5.573204388143495,True,0.060749423146383964,False
paced_30fps,0,168,5.824162159115076,0.49540516920387745,0.06593391299247742,5.8900960721075535,5.60589009616524,True,0.12510231752886247,False
paced_30fps,0,169,4.623175133019686,0.43515092693269253,0.06340676918625832,4.686581902205944,5.638019915204495,True,0.06814795922720301,False
paced_30fps,0,170,7.610082160681486,0.500174006447196,0.07126829586923122,7.681350456550717,5.674348017200828,True,0.12023868219242706,False
paced_30fps,0,171,4.937128163874149,0.4581350367516279,0.06887107156217098,5.00599923543632,5.70500599918887,True,0.06900649108979852,False
paced_30fps,0,172,5.280565936118364,0.445991987362504,0.06321771070361137,5.343783646821976,5.7386771170422435,True,0.03364154426683917,False
paced_30fps,0,173,4.795370157808065,0.44699315913021564,0.06295437924563885,4.858324537053704,5.771524991141632,True,0.09522952030336457,False
paced_30fps,0,174,4.85191703774035,0.44111302122473717,0.06458396092057228,4.916500998660922,5.804916501045227,True,0.08743999635668279,False
paced_30fps,0,175,4.838311113417149,0.4433169960975647,0.06310874596238136,4.90141985937953,5.838234753115103,True,0.04339445599957766,False
paced_30fps,0,176,5.433415062725544,0.5052939523011446,0.07715239189565182,5.510567454621196,5.872177234152332,True,0.05503167733832143,False
paced_30fps,0,177,6.058393977582455,0.4788939841091633,0.0732222106307745,6.131616188213229,5.906131616095081,True,0.02483383268292338,False
paced_30fps,0,178,5.345078185200691,0.4509210120886564,0.06805965676903725,5.4131378419697285,5.938746471190825,True,0.03041716219004914,False
paced_30fps,0,179,4.626009846106172,0.4248018376529217,0.06608362309634686,4.6920934692025185,5.971358760027215,True,0.03044565246117464,False
paced_30fps,0,180,4.428418120369315,0.4244509618729353,0.061101047322154045,4.489519167691469,6.0044895191676915,True,0.04012495852917799,False
paced_30fps,0,181,4.919163882732391,0.4154238849878311,0.06402377039194107,4.983187653124332,6.038316521095112,True,0.03501292740427759,False
paced_30fps,0,182,4.956894787028432,0.4129589069634676,0.06319954991340637,5.020094336941838,6.0716867609880865,True,0.0342733520129743,False
paced_30fps,0,183,5.4494349751621485,0.4454408772289753,0.06569107063114643,5.515126045793295,6.1055151261389256,True,0.13671040777467341,False
paced_30fps,0,184,4.835234954953194,0.42341905646026134,0.06353482604026794,4.898769780993462,6.138232103083283,True,0.07803236709225277,False
paced_30fps,0,185,4.44866600446403,0.42582396417856216,0.06204843521118164,4.510714439675212,6.171177381183952,True,0.0712474139638286,False
paced_30fps,0,186,4.6615879982709885,0.4330170340836048,0.06254715844988823,4.724135156720877,6.204724135110155,True,0.029752163934161552,False
paced_30fps,0,187,5.471365991979837,0.44891703873872757,0.06577069871127605,5.5371366906911135,6.238870470086113,True,0.027488201215922117,False
paced_30fps,0,188,6.518192123621702,0.48683909699320793,0.06821146234869957,6.586403585970402,6.273253070190549,True,0.04707822661348066,False
paced_30fps,0,189,5.939478985965252,0.41303900070488453,0.0675481278449297,6.007027113810182,6.306007027160376,True,0.04257851386222863,False
paced_30fps,0,190,5.09752007201314,0.4423751961439848,0.06567174568772316,5.163191817700863,6.338496525073424,True,0.05275653765144264,False
paced_30fps,0,191,5.010527092963457,0.45072101056575775,0.06626942194998264,5.07679651491344,6.371743463212624,True,0.05360376355859888,False
paced_30fps,0,192,5.5727369617670774,0.5492968484759331,0.06731925532221794,5.640056217089295,6.405640056123957,True,0.05125059100687962,False
paced_30fps,0,193,5.605961196124554,0.5085601005703211,0.06361864507198334,5.669579841196537,6.439002913190052,True,0.037841835609313944,False
paced_30fps,0,194,5.69971720688045,0.4450501874089241,0.06639142520725727,5.7661086320877075,6.4724327751901,True,0.030682144873256344,False
paced_30fps,0,195,5.089505109935999,0.4705078899860382,0.06436510011553764,5.153870210051537,6.5051538702100515,True,0.027771305586601777,False
paced_30fps,0,196,5.046164151281118,0.3869100473821163,0.06477255374193192,5.11093670502305,6.538444270147011,True,0.08264651584897018,False
paced_30fps,0,197,7.323010126128793,0.5545360036194324,0.06582238711416721,7.38883251324296,6.574055499164388,True,0.018289331880007496,False
paced_30fps,0,198,6.500168005004525,0.4953250754624605,0.06771297194063663,6.567880976945162,6.606567881070077,True,0.03736964910038433,False
paced_30fps,0,199,6.862260866910219,0.4892428405582905,0.06945384666323662,6.931714713573456,6.640265048015863,True,0.021341400018988897,False
paced_30fps,0,200,6.827946985140443,0.4917578771710396,0.06792740896344185,6.895874394103885,6.673562541138381,True,0.03230493070735621,False
paced_30fps,0,201,5.85137284360826,0.5608678329735994,0.07165223360061646,5.923025077208877,6.705923025030643,True,0.09925300948847456,False
paced_30fps,0,202,5.482087144628167,0.534379156306386,0.06389361806213856,5.545980762690306,6.738879314158112,True,0.05444982884082383,False
paced_30fps,0,203,4.973225994035602,0.47284201718866825,0.06698747165501118,5.040213465690613,6.771706880070269,True,0.05581045873729334,False
paced_30fps,0,204,5.894124042242765,0.46534789726138115,0.06984011270105839,5.963964154943824,6.80596396420151,True,0.06740239841547314,False
paced_30fps,0,205,5.485111847519875,0.49046496860682964,0.06995792500674725,5.555069772526622,6.83888840302825,True,0.04036481062907878,False
paced_30fps,0,206,5.752065917477012,0.48687891103327274,0.06656837649643421,5.818634293973446,6.872485300991684,True,0.10403911173037916,False
paced_30fps,0,207,5.883493926376104,0.49415300600230694,0.06982125341892242,5.953315179795027,6.905953315086663,True,0.10882656993418247,False
paced_30fps,0,208,5.949268117547035,0.44287601485848427,0.07029972039163113,6.019567837938666,6.939352901186794,True,0.07226010443257645,False
paced_30fps,0,209,5.239157937467098,0.4626030568033457,0.07488555274903774,5.314043490216136,6.9719807100482285,True,0.0789410558208605,False
paced_30fps,0,210,5.292247980833054,0.45166281051933765,0.06785918958485126,5.360107170417905,7.005360107170418,True,0.05403693956415909,False
paced_30fps,0,211,5.382858915254474,0.44407788664102554,0.06679468788206577,5.4496536031365395,7.038782987045124,True,0.2018353542525056,False
paced_30fps,0,212,5.412596045061946,0.4530050791800022,0.06898539140820503,5.481581436470151,7.072148248087615,True,0.10741711246774266,False
paced_30fps,0,213,4.849591990932822,0.4522430244833231,0.07100705988705158,4.920599050819874,7.104920599143952,True,0.06264301285349212,False
paced_30fps,0,214,5.7783660013228655,0.4466730169951916,0.07165479473769665,5.850020796060562,7.13918335409835,True,0.10241354372849307,False
paced_30fps,0,215,4.769802093505859,0.3736349754035473,0.06413832306861877,4.833940416574478,7.171500607160851,True,0.056659922236780215,False
paced_30fps,0,216,4.978656070306897,0.44250511564314365,0.0639650970697403,5.0426211673766375,7.2050426211208105,True,0.04270023746256229,False
paced_30fps,0,217,5.6182038970291615,0.46914583072066307,0.06505381315946579,5.683257710188627,7.23901659110561,True,0.052832907578748464,False
paced_30fps,0,218,5.744412075728178,0.4607299342751503,0.06839749403297901,5.812809569761157,7.27247947617434,True,0.07809555419363215,False
paced_30fps,0,219,5.2831710781902075,0.44927792623639107,0.06896606646478176,5.352137144654989,7.305352137191221,True,0.046025904288714545,False
paced_30fps,0,220,4.840435925871134,0.42501185089349747,0.06190990097820759,4.902345826849341,7.3382356790825725,True,0.04479957104158099,False
paced_30fps,0,221,4.909896990284324,0.42184581980109215,0.06473250687122345,4.974629497155547,7.371641296194866,True,0.04803626985035438,False
paced_30fps,0,222,6.194209912791848,0.42361882515251637,0.06569130346179008,6.259901216253638,7.406259901123121,True,0.0855462680364953,False
paced_30fps,0,223,5.0894347950816154,0.4569918382912874,0.07474585436284542,5.164180649444461,7.4384975139983,True,0.02973002690183005,False
paced_30fps,0,224,4.796762950718403,0.4507610574364662,0.0682405661791563,4.865003516897559,7.47153167007491,True,0.037034899979863325,False
paced_30fps,0,225,4.8079038970172405,0.4508509300649166,0.06473110988736153,4.872635006904602,7.504872635006905,True,0.1158702426444506,False
paced_30fps,0,226,4.795870976522565,0.4491379950195551,0.06783357821404934,4.863704554736614,7.538197037996724,True,0.028095089761939526,False
paced_30fps,0,227,4.880620865151286,0.43146382085978985,0.06207055412232876,4.942691419273615,7.571609358070418,True,0.017390150290243486,False
paced_30fps,0,228,5.582124926149845,0.4623229615390301,0.06678607314825058,5.648910999298096,7.60564891109243,True,0.0885309926763052,False
paced_30fps,0,229,4.673120100051165,0.43524219654500484,0.06446870975196362,4.737588809803128,7.638070922112092,True,0.06332165005533742,False
paced_30fps,0,230,4.187211859971285,0.39374292828142643,0.06067939102649689,4.247891250997782,7.670914557995275,True,0.03182680389423438,False
paced_30fps,0,231,4.171151900663972,0.4255028907209635,0.060075195506215096,4.231227096170187,7.704231227049604,True,0.08689441631323253,False
paced_30fps,0,232,4.21042600646615,0.3992430865764618,0.061805592849850655,4.272231599316001,7.7376055649947375,True,0.021061363552246484,False
paced_30fps,0,233,4.364105872809887,0.4160548560321331,0.06144260987639427,4.425548482686281,7.771092215087265,True,0.06113093624205454,False
paced_30fps,0,234,4.124925006181002,0.4060170613229275,0.06154901348054409,4.186474019661546,7.804186474066228,True,0.020634082735261065,False
paced_30fps,0,235,4.025657894089818,0.39524585008621216,0.05905190482735634,4.084709798917174,7.83741804305464,True,0.013428230572069271,False
paced_30fps,0,236,4.1558328084647655,0.3923298791050911,0.06165448576211929,4.217487294226885,7.870884153991938,True,0.010288321124767028,False
paced_30fps,0,237,4.066153895109892,0.39935391396284103,0.06024818867444992,4.126402083784342,7.904126401990652,True,0.015709570559914034,False
paced_30fps,0,238,4.105297848582268,0.38709002546966076,0.0590737909078598,4.164371639490128,7.9374977049883455,True,0.07660370402804381,False
paced_30fps,0,239,4.026109119877219,0.38833310827612877,0.059050507843494415,4.085159627720714,7.970751826185733,True,0.05767576518902487,False
paced_30fps,0,240,3.9658539462834597,0.3960770554840565,0.06013014353811741,4.025984089821577,8.004025984089822,True,0.018391670538306308,False
paced_30fps,0,241,4.092575050890446,0.38509699515998363,0.05814270116388798,4.150717752054334,8.037484051194042,True,0.047291400820884864,False
paced_30fps,0,242,4.020879045128822,0.3850269131362438,0.058881472796201706,4.079760517925024,8.07074642716907,True,0.03054535245064268,False
paced_30fps,0,243,3.9785990957170725,0.3898961003869772,0.058026984333992004,4.0366260800510645,8.104036626173183,True,0.02657110848111272,False
paced_30fps,0,244,3.9674679283052683,0.3892651293426752,0.059226760640740395,4.026694688946009,8.137360027991235,True,0.030830998369191922,False
paced_30fps,0,245,4.662188934162259,0.3861289005726576,0.058973440900444984,4.721162375062704,8.17138782911934,True,0.022699099935614114,False
paced_30fps,0,246,4.61896788328886,0.39653899148106575,0.05881022661924362,4.677778109908104,8.204677778063342,True,0.027674877155005606,False
paced_30fps,0,247,4.536170978099108,0.39129797369241714,0.05877763032913208,4.59494860842824,8.23792828200385,True,0.012063554714807386,False
paced_30fps,0,248,4.517395980656147,0.3915389534085989,0.05941558629274368,4.576811566948891,8.271243478171527,True,0.00972641346441777,False
paced_30fps,0,249,4.635829012840986,0.3984719514846802,0.05922303535044193,4.695052048191428,8.304695052094758,True,0.015537128792774682,False
paced_30fps,0,250,4.541963106021285,0.3849070053547621,0.05892873741686344,4.6008918434381485,8.337934225099161,True,0.046923853898206996,False
paced_30fps,0,251,4.086362896487117,0.3943750634789467,0.05914643406867981,4.145509330555797,8.370812176028267,True,0.06640705336426417,False
paced_30fps,0,252,4.719898104667664,0.3366649616509676,0.05850312300026417,4.778401227667928,8.404778401134536,True,0.10529833609726148,False
paced_30fps,0,253,5.401425063610077,0.40348200127482414,0.06391969509422779,5.465344758704305,8.43879867810756,True,0.17272468112780232,False
paced_30fps,0,254,5.008301930502057,0.4362529143691063,0.06522051990032196,5.073522450402379,8.471740189008415,True,0.0532553809657761,False
paced_30fps,0,255,4.845624789595604,0.48050680197775364,0.06470619700849056,4.9103309866040945,8.504910330986604,True,0.06432759169436864,False
