mode,repeat,frame,processing_ms,read_decode_ms,queue_ms,end_to_end_ms,elapsed_s,valid_score,score,alarm_active
capacity,0,0,4.11935499869287,0.34796702675521374,0.00010011717677116394,4.119455115869641,0.0041350440587848425,False,,
capacity,0,1,3.9950599893927574,0.3492189571261406,0.0001601874828338623,3.9952201768755913,0.008154720067977905,False,,
capacity,0,2,3.9641910698264837,0.33516203984618187,0.00010104849934577942,3.9642921183258295,0.012142105028033257,False,,
capacity,0,3,3.982116002589464,0.334140844643116,0.00010011717677116394,3.9822161197662354,0.0161466330755502,False,,
capacity,0,4,4.087473964318633,0.3353729844093323,9.988434612751007e-05,4.087573848664761,0.02025657892227173,False,,
capacity,0,5,3.953451057896018,0.3295519854873419,0.00010104849934577942,3.953552106395364,0.02423291397280991,False,,
capacity,0,6,3.9668360259383917,0.33027282916009426,0.00011012889444828033,3.96694615483284,0.028222243068739772,False,,
capacity,0,7,3.963179187849164,0.3362041898071766,7.986091077327728e-05,3.9632590487599373,0.03220744407735765,False,,
capacity,0,8,4.1696790140122175,0.3324970602989197,9.080395102500916e-05,4.1697698179632425,0.03640586789697409,False,,
capacity,0,9,3.973097773268819,0.3385688178241253,0.00010011717677116394,3.97319789044559,0.04040221986360848,False,,
capacity,0,10,3.9629589300602674,0.3317459486424923,0.00011106021702289581,3.9630699902772903,0.04438820295035839,False,,
capacity,0,11,3.9834880735725164,0.33407099545001984,9.988434612751007e-05,3.983587957918644,0.0483942530117929,False,,
capacity,0,12,4.487058147788048,0.3322470001876354,6.984919309616089e-05,4.487127996981144,0.05290385405533016,False,,
capacity,0,13,4.0606241673231125,0.33547310158610344,8.987262845039368e-05,4.060714039951563,0.05698719108477235,False,,
capacity,0,14,3.9653941057622433,0.3385390155017376,8.987262845039368e-05,3.9654839783906937,0.060974997002631426,False,,
capacity,0,15,4.1602421551942825,0.33927010372281075,7.986091077327728e-05,4.160322016105056,0.06515755108557642,False,,
capacity,0,16,4.800369963049889,0.3475360572338104,8.987262845039368e-05,4.800459835678339,0.06998057290911674,False,,
capacity,0,17,4.204565891996026,0.34155487082898617,9.010545909404755e-05,4.20465599745512,0.07420853292569518,False,,
capacity,0,18,4.1965399868786335,0.33551291562616825,0.00011012889444828033,4.196650115773082,0.07843356602825224,False,,
capacity,0,19,4.211447900161147,0.33782701939344406,0.00012107193470001221,4.211568972095847,0.08266742690466344,False,,
capacity,0,20,4.588278941810131,0.3428170457482338,0.000141095370054245,4.588420037180185,0.08727838890627027,False,,
capacity,0,21,4.784651100635529,0.3376081585884094,0.00014994293451309204,4.784801043570042,0.0920860730111599,False,,
capacity,0,22,4.215656081214547,0.34426990896463394,0.00014994293451309204,4.21580602414906,0.0963253730442375,False,,
capacity,0,23,4.523988114669919,0.33798697404563427,0.00012083910405635834,4.524108953773975,0.1008723450358957,False,,
capacity,0,24,4.2625050991773605,0.344220083206892,0.00012991949915885925,4.262635018676519,0.10515843401663005,False,,
capacity,0,25,4.208361962810159,0.34050201065838337,0.0001310836523771286,4.208493046462536,0.10938957892358303,False,,
capacity,0,26,4.18614991940558,0.33567287027835846,0.00012014061212539673,4.186270060017705,0.11359875299967825,False,,
capacity,0,27,4.528807010501623,0.3369860351085663,0.00010081566870212555,4.528907826170325,0.11815008288249373,False,,
capacity,0,28,4.265811061486602,0.3515330608934164,0.00013993121683597565,4.265950992703438,0.12243880704045296,False,,
capacity,0,29,4.198313923552632,0.33637508749961853,0.00012991949915885925,4.198443843051791,0.12666009389795363,False,,
capacity,0,30,4.191119922325015,0.33271778374910355,0.00012014061212539673,4.1912400629371405,0.130874196998775,False,,
capacity,0,31,4.698217147961259,0.3393201623111963,0.00013085082173347473,4.698347998782992,0.1355951470322907,False,,
capacity,0,32,4.19356394559145,0.33167609944939613,0.00012991949915885925,4.193693865090609,0.13981164386495948,False,,
capacity,0,33,4.197320900857449,0.3296120557934046,0.00012107193470001221,4.197441972792149,0.14403196889907122,False,,
capacity,0,34,4.193254048004746,0.331314979121089,0.00011990778148174286,4.193373955786228,0.148247926030308,False,,
capacity,0,35,4.774360917508602,0.325213884934783,0.00013015232980251312,4.774491069838405,0.15304513997398317,True,0.4183124670758829,False
capacity,0,36,4.246364114806056,0.3322369884699583,0.00011990778148174286,4.246484022587538,0.15731673105619848,True,0.3684766597023988,False
capacity,0,37,4.231445956975222,0.329422065988183,8.987262845039368e-05,4.231535829603672,0.16157248290255666,True,0.3436256382594335,False
capacity,0,38,4.253817955031991,0.3306339494884014,0.00011012889444828033,4.253928083926439,0.16584998602047563,True,0.3251190712746852,False
capacity,0,39,4.724185913801193,0.35400805063545704,0.00010011717677116394,4.724286030977964,0.17060059192590415,True,0.24891559810184352,False
capacity,0,40,4.246002994477749,0.33584306947886944,9.103678166866302e-05,4.2460940312594175,0.17487132200039923,True,0.23186357107909167,False
capacity,0,41,4.230994964018464,0.33911014907062054,5.9837475419044495e-05,4.231054801493883,0.17912638187408447,True,0.25364301287443936,False
capacity,0,42,4.556529922410846,0.34055300056934357,0.00010011717677116394,4.556630039587617,0.183706637006253,True,0.1991898544798569,False
capacity,0,43,4.282001173123717,0.3358242101967335,0.00010081566870212555,4.282101988792419,0.1880124630406499,True,0.17902235536380515,False
capacity,0,44,4.235764034092426,0.3406528849154711,0.00012991949915885925,4.235893953591585,0.19227257301099598,True,0.1883539397355949,False
capacity,0,45,4.25707409158349,0.33570313826203346,0.00012083910405635834,4.257194930687547,0.19655373296700418,True,0.22989740455650126,False
capacity,0,46,4.568592179566622,0.3350821789354086,0.00011082738637924194,4.568703006953001,0.20114664104767144,True,0.248326712701007,False
capacity,0,47,4.310054937377572,0.3437688574194908,8.009374141693115e-05,4.310135031118989,0.20548221399076283,True,0.2506760378863699,False
capacity,0,48,4.2293621227145195,0.3352430649101734,9.988434612751007e-05,4.229462007060647,0.20973614207468927,True,0.269161954588111,False
capacity,0,49,4.233450163155794,0.3357741516083479,8.987262845039368e-05,4.2335400357842445,0.2139931060373783,True,0.26170139512910273,False
capacity,0,50,4.853860940784216,0.3411639481782913,9.010545909404755e-05,4.85395104624331,0.21887136297300458,True,0.37920667787049034,False
capacity,0,51,4.267944023013115,0.345081090927124,9.080395102500916e-05,4.26803482696414,0.22316520591266453,True,0.394289285308838,False
capacity,0,52,4.252715967595577,0.34202495589852333,9.010545909404755e-05,4.252806073054671,0.227448760997504,True,0.390759447512812,False
capacity,0,53,4.271090961992741,0.3459029830992222,7.008202373981476e-05,4.2711610440164804,0.2317475639283657,True,0.40764217904720573,False
capacity,0,54,4.775783978402615,0.3426570910960436,9.010545909404755e-05,4.775874083861709,0.23655021796002984,True,0.3572143935047454,False
capacity,0,55,4.253337159752846,0.34205615520477295,8.987262845039368e-05,4.253427032381296,0.24082968407310545,True,0.3660945106205641,False
capacity,0,56,4.250151105225086,0.3387590404599905,9.080395102500916e-05,4.250241909176111,0.2451043319888413,True,0.38104232243499975,False
capacity,0,57,4.621983040124178,0.3477269783616066,8.009374141693115e-05,4.622063133865595,0.24975202302448452,True,0.40960701442798,False
capacity,0,58,4.333829972893,0.3419660497456789,9.010545909404755e-05,4.333920078352094,0.25411247299052775,True,0.33764240520119426,False
capacity,0,59,4.342345986515284,0.36301487125456333,0.00010011717677116394,4.342446103692055,0.25849062600173056,True,0.3544832407984262,False
capacity,0,60,4.256082000210881,0.338398152962327,0.00010104849934577942,4.256183048710227,0.2627752819098532,True,0.29799133362222385,False
capacity,0,61,4.563712980598211,0.3379581030458212,9.988434612751007e-05,4.563812864944339,0.2673636209219694,True,0.2878043855433964,False
capacity,0,62,4.280277993530035,0.33648498356342316,0.00010011717677116394,4.280378110706806,0.2716686660423875,True,0.21513216935116872,False
capacity,0,63,4.25123400054872,0.336185097694397,9.988434612751007e-05,4.251333884894848,0.27594374492764473,True,0.18481637856027097,False
capacity,0,64,4.246595082804561,0.3401918802410364,8.009374141693115e-05,4.246675176545978,0.28022035607136786,True,0.17367552096745847,False
capacity,0,65,4.738772986456752,0.33691595308482647,0.00010011717677116394,4.738873103633523,0.28498352505266666,True,0.1963387048541923,False
capacity,0,66,4.2493201326578856,0.34158513881266117,8.987262845039368e-05,4.249410005286336,0.2892566700465977,True,0.17889717804302138,False
capacity,0,67,4.236274864524603,0.3367059398442507,9.010545909404755e-05,4.236364969983697,0.29351687990128994,True,0.18894302913496916,False
capacity,0,68,4.22906200401485,0.3348318859934807,9.010545909404755e-05,4.229152109473944,0.2977698070462793,True,0.16830220805875792,False
capacity,0,69,4.749102983623743,0.33568404614925385,7.008202373981476e-05,4.749173065647483,0.3025425139348954,True,0.1648728404854408,False
capacity,0,70,4.244820913299918,0.3347320016473532,7.008202373981476e-05,4.244890995323658,0.30681119998916984,True,0.16124543570098815,False
capacity,0,71,4.245332209393382,0.33542304299771786,9.988434612751007e-05,4.24543209373951,0.31108016707003117,True,0.1781850353767245,False
capacity,0,72,4.253607941791415,0.3427669871598482,0.00010011717677116394,4.253708058968186,0.3153571889270097,True,0.19428797739094522,False
capacity,0,73,4.857957828789949,0.33942004665732384,0.00010011717677116394,4.858057945966721,0.3202387918718159,True,0.18789875625739835,False
capacity,0,74,4.23925113864243,0.33560418523848057,7.986091077327728e-05,4.239330999553204,0.32450688700191677,True,0.2561596879347284,False
capacity,0,75,4.228459903970361,0.33558299764990807,8.102506399154663e-05,4.228540929034352,0.32875892193987966,True,0.2913899221238909,False
capacity,0,76,4.565065028145909,0.33733597956597805,8.102506399154663e-05,4.565146053209901,0.3333475920371711,True,0.3531255719164064,False
capacity,0,77,4.282091045752168,0.33531198278069496,0.00010081566870212555,4.28219186142087,0.33765422995202243,True,0.4575090891747722,False
capacity,0,78,4.232147010043263,0.335172051563859,0.00010104849934577942,4.232248058542609,0.34190999204292893,True,0.5181324401878173,False
capacity,0,79,4.233118845149875,0.33811782486736774,9.103678166866302e-05,4.233209881931543,0.3461668659001589,True,0.6641418829995969,False
capacity,0,80,4.549807868897915,0.3375280648469925,0.00010011717677116394,4.549907986074686,0.350740437861532,True,0.6416093652367705,False
capacity,0,81,4.272192949429154,0.33209705725312233,9.988434612751007e-05,4.272292833775282,0.3550368258729577,True,0.5593282668144145,False
capacity,0,82,4.251373000442982,0.3407229669392109,8.009374141693115e-05,4.251453094184399,0.35931204399093986,True,0.373884158319739,False
capacity,0,83,4.233018960803747,0.32995198853313923,9.988434612751007e-05,4.233118845149875,0.3635685578919947,True,0.44084275919375115,False
capacity,0,84,4.739444935694337,0.3283298574388027,9.010545909404755e-05,4.739535041153431,0.3683320879936218,True,0.5220510454116878,False
capacity,0,85,4.220414906740189,0.32723695039749146,9.010545909404755e-05,4.220505012199283,0.37257627793587744,True,0.4372412382914518,False
capacity,0,86,4.2269970290362835,0.3282290417701006,0.00010104849934577942,4.227098077535629,0.37682690005749464,True,0.48990281992164986,False
capacity,0,87,4.233238985762,0.32910099253058434,8.009374141693115e-05,4.233319079503417,0.38108388404361904,True,0.3949010500635151,False
capacity,0,88,4.729676991701126,0.33252802677452564,9.988434612751007e-05,4.729776876047254,0.3858375959098339,True,0.32611730929663,False
capacity,0,89,4.227267811074853,0.32996293157339096,9.010545909404755e-05,4.227357916533947,0.39008893887512386,True,0.3869973604999108,False
capacity,0,90,4.216368077322841,0.3306739963591099,9.988434612751007e-05,4.216467961668968,0.39432907197624445,True,0.40921439765230305,False
capacity,0,91,4.225614946335554,0.3262660466134548,8.009374141693115e-05,4.225695040076971,0.3985782309900969,True,0.472868828640881,False
capacity,0,92,4.751637112349272,0.3278080839663744,9.010545909404755e-05,4.751727217808366,0.4033594240900129,True,0.42934994936476656,False
capacity,0,93,4.212680971249938,0.3259759396314621,9.988434612751007e-05,4.2127808555960655,0.407595929922536,True,0.4452357257389386,False
capacity,0,94,4.241423914209008,0.3249230794608593,0.00010104849934577942,4.241524962708354,0.4118609488941729,True,0.4490956166452811,False
capacity,0,95,4.599380074068904,0.3254939801990986,8.102506399154663e-05,4.5994610991328955,0.41648374404758215,True,0.3828269632499208,False
capacity,0,96,4.2733249720185995,0.3256241325289011,0.00010989606380462646,4.273434868082404,0.4207804629113525,True,0.3688615340958245,False
capacity,0,97,4.2358338832855225,0.3256539348512888,9.010545909404755e-05,4.2359239887446165,0.4250399419106543,True,0.34029943432638105,False
capacity,0,98,4.231757018715143,0.33139600418508053,8.987262845039368e-05,4.231846891343594,0.42929516290314496,True,0.33874199840145286,False
capacity,0,99,4.547411808744073,0.32823882065713406,9.010545909404755e-05,4.547501914203167,0.4338664598762989,True,0.33487224234680407,False
capacity,0,100,4.27746307104826,0.33408100716769695,0.00010011717677116394,4.277563188225031,0.4381679880898446,True,0.32115985693280097,False
capacity,0,101,4.232458071783185,0.3358239773660898,9.010545909404755e-05,4.232548177242279,0.4424241210799664,True,0.34325302783619316,False
capacity,0,102,4.221608163788915,0.33066514879465103,9.988434612751007e-05,4.221708048135042,0.4466694430448115,True,0.3212217199972055,False
capacity,0,103,4.573310958221555,0.3298930823802948,9.988434612751007e-05,4.573410842567682,0.4512666289228946,True,0.3725189913758163,False
capacity,0,104,4.274566890671849,0.3312549088150263,0.00010011717677116394,4.27466700784862,0.4555648809764534,True,0.3415133725622921,False
capacity,0,105,4.231777042150497,0.3300029784440994,0.00010011717677116394,4.231877159327269,0.45982015202753246,True,0.3516973010973569,False
capacity,0,106,4.237317014485598,0.33173616975545883,8.987262845039368e-05,4.237406887114048,0.4640810939017683,True,0.367896876639669,False
capacity,0,107,4.736840026453137,0.33647497184574604,0.00010011717677116394,4.736940143629909,0.4688413580879569,True,0.3595581138824612,False
capacity,0,108,4.2315758764743805,0.3313859924674034,8.009374141693115e-05,4.231655970215797,0.4730970188975334,True,0.3725017866024976,False
capacity,0,109,4.255902022123337,0.33663492649793625,8.009374141693115e-05,4.255982115864754,0.47737766802310944,True,0.38399535546404717,False
capacity,0,110,4.230374004691839,0.33203698694705963,9.010545909404755e-05,4.230464110150933,0.48163155606016517,True,0.40842117725005217,False
capacity,0,111,4.752890206873417,0.33215712755918503,8.987262845039368e-05,4.752980079501867,0.48640803107991815,True,0.4200478602932195,False
capacity,0,112,4.239140078425407,0.33247703686356544,0.00011990778148174286,4.239259986206889,0.49067192804068327,True,0.4306835038364141,False
capacity,0,113,4.239682108163834,0.33302907831966877,8.987262845039368e-05,4.239771980792284,0.49493501405231655,True,0.46134014897111125,False
capacity,0,114,4.2329090647399426,0.3333091735839844,8.987262845039368e-05,4.232998937368393,0.4991912469267845,True,0.4520782150346668,False
capacity,0,115,4.697706084698439,0.33494201488792896,9.988434612751007e-05,4.697805969044566,0.5039176070131361,True,0.40816952138669893,False
capacity,0,116,4.233129788190126,0.33402093686163425,0.00010011717677116394,4.233229905366898,0.5081744708586484,True,0.3884959459445448,False
capacity,0,117,4.2367358691990376,0.33499207347631454,9.010545909404755e-05,4.236825974658132,0.5124348108656704,True,0.4144677938158417,False
capacity,0,118,4.5547159388661385,0.329070957377553,8.987262845039368e-05,4.554805811494589,0.5170128808822483,True,0.3871504104521657,False
capacity,0,119,4.280629102140665,0.3346011508256197,9.988434612751007e-05,4.280728986486793,0.5213171050418168,True,0.4490067077749194,False
capacity,0,120,4.219333175569773,0.32707699574530125,7.986091077327728e-05,4.219413036480546,0.5255604430567473,True,0.5001723929688437,False
capacity,0,121,4.23118588514626,0.3263559192419052,0.00011012889444828033,4.2312960140407085,0.5298151229508221,True,0.5628519644520381,False
capacity,0,122,4.731599939987063,0.3297219518572092,9.103678166866302e-05,4.731690976768732,0.5345700769685209,True,0.7844839433610648,False
capacity,0,123,4.224963951855898,0.3299030940979719,6.984919309616089e-05,4.225033801048994,0.5388186948839575,True,0.5733401201014998,False
capacity,0,124,4.2397810611873865,0.3310141619294882,0.00010104849934577942,4.239882109686732,0.5430827019736171,True,0.5177985781219528,False
capacity,0,125,4.255872219800949,0.3360041882842779,0.00010081566870212555,4.255973035469651,0.5473620290867984,True,0.5788733263308735,False
capacity,0,126,4.735536873340607,0.3321769181638956,0.00011012889444828033,4.735647002235055,0.5521221519447863,True,0.4145356720925222,False
capacity,0,127,4.235252970829606,0.33980095759034157,9.103678166866302e-05,4.235344007611275,0.5563819520175457,True,0.4231393320711494,False
capacity,0,128,4.24049305729568,0.3325680736452341,0.00010989606380462646,4.240602953359485,0.5606469309423119,True,0.39622994995663424,False
capacity,0,129,4.239591071382165,0.33419113606214523,8.987262845039368e-05,4.239680944010615,0.5649113189429045,True,0.9299818163564247,False
capacity,0,130,4.884447902441025,0.33973087556660175,9.010545909404755e-05,4.884538007900119,0.5698194219730794,True,0.9110406537583178,False
capacity,0,131,4.237197106704116,0.3359341062605381,9.988434612751007e-05,4.237296991050243,0.5740802939981222,True,0.8406279726957019,True
capacity,0,132,4.230634076520801,0.3388989716768265,0.00010989606380462646,4.230743972584605,0.5783347929827869,True,0.4066346098936424,False
capacity,0,133,4.241985967382789,0.33198692835867405,8.009374141693115e-05,4.242066061124206,0.5826001430395991,True,0.4045446379380837,False
capacity,0,134,4.74950298666954,0.33550290390849113,9.103678166866302e-05,4.749594023451209,0.5873732310719788,True,0.5405101927870128,False
capacity,0,135,4.249871009960771,0.3329790197312832,9.010545909404755e-05,4.249961115419865,0.5916470370721072,True,0.5077652425334924,False
capacity,0,136,4.233438987284899,0.330562936142087,0.00010104849934577942,4.2335400357842445,0.5959039910230786,True,0.4949768852122597,False
capacity,0,137,4.5639630407094955,0.33546285703778267,9.010545909404755e-05,4.56405314616859,0.6004914990626276,True,0.5089928073991216,False
capacity,0,138,4.28168079815805,0.3311948385089636,0.00010011717677116394,4.281780915334821,0.604796924861148,True,0.42166768623762096,False
capacity,0,139,4.2340310756117105,0.33032288774847984,0.00011106021702289581,4.2341421358287334,0.6090548010542989,True,0.4960290022632015,False
capacity,0,140,4.230182850733399,0.33423001877963543,9.103678166866302e-05,4.230273887515068,0.613308688858524,True,0.5604005164049229,False
capacity,0,141,4.545237869024277,0.3302530385553837,8.009374141693115e-05,4.545317962765694,0.6178775918669999,True,0.5800051678737982,False
capacity,0,142,4.287793068215251,0.3376270178705454,9.010545909404755e-05,4.287883173674345,0.6221889790613204,True,0.543609520943197,False
capacity,0,143,4.234371008351445,0.33475086092948914,8.102506399154663e-05,4.234452033415437,0.6264519940596074,True,0.5073576032054056,False
capacity,0,144,4.222949966788292,0.33299787901341915,8.102506399154663e-05,4.2230309918522835,0.6306996010243893,True,0.4742809296306832,False
capacity,0,145,4.7829169780015945,0.33496180549263954,9.010545909404755e-05,4.783007083460689,0.6355065130628645,True,0.5255866515206596,False
capacity,0,146,4.234652034938335,0.33493200317025185,9.010545909404755e-05,4.2347421403974295,0.6397647890262306,True,0.496049567046003,False
capacity,0,147,4.244370153173804,0.332788098603487,7.986091077327728e-05,4.244450014084578,0.6440330140758306,True,0.5177924013750684,False
capacity,0,148,4.240081878378987,0.3362339921295643,0.00010011717677116394,4.2401819955557585,0.648296610917896,True,0.5501601923714541,False
capacity,0,149,4.734194139018655,0.3296220675110817,0.00010104849934577942,4.734295187518001,0.653055272065103,True,0.5942468372867407,False
capacity,0,150,4.2426371946930885,0.3335801884531975,8.987262845039368e-05,4.242727067321539,0.6573216840624809,True,0.6020086716432642,False
capacity,0,151,4.2401819955557585,0.329070957377553,0.00010104849934577942,4.240283044055104,0.6615860520396382,True,1.2254583434896549,False
capacity,0,152,4.2430979665368795,0.32805907540023327,8.987262845039368e-05,4.24318783916533,0.6658525539096445,True,1.2562238949371096,False
capacity,0,153,4.961513914167881,0.3415048122406006,8.009374141693115e-05,4.961594007909298,0.670837762998417,True,1.0322605684230497,True
capacity,0,154,4.231065046042204,0.3305841237306595,8.987262845039368e-05,4.231154918670654,0.675092282006517,True,1.1866031243853365,True
capacity,0,155,4.222379066050053,0.33597415313124657,0.00011990778148174286,4.222498973831534,0.6793389469385147,True,1.0697864132167323,True
capacity,0,156,4.555286839604378,0.3330088220536709,9.010545909404755e-05,4.555376945063472,0.6839176479261369,True,1.162720662832185,True
capacity,0,157,4.2907679453492165,0.3395711537450552,9.988434612751007e-05,4.290867829695344,0.6882319608703256,True,0.9184844894623998,True
capacity,0,158,4.2246629018336535,0.33235689625144005,9.988434612751007e-05,4.224762786179781,0.6924801978748292,True,1.025526437012863,True
capacity,0,159,4.225533921271563,0.3303529229015112,8.102506399154663e-05,4.225614946335554,0.6967292469926178,True,1.0266875056751317,True
capacity,0,160,4.563622875139117,0.3335599321871996,9.010545909404755e-05,4.563712980598211,0.7013166649267077,True,0.8713534094691897,True
capacity,0,161,4.276891937479377,0.3339999821037054,7.101334631443024e-05,4.276962950825691,0.7056171118747443,True,0.7471570002937904,True
capacity,0,162,4.237567074596882,0.3357629757374525,8.009374141693115e-05,4.237647168338299,0.7098780730739236,True,0.7745926940961877,True
capacity,0,163,4.245242103934288,0.3444401081651449,8.987262845039368e-05,4.245331976562738,0.7141469600610435,True,0.6985731919057413,False
capacity,0,164,4.855153150856495,0.3415250685065985,0.00010989606380462646,4.8552630469202995,0.7190267890691757,True,0.6688387596884954,False
capacity,0,165,4.243719158694148,0.3438279964029789,0.00010104849934577942,4.243820207193494,0.7232943940907717,True,0.6555783830634392,False
capacity,0,166,4.254238912835717,0.3379879053682089,0.00011012889444828033,4.2543490417301655,0.7275721069891006,True,0.5971254882634872,False
capacity,0,167,4.267564043402672,0.34096301533281803,8.009374141693115e-05,4.267644137144089,0.731864077039063,True,0.5696654953954936,False
capacity,0,168,4.888646071776748,0.34707505255937576,8.102506399154663e-05,4.888727096840739,0.7367785619571805,True,0.5326430922257063,False
capacity,0,169,4.271151032298803,0.3439891152083874,8.987262845039368e-05,4.271240904927254,0.7410767439287156,True,0.5302346243315303,False
capacity,0,170,4.241474904119968,0.3385588061064482,0.00011012889444828033,4.241585033014417,0.7453438669908792,True,0.4736183054803963,False
capacity,0,171,4.563502036035061,0.32898085191845894,0.00012014061212539673,4.563622176647186,0.7499316050671041,True,0.463038486448598,False
capacity,0,172,4.299284191802144,0.3348721656948328,8.987262845039368e-05,4.2993740644305944,0.7542557860724628,True,0.9029184012052436,False
capacity,0,173,4.240863956511021,0.3298628143966198,9.010545909404755e-05,4.240954061970115,0.7585224090144038,True,0.8898272410003529,False
capacity,0,174,4.228429868817329,0.3274679183959961,0.00010011717677116394,4.228529985994101,0.7627752448897809,True,0.8887348894170162,True
capacity,0,175,4.590322962030768,0.33055408857762814,7.986091077327728e-05,4.590402822941542,0.7673893228638917,True,0.9416938217029454,True
capacity,0,176,4.29388415068388,0.3320169635117054,8.987262845039368e-05,4.29397402331233,0.7717101380694658,True,0.9382085405329953,True
capacity,0,177,4.24688495695591,0.33269706182181835,7.101334631443024e-05,4.246955970302224,0.7759813289158046,True,0.8540492717932735,True
capacity,0,178,4.256082931533456,0.33653504215180874,9.010545909404755e-05,4.25617303699255,0.7802614369429648,True,0.8280369398678369,True
capacity,0,179,4.738993011415005,0.3324570134282112,8.102506399154663e-05,4.739074036478996,0.7850242150016129,True,0.7657444078025659,True
capacity,0,180,4.234411055222154,0.33599394373595715,0.00011106021702289581,4.234522115439177,0.789282602025196,True,0.721361581020387,True
capacity,0,181,4.226637072861195,0.33275922760367393,9.988434612751007e-05,4.226736957207322,0.7935327829327434,True,0.7327913709211402,True
capacity,0,182,4.22368198633194,0.33141602762043476,0.00010011717677116394,4.223782103508711,0.7977798089850694,True,0.7057771072488108,False
capacity,0,183,4.736078903079033,0.33182697370648384,9.010545909404755e-05,4.736169008538127,0.8025394219439477,True,0.6523205747983464,False
capacity,0,184,4.23851003870368,0.3321371041238308,9.988434612751007e-05,4.2386099230498075,0.8068022469524294,True,0.6534244153678072,False
capacity,0,185,4.233669955283403,0.33155595883727074,8.987262845039368e-05,4.233759827911854,0.8110595708712935,True,0.6099745189892185,False
capacity,0,186,4.23785881139338,0.3374170046299696,9.010545909404755e-05,4.237948916852474,0.8153211548924446,True,0.5747435769462917,False
capacity,0,187,4.749072948470712,0.33316900953650475,7.986091077327728e-05,4.749152809381485,0.8200939418748021,True,0.5959617613784612,False
capacity,0,188,4.256132990121841,0.34006196074187756,9.988434612751007e-05,4.256232874467969,0.8243740699253976,True,0.5217901354650585,False
capacity,0,189,4.240313079208136,0.3358740359544754,9.988434612751007e-05,4.240412963554263,0.8286380469799042,True,0.48637563669294553,False
capacity,0,190,4.240503069013357,0.333248870447278,0.00010104849934577942,4.240604117512703,0.8329021150711924,True,0.43276473191608844,False
capacity,0,191,4.340210929512978,0.34129410050809383,0.00012107193470001221,4.340332001447678,0.8372661708854139,True,0.4553079425651102,False
capacity,0,192,4.228420089930296,0.3346509765833616,9.103678166866302e-05,4.228511126711965,0.8415182160679251,True,0.4771620719127689,False
capacity,0,193,4.247757140547037,0.333279138430953,7.986091077327728e-05,4.24783700145781,0.8457894970197231,True,0.4539896354819594,False
capacity,0,194,4.566648043692112,0.3336390946060419,0.00010104849934577942,4.566749092191458,0.8503798600286245,True,0.45293631659475336,False
capacity,0,195,4.283674992620945,0.3338810056447983,0.00010989606380462646,4.28378488868475,0.8546876099426299,True,0.433072695209447,False
capacity,0,196,4.240783862769604,0.33529289066791534,0.00010011717677116394,4.240883979946375,0.8589515979401767,True,0.4156601782890689,False
capacity,0,197,4.255570936948061,0.3395909443497658,9.988434612751007e-05,4.2556708212941885,0.8632306528743356,True,0.42742960518583023,False
capacity,0,198,4.842560039833188,0.33680605702102184,8.987262845039368e-05,4.8426499124616385,0.8680969479028136,True,0.4154314472766648,False
capacity,0,199,4.245974123477936,0.3399220295250416,6.984919309616089e-05,4.246043972671032,0.8723666160367429,True,0.41469421103362625,False
capacity,0,200,4.248207900673151,0.3383290022611618,9.010545909404755e-05,4.248298006132245,0.8766384879127145,True,0.4226908288088441,False
capacity,0,201,4.252656130120158,0.34456001594662666,0.00014086253941059113,4.252796992659569,0.8809170830063522,True,0.3885097500998207,False
capacity,0,202,4.7490219585597515,0.3482371103018522,8.102506399154663e-05,4.749102983623743,0.8856904609128833,True,0.4016348116361554,False
capacity,0,203,4.238398978486657,0.33722701482474804,9.010545909404755e-05,4.238489083945751,0.8899526849854738,True,0.3842549592743132,False
capacity,0,204,4.232076928019524,0.3421548753976822,0.00010104849934577942,4.232177976518869,0.8942081769928336,True,0.38602332407983453,False
capacity,0,205,4.219162045046687,0.33589405938982964,0.00010011717677116394,4.219262162223458,0.8984596200753003,True,0.38344196017268606,False
capacity,0,206,4.7369899693876505,0.33677578903734684,0.00010011717677116394,4.737090086564422,0.9032203650567681,True,0.41875199080564246,False
capacity,0,207,4.2314857710152864,0.3354728687554598,0.00010104849934577942,4.231586819514632,0.9074754258617759,True,0.41722416734272527,False
capacity,0,208,4.2293318547308445,0.3363748546689749,0.00010011717677116394,4.229431971907616,0.9117296049371362,True,0.43231392033442617,False
capacity,0,209,4.561348119750619,0.3363040741533041,9.988434612751007e-05,4.5614480040967464,0.9163142070174217,True,0.42009504110888024,False
capacity,0,210,4.2939630802720785,0.33584306947886944,0.00010104849934577942,4.294064128771424,0.9206316750496626,True,0.4414541665183536,False
capacity,0,211,4.261913010850549,0.3393602091819048,9.080395102500916e-05,4.262003814801574,0.9249196678865701,True,0.44401892300723667,False
capacity,0,212,4.252484999597073,0.34736492671072483,0.00010104849934577942,4.252586048096418,0.9291983030270785,True,0.44816825687036477,False
capacity,0,213,4.571547964587808,0.33797789365053177,0.00010989606380462646,4.571657860651612,0.9338000279385597,True,0.4964348285841168,False
capacity,0,214,4.2809690348804,0.33669592812657356,0.00010011717677116394,4.281069152057171,0.9381054930854589,True,0.5026719285938663,False
capacity,0,215,4.244270035997033,0.34136394970119,9.103678166866302e-05,4.244361072778702,0.9423736790195107,True,0.49637548768315354,False
capacity,0,216,4.220716189593077,0.33672619611024857,8.987262845039368e-05,4.220806062221527,0.9466179690789431,True,0.48144596155366637,False
capacity,0,217,4.557651933282614,0.33729709684848785,8.987262845039368e-05,4.557741805911064,0.9511992048937827,True,0.46647124666252476,False
capacity,0,218,4.289214964956045,0.33764797262847424,0.00011012889444828033,4.289325093850493,0.9555192179977894,True,0.48769511189985715,False
capacity,0,219,4.244250012561679,0.33638509921729565,6.984919309616089e-05,4.244319861754775,0.9597871629521251,True,0.4437776607399408,False
capacity,0,220,4.233510000631213,0.3356130328029394,0.00011990778148174286,4.233629908412695,0.9640444479882717,True,0.45599284858604994,False
capacity,0,221,4.744383972138166,0.3415239043533802,9.010545909404755e-05,4.7444740775972605,0.9688126069959253,True,0.46568538257031067,False
capacity,0,222,4.240703070536256,0.33663492649793625,0.00010011717677116394,4.240803187713027,0.9730768040753901,True,0.46750596421426854,False
capacity,0,223,4.269107012078166,0.34054205752909184,7.101334631443024e-05,4.26917802542448,0.9773692958988249,True,0.395567497704906,False
capacity,0,224,4.244551062583923,0.3371869679540396,0.00010989606380462646,4.244660958647728,0.9816380520351231,True,0.43520854837032324,False
capacity,0,225,4.819185007363558,0.33824797719717026,0.00010011717677116394,4.819285124540329,0.9864809720311314,True,0.4536638688724342,False
capacity,0,226,4.236255073919892,0.3338910173624754,7.986091077327728e-05,4.236334934830666,0.9907407809514552,True,0.5472050506163023,False
capacity,0,227,4.242145922034979,0.33567287027835846,8.102506399154663e-05,4.24222694709897,0.9950063219293952,True,0.5596199248601452,False
capacity,0,228,4.249691031873226,0.34064287319779396,0.00011012889444828033,4.2498011607676744,0.9992791460826993,True,0.5054536268320629,False
capacity,0,229,4.309223964810371,0.33864984288811684,0.00010011717677116394,4.309324081987143,1.0036116030532867,True,0.5328388873664283,False
capacity,0,230,4.236034117639065,0.33541303128004074,9.988434612751007e-05,4.236134001985192,1.0078711609821767,True,0.538435395072385,False
capacity,0,231,4.236896056681871,0.3390801139175892,9.988434612751007e-05,4.236995941027999,1.0121311009861529,True,0.5431445338011741,False
capacity,0,232,4.2301928624510765,0.3355429507791996,8.009374141693115e-05,4.230272956192493,1.0163849289529026,True,0.4427598720209432,False
capacity,0,233,4.4199819676578045,0.33424096181988716,0.00011990778148174286,4.420101875439286,1.020836670883,True,0.38971555208854614,False
capacity,0,234,4.243487957865,0.3323769196867943,8.009374141693115e-05,4.243568051606417,1.0251038239803165,True,0.4476603655270589,False
capacity,0,235,4.245552932843566,0.3430880606174469,0.00010989606380462646,4.245662828907371,1.0293737729080021,True,0.5511377955691811,False
capacity,0,236,4.5632419642060995,0.3328879829496145,8.009374141693115e-05,4.563322057947516,1.0339619619771838,True,0.6051076794243953,False
capacity,0,237,4.304202971979976,0.34788716584444046,0.00011990778148174286,4.304322879761457,1.0382920738775283,True,0.5149462915103615,False
capacity,0,238,4.229492973536253,0.33430103212594986,8.987262845039368e-05,4.229582846164703,1.0425457928795367,True,0.5161345107315393,False
capacity,0,239,4.228350007906556,0.33226702362298965,8.987262845039368e-05,4.2284398805350065,1.0467978869564831,True,0.5332765346797054,False
capacity,0,240,4.752047825604677,0.32808887772262096,9.010545909404755e-05,4.752137931063771,1.051573549862951,True,0.6417573064482668,False
capacity,0,241,4.22950298525393,0.32907119020819664,8.987262845039368e-05,4.2295928578823805,1.0558268178720027,True,0.591832482332035,False
capacity,0,242,4.24381997436285,0.33358996734023094,9.010545909404755e-05,4.243910079821944,1.0600938310381025,True,0.5063579746926681,False
capacity,0,243,4.249900812283158,0.3376370295882225,0.00011012889444828033,4.250010941177607,1.0643678868655115,True,0.49642114115509095,False
capacity,0,244,4.843991948291659,0.3353930078446865,0.00010989606380462646,4.844101844355464,1.0692352529149503,True,0.534442124490008,False
capacity,0,245,4.242327064275742,0.33841910772025585,9.010545909404755e-05,4.242417169734836,1.073501124046743,True,0.5351343182344206,False
capacity,0,246,4.23160707578063,0.3366360906511545,9.988434612751007e-05,4.231706960126758,1.0777563450392336,True,0.5560708670197453,False
capacity,0,247,4.24573291093111,0.3337799571454525,0.00010104849934577942,4.245833959430456,1.0820258129388094,True,0.5272835240429855,False
capacity,0,248,4.866663832217455,0.3423260059207678,0.00010104849934577942,4.866764880716801,1.0869163319002837,True,0.7157374745650327,False
capacity,0,249,4.234963096678257,0.3373271320015192,9.988434612751007e-05,4.2350629810243845,1.0911750600207597,True,0.6118119401515277,False
capacity,0,250,4.229913000017405,0.33775693736970425,9.103678166866302e-05,4.230004036799073,1.095428257016465,True,0.7648954208749549,False
capacity,0,251,4.593118093907833,0.33494201488792896,7.986091077327728e-05,4.593197954818606,1.1000447389669716,True,0.7587126174392862,False
capacity,0,252,4.285998875275254,0.3395308740437031,7.008202373981476e-05,4.286068957298994,1.1043543128762394,True,0.5539364862076473,False
capacity,0,253,4.232486942782998,0.3341399133205414,8.102506399154663e-05,4.23256796784699,1.1086100039537996,True,0.6412177736521412,False
capacity,0,254,4.235133063048124,0.3353930078446865,7.986091077327728e-05,4.235212923958898,1.112868851982057,True,0.616249966966665,False
capacity,0,255,4.7453660517930984,0.3411539364606142,0.00010011717677116394,4.74546616896987,1.1176381930708885,True,0.6732181086168454,False
capacity,1,0,4.015428014099598,0.33452105708420277,8.987262845039368e-05,4.015517886728048,0.004029504954814911,False,,
capacity,1,1,3.97144490852952,0.333189032971859,0.00010989606380462646,3.9715548045933247,0.008023632923141122,False,,
capacity,1,2,3.981424029916525,0.3324479330331087,0.00011012889444828033,3.981534158810973,0.012027369113638997,False,,
capacity,1,3,3.9739401545375586,0.3308141604065895,0.00014086253941059113,3.974081017076969,0.016023822128772736,False,,
capacity,1,4,4.070332041010261,0.33269799314439297,0.00013993121683597565,4.070471972227097,0.02011679601855576,False,,
capacity,1,5,3.9642618503421545,0.33108494244515896,0.00011012889444828033,3.964371979236603,0.024103299947455525,False,,
capacity,1,6,4.095229087397456,0.33302907831966877,0.00011990778148174286,4.095348995178938,0.028223115019500256,False,,
capacity,1,7,3.9703529328107834,0.3381979186087847,0.00010989606380462646,3.970462828874588,0.03221609094180167,False,,
capacity,1,8,4.0795691311359406,0.33828895539045334,0.00011990778148174286,4.079689038917422,0.036318954080343246,False,,
capacity,1,9,3.9630401879549026,0.3386691678315401,0.00011990778148174286,3.9631600957363844,0.040304677095264196,False,,
capacity,1,10,3.9678579196333885,0.3379469271749258,0.0001310836523771286,3.9679890032857656,0.04429481690749526,False,,
capacity,1,11,3.9652439299970865,0.33774785697460175,0.00010011717677116394,3.9653440471738577,0.0482823729980737,False,,
capacity,1,12,4.218431189656258,0.34451019018888474,0.00011082738637924194,4.218542017042637,0.052524499129503965,False,,
capacity,1,13,3.9524289313703775,0.33300905488431454,0.00011990778148174286,3.9525488391518593,0.05650610290467739,False,,
capacity,1,14,3.975482890382409,0.3379480913281441,0.00011990778148174286,3.975602798163891,0.060504128923639655,False,,
capacity,1,15,4.171072039753199,0.34182495437562466,0.00014016404747962952,4.171212203800678,0.06469815410673618,False,,
capacity,1,16,4.263686947524548,0.3368961624801159,0.00011990778148174286,4.263806855306029,0.06898474390618503,False,,
capacity,1,17,4.212569911032915,0.34034205600619316,0.000141095370054245,4.212711006402969,0.07322096894495189,False,,
capacity,1,18,4.222479183226824,0.3502510953694582,0.00013085082173347473,4.222610034048557,0.07746745413169265,False,,
capacity,1,19,4.207059973850846,0.3471449017524719,0.00012014061212539673,4.207180114462972,0.08169751707464457,False,,
capacity,1,20,4.623707151040435,0.33925101161003113,9.988434612751007e-05,4.623807035386562,0.08634431706741452,False,,
capacity,1,21,4.207381047308445,0.3450419753789902,9.988434612751007e-05,4.2074809316545725,0.0905748710501939,False,,
capacity,1,22,4.204686032608151,0.33795787021517754,0.00012014061212539673,4.204806173220277,0.09480258007533848,False,,
capacity,1,23,4.531192127615213,0.3380191046744585,0.00012991949915885925,4.531322047114372,0.09935645409859717,False,,
capacity,1,24,4.249971127137542,0.3458231221884489,0.00011990778148174286,4.2500910349190235,0.10362962912768126,False,,
capacity,1,25,4.198733950033784,0.33865892328321934,0.000141095370054245,4.198875045403838,0.10785145708359778,False,,
capacity,1,26,4.1918710339814425,0.3368658944964409,0.00013993121683597565,4.192010965198278,0.11206630105152726,False,,
capacity,1,27,4.529839148744941,0.3359841648489237,0.00012991949915885925,4.5299690682441,0.11661915411241353,False,,
capacity,1,28,4.247717093676329,0.33669592812657356,0.00011990778148174286,4.24783700145781,0.12089028512127697,False,,
capacity,1,29,4.211018094792962,0.3388000186532736,0.00010989606380462646,4.211127990856767,0.12512440606951714,False,,
capacity,1,30,4.189305938780308,0.3340700641274452,0.00012107193470001221,4.189427010715008,0.1293364749290049,False,,
capacity,1,31,4.703966900706291,0.3404619637876749,0.0001310836523771286,4.704097984358668,0.13406347599811852,False,,
capacity,1,32,4.202630836516619,0.3330879844725132,0.00012014061212539673,4.202750977128744,0.13829017290845513,False,,
capacity,1,33,4.1936340276151896,0.3353229258209467,0.00011012889444828033,4.193744156509638,0.14250732213258743,False,,
capacity,1,34,4.182653967291117,0.32706698402762413,0.00013993121683597565,4.182793898507953,0.14671848993748426,False,,
capacity,1,35,4.775011911988258,0.32764789648354053,0.00012107193470001221,4.775132983922958,0.15152303804643452,True,0.4183124670758829,False
capacity,1,36,4.235232947394252,0.3295519854873419,0.00013015232980251312,4.235363099724054,0.15578870801255107,True,0.3684766597023988,False
capacity,1,37,4.2462029960006475,0.3334989305585623,0.0001310836523771286,4.246334079653025,0.1600578750949353,True,0.3436256382594335,False
capacity,1,38,4.220245173200965,0.3310851752758026,0.00012991949915885925,4.220375092700124,0.16430083313025534,True,0.3251190712746852,False
capacity,1,39,4.8214599955827,0.34063286148011684,0.00011012889444828033,4.821570124477148,0.16914527607150376,True,0.24891559810184352,False
capacity,1,40,4.229723010212183,0.33486192114651203,0.00012991949915885925,4.229852929711342,0.1733977620024234,True,0.23186357107909167,False
capacity,1,41,4.235864849761128,0.3387599717825651,0.00012014061212539673,4.235984990373254,0.17765627894550562,True,0.25364301287443936,False
capacity,1,42,4.566807998344302,0.3363438881933689,0.00012107193470001221,4.566929070279002,0.18224587012082338,True,0.1991898544798569,False
capacity,1,43,4.313450073823333,0.3412140067666769,0.00012107193470001221,4.313571145758033,0.18658234411850572,True,0.17902235536380515,False
capacity,1,44,4.23612492159009,0.3363050054758787,0.00012991949915885925,4.236254841089249,0.19084148295223713,True,0.1883539397355949,False
capacity,1,45,4.236435052007437,0.337105942890048,0.00010104849934577942,4.2365361005067825,0.19510057102888823,True,0.22989740455650126,False
capacity,1,46,4.578860942274332,0.3372558858245611,0.00012014061212539673,4.578981082886457,0.19970214506611228,True,0.248326712701007,False
capacity,1,47,4.278605105355382,0.33631501719355583,0.00012991949915885925,4.278735024854541,0.20400353311561048,True,0.2506760378863699,False
capacity,1,48,4.253237042576075,0.33697602339088917,0.00011990778148174286,4.253356950357556,0.208279883954674,True,0.269161954588111,False
capacity,1,49,4.239741014316678,0.34347805194556713,0.00014086253941059113,4.239881876856089,0.21254267892800272,True,0.26170139512910273,False
capacity,1,50,4.784540040418506,0.3370060585439205,0.00012991949915885925,4.7846699599176645,0.2173503830563277,True,0.37920667787049034,False
capacity,1,51,4.241504939273,0.3420549910515547,0.00011990778148174286,4.2416248470544815,0.2216148809529841,True,0.394289285308838,False
capacity,1,52,4.244139883667231,0.336384866386652,0.00010011717677116394,4.244240000844002,0.2258819539565593,True,0.390759447512812,False
capacity,1,53,4.24344907514751,0.3414140082895756,0.00017997808754444122,4.243629053235054,0.23015341605059803,True,0.40764217904720573,False
capacity,1,54,4.813794977962971,0.3383290022611618,0.00013015232980251312,4.813925130292773,0.23498983308672905,True,0.3572143935047454,False
capacity,1,55,4.24337899312377,0.34032296389341354,0.00011012889444828033,4.243489122018218,0.23925604508258402,True,0.3660945106205641,False
capacity,1,56,4.2622939217835665,0.3436789847910404,0.00011012889444828033,4.262404050678015,0.2435412120539695,True,0.38104232243499975,False
capacity,1,57,4.246443975716829,0.3390188794583082,0.00012107193470001221,4.246565047651529,0.24781072000041604,True,0.40960701442798,False
capacity,1,58,4.812582861632109,0.3398219123482704,0.00012014061212539673,4.812703002244234,0.2526462459936738,True,0.33764240520119426,False
capacity,1,59,4.228479927405715,0.3382680006325245,0.0001501757651567459,4.228630103170872,0.25689743901602924,True,0.3544832407984262,False
capacity,1,60,4.265008959919214,0.34785596653819084,0.00011990778148174286,4.265128867700696,0.26118504093028605,True,0.29799133362222385,False
capacity,1,61,4.568751901388168,0.3422158770263195,0.0001511070877313614,4.5689030084759,0.265777288004756,True,0.2878043855433964,False
capacity,1,62,4.280218156054616,0.3361250273883343,0.00010989606380462646,4.280328052118421,0.27008030912838876,True,0.21513216935116872,False
capacity,1,63,4.239500965923071,0.3372561186552048,0.00013993121683597565,4.239640897139907,0.2743425229564309,True,0.18481637856027097,False
capacity,1,64,4.2495401576161385,0.3435080870985985,0.00014994293451309204,4.2496901005506516,0.2786148861050606,True,0.17367552096745847,False
capacity,1,65,4.780391929671168,0.34026289358735085,0.00014016404747962952,4.780532093718648,0.2834181310608983,True,0.1963387048541923,False
capacity,1,66,4.236845998093486,0.3423860762268305,0.00011106021702289581,4.236957058310509,0.2876778310164809,True,0.17889717804302138,False
capacity,1,67,4.231655970215797,0.337276142090559,0.00013085082173347473,4.231786821037531,0.2919322499074042,True,0.18894302913496916,False
capacity,1,68,4.2397319339215755,0.34055300056934357,0.00013015232980251312,4.239862086251378,0.2961949850432575,True,0.16830220805875792,False
capacity,1,69,4.743852885439992,0.3410938661545515,0.00011012889444828033,4.74396301433444,0.3009617109782994,True,0.1648728404854408,False
capacity,1,70,4.2434989009052515,0.3370358608663082,0.00012014061212539673,4.243619041517377,0.3052279429975897,True,0.16124543570098815,False
capacity,1,71,4.254578845575452,0.3406829200685024,0.0001310836523771286,4.254709929227829,0.30950525496155024,True,0.1781850353767245,False
capacity,1,72,4.256132058799267,0.34347805194556713,0.00010989606380462646,4.256241954863071,0.31378511199727654,True,0.19428797739094522,False
capacity,1,73,4.743683151900768,0.33506215550005436,0.00013085082173347473,4.743814002722502,0.31855163909494877,True,0.18789875625739835,False
capacity,1,74,4.254769999533892,0.3492389805614948,0.00013993121683597565,4.254909930750728,0.3228293920401484,True,0.2561596879347284,False
capacity,1,75,4.235252970829606,0.337767880409956,0.00012991949915885925,4.235382890328765,0.3270876780152321,True,0.2913899221238909,False
capacity,1,76,4.565195878967643,0.337366946041584,0.00013993121683597565,4.565335810184479,0.33167573693208396,True,0.3531255719164064,False
capacity,1,77,4.283494083210826,0.33779721707105637,0.00012991949915885925,4.283624002709985,0.3359823049977422,True,0.4575090891747722,False
capacity,1,78,4.24353894777596,0.33521302975714207,0.00013993121683597565,4.243678878992796,0.34024824597872794,True,0.5181324401878173,False
capacity,1,79,4.232768900692463,0.3389499615877867,0.00013015232980251312,4.232899053022265,0.3445039479993284,True,0.6641418829995969,False
capacity,1,80,4.552220925688744,0.33978093415498734,0.0001310836523771286,4.552352009341121,0.3490788019262254,True,0.6416093652367705,False
capacity,1,81,4.27661114372313,0.33273804001510143,0.00011990778148174286,4.276731051504612,0.35337828611955047,True,0.5593282668144145,False
capacity,1,82,4.236947046592832,0.3402221482247114,0.00011990778148174286,4.237066954374313,0.3576379460282624,True,0.373884158319739,False
capacity,1,83,4.22711786814034,0.3339708782732487,0.00012991949915885925,4.227247787639499,0.36188765591941774,True,0.44084275919375115,False
capacity,1,84,4.557091044262052,0.33087492920458317,0.00013993121683597565,4.557230975478888,0.36646765004843473,True,0.5220510454116878,False
capacity,1,85,4.279256099835038,0.3341201227158308,0.00011990778148174286,4.27937600761652,0.3707698790822178,True,0.4372412382914518,False
capacity,1,86,4.22673812136054,0.32858108170330524,0.00011990778148174286,4.226858029142022,0.37501957011409104,True,0.48990281992164986,False
capacity,1,87,4.239832051098347,0.33084419555962086,0.00013085082173347473,4.23996290192008,0.37928227498196065,True,0.3949010500635151,False
capacity,1,88,4.739044001325965,0.3345420118421316,0.00010011717677116394,4.739144118502736,0.3840439810883254,True,0.32611730929663,False
capacity,1,89,4.232027102261782,0.32974197529256344,0.00011990778148174286,4.232147010043263,0.3882987510878593,True,0.3869973604999108,False
capacity,1,90,4.23314911313355,0.33156597055494785,0.00011990778148174286,4.233269020915031,0.3925548531115055,True,0.40921439765230305,False
capacity,1,91,4.231856903061271,0.32879109494388103,0.00010989606380462646,4.231966799125075,0.39680927293375134,True,0.472868828640881,False
capacity,1,92,4.850113997235894,0.33563398756086826,0.00012014061212539673,4.85023413784802,0.4016821701079607,True,0.42934994936476656,False
capacity,1,93,4.23176703043282,0.32811006531119347,0.00010989606380462646,4.231876926496625,0.4059366090223193,True,0.4452357257389386,False
capacity,1,94,4.234091145917773,0.32634614035487175,0.00012991949915885925,4.234221065416932,0.4101934831123799,True,0.4490956166452811,False
capacity,1,95,4.234512103721499,0.33246795646846294,0.00013993121683597565,4.234652034938335,0.4144506671000272,True,0.3828269632499208,False
capacity,1,96,4.393332172185183,0.33205701038241386,0.00012991949915885925,4.393462091684341,0.41886668209917843,True,0.3688615340958245,False
capacity,1,97,4.225142998620868,0.327196903526783,0.00010104849934577942,4.2252440471202135,0.4231150490231812,True,0.34029943432638105,False
capacity,1,98,4.233530024066567,0.3272579051554203,0.00011012889444828033,4.233640152961016,0.42737189307808876,True,0.33874199840145286,False
capacity,1,99,4.218371119350195,0.33467216417193413,0.00011990778148174286,4.218491027131677,0.43161296704784036,True,0.33487224234680407,False
capacity,1,100,4.277542931959033,0.3297829534858465,0.00012014061212539673,4.277663072571158,0.43591320305131376,True,0.32115985693280097,False
capacity,1,101,4.234150983393192,0.3310348838567734,0.00011012889444828033,4.234261112287641,0.4401700170710683,True,0.34325302783619316,False
capacity,1,102,4.226455930620432,0.33151498064398766,0.00014086253941059113,4.2265967931598425,0.44441947690211236,True,0.3212217199972055,False
capacity,1,103,4.557681968435645,0.3353429492563009,0.00013015232980251312,4.557812120765448,0.4489999720826745,True,0.3725189913758163,False
capacity,1,104,4.292391007766128,0.331666087731719,0.00010989606380462646,4.292500903829932,0.45331525593064725,True,0.3415133725622921,False
capacity,1,105,4.234561929479241,0.335122924298048,0.00011012889444828033,4.23467205837369,0.4575725710019469,True,0.3516973010973569,False
capacity,1,106,4.234440857544541,0.3319659736007452,0.000141095370054245,4.234581952914596,0.46182974497787654,True,0.367896876639669,False
capacity,1,107,4.558953922241926,0.3325780853629112,0.00010989606380462646,4.559063818305731,0.46641155192628503,True,0.3595581138824612,False
capacity,1,108,4.287712043151259,0.3380679991096258,0.00011106021702289581,4.287823103368282,0.4707222080323845,True,0.3725017866024976,False
capacity,1,109,4.238910041749477,0.33274805173277855,0.00010989606380462646,4.239019937813282,0.47498393105342984,True,0.38399535546404717,False
capacity,1,110,4.243668867275119,0.3318260423839092,0.00013015232980251312,4.243799019604921,0.47925023292191327,True,0.40842117725005217,False
capacity,1,111,4.866574890911579,0.33680605702102184,0.00011990778148174286,4.866694798693061,0.48413925990462303,True,0.4200478602932195,False
capacity,1,112,4.23160707578063,0.33108494244515896,0.00011990778148174286,4.231726983562112,0.4883935491088778,True,0.4306835038364141,False
capacity,1,113,4.229902988299727,0.3345708828419447,0.000141095370054245,4.230044083669782,0.4926462951116264,True,0.46134014897111125,False
capacity,1,114,4.230092978104949,0.3288600128144026,0.00011990778148174286,4.230212885886431,0.4968990609049797,True,0.4520782150346668,False
capacity,1,115,4.808033816516399,0.330423004925251,0.00012014061212539673,4.808153957128525,0.501729697920382,True,0.40816952138669893,False
capacity,1,116,4.241375019773841,0.33074384555220604,0.00012014061212539673,4.241495160385966,0.5059938561171293,True,0.3884959459445448,False
capacity,1,117,4.2371670715510845,0.3302539698779583,0.00010989606380462646,4.237276967614889,0.5102537150960416,True,0.4144677938158417,False
capacity,1,118,4.2337398044765,0.3355429507791996,0.00012107193470001221,4.2338608764112,0.5145099079236388,True,0.3871504104521657,False
capacity,1,119,4.734405083581805,0.33301906660199165,0.00012014061212539673,4.734525224193931,0.5192719551268965,True,0.4490067077749194,False
capacity,1,120,4.245252115651965,0.33328915014863014,0.00010989606380462646,4.24536201171577,0.5235400500241667,True,0.5001723929688437,False
capacity,1,121,4.225283861160278,0.32772799022495747,0.00012107193470001221,4.225404933094978,0.5277877969201654,True,0.5628519644520381,False
capacity,1,122,4.542032023891807,0.329422065988183,0.00010989606380462646,4.542141919955611,0.5323525520507246,True,0.7844839433610648,False
capacity,1,123,4.287772113457322,0.33739698119461536,0.00012991949915885925,4.287902032956481,0.5366630470380187,True,0.5733401201014998,False
capacity,1,124,4.233659943565726,0.33184606581926346,0.00011990778148174286,4.233779851347208,0.5409193399827927,True,0.5177985781219528,False
capacity,1,125,4.238089080899954,0.33200602047145367,0.00010989606380462646,4.2381989769637585,0.5451802019961178,True,0.5788733263308735,False
capacity,1,126,4.564404953271151,0.3366058226674795,0.00010011717677116394,4.564505070447922,0.5497672690544277,True,0.4145356720925222,False
capacity,1,127,4.27212193608284,0.3323368728160858,0.00012014061212539673,4.272242076694965,0.5540622139815241,True,0.4231393320711494,False
capacity,1,128,4.240021808072925,0.33333897590637207,0.00013015232980251312,4.240151960402727,0.5583249789196998,True,0.39622994995663424,False
capacity,1,129,4.243287956342101,0.3406028263270855,0.00012014061212539673,4.2434080969542265,0.5625908500514925,True,0.9299818163564247,False
capacity,1,130,4.840906942263246,0.33477204851806164,0.00012014061212539673,4.841027082875371,0.5674546100199223,True,0.9110406537583178,False
capacity,1,131,4.240683047100902,0.3414340317249298,0.0001310836523771286,4.240814130753279,0.5717179661151022,True,0.8406279726957019,True
capacity,1,132,4.236314911395311,0.33362885005772114,0.00013015232980251312,4.236445063725114,0.575977073982358,True,0.4066346098936424,False
capacity,1,133,4.227197961881757,0.33167609944939613,0.00012107193470001221,4.227319033816457,0.5802269249688834,True,0.4045446379380837,False
capacity,1,134,4.755815956741571,0.3388600889593363,0.00011990778148174286,4.755935864523053,0.5850054929032922,True,0.5405101927870128,False
capacity,1,135,4.230864811688662,0.3327180165797472,0.00011012889444828033,4.23097494058311,0.5892594219185412,True,0.5077652425334924,False
capacity,1,136,4.231586121022701,0.3355429507791996,0.00010989606380462646,4.231696017086506,0.5935136100742966,True,0.4949768852122597,False
capacity,1,137,4.225304117426276,0.3324071876704693,0.00014086253941059113,4.225444979965687,0.5977665870450437,True,0.5089928073991216,False
capacity,1,138,4.652050090953708,0.333649106323719,0.00011106021702289581,4.652161151170731,0.6024412401020527,True,0.42166768623762096,False
capacity,1,139,4.237747984007001,0.3373469226062298,0.00013015232980251312,4.237878136336803,0.6067017200402915,True,0.4960290022632015,False
capacity,1,140,4.23448090441525,0.33087399788200855,0.00012107193470001221,4.23460197634995,0.6109586339443922,True,0.5604005164049229,False
capacity,1,141,4.610330797731876,0.3326078876852989,0.00012014061212539673,4.610450938344002,0.6155912869144231,True,0.5800051678737982,False
capacity,1,142,4.290387034416199,0.3361848648637533,0.00012014061212539673,4.290507175028324,0.6199044471140951,True,0.543609520943197,False
capacity,1,143,4.239670932292938,0.3371359780430794,0.000141095370054245,4.2398120276629925,0.6241669319570065,True,0.5073576032054056,False
capacity,1,144,4.242155933752656,0.33620488829910755,0.00012014061212539673,4.242276074364781,0.6284318610560149,True,0.4742809296306832,False
capacity,1,145,4.552731988951564,0.34067314118146896,0.00011990778148174286,4.552851896733046,0.6330073159188032,True,0.5255866515206596,False
capacity,1,146,4.284275928512216,0.3370859194546938,0.00013015232980251312,4.284406080842018,0.6373143449891359,True,0.496049567046003,False
capacity,1,147,4.231646889820695,0.34101400524377823,0.00011012889444828033,4.231757018715143,0.6415684439707547,True,0.5177924013750684,False
capacity,1,148,4.227007972076535,0.33480185084044933,0.00013015232980251312,4.227138124406338,0.6458179641049355,True,0.5501601923714541,False
capacity,1,149,4.739183932542801,0.3324667923152447,0.00014016404747962952,4.7393240965902805,0.6505799910519272,True,0.5942468372867407,False
capacity,1,150,4.231597064062953,0.33275806345045567,0.00012991949915885925,4.231726983562112,0.6548345210030675,True,0.6020086716432642,False
capacity,1,151,4.2270878329873085,0.33234688453376293,0.00013015232980251312,4.227217985317111,0.6590840809512883,True,1.2254583434896549,False
capacity,1,152,4.247897071763873,0.32931193709373474,0.00012991949915885925,4.248026991263032,0.6633548710960895,True,1.2562238949371096,False
capacity,1,153,4.745726939290762,0.34179515205323696,0.00010989606380462646,4.745836835354567,0.6681235209107399,True,1.0322605684230497,True
capacity,1,154,4.232167033478618,0.3338300157338381,0.00012107193470001221,4.232288105413318,0.6723789321258664,True,1.1866031243853365,True
capacity,1,155,4.231145139783621,0.3371459897607565,0.00012991949915885925,4.23127505928278,0.6766329400707036,True,1.0697864132167323,True
capacity,1,156,4.234120948240161,0.33528287895023823,0.00013015232980251312,4.2342511005699635,0.6808901550248265,True,1.162720662832185,True
capacity,1,157,4.863889189437032,0.33484213054180145,0.00014994293451309204,4.864039132371545,0.685776777099818,True,0.9184844894623998,True
capacity,1,158,4.2320669163018465,0.33542304299771786,0.00010104849934577942,4.232167964801192,0.6900317179970443,True,1.025526437012863,True
capacity,1,159,4.2359649669379,0.334140844643116,0.00014016404747962952,4.236105130985379,0.6942903650924563,True,1.0266875056751317,True
capacity,1,160,4.570164950564504,0.34140399657189846,0.00012991949915885925,4.5702948700636625,0.698883272940293,True,0.8713534094691897,True
capacity,1,161,4.290988203138113,0.3370060585439205,0.00013993121683597565,4.291128134354949,0.7031973251141608,True,0.7471570002937904,True
capacity,1,162,4.243338946253061,0.3457129932940006,0.00013993121683597565,4.243478877469897,0.7074635769240558,True,0.7745926940961877,True
capacity,1,163,4.240451846271753,0.34335791133344173,0.0001511070877313614,4.240602953359485,0.7117267919238657,True,0.6985731919057413,False
capacity,1,164,4.565306939184666,0.34069386310875416,0.00011990778148174286,4.565426846966147,0.7163148319814354,True,0.6688387596884954,False
capacity,1,165,4.294094163924456,0.345482025295496,0.00011990778148174286,4.294214071705937,0.7206319191027433,True,0.6555783830634392,False
capacity,1,166,4.230794962495565,0.33942097797989845,0.00013993121683597565,4.230934893712401,0.7248856769874692,True,0.5971254882634872,False
capacity,1,167,4.254960222169757,0.3390901256352663,0.00013993121683597565,4.255100153386593,0.7291634001303464,True,0.5696654953954936,False
capacity,1,168,4.748322069644928,0.33889012411236763,0.00012991949915885925,4.748451989144087,0.7339344350621104,True,0.5326430922257063,False
capacity,1,169,4.241194808855653,0.3394610248506069,0.00012014061212539673,4.241314949467778,0.7381982319056988,True,0.5302346243315303,False
capacity,1,170,4.314283141866326,0.34011201933026314,0.00011990778148174286,4.314403049647808,0.7425351070705801,True,0.4736183054803963,False
capacity,1,171,4.237327026203275,0.3310039173811674,0.000141095370054245,4.237468121573329,0.7467956880573183,True,0.463038486448598,False
capacity,1,172,4.859421867877245,0.3300630487501621,0.00012991949915885925,4.859551787376404,0.7516778719145805,True,0.9029184012052436,False
capacity,1,173,4.235303029417992,0.329792033880949,0.00013015232980251312,4.235433181747794,0.7559359380975366,True,0.8898272410003529,False
capacity,1,174,4.2359239887446165,0.32844883389770985,0.00012107193470001221,4.2360450606793165,0.7601949260570109,True,0.8887348894170162,True
capacity,1,175,4.231546074151993,0.333419069647789,0.00011990778148174286,4.2316659819334745,0.7644494050182402,True,0.9416938217029454,True
capacity,1,176,4.3780331034213305,0.3438901621848345,0.00012991949915885925,4.378163022920489,0.7688503810204566,True,0.9382085405329953,True
capacity,1,177,4.222668940201402,0.3301631659269333,0.00014086253941059113,4.222809802740812,0.7730956329032779,True,0.8540492717932735,True
capacity,1,178,4.233249928802252,0.33284910023212433,0.00012991949915885925,4.233379848301411,0.7773518159519881,True,0.8280369398678369,True
capacity,1,179,4.224312957376242,0.33605494536459446,0.00012991949915885925,4.2244428768754005,0.7815987109206617,True,0.7657444078025659,True
capacity,1,180,4.307569935917854,0.34126383252441883,0.00012014061212539673,4.30769007652998,0.7859292440116405,True,0.721361581020387,True
capacity,1,181,4.247506847605109,0.33320882357656956,0.00013015232980251312,4.247636999934912,0.7901993929408491,True,0.7327913709211402,True
capacity,1,182,4.241575952619314,0.3389099147170782,0.00013015232980251312,4.241706104949117,0.7944634810555726,True,0.7057771072488108,False
capacity,1,183,4.2457429226487875,0.3362249117344618,0.00011012889444828033,4.245853051543236,0.7987319859676063,True,0.6523205747983464,False
capacity,1,184,4.289165139198303,0.33829803578555584,0.00012991949915885925,4.289295058697462,0.8030437340494245,True,0.6534244153678072,False
capacity,1,185,4.235061816871166,0.33284793607890606,0.0001310836523771286,4.235192900523543,0.8073014989495277,True,0.6099745189892185,False
capacity,1,186,4.228370962664485,0.3382191061973572,0.00012991949915885925,4.228500882163644,0.8115527329500765,True,0.5747435769462917,False
capacity,1,187,4.555447958409786,0.3339198883622885,0.00010989606380462646,4.555557854473591,0.8161306229885668,True,0.5959617613784612,False
capacity,1,188,4.287471994757652,0.33446098677814007,0.00011990778148174286,4.287591902539134,0.8204411279875785,True,0.5217901354650585,False
capacity,1,189,4.245061194524169,0.3417551051825285,0.00013085082173347473,4.245192045345902,0.8247089721262455,True,0.48637563669294553,False
capacity,1,190,4.253929015249014,0.33584400080144405,0.00014994293451309204,4.254078958183527,0.828985634027049,True,0.43276473191608844,False
capacity,1,191,4.745374899357557,0.3367448225617409,0.00011106021702289581,4.74548595957458,0.8337537320330739,True,0.4553079425651102,False
capacity,1,192,4.240262089297175,0.3366549499332905,0.00012083910405635834,4.240382928401232,0.8380168180447072,True,0.4771620719127689,False
capacity,1,193,4.230353981256485,0.335893826559186,0.00012014061212539673,4.23047412186861,0.842269865097478,True,0.4539896354819594,False
capacity,1,194,4.251574166119099,0.3434182144701481,0.00010989606380462646,4.251684062182903,0.8465440510772169,True,0.45293631659475336,False
capacity,1,195,4.8489009495824575,0.3360139671713114,0.00012014061212539673,4.849021090194583,0.8514155850280076,True,0.433072695209447,False
capacity,1,196,4.258908098563552,0.3440191503614187,0.00013993121683597565,4.259048029780388,0.8556975170504302,True,0.4156601782890689,False
capacity,1,197,4.243469098582864,0.33777812495827675,0.00013993121683597565,4.2436090297997,0.8599636480212212,True,0.42742960518583023,False
capacity,1,198,4.28089895285666,0.33575389534235,0.00013015232980251312,4.281029105186462,0.8642674100119621,True,0.4154314472766648,False
capacity,1,199,4.738623043522239,0.3467840142548084,0.00011990778148174286,4.7387429513037205,0.8690291370730847,True,0.41469421103362625,False
capacity,1,200,4.243708914145827,0.3387888427823782,0.00012107193470001221,4.243829986080527,0.8732957399915904,True,0.4226908288088441,False
capacity,1,201,4.247155971825123,0.34277699887752533,0.00011012889444828033,4.247266100719571,0.877566009061411,True,0.3885097500998207,False
capacity,1,202,4.235823871567845,0.3367648459970951,0.00012014061212539673,4.235944012179971,0.8818246859591454,True,0.4016348116361554,False
capacity,1,203,4.33968985453248,0.3417248371988535,0.00014016404747962952,4.33983001857996,0.8861871489789337,True,0.3842549592743132,False
capacity,1,204,4.232738865539432,0.34305802546441555,0.00014016404747962952,4.232879029586911,0.8904426009394228,True,0.38602332407983453,False
capacity,1,205,4.252986051142216,0.34372787922620773,0.0001310836523771286,4.253117134794593,0.8947183401323855,True,0.38344196017268606,False
capacity,1,206,4.5628719963133335,0.33685588277876377,0.00012014061212539673,4.562992136925459,0.8993041650392115,True,0.41875199080564246,False
capacity,1,207,4.281019093468785,0.3405320458114147,0.00011082738637924194,4.2811299208551645,0.9036079170182347,True,0.41722416734272527,False
capacity,1,208,4.23139613121748,0.33687613904476166,0.00010989606380462646,4.231506027281284,0.9078620860818774,True,0.43231392033442617,False
capacity,1,209,4.231416154652834,0.3362651914358139,0.00010989606380462646,4.231526050716639,0.9121157540939748,True,0.42009504110888024,False
capacity,1,210,4.889087053015828,0.335293123498559,9.988434612751007e-05,4.889186937361956,0.9170273030176759,True,0.4414541665183536,False
capacity,1,211,4.254519008100033,0.3393900115042925,0.0001310836523771286,4.25465009175241,0.921306329080835,True,0.44401892300723667,False
capacity,1,212,4.253527848049998,0.3418349660933018,0.00012014061212539673,4.253647988662124,0.9255836419761181,True,0.44816825687036477,False
capacity,1,213,4.24247607588768,0.33863913267850876,0.00013993121683597565,4.242616007104516,0.929849392035976,True,0.4964348285841168,False
capacity,1,214,4.86644497141242,0.33885007724165916,0.00014994293451309204,4.866594914346933,0.9347385999280959,True,0.5026719285938663,False
capacity,1,215,4.243209026753902,0.33733691088855267,0.00010989606380462646,4.243318922817707,0.9390044510364532,True,0.49637548768315354,False
capacity,1,216,4.240202950313687,0.3357341047376394,0.00012991949915885925,4.240332869812846,0.9432676469441503,True,0.48144596155366637,False
capacity,1,217,4.230713937431574,0.3422349691390991,0.0001310836523771286,4.230845021083951,0.94752112403512,True,0.46647124666252476,False
capacity,1,218,4.814516054466367,0.3407229669392109,0.00012991949915885925,4.814645973965526,0.952364054042846,True,0.48769511189985715,False
capacity,1,219,4.2425470892339945,0.3431378863751888,0.00012991949915885925,4.242677008733153,0.9566294241230935,True,0.4437776607399408,False
capacity,1,220,4.2583870235830545,0.33800816163420677,0.00013085082173347473,4.258517874404788,0.9609105039853603,True,0.45599284858604994,False
capacity,1,221,4.246595082804561,0.337488017976284,0.00010989606380462646,4.246704978868365,0.9651798410341144,True,0.46568538257031067,False
capacity,1,222,4.3818100821226835,0.3423360176384449,0.00012014061212539673,4.381930222734809,0.9695844941306859,True,0.46750596421426854,False
capacity,1,223,4.238029010593891,0.3359538968652487,0.00014016404747962952,4.238169174641371,0.9738455160986632,True,0.395567497704906,False
capacity,1,224,4.246004158630967,0.3365760203450918,0.00010989606380462646,4.246114054694772,0.9781141621060669,True,0.43520854837032324,False
capacity,1,225,4.570205928757787,0.33616507425904274,0.00011990778148174286,4.5703258365392685,0.9827073009219021,True,0.4536638688724342,False
capacity,1,226,4.2755689937621355,0.333559000864625,0.00011082738637924194,4.275679821148515,0.9870061839465052,True,0.5472050506163023,False
capacity,1,227,4.236175213009119,0.3349720500409603,0.00011990778148174286,4.236295120790601,0.9912653621286154,True,0.5596199248601452,False
capacity,1,228,4.240342881530523,0.3415350802242756,0.00011990778148174286,4.240462789312005,0.9955286579206586,True,0.5054536268320629,False
capacity,1,229,4.813755163922906,0.3348821774125099,0.00011082738637924194,4.813865991309285,1.000369775108993,True,0.5328388873664283,False
capacity,1,230,4.236015025526285,0.33985194750130177,0.00011990778148174286,4.236134933307767,1.0046284820418805,True,0.538435395072385,False
capacity,1,231,4.223811207339168,0.33403001725673676,0.00014086253941059113,4.223952069878578,1.0088748161215335,True,0.5431445338011741,False
capacity,1,232,4.237266024574637,0.33161486499011517,0.00012107193470001221,4.237387096509337,1.0131346450652927,True,0.4427598720209432,False
capacity,1,233,4.863979993388057,0.3335089422762394,0.00011106021702289581,4.86409105360508,1.0180210180114955,True,0.38971555208854614,False
capacity,1,234,4.24746610224247,0.3321971744298935,0.00012991949915885925,4.247596021741629,1.0222914470359683,True,0.4476603655270589,False
capacity,1,235,4.233319079503417,0.3383480943739414,0.00014086253941059113,4.233459942042828,1.0265473490580916,True,0.5511377955691811,False
capacity,1,236,4.245923133566976,0.3341301344335079,0.00011082738637924194,4.246033960953355,1.030816256068647,True,0.6051076794243953,False
capacity,1,237,4.844462964683771,0.3359941765666008,0.00011990778148174286,4.844582872465253,1.035683180904016,True,0.5149462915103615,False
capacity,1,238,4.231896018609405,0.33477088436484337,0.0001310836523771286,4.232027102261782,1.039938071044162,True,0.5161345107315393,False
capacity,1,239,4.239250905811787,0.33246702514588833,0.00012014061212539673,4.239371046423912,1.0442004259675741,True,0.5332765346797054,False
capacity,1,240,4.568642005324364,0.3386889584362507,0.000141095370054245,4.568783100694418,1.0487919310107827,True,0.6417573064482668,False
capacity,1,241,4.293492995202541,0.3358239773660898,0.00012991949915885925,4.2936229147017,1.0531097799539566,True,0.591832482332035,False
capacity,1,242,4.230895079672337,0.33493200317025185,0.00011990778148174286,4.231014987453818,1.0573638291098177,True,0.5063579746926681,False
capacity,1,243,4.240843933075666,0.3404528833925724,0.00012014061212539673,4.240964073687792,1.0616277060471475,True,0.49642114115509095,False
capacity,1,244,4.572469042614102,0.33668498508632183,0.00013993121683597565,4.572608973830938,1.066223449073732,True,0.534442124490008,False
capacity,1,245,4.302069079130888,0.3463041502982378,0.00011990778148174286,4.30218898691237,1.0705502750352025,True,0.5351343182344206,False
capacity,1,246,4.774841945618391,0.3398710396140814,0.00010989606380462646,4.774951841682196,1.0753488019108772,True,0.5560708670197453,False
capacity,1,247,4.259499022737145,0.344711123034358,0.00014994293451309204,4.2596489656716585,1.079632906941697,True,0.5272835240429855,False
capacity,1,248,4.747189115732908,0.334802083671093,0.00010989606380462646,4.747299011796713,1.084403129061684,True,0.7157374745650327,False
capacity,1,249,4.265981027856469,0.3489891532808542,0.00013993121683597565,4.266120959073305,1.0886931959539652,True,0.6118119401515277,False
capacity,1,250,4.245151067152619,0.33360905945301056,0.00010104849934577942,4.245252115651965,1.0929612410254776,True,0.7648954208749549,False
capacity,1,251,4.2466348968446255,0.3357140813022852,0.00012014061212539673,4.246755037456751,1.0972307289484888,True,0.7587126174392862,False
capacity,1,252,4.849342163652182,0.3398521803319454,0.00010989606380462646,4.849452059715986,1.1021030941046774,True,0.5539364862076473,False
capacity,1,253,4.236886976286769,0.3352330531924963,0.00012991949915885925,4.237016895785928,1.1063632250297815,True,0.6412177736521412,False
capacity,1,254,4.233659943565726,0.34021190367639065,0.00014016404747962952,4.233800107613206,1.1106197680346668,True,0.616249966966665,False
capacity,1,255,4.245952935889363,0.33721583895385265,0.00012014061212539673,4.246073076501489,1.1148884140420705,True,0.6732181086168454,False
capacity,2,0,4.258235916495323,0.33893901854753494,0.00012014061212539673,4.258356057107449,0.004272162914276123,False,,
capacity,2,1,3.973729908466339,0.34027197398245335,0.00012014061212539673,3.9738500490784645,0.008268595905974507,False,,
capacity,2,2,3.9756831247359514,0.33841817639768124,0.00010081566870212555,3.9757839404046535,0.012266570935025811,False,,
capacity,2,3,3.9724570233374834,0.3371459897607565,0.00012107193470001221,3.9725780952721834,0.01626117993146181,False,,
capacity,2,4,4.15343907661736,0.34198607318103313,0.00010989606380462646,4.153548972681165,0.020437581930309534,False,,
capacity,2,5,3.9814941119402647,0.3375571686774492,0.00014086253941059113,3.9816349744796753,0.02444161893799901,False,,
capacity,2,6,3.9764149114489555,0.3375569358468056,0.00011012889444828033,3.976525040343404,0.028440415859222412,False,,
capacity,2,7,3.965493990108371,0.3377969842404127,0.00010989606380462646,3.9656038861721754,0.03242832189425826,False,,
capacity,2,8,4.471068037673831,0.3388191107660532,9.988434612751007e-05,4.4711679220199585,0.036921551916748285,False,,
capacity,2,9,4.06431988812983,0.3337098751217127,0.00011106021702289581,4.064430948346853,0.041009005857631564,False,,
capacity,2,10,3.987315110862255,0.3347420133650303,0.00010989606380462646,3.9874250069260597,0.04501913394778967,False,,
capacity,2,11,4.016530932858586,0.3476759884506464,0.00010011717677116394,4.0166310500353575,0.049060391960665584,False,,
capacity,2,12,4.493079148232937,0.336294062435627,0.00010104849934577942,4.493180196732283,0.05357732600532472,False,,
capacity,2,13,4.1159880347549915,0.34802709706127644,0.00016996636986732483,4.116158001124859,0.057730303844437,False,,
capacity,2,14,3.996271872892976,0.33745705150067806,0.00012014061212539673,3.996392013505101,0.061753766844049096,False,,
capacity,2,15,4.187271930277348,0.340011902153492,0.0001310836523771286,4.187403013929725,0.06596715888008475,False,,
capacity,2,16,4.82648890465498,0.33948104828596115,0.00012014061212539673,4.826609045267105,0.07081882585771382,False,,
capacity,2,17,4.220966016873717,0.3426969051361084,0.00011012889444828033,4.221076145768166,0.07506491895765066,False,,
capacity,2,18,4.210436018183827,0.3406619653105736,0.0001310836523771286,4.2105671018362045,0.0793008639011532,False,,
capacity,2,19,4.217699868604541,0.34705502912402153,0.00012014061212539673,4.217820009216666,0.08354208781383932,False,,
capacity,2,20,4.448045045137405,0.34748599864542484,0.00011990778148174286,4.448164952918887,0.08801433886401355,False,,
capacity,2,21,4.203642951324582,0.33948011696338654,0.00012991949915885925,4.203772870823741,0.09224128583446145,False,,
capacity,2,22,4.213551990687847,0.3435881808400154,0.00012991949915885925,4.213681910187006,0.09647793183103204,False,,
capacity,2,23,4.529978847131133,0.3462228924036026,0.0001310836523771286,4.53010993078351,0.10103159584105015,False,,
capacity,2,24,4.263597074896097,0.3383290022611618,0.00013993121683597565,4.263737006112933,0.1053186769131571,False,,
capacity,2,25,4.211598075926304,0.3458529245108366,8.987262845039368e-05,4.211687948554754,0.1095535489730537,False,,
capacity,2,26,4.204895813018084,0.34373882226645947,0.00013015232980251312,4.205025965347886,0.11378200980834663,False,,
capacity,2,27,4.529407946392894,0.338488956913352,0.00012991949915885925,4.529537865892053,0.11833434086292982,False,,
capacity,2,28,4.269797820597887,0.3428070340305567,0.00013015232980251312,4.2699279729276896,0.12262798380106688,False,,
capacity,2,29,4.201248986646533,0.3387888427823782,0.0001310836523771286,4.20138007029891,0.1268527179490775,False,,
capacity,2,30,4.205706994980574,0.33410009928047657,0.00012991949915885925,4.2058369144797325,0.13108213990926743,False,,
capacity,2,31,4.797694040462375,0.3410838544368744,0.00012014061212539673,4.7978141810745,0.13590360898524523,False,,
capacity,2,32,4.244931973516941,0.3447809722274542,0.00012014061212539673,4.2450521141290665,0.14017543196678162,False,,
capacity,2,33,4.246874945238233,0.3509318921715021,0.0001310836523771286,4.24700602889061,0.14445080095902085,False,,
capacity,2,34,4.249058896675706,0.34049199894070625,0.00011990778148174286,4.249178804457188,0.1487280228175223,False,,
capacity,2,35,4.794999025762081,0.33298786729574203,0.00013015232980251312,4.795129178091884,0.1535484699998051,True,0.4183124670758829,False
capacity,2,36,4.26686299033463,0.33460184931755066,9.010545909404755e-05,4.266953095793724,0.15784128196537495,True,0.3684766597023988,False
capacity,2,37,4.258026136085391,0.3325080033391714,0.00010989606380462646,4.258136032149196,0.16212378395721316,True,0.3436256382594335,False
capacity,2,38,4.26019006408751,0.3299328964203596,0.00011012889444828033,4.260300192981958,0.16640797001309693,True,0.3251190712746852,False
capacity,2,39,4.865572089329362,0.34285709261894226,0.000141095370054245,4.865713184699416,0.17129721702076495,True,0.24891559810184352,False
capacity,2,40,4.29390394128859,0.3415748942643404,0.00013993121683597565,4.294043872505426,0.1756149958819151,True,0.23186357107909167,False
capacity,2,41,4.24580299295485,0.3339499235153198,0.00013015232980251312,4.245933145284653,0.17988461395725608,True,0.25364301287443936,False
capacity,2,42,4.555047024041414,0.334171112626791,0.00013993121683597565,4.55518695525825,0.18446285487152636,True,0.1991898544798569,False
capacity,2,43,4.302600864320993,0.3413748927414417,0.00013015232980251312,4.302731016650796,0.1887885588221252,True,0.17902235536380515,False
capacity,2,44,4.237747984007001,0.3372558858245611,0.00011990778148174286,4.237867891788483,0.1930492299143225,True,0.1883539397355949,False
capacity,2,45,4.244902171194553,0.335153192281723,0.00013993121683597565,4.245042102411389,0.19731683400459588,True,0.22989740455650126,False
capacity,2,46,4.5621199533343315,0.3391001373529434,0.00013993121683597565,4.5622598845511675,0.20190166682004929,True,0.248326712701007,False
capacity,2,47,4.278995795175433,0.33695599995553493,0.0001501757651567459,4.27914597094059,0.20620412682183087,True,0.2506760378863699,False
capacity,2,48,4.248447949066758,0.3338300157338381,0.00012107193470001221,4.248569021001458,0.21047528786584735,True,0.269161954588111,False
capacity,2,49,4.230143968015909,0.3388498444110155,0.00011012889444828033,4.2302540969103575,0.2147281039506197,True,0.26170139512910273,False
capacity,2,50,4.744585137814283,0.3375571686774492,0.00010989606380462646,4.744695033878088,0.2194956219755113,True,0.37920667787049034,False
capacity,2,51,4.2516738176345825,0.34154485911130905,0.00011012889444828033,4.251783946529031,0.2237703688442707,True,0.394289285308838,False
capacity,2,52,4.234983120113611,0.3332591149955988,0.00011990778148174286,4.235103027895093,0.22802802501246333,True,0.390759447512812,False
capacity,2,53,4.242246970534325,0.3351829946041107,0.00011012889444828033,4.242357099428773,0.23229298391379416,True,0.40764217904720573,False
capacity,2,54,4.75721899420023,0.3423860762268305,0.00012991949915885925,4.7573489136993885,0.23707277490757406,True,0.3572143935047454,False
capacity,2,55,4.248538054525852,0.3369161859154701,8.987262845039368e-05,4.248627927154303,0.24134427588433027,True,0.3660945106205641,False
capacity,2,56,4.255081061273813,0.34251692704856396,0.00012991949915885925,4.255210980772972,0.24562219996005297,True,0.38104232243499975,False
capacity,2,57,4.228441044688225,0.3355131484568119,9.988434612751007e-05,4.228540929034352,0.24987312289886177,True,0.40960701442798,False
capacity,2,58,4.424029029905796,0.33633504062891006,0.00012991949915885925,4.424158949404955,0.2543201248627156,True,0.33764240520119426,False
capacity,2,59,4.247206030413508,0.34055300056934357,0.00011990778148174286,4.24732593819499,0.25859038485214114,True,0.3544832407984262,False
capacity,2,60,4.258025903254747,0.3524450585246086,0.0001511070877313614,4.258177010342479,0.26287696487270296,True,0.29799133362222385,False
capacity,2,61,4.58529288880527,0.35831588320434093,0.0001310836523771286,4.585423972457647,0.267485000891611,True,0.2878043855433964,False
capacity,2,62,4.289265023544431,0.33807801082730293,0.00010989606380462646,4.289374919608235,0.27179751987569034,True,0.21513216935116872,False
capacity,2,63,4.242707975208759,0.3333489876240492,0.00011990778148174286,4.242827882990241,0.2760630308184773,True,0.18481637856027097,False
capacity,2,64,4.236935870721936,0.33306796103715897,0.00012107193470001221,4.237056942656636,0.28032275987789035,True,0.17367552096745847,False
capacity,2,65,4.232547944411635,0.33923983573913574,0.00011012889444828033,4.232658073306084,0.2845780309289694,True,0.1963387048541923,False
capacity,2,66,4.655927186831832,0.3342211712151766,0.00011990778148174286,4.656047094613314,0.289261810015887,True,0.17889717804302138,False
capacity,2,67,4.242567112669349,0.3386889584362507,0.00010104849934577942,4.2426681611686945,0.2935268699657172,True,0.18894302913496916,False
capacity,2,68,4.240112146362662,0.3379781264811754,0.00012991949915885925,4.240242065861821,0.2977897049859166,True,0.16830220805875792,False
capacity,2,69,4.73189982585609,0.3324667923152447,0.00010011717677116394,4.731999943032861,0.30254426784813404,True,0.1648728404854408,False
capacity,2,70,4.25928900949657,0.33947103656828403,0.00014994293451309204,4.259438952431083,0.3068264799658209,True,0.16124543570098815,False
capacity,2,71,4.2344010435044765,0.33269799314439297,0.00013085082173347473,4.23453189432621,0.3110835838597268,True,0.1781850353767245,False
capacity,2,72,4.237668123096228,0.33331895247101784,0.00010989606380462646,4.237778019160032,0.315343894995749,True,0.19428797739094522,False
capacity,2,73,4.835214931517839,0.3381678834557533,0.00012107193470001221,4.835336003452539,0.3202017229050398,True,0.18789875625739835,False
capacity,2,74,4.234280902892351,0.3343410789966583,0.00012991949915885925,4.23441082239151,0.32445882679894567,True,0.2561596879347284,False
capacity,2,75,4.240252077579498,0.3385590389370918,0.00012107193470001221,4.240373149514198,0.3287216320168227,True,0.2913899221238909,False
capacity,2,76,4.250031895935535,0.333509873598814,0.00011012889444828033,4.250142024829984,0.33299449691548944,True,0.3531255719164064,False
capacity,2,77,4.4847039971500635,0.3353729844093323,0.00013015232980251312,4.484834149479866,0.3375021140091121,True,0.4575090891747722,False
capacity,2,78,4.236205015331507,0.3384088631719351,0.00012991949915885925,4.236334934830666,0.34176129195839167,True,0.5181324401878173,False
capacity,2,79,4.240722861140966,0.32942090183496475,0.0001310836523771286,4.2408539447933435,0.3460246678441763,True,0.6641418829995969,False
capacity,2,80,4.226556047797203,0.3296618815511465,0.0001310836523771286,4.22668713144958,0.3502737570088357,True,0.6416093652367705,False
capacity,2,81,4.277773899957538,0.3357338719069958,0.00012014061212539673,4.277894040569663,0.3545748149044812,True,0.5593282668144145,False
capacity,2,82,4.24723606556654,0.335032120347023,0.00010989606380462646,4.247345961630344,0.3588448839727789,True,0.373884158319739,False
capacity,2,83,4.23129484988749,0.32829889096319675,0.00012107193470001221,4.23141592182219,0.36309900181367993,True,0.44084275919375115,False
capacity,2,84,4.556960193440318,0.3258851356804371,0.00011990778148174286,4.5570801012218,0.36767879500985146,True,0.5220510454116878,False
capacity,2,85,4.284226102754474,0.3313859924674034,0.00011990778148174286,4.284346010535955,0.3719871169887483,True,0.4372412382914518,False
capacity,2,86,4.232387058436871,0.3281491808593273,0.00011082738637924194,4.23249788582325,0.37624264787882566,True,0.48990281992164986,False
capacity,2,87,4.237266955897212,0.3295519854873419,0.00014016404747962952,4.237407119944692,0.38050308893434703,True,0.3949010500635151,False
capacity,2,88,4.735677968710661,0.3319468814879656,0.00010011717677116394,4.735778085887432,0.3852618099190295,True,0.32611730929663,False
capacity,2,89,4.258636850863695,0.3327978774905205,0.00013993121683597565,4.258776782080531,0.38954376080073416,True,0.3869973604999108,False
capacity,2,90,4.231235012412071,0.3277480136603117,0.0001310836523771286,4.231366096064448,0.39379797992296517,True,0.40921439765230305,False
capacity,2,91,4.215094959363341,0.3262958489358425,0.00011012889444828033,4.21520508825779,0.39803572790697217,True,0.472868828640881,False
capacity,2,92,4.860593006014824,0.3513630945235491,0.00011106021702289581,4.860704066231847,0.4029189138673246,True,0.42934994936476656,False
capacity,2,93,4.246274009346962,0.32467301934957504,0.00011990778148174286,4.246393917128444,0.407188240904361,True,0.4452357257389386,False
capacity,2,94,4.236555891111493,0.3257549833506346,0.00011990778148174286,4.236675798892975,0.41144809080287814,True,0.4490956166452811,False
capacity,2,95,4.231996834278107,0.3311550244688988,0.00012014061212539673,4.232116974890232,0.41570306080393493,True,0.3828269632499208,False
capacity,2,96,4.722702782601118,0.3240508958697319,0.00012014061212539673,4.7228229232132435,0.4204483868088573,True,0.3688615340958245,False
capacity,2,97,4.224993987008929,0.3308849409222603,0.00012991949915885925,4.225123906508088,0.4246964838821441,True,0.34029943432638105,False
capacity,2,98,4.215907072648406,0.3250329755246639,0.00012991949915885925,4.216036992147565,0.42893501394428313,True,0.33874199840145286,False
capacity,2,99,4.229342099279165,0.3270970191806555,0.00010989606380462646,4.22945199534297,0.4331866579595953,True,0.33487224234680407,False
capacity,2,100,4.889057017862797,0.3265261184424162,0.00012991949915885925,4.889186937361956,0.43809864786453545,True,0.32115985693280097,False
capacity,2,101,4.706421867012978,0.33166492357850075,0.00012107193470001221,4.706542938947678,0.44283026782795787,True,0.34325302783619316,False
capacity,2,102,4.634716082364321,0.41487207636237144,0.00016088597476482391,4.634876968339086,0.44749325793236494,True,0.3212217199972055,False
capacity,2,103,4.7995178028941154,0.3414638340473175,0.00012107193470001221,4.7996388748288155,0.4523177638184279,True,0.3725189913758163,False
capacity,2,104,4.4754070695489645,0.35695405676960945,0.00013993121683597565,4.4755470007658005,0.45682065188884735,True,0.3415133725622921,False
capacity,2,105,4.273666068911552,0.3352728672325611,0.00011990778148174286,4.273785976693034,0.46111986599862576,True,0.3516973010973569,False
capacity,2,106,4.321826156228781,0.3439991269260645,0.00010989606380462646,4.321936052292585,0.4654724099673331,True,0.367896876639669,False
capacity,2,107,4.816330038011074,0.3506820648908615,0.00011990778148174286,4.816449945792556,0.4703192878514528,True,0.3595581138824612,False
capacity,2,108,4.306848859414458,0.3468650393188,0.00013993121683597565,4.306988790631294,0.4746566438116133,True,0.3725017866024976,False
capacity,2,109,4.297780804336071,0.34625292755663395,0.00012014061212539673,4.297900944948196,0.4789852728135884,True,0.38399535546404717,False
capacity,2,110,4.2766418773680925,0.33750687725842,0.00013015232980251312,4.276772029697895,0.48329185089096427,True,0.40842117725005217,False
capacity,2,111,4.9052180256694555,0.3511430695652962,0.00012991949915885925,4.905347945168614,0.4882256118580699,True,0.4200478602932195,False
capacity,2,112,4.271741956472397,0.3384279552847147,0.00012107193470001221,4.271863028407097,0.4925256378483027,True,0.4306835038364141,False
capacity,2,113,4.263626877218485,0.3401818685233593,0.00011012889444828033,4.263737006112933,0.49681463185697794,True,0.46134014897111125,False
capacity,2,114,4.565907176584005,0.32950215972959995,0.00012991949915885925,4.566037096083164,0.5014058169908822,True,0.4520782150346668,False
capacity,2,115,4.293401958420873,0.3403918817639351,0.000141095370054245,4.293543053790927,0.5057240258902311,True,0.40816952138669893,False
capacity,2,116,4.232367966324091,0.3324681892991066,0.00012991949915885925,4.23249788582325,0.5099812007974833,True,0.3884959459445448,False
capacity,2,117,4.245090996846557,0.3314949572086334,0.00011106021702289581,4.24520205706358,0.5142504379618913,True,0.4144677938158417,False
capacity,2,118,4.250311991199851,0.338488956913352,0.00012014061212539673,4.250432131811976,0.5185254369862378,True,0.3871504104521657,False
capacity,2,119,4.616392077878118,0.34033204428851604,0.00011082738637924194,4.616502905264497,0.5231662848964334,True,0.4490067077749194,False
capacity,2,120,4.221457056701183,0.3284001722931862,0.00011990778148174286,4.221576964482665,0.5274109658785164,True,0.5001723929688437,False
capacity,2,121,4.243269097059965,0.33664610236883163,0.00011990778148174286,4.243389004841447,0.5316770679783076,True,0.5628519644520381,False
capacity,2,122,4.734134068712592,0.3307040315121412,0.00011990778148174286,4.734253976494074,0.5364341950044036,True,0.7844839433610648,False
capacity,2,123,4.240342183038592,0.33850898034870625,0.00011990778148174286,4.240462090820074,0.5406974710058421,True,0.5733401201014998,False
capacity,2,124,4.23749815672636,0.33162604086101055,0.00012991949915885925,4.237628076225519,0.5449576219543815,True,0.5177985781219528,False
capacity,2,125,4.23562410287559,0.3312251064926386,8.987262845039368e-05,4.235713975504041,0.5492162089794874,True,0.5788733263308735,False
capacity,2,126,4.748130915686488,0.3321669064462185,0.00012014061212539673,4.7482510562986135,0.5539871528744698,True,0.4145356720925222,False
capacity,2,127,4.25473996438086,0.3325180150568485,0.00012014061212539673,4.254860104992986,0.5582648359704763,True,0.4231393320711494,False
capacity,2,128,4.2393209878355265,0.3367150202393532,0.00012014061212539673,4.239441128447652,0.5625268199946731,True,0.39622994995663424,False
capacity,2,129,4.2467250023037195,0.34013204276561737,0.00015087425708770752,4.246875876560807,0.5667964178137481,True,0.9299818163564247,False
capacity,2,130,4.347705980762839,0.3340409602969885,0.00013015232980251312,4.347836133092642,0.5711666760034859,True,0.9110406537583178,False
capacity,2,131,4.246213939040899,0.33669592812657356,0.00010989606380462646,4.246323835104704,0.5754355618264526,True,0.8406279726957019,True
capacity,2,132,4.232086939737201,0.33850898034870625,0.0001310836523771286,4.232218023389578,0.5796901718713343,True,0.4066346098936424,False
capacity,2,133,4.554125014692545,0.33346889540553093,0.00012107193470001221,4.554246086627245,0.5842669999692589,True,0.4045446379380837,False
capacity,2,134,4.287320887669921,0.3403120208531618,0.00011012889444828033,4.287431016564369,0.5885771638713777,True,0.5405101927870128,False
capacity,2,135,4.245421849191189,0.3389099147170782,0.00013015232980251312,4.245552001520991,0.5928452888038009,True,0.5077652425334924,False
capacity,2,136,4.225173965096474,0.3298921510577202,0.00011990778148174286,4.225293872877955,0.5970929458271712,True,0.4949768852122597,False
capacity,2,137,4.8437220975756645,0.3330688923597336,0.00011990778148174286,4.843842005357146,0.6019595810212195,True,0.5089928073991216,False
capacity,2,138,4.239722155034542,0.33252802677452564,0.00010989606380462646,4.239832051098347,0.6062225459609181,True,0.42166768623762096,False
capacity,2,139,4.229040816426277,0.33156597055494785,0.00011012889444828033,4.229150945320725,0.6104742598254234,True,0.4960290022632015,False
capacity,2,140,4.2287008836865425,0.3346719313412905,0.00010011717677116394,4.228801000863314,0.6147257438860834,True,0.5604005164049229,False
capacity,2,141,4.727852065116167,0.33142510801553726,0.00012083910405635834,4.727972904220223,0.6194761889055371,True,0.5800051678737982,False
capacity,2,142,4.253929015249014,0.3397311083972454,0.00012991949915885925,4.254058934748173,0.6237533818930387,True,0.543609520943197,False
capacity,2,143,4.228268982842565,0.3344910219311714,0.00012107193470001221,4.228390054777265,0.6280047348700464,True,0.5073576032054056,False
capacity,2,144,4.246714990586042,0.3352330531924963,0.00010989606380462646,4.246824886649847,0.632274072850123,True,0.4742809296306832,False
capacity,2,145,4.759792936965823,0.3438289277255535,0.00010989606380462646,4.759902833029628,0.6370567288249731,True,0.5255866515206596,False
capacity,2,146,4.263245966285467,0.3359138499945402,0.00012014061212539673,4.2633661068975925,0.6413443209603429,True,0.496049567046003,False
capacity,2,147,4.249068908393383,0.3454219549894333,0.0001310836523771286,4.24919999204576,0.645616453839466,True,0.5177924013750684,False
capacity,2,148,4.5534539967775345,0.33242697827517986,0.00012991949915885925,4.553583916276693,0.6501928009092808,True,0.5501601923714541,False
capacity,2,149,4.277823027223349,0.33451104536652565,0.00011990778148174286,4.27794293500483,0.6544935568235815,True,0.5942468372867407,False
capacity,2,150,4.232547944411635,0.3354728687554598,0.00010011717677116394,4.232648061588407,0.6587488679215312,True,0.6020086716432642,False
capacity,2,151,4.234091145917773,0.33051404170691967,0.00012991949915885925,4.234221065416932,0.6630055420100689,True,1.2254583434896549,False
capacity,2,152,4.554986022412777,0.3288700245320797,0.00012107193470001221,4.555107094347477,0.6675831109751016,True,1.2562238949371096,False
capacity,2,153,4.27551893517375,0.3330088220536709,0.00013015232980251312,4.275649087503552,0.671887774951756,True,1.0322605684230497,True
capacity,2,154,4.225695040076971,0.33217715099453926,0.00011990778148174286,4.225814947858453,0.676136182853952,True,1.1866031243853365,True
capacity,2,155,4.24007186666131,0.3321168478578329,0.00012014061212539673,4.240192007273436,0.6803990178741515,True,1.0697864132167323,True
capacity,2,156,4.554786020889878,0.34136394970119,0.00010989606380462646,4.554895916953683,0.684976426884532,True,1.162720662832185,True
capacity,2,157,4.29432513192296,0.3348621539771557,0.00011990778148174286,4.294445039704442,0.6892941659316421,True,0.9184844894623998,True
capacity,2,158,4.2359051294624805,0.3396710380911827,8.987262845039368e-05,4.235995002090931,0.6935525329317898,True,1.025526437012863,True
capacity,2,159,4.235765198245645,0.33770804293453693,0.00011990778148174286,4.235885106027126,0.6978109700139612,True,1.0266875056751317,True
capacity,2,160,4.830787889659405,0.33434201031923294,0.00011990778148174286,4.8309077974408865,0.7026644498109818,True,0.8713534094691897,True
capacity,2,161,4.236564971506596,0.3362339921295643,0.00012107193470001221,4.236686043441296,0.7069242489524186,True,0.7471570002937904,True
capacity,2,162,4.2363249231129885,0.3386489115655422,0.000141095370054245,4.236466018483043,0.7111831968650222,True,0.7745926940961877,True
capacity,2,163,4.243950126692653,0.33760792575776577,0.00013993121683597565,4.244090057909489,0.7154497290030122,True,0.6985731919057413,False
capacity,2,164,4.897502949461341,0.34346804022789,0.00015087425708770752,4.897653823718429,0.7203699348028749,True,0.6688387596884954,False
capacity,2,165,4.257405176758766,0.34451019018888474,0.00012083910405635834,4.2575260158628225,0.724649972980842,True,0.6555783830634392,False
capacity,2,166,4.248087992891669,0.3371771890670061,0.00012991949915885925,4.248217912390828,0.7289206827990711,True,0.5971254882634872,False
capacity,2,167,4.574584076181054,0.340102007612586,0.00013993121683597565,4.57472400739789,0.7335178388748318,True,0.5696654953954936,False
capacity,2,168,4.297079984098673,0.34385896287858486,0.00011990778148174286,4.297199891880155,0.7378378019202501,True,0.5326430922257063,False
capacity,2,169,4.253388149663806,0.33846916630864143,0.00011990778148174286,4.253508057445288,0.7421136619523168,True,0.5302346243315303,False
capacity,2,170,4.237286979332566,0.3344109281897545,0.00013015232980251312,4.237417131662369,0.7463735709898174,True,0.4736183054803963,False
capacity,2,171,4.557170905172825,0.3360339906066656,0.00011012889444828033,4.557281034067273,0.7509533949196339,True,0.463038486448598,False
capacity,2,172,4.2821611277759075,0.32912101596593857,0.0001310836523771286,4.282292211428285,0.7552583690267056,True,0.9029184012052436,False
capacity,2,173,4.252084996551275,0.33436110243201256,0.00013085082173347473,4.252215847373009,0.7595333878416568,True,0.8898272410003529,False
capacity,2,174,4.240022040903568,0.3322269767522812,0.00012107193470001221,4.240143112838268,0.7637961530126631,True,0.8887348894170162,True
capacity,2,175,4.542824113741517,0.32798899337649345,0.00010989606380462646,4.542934009805322,0.7683616189751774,True,0.9416938217029454,True
capacity,2,176,4.277211846783757,0.3342109266668558,0.00012014061212539673,4.277331987395883,0.77266167383641,True,0.9382085405329953,True
capacity,2,177,4.234172170981765,0.32816012389957905,0.00013993121683597565,4.234312102198601,0.7769186589866877,True,0.8540492717932735,True
capacity,2,178,4.2399209924042225,0.3306139260530472,0.0001310836523771286,4.2400520760566,0.781181322876364,True,0.8280369398678369,True
capacity,2,179,4.812441999092698,0.33017294481396675,0.00012014061212539673,4.8125621397048235,0.7860162879806012,True,0.7657444078025659,True
capacity,2,180,4.2381188832223415,0.3311850596219301,0.00014994293451309204,4.238268826156855,0.7902771797962487,True,0.721361581020387,True
capacity,2,181,4.2484779842197895,0.33768685534596443,0.00014016404747962952,4.248618148267269,0.7945484609808773,True,0.7327913709211402,True
capacity,2,182,4.233178915455937,0.3383380826562643,0.00011990778148174286,4.233298823237419,0.7988042128272355,True,0.7057771072488108,False
capacity,2,183,4.74338186904788,0.3324667923152447,0.00013015232980251312,4.743512021377683,0.8035703978966922,True,0.6523205747983464,False
capacity,2,184,4.254870116710663,0.34115416929125786,0.00010989606380462646,4.2549800127744675,0.8078502749558538,True,0.6534244153678072,False
capacity,2,185,4.245531978085637,0.3338400274515152,0.00011106021702289581,4.24564303830266,0.8121187309734523,True,0.6099745189892185,False
capacity,2,186,4.245392046868801,0.33274805173277855,0.0001310836523771286,4.245523130521178,0.8163871970027685,True,0.5747435769462917,False
capacity,2,187,4.895239137113094,0.3423260059207678,0.00011990778148174286,4.895359044894576,0.8213053690269589,True,0.5959617613784612,False
capacity,2,188,4.250971833243966,0.34064287319779396,0.00011106021702289581,4.251082893460989,0.8255800758488476,True,0.5217901354650585,False
capacity,2,189,4.243049072101712,0.3356439992785454,0.00011990778148174286,4.243168979883194,0.8298522499389946,True,0.48637563669294553,False
capacity,2,190,4.562932066619396,0.33595412969589233,0.00012991949915885925,4.563061986118555,0.8344378739129752,True,0.43276473191608844,False
capacity,2,191,4.306897986680269,0.3415441606193781,0.00012083910405635834,4.307018825784326,0.838768005836755,True,0.4553079425651102,False
capacity,2,192,4.247726174071431,0.33692503347992897,0.00013085082173347473,4.247857024893165,0.8430383550003171,True,0.4771620719127689,False
capacity,2,193,4.251714097335935,0.3344109281897545,0.000141095370054245,4.251855192705989,0.8473126220051199,True,0.4539896354819594,False
capacity,2,194,4.746448015794158,0.342746963724494,0.00012014061212539673,4.746568156406283,0.8520818729884923,True,0.45293631659475336,False
capacity,2,195,4.258105996996164,0.33920002169907093,0.00011990778148174286,4.258225904777646,0.8563626718241721,True,0.433072695209447,False
capacity,2,196,4.247496137395501,0.3434182144701481,0.00011990778148174286,4.247616045176983,0.8606327809393406,True,0.4156601782890689,False
capacity,2,197,4.241235088557005,0.33750711008906364,0.00012991949915885925,4.241365008056164,0.8648969389032573,True,0.42742960518583023,False
capacity,2,198,4.840655950829387,0.33562304452061653,0.00013085082173347473,4.84078680165112,0.8697603777982295,True,0.4154314472766648,False
capacity,2,199,4.249710123986006,0.33739604987204075,0.00011082738637924194,4.249820951372385,0.8740329209249467,True,0.41469421103362625,False
capacity,2,200,4.240432986989617,0.3376270178705454,0.00011012889444828033,4.240543115884066,0.8782961869146675,True,0.4226908288088441,False
capacity,2,201,4.251725040376186,0.34277699887752533,0.00010989606380462646,4.251834936439991,0.8825704539194703,True,0.3885097500998207,False
capacity,2,202,4.732351051643491,0.3456519916653633,0.00013085082173347473,4.732481902465224,0.8873255879152566,True,0.4016348116361554,False
capacity,2,203,4.230444086715579,0.34210504963994026,0.00014086253941059113,4.23058494925499,0.8915790659375489,True,0.3842549592743132,False
capacity,2,204,4.2291518766433,0.3369359765201807,0.00012991949915885925,4.229281796142459,0.8958366008009762,True,0.38602332407983453,False
capacity,2,205,4.602266009896994,0.33639511093497276,0.00012991949915885925,4.6023959293961525,0.9004617799073458,True,0.38344196017268606,False
capacity,2,206,4.297429928556085,0.3466939087957144,0.00011012889444828033,4.297540057450533,0.9047825338784605,True,0.41875199080564246,False
capacity,2,207,4.233248997479677,0.33623515628278255,0.00011990778148174286,4.233368905261159,0.9090383758302778,True,0.41722416734272527,False
capacity,2,208,4.245040938258171,0.3360738046467304,0.00011012889444828033,4.245151067152619,0.9133059999439865,True,0.43231392033442617,False
capacity,2,209,4.5656871516257524,0.34199608489871025,9.988434612751007e-05,4.56578703597188,0.9178944400046021,True,0.42009504110888024,False
capacity,2,210,4.284786991775036,0.33541396260261536,0.00012991949915885925,4.284916911274195,0.9222021799068898,True,0.4414541665183536,False
capacity,2,211,4.2310848366469145,0.3346819430589676,0.0001501757651567459,4.231235012412071,0.9264559778384864,True,0.44401892300723667,False
capacity,2,212,4.2369170114398,0.3405630122870207,0.00012014061212539673,4.237037152051926,0.9307156580034643,True,0.44816825687036477,False
capacity,2,213,4.563221940770745,0.33695599995553493,9.988434612751007e-05,4.563321825116873,0.9353015318047255,True,0.4964348285841168,False
capacity,2,214,4.300005035474896,0.34453999251127243,0.00012014061212539673,4.300125176087022,0.9396256729960442,True,0.5026719285938663,False
capacity,2,215,4.234852967783809,0.33792806789278984,0.00011990778148174286,4.2349728755652905,0.9438837198540568,True,0.49637548768315354,False
capacity,2,216,4.234070889651775,0.3371960483491421,0.00012014061212539673,4.234191030263901,0.9481402428355068,True,0.48144596155366637,False
capacity,2,217,4.748079925775528,0.33692503347992897,0.0001310836523771286,4.748211009427905,0.9529110458679497,True,0.46647124666252476,False
capacity,2,218,4.260441055521369,0.3438889980316162,0.00011990778148174286,4.260560963302851,0.9571939299348742,True,0.48769511189985715,False
capacity,2,219,4.282562993466854,0.33781793899834156,0.00013993121683597565,4.28270292468369,0.9615021608769894,True,0.4437776607399408,False
capacity,2,220,4.259609151631594,0.3419651184231043,0.00013085082173347473,4.259740002453327,0.965786105953157,True,0.45599284858604994,False
capacity,2,221,4.816509783267975,0.3399718552827835,0.00013015232980251312,4.816639935597777,0.9706290448084474,True,0.46568538257031067,False
capacity,2,222,4.354068078100681,0.35737501457333565,0.000200001522898674,4.35426807962358,0.9750212349463254,True,0.46750596421426854,False
capacity,2,223,4.304724978283048,0.3467148635536432,0.00013015232980251312,4.30485513061285,0.9793575189542025,True,0.395567497704906,False
capacity,2,224,4.305456066504121,0.34386920742690563,0.00011990778148174286,4.305575974285603,0.9836932818870991,True,0.43520854837032324,False
capacity,2,225,4.659723956137896,0.3578260075300932,0.00011990778148174286,4.659843863919377,0.9883883618749678,True,0.4536638688724342,False
capacity,2,226,4.317118087783456,0.3548299428075552,0.00011990778148174286,4.317237995564938,0.9927386930212379,True,0.5472050506163023,False
capacity,2,227,4.282441921532154,0.342977000400424,0.00013015232980251312,4.282572073861957,0.9970503998920321,True,0.5596199248601452,False
capacity,2,228,4.5987090561538935,0.3371359780430794,0.000141095370054245,4.598850151523948,1.0016758099664003,True,0.5054536268320629,False
capacity,2,229,4.331884905695915,0.3469339571893215,0.0001310836523771286,4.332015989348292,1.006037410814315,True,0.5328388873664283,False
capacity,2,230,4.253256833180785,0.3349918406456709,0.00013015232980251312,4.253386985510588,1.0103188208304346,True,0.538435395072385,False
capacity,2,231,4.859351087361574,0.34968904219567776,0.00010081566870212555,4.859451903030276,1.0152053139172494,True,0.5431445338011741,False
capacity,2,232,4.896470112726092,0.33569312654435635,0.00013085082173347473,4.896600963547826,1.0201281239278615,True,0.4427598720209432,False
capacity,2,233,4.31839982047677,0.3490378148853779,0.0001310836523771286,4.3185309041291475,1.0244779638014734,True,0.38971555208854614,False
capacity,2,234,4.272653954103589,0.3421360161155462,0.00012991949915885925,4.272783873602748,1.028777948813513,True,0.4476603655270589,False
capacity,2,235,4.25286591053009,0.3347918391227722,0.00012014061212539673,4.252986051142216,1.0330565539188683,True,0.5511377955691811,False
capacity,2,236,4.532935097813606,0.3416850231587887,0.00010989606380462646,4.533044993877411,1.0376143059693277,True,0.6051076794243953,False
capacity,2,237,4.2379191145300865,0.3365559969097376,0.00010989606380462646,4.238029010593891,1.0418769009411335,True,0.5149462915103615,False
capacity,2,238,4.246333846822381,0.33588381484150887,0.00014016404747962952,4.246474010869861,1.0461467688437551,True,0.5161345107315393,False
capacity,2,239,4.236724926158786,0.3345208242535591,0.00011106021702289581,4.236835986375809,1.0504064979031682,True,0.5332765346797054,False
capacity,2,240,4.848500015214086,0.3358840476721525,0.00012991949915885925,4.848629934713244,1.055278091924265,True,0.6417573064482668,False
capacity,2,241,4.240783164277673,0.33756718039512634,0.00010989606380462646,4.240893060341477,1.0595423199702054,True,0.591832482332035,False
capacity,2,242,4.2432688642293215,0.33927103504538536,0.00011012889444828033,4.24337899312377,1.063808391802013,True,0.5063579746926681,False
capacity,2,243,4.851585952565074,0.33535296097397804,0.00011012889444828033,4.851696081459522,1.068682970944792,True,0.49642114115509095,False
capacity,2,244,4.2412548791617155,0.33957092091441154,0.00012014061212539673,4.241375019773841,1.0729479708243161,True,0.534442124490008,False
capacity,2,245,4.240692825987935,0.33810781314969063,0.00012107193470001221,4.240813897922635,1.077211466850713,True,0.5351343182344206,False
capacity,2,246,4.245501942932606,0.3378880210220814,0.00011990778148174286,4.2456218507140875,1.0814798017963767,True,0.5560708670197453,False
capacity,2,247,4.745275946334004,0.3402919974178076,0.00011012889444828033,4.745386075228453,1.086247640894726,True,0.5272835240429855,False
capacity,2,248,4.2442199774086475,0.3405618481338024,0.00010011717677116394,4.244320094585419,1.0905150349717587,True,0.7157374745650327,False
capacity,2,249,4.242798080667853,0.3393110819160938,0.00011990778148174286,4.242917988449335,1.0947809959761798,True,0.6118119401515277,False
capacity,2,250,4.230143968015909,0.33344910480082035,0.00013993121683597565,4.230283899232745,1.09903404279612,True,0.7648954208749549,False
capacity,2,251,4.833051934838295,0.33683585934340954,0.00012014061212539673,4.83317207545042,1.1038897868711501,True,0.7587126174392862,False
capacity,2,252,4.222098970785737,0.3348519094288349,0.00010989606380462646,4.222208866849542,1.1081349588930607,True,0.5539364862076473,False
capacity,2,253,4.2418548837304115,0.33517181873321533,0.00012107193470001221,4.2419759556651115,1.1123995569068938,True,0.6412177736521412,False
capacity,2,254,4.580565029755235,0.342977000400424,0.00013015232980251312,4.580695182085037,1.1170028049964458,True,0.616249966966665,False
capacity,2,255,4.285838920623064,0.3395010717213154,0.00012014061212539673,4.285959061235189,1.121312087867409,True,0.6732181086168454,False
paced_30fps,0,0,4.016510210931301,0.34135417081415653,0.07828790694475174,4.094798117876053,0.004094798117876053,False,,
paced_30fps,0,1,4.153428832069039,0.41192793287336826,0.05829567089676857,4.211724502965808,0.03754505794495344,False,,
paced_30fps,0,2,4.1772229596972466,0.40884106419980526,0.05977530963718891,4.2369982693344355,0.07090366492047906,False,,
paced_30fps,0,3,4.18643094599247,0.4138208460062742,0.059240031987428665,4.2456709779798985,0.10424567107111216,False,,
paced_30fps,0,4,4.352254094555974,0.5110341589897871,0.06248266436159611,4.41473675891757,0.13774807006120682,False,,
paced_30fps,0,5,4.1713418904691935,0.40932209230959415,0.05898228846490383,4.230324178934097,0.17089699092321098,False,,
paced_30fps,0,6,4.197100875899196,0.4189710598438978,0.05925912410020828,4.256359999999404,0.20425635995343328,False,,
paced_30fps,0,7,4.539927933365107,0.474205007776618,0.06661866791546345,4.60654660128057,0.23793987999670208,False,,
paced_30fps,0,8,4.414411960169673,0.45893690548837185,0.06579351611435413,4.480205476284027,0.2711468720808625,False,,
paced_30fps,0,9,4.382660845294595,0.478783855214715,0.06375601515173912,4.446416860446334,0.30444641690701246,False,,
paced_30fps,0,10,4.234040854498744,0.41754799894988537,0.061046797782182693,4.295087652280927,0.33762842090800405,False,,
paced_30fps,0,11,4.23642504028976,0.4259429406374693,0.06136437878012657,4.297789419069886,0.37096445611678064,False,,
paced_30fps,0,12,4.184066085144877,0.4235091619193554,0.0605990644544363,4.244665149599314,0.40424466505646706,False,,
paced_30fps,0,13,4.149891901761293,0.4111560992896557,0.06022467277944088,4.210116574540734,0.4375434499233961,False,,
paced_30fps,0,14,4.188885912299156,0.4156040959060192,0.060210470110177994,4.249096382409334,0.4709157629404217,False,,
paced_30fps,0,15,4.480456933379173,0.48819207586348057,0.061769038438797,4.54222597181797,0.504542225971818,False,,
paced_30fps,0,16,4.39315102994442,0.417427159845829,0.05932152271270752,4.452472552657127,0.5377858059946448,False,,
paced_30fps,0,17,4.469515988603234,0.43211597949266434,0.06173131987452507,4.531247308477759,0.5711979139596224,False,,
paced_30fps,0,18,4.513647872954607,0.4449188709259033,0.06033596582710743,4.573983838781714,0.604573983931914,False,,
paced_30fps,0,19,4.820085829123855,0.46274298802018166,0.0637788325548172,4.883864661678672,0.6382171979639679,False,,
paced_30fps,0,20,4.608857911080122,0.45211310498416424,0.06209127604961395,4.670949187129736,0.6713376159314066,False,,
paced_30fps,0,21,5.0624338909983635,0.4749060608446598,0.062178121879696846,5.12461201287806,0.7051246119663119,False,,
paced_30fps,0,22,4.708525957539678,0.3722019027918577,0.05926867015659809,4.767794627696276,0.7381011280231178,False,,
paced_30fps,0,23,5.453401943668723,0.46188198029994965,0.0627713743597269,5.51617331802845,0.772182839922607,False,,
paced_30fps,0,24,4.561969079077244,0.45270402915775776,0.06237695924937725,4.624346038326621,0.8046243460848927,False,,
paced_30fps,0,25,4.600573098286986,0.4535159096121788,0.06099976599216461,4.661572864279151,0.8379949061200023,False,,
paced_30fps,0,26,5.030154017731547,0.4746359772980213,0.06647640839219093,5.096630426123738,0.8717632971238345,False,,
paced_30fps,0,27,4.767226986587048,0.4709390923380852,0.06325705908238888,4.8304840456694365,0.9048304839525372,False,,
paced_30fps,0,28,5.453652003780007,0.4319848958402872,0.06183073855936527,5.515482742339373,0.9388488160911947,False,,
paced_30fps,0,29,4.715618910267949,0.4704978782683611,0.06300956010818481,4.778628470376134,0.9714452950283885,False,,
paced_30fps,0,30,5.005347076803446,0.48090703785419464,0.06396695971488953,5.069314036518335,1.0050693140365183,False,,
paced_30fps,0,31,4.864720860496163,0.4241007845848799,0.9307886939495802,5.795509554445744,1.0391288429964334,False,,
paced_30fps,0,32,5.006097024306655,0.470518134534359,0.06693531759083271,5.073032341897488,1.0717396989930421,False,,
paced_30fps,0,33,5.630417028442025,0.4534060135483742,0.0655478797852993,5.6959649082273245,1.1056959650013596,False,,
paced_30fps,0,34,5.067622987553477,0.4162350669503212,0.06254971958696842,5.130172707140446,1.1384635060094297,False,,
paced_30fps,0,35,5.043528042733669,0.41272793896496296,0.0618442427366972,5.1053722854703665,1.1717720390297472,True,0.4183124670758829,False
paced_30fps,0,36,4.8085961025208235,0.42262813076376915,0.061539001762866974,4.8701351042836905,1.2048701350577176,True,0.3684766597023988,False
paced_30fps,0,37,6.211722968146205,0.5312520079314709,0.06339955143630505,6.27512251958251,1.239608455915004,True,0.3436256382594335,False
paced_30fps,0,38,5.706789903342724,0.5434548947960138,0.06326544098556042,5.770055344328284,1.2724367219489068,True,0.3251190712746852,False
paced_30fps,0,39,7.229034090414643,0.5850750021636486,0.0663569662719965,7.29539105668664,1.3072953911032528,True,0.24891559810184352,False
paced_30fps,0,40,4.830176010727882,0.47808210365474224,0.06545172072947025,4.895627731457353,1.3382289609871805,True,0.23186357107909167,False
paced_30fps,0,41,6.193149136379361,0.46718213707208633,0.06474624387919903,6.25789538025856,1.3729245620779693,True,0.25364301287443936,False
paced_30fps,0,42,4.726680926978588,0.4683739971369505,0.0659450888633728,4.792626015841961,1.4047926259227097,True,0.1991898544798569,False
paced_30fps,0,43,4.729175008833408,0.455919886007905,0.06449874490499496,4.793673753738403,1.4381270071025938,True,0.17902235536380515,False
paced_30fps,0,44,4.732741974294186,0.4571028985083103,0.06332248449325562,4.796064458787441,1.4714627310167998,True,0.1883539397355949,False
paced_30fps,0,45,4.7717459965497255,0.47615915536880493,0.06568292155861855,4.837428918108344,1.5048374289181083,True,0.22989740455650126,False
paced_30fps,0,46,4.716390976682305,0.458776019513607,0.06408663466572762,4.780477611348033,1.5381138110533357,True,0.248326712701007,False
paced_30fps,0,47,5.085908807814121,0.4712699446827173,0.06657745689153671,5.152486264705658,1.5718191529158503,True,0.2506760378863699,False
paced_30fps,0,48,4.886061884462833,0.4815289285033941,0.06697396747767925,4.953035851940513,1.6049530359450728,True,0.269161954588111,False
paced_30fps,0,49,4.606244154274464,0.44425902888178825,0.06353366188704967,4.669777816161513,1.6380031111184508,True,0.26170139512910273,False
paced_30fps,0,50,4.48993407189846,0.41295005939900875,0.06207730621099472,4.552011378109455,1.6712186781223863,True,0.37920667787049034,False
paced_30fps,0,51,4.49241790920496,0.4382769111543894,0.06059114821255207,4.553009057417512,1.7045530090108514,True,0.394289285308838,False
paced_30fps,0,52,4.452333087101579,0.419500982388854,0.06071757525205612,4.513050662353635,1.7378463840577751,True,0.390759447512812,False
paced_30fps,0,53,4.402217920869589,0.42412010952830315,0.06033340469002724,4.462551325559616,1.7711292179301381,True,0.40764217904720573,False
paced_30fps,0,54,4.758691182360053,0.4742650780826807,0.06471690721809864,4.823408089578152,1.8048234081361443,True,0.3572143935047454,False
paced_30fps,0,55,4.803444957360625,0.46807294711470604,0.06513483822345734,4.868579795584083,1.8382019130513072,True,0.3660945106205641,False
paced_30fps,0,56,4.797494038939476,0.47246087342500687,0.06579235196113586,4.863286390900612,1.8715299530886114,True,0.38104232243499975,False
paced_30fps,0,57,6.88564614392817,0.3860490396618843,0.062281033024191856,6.947927176952362,1.90694792708382,True,0.40960701442798,False
paced_30fps,0,58,7.289296947419643,0.544136855751276,0.06604474037885666,7.3553416877985,1.9406886750366539,True,0.33764240520119426,False
paced_30fps,0,59,7.078870199620724,0.5494470242410898,0.06410735659301281,7.1429775562137365,1.973809644114226,True,0.3544832407984262,False
paced_30fps,0,60,4.711422137916088,0.4603180568665266,0.0636829063296318,4.77510504424572,2.0047751050442457,True,0.29799133362222385,False
paced_30fps,0,61,4.54444601200521,0.4359020385891199,0.06061349995434284,4.605059511959553,2.037938392953947,True,0.2878043855433964,False
paced_30fps,0,62,4.517595982179046,0.4277578555047512,0.060278456658124924,4.577874438837171,2.071244541089982,True,0.21513216935116872,False
paced_30fps,0,63,4.5037600211799145,0.43294718489050865,0.06038486026227474,4.564144881442189,2.1045641449745744,True,0.18481637856027097,False
paced_30fps,0,64,4.444767953827977,0.4238300025463104,0.05986075848340988,4.504628712311387,2.1378379620146006,True,0.17367552096745847,False
paced_30fps,0,65,4.48337197303772,0.4228579346090555,0.059966230764985085,4.543338203802705,2.1712100049480796,True,0.1963387048541923,False
paced_30fps,0,66,4.468263126909733,0.4290500655770302,0.06018299609422684,4.52844612300396,2.204528446076438,True,0.17889717804302138,False
paced_30fps,0,67,4.597757011651993,0.4583250265568495,0.06026960909366608,4.658026620745659,2.237991360016167,True,0.18894302913496916,False
paced_30fps,0,68,4.4298910070210695,0.4230088088661432,0.07178750820457935,4.501678515225649,2.271168345119804,True,0.16830220805875792,False
paced_30fps,0,69,4.441311815753579,0.42641395702958107,0.06000208668410778,4.501313902437687,2.304501313949004,True,0.1648728404854408,False
paced_30fps,0,70,4.424169892445207,0.41603483259677887,0.05903583951294422,4.483205731958151,2.3378165389876813,True,0.16124543570098815,False
paced_30fps,0,71,4.412516951560974,0.4179889801889658,0.05947332829236984,4.471990279853344,2.371138656977564,True,0.1781850353767245,False
paced_30fps,0,72,4.621752072125673,0.44855615124106407,0.06299605593085289,4.684748128056526,2.4046847480349243,True,0.19428797739094522,False
paced_30fps,0,73,4.368464928120375,0.35250489600002766,0.05922466516494751,4.427689593285322,2.4377610229421407,True,0.18789875625739835,False
paced_30fps,0,74,4.448105115443468,0.41738804429769516,0.06009242497384548,4.508197540417314,2.4711748640984297,True,0.2561596879347284,False
paced_30fps,0,75,4.418778931722045,0.4292100202292204,0.05950802005827427,4.478286951780319,2.5044782869517803,True,0.2913899221238909,False
paced_30fps,0,76,4.467361140996218,0.42277807369828224,0.05922350101172924,4.526584642007947,2.5378599180839956,True,0.3531255719164064,False
paced_30fps,0,77,4.420602926984429,0.41872006841003895,0.05955039523541927,4.480153322219849,2.5711468199733645,True,0.4575090891747722,False
paced_30fps,0,78,4.430612083524466,0.42090401984751225,0.05927588790655136,4.489887971431017,2.6044898880645633,True,0.5181324401878173,False
paced_30fps,0,79,4.377192119136453,0.40944316424429417,0.05921162664890289,4.436403745785356,2.6377697370480746,True,0.6641418829995969,False
paced_30fps,0,80,4.398921970278025,0.4069078713655472,0.059348298236727715,4.458270268514752,2.6711249370127916,True,0.6416093652367705,False
paced_30fps,0,81,4.435761831700802,0.417918898165226,0.05963514558970928,4.495396977290511,2.7044953969307244,True,0.5593282668144145,False
paced_30fps,0,82,4.405163927003741,0.41089486330747604,0.05904072895646095,4.464204655960202,2.7377975380513817,True,0.373884158319739,False
paced_30fps,0,83,4.381349077448249,0.4135610070079565,0.061180442571640015,4.442529520019889,2.7711091961245984,True,0.44084275919375115,False
paced_30fps,0,84,4.428677959367633,0.4145118873566389,0.061027007177472115,4.489704966545105,2.8044897050131112,True,0.5220510454116878,False
paced_30fps,0,85,4.463863791897893,0.41550397872924805,0.06224587559700012,4.526109667494893,2.837859442923218,True,0.4372412382914518,False
paced_30fps,0,86,4.413470160216093,0.41049509309232235,0.060868216678500175,4.474338376894593,2.8711410050746053,True,0.48990281992164986,False
paced_30fps,0,87,4.402478924021125,0.4124280530959368,0.0603941734880209,4.462873097509146,2.904462873004377,True,0.3949010500635151,False
paced_30fps,0,88,4.336904967203736,0.3380579873919487,0.05888775922358036,4.395792726427317,2.9377291260752827,True,0.32611730929663,False
paced_30fps,0,89,4.546350101009011,0.42716600000858307,0.0619194470345974,4.608269548043609,2.971274936106056,True,0.3869973604999108,False
paced_30fps,0,90,5.713111953809857,0.44799596071243286,0.0632579904049635,5.776369944214821,3.005776369944215,True,0.40921439765230305,False
paced_30fps,0,91,5.044709891080856,0.39761001244187355,0.06631063297390938,5.111020524054766,3.0384443539660424,True,0.472868828640881,False
paced_30fps,0,92,4.851557081565261,0.46360515989363194,0.06750831380486488,4.919065395370126,3.0715857320465147,True,0.42934994936476656,False
paced_30fps,0,93,4.531682003289461,0.45725307427346706,0.062064966186881065,4.593746969476342,3.1045937470626086,True,0.4452357257389386,False
paced_30fps,0,94,4.434628877788782,0.4079388454556465,0.061229802668094635,4.495858680456877,3.137829191982746,True,0.4490956166452811,False
paced_30fps,0,95,4.499552072957158,0.5046420264989138,0.06308918818831444,4.5626412611454725,3.1712293080054224,True,0.3828269632499208,False
paced_30fps,0,96,4.429379012435675,0.4068980924785137,0.05975901149213314,4.489138023927808,3.2044891379773617,True,0.3688615340958245,False
paced_30fps,0,97,4.410504130646586,0.4047940019518137,0.05972455255687237,4.470228683203459,3.237803562078625,True,0.34029943432638105,False
paced_30fps,0,98,4.385096020996571,0.40329108014702797,0.05937041714787483,4.444466438144445,3.271111133042723,True,0.33874199840145286,False
paced_30fps,0,99,4.432104993611574,0.4129901062697172,0.05973689258098602,4.49184188619256,3.3044918419327587,True,0.33487224234680407,False
paced_30fps,0,100,4.41385991871357,0.4052850417792797,0.05966378375887871,4.473523702472448,3.3378068569581956,True,0.32115985693280097,False
paced_30fps,0,101,4.375378135591745,0.40545500814914703,0.05956925451755524,4.434947390109301,3.37110161408782,True,0.34325302783619316,False
paced_30fps,0,102,4.432586021721363,0.4139309749007225,0.05935505032539368,4.491941072046757,3.4044919409789145,True,0.3212217199972055,False
paced_30fps,0,103,4.414191003888845,0.40762918069958687,0.05983258597552776,4.474023589864373,3.4378073569387197,True,0.3725189913758163,False
paced_30fps,0,104,4.406235180795193,0.4067271947860718,0.05987938493490219,4.466114565730095,3.4711327811237425,True,0.3415133725622921,False
paced_30fps,0,105,4.386517917737365,0.414521899074316,0.05980511195957661,4.446323029696941,3.504446323029697,True,0.3516973010973569,False
paced_30fps,0,106,4.41994215361774,0.40718913078308105,0.059840502217411995,4.479782655835152,3.537813116097823,True,0.367896876639669,False
paced_30fps,0,107,4.407108062878251,0.4078999627381563,0.05992734804749489,4.467035410925746,3.5711337020620704,True,0.3595581138824612,False
paced_30fps,0,108,4.423788981512189,0.4163158591836691,0.059613026678562164,4.483402008190751,3.604483402101323,True,0.3725017866024976,False
paced_30fps,0,109,4.368415102362633,0.409343047067523,0.05989964120090008,4.428314743563533,3.637761648045853,True,0.38399535546404717,False
paced_30fps,0,110,4.413439892232418,0.4079698119312525,0.05964539013803005,4.473085282370448,3.6711397520266473,True,0.40842117725005217,False
paced_30fps,0,111,4.51398896984756,0.4241298884153366,0.060764141380786896,4.574753111228347,3.704574753064662,True,0.4200478602932195,False
paced_30fps,0,112,4.401287063956261,0.4085309337824583,0.06020860746502876,4.461495671421289,3.737794829066843,True,0.4306835038364141,False
paced_30fps,0,113,4.430852131918073,0.40749902836978436,0.6165953818708658,5.0474475137889385,3.7717141141183674,True,0.46134014897111125,False
paced_30fps,0,114,4.444618010893464,0.4139910452067852,0.05823792889714241,4.5028559397906065,3.8045028559863567,True,0.4520782150346668,False
paced_30fps,0,115,4.505523014813662,0.41888002306222916,0.05846470594406128,4.563987720757723,3.837897320976481,True,0.40816952138669893,False
paced_30fps,0,116,5.0220179837197065,0.5265229847282171,0.06188731640577316,5.08390530012548,3.8717505719978362,True,0.3884959459445448,False
paced_30fps,0,117,5.5329620372504,0.5453790072351694,0.06872601807117462,5.601688055321574,3.9056016879621893,True,0.4144677938158417,False
paced_30fps,0,118,6.867249961942434,0.4321050364524126,0.07090670987963676,6.938156671822071,3.9402714900206774,True,0.3871504104521657,False
paced_30fps,0,119,6.3074438367038965,0.6008839700371027,0.07119355723261833,6.378637393936515,3.973045303951949,True,0.4490067077749194,False
paced_30fps,0,120,4.797474015504122,0.45781396329402924,0.06261304952204227,4.860087065026164,4.004860087065026,True,0.5001723929688437,False
paced_30fps,0,121,4.665605025365949,0.44062105007469654,0.06213854067027569,4.727743566036224,4.038061077008024,True,0.5628519644520381,False
paced_30fps,0,122,4.640989005565643,0.44047110714018345,0.062114326283335686,4.703103331848979,4.071369769982994,True,0.7844839433610648,False
paced_30fps,0,123,4.756116075441241,0.4733030218631029,0.06528687663376331,4.821402952075005,4.104821403045207,True,0.5733401201014998,False
paced_30fps,0,124,4.556098021566868,0.3694770857691765,0.06179674528539181,4.61789476685226,4.1379512280691415,True,0.5177985781219528,False
paced_30fps,0,125,4.693437833338976,0.4489668644964695,0.06317533552646637,4.756613168865442,4.171423279913142,True,0.5788733263308735,False
paced_30fps,0,126,5.22182509303093,0.5099121481180191,0.06691901944577694,5.2887441124767065,4.205288744065911,True,0.4145356720925222,False
paced_30fps,0,127,4.566157003864646,0.44013001024723053,0.060983700677752495,4.6271407045423985,4.237960474099964,True,0.4231393320711494,False
paced_30fps,0,128,6.633268902078271,0.4756979178637266,0.06281351670622826,6.696082418784499,4.273362749023363,True,0.39622994995663424,False
paced_30fps,0,129,5.9850148390978575,0.4866479430347681,0.06347103044390678,6.048485869541764,4.306048485916108,True,0.9299818163564247,False
paced_30fps,0,130,4.7832580748945475,0.49877213314175606,0.06735371425747871,4.850611789152026,4.338183945044875,True,0.9110406537583178,False
paced_30fps,0,131,4.726740997284651,0.4576637875288725,0.06328243762254715,4.790023434907198,4.371456690132618,True,0.8406279726957019,True
paced_30fps,0,132,4.78109298273921,0.46922592446208,0.06294809281826019,4.84404107555747,4.404844040982425,True,0.4066346098936424,False
paced_30fps,0,133,6.718510063365102,0.4826209042221308,0.06278371438384056,6.781293777748942,4.440114627126604,True,0.4045446379380837,False
paced_30fps,0,134,6.025111069902778,0.46782311983406544,0.06454344838857651,6.089654518291354,4.472756321076304,True,0.5405101927870128,False
paced_30fps,0,135,6.2908330000936985,0.5116858519613743,0.06667408160865307,6.357507081702352,4.506357507081702,True,0.5077652425334924,False
paced_30fps,0,136,7.065555080771446,0.5068271420896053,0.06769155152142048,7.133246632292867,4.5404665800742805,True,0.4949768852122597,False
paced_30fps,0,137,6.901955930516124,0.5091310013085604,0.06829947233200073,6.9702554028481245,4.573636922053993,True,0.5089928073991216,False
paced_30fps,0,138,5.006518913432956,0.4790539387613535,0.06502890028059483,5.071547813713551,4.605071547906846,True,0.42166768623762096,False
paced_30fps,0,139,5.7544109877198935,0.48048701137304306,0.06748968735337257,5.821900675073266,4.6391552339773625,True,0.4960290022632015,False
paced_30fps,0,140,4.638063022866845,0.44089206494390965,0.06446125917136669,4.702524282038212,4.671369191026315,True,0.5604005164049229,False
paced_30fps,0,141,4.625078989192843,0.4466117825359106,0.06167218089103699,4.68675117008388,4.704686751123518,True,0.5800051678737982,False
paced_30fps,0,142,4.668700974434614,0.4504900425672531,0.06356160156428814,4.732262575998902,4.73806559597142,True,0.543609520943197,False
paced_30fps,0,143,5.728159798309207,0.5994809325784445,0.07286551408469677,5.801025312393904,4.772467691916972,True,0.5073576032054056,False
paced_30fps,0,144,5.023790989071131,0.49698795191943645,0.06928504444658756,5.093076033517718,4.805093076080084,True,0.4742809296306832,False
paced_30fps,0,145,5.146954208612442,0.5058951210230589,0.06820866838097572,5.215162876993418,4.8385484961327165,True,0.5255866515206596,False
paced_30fps,0,146,5.223497981205583,0.4716399125754833,0.06770435720682144,5.291202338412404,4.871957869036123,True,0.496049567046003,False
paced_30fps,0,147,5.443764152005315,0.4876411985605955,0.06619701161980629,5.509961163625121,4.905509961070493,True,0.5177924013750684,False
paced_30fps,0,148,5.18145808018744,0.4580139648169279,0.06438069976866245,5.245838779956102,4.9385791721288115,True,0.5501601923714541,False
paced_30fps,0,149,5.026296013966203,0.4987209104001522,0.06811344064772129,5.094409454613924,4.971761076012626,True,0.5942468372867407,False
paced_30fps,0,150,4.62464801967144,0.43762591667473316,0.06260909140110016,4.68725711107254,5.0046872571110725,True,0.6020086716432642,False
paced_30fps,0,151,5.148045951500535,0.4719509743154049,0.06420863792300224,5.212254589423537,5.038545588031411,True,1.2254583434896549,False
paced_30fps,0,152,5.028169136494398,0.48236013390123844,0.06652926094830036,5.0946983974426985,5.071761365048587,True,1.2562238949371096,False
paced_30fps,0,153,4.691083915531635,0.39087794721126556,0.06126496009528637,4.752348875626922,5.104752348968759,True,1.0322605684230497,True
paced_30fps,0,154,6.235908949747682,0.4988808650523424,0.06537977606058121,6.301288725808263,5.1396346220280975,True,1.1866031243853365,True
paced_30fps,0,155,4.667738918215036,0.44527999125421047,0.06270036101341248,4.730439279228449,5.171397106023505,True,1.0697864132167323,True
paced_30fps,0,156,5.464192014187574,0.47834310680627823,0.07072207517921925,5.534914089366794,5.205534914042801,True,1.162720662832185,True
paced_30fps,0,157,6.955006159842014,0.5702560301870108,0.06883451715111732,7.023840676993132,5.240357174072415,True,0.9184844894623998,True
paced_30fps,0,158,5.623933859169483,0.3789348993450403,0.5904554855078459,6.214389344677329,5.272881055949256,True,1.025526437012863,True
paced_30fps,0,159,7.254732074216008,0.5665791686624289,0.06824592128396034,7.3229779954999685,5.307322978042066,True,1.0266875056751317,True
paced_30fps,0,160,4.680213052779436,0.45389612205326557,0.06425473839044571,4.744467791169882,5.338077801046893,True,0.8713534094691897,True
paced_30fps,0,161,4.965030821040273,0.46861497685313225,0.06902939639985561,5.034060217440128,5.371700726915151,True,0.7471570002937904,True
paced_30fps,0,162,4.891692195087671,0.48572709783911705,0.06801402196288109,4.959706217050552,5.404959706123918,True,0.7745926940961877,True
paced_30fps,0,163,4.871022887527943,0.4796050488948822,0.06657768972218037,4.937600577250123,5.4382709339261055,True,0.6985731919057413,False
paced_30fps,0,164,4.8461658880114555,0.48146885819733143,0.06752554327249527,4.913691431283951,5.471580357989296,True,0.6688387596884954,False
paced_30fps,0,165,4.867606097832322,0.47963508404791355,0.0677020289003849,4.935308126732707,5.504935308126733,True,0.6555783830634392,False
paced_30fps,0,166,4.88246395252645,0.4741549491882324,0.06676651537418365,4.949230467900634,5.538282563909888,True,0.5971254882634872,False
paced_30fps,0,167,4.632212221622467,0.44887722469866276,0.06225425750017166,4.694466479122639,5.571361133130267,True,0.5696654953954936,False
paced_30fps,0,168,4.584230948239565,0.44868607074022293,0.06393389776349068,4.648164846003056,5.604648164939135,True,0.5326430922257063,False
paced_30fps,0,169,5.745522910729051,0.5859059747308493,0.06918981671333313,5.814712727442384,5.639148046029732,True,0.5302346243315303,False
paced_30fps,0,170,5.568057997152209,0.5241390317678452,0.06416626274585724,5.6322242598980665,5.672298891004175,True,0.4736183054803963,False
paced_30fps,0,171,4.584842128679156,0.45398599468171597,0.06100698374211788,4.645849112421274,5.704645849065855,True,0.463038486448598,False
paced_30fps,0,172,4.503238946199417,0.41961087845265865,0.06183469668030739,4.5650736428797245,5.737898407038301,True,0.9029184012052436,False
paced_30fps,0,173,4.462181124836206,0.41220802813768387,0.06166030652821064,4.523841431364417,5.771190508035943,True,0.8898272410003529,False
paced_30fps,0,174,4.563894122838974,0.37769321352243423,0.06210687570273876,4.626000998541713,5.804626001045108,True,0.8887348894170162,True
paced_30fps,0,175,4.467782098799944,0.41642598807811737,0.06169266998767853,4.5294747687876225,5.837862808024511,True,0.9416938217029454,True
paced_30fps,0,176,5.154096987098455,0.5139298737049103,0.06405333988368511,5.2181503269821405,5.871884817024693,True,0.9382085405329953,True
paced_30fps,0,177,6.444862810894847,0.5422329995781183,0.06594322621822357,6.5108060371130705,5.906510805943981,True,0.8540492717932735,True
paced_30fps,0,178,4.49678604491055,0.41893008165061474,0.06384565494954586,4.560631699860096,5.9378939650487155,True,0.8280369398678369,True
paced_30fps,0,179,4.419991979375482,0.41213794611394405,0.06112642586231232,4.481118405237794,5.97114778496325,True,0.7657444078025659,True
paced_30fps,0,180,4.482029005885124,0.41978200897574425,0.06141304038465023,4.543442046269774,6.00454344204627,True,0.721361581020387,True
paced_30fps,0,181,4.634647164493799,0.4358929581940174,0.061589526012539864,4.696236690506339,6.038029570132494,True,0.7327913709211402,True
paced_30fps,0,182,4.44822502322495,0.4123079124838114,0.06109545938670635,4.509320482611656,6.071175987133756,True,0.7057771072488108,False
paced_30fps,0,183,4.415132105350494,0.42033311910927296,0.06045983172953129,4.475591937080026,6.104475592030212,True,0.6523205747983464,False
paced_30fps,0,184,4.431464010849595,0.4139621742069721,0.06091664545238018,4.492380656301975,6.137825713958591,True,0.6534244153678072,False
paced_30fps,0,185,4.412636859342456,0.41037402115762234,0.059120357036590576,4.471757216379046,6.171138423960656,True,0.6099745189892185,False
paced_30fps,0,186,4.482839955016971,0.4280880093574524,0.06060907617211342,4.543449031189084,6.204543448984623,True,0.5747435769462917,False
paced_30fps,0,187,4.406335996463895,0.4110247828066349,0.06118672899901867,4.4675227254629135,6.237800856120884,True,0.5959617613784612,False
paced_30fps,0,188,4.432925954461098,0.4108450375497341,0.060381367802619934,4.493307322263718,6.271159973926842,True,0.5217901354650585,False
paced_30fps,0,189,4.4361320324242115,0.42181601747870445,0.05973596125841141,4.495867993682623,6.304495868040249,True,0.48637563669294553,False
paced_30fps,0,190,4.390426212921739,0.4128590226173401,0.060353660956025124,4.450779873877764,6.337784113129601,True,0.43276473191608844,False
paced_30fps,0,191,4.419029923155904,0.4138709045946598,0.05978834815323353,4.478818271309137,6.37114548496902,True,0.4553079425651102,False
paced_30fps,0,192,4.425170831382275,0.41858991608023643,0.05990522913634777,4.485076060518622,6.404485075967386,True,0.4771620719127689,False
paced_30fps,0,193,4.406346008181572,0.411957036703825,0.05972059443593025,4.466066602617502,6.437799399951473,True,0.4539896354819594,False
paced_30fps,0,194,4.381860140711069,0.41287997737526894,0.059706391766667366,4.4415665324777365,6.47110823309049,True,0.45293631659475336,False
paced_30fps,0,195,4.415955161675811,0.4165160935372114,0.05931197665631771,4.4752671383321285,6.504475267138332,True,0.433072695209447,False
paced_30fps,0,196,4.416735842823982,0.413660891354084,0.06009964272379875,4.476835485547781,6.537810168927535,True,0.4156601782890689,False
paced_30fps,0,197,4.39019501209259,0.417517963796854,0.05913432687520981,4.4493293389678,6.571115995990112,True,0.42742960518583023,False
paced_30fps,0,198,6.306431954726577,0.5203620530664921,0.062055885791778564,6.368487840518355,6.606368487933651,True,0.4154314472766648,False
paced_30fps,0,199,4.415192874148488,0.4142420366406441,0.0601387582719326,4.475331632420421,6.63780866493471,True,0.41469421103362625,False
paced_30fps,0,200,4.321965854614973,0.3406528849154711,0.05820137448608875,4.380167229101062,6.671046833973378,True,0.4226908288088441,False
paced_30fps,0,201,4.299263935536146,0.34513091668486595,0.05793711170554161,4.357201047241688,6.704357201000676,True,0.3885097500998207,False
paced_30fps,0,202,4.424871178343892,0.4156650975346565,0.06002653390169144,4.4848977122455835,6.737818231107667,True,0.4016348116361554,False
paced_30fps,0,203,4.422986879944801,0.4139910452067852,0.05998346023261547,4.482970340177417,6.771149636944756,True,0.3842549592743132,False
paced_30fps,0,204,4.313050070777535,0.3464939072728157,0.25381497107446194,4.566865041851997,6.804566865088418,True,0.38602332407983453,False
paced_30fps,0,205,4.422527039423585,0.4176679067313671,0.060676829889416695,4.483203869313002,6.837816537125036,True,0.38344196017268606,False
paced_30fps,0,206,4.506264813244343,0.515662832185626,0.06232643499970436,4.568591248244047,6.871235257945955,True,0.41875199080564246,False
paced_30fps,0,207,4.445329075679183,0.42196596041321754,0.060409074649214745,4.505738150328398,6.904505738057196,True,0.41722416734272527,False
paced_30fps,0,208,4.402749007567763,0.41431188583374023,0.061406753957271576,4.464155761525035,6.93779748911038,True,0.43231392033442617,False
paced_30fps,0,209,4.378003068268299,0.4129100125283003,0.06033037789165974,4.438333446159959,6.971105000004172,True,0.42009504110888024,False
paced_30fps,0,210,4.424249986186624,0.4176381044089794,0.06083794869482517,4.485087934881449,7.0044850879348814,True,0.4414541665183536,False
paced_30fps,0,211,4.417466931045055,0.4130289889872074,0.059852609410881996,4.477319540455937,7.037810652982444,True,0.44401892300723667,False
paced_30fps,0,212,4.385106032714248,0.40945294313132763,0.060730380937457085,4.445836413651705,7.071112503064796,True,0.44816825687036477,False
paced_30fps,0,213,4.37186099588871,0.4067181143909693,0.06114691495895386,4.433007910847664,7.10443300800398,True,0.4964348285841168,False
paced_30fps,0,214,6.47091306746006,0.5112951621413231,0.06337766535580158,6.534290732815862,7.139867624035105,True,0.5026719285938663,False
paced_30fps,0,215,4.406366962939501,0.4106760025024414,0.05961628630757332,4.465983249247074,7.171132649993524,True,0.49637548768315354,False
paced_30fps,0,216,4.396738018840551,0.42602396570146084,0.05903211422264576,4.455770133063197,7.204455770086497,True,0.48144596155366637,False
paced_30fps,0,217,4.413018003106117,0.4153430927544832,0.059699639678001404,4.472717642784119,7.237806051038206,True,0.46647124666252476,False
paced_30fps,0,218,4.4788031373173,0.42122509330511093,0.06050732918083668,4.5393104664981365,7.271205977071077,True,0.48769511189985715,False
paced_30fps,0,219,4.423868842422962,0.42147492058575153,0.05909102037549019,4.482959862798452,7.304482959909365,True,0.4437776607399408,False
paced_30fps,0,220,4.387660883367062,0.4129300359636545,0.06035878323018551,4.448019666597247,7.33778135292232,True,0.45599284858604994,False
paced_30fps,0,221,4.436913877725601,0.41612586937844753,0.06092642433941364,4.497840302065015,7.371164506999776,True,0.46568538257031067,False
paced_30fps,0,222,4.996169125661254,0.3943440970033407,0.05995109677314758,5.0561202224344015,7.405056120129302,True,0.46750596421426854,False
paced_30fps,0,223,4.4046929106116295,0.4148529842495918,0.059746671468019485,4.464439582079649,7.437797772930935,True,0.395567497704906,False
paced_30fps,0,224,4.363304004073143,0.40102703496813774,0.05926238372921944,4.422566387802362,7.471089232945815,True,0.43520854837032324,False
paced_30fps,0,225,7.073269924148917,0.5325248930603266,0.06468803621828556,7.137957960367203,7.507137957960367,True,0.4536638688724342,False
paced_30fps,0,226,4.597486928105354,0.5078080575913191,0.06207963451743126,4.659566562622786,7.53799290000461,True,0.5472050506163023,False
paced_30fps,0,227,4.37927502207458,0.41219801642000675,0.061324331909418106,4.440599353983998,7.571107266005129,True,0.5596199248601452,False
paced_30fps,0,228,5.9139309450984,0.4682331345975399,0.06497791036963463,5.978908855468035,7.6059789089486,True,0.5054536268320629,False
paced_30fps,0,229,4.891251912340522,0.4589669406414032,0.06410176865756512,4.955353680998087,7.638288686983287,True,0.5328388873664283,False
paced_30fps,0,230,5.285423947498202,0.5591148510575294,0.06646336987614632,5.351887317374349,7.672018554061651,True,0.538435395072385,False
paced_30fps,0,231,4.737551091238856,0.4681830760091543,0.06415508687496185,4.801706178113818,7.704801706131548,True,0.5431445338011741,False
paced_30fps,0,232,4.531893180683255,0.4204842261970043,0.0621965155005455,4.594089696183801,7.737927423091605,True,0.4427598720209432,False
paced_30fps,0,233,4.949080059304833,0.34983991645276546,0.059278449043631554,5.008358508348465,7.771675025112927,True,0.38971555208854614,False
paced_30fps,0,234,4.433376947417855,0.4148429725319147,0.06178906187415123,4.4951660092920065,7.804495166055858,True,0.4476603655270589,False
paced_30fps,0,235,4.412527894601226,0.411416869610548,0.05905982106924057,4.471587715670466,7.837804920971394,True,0.5511377955691811,False
paced_30fps,0,236,4.501365125179291,0.41957199573516846,0.059827230870723724,4.5611923560500145,7.871227859053761,True,0.6051076794243953,False
paced_30fps,0,237,4.902311833575368,0.5505189765244722,0.06473320536315441,4.967045038938522,7.904967044945806,True,0.5149462915103615,False
paced_30fps,0,238,4.469594918191433,0.42224698700010777,0.06128265522420406,4.530877573415637,7.937864210922271,True,0.5161345107315393,False
paced_30fps,0,239,4.518497968092561,0.422897981479764,0.06047752685844898,4.57897549495101,7.971245642052963,True,0.5332765346797054,False
paced_30fps,0,240,4.448025021702051,0.4104550462216139,0.06162491627037525,4.509649937972426,8.004509649937972,True,0.6417573064482668,False
paced_30fps,0,241,4.426294006407261,0.40925294160842896,0.06172154098749161,4.4880155473947525,8.037821348989382,True,0.591832482332035,False
paced_30fps,0,242,4.395155003294349,0.4110459703952074,0.06044539622962475,4.4556003995239735,8.071122267050669,True,0.5063579746926681,False
paced_30fps,0,243,4.51172492466867,0.42517203837633133,0.058898935094475746,4.5706238597631454,8.104570623952895,True,0.49642114115509095,False
paced_30fps,0,244,4.76507400162518,0.4508309066295624,0.06208079867064953,4.82715480029583,8.138160488102585,True,0.534442124490008,False
paced_30fps,0,245,4.876373102888465,0.5770290736109018,0.06722728721797466,4.94360039010644,8.171610267134383,True,0.5351343182344206,False
paced_30fps,0,246,4.432786023244262,0.3644980024546385,0.05980907008051872,4.4925950933247805,8.204492595046759,True,0.5560708670197453,False
paced_30fps,0,247,4.553213948383927,0.42831897735595703,0.06122770719230175,4.614441655576229,8.237947775050998,True,0.5272835240429855,False
paced_30fps,0,248,4.59967995993793,0.437295064330101,0.06095436401665211,4.660634323954582,8.271327300928533,True,0.7157374745650327,False
paced_30fps,0,249,4.976972937583923,0.44363783672451973,0.062142033129930496,5.039114970713854,8.30503911501728,True,0.6118119401515277,False
paced_30fps,0,250,5.049268947914243,0.5478330422192812,0.06508477963507175,5.1143537275493145,8.338447686983272,True,0.7648954208749549,False
paced_30fps,0,251,4.954210016876459,0.4831021651625633,0.06833625957369804,5.022546276450157,8.371689212974161,True,0.7587126174392862,False
paced_30fps,0,252,6.084672873839736,0.39901304990053177,0.06468617357313633,6.149359047412872,8.40614935895428,True,0.5539364862076473,False
paced_30fps,0,253,4.883487010374665,0.5634240806102753,0.06573367863893509,4.9492206890136,8.438282554037869,True,0.6412177736521412,False
paced_30fps,0,254,4.821870010346174,0.5691440310329199,0.06459839642047882,4.886468406766653,8.471553134964779,True,0.616249966966665,False
paced_30fps,0,255,5.074287066236138,0.48848195001482964,0.06666802801191807,5.140955094248056,8.505140955094248,True,0.6732181086168454,False
