video,frame,video_length,phase,appearance,temporal
01,35,720,5,0.03351619467139244,2.869440459110473
01,36,720,5,0.034192007035017014,2.869440459110473
01,37,720,5,0.03443880379199982,2.869440459110473
01,38,720,5,0.03348767012357712,2.869440459110473
01,39,720,5,0.033718932420015335,2.869440459110473
01,40,720,9,0.03346152976155281,1.5254492040718726
01,41,720,9,0.033094096928834915,1.3623010179681623
01,42,720,9,0.032719265669584274,1.2264808362369335
01,43,720,9,0.03321228548884392,1.117988658878185
01,44,720,15,0.03284444287419319,5.892464302794289
01,45,720,15,0.03316406160593033,5.443601830976293
01,46,720,15,0.033562008291482925,5.022067363530779
01,47,720,15,0.033093106001615524,4.627860900457744
01,48,720,15,0.033620767295360565,4.260982441757191
01,49,720,15,0.03284083679318428,3.921431987429119
01,50,720,15,0.03277416527271271,3.609209537473527
01,51,720,17,0.03380005434155464,4.464712714354034
01,52,720,17,0.03330691158771515,3.948759991801598
01,53,720,17,0.03354043886065483,3.4874632779941237
01,54,720,17,0.03320714458823204,3.0808225729316114
01,55,720,17,0.03257099911570549,2.7288378766140604
01,56,720,17,0.03188402205705643,2.43150918904147
01,57,720,17,0.03240405023097992,2.1888365102138416
01,58,720,17,0.031848400831222534,2.0
01,59,720,17,0.03189511597156525,1.8384914941586399
01,60,720,17,0.03390344977378845,1.7043109926897597
01,61,720,17,0.032355066388845444,1.7879346860695504
01,62,720,17,0.03364589437842369,1.8988863838218213
01,63,720,17,0.03393351659178734,2.037166085946574
01,64,720,17,0.03267785534262657,2.2027737924438062
01,65,720,18,0.03349839895963669,1.4673771947803511
01,66,720,18,0.03311508148908615,1.542324246771879
01,67,720,18,0.032546017318964005,1.6445993031358883
01,68,720,23,0.03288539871573448,2.987702398032384
01,69,720,23,0.03379737213253975,2.6340780214524835
01,70,720,23,0.03286372497677803,2.3077816492450642
01,71,720,23,0.033166516572237015,2.008813281410125
01,72,720,23,0.03248666226863861,1.832411013185763
01,73,720,23,0.03179428353905678,1.6833367493338809
01,74,720,23,0.031013360247015953,1.5615904898544792
01,75,720,23,0.031259018927812576,1.4671722347475575
01,76,720,23,0.03166269510984421,1.4000819840131176
01,77,720,26,0.031932588666677475,2.987702398032384
01,78,720,26,0.030993344262242317,2.5864589738334356
01,79,720,26,0.031569287180900574,2.227437316389971
01,80,720,26,0.031422536820173264,1.9230716676914663
01,81,720,29,0.03149925544857979,4.130559540889527
01,82,720,29,0.03266038000583649,3.5864589738334356
01,83,720,29,0.032620616257190704,3.069686411149826
01,84,720,29,0.032651856541633606,2.5802418528386966
01,85,720,29,0.033056940883398056,2.1181252989000487
01,86,720,29,0.034135352820158005,1.7309557969529286
01,87,720,32,0.034020598977804184,3.6543690646990505
01,88,720,32,0.03326395899057388,3.0150304024048644
01,89,720,32,0.033850569278001785,2.6411149825783973
01,90,720,32,0.033962707966566086,2.294527567124411
01,91,720,32,0.0336381234228611,1.9752681560429057
01,92,720,32,0.03378530964255333,1.698230511716883
01,93,720,32,0.0327799953520298,1.4758488761358204
01,94,720,32,0.033319637179374695,1.30812324929972
01,95,720,32,0.033414553850889206,1.1950536312085809
01,96,720,32,0.032945286482572556,1.1366400218624038
01,97,720,32,0.032824572175741196,1.1328824212611883
01,98,720,32,0.03264688700437546,1.3117442098790744
01,99,720,32,0.03302331268787384,1.5179340028694404
01,100,720,32,0.03371361270546913,1.751451800232288
01,101,720,32,0.03519962728023529,2.012297601967616
01,102,720,32,0.03523946553468704,2.1551547448247588
01,103,720,32,0.03560340404510498,2.2980118876819016
01,104,720,32,0.03359805420041084,2.4408690305390444
01,105,720,32,0.03339717537164688,2.5837261733961876
01,106,720,32,0.03315923735499382,2.7265833162533304
01,107,720,32,0.03345484286546707,2.869440459110473
01,108,720,33,0.033497970551252365,2.038805766208923
01,109,720,33,0.03260383382439613,2.018514722962356
01,110,720,33,0.03383192420005798,2.0255516840882684
01,111,720,33,0.032636743038892746,2.059916649586663
01,112,720,33,0.033537499606609344,2.1075356972057104
01,113,720,33,0.03270260989665985,2.1551547448247583
01,114,720,33,0.03322487324476242,2.202773792443806
01,115,720,33,0.0340813584625721,2.2503928400628532
01,116,720,33,0.03256892412900925,2.298011887681901
01,117,720,38,0.03228631243109703,2.416273826603812
01,118,720,38,0.033525995910167694,2.1578875452620063
01,119,720,38,0.033296480774879456,1.926829268292681
01,120,720,38,0.033111393451690674,1.7230989956958374
01,121,720,38,0.03350288048386574,1.5466967274714751
01,122,720,38,0.033003807067871094,1.3976224636195933
01,123,720,38,0.032220300287008286,1.2758762041401914
01,124,720,38,0.03328526020050049,1.18145794903327
01,125,720,38,0.03239153325557709,1.11436769829883
01,126,720,38,0.032351430505514145,1.090319054451047
01,127,720,38,0.033197447657585144,1.120926419348226
01,128,720,38,0.03318828344345093,1.2061897929903669
01,129,720,38,0.03263387456536293,1.2960306073648966
01,130,720,38,0.03322248160839081,1.4131994261119079
01,131,720,38,0.032554443925619125,1.5576962492313995
01,132,720,38,0.031848158687353134,1.7295210767233726
01,133,720,40,0.03359907865524292,1.2256609961057605
01,134,720,40,0.032215867191553116,1.1937555510008886
01,135,720,40,0.030901974067091942,1.216506114640977
01,136,720,40,0.032228417694568634,1.2939126870260285
01,137,720,40,0.03204037994146347,1.4259752681560431
01,138,720,40,0.03191087767481804,1.4673771947803518
01,139,720,40,0.03232552111148834,1.5361071257771404
01,140,720,40,0.03168190270662308,1.6313452210152357
01,141,720,40,0.03390395641326904,1.7265833162533308
01,142,720,40,0.033853478729724884,1.8218214114914262
01,143,720,40,0.03338713198900223,1.9170595067295213
01,144,720,40,0.032878126949071884,2.0122976019676164
01,145,720,40,0.03283549100160599,2.1075356972057118
01,146,720,40,0.032559361308813095,2.202773792443807
01,147,720,40,0.033132895827293396,2.2980118876819025
01,148,720,42,0.03373344987630844,1.0574571291931418
01,149,720,42,0.03346560150384903,1.084785133565622
01,150,720,42,0.03398368880152702,1.1394411423105826
01,151,720,42,0.03305162116885185,1.2214251554280244
01,152,720,42,0.032499223947525024,1.330737172917948
01,153,720,42,0.032851047813892365,1.4673771947803518
01,154,720,42,0.03368774428963661,1.5361071257771404
01,155,720,42,0.03377354517579079,1.6313452210152357
01,156,720,42,0.03407560661435127,1.7265833162533308
01,157,720,46,0.03440158814191818,1.9877023980323834
01,158,720,46,0.03203963488340378,1.729316116690578
01,159,720,46,0.03267449885606766,1.4982578397212525
01,160,720,46,0.03306031972169876,1.2945275671244088
01,161,720,46,0.032883331179618835,1.1181252989000465
01,162,720,46,0.03322126716375351,0.9706907153105133
01,163,720,51,0.03252208232879639,5.035321445651431
01,164,720,51,0.032422829419374466,4.538839926214387
01,165,720,51,0.03235982358455658,4.069686411149824
01,166,720,51,0.03259038180112839,3.6278609004577422
01,167,720,51,0.03258151561021805,3.213363394138142
01,168,720,51,0.033120784908533096,2.826193892191022
01,169,720,51,0.03311745822429657,2.5615904898544772
01,170,720,56,0.03303643688559532,6.321035731365716
01,171,720,56,0.033638373017311096,5.6816970690715305
01,172,720,56,0.03401791676878929,5.069686411149824
01,173,720,56,0.03390491008758545,4.485003757600599
01,174,720,56,0.03319524973630905,3.9276491084238563
01,175,720,56,0.03375034034252167,3.397622463619593
01,176,720,56,0.03325365111231804,2.8949238231878107
01,177,720,56,0.033452682197093964,2.419553187128508
01,178,720,56,0.033942289650440216,2.1619867459178774
01,179,720,56,0.03439242020249367,1.9317483090797285
01,180,720,56,0.0338967889547348,1.72883787661406
01,181,720,56,0.033934880048036575,1.568969051035047
01,182,720,56,0.034220997244119644,1.463756234200996
01,183,720,56,0.03371947631239891,1.4131994261119079
01,184,720,56,0.03417353332042694,1.5576962492313995
01,185,720,56,0.03449789062142372,1.7295210767233726
01,186,720,56,0.03483752906322479,1.928673908587826
01,187,720,56,0.03388076648116112,2.1551547448247597
01,188,720,56,0.03391573950648308,2.393249982919998
01,189,720,56,0.03404509648680687,2.6313452210152355
01,190,720,56,0.03431180492043495,2.8694404591104736
01,191,720,56,0.033336520195007324,2.8694404591104736
01,192,720,56,0.033677421510219574,2.8694404591104736
01,193,720,56,0.033343151211738586,2.8694404591104736
01,194,720,56,0.03355216234922409,2.8694404591104736
01,195,720,56,0.03280361741781235,2.8694404591104736
01,196,720,56,0.034827254712581635,2.8694404591104736
01,197,720,56,0.03422195464372635,2.8694404591104736
01,198,720,56,0.03531205654144287,2.8694404591104736
01,199,720,56,0.035542070865631104,2.8694404591104736
01,200,720,56,0.03495936468243599,2.8694404591104736
01,201,720,56,0.035650692880153656,2.8694404591104736
01,202,720,56,0.03492128103971481,2.8694404591104736
01,203,720,56,0.03489262983202934,2.8694404591104736
01,204,720,56,0.0349133163690567,2.8694404591104736
01,205,720,56,0.034409329295158386,2.8694404591104736
01,206,720,56,0.03421017900109291,2.8694404591104736
01,207,720,56,0.034961018711328506,2.8694404591104736
01,208,720,56,0.034934163093566895,2.8694404591104736
01,209,720,56,0.03444017469882965,2.8694404591104736
01,210,720,56,0.03497534245252609,2.8694404591104736
01,211,720,56,0.03452213481068611,2.8694404591104736
01,212,720,56,0.03378921002149582,2.8694404591104736
01,213,720,56,0.03400179371237755,2.8694404591104736
01,214,720,56,0.03654797375202179,2.8694404591104736
01,215,720,56,0.03677614405751228,2.8694404591104736
01,216,720,56,0.03974325209856033,2.8694404591104736
01,217,720,56,0.04071082919836044,2.8694404591104736
01,218,720,56,0.044046368449926376,2.8694404591104736
01,219,720,58,0.04243997484445572,1.533647605383618
01,220,720,58,0.04464862868189812,1.465737514518003
01,221,720,58,0.042612459510564804,1.4251554280248682
01,222,720,58,0.04616878554224968,1.411901345904215
01,223,720,60,0.042556870728731155,1.1444968231194923
01,224,720,60,0.04249727353453636,0.981348637015782
01,225,720,60,0.04292840510606766,0.8455284552845519
01,226,720,60,0.04062366485595703,0.737856118056977
01,227,720,60,0.039172980934381485,0.6848397895743654
01,228,720,61,0.04012802615761757,0.7437316389970632
01,229,720,61,0.0406285859644413,0.601694336271094
01,230,720,61,0.04091190919280052,0.5292068046730872
01,231,720,61,0.0399765782058239,0.5387032861925237
01,232,720,61,0.04066678509116173,0.6161098585775766
01,233,720,61,0.03833022713661194,0.74817243970759
01,234,720,61,0.03950771316885948,0.9199972671995631
01,235,720,63,0.038649093359708786,0.8551615768258507
01,236,720,64,0.037515100091695786,1.416273826603812
01,237,720,64,0.03690791502594948,1.0642891302862598
01,238,720,64,0.041057296097278595,0.7669604427136696
01,239,720,64,0.040806930512189865,0.5532554485208714
01,240,720,64,0.043184202164411545,0.5300266448042622
01,241,720,64,0.0440337173640728,0.5887818542050951
01,242,720,64,0.041876714676618576,0.7278813964610212
01,243,720,66,0.041702769696712494,1.0361412857826047
01,244,720,66,0.04245397821068764,0.8059028489444544
01,245,720,66,0.04112390801310539,0.6303204208512673
01,246,720,66,0.040253959596157074,0.5400013664002181
01,247,720,67,0.03999263420701027,0.8738129398100695
01,248,720,67,0.039618805050849915,0.651431304229007
01,249,720,67,0.03900604322552681,0.5602924096467842
01,250,720,68,0.0395394004881382,0.8949238231878118
01,251,720,68,0.040386006236076355,0.6601079456172712
01,252,720,68,0.041321832686662674,0.5346040855366541
01,253,720,68,0.040108416229486465,0.5341258454601346
01,254,720,68,0.039654962718486786,0.6396802623488415
01,255,720,70,0.03784637898206711,1.1305595408895268
01,256,720,70,0.035672206431627274,0.8245542119286737
01,257,720,70,0.03540247678756714,0.5959554553528735
01,258,720,70,0.03454902023077011,0.4642344742775159
01,259,720,70,0.03799663856625557,0.4418255106920805
01,260,720,70,0.04105594381690025,0.5287285645965699
01,261,720,70,0.04052506387233734,0.7084101933456308
01,262,720,70,0.03942730650305748,0.9419279907084785
01,263,720,70,0.03944067656993866,1.2027737924438064
01,264,720,70,0.04037216678261757,1.393249982919997
01,265,720,70,0.03855060040950775,1.5837261733961874
01,266,720,70,0.03905010595917702,1.7742023638723778
01,267,720,70,0.03950679302215576,1.9646785543485683
01,268,720,70,0.04088268056511879,2.1075356972057113
01,269,720,70,0.0403534397482872,2.250392840062854
01,270,720,70,0.04078316316008568,2.393249982919997
01,271,720,70,0.040786486119031906,2.4884880781580923
01,272,720,70,0.041137147694826126,2.5837261733961876
01,273,720,70,0.04275781661272049,2.6789642686342825
01,274,720,70,0.04208202287554741,2.774202363872378
01,275,720,70,0.041725244373083115,2.869440459110473
01,276,720,70,0.04124131053686142,2.869440459110473
01,277,720,70,0.04044731706380844,2.869440459110473
01,278,720,70,0.04216615483164787,2.869440459110473
01,279,720,70,0.04209621995687485,2.869440459110473
01,280,720,70,0.043577708303928375,2.869440459110473
01,281,720,70,0.04183949530124664,2.869440459110473
01,282,720,70,0.04190964624285698,2.869440459110473
01,283,720,70,0.04200274869799614,2.869440459110473
01,284,720,70,0.040340255945920944,2.869440459110473
01,285,720,70,0.04033902287483215,2.869440459110473
01,286,720,70,0.04020101577043533,2.869440459110473
01,287,720,70,0.04150748625397682,2.869440459110473
01,288,720,70,0.04120519384741783,2.869440459110473
01,289,720,70,0.041360773146152496,2.869440459110473
01,290,720,70,0.040941622108221054,2.869440459110473
01,291,720,70,0.04081255570054054,2.869440459110473
01,292,720,70,0.04080692306160927,2.869440459110473
01,293,720,70,0.040768299251794815,2.869440459110473
01,294,720,70,0.04305924475193024,2.869440459110473
01,295,720,70,0.04221733659505844,2.869440459110473
01,296,720,70,0.04091721400618553,2.869440459110473
01,297,720,70,0.039940059185028076,2.869440459110473
01,298,720,70,0.041891638189554214,2.869440459110473
01,299,720,70,0.042059753090143204,2.869440459110473
01,300,720,70,0.04151342064142227,2.869440459110473
01,301,720,70,0.040836263447999954,2.869440459110473
01,302,720,70,0.0408262275159359,2.869440459110473
01,303,720,70,0.040769048035144806,2.869440459110473
01,304,720,70,0.040111832320690155,2.869440459110473
01,305,720,70,0.04185722395777702,2.869440459110473
01,306,720,70,0.040971752256155014,2.869440459110473
01,307,720,70,0.039877694100141525,2.869440459110473
01,308,720,70,0.04059131070971489,2.869440459110473
01,309,720,70,0.04021835699677467,2.869440459110473
01,310,720,70,0.04158817231655121,2.869440459110473
01,311,720,70,0.04156696796417236,2.869440459110473
01,312,720,70,0.0395418144762516,2.869440459110473
01,313,720,70,0.03843358904123306,2.869440459110473
01,314,720,70,0.040193021297454834,2.869440459110473
01,315,720,70,0.039050083607435226,2.869440459110473
01,316,720,70,0.0406658910214901,2.869440459110473
01,317,720,70,0.04084332287311554,2.869440459110473
01,318,720,70,0.04173450171947479,2.869440459110473
01,319,720,70,0.041421834379434586,2.869440459110473
01,320,720,70,0.04077275097370148,2.869440459110473
01,321,720,70,0.04060705006122589,2.869440459110473
01,322,720,70,0.039469122886657715,2.869440459110473
01,323,720,70,0.0400138758122921,2.869440459110473
01,324,720,70,0.04005882516503334,2.869440459110473
01,325,720,70,0.03946938365697861,2.869440459110473
01,326,720,70,0.03958536311984062,2.869440459110473
01,327,720,70,0.03992963582277298,2.869440459110473
01,328,720,70,0.042953889816999435,2.869440459110473
01,329,720,70,0.04273534566164017,2.869440459110473
01,330,720,70,0.041371606290340424,2.869440459110473
01,331,720,70,0.04194509610533714,2.869440459110473
01,332,720,70,0.04489943012595177,2.869440459110473
01,333,720,70,0.04573821648955345,2.869440459110473
01,334,720,70,0.04467889294028282,2.869440459110473
01,335,720,70,0.044637225568294525,2.869440459110473
01,336,720,70,0.042160969227552414,2.869440459110473
01,337,720,70,0.042444534599781036,2.869440459110473
01,338,720,70,0.0421186238527298,2.869440459110473
01,339,720,70,0.04188241437077522,2.869440459110473
01,340,720,70,0.040336985141038895,2.869440459110473
01,341,720,93,0.04006163403391838,19.03532144565143
01,342,720,93,0.040289100259542465,17.96741135478582
01,343,720,93,0.04167429357767105,16.926829268292686
01,344,720,93,0.04205384850502014,15.913575186172032
01,345,720,93,0.04389740154147148,14.927649108423859
01,346,720,93,0.04226582869887352,13.969051035048167
01,347,720,93,0.043835386633872986,13.037780966044952
01,348,720,93,0.044232163578271866,12.133838901414222
01,349,720,93,0.04380239546298981,11.257224841155974
01,350,720,93,0.0439373254776001,10.407938785270204
01,351,720,93,0.0435439869761467,9.585980733756916
01,352,720,93,0.043874721974134445,8.79135068661611
01,353,720,93,0.04353431984782219,8.024048643847781
01,354,720,93,0.046240855008363724,7.284074605451937
01,355,720,93,0.045263126492500305,6.57142857142857
01,356,720,93,0.04321818798780441,5.886110541777686
01,357,720,93,0.042990244925022125,5.228120516499282
01,358,720,93,0.043699465692043304,4.597458495593359
01,359,720,93,0.04203715920448303,3.9941244790599164
01,360,720,93,0.04101946949958801,3.418118466898955
01,361,720,93,0.04246765747666359,2.869440459110473
01,362,720,93,0.04326118156313896,2.869440459110473
01,363,720,93,0.041368596255779266,2.869440459110473
01,364,720,93,0.04191507399082184,2.869440459110473
01,365,720,93,0.04165693745017052,2.869440459110473
01,366,720,93,0.04150300472974777,2.869440459110473
01,367,720,93,0.042370352894067764,2.869440459110473
01,368,720,93,0.0399274043738842,2.869440459110473
01,369,720,93,0.041114483028650284,2.869440459110473
01,370,720,93,0.041509151458740234,2.869440459110473
01,371,720,93,0.04039347916841507,2.869440459110473
01,372,720,93,0.03913559019565582,2.869440459110473
01,373,720,93,0.040798839181661606,2.869440459110473
01,374,720,93,0.040318384766578674,2.869440459110473
01,375,720,93,0.03993643820285797,2.869440459110473
01,376,720,126,0.04065856337547302,28.559130969460956
01,377,720,126,0.04008553922176361,27.01503040240486
01,378,720,126,0.04074908047914505,25.498257839721255
01,379,720,126,0.040336910635232925,24.008813281410127
01,380,720,126,0.04114188626408577,22.546696727471478
01,381,720,126,0.03957943990826607,21.11190817790531
01,382,720,126,0.040946364402770996,19.70444763271162
01,383,720,125,0.040914881974458694,18.03860080617613
01,384,720,125,0.040362510830163956,16.73341531734645
01,385,720,125,0.04120682552456856,15.45555783288925
01,386,720,125,0.04178214818239212,14.205028352804534
01,387,720,125,0.040300339460372925,12.9818268770923
01,388,720,125,0.03878769651055336,11.785953405752544
01,389,720,123,0.038883209228515625,11.188836510213841
01,390,720,123,0.04043681547045708,10.142857142857142
01,391,720,123,0.03973937779664993,9.124205779872923
01,392,720,123,0.03837219253182411,8.132882421261186
01,393,720,123,0.039502523839473724,7.16888706702193
01,394,720,123,0.038736872375011444,6.232219717155154
01,395,720,123,0.03799164295196533,5.32288037166086
01,396,720,123,0.036405663937330246,4.440869030539044
01,397,720,123,0.036722514778375626,4.298011887681902
01,398,720,123,0.0366378054022789,4.155154744824759
01,399,720,123,0.037572018802165985,4.0122976019676155
01,400,720,123,0.0384456142783165,3.869440459110473
01,401,720,123,0.0383274145424366,3.7265833162533304
01,402,720,123,0.03741501644253731,3.5837261733961876
01,403,720,123,0.03838488087058067,3.4408690305390444
01,404,720,123,0.03709699958562851,3.3456309353009495
01,405,720,123,0.038542475551366806,3.250392840062854
01,406,720,123,0.039718661457300186,3.1551547448247588
01,407,720,123,0.04019680246710777,3.0599166495866634
01,408,720,123,0.03874389827251434,2.9646785543485685
01,409,720,123,0.038834717124700546,2.869440459110473
01,410,720,123,0.03855567425489426,2.869440459110473
01,411,720,123,0.03831209987401962,2.869440459110473
01,412,720,123,0.038039371371269226,2.869440459110473
01,413,720,123,0.03756014630198479,2.869440459110473
01,414,720,123,0.038728028535842896,2.869440459110473
01,415,720,123,0.037432193756103516,2.869440459110473
01,416,720,122,0.03852039948105812,3.8218214114914253
01,417,720,122,0.03869433328509331,3.774202363872378
01,418,720,122,0.03880323842167854,3.7265833162533304
01,419,720,122,0.03920261189341545,3.6789642686342825
01,420,720,122,0.03978061303496361,3.631345221015235
01,421,720,122,0.03979751095175743,3.5837261733961876
01,422,720,122,0.04078233242034912,3.5361071257771397
01,423,720,122,0.0412762388586998,3.4884880781580923
01,424,720,122,0.040606703609228134,3.4408690305390444
01,425,720,122,0.041770707815885544,3.393249982919997
01,426,720,122,0.039385613054037094,3.3456309353009495
01,427,720,122,0.0403604656457901,3.2980118876819016
01,428,720,122,0.039832837879657745,3.250392840062854
01,429,720,122,0.04008426144719124,3.2027737924438062
01,430,720,122,0.04150163009762764,3.1551547448247588
01,431,720,122,0.04041064903140068,3.1075356972057113
01,432,720,122,0.04042482003569603,3.0599166495866634
01,433,720,122,0.0414142906665802,3.012297601967616
01,434,720,122,0.040835000574588776,2.9646785543485685
01,435,720,122,0.04136362671852112,2.9170595067295206
01,436,720,122,0.04137371852993965,2.869440459110473
01,437,720,122,0.03999119997024536,2.869440459110473
01,438,720,122,0.04191861301660538,2.869440459110473
01,439,720,122,0.042312465608119965,2.869440459110473
01,440,720,122,0.04551488906145096,2.869440459110473
01,441,720,122,0.04118555411696434,2.869440459110473
01,442,720,122,0.04104931652545929,2.869440459110473
01,443,720,122,0.03998855873942375,2.869440459110473
01,444,720,122,0.04263480007648468,2.869440459110473
01,445,720,122,0.04370148852467537,2.869440459110473
01,446,720,125,0.044357288628816605,1.3664002186240347
01,447,720,125,0.04582183435559273,1.250871080139372
01,448,720,125,0.043441906571388245,1.162669946027191
01,449,720,125,0.04233613610267639,1.10179681628749
01,450,720,125,0.04333425685763359,1.0682516909202693
01,451,720,125,0.042291540652513504,1.0620345699255302
01,452,720,125,0.041612785309553146,1.0831454533032714
01,453,720,125,0.04098738729953766,1.131584341053494
01,454,720,125,0.04187769815325737,1.2073512331761969
01,455,720,125,0.041657764464616776,1.3104461296713799
01,456,720,125,0.04169655963778496,1.4408690305390446
01,457,720,125,0.04084086790680885,1.5837261733961874
01,458,720,125,0.03864920139312744,1.7265833162533302
01,459,720,125,0.03719106316566467,1.8694404591104732
01,460,720,125,0.03862116113305092,2.012297601967616
01,461,720,127,0.04204319044947624,0.8699186991869924
01,462,720,127,0.04263584315776825,0.9059233449477355
01,463,720,127,0.041677821427583694,0.9965839994534403
01,464,720,129,0.033746927976608276,1.2215617954498874
01,465,720,129,0.03334026411175728,1.0538361686137867
01,466,720,129,0.03153957054018974,0.9407665505226465
01,467,720,129,0.04012566804885864,0.8322743731638993
01,468,720,129,0.034157443791627884,0.7519300403088061
01,469,720,129,0.03481428697705269,0.7262417161986745
01,470,720,132,0.039018671959638596,2.368654778984766
01,471,720,133,0.03999432921409607,2.9877023980323836
01,472,720,133,0.05008751526474953,2.6340780214524826
01,473,720,133,0.05098336935043335,2.307781649245062
01,474,720,133,0.05031648278236389,2.022887203661953
01,475,720,134,0.0532815083861351,2.430347748855641
01,476,720,134,0.057027462869882584,2.070506251281001
01,477,720,136,0.05686302110552788,3.4638928742228603
01,478,720,136,0.06079646572470665,2.9674113547858165
01,479,720,136,0.06103457883000374,2.498257839721253
01,480,720,136,0.058930639177560806,2.056432329029173
01,481,720,136,0.058040883392095566,1.6419348227095725
01,482,720,136,0.05389459803700447,1.3657170185147234
01,483,720,138,0.05453092232346535,2.4162738266038124
01,484,720,138,0.05390588194131851,1.9206121472979427
01,485,720,138,0.05226994678378105,1.5748445719751285
01,486,720,138,0.04217357933521271,1.28373300539728
01,487,720,138,0.03998809680342674,1.047277447564392
01,488,720,138,0.039811085909605026,0.8654778984764643
01,489,720,138,0.039016496390104294,0.7556876409100228
01,490,720,138,0.03832827880978584,0.7543895607023284
01,491,720,138,0.03971690312027931,0.976292956206873
01,492,720,138,0.04311484843492508,1.2027737924438064
01,493,720,138,0.03911891579627991,1.4408690305390446
01,494,720,138,0.03900013118982315,1.6789642686342827
01,495,720,138,0.03840620070695877,1.9170595067295206
01,496,720,138,0.03874848410487175,2.1075356972057113
01,497,720,141,0.03793000057339668,0.9117988658878176
01,498,720,141,0.038821715861558914,0.8252374120379852
01,499,720,141,0.039161354303359985,0.7933319669331131
01,500,720,146,0.03919118270277977,4.606750017080003
01,501,720,146,0.03896249458193779,4.157887545262007
01,502,720,146,0.03977062553167343,3.7363530778164913
01,503,720,146,0.03907598555088043,3.3421466147434584
01,504,720,149,0.038347069174051285,5.6543690646990505
01,505,720,149,0.03812520205974579,5.157887545262007
01,506,720,149,0.0372689925134182,4.688734030197444
01,507,720,146,0.03822444751858711,2.8481246156999385
01,508,720,146,0.03749830275774002,2.685796269727402
01,509,720,146,0.039452798664569855,2.5507959281273482
01,510,720,146,0.03842119127511978,2.443123590899775
01,511,720,146,0.03742101043462753,2.3627792580446814
01,512,720,146,0.037261705845594406,2.3097629295620683
01,513,720,146,0.03598788380622864,2.2840746054519356
01,514,720,141,0.03640517592430115,6.202773792443806
01,515,720,141,0.03606194630265236,6.3456309353009495
01,516,720,141,0.03702438622713089,6.488488078158092
01,517,720,141,0.03719322010874748,6.631345221015235
01,518,720,141,0.036483101546764374,6.631345221015235
01,519,720,141,0.03445398807525635,6.631345221015235
01,520,720,141,0.0346529558300972,6.631345221015235
01,521,720,141,0.03477659076452255,6.393249982919997
01,522,720,141,0.035230860114097595,6.155154744824759
01,523,720,146,0.03436335176229477,4.211108833777414
01,524,720,146,0.034158430993556976,3.9651567944250865
01,525,720,146,0.03381340578198433,3.576347612215616
01,526,720,146,0.03358861431479454,3.187538430006149
01,527,720,146,0.03398006409406662,2.798729247796681
01,528,720,146,0.03368544951081276,2.552777208444354
01,529,720,146,0.03438125178217888,2.306825169092027
01,530,720,146,0.035579897463321686,2.0608731297396994
01,531,720,146,0.035366374999284744,1.8149210903873723
01,532,720,146,0.03452466055750847,1.5846826535492233
01,533,720,146,0.03366168960928917,1.3817722210835546
01,534,720,146,0.034427888691425323,1.2061897929903662
01,535,720,152,0.033809032291173935,4.749607159937146
01,536,720,152,0.034608304500579834,4.2531256405001026
01,537,720,152,0.03480132296681404,3.7839721254355387
01,538,720,152,0.03346133604645729,3.3421466147434584
01,539,720,152,0.03264539688825607,2.927649108423858
01,540,720,152,0.03397628292441368,2.540479606476738
01,541,720,152,0.032808221876621246,2.180638108902098
01,542,720,152,0.03276713192462921,1.8481246156999387
01,543,720,152,0.032698530703783035,1.5429391268702592
01,544,720,152,0.03269939124584198,1.5031768805083008
01,545,720,152,0.03293211758136749,1.4907426385188225
01,546,720,152,0.032524846494197845,1.5056364009018244
01,547,720,152,0.03182188794016838,1.5478581676573067
01,548,720,152,0.033326730132102966,1.617407938785269
01,549,720,152,0.03267691656947136,1.7142857142857142
01,550,720,152,0.03323878347873688,1.8384914941586399
01,551,720,155,0.03267505019903183,1.6298421807747498
01,552,720,155,0.033629536628723145,1.4074605451936875
01,553,720,155,0.03373699635267258,1.2397349183575854
01,554,720,155,0.03482425957918167,1.1266653002664466
01,555,720,155,0.034967053681612015,1.0682516909202708
01,556,720,155,0.034261658787727356,1.0620345699255316
01,557,720,155,0.033497877418994904,1.0831454533032727
01,558,720,155,0.034289002418518066,1.131584341053494
01,559,720,155,0.03385906293988228,1.2073512331761955
01,560,720,155,0.03377920389175415,1.3104461296713799
01,561,720,155,0.033381473273038864,1.4408690305390446
01,562,720,155,0.033468712121248245,1.5837261733961874
01,563,720,155,0.0343647301197052,1.7265833162533302
01,564,720,155,0.03418679162859917,1.8694404591104732
01,565,720,155,0.03236064687371254,2.012297601967616
01,566,720,155,0.03293222188949585,2.1551547448247588
01,567,720,155,0.03194364532828331,2.2980118876819016
01,568,720,155,0.032374586910009384,2.4408690305390444
01,569,720,155,0.031221861019730568,2.5837261733961876
01,570,720,155,0.03153026103973389,2.7265833162533304
01,571,720,155,0.03184972703456879,2.869440459110473
01,572,720,155,0.032557010650634766,2.869440459110473
01,573,720,155,0.031928740441799164,2.869440459110473
01,574,720,155,0.03276173397898674,2.869440459110473
01,575,720,155,0.033032312989234924,2.869440459110473
01,576,720,155,0.031871307641267776,2.869440459110473
01,577,720,155,0.031333670020103455,2.869440459110473
01,578,720,155,0.0317840650677681,2.869440459110473
01,579,720,155,0.031738970428705215,2.869440459110473
01,580,720,155,0.03192567452788353,2.869440459110473
01,581,720,155,0.0328049473464489,2.869440459110473
01,582,720,155,0.03341061621904373,2.869440459110473
01,583,720,155,0.03376968577504158,2.869440459110473
01,584,720,155,0.03256438300013542,2.869440459110473
01,585,720,155,0.03385721519589424,2.869440459110473
01,586,720,155,0.03334836661815643,2.869440459110473
01,587,720,155,0.03418835625052452,2.869440459110473
01,588,720,155,0.03392607346177101,2.869440459110473
01,589,720,155,0.0336945466697216,2.869440459110473
01,590,720,155,0.03205260634422302,2.869440459110473
01,591,720,155,0.03295405954122543,2.869440459110473
01,592,720,155,0.03372107818722725,2.869440459110473
01,593,720,159,0.033664122223854065,1.525449204071874
01,594,720,159,0.033213116228580475,1.3623010179681636
01,595,720,159,0.03266371786594391,1.2264808362369335
01,596,720,162,0.03242628276348114,3.225797636127622
01,597,720,162,0.0344625860452652,2.919792307166769
01,598,720,162,0.03521622717380524,2.641114982578396
01,599,720,162,0.035156991332769394,2.389765662362506
01,600,720,162,0.035825133323669434,2.165744346519096
01,601,720,162,0.03513553738594055,1.9690510350481667
01,602,720,162,0.03535204753279686,1.7996857279497174
01,603,720,162,0.03411044180393219,1.6576484252237482
01,604,720,162,0.034179769456386566,1.5578328892532611
01,605,720,162,0.03385964035987854,1.5126733620277373
01,606,720,162,0.033860087394714355,1.5221698435471738
01,607,720,162,0.03355516865849495,1.5714285714285714
01,608,720,162,0.03372069448232651,1.6480153036824494
01,609,720,162,0.03362689167261124,1.7519300403088074
01,610,720,162,0.03263518959283829,1.8831727813076458
01,611,720,164,0.032652489840984344,1.1374598619935774
01,612,720,164,0.03287488594651222,1.026029924164786
01,613,720,164,0.033405374735593796,0.9965839994534376
01,614,720,164,0.03487922623753548,1.1261870601899286
01,615,720,164,0.0350358709692955,1.2831181252988997
01,616,720,164,0.034176167100667953,1.4673771947803511
01,617,720,164,0.0354878269135952,1.5361071257771397
01,618,720,164,0.035822223871946335,1.631345221015235
01,619,720,164,0.03557201102375984,1.7265833162533302
01,620,720,164,0.0347750224173069,1.8218214114914255
01,621,720,164,0.03486287593841553,1.9170595067295206
01,622,720,164,0.034558337181806564,2.012297601967616
01,623,720,164,0.03460371121764183,2.1075356972057113
01,624,720,164,0.0335228405892849,2.2027737924438062
01,625,720,164,0.03262437880039215,2.2980118876819016
01,626,720,164,0.032886385917663574,2.393249982919997
01,627,720,164,0.03390564024448395,2.4884880781580923
01,628,720,164,0.03302161023020744,2.5837261733961876
01,629,720,164,0.03324972465634346,2.6789642686342825
01,630,720,171,0.03374842554330826,3.8924643027942887
01,631,720,171,0.03369841352105141,3.4912208785953402
01,632,720,171,0.03504909202456474,3.2125435540069676
01,633,720,171,0.03466298431158066,2.9611942337910775
01,634,720,171,0.03447643667459488,2.737172917947668
01,635,720,171,0.034800682216882706,2.540479606476738
01,636,720,171,0.03390565142035484,2.3711142993782888
01,637,720,173,0.03482004627585411,3.369474619115939
01,638,720,173,0.033176880329847336,2.996379039420644
01,639,720,173,0.033651262521743774,2.6779394684703126
01,640,720,173,0.03416827693581581,2.4141559062649445
01,641,720,173,0.033827487379312515,2.2050283528045367
01,642,720,173,0.035144299268722534,2.0505568080890892
01,643,720,173,0.036021437495946884,1.9507412721186024
01,644,720,173,0.03490349277853966,1.9047619047619047
01,645,720,173,0.03376477584242821,1.8861105417776873
01,646,720,173,0.03456960991024971,1.8947871831659502
01,647,720,173,0.034493327140808105,1.9307918289266932
01,648,720,173,0.033861465752124786,1.9941244790599166
01,649,720,173,0.03370989114046097,2.08478513356562
01,650,720,173,0.032966699451208115,2.2027737924438062
01,651,720,177,0.033306922763586044,1.513151602104258
01,652,720,177,0.03324190154671669,1.2837330053972826
01,653,720,177,0.03284498676657677,1.108970417435268
01,654,720,177,0.03460356593132019,0.9888638382182161
01,655,720,177,0.03380550071597099,0.9234132677461249
01,656,720,177,0.03346729651093483,0.912618706018994
01,657,720,177,0.034173715859651566,0.9564801530368262
01,658,720,177,0.03404945880174637,0.9572999931679999
01,659,720,177,0.03378616273403168,0.9854478376716538
01,660,720,177,0.033932678401470184,1.0409236865477904
01,661,720,177,0.03463209420442581,1.1237275397964075
01,662,720,177,0.033398453146219254,1.2338593974175047
01,663,720,177,0.03258633613586426,1.3713192594110821
01,664,720,177,0.03429761901497841,1.5361071257771397
01,665,720,177,0.03418603166937828,1.7265833162533302
01,666,720,177,0.03321767598390579,1.9170595067295206
01,667,720,177,0.03258424252271652,2.1075356972057113
01,668,720,177,0.03363718092441559,2.2980118876819016
01,669,720,177,0.03399065136909485,2.4884880781580923
01,670,720,177,0.03344864398241043,2.6789642686342825
01,671,720,177,0.03268040344119072,2.869440459110473
01,672,720,177,0.03184104338288307,2.869440459110473
01,673,720,177,0.030882611870765686,2.869440459110473
01,674,720,177,0.03194524720311165,2.869440459110473
01,675,720,177,0.03383249789476395,2.869440459110473
01,676,720,177,0.032622236758470535,2.869440459110473
01,677,720,177,0.035821691155433655,2.869440459110473
01,678,720,177,0.037801288068294525,2.869440459110473
01,679,720,177,0.040412139147520065,2.869440459110473
01,680,720,186,0.03943120688199997,5.701988112318098
01,681,720,186,0.040024444460868835,5.30074468811915
01,682,720,186,0.045076318085193634,4.926829268292682
01,683,720,186,0.044415708631277084,4.580241852838697
01,684,720,188,0.04235400632023811,5.892464302794289
01,685,720,188,0.04413206875324249,5.395982783357245
01,686,720,188,0.04495999217033386,4.926829268292682
01,687,720,188,0.044328056275844574,4.485823597731775
01,688,720,189,0.04432757571339607,4.763681082188974
01,689,720,189,0.045319002121686935,4.260982441757191
01,690,720,189,0.04525856301188469,3.812939810070369
01,691,720,191,0.04635682702064514,4.940083350413336
01,692,720,191,0.04331519454717636,4.30074468811915
01,693,720,191,0.04347648471593857,3.688734030197444
01,694,720,191,0.04237917810678482,3.1040513766482203
01,695,720,191,0.04208112135529518,2.562410329985653
01,696,720,192,0.041437238454818726,2.614606818337092
01,697,720,192,0.04183974117040634,1.9963790394206469
01,698,720,192,0.04236926883459091,1.434446949511512
01,699,720,192,0.04179715737700462,0.9693926351028224
01,700,720,192,0.04051467031240463,0.599576415932228
01,701,720,192,0.04073687642812729,0.7403156384505029
01,702,720,193,0.03959460183978081,0.501878800300609
01,703,720,193,0.039770759642124176,0.5005807200929147
01,704,720,193,0.041672781109809875,0.6085946573751438
01,705,720,193,0.04077744111418724,0.8218214114914255
01,706,720,193,0.041240643709897995,1.0599166495866637
01,707,720,194,0.040325723588466644,0.5303682448589186
01,708,720,193,0.041102927178144455,1.5837261733961874
01,709,720,194,0.04076400771737099,0.9029855844776924
01,710,720,194,0.041191041469573975,1.1004987360797984
01,711,720,194,0.040962494909763336,1.3112659698025535
01,712,720,194,0.04064131900668144,1.4408690305390446
01,713,720,194,0.0414796881377697,1.5837261733961874
01,714,720,194,0.040880072861909866,1.7265833162533302
01,715,720,194,0.04086536169052124,1.8694404591104732
01,716,720,194,0.04080502688884735,2.012297601967616
01,717,720,194,0.04045550525188446,2.1075356972057113
01,718,720,194,0.04092732071876526,2.2027737924438062
01,719,720,194,0.04128933325409889,2.2980118876819016
02,35,676,5,0.030552281066775322,2.869440459110473
02,36,676,5,0.03035425953567028,2.869440459110473
02,37,676,5,0.02999212220311165,2.869440459110473
02,38,676,5,0.02967347577214241,2.869440459110473
02,39,676,5,0.03037285804748535,2.869440459110473
02,40,676,5,0.03195062652230263,2.869440459110473
02,41,676,5,0.03146001696586609,2.869440459110473
02,42,676,5,0.032174818217754364,2.869440459110473
02,43,676,5,0.031627900898456573,2.869440459110473
02,44,676,5,0.031448330730199814,2.869440459110473
02,45,676,5,0.03173023834824562,2.869440459110473
02,46,676,7,0.03199508413672447,1.5336476053836174
02,47,676,7,0.03151870518922806,1.4657375145180023
02,48,676,9,0.031042585149407387,1.334973013595682
02,49,676,15,0.030313145369291306,6.27341668374667
02,50,676,15,0.031195826828479767,5.824554211928674
02,51,676,15,0.03063737414777279,5.403019744483159
02,52,676,15,0.03038087859749794,5.008813281410125
02,53,676,17,0.03018180839717388,6.273416683746671
02,54,676,17,0.02884828671813011,5.729316116690579
02,55,676,17,0.029708804562687874,5.2125435540069684
02,56,676,17,0.02943599410355091,4.723918835827013
02,57,676,17,0.03116624802350998,4.289950126392021
02,58,676,17,0.02978517673909664,3.9106374257019882
02,59,676,17,0.029729990288615227,3.5859807337569176
02,60,676,17,0.029797157272696495,3.315160210425634
02,61,676,17,0.030087785795331,3.0716676914668306
02,62,676,17,0.030504588037729263,2.8555031768805086
02,63,676,17,0.030775288119912148,2.6666666666666665
02,64,676,17,0.030746283009648323,2.5051581608253066
02,65,676,17,0.03092113323509693,2.3709776593564262
02,66,676,17,0.03137954697012901,2.2641251622600267
02,67,676,17,0.030470971018075943,2.2798387647742024
02,68,676,17,0.031274810433387756,2.3228803716608595
02,69,676,17,0.03140689805150032,2.4884880781580923
02,70,676,17,0.030391976237297058,2.5837261733961876
02,71,676,17,0.029922500252723694,2.6789642686342825
02,72,676,17,0.03048069030046463,2.774202363872378
02,73,676,17,0.03024732880294323,2.869440459110473
02,74,676,17,0.03129115700721741,2.869440459110473
02,75,676,17,0.03096511960029602,2.869440459110473
02,76,676,17,0.030759252607822418,2.869440459110473
02,77,676,18,0.031215732917189598,2.0388057662089225
02,78,676,18,0.03087608329951763,2.018514722962355
02,79,676,23,0.03190004825592041,2.749607159937146
02,80,676,23,0.031182551756501198,2.4912208785953402
02,81,676,23,0.029647916555404663,2.2601626016260163
02,82,676,23,0.029797524213790894,2.056432329029173
02,83,676,23,0.028671512380242348,1.8800300608048106
02,84,676,23,0.03029978647828102,1.7309557969529286
02,85,676,23,0.02950994484126568,1.609209537473527
02,86,676,23,0.02912198193371296,1.5147912823666052
02,87,676,23,0.02928997576236725,1.4477010316321652
02,88,676,23,0.030994821339845657,1.4079387852702054
02,89,676,26,0.030085572972893715,2.749607159937146
02,90,676,26,0.02979530580341816,2.3632574981211993
02,91,676,26,0.03014272265136242,2.031563845050215
02,92,676,26,0.03120335005223751,1.754526200724192
02,93,676,26,0.030639400705695152,1.532144565143131
02,94,676,26,0.03217552974820137,1.3644189383070315
02,95,676,26,0.03162962570786476,1.2513493202158927
02,96,676,27,0.03121492639183998,1.0927785748445729
02,97,676,27,0.030071347951889038,0.8782537405205982
02,98,676,27,0.031128354370594025,0.7933319669331146
02,99,676,27,0.031116757541894913,0.7903942064630728
02,100,676,27,0.031053749844431877,0.90052606408417
02,101,676,27,0.03080819547176361,1.0379859260777475
02,102,676,29,0.029870204627513885,0.8286534125845462
02,103,676,29,0.030434850603342056,0.6679647468743584
02,104,676,29,0.02991359308362007,0.5892600942816151
02,105,676,29,0.03056815266609192,0.5925394548063125
02,106,676,29,0.03043065220117569,0.6778028284484533
02,107,676,32,0.030826807022094727,2.130559540889527
02,108,676,32,0.03119625337421894,1.7293161166905786
02,109,676,32,0.030655601993203163,1.3554006968641117
02,110,676,32,0.03146011754870415,1.151670424267268
02,111,676,32,0.030611352995038033,0.9752681560429058
02,112,676,32,0.029948778450489044,0.8261938921910238
02,113,676,32,0.03113473579287529,0.719341395094624
02,114,676,32,0.030357735231518745,0.6828585092573602
02,115,676,32,0.030919192358851433,0.7283596365375412
02,116,676,32,0.030675599351525307,0.8558447769351628
02,117,676,32,0.031532734632492065,1.0152353624376578
02,118,676,33,0.030410563573241234,0.7142857142857163
02,119,676,33,0.03093189187347889,0.7722210835553741
02,120,676,38,0.03028891421854496,3.9400833504133357
02,121,676,38,0.031082578003406525,3.4436018309762924
02,122,676,38,0.030595535412430763,2.9744483159117285
02,123,676,36,0.03021842986345291,1.381430621028899
02,124,676,36,0.03128420189023018,1.2410329985652797
02,125,676,36,0.03060755878686905,1.155291384846621
02,126,676,36,0.029986843466758728,1.1242057798729241
02,127,676,36,0.029553290456533432,1.1477761836441875
02,128,676,36,0.030306722968816757,1.175924028147843
02,129,676,38,0.029973167926073074,1.4054792648766825
02,130,676,38,0.0297382902354002,1.229896836783494
02,131,676,38,0.030483046546578407,1.1089704174352657
02,132,676,38,0.029698461294174194,1.0427000068319994
02,133,676,38,0.030111169442534447,1.0310856049736963
02,134,676,38,0.030938761308789253,1.0741272118603535
02,135,676,38,0.028852447867393494,1.1718248274919725
02,136,676,38,0.029682312160730362,1.3390722142515539
02,137,676,40,0.02932884730398655,1.1395777823324447
02,138,676,40,0.02922479249536991,0.9523809523809517
02,139,676,42,0.030551625415682793,1.8919860627177687
02,140,676,42,0.03042994998395443,1.5727266516362637
02,141,676,42,0.03071403317153454,1.325954772152763
02,142,676,42,0.029250774532556534,1.079182892669262
02,143,676,42,0.029292553663253784,0.8340506934481097
02,144,676,42,0.02960026077926159,0.7147639543622316
02,145,676,42,0.028768984600901604,0.6774612283937955
02,146,676,42,0.029201660305261612,0.7213226754116278
02,147,676,42,0.029878748580813408,0.8198401311744205
02,148,676,42,0.02989056147634983,0.9730135956821748
02,149,676,42,0.029634414240717888,1.180843068934891
02,150,676,42,0.028577333316206932,1.34563093530095
02,151,676,42,0.028875775635242462,1.5361071257771404
02,152,676,42,0.029414009302854538,1.7265833162533308
02,153,676,42,0.02943410724401474,1.9170595067295213
02,154,676,42,0.029416389763355255,2.1075356972057118
02,155,676,42,0.029641449451446533,2.2980118876819025
02,156,676,42,0.029864005744457245,2.4884880781580927
02,157,676,42,0.03024950996041298,2.6789642686342834
02,158,676,42,0.029699964448809624,2.7742023638723787
02,159,676,42,0.02958652190864086,2.8694404591104736
02,160,676,42,0.02955671399831772,2.8694404591104736
02,161,676,42,0.030718913301825523,2.8694404591104736
02,162,676,42,0.03076607547700405,2.8694404591104736
02,163,676,45,0.029482385143637657,1.3664002186240354
02,164,676,45,0.03031078353524208,1.2508710801393728
02,165,676,46,0.03032073564827442,1.2397349183575874
02,166,676,46,0.03051157295703888,1.0765867322538771
02,167,676,46,0.030325504019856453,0.9548404727744755
02,168,676,48,0.03034033626317978,1.9877023980323834
02,169,676,48,0.030167268589138985,1.729316116690578
02,170,676,48,0.03000015951693058,1.4982578397212525
02,171,676,48,0.02973005548119545,1.2945275671244088
02,172,676,48,0.03138432651758194,1.1189451390312204
02,173,676,51,0.03139066696166992,3.416273826603812
02,174,676,51,0.03140968084335327,3.0150304024048635
02,175,676,56,0.03148433193564415,7.321035731365716
02,176,676,56,0.031589020043611526,6.68169706907153
02,177,676,56,0.03138737753033638,6.069686411149824
02,178,676,56,0.031787194311618805,5.485003757600599
02,179,676,56,0.03156835585832596,4.927649108423856
02,180,676,56,0.0316355861723423,4.3976224636195935
02,181,676,56,0.030122986063361168,3.8949238231878107
02,182,676,56,0.030418653041124344,3.419553187128508
02,183,676,56,0.029471380636096,2.971510555441687
02,184,676,56,0.030131060630083084,2.6936530709844906
02,185,676,56,0.029292454943060875,2.4431235908997744
02,186,676,56,0.029370713979005814,2.2675411628065856
02,187,676,56,0.029080037027597427,2.119286739085877
02,188,676,56,0.028360946103930473,1.9983603197376507
02,189,676,56,0.02937762625515461,1.9999999999999993
02,190,676,56,0.02933843992650509,2.0289676846348295
02,191,676,56,0.029252026230096817,2.1009769761563155
02,192,676,56,0.030765507370233536,2.2276422764227637
02,193,676,56,0.029674530029296875,2.393249982919998
02,194,676,56,0.030215192586183548,2.6313452210152355
02,195,676,56,0.03002975694835186,2.8694404591104736
02,196,676,56,0.029057178646326065,2.8694404591104736
02,197,676,56,0.029596613720059395,2.8694404591104736
02,198,676,56,0.029078330844640732,2.8694404591104736
02,199,676,56,0.029406482353806496,2.8694404591104736
02,200,676,56,0.02885277196764946,2.8694404591104736
02,201,676,56,0.029557745903730392,2.8694404591104736
02,202,676,56,0.029728101566433907,2.8694404591104736
02,203,676,56,0.029904557392001152,2.8694404591104736
02,204,676,56,0.03050174191594124,2.8694404591104736
02,205,676,56,0.032196614891290665,2.8694404591104736
02,206,676,56,0.03234986215829849,2.8694404591104736
02,207,676,56,0.03261963650584221,2.8694404591104736
02,208,676,56,0.03343106061220169,2.8694404591104736
02,209,676,56,0.0373588427901268,2.8694404591104736
02,210,676,56,0.044807832688093185,2.8694404591104736
02,211,676,56,0.042955562472343445,2.8694404591104736
02,212,676,56,0.04618300870060921,2.8694404591104736
02,213,676,58,0.04310052841901779,1.533647605383618
02,214,676,58,0.046076446771621704,1.465737514518003
02,215,676,60,0.045626021921634674,1.3349730135956828
02,216,676,60,0.042749591171741486,1.1718248274919725
02,217,676,60,0.0451752245426178,1.0360046457607424
02,218,676,60,0.044946763664484024,0.9275124684019939
02,219,676,60,0.04790762439370155,0.846348295415727
02,220,676,61,0.0458340123295784,0.9342078294732536
02,221,676,61,0.04495125636458397,0.7921705267472845
02,222,676,61,0.04345552623271942,0.7047892327662757
02,223,676,61,0.042958296835422516,0.6720639475302301
02,224,676,61,0.04356393218040466,0.6948145111703212
02,225,676,61,0.0430590957403183,0.7722210835553728
02,226,676,61,0.043991271406412125,0.8893899023023841
02,227,676,63,0.044078197330236435,1.0456377673020412
02,228,676,63,0.03936975821852684,0.837330053972807
02,229,676,63,0.039308011531829834,0.7110063537610148
02,230,676,63,0.040581054985523224,0.666666666666666
02,231,676,64,0.042132988572120667,0.7226207556193222
02,232,676,64,0.041302092373371124,0.5362437657990027
02,233,676,64,0.04323868826031685,0.4591787934686055
02,234,676,64,0.039880044758319855,0.5850242536038783
02,235,676,64,0.04137561842799187,0.7787798046047676
02,236,676,64,0.042201437056064606,0.9294937487189996
02,237,676,64,0.04312398284673691,1.1075356972057118
02,238,676,64,0.04315359517931938,1.2980118876819025
02,239,676,64,0.04356179013848305,1.488488078158093
02,240,676,64,0.04180506244301796,1.6789642686342834
02,241,676,64,0.04041676968336105,1.8218214114914262
02,242,676,66,0.04072669520974159,0.6794425087108026
02,243,676,66,0.042399484664201736,0.7154471544715457
02,244,676,66,0.04163091257214546,0.8061078089772505
02,245,676,66,0.03970027714967728,0.9357108697137401
02,246,676,66,0.04245857149362564,1.0926419348227099
02,247,676,66,0.03976741433143616,1.2769010043041613
02,248,676,66,0.04173441231250763,1.3932499829199976
02,249,676,66,0.03836188092827797,1.5361071257771404
02,250,676,67,0.037242960184812546,0.9005260640841707
02,251,676,68,0.03775491937994957,0.7051308328209341
02,252,676,68,0.03817707300186157,0.6247864999658409
02,253,676,68,0.038463279604911804,0.5990981758557093
02,254,676,68,0.03925459086894989,0.6421397827423652
02,255,676,68,0.03699525445699692,0.7530914804946375
02,256,676,68,0.03796519339084625,0.9170595067295214
02,257,676,68,0.037504613399505615,1.1075356972057118
02,258,676,68,0.036871206015348434,1.2980118876819025
02,259,676,68,0.03622250631451607,1.488488078158093
02,260,676,68,0.037484776228666306,1.6789642686342834
02,261,676,75,0.03807355836033821,4.797226207556194
02,262,676,75,0.03908514231443405,4.30074468811915
02,263,676,75,0.03821343556046486,3.9268292682926833
02,264,676,75,0.037150971591472626,3.5802418528386966
02,265,676,75,0.036609940230846405,3.26098244175719
02,266,676,75,0.03856567293405533,2.969051035048165
02,267,676,75,0.03746740520000458,2.704447632711621
02,268,676,75,0.03677569329738617,2.4671722347475575
02,269,676,75,0.03723582997918129,2.257224841155975
02,270,676,75,0.036697063595056534,2.074605451936872
02,271,676,75,0.03799750655889511,1.9669331147092985
02,272,676,75,0.038360364735126495,1.934207829473253
02,273,676,75,0.03758251667022705,1.9288105486096876
02,274,676,75,0.03636706992983818,1.9507412721186037
02,275,676,75,0.036756258457899094,2.0
02,276,676,75,0.03707573935389519,2.0765867322538765
02,277,676,75,0.036089442670345306,2.1805014688802347
02,278,676,75,0.03789836913347244,2.311744209879073
02,279,676,75,0.03806816786527634,2.4703149552503927
02,280,676,75,0.038570836186409,2.656213704994193
02,281,676,75,0.03831322863698006,2.869440459110473
02,282,676,75,0.03935117647051811,2.869440459110473
02,283,676,75,0.039003774523735046,2.869440459110473
02,284,676,75,0.03784476965665817,2.869440459110473
02,285,676,75,0.03755195811390877,2.869440459110473
02,286,676,75,0.03801272436976433,2.869440459110473
02,287,676,75,0.03618864342570305,2.869440459110473
02,288,676,75,0.035912685096263885,2.869440459110473
02,289,676,75,0.03549269586801529,2.869440459110473
02,290,676,75,0.03775572404265404,2.869440459110473
02,291,676,75,0.03659190237522125,2.869440459110473
02,292,676,75,0.03880443051457405,2.869440459110473
02,293,676,75,0.03863571956753731,2.869440459110473
02,294,676,75,0.03743103891611099,2.869440459110473
02,295,676,68,0.037139471620321274,9.536107125777141
02,296,676,68,0.03607167303562164,9.202773792443807
02,297,676,68,0.03760725259780884,8.869440459110475
02,298,676,68,0.03681718185544014,8.536107125777141
02,299,676,75,0.037417929619550705,3.9294937487190005
02,300,676,75,0.03734559193253517,3.8201817312290767
02,301,676,75,0.0365668423473835,3.7108697137391546
02,302,676,75,0.036757692694664,3.6015576962492313
02,303,676,75,0.03767634183168411,3.4922456787593075
02,304,676,75,0.03649523854255676,3.3829336612693854
02,305,676,75,0.03807825222611427,3.2736216437794616
02,306,676,75,0.0380169115960598,3.1643096262895396
02,307,676,75,0.038550615310668945,3.0549976087996176
02,308,676,75,0.038729023188352585,2.9456855913096938
02,309,676,75,0.03820648416876793,2.8363735738197717
02,310,676,75,0.03822537511587143,2.7270615563298497
02,311,676,75,0.03743398189544678,2.617749538839926
02,312,676,75,0.0373101644217968,2.508437521350004
02,313,676,75,0.03774351626634598,2.3991255038600805
02,314,676,75,0.03815639019012451,2.2898134863701567
02,315,676,86,0.03952387720346451,8.940083350413337
02,316,676,86,0.04081392288208008,8.110268497642961
02,317,676,86,0.039419014006853104,7.307781649245064
02,318,676,93,0.04113248735666275,13.035321445651432
02,319,676,93,0.0395149402320385,11.872173259547722
02,320,676,93,0.04027293249964714,11.069686411149826
02,321,676,93,0.03810872137546539,10.294527567124412
02,322,676,93,0.037405144423246384,9.546696727471476
02,323,676,93,0.03705649450421333,8.826193892191023
02,324,676,93,0.03653978556394577,8.133019061283049
02,325,676,93,0.03794557973742485,7.467172234747556
02,326,676,93,0.03668671101331711,6.828653412584546
02,327,676,93,0.037008848041296005,6.217462594794013
02,328,676,93,0.038083698600530624,5.633599781375965
02,329,676,93,0.03921641409397125,5.077064972330396
02,330,676,93,0.04461072012782097,4.547858167657306
02,331,676,93,0.041531261056661606,4.045979367356699
02,332,676,96,0.03878871724009514,3.7826740452278473
02,333,676,96,0.04010405018925667,2.9342078294732516
02,334,676,96,0.03958825767040253,2.140397622463619
02,335,676,96,0.04040638729929924,1.401243424198947
02,336,676,111,0.04236666485667229,14.368654778984766
02,337,676,111,0.04087785631418228,13.205506592881058
02,338,676,111,0.04038156569004059,12.069686411149826
02,339,676,111,0.03908747062087059,11.294527567124412
02,340,676,111,0.03775864094495773,10.546696727471476
02,341,676,111,0.03799055516719818,9.826193892191023
02,342,676,111,0.04064374417066574,9.133019061283049
02,343,676,111,0.04135345667600632,8.467172234747556
02,344,676,111,0.0385776087641716,7.828653412584546
02,345,676,111,0.039741192013025284,7.217462594794013
02,346,676,111,0.03965047746896744,6.633599781375964
02,347,676,111,0.039059169590473175,6.077064972330396
02,348,676,111,0.03941454365849495,5.547858167657306
02,349,676,111,0.03913914039731026,5.045979367356699
02,350,676,111,0.039078257977962494,4.571428571428571
02,351,676,111,0.038525283336639404,4.124205779872924
02,352,676,111,0.03778616338968277,3.7043109926897584
02,353,676,111,0.038941726088523865,3.4546013527362156
02,354,676,111,0.03826789930462837,3.2322197171551545
02,355,676,111,0.03862279653549194,3.037166085946574
02,356,676,111,0.038561031222343445,2.869440459110473
02,357,676,111,0.03899160400032997,2.869440459110473
02,358,676,111,0.03831346705555916,2.869440459110473
02,359,676,111,0.03926018625497818,2.869440459110473
02,360,676,111,0.03798802196979523,2.869440459110473
02,361,676,111,0.03888164833188057,2.869440459110473
02,362,676,111,0.03756110370159149,2.869440459110473
02,363,676,111,0.03933984413743019,2.869440459110473
02,364,676,111,0.039519570767879486,2.869440459110473
02,365,676,111,0.03891603276133537,2.869440459110473
02,366,676,111,0.03945152461528778,2.869440459110473
02,367,676,111,0.04135335981845856,2.869440459110473
02,368,676,111,0.04026810824871063,2.869440459110473
02,369,676,111,0.04046325758099556,2.869440459110473
02,370,676,111,0.03846212849020958,2.869440459110473
02,371,676,111,0.03883323445916176,2.869440459110473
02,372,676,111,0.03946862369775772,2.869440459110473
02,373,676,111,0.038956355303525925,2.869440459110473
02,374,676,111,0.039468925446271896,2.869440459110473
02,375,676,111,0.03856654837727547,2.869440459110473
02,376,676,111,0.03917847201228142,2.869440459110473
02,377,676,111,0.03909371420741081,2.869440459110473
02,378,676,115,0.03720660135149956,1.5254492040718726
02,379,676,116,0.035463735461235046,1.83111293297807
02,380,676,116,0.03616171330213547,1.620345699255312
02,381,676,115,0.03602864220738411,1.2132267541162802
02,382,676,116,0.03617660701274872,1.315160210425634
02,383,676,115,0.035223279148340225,1.1258454601352728
02,384,676,116,0.03495717793703079,1.1052128168340511
02,385,676,115,0.036302968859672546,1.1477761836441889
02,386,676,115,0.03590439632534981,1.1759240281478442
02,387,676,116,0.03485303744673729,0.9788891166222589
02,388,676,115,0.036668043583631516,1.3618227778916443
02,389,676,118,0.03555259481072426,1.6178861788617898
02,390,676,118,0.03356039896607399,1.4211928673908587
02,391,676,118,0.03471392020583153,1.2526474004235844
02,392,676,118,0.03345795348286629,1.1528318644530988
02,393,676,118,0.033861782401800156,1.0927785748445702
02,394,676,118,0.03415669873356819,1.0757668921227028
02,395,676,118,0.03500622883439064,1.1250256200040978
02,396,676,118,0.03522580862045288,1.2165061146409777
02,397,676,118,0.03543474152684212,1.3626426180228193
02,398,676,118,0.035370584577322006,1.548541367766618
02,399,676,118,0.03332854062318802,1.6789642686342827
02,400,676,118,0.03436248004436493,1.7742023638723778
02,401,676,118,0.035256318747997284,1.8694404591104732
02,402,676,118,0.03587175905704498,2.012297601967616
02,403,676,118,0.035552624613046646,2.1075356972057113
02,404,676,118,0.0345444492995739,2.250392840062854
02,405,676,118,0.03583768010139465,2.3456309353009495
02,406,676,118,0.03600470721721649,2.4884880781580923
02,407,676,118,0.035273876041173935,2.631345221015235
02,408,676,118,0.03714646399021149,2.7265833162533304
02,409,676,118,0.035228606313467026,2.869440459110473
02,410,676,121,0.03656046465039253,1.3664002186240347
02,411,676,121,0.036898430436849594,1.250871080139372
02,412,676,121,0.037900660187006,1.162669946027191
02,413,676,121,0.03897346183657646,1.10179681628749
02,414,676,121,0.03907041251659393,1.0682516909202693
02,415,676,121,0.040964554995298386,1.0620345699255302
02,416,676,121,0.04095619171857834,1.0831454533032714
02,417,676,121,0.04140624403953552,1.131584341053494
02,418,676,121,0.0397941879928112,1.2073512331761969
02,419,676,121,0.03832182660698891,1.3104461296713799
02,420,676,121,0.03886435925960541,1.4408690305390446
02,421,676,121,0.03871556743979454,1.5837261733961874
02,422,676,121,0.03687882050871849,1.7265833162533302
02,423,676,121,0.03649212419986725,1.8694404591104732
02,424,676,121,0.03709070384502411,2.012297601967616
02,425,676,121,0.03559810295701027,2.1551547448247588
02,426,676,121,0.037505291402339935,2.2980118876819016
02,427,676,121,0.03718642145395279,2.4408690305390444
02,428,676,121,0.03705428168177605,2.5837261733961876
02,429,676,121,0.039484888315200806,2.7265833162533304
02,430,676,121,0.042043738067150116,2.869440459110473
02,431,676,122,0.04122034087777138,2.0388057662089225
02,432,676,122,0.044285692274570465,2.018514722962355
02,433,676,122,0.043090932071208954,2.0255516840882692
02,434,676,122,0.04577326402068138,2.0599166495866634
02,435,676,122,0.04428460821509361,2.1075356972057113
02,436,676,122,0.04621542617678642,2.1551547448247588
02,437,676,125,0.04621290788054466,1.2397349183575868
02,438,676,125,0.0462692566215992,1.0765867322538765
02,439,676,125,0.04552247002720833,0.9407665505226478
02,440,676,125,0.04280225187540054,0.8322743731638993
02,441,676,125,0.04408831149339676,0.751110200177631
02,442,676,125,0.04300795868039131,0.7121677939468463
02,443,676,125,0.044590819627046585,0.7278813964610219
02,444,676,125,0.044956956058740616,0.7982510077201607
02,445,676,125,0.04344736412167549,0.9216369474619112
02,446,676,125,0.04481717571616173,1.0723508915761417
02,447,676,126,0.04199463129043579,0.5904215344674458
02,448,676,126,0.04051649570465088,0.668647946983671
02,449,676,126,0.04051755368709564,0.8131447701031627
02,450,676,126,0.04296071454882622,1.012297601967616
02,451,676,126,0.04525817558169365,1.2503928400628541
02,452,676,127,0.04233472794294357,0.6872993099678898
02,453,676,127,0.04086710885167122,0.7920338867254215
02,454,676,127,0.04223592206835747,0.9779326364692216
02,455,676,129,0.039157722145318985,0.9834665573546493
02,456,676,129,0.03560487926006317,0.8157409305185487
02,457,676,129,0.03474293276667595,0.7026713124274083
02,458,676,129,0.03355242311954498,0.6090728974516632
02,459,676,129,0.03725677728652954,0.5709503313520521
02,460,676,130,0.03427119925618172,0.6008744961399204
02,461,676,130,0.03375554829835892,0.46047687367629986
02,462,676,130,0.03455613553524017,0.40206326433012135
02,463,676,132,0.033219870179891586,1.6067500170800038
02,464,676,133,0.033281926065683365,2.2257976361276213
02,465,676,133,0.03539314493536949,1.8721732595477207
02,466,676,133,0.033399391919374466,1.5458768873403002
02,467,676,133,0.03338164463639259,1.2609824417571909
02,468,676,133,0.034084368497133255,1.0642891302862612
02,469,676,133,0.0339462012052536,0.8965635034501619
02,470,676,133,0.034539565443992615,0.783493885359023
02,471,676,136,0.03514903783798218,2.606750017080003
02,472,676,136,0.03485432267189026,2.157887545262007
02,473,676,136,0.03455599024891853,1.783972125435539
02,474,676,136,0.03340042382478714,1.4373847099815538
02,475,676,136,0.03378941863775253,1.1330190612830506
02,476,676,136,0.03203335404396057,0.9785475165676032
02,477,676,136,0.03261334449052811,0.8803716608594663
02,478,676,138,0.03344059735536575,1.7504270000683195
02,479,676,138,0.03288411349058151,1.3773314203730251
02,480,676,138,0.03279353678226471,1.0588918494226938
02,481,676,138,0.03373251482844353,0.8427273348363732
02,482,676,138,0.032928843051195145,0.6969324315091886
02,483,676,138,0.03320930525660515,0.6331215412994446
02,484,676,138,0.033714428544044495,0.7465327594452392
02,485,676,138,0.03196439892053604,0.8910295825647322
02,486,676,138,0.03244179114699364,1.0628544100567052
02,487,676,138,0.03296920284628868,1.2620072419211585
02,488,676,138,0.031921084970235825,1.4884880781580923
02,489,676,138,0.03236690163612366,1.7265833162533302
02,490,676,138,0.032638873904943466,1.9646785543485683
02,491,676,138,0.032542433589696884,2.2027737924438062
02,492,676,138,0.032437894493341446,2.2980118876819016
02,493,676,138,0.03257608786225319,2.393249982919997
02,494,676,138,0.03354021906852722,2.4884880781580923
02,495,676,138,0.034525126218795776,2.5837261733961876
02,496,676,138,0.03608425334095955,2.6789642686342825
02,497,676,138,0.03479648381471634,2.774202363872378
02,498,676,138,0.03438738361001015,2.869440459110473
02,499,676,138,0.03499491885304451,2.869440459110473
02,500,676,138,0.036558959633111954,2.869440459110473
02,501,676,138,0.035126809030771255,2.869440459110473
02,502,676,138,0.035317402333021164,2.869440459110473
02,503,676,138,0.03504372760653496,2.869440459110473
02,504,676,138,0.03562074899673462,2.869440459110473
02,505,676,138,0.03477051109075546,2.869440459110473
02,506,676,138,0.034390151500701904,2.869440459110473
02,507,676,138,0.035446058958768845,2.869440459110473
02,508,676,138,0.03500063717365265,2.869440459110473
02,509,676,138,0.035485535860061646,2.869440459110473
02,510,676,138,0.03520742803812027,2.869440459110473
02,511,676,138,0.03469126299023628,2.869440459110473
02,512,676,138,0.03520451858639717,2.869440459110473
02,513,676,138,0.035041000694036484,2.869440459110473
02,514,676,138,0.03592800721526146,2.869440459110473
02,515,676,138,0.0351443774998188,2.869440459110473
02,516,676,138,0.03377078101038933,2.869440459110473
02,517,676,142,0.035282254219055176,1.525449204071874
02,518,676,146,0.03529831022024155,4.559130969460956
02,519,676,146,0.03610009327530861,4.205506592881055
02,520,676,146,0.03459044545888901,3.879210220673634
02,521,676,146,0.03512004762887955,3.5802418528386966
02,522,676,146,0.03513985499739647,3.308601489376239
02,523,676,146,0.034422002732753754,3.064289130286262
02,524,676,146,0.03590187057852745,2.847304775568765
02,525,676,146,0.03552808240056038,2.6576484252237482
02,526,676,146,0.03653769567608833,2.4953200792512114
02,527,676,146,0.03601407632231712,2.360319737651158
02,528,676,146,0.036773305386304855,2.2526474004235846
02,529,676,162,0.03665991872549057,15.606750017080003
02,530,676,162,0.03627178445458412,14.491220878595342
02,531,676,162,0.036025095731019974,13.40301974448316
02,532,676,162,0.03529864922165871,12.342146614743461
02,533,676,162,0.03599672392010689,11.308601489376239
02,534,676,162,0.035401225090026855,10.3023843683815
02,535,676,162,0.03468508645892143,9.32349525175924
02,536,676,162,0.0347774513065815,8.371934139509463
02,537,676,188,0.034149687737226486,31.225797636127623
02,538,676,188,0.033221904188394547,29.06264945002391
02,539,676,188,0.03392229601740837,27.117305458768875
02,540,676,188,0.032703593373298645,25.199289471886317
02,541,676,162,0.03292202949523926,10.30976292956207
02,542,676,162,0.03279128670692444,9.903122224499555
02,543,676,162,0.03256864845752716,9.523809523809524
02,544,676,162,0.03413620591163635,9.171824827491973
02,545,676,162,0.03371618688106537,8.847168135546903
02,546,676,162,0.03367375582456589,8.549839447974312
02,547,676,162,0.03289015218615532,8.279838764774203
02,548,676,162,0.033560510724782944,8.037166085946572
02,549,676,162,0.03519086539745331,7.821821411491426
02,550,676,162,0.03513772785663605,7.821821411491426
02,551,676,162,0.03547827899456024,7.821821411491426
02,552,676,162,0.035018596798181534,7.821821411491426
02,553,676,162,0.034622251987457275,7.821821411491426
02,554,676,162,0.03514833375811577,7.821821411491426
02,555,676,162,0.035870958119630814,7.821821411491426
02,556,676,162,0.036062922328710556,7.821821411491426
02,557,676,162,0.034363966435194016,7.821821411491426
02,558,676,162,0.03438853845000267,6.583726173396188
02,559,676,162,0.034795112907886505,5.3456309353009495
02,560,676,162,0.033902812749147415,4.107535697205711
02,561,676,162,0.03376692160964012,2.869440459110473
02,562,676,162,0.0331759974360466,2.869440459110473
02,563,676,162,0.03396391123533249,2.869440459110473
02,564,676,162,0.03359588608145714,2.869440459110473
02,565,676,165,0.03542734682559967,1.3664002186240347
02,566,676,165,0.03408759832382202,1.250871080139372
02,567,676,165,0.03549496829509735,1.1626699460271896
02,568,676,165,0.03357193246483803,1.10179681628749
02,569,676,164,0.033992987126111984,1.616451458632233
02,570,676,164,0.03338311240077019,1.6578533852565416
02,571,676,164,0.03318170830607414,1.7265833162533302
02,572,676,172,0.0348597913980484,5.797226207556194
02,573,676,172,0.03485168144106865,5.3483637357381975
02,574,676,172,0.03448847681283951,4.926829268292682
02,575,676,172,0.033775996416807175,4.532622805219649
02,576,676,172,0.0339355394244194,4.165744346519096
02,577,676,172,0.03386397287249565,3.8261938921910237
02,578,676,172,0.03449568152427673,3.5139714422354316
02,579,676,172,0.03483303636312485,3.2290769966523194
02,580,676,173,0.035200897604227066,3.2837330053972797
02,581,676,173,0.03539449721574783,2.937965430074468
02,582,676,173,0.03561513125896454,2.6468538634966174
02,583,676,173,0.036683760583400726,2.4103983056637293
02,584,676,173,0.035962771624326706,2.2145248343239734
02,585,676,177,0.0360911600291729,4.130559540889527
02,586,676,177,0.03760279715061188,3.5864589738334356
02,587,676,177,0.03807597979903221,3.0696864111498248
02,588,676,177,0.03845309838652611,2.5802418528386966
02,589,676,177,0.03785876929759979,2.1181252989000487
02,590,676,177,0.03713683784008026,1.651431304229009
02,591,676,177,0.03788737207651138,1.2393933183029298
02,592,676,177,0.036153752356767654,0.8820113411218136
02,593,676,177,0.03583712875843048,0.8625401380064199
02,594,676,177,0.03679921105504036,0.8720366195258591
02,595,676,177,0.036301564425230026,0.9361891097902587
02,596,676,177,0.035222072154283524,1.054997608799619
02,597,676,177,0.033918168395757675,1.2284621165539393
02,598,676,177,0.034330714493989944,1.4408690305390446
02,599,676,177,0.034410975873470306,1.6789642686342827
02,600,676,177,0.0339403860270977,1.9170595067295206
02,601,676,179,0.033937834203243256,1.0351848056295694
02,602,676,179,0.03511929139494896,1.0508984081437451
02,603,676,179,0.03459607809782028,1.121268019402881
02,604,676,179,0.0347207635641098,1.2462936394069803
02,605,676,179,0.03496607020497322,1.4259752681560425
02,606,676,179,0.03422398492693901,1.4673771947803511
02,607,676,179,0.03471587225794792,1.5361071257771397
02,608,676,179,0.034307707101106644,1.631345221015235
02,609,676,182,0.03495263308286667,1.2596843615494973
02,610,676,182,0.03480100259184837,1.0489171278267393
02,611,676,182,0.03569271042943001,0.8654778984764616
02,612,676,182,0.03509930893778801,0.7242604358816688
02,613,676,182,0.035726532340049744,0.6376989820318364
02,614,676,182,0.03557410463690758,0.6057935369269645
02,615,676,182,0.03533092141151428,0.6285441005670556
02,616,676,182,0.034863002598285675,0.7059506729521071
02,617,676,182,0.03593068569898605,0.8380132540821191
02,618,676,182,0.03374326601624489,1.0247318439570943
02,619,676,182,0.03405400365591049,1.2503928400628541
02,620,676,182,0.033260464668273926,1.4884880781580923
02,621,676,182,0.034787289798259735,1.7265833162533302
02,622,676,182,0.034270189702510834,1.8694404591104732
02,623,676,182,0.03497250750660896,2.012297601967616
02,624,676,182,0.03384719416499138,2.1551547448247588
02,625,676,182,0.03478233888745308,2.2980118876819016
02,626,676,182,0.03360862657427788,2.4408690305390444
02,627,676,182,0.03334587812423706,2.5837261733961876
02,628,676,182,0.03473000228404999,2.7265833162533304
02,629,676,182,0.03380443900823593,2.869440459110473
02,630,676,182,0.03502696380019188,2.869440459110473
02,631,676,182,0.03408839926123619,2.869440459110473
02,632,676,182,0.03385624662041664,2.869440459110473
02,633,676,182,0.0333031490445137,2.869440459110473
02,634,676,182,0.03397900238633156,2.869440459110473
02,635,676,182,0.035939767956733704,2.869440459110473
02,636,676,185,0.03503594920039177,1.3664002186240347
02,637,676,186,0.03641403466463089,1.382592061214731
02,638,676,186,0.038659483194351196,1.2194438751110208
02,639,676,186,0.03995760530233383,1.0836236933797907
02,640,676,186,0.04281993582844734,0.9892054382728718
02,641,676,186,0.044888608157634735,0.9353692696590851
02,642,676,186,0.044355910271406174,0.9088611054177785
02,643,676,186,0.04576646164059639,0.9096809455489522
02,644,676,188,0.04674828425049782,1.3694746191159386
02,645,676,188,0.044221699237823486,1.139236182277787
02,646,676,188,0.04734649509191513,0.9636537541845985
02,647,676,188,0.050110336393117905,0.8576210972193751
02,648,676,188,0.04976849630475044,0.8186786909885904
02,649,676,188,0.049230847507715225,0.834392293502766
02,650,676,189,0.052605029195547104,0.8592607774817251
02,651,676,189,0.05439836159348488,0.7735191637630665
02,652,676,189,0.053003810346126556,0.7697615631618484
02,653,676,190,0.05328178405761719,0.7304775568764106
02,654,676,191,0.05233713984489441,1.1305595408895268
02,655,676,191,0.04957209900021553,0.7599234815877561
02,656,676,191,0.046787846833467484,0.47127143540342603
02,657,676,191,0.047582950443029404,0.42235430757668674
02,658,676,191,0.04836484417319298,0.4459247113479516
02,659,676,192,0.048044633120298386,0.5499760879961774
02,660,676,192,0.04704655706882477,0.4174352667896447
02,661,676,192,0.04828326404094696,0.40828038532486116
02,662,676,192,0.048396747559309006,0.5084375213500039
02,663,676,193,0.0481625534594059,0.4306893489102939
02,664,676,194,0.047093380242586136,0.8924643027942888
02,665,676,195,0.04855894297361374,1.5591309694609554
02,666,676,195,0.04790959134697914,1.2531256405001023
02,667,676,194,0.047513142228126526,0.4658741545398633
02,668,676,195,0.04801448434591293,0.7591036414565852
02,669,676,195,0.047049347311258316,0.5640500102480056
02,670,676,195,0.04886350780725479,0.43936599029855944
02,671,676,195,0.049017518758773804,0.5005807200929147
02,672,676,195,0.04853931441903114,0.6686479469836697
02,673,676,195,0.0487993024289608,0.9170595067295207
02,674,676,195,0.048479799181222916,1.1551547448247588
02,675,676,195,0.05018224939703941,1.3456309353009492
03,35,674,7,0.0335448756814003,2.869440459110473
03,36,674,7,0.03443325683474541,2.869440459110473
03,37,674,7,0.034441374242305756,2.869440459110473
03,38,674,7,0.03475820645689964,2.869440459110473
03,39,674,7,0.03512558713555336,2.869440459110473
03,40,674,7,0.03625498339533806,2.869440459110473
03,41,674,7,0.0360422320663929,2.869440459110473
03,42,674,7,0.035781797021627426,2.869440459110473
03,43,674,15,0.03565989062190056,4.749607159937146
03,44,674,15,0.03463270142674446,4.395982783357245
03,45,674,15,0.034586451947689056,4.069686411149826
03,46,674,15,0.034368403255939484,3.7707180433148872
03,47,674,15,0.03458920866250992,3.4990776798524297
03,48,674,15,0.03459252417087555,3.2547653207624525
03,49,674,15,0.035657111555337906,3.0377809660449553
03,50,674,15,0.033605851233005524,2.8481246156999385
03,51,674,15,0.03449654579162598,2.6857962697274034
03,52,674,15,0.035084474831819534,2.5507959281273482
03,53,674,17,0.03357738256454468,3.0120926419348226
03,54,674,17,0.03359835222363472,2.673362027737924
03,55,674,17,0.03312879428267479,2.3892874222859866
03,56,674,17,0.03448895364999771,2.1598688255790117
03,57,674,17,0.03469431400299072,1.9851062376169981
03,58,674,17,0.03487237170338631,1.8649996583999464
03,59,674,17,0.03467189520597458,1.799549087927855
03,60,674,17,0.03461695834994316,1.7879346860695504
03,61,674,17,0.033936548978090286,1.8036482885837262
03,62,674,17,0.033631838858127594,1.8466898954703832
03,63,674,17,0.03309543430805206,1.9170595067295206
03,64,674,17,0.03339654952287674,2.012297601967616
03,65,674,17,0.03442997857928276,2.1075356972057113
03,66,674,17,0.03459933400154114,2.2027737924438062
03,67,674,17,0.03478645533323288,2.2980118876819016
03,68,674,17,0.03338828682899475,2.393249982919997
03,69,674,17,0.033022407442331314,2.4884880781580923
03,70,674,17,0.03401442989706993,2.5837261733961876
03,71,674,17,0.033031806349754333,2.6789642686342825
03,72,674,17,0.03436518833041191,2.774202363872378
03,73,674,17,0.0342140793800354,2.869440459110473
03,74,674,17,0.03471170738339424,2.869440459110473
03,75,674,17,0.035031113773584366,2.869440459110473
03,76,674,17,0.03493010252714157,2.869440459110473
03,77,674,17,0.033800315111875534,2.869440459110473
03,78,674,17,0.035113245248794556,2.869440459110473
03,79,674,23,0.03356121852993965,2.8448452551752412
03,80,674,23,0.032666370272636414,2.5864589738334356
03,81,674,23,0.03235740587115288,2.3554006968641117
03,82,674,23,0.03341700881719589,2.151670424267268
03,83,674,23,0.03218205273151398,1.9752681560429057
03,84,674,23,0.033409856259822845,1.826193892191024
03,85,674,23,0.03397124633193016,1.704447632711622
03,86,674,29,0.03383428975939751,6.559130969460956
03,87,674,29,0.032950956374406815,6.015030402404864
03,88,674,29,0.033402927219867706,5.498257839721255
03,89,674,29,0.03362811729311943,5.008813281410125
03,90,674,29,0.03384070843458176,4.546696727471478
03,91,674,29,0.033222246915102005,4.11190817790531
03,92,674,27,0.03242160752415657,2.94254287080686
03,93,674,27,0.03392183408141136,2.659288105486097
03,94,674,29,0.0339532196521759,3.0800027328004376
03,95,674,29,0.03419367969036102,2.6998701919792305
03,96,674,29,0.034298624843358994,2.3470656555305047
03,97,674,29,0.0334610678255558,2.021589123454259
03,98,674,29,0.03300802782177925,1.723440595750495
03,99,674,29,0.03303210064768791,1.4534399125503863
03,100,674,29,0.03432551026344299,1.5238095238095237
03,101,674,29,0.034110087901353836,1.6480153036824494
03,102,674,29,0.034185584634542465,1.799549087927855
03,103,674,29,0.034198567271232605,1.9784108765457409
03,104,674,29,0.034241046756505966,2.184600669536107
03,105,674,30,0.03415774926543236,1.6827218692354993
03,106,674,32,0.035087116062641144,1.3428298148527698
03,107,674,32,0.03415454924106598,1.1726446676231455
03,108,674,32,0.035440076142549515,1.0297875247660027
03,109,674,32,0.03386981785297394,0.9142583862813413
03,110,674,32,0.03619253635406494,0.8417708546833372
03,111,674,32,0.034371983259916306,0.8239393318302936
03,112,674,32,0.03405627980828285,0.8458700553392082
03,113,674,32,0.03455479070544243,1.0168750427000064
03,114,674,32,0.0344497412443161,1.2152080344332847
03,115,674,32,0.0338485911488533,1.3456309353009492
03,116,674,48,0.034653645008802414,13.749607159937145
03,117,674,48,0.03442595526576042,12.872173259547719
03,118,674,48,0.0343957245349884,12.022067363530775
03,119,674,48,0.035356901586055756,11.199289471886313
03,120,674,48,0.03450866416096687,10.403839584614333
03,121,674,46,0.03473279997706413,8.68333674933388
03,122,674,46,0.034596096724271774,8.037780966044954
03,123,674,46,0.034308068454265594,7.419553187128509
03,124,674,46,0.03480805829167366,6.8286534125845435
03,125,674,46,0.03402351215481758,6.265081642413061
03,126,674,46,0.03525605797767639,5.776456924233107
03,127,674,46,0.034053899347782135,5.410398305663729
03,128,674,46,0.03531133010983467,5.07166769146683
03,129,674,41,0.0343121662735939,6.18883651021384
03,130,674,41,0.03449432924389839,6.1428571428571415
03,131,674,41,0.03425716608762741,6.124205779872924
03,132,674,41,0.034600693732500076,6.132882421261187
03,133,674,41,0.03578135371208191,6.16888706702193
03,134,674,42,0.0358261838555336,5.592061214729795
03,135,674,42,0.035629380494356155,5.567192730750837
03,136,674,46,0.034825388342142105,4.151875384300063
03,137,674,46,0.036266230046749115,3.8653412584546025
03,138,674,46,0.035677991807460785,3.5788071326091404
03,139,674,46,0.035695623606443405,3.29227300676368
03,140,674,46,0.03540251776576042,3.0057388809182206
03,141,674,46,0.036162931472063065,2.719204755072761
03,142,674,46,0.03527376428246498,2.5279087244653957
03,143,674,46,0.03470974415540695,2.3366126938580303
03,144,674,46,0.03548659384250641,2.1453166632506644
03,145,674,46,0.03421924263238907,1.9540206326433005
03,146,674,46,0.035594642162323,1.7627246020359362
03,147,674,46,0.03532306104898453,1.5871421739427478
03,148,674,46,0.035591091960668564,1.4405274304843882
03,149,674,46,0.034971319139003754,1.3485686957709917
03,150,674,46,0.03577590733766556,1.547721527635445
03,151,674,46,0.034503042697906494,1.7742023638723785
03,152,674,48,0.03556095436215401,1.1304229008676654
03,153,674,48,0.03657246381044388,1.0985174557627932
03,154,674,48,0.03579787537455559,1.1212680194028817
03,155,674,48,0.036316148936748505,1.246293639406981
03,156,674,48,0.03613073006272316,1.4259752681560431
03,157,674,48,0.03467331454157829,1.4673771947803518
03,158,674,48,0.03579152747988701,1.5361071257771404
03,159,674,48,0.03691769763827324,1.6313452210152357
03,160,674,48,0.036025311797857285,1.7265833162533308
03,161,674,51,0.03646933659911156,1.1644462663114026
03,162,674,51,0.035331785678863525,0.9536790325886447
03,163,674,51,0.03630907088518143,0.785133565621369
03,164,674,51,0.03522779047489166,0.671244107399055
03,165,674,51,0.034885454922914505,0.6120106579217042
03,166,674,51,0.03572073578834534,0.6074332171893138
03,167,674,51,0.03680374473333359,0.6575117852018851
03,168,674,51,0.03574611619114876,0.762246361959417
03,169,674,56,0.03540106862783432,3.8924643027942882
03,170,674,56,0.03536299616098404,3.4436018309762924
03,171,674,56,0.03578675165772438,3.0220673635307764
03,172,674,56,0.03556864336133003,2.6278609004577422
03,173,674,56,0.036473799496889114,2.3562205369952847
03,174,674,56,0.03567495569586754,2.1119081779053075
03,175,674,56,0.0363776758313179,1.8949238231878105
03,176,674,56,0.03542441874742508,1.7052674728427937
03,177,674,56,0.03589021414518356,1.5429391268702584
03,178,674,56,0.03617795184254646,1.4079387852702048
03,179,674,56,0.036247413605451584,1.315980050556807
03,180,674,56,0.03714403882622719,1.278677324588371
03,181,674,56,0.037000253796577454,1.2960306073648966
03,182,674,56,0.03702850267291069,1.4131994261119079
03,183,674,56,0.03666546940803528,1.5576962492313995
03,184,674,56,0.0366973802447319,1.7295210767233726
03,185,674,56,0.035776447504758835,1.928673908587826
03,186,674,56,0.036366045475006104,2.1551547448247597
03,187,674,56,0.036398179829120636,2.393249982919998
03,188,674,56,0.036229778081178665,2.6313452210152355
03,189,674,56,0.036574650555849075,2.8694404591104736
03,190,674,56,0.034561723470687866,2.8694404591104736
03,191,674,56,0.03333740308880806,2.8694404591104736
03,192,674,56,0.03538334369659424,2.8694404591104736
03,193,674,56,0.035757146775722504,2.8694404591104736
03,194,674,56,0.036938123404979706,2.8694404591104736
03,195,674,56,0.039581168442964554,2.8694404591104736
03,196,674,56,0.04542907699942589,2.8694404591104736
03,197,674,56,0.04400620236992836,2.8694404591104736
03,198,674,56,0.04748064652085304,2.8694404591104736
03,199,674,56,0.04335397481918335,2.8694404591104736
03,200,674,58,0.04547041282057762,1.533647605383618
03,201,674,60,0.04274105280637741,1.4302111088337779
03,202,674,60,0.04516679793596268,1.2670629227300676
03,203,674,60,0.04262853413820267,1.1312427409988377
03,204,674,60,0.04097103327512741,1.022750563640089
03,205,674,60,0.043229810893535614,0.9415863906538222
03,206,674,61,0.04447579011321068,1.029445924711349
03,207,674,61,0.04402518644928932,0.8874086219853797
03,208,674,61,0.04388388991355896,0.8000273280043709
03,209,674,61,0.04409904405474663,0.7673020427683254
03,210,674,61,0.043915167450904846,0.7751588440254145
03,211,674,63,0.04532790929079056,1.5591309694609548
03,212,674,63,0.04384228214621544,1.2680194028831036
03,213,674,63,0.043639641255140305,1.0323836851813866
03,214,674,63,0.04252595081925392,0.8787319805971142
03,215,674,63,0.04274306446313858,0.8070642891302852
03,216,674,63,0.04338262602686882,0.8173806107808981
03,217,674,64,0.0444614551961422,0.737514518002324
03,218,674,64,0.04410550743341446,0.6057935369269651
03,219,674,64,0.042336154729127884,0.5833845733415297
03,220,674,64,0.04166160523891449,0.6686479469836704
03,221,674,64,0.04038161411881447,0.9170595067295214
03,222,674,66,0.04255213588476181,0.8121199699391949
03,223,674,66,0.04159323498606682,0.5959554553528715
03,224,674,66,0.04450507089495659,0.45098039215686064
03,225,674,66,0.04451998323202133,0.4153173464507733
03,226,674,66,0.04399785026907921,0.4889663182346108
03,227,674,66,0.04441362991929054,0.6218487394957991
03,228,674,66,0.04358859732747078,0.8218214114914262
03,229,674,66,0.043831005692481995,1.0599166495866643
03,230,674,66,0.044139083474874496,1.2980118876819025
03,231,674,66,0.04529958963394165,1.5361071257771404
03,232,674,66,0.04517167806625366,1.6789642686342834
03,233,674,66,0.044024575501680374,1.8218214114914262
03,234,674,66,0.043442074209451675,1.964678554348569
03,235,674,66,0.04172544181346893,2.1075356972057118
03,236,674,66,0.04056311026215553,2.2503928400628546
03,237,674,67,0.03872150927782059,1.562615290018447
03,238,674,67,0.03791241720318794,1.6375623420099747
03,239,674,67,0.03794502094388008,1.739837398373984
03,240,674,69,0.03897455334663391,1.0330668852907015
03,241,674,70,0.037547141313552856,1.1693653070984493
03,242,674,70,0.03972870111465454,1.0765867322538765
03,243,674,70,0.040541838854551315,0.9407665505226478
03,244,674,70,0.039882779121398926,0.8463482954157262
03,245,674,70,0.03958962485194206,0.7925121268019395
03,246,674,70,0.04130633547902107,0.766003962560633
03,247,674,70,0.042057104408741,0.766823802691808
03,248,674,70,0.04100995510816574,0.8098654095784652
03,249,674,70,0.039600156247615814,0.9075630252100828
03,250,674,70,0.03984048217535019,1.0599166495866637
03,251,674,70,0.039010047912597656,1.2503928400628541
03,252,674,70,0.04008029028773308,1.4408690305390446
03,253,674,70,0.03881657496094704,1.631345221015235
03,254,674,70,0.039363130927085876,1.8218214114914255
03,255,674,70,0.04007004201412201,2.012297601967616
03,256,674,70,0.04011457785964012,2.2027737924438062
03,257,674,70,0.03899513930082321,2.393249982919997
03,258,674,70,0.04110182821750641,2.5361071257771397
03,259,674,70,0.04013940319418907,2.6789642686342825
03,260,674,70,0.041547741740942,2.8218214114914253
03,261,674,70,0.0424874871969223,2.869440459110473
03,262,674,70,0.04145609214901924,2.869440459110473
03,263,674,70,0.04282098263502121,2.869440459110473
03,264,674,70,0.04126812517642975,2.869440459110473
03,265,674,70,0.03992469236254692,2.869440459110473
03,266,674,70,0.040022529661655426,2.869440459110473
03,267,674,70,0.03830670192837715,2.869440459110473
03,268,674,70,0.03922101482748985,2.869440459110473
03,269,674,70,0.03989466652274132,2.869440459110473
03,270,674,70,0.040045592933893204,2.869440459110473
03,271,674,70,0.03878782317042351,2.869440459110473
03,272,674,70,0.038414809852838516,2.869440459110473
03,273,674,70,0.03923621028661728,2.869440459110473
03,274,674,70,0.03909574821591377,2.869440459110473
03,275,674,70,0.0388382226228714,2.869440459110473
03,276,674,70,0.039241645485162735,2.869440459110473
03,277,674,70,0.03810528293251991,2.869440459110473
03,278,674,70,0.039581798017024994,2.869440459110473
03,279,674,70,0.03908533975481987,2.869440459110473
03,280,674,70,0.041415873914957047,2.869440459110473
03,281,674,70,0.04073619097471237,2.869440459110473
03,282,674,66,0.0402069166302681,6.678964268634284
03,283,674,66,0.04182936251163483,6.488488078158094
03,284,674,66,0.041029177606105804,6.298011887681903
03,285,674,66,0.041006188839673996,6.107535697205711
03,286,674,66,0.04156021773815155,5.9170595067295215
03,287,674,66,0.041761379688978195,5.726583316253331
03,288,674,66,0.04241269826889038,5.53610712577714
03,289,674,66,0.04193126782774925,5.34563093530095
03,290,674,66,0.04186927154660225,5.15515474482476
03,291,674,66,0.040782347321510315,4.964678554348569
03,292,674,66,0.04191559925675392,4.774202363872378
03,293,674,66,0.042612023651599884,4.5837261733961885
03,294,674,66,0.04319816827774048,4.393249982919998
03,295,674,66,0.04093090817332268,4.202773792443807
03,296,674,66,0.04158636927604675,4.012297601967616
03,297,674,66,0.04195808991789818,3.821821411491426
03,298,674,66,0.04463696852326393,3.6313452210152355
03,299,674,66,0.042438142001628876,3.4408690305390452
03,300,674,66,0.04229046404361725,3.2503928400628546
03,301,674,66,0.04393836483359337,3.0599166495866643
03,302,674,66,0.043421752750873566,2.8694404591104736
03,303,674,66,0.04229350388050079,2.8694404591104736
03,304,674,66,0.04134759679436684,2.8694404591104736
03,305,674,66,0.040890347212553024,2.8694404591104736
03,306,674,122,0.04178571701049805,50.46389287422286
03,307,674,122,0.041632141917943954,47.82455421192867
03,308,674,122,0.04166770726442337,45.21254355400697
03,309,674,122,0.041406456381082535,42.62786090045775
03,310,674,122,0.041894666850566864,40.070506251281
03,311,674,97,0.04236109182238579,25.63571770171483
03,312,674,97,0.04141032695770264,24.323495251759237
03,313,674,97,0.04132678732275963,23.03860080617613
03,314,674,97,0.04138907045125961,21.781034364965496
03,315,674,97,0.04136497527360916,20.550795928127346
03,316,674,97,0.04346385970711708,19.34788549566168
03,317,674,97,0.041956041008234024,18.172303067568492
03,318,674,97,0.04382001608610153,17.024048643847784
03,319,674,97,0.04356671869754791,15.903122224499558
03,320,674,97,0.04398566856980324,14.80952380952381
03,321,674,97,0.04190429672598839,13.743253398920544
03,322,674,111,0.04061869904398918,17.567329370772697
03,323,674,111,0.04072418808937073,15.588440254150441
03,324,674,111,0.039600688964128494,13.636879141900662
03,325,674,111,0.04108843579888344,11.712646034023365
03,326,674,111,0.03984445333480835,9.815740930518547
03,327,674,111,0.040157318115234375,8.991323358611735
03,328,674,111,0.041021112352609634,8.166905786704925
03,329,674,111,0.04096212610602379,7.342488214798113
03,330,674,111,0.03952085226774216,6.518070642891301
03,331,674,111,0.0393950492143631,5.6936530709844915
03,332,674,111,0.03950159251689911,5.300266448042632
03,333,674,111,0.039308059960603714,4.934207829473253
03,334,674,111,0.03942349553108215,4.595477215276354
03,335,674,116,0.03963731974363327,6.5591309694609565
03,336,674,116,0.039975568652153015,5.6816970690715305
03,337,674,116,0.040499623864889145,4.831591173054588
03,338,674,116,0.04094693809747696,4.008813281410125
03,339,674,116,0.04118670895695686,3.2133633941381428
03,340,674,116,0.04057721793651581,2.4609551137528185
03,341,674,116,0.04104769229888916,1.7632028421124548
03,342,674,116,0.0401550829410553,1.120106579217053
03,343,674,116,0.04170931503176689,1.1006353761016607
03,344,674,116,0.041315238922834396,1.1084921773587486
03,345,674,116,0.04177819937467575,1.143676982988318
03,346,674,116,0.04112718999385834,1.2061897929903675
03,347,674,116,0.04104125127196312,1.2960306073648973
03,348,674,116,0.04161771014332771,1.4131994261119085
03,349,674,120,0.041670817881822586,2.3702944592471136
03,350,674,120,0.041446853429079056,1.9980187196829942
03,351,674,120,0.04109164699912071,1.680398988863838
03,352,674,120,0.04123413935303688,1.417435266789642
03,353,674,120,0.039576832205057144,1.2091275534604078
03,354,674,120,0.03932701423764229,1.0554758488761355
03,355,674,120,0.03845267370343208,0.9564801530368234
03,356,674,120,0.03956298530101776,0.9572999931679985
03,357,674,120,0.03925566002726555,0.9854478376716538
03,358,674,120,0.040802400559186935,1.040923686547789
03,359,674,120,0.03810936212539673,1.1237275397964062
03,360,674,120,0.04132426902651787,1.2338593974175034
03,361,674,120,0.039793554693460464,1.3713192594110808
03,362,674,120,0.03943721577525139,1.5361071257771397
03,363,674,120,0.039750415831804276,1.7265833162533302
03,364,674,120,0.04106414318084717,1.9170595067295206
03,365,674,120,0.04100542515516281,2.1075356972057113
03,366,674,120,0.040346723049879074,2.2980118876819016
03,367,674,120,0.04032032564282417,2.4884880781580923
03,368,674,120,0.03838106989860535,2.6789642686342825
03,369,674,120,0.03933755308389664,2.869440459110473
03,370,674,120,0.04029596596956253,2.869440459110473
03,371,674,120,0.0397346056997776,2.869440459110473
03,372,674,120,0.038990505039691925,2.869440459110473
03,373,674,120,0.0385156087577343,2.869440459110473
03,374,674,120,0.03924109786748886,2.869440459110473
03,375,674,120,0.03894314542412758,2.869440459110473
03,376,674,120,0.039280690252780914,2.869440459110473
03,377,674,120,0.03859170898795128,2.869440459110473
03,378,674,120,0.03909434750676155,2.869440459110473
03,379,674,120,0.03862122818827629,2.869440459110473
03,380,674,116,0.04035826772451401,6.678964268634282
03,381,674,115,0.03995028883218765,7.4408690305390435
03,382,674,115,0.03818017616868019,7.202773792443805
03,383,674,115,0.03831031918525696,6.964678554348567
03,384,674,115,0.039484523236751556,6.726583316253329
03,385,674,115,0.03902152180671692,6.488488078158091
03,386,674,120,0.03725110739469528,3.6765047482407605
03,387,674,120,0.03822501003742218,3.512536722005875
03,388,674,120,0.03799235820770264,3.348568695770991
03,389,674,120,0.037755727767944336,3.184600669536107
03,390,674,120,0.03802437707781792,3.0206326433012216
03,391,674,120,0.03825163096189499,2.856664617066338
03,392,674,120,0.03926388546824455,2.6926965908314537
03,393,674,120,0.03695867210626602,2.52872856459657
03,394,674,120,0.03740421310067177,2.3664002186240345
03,395,674,120,0.038279108703136444,2.2297601967616307
03,396,674,120,0.03982487693428993,2.0931201748992287
03,397,674,120,0.04061003401875496,1.9564801530368248
03,398,674,120,0.03909498453140259,1.819840131174421
03,399,674,120,0.03876423090696335,1.6989137118261943
03,400,674,120,0.03888069465756416,1.6053152968504478
03,401,674,120,0.03794582560658455,1.729521076723372
03,402,674,120,0.039437513798475266,1.9286739085878253
03,403,674,120,0.039713725447654724,2.1551547448247588
03,404,674,120,0.04073258489370346,2.393249982919997
03,405,674,120,0.04082810506224632,2.631345221015235
03,406,674,120,0.039330724626779556,2.869440459110473
03,407,674,120,0.040688443928956985,2.869440459110473
03,408,674,120,0.039718132466077805,2.869440459110473
03,409,674,120,0.040273647755384445,2.869440459110473
03,410,674,120,0.04346087574958801,2.869440459110473
03,411,674,120,0.03988439589738846,2.869440459110473
03,412,674,120,0.03822920098900795,2.869440459110473
03,413,674,120,0.041759513318538666,2.869440459110473
03,414,674,120,0.041182298213243484,2.869440459110473
03,415,674,120,0.037752337753772736,2.869440459110473
03,416,674,121,0.03995365649461746,2.0388057662089225
03,417,674,121,0.042437490075826645,2.018514722962355
03,418,674,121,0.04745645076036453,2.0255516840882692
03,419,674,122,0.04397693648934364,1.3907904625264744
03,420,674,122,0.04688020423054695,1.3369542939126864
03,421,674,122,0.04377840831875801,1.3377741340438614
03,422,674,122,0.03937734290957451,1.393249982919997
03,423,674,122,0.04257110878825188,1.4884880781580923
03,424,674,125,0.04218018800020218,1.4025415044066414
03,425,674,125,0.04075191542506218,1.1917742706838834
03,426,674,125,0.04021506756544113,1.0083350413336072
03,427,674,125,0.037052370607852936,0.852223816355811
03,428,674,125,0.03634708747267723,0.7234405957504951
03,429,674,125,0.03868379071354866,0.6219853795176608
03,430,674,125,0.039208997040987015,0.5643916103026573
03,431,674,125,0.03867447376251221,0.5887818542050958
03,432,674,125,0.0380421057343483,0.6951561112249776
03,433,674,125,0.03823531046509743,0.8818747010999514
03,434,674,125,0.03834964334964752,1.107535697205711
03,435,674,125,0.037658438086509705,1.3456309353009492
03,436,674,127,0.03822103142738342,0.7358748377399748
03,437,674,127,0.03916629031300545,0.6579900252784052
03,438,674,127,0.036473844200372696,0.6620892259342777
03,439,674,127,0.03853457793593407,0.7481724397075906
03,440,674,129,0.038379598408937454,1.217462594794015
03,441,674,129,0.035729482769966125,0.9950809592129526
03,442,674,129,0.032159287482500076,0.8273553323768519
03,443,674,130,0.031197400763630867,1.1416957026713128
03,444,674,130,0.029911158606410027,0.8725148596023777
03,445,674,130,0.030366964638233185,0.7304775568764086
03,446,674,130,0.031533680856227875,0.6430962628954026
03,447,674,130,0.03306792303919792,0.6111908177905319
03,448,674,130,0.03393649309873581,0.6339413814306217
03,449,674,132,0.03349944204092026,1.4162738266038133
03,450,674,133,0.0324518121778965,2.035321445651431
03,451,674,133,0.03220648691058159,1.6816970690715303
03,452,674,133,0.0341959074139595,1.3554006968641097
03,453,674,133,0.034839753061532974,1.0705062512810004
03,454,674,134,0.03544394671916962,1.4779667964746885
03,455,674,136,0.03534248471260071,2.9400833504133366
03,456,674,136,0.03457435965538025,2.443601830976293
03,457,674,136,0.03465021774172783,2.0696864111498248
03,458,674,138,0.03415345400571823,3.4638928742228603
03,459,674,138,0.03439149260520935,2.9674113547858165
03,460,674,138,0.03465775027871132,2.498257839721253
03,461,674,138,0.03576665371656418,2.151670424267268
03,462,674,138,0.03487391397356987,1.8332308533169366
03,463,674,138,0.03582119196653366,1.5694472911115658
03,464,674,138,0.0355583056807518,1.4079387852702054
03,465,674,141,0.0361785963177681,3.225797636127622
03,466,674,141,0.03547501936554909,2.7293161166905784
03,467,674,141,0.034282661974430084,2.260162601626015
03,468,674,141,0.0344340018928051,1.8183370909339347
03,469,674,141,0.03502485528588295,1.4187333469973364
03,470,674,141,0.034718532115221024,1.1690237070437937
03,471,674,141,0.03415645286440849,1.0215891234542591
03,472,674,141,0.0346965454518795,0.9288105486096876
03,473,674,141,0.034273114055395126,0.9064015850242522
03,474,674,146,0.034169428050518036,3.9400833504133366
03,475,674,146,0.034414466470479965,3.3959827833572453
03,476,674,146,0.03452947363257408,2.9744483159117294
03,477,674,146,0.034599319100379944,2.5802418528386966
03,478,674,146,0.03401283547282219,2.213363394138144
03,479,674,146,0.03498605638742447,1.9690510350481667
03,480,674,146,0.03399090841412544,1.7520666803306697
03,481,674,146,0.033043231815099716,1.5624103299856529
03,482,674,146,0.033605434000492096,1.4000819840131162
03,483,674,146,0.03452308848500252,1.2807952449272382
03,484,674,146,0.03397809714078903,1.2161645145863207
03,485,674,146,0.03358663618564606,1.2061897929903662
03,486,674,146,0.032592568546533585,1.296030607364896
03,487,674,146,0.03396725282073021,1.4131994261119059
03,488,674,146,0.03433907404541969,1.5576962492313988
03,489,674,146,0.035146564245224,1.729521076723372
03,490,674,146,0.03476951643824577,1.9286739085878253
03,491,674,146,0.034802671521902084,2.1551547448247588
03,492,674,146,0.03417940437793732,2.393249982919997
03,493,674,146,0.03437601029872894,2.631345221015235
03,494,674,146,0.03509735316038132,2.869440459110473
03,495,674,146,0.0353710800409317,2.869440459110473
03,496,674,146,0.03577321395277977,2.869440459110473
03,497,674,146,0.03523373603820801,2.869440459110473
03,498,674,146,0.03427959233522415,2.869440459110473
03,499,674,146,0.034419696778059006,2.869440459110473
03,500,674,146,0.03720485046505928,2.869440459110473
03,501,674,146,0.036408476531505585,2.869440459110473
03,502,674,146,0.0374908447265625,2.869440459110473
03,503,674,146,0.03755941987037659,2.869440459110473
03,504,674,146,0.03739289566874504,2.869440459110473
03,505,674,146,0.035664040595293045,2.869440459110473
03,506,674,146,0.035530995577573776,2.869440459110473
03,507,674,146,0.03643769025802612,2.869440459110473
03,508,674,152,0.03435888886451721,2.8448452551752412
03,509,674,152,0.03462706133723259,2.5864589738334356
03,510,674,152,0.034945182502269745,2.3554006968641104
03,511,674,152,0.03619467094540596,2.151670424267268
03,512,674,152,0.03514134883880615,1.9752681560429057
03,513,674,152,0.034724343568086624,1.826193892191024
03,514,674,152,0.03358113765716553,1.704447632711622
03,515,674,152,0.033658090978860855,1.6100293776047006
03,516,674,152,0.03352205827832222,1.5429391268702592
03,517,674,152,0.03317122906446457,1.5031768805083008
03,518,674,152,0.033030588179826736,1.4907426385188225
03,519,674,152,0.03398415073752403,1.5056364009018244
03,520,674,155,0.03387722373008728,2.3305322128851538
03,521,674,155,0.034185122698545456,1.998838559814168
03,522,674,155,0.033846013247966766,1.721800915488145
03,523,674,155,0.034038692712783813,1.4994192799070853
03,524,674,155,0.03473740071058273,1.331693653070986
03,525,674,155,0.0351700596511364,1.2186240349798472
03,526,674,155,0.03486591577529907,1.1602104256336685
03,527,674,155,0.034727975726127625,1.1564528250324504
03,528,674,155,0.03487226366996765,1.2073512331761955
03,529,674,155,0.033909089863300323,1.3104461296713799
03,530,674,155,0.0353083536028862,1.4408690305390446
03,531,674,155,0.035567935556173325,1.5837261733961874
03,532,674,155,0.03667512908577919,1.7265833162533302
03,533,674,155,0.03556632623076439,1.8694404591104732
03,534,674,155,0.035334691405296326,2.012297601967616
03,535,674,155,0.035629432648420334,2.1551547448247588
03,536,674,162,0.036066386848688126,4.368654778984765
03,537,674,162,0.03541579097509384,3.919792307166769
03,538,674,162,0.03549601882696152,3.498257839721253
03,539,674,162,0.033891238272190094,3.1040513766482203
03,540,674,162,0.03410891443490982,2.737172917947668
03,541,674,162,0.03435909003019333,2.540479606476738
03,542,674,162,0.03306365758180618,2.3711142993782888
03,543,674,162,0.03348565474152565,2.2290769966523194
03,544,674,162,0.03233978524804115,2.1143676982988304
03,545,674,162,0.03307284414768219,2.0269864043178245
03,546,674,162,0.034506019204854965,1.9669331147092985
03,547,674,162,0.03429706022143364,1.934207829473253
03,548,674,162,0.0332440510392189,1.9288105486096876
03,549,674,162,0.034275397658348083,1.9507412721186024
03,550,674,162,0.0329897366464138,2.0
03,551,674,162,0.033214010298252106,2.076586732253878
03,552,674,162,0.03386402875185013,2.180501468880236
03,553,674,162,0.03244783729314804,2.311744209879074
03,554,674,162,0.03257473558187485,2.4703149552503927
03,555,674,162,0.031980060040950775,2.6562137049941916
03,556,674,162,0.03300778940320015,2.869440459110473
03,557,674,162,0.03265970200300217,2.869440459110473
03,558,674,162,0.03325276076793671,2.869440459110473
03,559,674,164,0.034049082547426224,1.533647605383616
03,560,674,164,0.03406747058033943,1.465737514518001
03,561,674,164,0.03448837623000145,1.4251554280248662
03,562,674,164,0.03349756821990013,1.4119013459042142
03,563,674,164,0.03321004658937454,1.4259752681560425
03,564,674,164,0.035374537110328674,1.4673771947803511
03,565,674,164,0.034312088042497635,1.5361071257771397
03,566,674,164,0.03331848978996277,1.631345221015235
03,567,674,164,0.033790335059165955,1.7265833162533302
03,568,674,164,0.033654507249593735,1.8218214114914255
03,569,674,169,0.03350723162293434,2.8448452551752412
03,570,674,173,0.03317158296704292,6.3210357313657175
03,571,674,173,0.03312703222036362,5.824554211928674
03,572,674,173,0.03291210159659386,5.355400696864111
03,573,674,173,0.03264301270246506,4.91357518617203
03,574,674,173,0.03180931136012077,4.499077679852429
03,575,674,173,0.03317515179514885,4.11190817790531
03,576,674,173,0.03377537056803703,3.7520666803306697
03,577,674,173,0.0343603678047657,3.41955318712851
03,578,674,173,0.03347634896636009,3.1143676982988304
03,579,674,173,0.03353293240070343,2.836510213841634
03,580,674,173,0.03433939442038536,2.681218828995013
03,581,674,177,0.03302778676152229,4.559130969460956
03,582,674,177,0.0334148183465004,3.9674113547858165
03,583,674,185,0.034138940274715424,10.940083350413337
03,584,674,185,0.03458983823657036,9.967411354785817
03,585,674,185,0.03397439047694206,9.022067363530777
03,586,674,185,0.03421187773346901,8.10405137664822
03,587,674,185,0.03439534083008766,7.213363394138144
03,588,674,185,0.034506045281887054,6.350003416000548
03,589,674,185,0.03569863736629486,5.513971442235432
03,590,674,185,0.03475248068571091,4.943362710938034
03,591,674,185,0.03580572456121445,4.590558174489307
03,592,674,185,0.03367530554533005,4.265081642413063
03,593,674,185,0.03327134624123573,3.9669331147092985
03,594,674,185,0.03313488885760307,3.696112591378015
03,595,674,185,0.03371597081422806,3.4526200724192115
03,596,674,185,0.034424588084220886,3.236455557832888
03,597,674,185,0.034069038927555084,3.0476190476190474
03,598,674,185,0.033876191824674606,2.8861105417776876
03,599,674,186,0.03442225605249405,2.302247728359638
03,600,674,186,0.0335562564432621,2.0798660927785755
03,601,674,186,0.03284766897559166,1.9121404659424732
03,602,674,186,0.033297184854745865,1.9895470383275249
03,603,674,186,0.03292732313275337,2.1075356972057113
03,604,674,186,0.03335943445563316,2.1551547448247588
03,605,674,186,0.03306971490383148,2.2027737924438062
03,606,674,186,0.033024318516254425,2.250392840062854
03,607,674,186,0.03261302411556244,2.2980118876819016
03,608,674,186,0.03385240212082863,2.3456309353009495
03,609,674,186,0.03332812711596489,2.393249982919997
03,610,674,186,0.03387848287820816,2.4408690305390444
03,611,674,186,0.0329538993537426,2.4884880781580923
03,612,674,186,0.03420970216393471,2.5361071257771397
03,613,674,186,0.033809907734394073,2.5837261733961876
03,614,674,186,0.03341817110776901,2.631345221015235
03,615,674,186,0.033757615834474564,2.6789642686342825
03,616,674,186,0.03360686078667641,2.7265833162533304
03,617,674,186,0.033339016139507294,2.774202363872378
03,618,674,186,0.03304506093263626,2.8218214114914253
03,619,674,186,0.03344472125172615,2.869440459110473
03,620,674,186,0.03309264034032822,2.869440459110473
03,621,674,186,0.03325067460536957,2.869440459110473
03,622,674,186,0.03490645810961723,2.869440459110473
03,623,674,186,0.03575769066810608,2.869440459110473
03,624,674,186,0.037522513419389725,2.869440459110473
03,625,674,186,0.039701443165540695,2.869440459110473
03,626,674,186,0.040910229086875916,2.869440459110473
03,627,674,186,0.041452907025814056,2.869440459110473
03,628,674,186,0.04215726628899574,2.869440459110473
03,629,674,186,0.04129938408732414,2.869440459110473
03,630,674,186,0.043282296508550644,2.869440459110473
03,631,674,188,0.04480098932981491,1.533647605383616
03,632,674,188,0.04674537852406502,1.465737514518001
03,633,674,188,0.04802042245864868,1.4251554280248662
03,634,674,188,0.0464022196829319,1.4119013459042142
03,635,674,188,0.05129900574684143,1.4259752681560425
03,636,674,188,0.0465644896030426,1.4673771947803511
03,637,674,189,0.04523163288831711,0.9191774270683888
03,638,674,189,0.04741302877664566,0.899706223952995
03,639,674,189,0.049421798437833786,0.9348910295825617
03,640,674,191,0.04782905802130699,1.0215891234542591
03,641,674,191,0.04549379646778107,0.8108218897315012
03,642,674,191,0.04707185924053192,0.6422764227642255
03,643,674,191,0.05016201734542847,0.5283869645419129
03,644,674,191,0.05166561156511307,0.46997335519573435
03,645,674,191,0.051282163709402084,0.4935437589669992
03,646,674,192,0.04722514748573303,0.5710869713739184
03,647,674,193,0.04805879667401314,1.083760333401653
03,648,674,194,0.043724965304136276,1.7019881123180984
03,649,674,194,0.04405719414353371,1.3483637357381977
03,650,674,194,0.04359951615333557,1.022067363530777
03,651,674,194,0.04369945824146271,0.7520666803306697
03,652,674,194,0.043734610080718994,0.6452141832342699
03,653,674,195,0.04326282814145088,0.9955591992894732
03,654,674,196,0.04369046166539192,1.5591309694609554
03,655,674,196,0.04328993707895279,1.2063264330122283
03,656,674,196,0.04292181134223938,0.9081779053084618
03,657,674,196,0.04268830269575119,0.6787593086014893
03,658,674,196,0.04355381056666374,0.5954772152763542
03,659,674,196,0.04333645477890968,0.6066133770581381
03,660,674,196,0.044560886919498444,0.7005533920885417
03,661,674,196,0.04398249089717865,0.8723782195805148
03,662,674,196,0.044069577008485794,1.071531051444968
03,663,674,196,0.04472123458981514,1.2980118876819016
03,664,674,196,0.04372526332736015,1.5361071257771397
03,665,674,196,0.04411865770816803,1.7742023638723778
03,666,674,196,0.043277617543935776,2.012297601967616
03,667,674,196,0.04327685385942459,2.2027737924438062
03,668,674,196,0.043065376579761505,2.3456309353009495
03,669,674,196,0.042163215577602386,2.4408690305390444
03,670,674,196,0.042590342462062836,2.5361071257771397
03,671,674,196,0.04291088134050369,2.631345221015235
03,672,674,196,0.04418168589472771,2.7265833162533304
03,673,674,196,0.04298098757863045,2.8218214114914253
04,35,683,9,0.038473304361104965,1.4673771947803511
04,36,683,9,0.038081955164670944,1.5361071257771397
04,37,683,15,0.036919910460710526,4.082940493270479
04,38,683,15,0.036472201347351074,3.7293161166905784
04,39,683,15,0.03691022843122482,3.403019744483159
04,40,683,15,0.03744851425290108,3.1040513766482203
04,41,683,15,0.037592288106679916,2.832411013185763
04,42,683,15,0.03642161563038826,2.5880986540957855
04,43,683,15,0.03666829317808151,2.3711142993782888
04,44,683,15,0.036910850554704666,2.181457949033272
04,45,683,17,0.03748591989278793,2.969051035048165
04,46,683,17,0.03744544833898544,2.575664412106305
04,47,683,17,0.038353487849235535,2.2369337979094075
04,48,683,17,0.03838348388671875,1.9528591924574703
04,49,683,17,0.03944162651896477,1.723440595750495
04,50,683,17,0.03821881115436554,1.5486780077884816
04,51,683,17,0.03828968107700348,1.5238095238095237
04,52,683,17,0.037852898240089417,1.552777208444354
04,53,683,17,0.03866512328386307,1.6090728974516646
04,54,683,18,0.03837495297193527,1.1602104256336685
04,55,683,18,0.03724762424826622,1.1431987429117985
04,56,683,18,0.03677382320165634,1.19327731092437
04,57,683,18,0.03619777038693428,1.2980118876819016
04,58,683,18,0.03629624843597412,1.4408690305390446
04,59,683,18,0.03653387352824211,1.5837261733961874
04,60,683,18,0.03691821172833443,1.7265833162533302
04,61,683,18,0.03670651093125343,1.8694404591104732
04,62,683,18,0.035853855311870575,2.012297601967616
04,63,683,18,0.03658072650432587,2.1551547448247588
04,64,683,18,0.036491576582193375,2.2980118876819016
04,65,683,18,0.03615857660770416,2.4408690305390444
04,66,683,18,0.03741347789764404,2.4884880781580923
04,67,683,18,0.0365382581949234,2.5361071257771397
04,68,683,18,0.036338720470666885,2.5837261733961876
04,69,683,18,0.03598933666944504,2.631345221015235
04,70,683,18,0.035943616181612015,2.6789642686342825
04,71,683,18,0.03600731119513512,2.7265833162533304
04,72,683,18,0.03607215732336044,2.774202363872378
04,73,683,18,0.03653571009635925,2.8218214114914253
04,74,683,18,0.03703129291534424,2.869440459110473
04,75,683,18,0.0368846096098423,2.869440459110473
04,76,683,18,0.03637530654668808,2.869440459110473
04,77,683,18,0.036633122712373734,2.869440459110473
04,78,683,18,0.0361267626285553,2.869440459110473
04,79,683,18,0.03596409037709236,2.869440459110473
04,80,683,18,0.03621898964047432,2.869440459110473
04,81,683,23,0.03534534201025963,2.021589123454259
04,82,683,23,0.03611312061548233,1.8108218897315012
04,83,683,23,0.03656758368015289,1.627382660381225
04,84,683,23,0.036589305847883224,1.4712714354034286
04,85,683,29,0.03510322794318199,6.654369064699052
04,86,683,29,0.03542804718017578,6.157887545262007
04,87,683,29,0.035036418586969376,5.688734030197445
04,88,683,29,0.03536084294319153,5.2469085195053635
04,89,683,29,0.036033131182193756,4.832411013185763
04,90,683,29,0.03538950905203819,4.445241511238643
04,91,683,29,0.035109709948301315,4.085400013664003
04,92,683,29,0.03510240837931633,3.7528865204618436
04,93,683,29,0.03587935492396355,3.4477010316321652
04,94,683,29,0.034502215683460236,3.1698435471749673
04,95,683,29,0.034951623529195786,2.919314067090251
04,96,683,29,0.03686152771115303,2.696112591378015
04,97,683,29,0.03636292740702629,2.500239120038259
04,98,683,27,0.03643430769443512,3.073648971783836
04,99,683,27,0.03581693395972252,3.1369816219170596
04,100,683,27,0.0372726246714592,3.227642276422764
04,101,683,27,0.03684474155306816,3.3456309353009495
04,102,683,27,0.037648629397153854,3.5361071257771397
04,103,683,27,0.038372952491045,3.7265833162533304
04,104,683,27,0.03830424323678017,3.9170595067295206
04,105,683,29,0.0376749150454998,2.771742843478854
04,106,683,30,0.03725253418087959,2.361822777891644
04,107,683,30,0.03802960366010666,2.190817790530846
04,108,683,30,0.03737299516797066,2.019812803170048
04,109,683,32,0.03677063807845116,1.8753159800505566
04,110,683,32,0.03631666675209999,1.7175650748104117
04,111,683,32,0.03754415363073349,1.559814169570267
04,112,683,32,0.037524495273828506,1.402063264330122
04,113,683,32,0.03665052726864815,1.2451321992211508
04,114,683,32,0.0368337407708168,1.1155291384846613
04,115,683,32,0.036664076149463654,1.013254082120652
04,116,683,32,0.036223154515028,0.9680945548951281
04,117,683,32,0.03654080256819725,0.9626972740315626
04,118,683,32,0.036257147789001465,0.9846279975404787
04,119,683,32,0.037262942641973495,1.1291248206599702
04,120,683,33,0.03720475733280182,0.8173806107808994
04,121,683,33,0.037318240851163864,0.9010043041606901
04,122,683,33,0.037872448563575745,1.0392840062854412
04,123,683,33,0.03671019524335861,1.232219717155154
04,124,683,33,0.03713922202587128,1.4657375145180016
04,125,683,33,0.03626089170575142,1.7265833162533295
04,126,683,33,0.03700302913784981,1.91705950672952
04,127,683,33,0.03688948601484299,2.059916649586663
04,128,683,33,0.0369943231344223,2.202773792443806
04,129,683,38,0.0380735918879509,2.416273826603812
04,130,683,38,0.03748831897974014,2.1578875452620063
04,131,683,38,0.03644724190235138,1.926829268292681
04,132,683,38,0.03836635500192642,1.7230989956958374
04,133,683,38,0.036726586520671844,1.5466967274714751
04,134,683,38,0.03716657683253288,1.3976224636195933
04,135,683,38,0.03699323907494545,1.2758762041401914
04,136,683,38,0.03803608566522598,1.18145794903327
04,137,683,38,0.03707914799451828,1.11436769829883
04,138,683,38,0.037390414625406265,1.090319054451047
04,139,683,40,0.037116728723049164,1.6311402609824424
04,140,683,40,0.03782409057021141,1.3876477420236388
04,141,683,40,0.0375412181019783,1.2464302794288433
04,142,683,40,0.03843957558274269,1.1598688255790108
04,143,683,40,0.038753703236579895,1.1279633804741402
04,144,683,40,0.038309723138809204,1.1507139441142313
04,145,683,40,0.03769068792462349,1.228120516499283
04,146,683,40,0.03843646124005318,1.3593632574981211
04,147,683,42,0.037885017693042755,0.96481519437043
04,148,683,42,0.038250286132097244,0.7573273211723708
04,149,683,42,0.03831445425748825,0.6318234610917537
04,150,683,42,0.03752783685922623,0.6334631413541023
04,151,683,42,0.0366753488779068,0.6897588303614128
04,152,683,42,0.036588605493307114,0.800710528113685
04,153,683,42,0.036086104810237885,0.964678554348569
04,154,683,42,0.03577680513262749,1.1551547448247594
04,155,683,42,0.0356958843767643,1.34563093530095
04,156,683,42,0.035812485963106155,1.5361071257771404
04,157,683,42,0.036307599395513535,1.7265833162533308
04,158,683,42,0.03741949424147606,1.9170595067295213
04,159,683,42,0.0359920971095562,2.1075356972057118
04,160,683,42,0.036839559674263,2.202773792443807
04,161,683,42,0.03720218315720558,2.2980118876819025
04,162,683,42,0.03707730770111084,2.393249982919998
04,163,683,42,0.03736303374171257,2.4884880781580927
04,164,683,42,0.03723105043172836,2.583726173396188
04,165,683,42,0.03637271746993065,2.6789642686342834
04,166,683,42,0.03612901642918587,2.7742023638723787
04,167,683,46,0.0367153137922287,1.5254492040718732
04,168,683,46,0.03583185747265816,1.362301017968163
04,169,683,46,0.036264825612306595,1.2264808362369328
04,170,683,46,0.036147382110357285,1.1179886588781844
04,171,683,46,0.03672270104289055,1.0368244858919173
04,172,683,48,0.035790953785181046,1.8924643027942882
04,173,683,48,0.03713728114962578,1.6340780214524826
04,174,683,48,0.037157610058784485,1.403839584614331
04,175,683,51,0.037089500576257706,3.8924643027942882
04,176,683,51,0.036764323711395264,3.49122087859534
04,177,683,51,0.037369050085544586,3.1173054587688718
04,178,683,51,0.0382867269217968,2.770718043314885
04,179,683,51,0.03915897756814957,2.45145863223338
04,180,683,56,0.039056308567523956,6.511511921841906
04,181,683,56,0.03721385449171066,5.87217325954772
04,182,683,56,0.0382249616086483,5.260162601626014
04,183,683,56,0.03753527253866196,4.67547994807679
04,184,683,56,0.03884967416524887,4.118125298900047
04,185,683,56,0.03859146684408188,3.5880986540957838
04,186,683,56,0.03889850154519081,3.085400013664001
04,187,683,56,0.03888830915093422,2.6100293776046986
04,188,683,56,0.03882002830505371,2.352462936394068
04,189,683,56,0.03839164972305298,2.122224499555919
04,190,683,56,0.03718859329819679,1.9193140670902504
04,191,683,56,0.038284026086330414,1.7437316389970619
04,192,683,56,0.039623744785785675,1.5954772152763534
04,193,683,56,0.037418242543935776,1.5855024936803976
04,194,683,56,0.042208682745695114,1.6301837808294035
04,195,683,56,0.04675465077161789,1.7295210767233726
04,196,683,56,0.045915450900793076,1.928673908587826
04,197,683,56,0.048334136605262756,2.1551547448247597
04,198,683,56,0.05094129219651222,2.393249982919998
04,199,683,58,0.04863927140831947,1.4156589465054317
04,200,683,60,0.04661339893937111,1.4302111088337779
04,201,683,60,0.052601415663957596,1.2670629227300676
04,202,683,60,0.04679160565137863,1.1312427409988377
04,203,683,60,0.049056731164455414,1.022750563640089
04,204,683,61,0.04891559109091759,1.1785201885632308
04,205,683,61,0.04772651195526123,1.0091548814647815
04,206,683,61,0.04773034155368805,0.8944455831112925
04,207,683,61,0.048227373510599136,0.8343922935027653
04,208,683,61,0.04826679825782776,0.8149210903873729
04,209,683,61,0.04793442040681839,0.8227778916444621
04,210,683,61,0.04991636052727699,0.8728564596570335
04,211,683,61,0.04880905896425247,0.9626972740315632
04,212,683,63,0.04785211756825447,1.121404659424744
04,213,683,63,0.04637449234724045,0.9404249504679915
04,214,683,63,0.046074241399765015,0.8414292546286795
04,215,683,64,0.0454532727599144,1.0332035253125642
04,216,683,64,0.04376675561070442,0.7921705267472845
04,217,683,64,0.040859539061784744,0.6604495456719268
04,218,683,64,0.04091712832450867,0.6364009018241428
04,219,683,64,0.04176696017384529,0.6802623488419736
04,220,683,64,0.04270383343100548,0.8740178998428628
04,221,683,64,0.04328940808773041,1.024731843957095
04,222,683,64,0.04362698271870613,1.202773792443807
04,223,683,66,0.043033111840486526,0.6141285782605709
04,224,683,66,0.04218687117099762,0.5238095238095232
04,225,683,66,0.045613907277584076,0.49272391883582756
04,226,683,66,0.04206153005361557,0.5287285645965706
04,227,683,66,0.0409867987036705,0.6193892191022754
04,228,683,67,0.04419756680727005,0.4948418391746942
04,229,683,67,0.04458024352788925,0.4840472774475633
04,230,683,67,0.0422891266644001,0.5552367288378758
04,231,683,67,0.04102727025747299,0.7084101933456302
04,232,683,67,0.0379658006131649,0.9294937487189996
04,233,683,70,0.041303087025880814,1.7496071599371459
04,234,683,70,0.04050547257065773,1.4436018309762928
04,235,683,70,0.042062610387802124,1.1649245063879212
04,236,683,70,0.043375249952077866,0.9611942337910775
04,237,683,70,0.04326985031366348,0.7864316458290627
04,238,683,75,0.043851256370544434,4.9877023980323845
04,239,683,75,0.04273008555173874,4.491220878595341
04,240,683,75,0.04251817241311073,4.022067363530779
04,241,683,75,0.04374391585588455,3.5802418528386966
04,242,683,75,0.043567825108766556,3.165744346519095
04,243,683,75,0.04296305775642395,2.778574844571975
04,244,683,75,0.04120681807398796,2.5139714422354302
04,245,683,75,0.04352223873138428,2.2766960442713673
04,246,683,75,0.04300743713974953,2.0667486506797843
04,247,683,75,0.043573133647441864,1.8841292614606817
04,248,683,75,0.0454341322183609,1.7288378766140606
04,249,683,75,0.044059645384550095,1.6484935437589674
04,250,683,75,0.04251496493816376,1.5954772152763543
04,251,683,75,0.04148394241929054,1.5855024936803996
04,252,683,75,0.041127029806375504,1.6301837808294057
04,253,683,75,0.04151239991188049,1.729521076723372
04,254,683,75,0.04371180757880211,1.9286739085878253
04,255,683,75,0.04339483752846718,2.1551547448247588
04,256,683,75,0.04368757829070091,2.393249982919997
04,257,683,75,0.04305259883403778,2.631345221015235
04,258,683,75,0.044565342366695404,2.869440459110473
04,259,683,75,0.042744603008031845,2.869440459110473
04,260,683,75,0.044035688042640686,2.869440459110473
04,261,683,75,0.045044198632240295,2.869440459110473
04,262,683,75,0.04282977432012558,2.869440459110473
04,263,683,75,0.04138973355293274,2.869440459110473
04,264,683,75,0.04142216593027115,2.869440459110473
04,265,683,75,0.041864290833473206,2.869440459110473
04,266,683,75,0.04139690473675728,2.869440459110473
04,267,683,75,0.041488926857709885,2.869440459110473
04,268,683,75,0.041334982961416245,2.869440459110473
04,269,683,75,0.0429295189678669,2.869440459110473
04,270,683,75,0.040374815464019775,2.869440459110473
04,271,683,75,0.04106726124882698,2.869440459110473
04,272,683,75,0.04162855073809624,2.869440459110473
04,273,683,75,0.043073173612356186,2.869440459110473
04,274,683,75,0.04248572140932083,2.869440459110473
04,275,683,75,0.04068702086806297,2.869440459110473
04,276,683,75,0.04203692823648453,2.869440459110473
04,277,683,82,0.04219280183315277,3.7972262075561938
04,278,683,82,0.04111432656645775,3.4912208785953402
04,279,683,82,0.042115435004234314,3.212543554006969
04,280,683,82,0.043764226138591766,2.9611942337910775
04,281,683,82,0.04310460016131401,2.7371729179476665
04,282,683,84,0.04022708907723427,4.035321445651432
04,283,683,84,0.0412619486451149,3.6340780214524835
04,284,683,84,0.04100789874792099,3.2609824417571915
04,285,683,84,0.042824503034353256,2.94254287080686
04,286,683,84,0.04141349717974663,2.678759308601489
04,287,683,84,0.04158351570367813,2.4696317551410814
04,288,683,84,0.04249247908592224,2.315160210425634
04,289,683,84,0.04104828089475632,2.2145248343239734
04,290,683,84,0.0422438345849514,2.141217462594794
04,291,683,84,0.04161297157406807,2.0952380952380953
04,292,683,84,0.04328201338648796,2.0765867322538765
04,293,683,84,0.04244079068303108,2.0852633736421393
04,294,683,84,0.04309255629777908,2.1212680194028826
04,295,683,84,0.04282231256365776,2.184600669536107
04,296,683,84,0.044310446828603745,2.275261324041812
04,297,683,84,0.04218166694045067,2.393249982919997
04,298,683,84,0.043237682431936264,2.4884880781580923
04,299,683,84,0.04426911473274231,2.5837261733961876
04,300,683,84,0.046656738966703415,2.6789642686342825
04,301,683,84,0.04624547064304352,2.774202363872378
04,302,683,84,0.04400046169757843,2.869440459110473
04,303,683,84,0.04484104737639427,2.869440459110473
04,304,683,84,0.043918974697589874,2.869440459110473
04,305,683,86,0.04407525062561035,1.5336476053836174
04,306,683,86,0.04724340885877609,1.4657375145180023
04,307,683,86,0.047115013003349304,1.4251554280248688
04,308,683,86,0.046989452093839645,1.4119013459042156
04,309,683,86,0.04716094583272934,1.4259752681560425
04,310,683,86,0.04353431984782219,1.4673771947803511
04,311,683,86,0.04453039914369583,1.5361071257771397
04,312,683,89,0.04471229016780853,1.3549224567875937
04,313,683,93,0.0445152185857296,4.797226207556194
04,314,683,93,0.0473397932946682,4.395982783357245
04,315,683,93,0.04730784520506859,4.022067363530779
04,316,683,93,0.04709487035870552,3.675479948076792
04,317,683,93,0.046434592455625534,3.3562205369952856
04,318,683,96,0.046421345323324203,5.511511921841908
04,319,683,96,0.04537997394800186,4.967411354785817
04,320,683,96,0.04593567177653313,4.450638792102207
04,321,683,96,0.046269286423921585,3.9611942337910775
04,322,683,96,0.04800468683242798,3.4990776798524283
04,323,683,96,0.04404670000076294,3.0642891302862605
04,324,683,96,0.045897141098976135,2.671722347475575
04,325,683,96,0.044978514313697815,2.3338115734098515
04,326,683,96,0.04579191282391548,2.1457949033271846
04,327,683,96,0.043578602373600006,2.012434241989478
04,328,683,96,0.04357633739709854,1.9337295893967337
04,329,683,96,0.04303905367851257,1.8947871831659489
04,330,683,96,0.04646526649594307,1.8831727813076444
04,331,683,100,0.04521593451499939,2.4638928742228603
04,332,683,100,0.04481210187077522,1.8261938921910226
04,333,683,100,0.04430472478270531,1.3860080617612893
04,334,683,100,0.043847277760505676,1.1909544305527084
04,335,683,100,0.0455838181078434,1.050556808089088
04,336,683,111,0.04559649899601936,10.749607159937147
04,337,683,111,0.0472903847694397,9.91979230716677
04,338,683,111,0.048855893313884735,9.117305458768874
04,339,683,111,0.04557357728481293,8.485003757600603
04,340,683,111,0.04726966843008995,7.880030060804809
04,341,683,111,0.04685138911008835,7.302384368381499
04,342,683,111,0.04670704901218414,6.752066680330668
04,343,683,111,0.04554038494825363,6.229076996652318
04,344,683,111,0.04651159793138504,5.733415317346451
04,345,683,111,0.04715949296951294,5.265081642413063
04,346,683,111,0.046665605157613754,4.824075971852156
04,347,683,111,0.048553016036748886,4.410398305663729
04,348,683,111,0.04551401734352112,4.024048643847783
04,349,683,111,0.045257728546857834,3.665026986404318
04,350,683,111,0.0439005121588707,3.3333333333333335
04,351,683,111,0.04696428030729294,3.028967684634829
04,352,683,111,0.044632792472839355,2.9424062307849965
04,353,683,111,0.04606863483786583,2.8831727813076444
04,354,683,111,0.04471980407834053,2.8512673362027736
04,355,683,111,0.04632416367530823,2.846689895470383
04,356,683,111,0.04618360847234726,2.869440459110473
04,357,683,111,0.046283651143312454,2.869440459110473
04,358,683,111,0.047200337052345276,2.869440459110473
04,359,683,111,0.04709431901574135,2.869440459110473
04,360,683,111,0.04516700655221939,2.869440459110473
04,361,683,111,0.04308455437421799,2.869440459110473
04,362,683,111,0.04386742785573006,2.869440459110473
04,363,683,111,0.044091738760471344,2.869440459110473
04,364,683,111,0.043748948723077774,2.869440459110473
04,365,683,111,0.04545845091342926,2.869440459110473
04,366,683,111,0.04544824734330177,2.869440459110473
04,367,683,111,0.047972261905670166,2.869440459110473
04,368,683,111,0.04845709726214409,2.869440459110473
04,369,683,111,0.04944966360926628,2.869440459110473
04,370,683,116,0.04959709942340851,2.0215891234542602
04,371,683,116,0.05092145875096321,1.8108218897315025
04,372,683,116,0.04755347967147827,1.6273826603812263
04,373,683,116,0.046974822878837585,1.47127143540343
04,374,683,116,0.048847299069166183,1.342488214798114
04,375,683,116,0.05431337654590607,1.2410329985652797
04,376,683,116,0.05439474433660507,1.1669057867049257
04,377,683,116,0.049717362970113754,1.120106579217053
04,378,683,116,0.046131785959005356,1.1006353761016607
04,379,683,116,0.04395512118935585,1.1084921773587486
04,380,683,116,0.04431730508804321,1.143676982988318
04,381,683,116,0.04458994045853615,1.2061897929903675
04,382,683,116,0.043932780623435974,1.2960306073648973
04,383,683,116,0.04323282837867737,1.4131994261119085
04,384,683,116,0.04536672681570053,1.5576962492314002
04,385,683,116,0.04851415380835533,1.729521076723372
04,386,683,116,0.04626091197133064,1.9286739085878253
04,387,683,116,0.04776555672287941,2.1551547448247588
04,388,683,116,0.045546747744083405,2.393249982919997
04,389,683,116,0.045107483863830566,2.631345221015235
04,390,683,116,0.04856911301612854,2.869440459110473
04,391,683,116,0.046524155884981155,2.869440459110473
04,392,683,116,0.04597426578402519,2.869440459110473
04,393,683,116,0.047230057418346405,2.869440459110473
04,394,683,116,0.045718833804130554,2.869440459110473
04,395,683,116,0.045878056436777115,2.869440459110473
04,396,683,116,0.0462462343275547,2.869440459110473
04,397,683,116,0.04631635174155235,2.869440459110473
04,398,683,116,0.04565012454986572,2.869440459110473
04,399,683,116,0.04487525299191475,2.869440459110473
04,400,683,116,0.04496777430176735,2.869440459110473
04,401,683,116,0.04582590609788895,2.869440459110473
04,402,683,116,0.046691134572029114,2.869440459110473
04,403,683,116,0.04722961410880089,2.869440459110473
04,404,683,116,0.04614175856113434,2.869440459110473
04,405,683,116,0.0480608232319355,2.869440459110473
04,406,683,116,0.04827035591006279,2.869440459110473
04,407,683,116,0.04906821995973587,2.869440459110473
04,408,683,116,0.05056099221110344,2.869440459110473
04,409,683,116,0.048339396715164185,2.869440459110473
04,410,683,116,0.047506511211395264,2.869440459110473
04,411,683,116,0.04833829775452614,2.869440459110473
04,412,683,116,0.04787595942616463,2.869440459110473
04,413,683,116,0.047853220254182816,2.869440459110473
04,414,683,116,0.04712439328432083,2.869440459110473
04,415,683,116,0.04727305471897125,2.869440459110473
04,416,683,116,0.047870419919490814,2.869440459110473
04,417,683,116,0.049102600663900375,2.869440459110473
04,418,683,116,0.0501394160091877,2.869440459110473
04,419,683,116,0.04949840530753136,2.869440459110473
04,420,683,116,0.04697016626596451,2.869440459110473
04,421,683,116,0.0481746532022953,2.869440459110473
04,422,683,116,0.04619831219315529,2.869440459110473
04,423,683,116,0.04606888070702553,2.869440459110473
04,424,683,116,0.04392077773809433,2.869440459110473
04,425,683,118,0.052059728652238846,1.5336476053836174
04,426,683,118,0.052430205047130585,1.4657375145180023
04,427,683,118,0.051666323095560074,1.4251554280248688
04,428,683,120,0.05307098105549812,1.2397349183575868
04,429,683,120,0.049335021525621414,1.0765867322538765
04,430,683,120,0.04522215202450752,0.9407665505226478
04,431,683,121,0.04364887997508049,1.1644462663114032
04,432,683,121,0.042186204344034195,0.9677529548404723
04,433,683,121,0.042225755751132965,0.8257156521145045
04,434,683,121,0.0429370142519474,0.7383343581334971
04,435,683,122,0.04357430338859558,1.0502152080344336
04,436,683,122,0.04194116219878197,0.8613786978205918
04,437,683,122,0.04409649223089218,0.7545262007241921
04,438,683,122,0.04285750910639763,0.7288378766140605
04,439,683,123,0.04497366398572922,0.9027806244449004
04,440,683,123,0.04728112369775772,0.7358748377399733
04,441,683,123,0.04840087890625,0.6782810685249713
04,442,683,122,0.04959835112094879,1.2641251622600254
04,443,683,125,0.05288310721516609,1.4638928742228603
04,444,683,125,0.05073762312531471,1.0626494500239119
04,445,683,125,0.04742203652858734,0.6903737104597938
04,446,683,125,0.0495007187128067,0.4994192799070853
04,447,683,125,0.04757901653647423,0.4451048712167792
04,448,683,125,0.04261457920074463,0.527430484388877
04,449,683,125,0.045031290501356125,0.7257634761221552
04,450,683,125,0.0391816608607769,0.9365307098449132
04,451,683,125,0.04136406257748604,1.147297943567671
04,452,683,125,0.03747526928782463,1.3104461296713799
04,453,683,125,0.036152809858322144,1.4884880781580923
04,454,683,127,0.03228367120027542,0.5925394548063139
04,455,683,127,0.030928265303373337,0.5982783357245337
04,456,683,128,0.03464886173605919,0.7810343649654986
04,457,683,128,0.03544798493385315,0.635239461638314
04,458,683,129,0.035894956439733505,1.0659288105486093
04,459,683,129,0.03436731547117233,0.8162191705950667
04,460,683,129,0.03477806597948074,0.6828585092573589
04,461,683,129,0.0341622456908226,0.6323017011682723
04,462,683,130,0.03495490550994873,0.8700553392088554
04,463,683,130,0.03477340191602707,0.6290223406435755
04,464,683,132,0.034484751522541046,2.08294049327048
04,465,683,132,0.03504985198378563,1.7769351643096267
04,466,683,132,0.03462120518088341,1.4982578397212538
04,467,683,132,0.0342855341732502,1.246908519505364
04,468,683,133,0.033150605857372284,1.716062034569926
04,469,683,136,0.03335926681756973,4.178178588508574
04,470,683,136,0.03306899592280388,3.681697069071531
04,471,683,136,0.032558511942625046,3.2125435540069676
04,472,683,136,0.03220628201961517,2.7707180433148872
04,473,683,136,0.03235370293259621,2.356220536995287
04,474,683,136,0.032048944383859634,1.9690510350481667
04,475,683,136,0.03063245490193367,1.704447632711622
04,476,683,136,0.031803201884031296,1.4671722347475575
04,477,683,136,0.03116055577993393,1.304843888775021
04,478,683,136,0.03224913030862808,1.1714832274373175
04,479,683,138,0.03089332953095436,1.6787593086014891
04,480,683,138,0.03273134306073189,1.387647742023638
04,481,683,138,0.03350195661187172,1.1511921841907473
04,482,683,138,0.03424045816063881,0.9693926351028197
04,483,683,138,0.034657008945941925,0.8898681423789028
04,484,683,138,0.03401242196559906,0.8649996583999463
04,485,683,138,0.03500688076019287,0.9900252784040455
04,486,683,138,0.033419955521821976,1.184600669536107
04,487,683,138,0.03525249660015106,1.4181184668989535
04,488,683,146,0.034845929592847824,5.940083350413336
04,489,683,146,0.034403201192617416,5.3483637357381975
04,490,683,146,0.03389093652367592,4.926829268292682
04,491,683,146,0.034112028777599335,4.532622805219649
04,492,683,146,0.0336429625749588,4.165744346519096
04,493,683,146,0.033923760056495667,3.8261938921910237
04,494,683,146,0.033211883157491684,3.5139714422354316
04,495,683,146,0.033226415514945984,3.2290769966523194
04,496,683,146,0.03392226621508598,2.9715105554416876
04,497,683,146,0.033440958708524704,2.741272118603539
04,498,683,146,0.03329486772418022,2.53836168613787
04,499,683,146,0.03321313112974167,2.3627792580446814
04,500,683,146,0.034080203622579575,2.3097629295620683
04,501,683,146,0.034044891595840454,2.2840746054519356
04,502,683,146,0.030842581763863564,2.2857142857142856
04,503,683,146,0.03088267706334591,2.314681970349116
04,504,683,146,0.03179474174976349,2.3709776593564262
04,505,683,146,0.03357519209384918,2.454601352736217
04,506,683,146,0.033252451568841934,2.565553050488488
04,507,683,146,0.032938096672296524,2.703832752613239
04,508,683,146,0.033898212015628815,2.869440459110473
04,509,683,146,0.034199751913547516,2.869440459110473
04,510,683,146,0.03411240503191948,2.869440459110473
04,511,683,146,0.03318203240633011,2.869440459110473
04,512,683,146,0.03462398797273636,2.869440459110473
04,513,683,146,0.036052726209163666,2.869440459110473
04,514,683,146,0.0377761535346508,2.869440459110473
04,515,683,146,0.03821386769413948,2.869440459110473
04,516,683,146,0.035900361835956573,2.869440459110473
04,517,683,146,0.03434355556964874,2.869440459110473
04,518,683,146,0.033573050051927567,2.869440459110473
04,519,683,146,0.03359835967421532,2.869440459110473
04,520,683,149,0.03444380685687065,1.3664002186240347
04,521,683,149,0.03535949066281319,1.250871080139372
04,522,683,155,0.03445602208375931,5.416273826603812
04,523,683,155,0.034646663814783096,5.015030402404864
04,524,683,155,0.033586401492357254,4.641114982578396
04,525,683,155,0.03411811590194702,4.294527567124411
04,526,683,155,0.034478235989809036,3.975268156042906
04,527,683,157,0.03321081027388573,5.178178588508574
04,528,683,157,0.033271897584199905,4.6816970690715305
04,529,683,157,0.032869357615709305,4.213363394138141
04,530,683,157,0.03337659314274788,3.7996857279497145
04,531,683,157,0.032922688871622086,3.440664070506251
04,532,683,157,0.032662175595760345,3.136298421807748
04,533,683,157,0.034050192683935165,2.8865887818542055
04,534,683,157,0.034268513321876526,2.6907153105144497
04,535,683,162,0.03376689553260803,5.749607159937146
04,536,683,162,0.033244308084249496,5.015030402404864
04,537,683,162,0.03300713747739792,4.3077816492450625
04,538,683,162,0.03375503793358803,3.627860900457744
04,539,683,162,0.03405163809657097,2.975268156042906
04,540,683,162,0.03411445394158363,2.350003416000548
04,541,683,162,0.033208321779966354,1.8949238231878125
04,542,683,162,0.03303772583603859,1.4671722347475575
04,543,683,162,0.033381808549165726,1.3524629363940686
04,544,683,162,0.03344829007983208,1.2650816424130626
04,545,683,162,0.033930156379938126,1.2207419553187124
04,546,683,162,0.034243691712617874,1.2310582769693226
04,547,683,162,0.03465145826339722,1.296030607364896
04,548,683,162,0.03288224712014198,1.4131994261119059
04,549,683,162,0.0330403707921505,1.5576962492313988
04,550,683,162,0.0344131775200367,1.729521076723372
04,551,683,162,0.034728050231933594,1.9286739085878253
04,552,683,162,0.03496616706252098,2.1551547448247588
04,553,683,162,0.03580353036522865,2.393249982919997
04,554,683,162,0.03539171814918518,2.631345221015235
04,555,683,162,0.0356600359082222,2.869440459110473
04,556,683,162,0.03402625769376755,2.869440459110473
04,557,683,162,0.03434332460165024,2.869440459110473
04,558,683,165,0.034391991794109344,1.3664002186240347
04,559,683,165,0.034385256469249725,1.250871080139372
04,560,683,165,0.03438781201839447,1.1626699460271896
04,561,683,165,0.03418741747736931,1.10179681628749
04,562,683,172,0.03442588448524475,6.082940493270479
04,563,683,172,0.03449442237615585,5.634078021452483
04,564,683,172,0.03468151018023491,5.212543554006968
04,565,683,172,0.034183748066425323,4.818337090933935
04,566,683,172,0.03388866409659386,4.451458632233382
04,567,683,172,0.03322979807853699,4.11190817790531
04,568,683,172,0.033611226826906204,3.799685727949717
04,569,683,172,0.03299557417631149,3.5147912823666054
04,570,683,172,0.032438501715660095,3.257224841155973
04,571,683,172,0.03143882751464844,3.0269864043178245
04,572,683,172,0.03251011297106743,2.8240759718521558
04,573,683,172,0.03188386559486389,2.6484935437589674
04,574,683,172,0.033041778951883316,2.500239120038259
04,575,683,172,0.03370606526732445,2.379312700690031
04,576,683,172,0.03301142156124115,2.2857142857142856
04,577,683,172,0.03308525308966637,2.2194438751110206
04,578,683,172,0.0332036130130291,2.180501468880236
04,579,683,172,0.03456444665789604,2.311744209879074
04,580,683,172,0.03283718228340149,2.4703149552503927
04,581,683,172,0.03442343324422836,2.6562137049941916
04,582,683,172,0.03375297784805298,2.869440459110473
04,583,683,172,0.03444492071866989,2.869440459110473
04,584,683,172,0.03562042489647865,2.869440459110473
04,585,683,177,0.0360628105700016,2.021589123454259
04,586,683,177,0.03484911471605301,1.8108218897315012
04,587,683,177,0.035901203751564026,1.6273826603812236
04,588,683,177,0.0361776202917099,1.4712714354034286
04,589,683,177,0.03581920638680458,1.342488214798114
04,590,683,177,0.035388730466365814,1.2410329985652797
04,591,683,177,0.03441861644387245,1.1669057867049257
04,592,683,177,0.03477117046713829,1.1201065792170517
04,593,683,177,0.034913621842861176,1.100635376101658
04,594,683,177,0.034876883029937744,1.108492177358747
04,595,683,177,0.03380030021071434,1.1436769829883164
04,596,683,177,0.03530946746468544,1.2061897929903662
04,597,683,177,0.03585248067975044,1.296030607364896
04,598,683,177,0.034632258117198944,1.4131994261119059
04,599,683,177,0.034445032477378845,1.5576962492313988
04,600,683,177,0.03494880720973015,1.729521076723372
04,601,683,177,0.035143736749887466,1.9286739085878253
04,602,683,177,0.03573333099484444,2.1551547448247588
04,603,683,177,0.035756371915340424,2.393249982919997
04,604,683,177,0.03502730280160904,2.631345221015235
04,605,683,177,0.034579500555992126,2.869440459110473
04,606,683,177,0.03383369371294975,2.869440459110473
04,607,683,177,0.03352900967001915,2.869440459110473
04,608,683,177,0.03409459441900253,2.869440459110473
04,609,683,179,0.0347168892621994,1.533647605383616
04,610,683,179,0.03347619250416756,1.465737514518001
04,611,683,179,0.03416382893919945,1.4251554280248662
04,612,683,179,0.03390858322381973,1.4119013459042142
04,613,683,179,0.03375400975346565,1.4259752681560425
04,614,683,179,0.03460247069597244,1.4673771947803511
04,615,683,179,0.03401738032698631,1.5361071257771397
04,616,683,179,0.03384501487016678,1.631345221015235
04,617,683,179,0.0339890755712986,1.7265833162533302
04,618,683,179,0.03423621878027916,1.8218214114914255
04,619,683,179,0.033973537385463715,1.9170595067295206
04,620,683,179,0.034707341343164444,2.012297601967616
04,621,683,179,0.03476371616125107,2.1075356972057113
04,622,683,179,0.03532751649618149,2.2027737924438062
04,623,683,179,0.03407270461320877,2.2980118876819016
04,624,683,179,0.035394493490457535,2.393249982919997
04,625,683,179,0.03552120178937912,2.4884880781580923
04,626,683,179,0.035039011389017105,2.5837261733961876
04,627,683,179,0.03474127873778343,2.6789642686342825
04,628,683,179,0.034591518342494965,2.774202363872378
04,629,683,179,0.034826457500457764,2.869440459110473
04,630,683,179,0.033070314675569534,2.869440459110473
04,631,683,179,0.032205965369939804,2.869440459110473
04,632,683,179,0.03451085463166237,2.869440459110473
04,633,683,182,0.036716267466545105,1.3664002186240347
04,634,683,182,0.03954654559493065,1.250871080139372
04,635,683,182,0.041488248854875565,1.1626699460271896
04,636,683,186,0.04618926718831062,3.368654778984765
04,637,683,186,0.04758109524846077,3.062649450023912
04,638,683,186,0.046367935836315155,2.7839721254355387
04,639,683,186,0.04524826258420944,2.532622805219649
04,640,683,188,0.048477161675691605,3.9400833504133366
04,641,683,188,0.04844844713807106,3.538839926214388
04,642,683,188,0.04650604724884033,3.16492450638792
04,643,683,188,0.0512518584728241,2.819156931065108
04,644,683,188,0.04967043921351433,2.5280453644872574
04,645,683,188,0.048171963542699814,2.291589806654369
04,646,683,189,0.04723256826400757,2.4452415112386428
04,647,683,189,0.04894019290804863,2.107330737172918
04,648,683,189,0.04714707285165787,1.8514039762246333
04,649,683,189,0.04788822680711746,1.6774612283937949
04,650,683,189,0.04875677078962326,1.5714285714285714
04,651,683,191,0.048415184020996094,1.8597390175582431
04,652,683,191,0.048311732709407806,1.3578602172576342
04,653,683,191,0.04853088781237602,0.9114572658331591
04,654,683,191,0.04883374273777008,0.7056090728974487
04,655,683,193,0.04931112751364708,1.7496071599371459
04,656,683,193,0.04917339235544205,1.2531256405001023
04,657,683,193,0.048736050724983215,0.9744483159117294
04,658,683,193,0.04906770586967468,0.7396324383411887
04,659,683,193,0.04827259108424187,0.5868005738880887
04,660,683,193,0.04795011878013611,0.5175924028147847
04,661,683,193,0.04820522293448448,0.5552367288378778
04,662,683,193,0.04860864579677582,0.6740452278472379
04,663,683,193,0.04945005103945732,0.8475097356015583
04,664,683,193,0.05005623400211334,1.0599166495866637
04,665,683,194,0.0492069385945797,0.6090728974516618
04,666,683,194,0.04959249496459961,0.7357381977181111
04,667,683,194,0.04899562895298004,0.8943089430894295
04,668,683,194,0.05040855333209038,1.107535697205711
04,669,683,193,0.05128774419426918,2.2980118876819016
04,670,683,193,0.05044693872332573,2.4884880781580923
04,671,683,193,0.04960818216204643,2.6789642686342825
04,672,683,193,0.0506260059773922,2.774202363872378
04,673,683,193,0.04848925769329071,2.869440459110473
04,674,683,193,0.05006822571158409,2.9646785543485685
04,675,683,193,0.04958132654428482,3.0599166495866634
04,676,683,193,0.05033415928483009,3.0599166495866634
04,677,683,193,0.04937773197889328,3.0599166495866634
04,678,683,193,0.04893762245774269,3.0599166495866634
04,679,683,193,0.04960707575082779,3.0599166495866634
04,680,683,193,0.04858950152993202,3.0599166495866634
04,681,683,193,0.04887406527996063,3.0599166495866634
04,682,683,193,0.04980823025107384,3.0599166495866634
05,35,574,9,0.03847511485219002,1.3623010179681623
05,36,574,9,0.03860422596335411,1.2264808362369335
05,37,574,9,0.038882069289684296,1.117988658878185
05,38,574,9,0.0403117835521698,1.0368244858919167
05,39,574,9,0.03916582837700844,0.98298831727813
05,40,574,9,0.03971368819475174,0.9564801530368234
05,41,574,9,0.041300129145383835,0.9572999931679985
05,42,574,9,0.04009713977575302,0.9854478376716538
05,43,574,9,0.040247440338134766,1.040923686547789
05,44,574,9,0.040577489882707596,1.1237275397964062
05,45,574,9,0.040304046124219894,1.2338593974175034
05,46,574,9,0.0410030260682106,1.3713192594110808
05,47,574,9,0.04040086269378662,1.5361071257771397
05,48,574,9,0.04050914943218231,1.7265833162533302
05,49,574,9,0.038004517555236816,1.9170595067295206
05,50,574,9,0.039342157542705536,2.1075356972057113
05,51,574,9,0.03950671851634979,2.2980118876819016
05,52,574,9,0.03965418040752411,2.4884880781580923
05,53,574,9,0.03977802023291588,2.6789642686342825
05,54,574,9,0.040412239730358124,2.869440459110473
05,55,574,9,0.03908204287290573,2.869440459110473
05,56,574,9,0.03828161582350731,2.869440459110473
05,57,574,9,0.03858287259936333,2.869440459110473
05,58,574,9,0.03847043216228485,2.869440459110473
05,59,574,9,0.03969522938132286,2.869440459110473
05,60,574,15,0.03863520175218582,2.8448452551752412
05,61,574,15,0.039147306233644485,2.5864589738334356
05,62,574,15,0.04012375697493553,2.3554006968641117
05,63,574,15,0.0402986966073513,2.151670424267268
05,64,574,15,0.038949672132730484,1.9752681560429057
05,65,574,15,0.03992348536849022,1.826193892191024
05,66,574,15,0.039295390248298645,1.704447632711622
05,67,574,15,0.03859860077500343,1.6100293776047006
05,68,574,15,0.03838410973548889,1.5429391268702606
05,69,574,15,0.039617788046598434,1.5031768805083008
05,70,574,15,0.03836634010076523,1.4907426385188225
05,71,574,15,0.038359444588422775,1.5056364009018244
05,72,574,17,0.039372269064188004,1.7358748377399733
05,73,574,17,0.03879999369382858,1.5470383275261317
05,74,574,17,0.03901273012161255,1.4128578260572515
05,75,574,17,0.03898166865110397,1.3333333333333333
05,76,574,17,0.03835252672433853,1.308464849354377
05,77,574,17,0.038293544203042984,1.338252374120381
05,78,574,17,0.03736446425318718,1.4226959076313452
05,79,574,17,0.03715088963508606,1.5609756097560976
05,80,574,17,0.03725823760032654,1.7265833162533302
05,81,574,17,0.036949098110198975,1.8218214114914255
05,82,574,17,0.03686635568737984,1.9170595067295206
05,83,574,17,0.037085797637701035,2.012297601967616
05,84,574,17,0.036371223628520966,2.1075356972057113
05,85,574,17,0.03641791269183159,2.2027737924438062
05,86,574,17,0.03730682656168938,2.2980118876819016
05,87,574,25,0.03675323724746704,5.225797636127622
05,88,574,25,0.03673611208796501,4.776935164309626
05,89,574,25,0.03677162528038025,4.355400696864112
05,90,574,25,0.035924527794122696,3.9611942337910775
05,91,574,25,0.036060962826013565,3.594315775090525
05,92,574,25,0.03540351614356041,3.2547653207624525
05,93,574,25,0.03621469438076019,3.0377809660449553
05,94,574,25,0.035431068390607834,2.8481246156999385
05,95,574,25,0.034628480672836304,2.6857962697274034
05,96,574,25,0.035227421671152115,2.5507959281273482
05,97,574,25,0.03603963553905487,2.443123590899775
05,98,574,25,0.036095160990953445,2.3627792580446814
05,99,574,25,0.03633340075612068,2.3097629295620683
05,100,574,27,0.0369233563542366,2.281615085058413
05,101,574,29,0.03642047941684723,3.1321992211518754
05,102,574,29,0.03602057322859764,2.6170663387306146
05,103,574,29,0.03625411540269852,2.1565894650543154
05,104,574,29,0.03689400479197502,1.7507686001229767
05,105,574,29,0.03666770085692406,1.3996037439365996
05,106,574,29,0.03593882918357849,1.1030948964951843
05,107,574,29,0.03624970093369484,0.8620618979299033
05,108,574,31,0.036194588989019394,1.4170936667349863
05,109,574,31,0.03675277903676033,1.186855229896836
05,110,574,31,0.03614191338419914,1.0112728018036474
05,111,574,31,0.03625889867544174,0.8903463824554207
05,112,574,31,0.03679102286696434,0.8240759718521558
05,113,574,31,0.036004096269607544,0.8124615699938512
05,114,574,31,0.035515639930963516,0.8571428571428571
05,115,574,31,0.03634461760520935,0.9813486370157827
05,116,574,31,0.03657035157084465,1.1328824212611883
05,117,574,32,0.036463018506765366,0.7908724465395922
05,118,574,32,0.03730364888906479,0.8574844571975129
05,119,574,32,0.037209074944257736,1.0028011204481795
05,120,574,32,0.03659855201840401,1.2027737924438064
05,121,574,32,0.03637607768177986,1.4408690305390446
05,122,574,32,0.036845628172159195,1.5837261733961874
05,123,574,32,0.03724953159689903,1.7265833162533302
05,124,574,32,0.036773186177015305,1.8694404591104732
05,125,574,32,0.03639916330575943,2.012297601967616
05,126,574,32,0.03647705540060997,2.1551547448247588
05,127,574,32,0.03627732768654823,2.2980118876819016
05,128,574,32,0.03737791255116463,2.4408690305390444
05,129,574,32,0.03637421876192093,2.4884880781580923
05,130,574,32,0.036944471299648285,2.5361071257771397
05,131,574,32,0.03598162159323692,2.5837261733961876
05,132,574,32,0.03774895519018173,2.631345221015235
05,133,574,38,0.03633926436305046,3.035321445651431
05,134,574,38,0.03664294257760048,2.729316116690578
05,135,574,38,0.03619230166077614,2.450638792102205
05,136,574,38,0.03533333167433739,2.1992894718863134
05,137,574,38,0.03576555848121643,1.9752681560429037
05,138,574,46,0.03598558530211449,9.03532144565143
05,139,574,46,0.036321043968200684,8.395982783357244
05,140,574,46,0.03622925654053688,7.783972125435538
05,141,574,46,0.036184877157211304,7.199289471886314
05,142,574,46,0.03482567146420479,6.641934822709571
05,143,574,46,0.03527748957276344,6.111908177905308
05,144,574,46,0.03536737337708473,5.609209537473525
05,145,574,48,0.03605901449918747,6.274236523877842
05,146,574,48,0.036351513117551804,5.567807610849217
05,147,574,48,0.03664606064558029,4.916034706565552
05,148,574,48,0.03689832612872124,4.318917811026848
05,149,574,48,0.03643908351659775,3.7764569242331074
05,150,574,54,0.03706838935613632,8.178178588508572
05,151,574,54,0.03726916387677193,7.157887545262006
05,152,574,54,0.03596319258213043,6.164924506387918
05,153,574,54,0.036299753934144974,5.199289471886313
05,154,574,54,0.03627326339483261,4.546696727471475
05,155,574,54,0.03540028631687164,3.9214319874291172
05,156,574,54,0.03682290390133858,3.323495251759239
05,157,574,54,0.03620196506381035,2.7528865204618413
05,158,574,54,0.03543499484658241,2.2096057935369253
05,159,574,54,0.03595542162656784,2.0746054519368715
05,160,574,54,0.03772115334868431,1.9669331147092979
05,161,574,54,0.03822113201022148,1.8865887818542046
05,162,574,54,0.038349851965904236,1.8335724533715916
05,163,574,54,0.03760569170117378,1.8078841292614602
05,164,574,54,0.036329906433820724,1.8095238095238089
05,165,574,54,0.036843519657850266,1.8384914941586392
05,166,574,54,0.038049861788749695,1.9900252784040449
05,167,574,54,0.038301073014736176,2.168887067021931
05,168,574,54,0.037945665419101715,2.375076860012297
05,169,574,54,0.037885792553424835,2.6085946573751446
05,170,574,54,0.03832808881998062,2.8694404591104736
05,171,574,54,0.03764711692929268,2.8694404591104736
05,172,574,54,0.03765568509697914,2.8694404591104736
05,173,574,54,0.038548871874809265,2.8694404591104736
05,174,574,54,0.03856930509209633,2.8694404591104736
05,175,574,56,0.03818609565496445,1.533647605383618
05,176,574,56,0.038995131850242615,1.465737514518003
05,177,574,56,0.039778899401426315,1.4251554280248682
05,178,574,56,0.039588846266269684,1.411901345904215
05,179,574,56,0.04041421040892601,1.4259752681560431
05,180,574,56,0.04072970524430275,1.4673771947803518
05,181,574,56,0.039319030940532684,1.5361071257771404
05,182,574,56,0.03952254354953766,1.6313452210152357
05,183,574,56,0.03965526074171066,1.7265833162533308
05,184,574,56,0.040144894272089005,1.8218214114914262
05,185,574,56,0.040063899010419846,1.9170595067295213
05,186,574,56,0.04008431360125542,2.0122976019676164
05,187,574,56,0.040994562208652496,2.1075356972057118
05,188,574,56,0.040421873331069946,2.202773792443807
05,189,574,56,0.040510646998882294,2.2980118876819025
05,190,574,56,0.039820101112127304,2.393249982919998
05,191,574,56,0.039778199046850204,2.4884880781580927
05,192,574,56,0.04114125296473503,2.583726173396188
05,193,574,56,0.04000789299607277,2.6789642686342834
05,194,574,56,0.04064739868044853,2.7742023638723787
05,195,574,56,0.04173050820827484,2.8694404591104736
05,196,574,56,0.04013045132160187,2.8694404591104736
05,197,574,56,0.03957695513963699,2.8694404591104736
05,198,574,56,0.03885232284665108,2.8694404591104736
05,199,574,56,0.03937099501490593,2.8694404591104736
05,200,574,56,0.04150208830833435,2.8694404591104736
05,201,574,56,0.043434739112854004,2.8694404591104736
05,202,574,58,0.04474811628460884,1.533647605383618
05,203,574,58,0.04654658958315849,1.465737514518003
05,204,574,58,0.04731941968202591,1.4251554280248682
05,205,574,58,0.048837050795555115,1.411901345904215
05,206,574,58,0.0487370565533638,1.4259752681560431
05,207,574,60,0.04845017194747925,1.049258727881397
05,208,574,60,0.04442092776298523,0.8861105417776868
05,209,574,60,0.043252699077129364,0.7511102001776303
05,210,574,60,0.04534376412630081,0.6707658673225371
05,211,574,60,0.04609004780650139,0.645077543212407
05,212,574,61,0.04470169171690941,0.648493543758968
05,213,574,61,0.045220475643873215,0.5213500034160008
05,214,574,61,0.04453849419951439,0.47619047619047417
05,215,574,61,0.043619632720947266,0.5130149620823923
05,216,574,61,0.04528681933879852,0.6177495388399253
05,217,574,61,0.04390476271510124,0.7771401243424203
05,218,574,61,0.0438794381916523,0.9762929562068736
05,219,574,63,0.04370662197470665,0.7599234815877555
05,220,574,63,0.041240252554416656,0.567329370772697
05,221,574,63,0.04359915107488632,0.484047277447562
05,222,574,63,0.04711928218603134,0.5100772016123519
05,223,574,63,0.05176229774951935,0.6280658604905383
05,224,574,64,0.04637935385107994,0.4612967138074749
05,225,574,64,0.0421781912446022,0.45214183234269273
05,226,574,64,0.04231647402048111,0.550659288105484
05,227,574,64,0.04103235527873039,0.73116075698572
05,228,574,64,0.035754263401031494,0.881874701099952
05,229,574,64,0.03569279983639717,1.0599166495866643
05,230,574,66,0.036914121359586716,0.6849764295962276
05,231,574,66,0.03665890544652939,0.5126733620277352
05,232,574,66,0.03726500645279884,0.44968231194916897
05,233,574,66,0.036254625767469406,0.4459247113479536
05,234,574,67,0.034182000905275345,0.6038122566099607
05,235,574,68,0.0348660908639431,1.2257976361276215
05,236,574,68,0.03466290980577469,0.9197923071667683
05,237,574,68,0.03550150245428085,0.6576484252237474
05,238,574,70,0.0341656468808651,2.130559540889527
05,239,574,70,0.03581489622592926,1.7293161166905786
05,240,574,75,0.03600683435797691,6.130559540889527
05,241,574,75,0.03576158359646797,5.586458973833436
05,242,574,75,0.03782552480697632,5.069686411149826
05,243,574,75,0.036358945071697235,4.580241852838697
05,244,574,75,0.0361785814166069,4.118125298900047
05,245,574,75,0.03516961261630058,3.7309557969529275
05,246,574,75,0.03624647483229637,3.3711142993782874
05,247,574,75,0.03619943931698799,3.038600806176129
05,248,574,75,0.03582677245140076,2.733415317346451
05,249,574,75,0.03659932315349579,2.455557832889253
05,250,574,75,0.03714079409837723,2.2050283528045367
05,251,574,75,0.037427980452775955,2.0770649723303958
05,252,574,75,0.03805888071656227,1.9764295962287353
05,253,574,75,0.03675571829080582,1.903122224499556
05,254,574,75,0.03576914966106415,1.8571428571428572
05,255,574,75,0.03531119227409363,1.886110541777686
05,256,574,75,0.03449033200740814,2.005738880918221
05,257,574,75,0.03487270325422287,2.1800232288037167
05,258,574,75,0.03468260541558266,2.393249982919997
05,259,574,75,0.03436409682035446,2.631345221015235
05,260,574,75,0.03315838426351547,2.869440459110473
05,261,574,75,0.03345106542110443,2.869440459110473
05,262,574,75,0.03387734293937683,2.869440459110473
05,263,574,75,0.03353923186659813,2.869440459110473
05,264,574,75,0.03319321945309639,2.869440459110473
05,265,574,75,0.03286469727754593,2.869440459110473
05,266,574,75,0.03291570022702217,2.869440459110473
05,267,574,75,0.03276591747999191,2.869440459110473
05,268,574,75,0.0331600084900856,2.869440459110473
05,269,574,75,0.03260025754570961,2.869440459110473
05,270,574,75,0.03490927815437317,2.869440459110473
05,271,574,75,0.033690545707941055,2.869440459110473
05,272,574,75,0.03453950956463814,2.869440459110473
05,273,574,75,0.03385743126273155,2.869440459110473
05,274,574,75,0.03553630784153938,2.869440459110473
05,275,574,75,0.03535456582903862,2.869440459110473
05,276,574,75,0.03644327074289322,2.869440459110473
05,277,574,75,0.036514271050691605,2.869440459110473
05,278,574,81,0.03626729175448418,2.8448452551752412
05,279,574,81,0.035897042602300644,2.5864589738334356
05,280,574,81,0.03520258516073227,2.3554006968641117
05,281,574,81,0.03585144877433777,2.151670424267268
05,282,574,81,0.03577868640422821,1.9752681560429044
05,283,574,81,0.03515932336449623,1.8261938921910226
05,284,574,81,0.03499814495444298,1.7044476327116207
05,285,574,81,0.03445284068584442,1.6100293776047006
05,286,574,84,0.03428763523697853,3.4162738266038124
05,287,574,84,0.03403152525424957,3.0150304024048644
05,288,574,84,0.03421321511268616,2.6411149825783973
05,289,574,84,0.03410622105002403,2.309421329507413
05,290,574,84,0.03364105522632599,2.032383685181389
05,291,574,84,0.035385631024837494,1.8100020496003275
05,292,574,84,0.03366696834564209,1.6422764227642268
05,293,574,84,0.03418970853090286,1.529206804673088
05,294,574,84,0.03370051831007004,1.4707931953269107
05,295,574,84,0.032768987119197845,1.4670355947256941
05,296,574,84,0.034459188580513,1.5179340028694404
05,297,574,84,0.03451436758041382,1.6085946573751453
05,298,574,84,0.03364548087120056,1.7265833162533302
05,299,574,84,0.03318740427494049,1.8694404591104732
05,300,574,84,0.03263645991683006,2.012297601967616
05,301,574,84,0.032736148685216904,2.1551547448247588
05,302,574,84,0.03356689587235451,2.2980118876819016
05,303,574,84,0.033520475029945374,2.4408690305390444
05,304,574,88,0.035445306450128555,1.5072760811641732
05,305,574,88,0.034375064074993134,1.3395504543280725
05,306,574,88,0.035152606666088104,1.2264808362369335
05,307,574,88,0.03436530753970146,1.117988658878185
05,308,574,88,0.034439392387866974,1.0368244858919167
05,309,574,88,0.03317765146493912,0.98298831727813
05,310,574,88,0.03388772904872894,0.9564801530368234
05,311,574,88,0.03399447351694107,0.9572999931679985
05,312,574,88,0.03394602611660957,0.9854478376716538
05,313,574,88,0.03553692623972893,1.040923686547789
05,314,574,93,0.03610318899154663,3.7972262075561938
05,315,574,93,0.035891398787498474,3.3959827833572453
05,316,574,93,0.03498080000281334,3.022067363530778
05,317,574,93,0.035782527178525925,2.675479948076792
05,318,574,96,0.03651107847690582,4.940083350413336
05,319,574,96,0.03602152690291405,4.395982783357245
05,320,574,97,0.0352075919508934,4.749607159937146
05,321,574,97,0.035620201379060745,4.157887545262007
05,322,574,97,0.03430654853582382,3.607569857211177
05,323,574,97,0.034436777234077454,3.1119081779053084
05,324,574,97,0.03514762967824936,2.656828585092573
05,325,574,97,0.034583933651447296,2.41955318712851
05,326,574,97,0.0353408120572567,2.209605793536927
05,327,574,97,0.03499109297990799,2.0269864043178245
05,328,574,97,0.03626716136932373,1.873334699733552
05,329,574,97,0.034579791128635406,1.7743390038942402
05,330,574,97,0.03532383218407631,1.72999931679989
05,331,574,97,0.034654274582862854,1.7403156384505014
05,332,574,97,0.03402462229132652,1.8036482885837262
05,333,574,97,0.034405406564474106,1.8943089430894309
05,334,574,97,0.03515491262078285,2.012297601967616
05,335,574,97,0.0348806194961071,2.2027737924438062
05,336,574,97,0.03479006141424179,2.393249982919997
05,337,574,97,0.03561779484152794,2.5837261733961876
05,338,574,97,0.0363435260951519,2.774202363872378
05,339,574,97,0.03609780967235565,2.8218214114914253
05,340,574,97,0.0374169759452343,2.869440459110473
05,341,574,97,0.03689824417233467,2.869440459110473
05,342,574,97,0.03591829538345337,2.869440459110473
05,343,574,97,0.03730865940451622,2.869440459110473
05,344,574,97,0.03815598040819168,2.869440459110473
05,345,574,97,0.03757546842098236,2.869440459110473
05,346,574,97,0.03662092983722687,2.869440459110473
05,347,574,97,0.03797691687941551,2.869440459110473
05,348,574,97,0.037224385887384415,2.869440459110473
05,349,574,97,0.03798506036400795,2.869440459110473
05,350,574,97,0.037223052233457565,2.869440459110473
05,351,574,104,0.03764753043651581,3.7972262075561938
05,352,574,104,0.03704729676246643,3.4912208785953402
05,353,574,104,0.03736228123307228,3.212543554006969
05,354,574,108,0.03821031004190445,6.606750017080005
05,355,574,108,0.037611786276102066,6.110268497642959
05,356,574,108,0.03758237510919571,5.641114982578397
05,357,574,108,0.03817134350538254,5.199289471886315
05,358,574,108,0.039278920739889145,4.784791965566714
05,359,574,104,0.0352744534611702,3.0667486506797843
05,360,574,104,0.040131792426109314,2.979367356698777
05,361,574,104,0.04037805274128914,2.919314067090251
05,362,574,104,0.04713042825460434,2.8865887818542055
05,363,574,104,0.045668985694646835,2.88119150099064
05,364,574,104,0.04532437399029732,2.903122224499556
05,365,574,97,0.04665873572230339,8.48848807815809
05,366,574,97,0.045675620436668396,8.48848807815809
05,367,574,97,0.048833753913640976,8.48848807815809
05,368,574,97,0.05156872794032097,8.48848807815809
05,369,574,97,0.0494450107216835,8.48848807815809
05,370,574,97,0.0541643388569355,8.48848807815809
05,371,574,97,0.053872402757406235,8.48848807815809
05,372,574,97,0.04889315366744995,8.155154744824758
05,373,574,129,0.05029568821191788,22.65436906469905
05,374,574,129,0.05550067871809006,21.491220878595342
05,375,574,129,0.05495263263583183,20.545876887340302
05,376,574,129,0.052740249782800674,19.627860900457748
05,377,574,129,0.0508994422852993,18.737172917947667
05,378,574,129,0.055849429219961166,17.873812939810072
05,379,574,129,0.053396277129650116,17.037780966044952
05,380,574,129,0.04913394898176193,16.03860080617613
05,381,574,129,0.048467282205820084,15.066748650679783
05,382,574,129,0.04049356281757355,14.122224499555918
05,383,574,129,0.03896716237068176,13.205028352804534
05,384,574,129,0.03285501152276993,12.315160210425635
05,385,574,130,0.033805981278419495,11.383890141422423
05,386,574,130,0.03277357667684555,10.099815535970487
05,387,574,130,0.03286592289805412,8.87039693926351
05,388,574,130,0.03444821760058403,7.695634351301497
05,389,574,130,0.03436023369431496,6.561453849832617
05,390,574,130,0.03284429758787155,5.4546013527362165
05,391,574,132,0.034828055649995804,3.6339413814306205
05,392,574,132,0.03480532020330429,2.228940356630455
05,393,574,149,0.034950967878103256,15.606750017080003
05,394,574,149,0.03626637160778046,14.681697069071534
05,395,574,155,0.036375753581523895,19.416273826603813
05,396,574,152,0.03623897582292557,15.634078021452487
05,397,574,152,0.03583747148513794,14.593495934959352
05,398,574,152,0.03612394630908966,13.5802418528387
05,399,574,152,0.03481040522456169,12.594315775090525
05,400,574,152,0.03472418710589409,11.635717701714833
05,401,574,152,0.03488108515739441,10.704447632711622
05,402,574,152,0.03624756634235382,9.80050556808089
05,403,574,152,0.03700583800673485,8.92389150782264
05,404,574,152,0.0370260514318943,8.089499214319874
05,405,574,155,0.03642960265278816,8.594315775090525
05,406,574,155,0.03679105266928673,7.458495593359295
05,407,574,155,0.03596847131848335,6.364897178383547
05,408,574,155,0.03605080395936966,5.3259547721527625
05,409,574,155,0.036297500133514404,4.3416683746669404
05,410,574,155,0.03525795787572861,3.412037985926079
05,411,574,155,0.03478921577334404,2.5370636059301783
05,412,574,155,0.03621218353509903,1.8119833299173334
05,413,574,155,0.036035433411598206,1.1415590626494485
05,414,574,155,0.03369571268558502,1.3353146136503364
05,415,574,155,0.033522892743349075,1.5837261733961874
05,416,574,155,0.03445091098546982,1.5837261733961874
05,417,574,155,0.0352233462035656,1.7265833162533302
05,418,574,155,0.035014718770980835,1.8694404591104732
05,419,574,155,0.03475291654467583,2.012297601967616
05,420,574,155,0.033800799399614334,2.1551547448247588
05,421,574,155,0.03354335203766823,2.2980118876819016
05,422,574,155,0.03558303788304329,2.4408690305390444
05,423,574,155,0.036437731236219406,2.5837261733961876
05,424,574,155,0.03553426265716553,2.7265833162533304
05,425,574,155,0.0353231206536293,2.869440459110473
05,426,574,155,0.03596380725502968,2.869440459110473
05,427,574,155,0.03743429481983185,2.869440459110473
05,428,574,155,0.037181541323661804,2.869440459110473
05,429,574,155,0.03794658184051514,2.869440459110473
05,430,574,155,0.036803074181079865,2.869440459110473
05,431,574,155,0.035718392580747604,2.869440459110473
05,432,574,159,0.0342775322496891,1.525449204071874
05,433,574,159,0.034668244421482086,1.3623010179681636
05,434,574,162,0.03442061319947243,3.4162738266038124
05,435,574,162,0.03519115597009659,3.1102684976429593
05,436,574,162,0.03491988778114319,2.8315911730545866
05,437,574,162,0.03530055284500122,2.5802418528386966
05,438,574,162,0.035762712359428406,2.356220536995287
05,439,574,162,0.0366547517478466,2.159527225524357
05,440,574,162,0.037768229842185974,1.9901619184259078
05,441,574,162,0.03768109530210495,1.8481246156999387
05,442,574,164,0.03685692697763443,2.6833367493338782
05,443,574,164,0.03705157712101936,2.3375691740110667
05,444,574,164,0.03663746640086174,2.0464576074332155
05,445,574,164,0.038165364414453506,1.8100020496003275
05,446,574,164,0.03595228120684624,1.6282025005124
05,447,574,164,0.03668815270066261,1.5010589601694326
05,448,574,164,0.034895651042461395,1.4285714285714286
05,449,574,164,0.035680364817380905,1.4099200655872113
05,450,574,164,0.03614892438054085,1.4343103094896497
05,451,574,164,0.03671823814511299,1.5133565621370486
05,452,574,164,0.03770121932029724,1.631345221015235
05,453,574,164,0.03747262433171272,1.8694404591104732
05,454,574,164,0.035624079406261444,2.1075356972057113
05,455,574,164,0.03606881573796272,2.2027737924438062
05,456,574,164,0.03671026974916458,2.2980118876819016
05,457,574,164,0.03682129457592964,2.393249982919997
05,458,574,164,0.038101695477962494,2.4884880781580923
05,459,574,171,0.034678153693675995,4.082940493270479
05,460,574,171,0.03534344211220741,3.681697069071531
05,461,574,171,0.0353396013379097,3.307781649245063
05,462,574,171,0.03475818783044815,2.9611942337910775
05,463,574,171,0.03507458418607712,2.737172917947668
05,464,574,171,0.035072214901447296,2.540479606476738
05,465,574,171,0.03467649221420288,2.3711142993782888
05,466,574,171,0.03532186523079872,2.2290769966523194
05,467,574,171,0.035012390464544296,2.1143676982988304
05,468,574,171,0.03610256686806679,2.0269864043178245
05,469,574,171,0.03571473807096481,1.9669331147092985
05,470,574,173,0.03694240003824234,2.31270069003211
05,471,574,173,0.036813441663980484,2.0489171278267393
05,472,574,173,0.03564468398690224,1.8397895743663288
05,473,574,173,0.035593487322330475,1.685318029650884
05,474,574,173,0.03631361573934555,1.5855024936803996
05,475,574,173,0.03707730770111084,1.5403429664548758
05,476,574,173,0.03660507872700691,1.5498394479743123
05,477,574,173,0.03683820366859436,1.6131720981075357
05,478,574,173,0.03692493215203285,1.703832752613239
05,479,574,173,0.03617458418011665,1.8218214114914255
05,480,574,173,0.03604855388402939,1.9170595067295206
05,481,574,173,0.0351773239672184,2.012297601967616
05,482,574,175,0.036174122244119644,0.797431167588987
05,483,574,175,0.03706245869398117,0.7990708478513343
05,484,574,177,0.03662336617708206,1.3226754116280675
05,485,574,177,0.037541307508945465,1.0932568149210922
05,486,574,177,0.03736089915037155,0.9184942269590773
05,487,574,177,0.03868168964982033,0.7983876477420256
05,488,574,177,0.03773590177297592,0.7329370772699344
05,489,574,177,0.0365181602537632,0.7229623556739772
05,490,574,177,0.03719058632850647,0.7949716471954632
05,491,574,177,0.036486390978097916,0.8504474960716001
05,492,574,177,0.03635692596435547,0.933251349320217
05,493,574,177,0.03656868264079094,1.0433832069413143
05,494,574,177,0.036510538309812546,1.1808430689348917
05,495,574,177,0.03649640455842018,1.3456309353009492
05,496,574,177,0.036378517746925354,1.5361071257771397
05,497,574,177,0.036339979618787766,1.7265833162533302
05,498,574,177,0.035747043788433075,1.9170595067295206
05,499,574,177,0.036802008748054504,2.1075356972057113
05,500,574,177,0.03613130375742912,2.2980118876819016
05,501,574,177,0.03658512607216835,2.4884880781580923
05,502,574,177,0.03661894053220749,2.6789642686342825
05,503,574,177,0.03553420677781105,2.774202363872378
05,504,574,177,0.03577215224504471,2.869440459110473
05,505,574,177,0.03596746549010277,2.869440459110473
05,506,574,177,0.03605268523097038,2.869440459110473
05,507,574,177,0.035989753901958466,2.869440459110473
05,508,574,177,0.036514248698949814,2.869440459110473
05,509,574,177,0.036251138895750046,2.869440459110473
05,510,574,177,0.036198705434799194,2.869440459110473
05,511,574,177,0.03619576245546341,2.869440459110473
05,512,574,177,0.035911500453948975,2.869440459110473
05,513,574,177,0.03626413643360138,2.869440459110473
05,514,574,177,0.03609808161854744,2.869440459110473
05,515,574,177,0.0361662283539772,2.869440459110473
05,516,574,177,0.03660335764288902,2.869440459110473
05,517,574,177,0.03753085061907768,2.869440459110473
05,518,574,177,0.03661631420254707,2.869440459110473
05,519,574,177,0.03691263124346733,2.869440459110473
05,520,574,177,0.03771296143531799,2.869440459110473
05,521,574,177,0.037550993263721466,2.869440459110473
05,522,574,177,0.03612235188484192,2.869440459110473
05,523,574,177,0.03642822057008743,2.869440459110473
05,524,574,177,0.037229739129543304,2.869440459110473
05,525,574,177,0.03701070696115494,2.869440459110473
05,526,574,177,0.03728403151035309,2.869440459110473
05,527,574,177,0.03960549831390381,2.869440459110473
05,528,574,177,0.04078632965683937,2.869440459110473
05,529,574,185,0.041693225502967834,4.749607159937146
05,530,574,185,0.042220208793878555,4.395982783357245
05,531,574,186,0.04652876406908035,4.940083350413336
05,532,574,186,0.05026817321777344,4.538839926214388
05,533,574,186,0.04856204614043236,4.178998428639749
05,534,574,186,0.05028192698955536,3.8738129398100716
05,535,574,188,0.05329882726073265,5.130559540889527
05,536,574,188,0.051765330135822296,4.634078021452483
05,537,574,188,0.049209848046302795,4.16492450638792
05,538,574,188,0.045396625995635986,3.723918835827013
05,539,574,189,0.04638206586241722,4.001776320284212
05,540,574,190,0.04512590914964676,4.368654778984765
05,541,574,190,0.04596992954611778,3.7769351643096263
05,542,574,191,0.04520990327000618,4.082940493270479
05,543,574,191,0.04457293823361397,3.443601830976293
05,544,574,191,0.04371396452188492,2.8456650953064146
05,545,574,191,0.04501750320196152,2.3023843683815
05,546,574,191,0.044066380709409714,1.815399330463893
05,547,574,191,0.04357658699154854,1.4095784655325527
05,548,574,191,0.04433440789580345,1.0584136093461758
05,549,574,192,0.04429962486028671,0.6741818678691002
05,550,574,192,0.04354671388864517,0.5900799344127915
05,551,574,192,0.0442192368209362,0.6003962560634017
05,552,574,192,0.04393444210290909,0.7403156384505029
05,553,574,193,0.04382679983973503,0.5035184805629564
05,554,574,193,0.043814416974782944,0.5014005602240884
05,555,574,194,0.04487248882651329,0.5259274441483919
05,556,574,194,0.044679947197437286,0.4198947871831657
05,557,574,194,0.044213082641363144,0.42563366810138414
05,558,574,194,0.04410582035779953,0.5522989683678334
05,559,574,194,0.04388333112001419,0.7742023638723778
05,560,574,194,0.04401163011789322,1.012297601967616
05,561,574,196,0.043453946709632874,0.7607433217189298
05,562,574,196,0.043263405561447144,0.5735464917674368
05,563,574,196,0.04249602183699608,0.41989478718316303
05,564,574,196,0.041746947914361954,0.36312085809933725
05,565,574,196,0.0429527685046196,0.41565894650543234
05,566,574,196,0.04339057579636574,0.5626152900184463
05,567,574,196,0.04430784285068512,0.7742023638723778
05,568,574,196,0.04398832097649574,1.012297601967616
05,569,574,196,0.04395017400383949,1.2503928400628541
05,570,574,196,0.04321349784731865,1.4408690305390446
05,571,574,196,0.04323901608586311,1.631345221015235
05,572,574,196,0.04362407326698303,1.8218214114914255
05,573,574,196,0.04379045218229294,2.012297601967616
06,35,582,5,0.033940527588129044,2.869440459110473
06,36,582,5,0.03345365449786186,2.869440459110473
06,37,582,5,0.03358403593301773,2.869440459110473
06,38,582,5,0.03359236568212509,2.869440459110473
06,39,582,5,0.032777585089206696,2.869440459110473
06,40,582,5,0.03274925798177719,2.869440459110473
06,41,582,5,0.03264106437563896,2.869440459110473
06,42,582,5,0.03242684155702591,2.869440459110473
06,43,582,5,0.03166840225458145,2.869440459110473
06,44,582,5,0.03231336921453476,2.869440459110473
06,45,582,5,0.032561030238866806,2.869440459110473
06,46,582,5,0.03318025544285774,2.869440459110473
06,47,582,5,0.03364624083042145,2.869440459110473
06,48,582,5,0.03230620548129082,2.869440459110473
06,49,582,7,0.03252458944916725,1.5336476053836174
06,50,582,7,0.03267773985862732,1.4657375145180023
06,51,582,7,0.0327538326382637,1.4251554280248688
06,52,582,7,0.03266982361674309,1.4119013459042156
06,53,582,7,0.03196461871266365,1.4259752681560425
06,54,582,15,0.03189295157790184,6.178178588508574
06,55,582,15,0.032192423939704895,5.729316116690579
06,56,582,15,0.03379744291305542,5.307781649245064
06,57,582,15,0.03457226604223251,4.91357518617203
06,58,582,15,0.032960064709186554,4.546696727471478
06,59,582,15,0.032514188438653946,4.207146273143405
06,60,582,15,0.03314827382564545,3.8949238231878125
06,61,582,15,0.03268463537096977,3.6100293776047003
06,62,582,15,0.03141011297702789,3.35246293639407
06,63,582,15,0.031197069212794304,3.12222449955592
06,64,582,15,0.03129024803638458,2.919314067090251
06,65,582,15,0.03188066929578781,2.7437316389970627
06,66,582,15,0.032360855489969254,2.5954772152763543
06,67,582,15,0.03100082278251648,2.4745507959281277
06,68,582,15,0.031239591538906097,2.380952380952381
06,69,582,15,0.030790988355875015,2.314681970349116
06,70,582,17,0.030067693442106247,1.7970895675343312
06,71,582,17,0.029591675847768784,1.6223269795723165
06,72,582,17,0.03003559075295925,1.5022204003552635
06,73,582,17,0.03005954995751381,1.4367698298831721
06,74,582,17,0.03017186000943184,1.4259752681560425
06,75,582,27,0.029697995632886887,8.082940493270481
06,76,582,27,0.03078785166144371,7.538839926214389
06,77,582,27,0.03051827661693096,7.022067363530779
06,78,582,27,0.03113069385290146,6.532622805219647
06,79,582,27,0.030830372124910355,6.070506251281001
06,80,582,27,0.02980024181306362,5.635717701714833
06,81,582,27,0.030311081558465958,5.2282571565211455
06,82,582,27,0.030477305874228477,4.8481246156999385
06,83,582,27,0.03110508807003498,4.495320079251213
06,84,582,27,0.030227214097976685,4.169843547174968
06,85,582,27,0.03015970066189766,3.871695019471203
06,86,582,27,0.03143089637160301,3.6008744961399195
06,87,582,27,0.030994035303592682,3.357381977181116
06,88,582,27,0.03135266900062561,3.141217462594794
06,89,582,27,0.032664306461811066,2.9523809523809526
06,90,582,27,0.031053993850946426,2.790872446539592
06,91,582,27,0.031063253059983253,2.7519300403088076
06,92,582,27,0.03156359866261482,2.740315638450503
06,93,582,27,0.03184991329908371,2.7560292409646783
06,94,582,27,0.03230386599898338,2.7990708478513358
06,95,582,27,0.0322016216814518,2.869440459110473
06,96,582,27,0.03185296803712845,2.869440459110473
06,97,582,27,0.031441498547792435,2.869440459110473
06,98,582,30,0.03178532421588898,1.3664002186240347
06,99,582,32,0.031239962205290794,1.878731980597116
06,100,582,32,0.031244667246937752,1.6679647468743584
06,101,582,32,0.031716059893369675,1.484525517524082
06,102,582,32,0.03225976601243019,1.3284142925462858
06,103,582,32,0.031889528036117554,1.1996310719409713
06,104,582,32,0.031889840960502625,1.098175855708137
06,105,582,32,0.033225808292627335,1.0248684839789566
06,106,582,32,0.030641932040452957,1.005397280863564
06,107,582,32,0.032038506120443344,1.013254082120652
06,108,582,32,0.0312681682407856,1.0484388877502213
06,109,582,32,0.031544044613838196,1.1109516977522709
06,110,582,32,0.030905697494745255,1.2007925121268006
06,111,582,32,0.03231370449066162,1.317961330873812
06,112,582,32,0.03181983903050423,1.4624581539933037
06,113,582,32,0.03150400146842003,1.6342829814852766
06,114,582,38,0.03193813934922218,3.8924643027942882
06,115,582,38,0.03161788731813431,3.3959827833572445
06,116,582,38,0.03256332874298096,2.926829268292681
06,117,582,38,0.0332704521715641,2.4850037576005994
06,118,582,38,0.03249654173851013,2.070506251280999
06,119,582,38,0.031939513981342316,1.826193892191022
06,120,582,38,0.03368649259209633,1.70444763271162
06,121,582,38,0.03308705985546112,1.6100293776046986
06,122,582,38,0.03237132728099823,1.5429391268702584
06,123,582,40,0.03178630396723747,2.2626221220195397
06,124,582,40,0.031533461064100266,1.9918015986882558
06,125,582,40,0.03179948776960373,1.7756370841019324
06,126,582,40,0.03183888643980026,1.614128578260571
06,127,582,42,0.03217508643865585,2.5591309694609548
06,128,582,40,0.032235488295555115,1.5503176880508296
06,129,582,40,0.03241172060370445,1.5527772084443534
06,130,582,40,0.0323052704334259,1.609072897451664
06,131,582,42,0.03249809145927429,1.2488897998223683
06,132,582,42,0.0334261991083622,0.9937828790052602
06,133,582,42,0.03235658258199692,0.8206599713055941
06,134,582,40,0.03318820893764496,2.393249982919998
06,135,582,40,0.03238067403435707,2.4884880781580927
06,136,582,40,0.031701985746622086,2.583726173396188
06,137,582,40,0.0318327434360981,2.6789642686342834
06,138,582,40,0.03269801661372185,2.7742023638723787
06,139,582,42,0.03298724815249443,1.5071394411423116
06,140,582,40,0.032028038054704666,3.0599166495866643
06,141,582,40,0.032839659601449966,3.1551547448247597
06,142,582,40,0.0325172021985054,3.2503928400628546
06,143,582,40,0.032005228102207184,3.34563093530095
06,144,582,40,0.03208956867456436,3.34563093530095
06,145,582,40,0.031956322491168976,3.34563093530095
06,146,582,40,0.03145040199160576,3.34563093530095
06,147,582,40,0.030968518927693367,3.34563093530095
06,148,582,40,0.032060492783784866,3.2503928400628546
06,149,582,40,0.0320015549659729,3.2503928400628546
06,150,582,40,0.03226863220334053,3.2503928400628546
06,151,582,40,0.03226897120475769,3.2503928400628546
06,152,582,40,0.033256713300943375,3.1551547448247597
06,153,582,40,0.032546740025281906,3.0599166495866643
06,154,582,40,0.032802511006593704,2.964678554348569
06,155,582,40,0.03163736313581467,2.964678554348569
06,156,582,40,0.03158111125230789,2.964678554348569
06,157,582,42,0.03319980204105377,1.6288857006217132
06,158,582,40,0.031183836981654167,3.0599166495866643
06,159,582,40,0.03389294445514679,3.0599166495866643
06,160,582,40,0.03806716203689575,2.964678554348569
06,161,582,40,0.040219224989414215,2.964678554348569
06,162,582,40,0.042446814477443695,2.964678554348569
06,163,582,40,0.045864056795835495,2.964678554348569
06,164,582,40,0.044857338070869446,2.964678554348569
06,165,582,42,0.0459478534758091,1.6288857006217132
06,166,582,44,0.04360518231987953,1.3904488624718194
06,167,582,44,0.04424123838543892,1.2546286807405895
06,168,582,44,0.045420244336128235,1.1461365033818396
06,169,582,44,0.04568957909941673,1.0649723303955714
06,170,582,47,0.04548128321766853,2.8448452551752403
06,171,582,61,0.04523564875125885,15.844845255175235
06,172,582,61,0.043842609971761703,14.872173259547719
06,173,582,61,0.045723192393779755,13.926829268292678
06,174,582,61,0.04469538852572441,13.008813281410122
06,175,582,61,0.04492427408695221,12.118125298900047
06,176,582,61,0.044368524104356766,11.25476532076245
06,177,582,61,0.044806256890296936,10.418733346997335
06,178,582,61,0.044519614428281784,9.705267472842795
06,179,582,61,0.04374431073665619,8.923891507822638
06,180,582,61,0.04480540379881859,8.169843547174967
06,181,582,61,0.04616904631257057,7.4431235908997735
06,182,582,61,0.0470859631896019,6.743731638997061
06,183,582,61,0.04835114628076553,6.07166769146683
06,184,582,63,0.05458402261137962,5.424472227915556
06,185,582,64,0.052101701498031616,4.92553118808499
06,186,582,64,0.05415869504213333,4.029445924711347
06,187,582,64,0.05259289592504501,3.2832547653207613
06,188,582,64,0.05336888134479523,2.605793536926965
06,189,582,64,0.05247797816991806,1.9962423993987826
06,190,582,64,0.05371559038758278,1.441347270615562
06,191,582,64,0.05310031399130821,1.0839652934344457
06,192,582,64,0.05321423336863518,1.1597321855571485
06,193,582,64,0.052878204733133316,1.262827082052333
06,194,582,65,0.05230923742055893,0.7216642754662855
06,195,582,65,0.05332634970545769,0.7638860422217677
06,196,582,65,0.051128506660461426,0.8607638177222116
06,197,582,65,0.0519084595143795,1.0122976019676173
06,198,582,66,0.050210919231176376,0.569310651089704
06,199,582,66,0.05204017832875252,0.6193892191022754
06,200,582,66,0.04584876820445061,0.7514518002322887
06,201,582,66,0.04502088576555252,0.964678554348569
06,202,582,66,0.0476728193461895,1.202773792443807
06,203,582,66,0.047883983701467514,1.4408690305390452
06,204,582,66,0.047057971358299255,1.6789642686342834
06,205,582,66,0.04737342894077301,1.8218214114914262
06,206,582,66,0.04792461544275284,1.9170595067295213
06,207,582,66,0.04609259217977524,2.0122976019676164
06,208,582,66,0.046943604946136475,2.1075356972057118
06,209,582,66,0.04698093608021736,2.202773792443807
06,210,582,66,0.04880738630890846,2.2980118876819025
06,211,582,66,0.04955163598060608,2.393249982919998
06,212,582,93,0.045877620577812195,23.225797636127623
06,213,582,93,0.044551484286785126,21.872173259547726
06,214,582,93,0.04272075742483139,20.545876887340302
06,215,582,93,0.039868369698524475,19.294527567124412
06,216,582,93,0.04065016657114029,18.070506251281
06,217,582,93,0.03981848061084747,16.873812939810072
06,218,582,93,0.04083546996116638,15.70444763271162
06,219,582,93,0.041066206991672516,14.610029377604699
06,220,582,93,0.042846471071243286,13.542939126870259
06,221,582,93,0.046319860965013504,12.503176880508297
06,222,582,93,0.044262826442718506,11.490742638518821
06,223,582,93,0.04379584640264511,10.505636400901823
06,224,582,93,0.04420404136180878,9.547858167657305
06,225,582,93,0.04452020302414894,8.61740793878527
06,226,582,93,0.04497114568948746,7.714285714285713
06,227,582,88,0.0443539023399353,9.21944387511102
06,228,582,88,0.0452163964509964,8.609072897451663
06,229,582,88,0.043170712888240814,8.026029924164787
06,230,582,88,0.04419274255633354,7.470314955250392
06,231,582,93,0.04266346991062164,4.287695566031291
06,232,582,93,0.04441431909799576,3.4392293502766957
06,233,582,93,0.043987374752759933,3.3299173327867737
06,234,582,93,0.0450606606900692,3.22060531529685
06,235,582,93,0.04642974212765694,3.1112932978069265
06,236,582,93,0.046996116638183594,3.0019812803170045
06,237,582,93,0.04708635061979294,2.8926692628270807
06,238,582,93,0.04617190733551979,2.7833572453371587
06,239,582,93,0.04750896245241165,2.6740452278472366
06,240,582,93,0.04940541461110115,2.564733210357313
06,241,582,93,0.04926146939396858,2.455421192867391
06,242,582,93,0.05007173866033554,2.3461091753774688
06,243,582,93,0.04965267702937126,2.236797157887545
06,244,582,93,0.0496428944170475,2.127485140397623
06,245,582,93,0.048765361309051514,2.033886725421876
06,246,582,93,0.04885061830282211,1.96761631481861
06,247,582,93,0.04822436347603798,1.9286739085878253
06,248,582,93,0.047141239047050476,2.1551547448247588
06,249,582,93,0.04711296781897545,2.393249982919997
06,250,582,97,0.047400426119565964,1.597936735669878
06,251,582,97,0.04773757979273796,1.3623010179681623
06,252,582,97,0.045396000146865845,1.2264808362369335
06,253,582,97,0.046519599854946136,1.117988658878185
06,254,582,97,0.04505819082260132,1.0368244858919167
06,255,582,97,0.0459725521504879,0.98298831727813
06,256,582,97,0.04521205648779869,0.9564801530368234
06,257,582,97,0.045466624200344086,0.9572999931679985
06,258,582,97,0.046626150608062744,0.9854478376716538
06,259,582,97,0.047002051025629044,1.040923686547789
06,260,582,97,0.04562884196639061,1.1237275397964062
06,261,582,97,0.04458152502775192,1.2338593974175034
06,262,582,97,0.04588682949542999,1.3713192594110808
06,263,582,97,0.045342087745666504,1.5361071257771397
06,264,582,97,0.04741428792476654,1.7265833162533302
06,265,582,97,0.0472080372273922,1.9170595067295206
06,266,582,97,0.04637281969189644,2.1075356972057113
06,267,582,97,0.045534513890743256,2.2980118876819016
06,268,582,97,0.04546838998794556,2.4884880781580923
06,269,582,97,0.045530904084444046,2.6789642686342825
06,270,582,97,0.04372045025229454,2.869440459110473
06,271,582,97,0.04427490010857582,2.869440459110473
06,272,582,97,0.043106433004140854,2.869440459110473
06,273,582,97,0.04363980516791344,2.869440459110473
06,274,582,97,0.04188283905386925,2.869440459110473
06,275,582,97,0.04122192785143852,2.869440459110473
06,276,582,97,0.041526541113853455,2.869440459110473
06,277,582,97,0.04126986116170883,2.869440459110473
06,278,582,97,0.04162096604704857,2.869440459110473
06,279,582,97,0.04176921769976616,2.869440459110473
06,280,582,97,0.04102898761630058,2.869440459110473
06,281,582,97,0.041805919259786606,2.869440459110473
06,282,582,97,0.04178038239479065,2.869440459110473
06,283,582,97,0.04265296086668968,2.869440459110473
06,284,582,97,0.043584924191236496,2.869440459110473
06,285,582,97,0.04322550818324089,2.869440459110473
06,286,582,97,0.04308531433343887,2.869440459110473
06,287,582,97,0.043752606958150864,2.869440459110473
06,288,582,97,0.044210050255060196,2.869440459110473
06,289,582,97,0.04387908801436424,2.869440459110473
06,290,582,97,0.04299291968345642,2.869440459110473
06,291,582,97,0.04318166896700859,2.869440459110473
06,292,582,97,0.042984988540410995,2.869440459110473
06,293,582,97,0.043358296155929565,2.869440459110473
06,294,582,97,0.04231293871998787,2.869440459110473
06,295,582,97,0.04259686544537544,2.869440459110473
06,296,582,97,0.04194752499461174,2.869440459110473
06,297,582,97,0.0421888567507267,2.869440459110473
06,298,582,97,0.04217293858528137,2.869440459110473
06,299,582,97,0.042599406093358994,2.869440459110473
06,300,582,97,0.04165465012192726,2.869440459110473
06,301,582,97,0.041570987552404404,2.869440459110473
06,302,582,97,0.04267965629696846,2.869440459110473
06,303,582,97,0.04282943531870842,2.869440459110473
06,304,582,97,0.042151354253292084,2.869440459110473
06,305,582,97,0.04184345528483391,2.869440459110473
06,306,582,97,0.04265090078115463,2.869440459110473
06,307,582,97,0.04230666160583496,2.869440459110473
06,308,582,97,0.042084380984306335,2.869440459110473
06,309,582,97,0.042038071900606155,2.869440459110473
06,310,582,123,0.042931027710437775,21.892464302794288
06,311,582,123,0.04316748306155205,20.681697069071532
06,312,582,123,0.04448632150888443,19.498257839721255
06,313,582,123,0.04460115730762482,18.342146614743463
06,314,582,123,0.0451766699552536,17.213363394138145
06,315,582,123,0.04475805535912514,16.11190817790531
06,316,582,123,0.045503582805395126,15.037780966044952
06,317,582,123,0.04577692225575447,13.990981758557078
06,318,582,123,0.04520321637392044,12.971510555441688
06,319,582,123,0.04503963142633438,11.979367356698775
06,320,582,123,0.04501447454094887,11.014552162328345
06,321,582,123,0.04426661878824234,10.077064972330394
06,322,582,123,0.045327939093112946,9.166905786704925
06,323,582,123,0.04497089982032776,8.284074605451938
06,324,582,123,0.04493618756532669,7.428571428571427
06,325,582,123,0.045265696942806244,6.600396256063401
06,326,582,123,0.045393943786621094,5.799549087927853
06,327,582,123,0.04439450427889824,5.026029924164787
06,328,582,123,0.04474998265504837,4.279838764774202
06,329,582,123,0.046139977872371674,3.5609756097560976
06,330,582,123,0.04785029590129852,2.869440459110473
06,331,582,123,0.04743856191635132,2.869440459110473
06,332,582,125,0.04593563824892044,1.5336476053836174
06,333,582,125,0.04686673730611801,1.4657375145180023
06,334,582,125,0.051695141941308975,1.4251554280248688
06,335,582,125,0.05434953421354294,1.4119013459042156
06,336,582,125,0.05023008584976196,1.4259752681560425
06,337,582,125,0.04762890934944153,1.4673771947803511
06,338,582,125,0.04654465243220329,1.5361071257771397
06,339,582,125,0.0469159260392189,1.631345221015235
06,340,582,126,0.04745187237858772,0.9481451117032177
06,341,582,126,0.04612976685166359,0.9833299173327857
06,342,582,126,0.04294152930378914,1.073170731707317
06,343,582,126,0.04292266070842743,1.2027737924438064
06,344,582,127,0.042743049561977386,0.6210288993646235
06,345,582,129,0.04104786366224289,1.3210357313657173
06,346,582,129,0.037678491324186325,1.0642891302862605
06,347,582,129,0.03844500333070755,0.8621985379517642
06,348,582,129,0.038449469953775406,0.7147639543622323
06,349,582,129,0.03772566840052605,0.6219853795176594
06,350,582,129,0.038286034017801285,0.5838628134180497
06,351,582,129,0.037827569991350174,0.6161098585775774
06,352,582,5,0.03889523074030876,71.7019881123181
06,353,582,5,0.03712178394198418,67.91979230716677
06,354,582,5,0.03610417991876602,64.1649245063879
06,355,582,5,0.03606530278921127,60.43738470998154
06,356,582,5,0.03572618588805199,56.73717291794766
06,357,582,9,0.0360071025788784,56.46389287422286
06,358,582,9,0.0330166332423687,52.491220878595335
06,359,582,9,0.033507466316223145,48.545876887340306
06,360,582,9,0.03333370015025139,44.62786090045775
06,361,582,15,0.03418684005737305,46.22579763612762
06,362,582,15,0.033535994589328766,42.01503040240486
06,363,582,15,0.03294295072555542,37.83159117305459
06,364,582,15,0.0328071154654026,33.67547994807679
06,365,582,15,0.03267005458474159,29.59431577509053
06,366,582,15,0.03435944765806198,25.63571770171483
06,367,582,15,0.0331660658121109,21.704447632711624
06,368,582,9,0.03529604151844978,17.211587073853927
06,369,582,9,0.03601726517081261,13.813623010179677
06,370,582,9,0.033834222704172134,10.470314955250391
06,371,582,7,0.033469706773757935,8.894308943089428
06,372,582,9,0.03324751928448677,3.984969597595135
06,373,582,9,0.033243898302316666,4.148117783698844
06,374,582,9,0.03406591713428497,4.311265969802554
06,375,582,9,0.03366068750619888,4.474414155906265
06,376,582,9,0.03413090482354164,4.637562342009975
06,377,582,9,0.03372667357325554,4.800710528113685
06,378,582,9,0.035417765378952026,4.774202363872378
06,379,582,9,0.03463415056467056,4.774202363872378
06,380,582,9,0.03440257906913757,4.774202363872378
06,381,582,9,0.033924542367458344,4.774202363872378
06,382,582,9,0.03466343134641647,4.488488078158092
06,383,582,9,0.03396924212574959,4.202773792443805
06,384,582,9,0.033728986978530884,3.91705950672952
06,385,582,9,0.033641185611486435,3.631345221015234
06,386,582,9,0.03387831524014473,3.3456309353009495
06,387,582,9,0.0340043306350708,3.0599166495866634
06,388,582,9,0.03329482674598694,2.774202363872378
06,389,582,9,0.03308149427175522,2.774202363872378
06,390,582,9,0.03312307596206665,2.774202363872378
06,391,582,9,0.033524055033922195,2.774202363872378
06,392,582,9,0.03403551131486893,2.869440459110473
06,393,582,9,0.03417297825217247,2.869440459110473
06,394,582,15,0.03425416722893715,2.8448452551752412
06,395,582,15,0.03415563702583313,2.5864589738334356
06,396,582,15,0.03475650027394295,2.3554006968641117
06,397,582,15,0.03397342935204506,2.151670424267268
06,398,582,15,0.033955298364162445,1.9752681560429057
06,399,582,15,0.03396723046898842,1.826193892191024
06,400,582,15,0.034256692975759506,1.704447632711622
06,401,582,15,0.03350815922021866,1.6100293776047006
06,402,582,15,0.0337638221681118,1.5429391268702606
06,403,582,15,0.0326315276324749,1.5031768805083008
06,404,582,15,0.032875195145606995,1.4907426385188225
06,405,582,15,0.03306654468178749,1.5056364009018244
06,406,582,15,0.03235999867320061,1.5478581676573067
06,407,582,15,0.033167850226163864,1.6174079387852704
06,408,582,15,0.033386070281267166,1.7142857142857142
06,409,582,17,0.033857207745313644,1.4550795928127351
06,410,582,17,0.03299139067530632,1.3482270957163354
06,411,582,17,0.03305881842970848,1.2960306073648973
06,412,582,17,0.03276090696454048,1.2984901277584195
06,413,582,17,0.03345191106200218,1.355605656896905
06,414,582,17,0.033693864941596985,1.4673771947803511
06,415,582,17,0.03407716751098633,1.5361071257771397
06,416,582,17,0.03392363339662552,1.631345221015235
06,417,582,25,0.03495137393474579,5.892464302794289
06,418,582,27,0.03467128798365593,7.321035731365718
06,419,582,27,0.034217700362205505,6.776935164309627
06,420,582,29,0.03437456861138344,8.082940493270481
06,421,582,29,0.03538871183991432,7.443601830976294
06,422,582,29,0.0356358140707016,6.831591173054588
06,423,582,29,0.036535751074552536,6.246908519505362
06,424,582,29,0.036329854279756546,5.68955387032862
06,425,582,29,0.03625257685780525,5.160347065655531
06,426,582,29,0.03661860525608063,4.685796269727403
06,427,582,30,0.03655790910124779,4.588918494226959
06,428,582,30,0.036190215498209,4.025346724055476
06,429,582,30,0.03612186759710312,3.531324725011956
06,430,582,32,0.03641599044203758,4.225797636127622
06,431,582,32,0.03650202602148056,3.55373368859739
06,432,582,32,0.03625898063182831,2.9363257498121196
06,433,582,32,0.03568302094936371,2.3735738197718113
06,434,582,32,0.03602506220340729,1.866297738607638
06,435,582,32,0.035820018500089645,1.4410056705609082
06,436,582,32,0.03494798019528389,1.1134112181457947
06,437,582,32,0.034883562475442886,0.8943089430894309
06,438,582,32,0.03691348433494568,1.107535697205711
06,439,582,32,0.0366179496049881,1.3456309353009492
06,440,582,32,0.03649761527776718,1.5837261733961874
06,441,582,32,0.03700913488864899,1.7265833162533302
06,442,582,32,0.03578024357557297,1.8694404591104732
06,443,582,32,0.03514688462018967,2.012297601967616
06,444,582,32,0.03701883554458618,2.1551547448247588
06,445,582,32,0.037449225783348083,2.2980118876819016
06,446,582,32,0.038779448717832565,2.4408690305390444
06,447,582,32,0.03733198344707489,2.5837261733961876
06,448,582,32,0.035831332206726074,2.6789642686342825
06,449,582,32,0.03583788126707077,2.774202363872378
06,450,582,32,0.03562695160508156,2.869440459110473
06,451,582,32,0.03581342101097107,2.869440459110473
06,452,582,32,0.03463299944996834,2.869440459110473
06,453,582,32,0.034783922135829926,2.869440459110473
06,454,582,32,0.034083448350429535,2.869440459110473
06,455,582,32,0.03435761108994484,2.869440459110473
06,456,582,32,0.0339575819671154,2.869440459110473
06,457,582,33,0.03440309315919876,2.038805766208923
06,458,582,33,0.03494987636804581,2.018514722962356
06,459,582,33,0.03480995446443558,2.0255516840882684
06,460,582,33,0.03555135428905487,2.059916649586663
06,461,582,33,0.035712264478206635,2.1075356972057104
06,462,582,33,0.03537934646010399,2.1551547448247583
06,463,582,33,0.0354350209236145,2.202773792443806
06,464,582,33,0.035247933119535446,2.2503928400628532
06,465,582,38,0.035747576504945755,2.4638928742228594
06,466,582,38,0.03634136542677879,2.205506592881054
06,467,582,38,0.03768179938197136,1.9744483159117288
06,468,582,38,0.03501841425895691,1.770718043314885
06,469,582,38,0.035876017063856125,1.5943157750905228
06,470,582,38,0.035693712532520294,1.4452415112386408
06,471,582,42,0.03579777106642723,4.559130969460955
06,472,582,42,0.03633808344602585,4.110268497642958
06,473,582,42,0.03579827398061752,3.688734030197443
06,474,582,42,0.03599916398525238,3.2945275671244088
06,475,582,42,0.03642575070261955,2.9276491084238563
06,476,582,42,0.0358060859143734,2.5880986540957838
06,477,582,42,0.03573485463857651,2.2758762041401916
06,478,582,42,0.03570405766367912,2.038600806176127
06,479,582,46,0.03495791554450989,4.65436906469905
06,480,582,42,0.03499731793999672,1.8671175787388123
06,481,582,42,0.03440253809094429,1.7681218828995018
06,482,582,42,0.03511926159262657,1.7237821958051516
06,483,582,42,0.03548235818743706,1.7340985174557617
06,484,582,42,0.037059515714645386,1.799070847851335
06,485,582,42,0.035856615751981735,1.9170595067295213
06,486,582,42,0.03594132885336876,2.1075356972057118
06,487,582,42,0.03626042976975441,2.2980118876819025
06,488,582,42,0.03588585928082466,2.4884880781580927
06,489,582,42,0.035776980221271515,2.6789642686342834
06,490,582,46,0.03506627678871155,1.6604495456719268
06,491,582,42,0.03522469103336334,3.2503928400628546
06,492,582,46,0.034554965794086456,1.554416888706702
06,493,582,46,0.0352947860956192,1.4442850310856048
06,494,582,46,0.035595282912254333,1.3357928537268564
06,495,582,46,0.03550740331411362,1.2546286807405882
06,496,582,46,0.035985782742500305,1.2007925121268013
06,497,582,46,0.03461034223437309,1.1742843478854947
06,498,582,46,0.03565240278840065,1.17510418801667
06,499,582,46,0.034977782517671585,1.203252032520325
06,500,582,46,0.03528157249093056,1.06825169092027
06,501,582,46,0.03562450408935547,1.151055544168887
06,502,582,46,0.03587391972541809,1.2611874017899842
06,503,582,46,0.035675548017024994,1.398647263783563
06,504,582,46,0.03603160008788109,1.561795449887272
06,505,582,46,0.03631799668073654,1.7265833162533308
06,506,582,51,0.036104027181863785,2.8448452551752403
06,507,582,54,0.03532153740525246,5.273416683746669
06,508,582,54,0.03500989452004433,4.729316116690578
06,509,582,54,0.035460419952869415,4.212543554006967
06,510,582,54,0.03515109792351723,3.7230989956958376
06,511,582,54,0.03479265794157982,3.45145863223338
06,512,582,54,0.03561976179480553,3.016670082667212
06,513,582,54,0.03518040105700493,2.7996857279497154
06,514,582,54,0.035294245928525925,2.6100293776046986
06,515,582,54,0.0358823798596859,2.447701031632163
06,516,582,54,0.034851595759391785,2.3127006900321097
06,517,582,54,0.03480283170938492,2.219922115187538
06,518,582,54,0.03553248196840286,2.166905786704925
06,519,582,54,0.03602106496691704,2.1412174625947933
06,520,582,54,0.03644544258713722,2.1428571428571423
06,521,582,54,0.03557552024722099,2.1718248274919723
06,522,582,56,0.03591576963663101,1.693174830907974
06,523,582,56,0.03534349054098129,1.4910842385734788
06,524,582,56,0.03491440415382385,1.3593632574981198
06,525,582,56,0.03513459861278534,1.2939126870260285
06,526,582,56,0.0354674831032753,1.2831181252989003
06,527,582,56,0.03554748743772507,1.4673771947803518
06,528,582,56,0.03561820834875107,1.5361071257771404
06,529,582,56,0.03564286231994629,1.6313452210152357
06,530,582,56,0.035433582961559296,1.7265833162533308
06,531,582,56,0.03462972119450569,1.8218214114914262
06,532,582,56,0.03471805900335312,1.9170595067295213
06,533,582,56,0.03558236360549927,2.0122976019676164
06,534,582,56,0.03630601242184639,2.1075356972057118
06,535,582,56,0.034899018704891205,2.202773792443807
06,536,582,56,0.034431565552949905,2.2980118876819025
06,537,582,56,0.034571994096040726,2.393249982919998
06,538,582,56,0.03424495458602905,2.4884880781580927
06,539,582,56,0.03398856520652771,2.583726173396188
06,540,582,56,0.034802354872226715,2.6789642686342834
06,541,582,56,0.03606759384274483,2.7742023638723787
06,542,582,56,0.036681417375802994,2.8694404591104736
06,543,582,56,0.03827262297272682,2.8694404591104736
06,544,582,56,0.03886682167649269,2.8694404591104736
06,545,582,56,0.04085628688335419,2.8694404591104736
06,546,582,56,0.04429948329925537,2.8694404591104736
06,547,582,56,0.046481333673000336,2.8694404591104736
06,548,582,56,0.05152077227830887,2.8694404591104736
06,549,582,56,0.04733337089419365,2.8694404591104736
06,550,582,56,0.04948921129107475,2.8694404591104736
06,551,582,56,0.052710484713315964,2.8694404591104736
06,552,582,179,0.05595497041940689,76.20277379244381
06,553,582,186,0.05673873797059059,66.50877912140466
06,554,582,186,0.05580892786383629,63.14811778369885
06,555,582,186,0.0586821585893631,59.787456445993016
06,556,582,188,0.059936702251434326,55.11996993919518
06,557,582,188,0.05986857786774635,51.77256268361003
06,558,582,188,0.06042119115591049,48.42515542802486
06,559,582,188,0.05933217704296112,45.077748172439705
06,560,582,188,0.05898003652691841,41.731160756985716
06,561,582,188,0.058616768568754196,38.41190134590421
06,562,582,188,0.05807650461792946,35.11996993919519
06,563,582,188,0.057730063796043396,31.854546696727475
06,564,582,188,0.057199880480766296,28.58912345425975
06,565,582,189,0.05792040750384331,24.60073785611805
06,566,582,189,0.05829052999615669,21.30258932841429
06,567,582,189,0.05808507651090622,18.044203047072486
06,568,582,189,0.059180185198783875,14.81314477010316
06,569,582,189,0.05852566286921501,11.595340575254491
06,570,582,191,0.05897398293018341,7.657990025278404
06,571,582,191,0.05933963134884834,4.210767233722758
06,572,582,191,0.05930904299020767,0.8190202910432434
06,573,582,191,0.05813135206699371,0.6069549771127938
06,574,582,191,0.058138176798820496,0.7241237958598065
06,575,582,191,0.05866985768079758,0.8959486233517796
06,576,582,191,0.05847235023975372,1.107535697205711
06,577,582,191,0.058888837695121765,1.2503928400628541
06,578,582,191,0.05833478644490242,1.393249982919997
06,579,582,191,0.0579637736082077,1.5361071257771397
06,580,582,191,0.06001244857907295,1.6789642686342827
06,581,582,191,0.05947532132267952,1.8218214114914255
07,35,686,5,0.03607006371021271,2.869440459110473
07,36,686,5,0.035876933485269547,2.869440459110473
07,37,686,5,0.03600825369358063,2.869440459110473
07,38,686,5,0.03779217600822449,2.869440459110473
07,39,686,5,0.0385548360645771,2.869440459110473
07,40,686,5,0.038019537925720215,2.869440459110473
07,41,686,5,0.03674985468387604,2.869440459110473
07,42,686,5,0.03482569009065628,2.869440459110473
07,43,686,5,0.03486008197069168,2.869440459110473
07,44,686,5,0.03527267277240753,2.869440459110473
07,45,686,5,0.035409051924943924,2.869440459110473
07,46,686,5,0.03407464921474457,2.869440459110473
07,47,686,5,0.03520691394805908,2.869440459110473
07,48,686,5,0.03555009886622429,2.869440459110473
07,49,686,5,0.034820135682821274,2.869440459110473
07,50,686,5,0.0349549725651741,2.869440459110473
07,51,686,7,0.03502867370843887,1.5336476053836174
07,52,686,7,0.035727739334106445,1.4657375145180023
07,53,686,7,0.03491740673780441,1.4251554280248688
07,54,686,7,0.03477896749973297,1.4119013459042156
07,55,686,7,0.03446701541543007,1.4259752681560425
07,56,686,9,0.033225029706954956,1.0492587278813963
07,57,686,9,0.034246716648340225,0.886110541777686
07,58,686,9,0.03327856585383415,0.7511102001776324
07,59,686,9,0.035113830119371414,0.6707658673225391
07,60,686,9,0.03642945736646652,0.6450775432124063
07,61,686,9,0.0363495796918869,0.6740452278472365
07,62,686,9,0.0357329398393631,0.7576689212270272
07,63,686,9,0.036254480481147766,0.8951287832206046
07,64,686,9,0.03577768802642822,1.0599166495866637
07,65,686,9,0.03577582538127899,1.2503928400628541
07,66,686,15,0.035852137953042984,4.27341668374667
07,67,686,15,0.03569605201482773,3.8245542119286737
07,68,686,15,0.03498345986008644,3.403019744483159
07,69,686,15,0.03469904512166977,3.008813281410125
07,70,686,15,0.03494281321763992,2.6419348227095725
07,71,686,15,0.03490164875984192,2.3023843683815
07,72,686,15,0.034676194190979004,2.085400013664003
07,73,686,17,0.0357511006295681,3.0361412857826053
07,74,686,17,0.033799394965171814,2.6154266584682646
07,75,686,17,0.03433528542518616,2.2493680398988856
07,76,686,17,0.033731311559677124,1.9379654300744684
07,77,686,17,0.03423275053501129,1.776456924233108
07,78,686,17,0.034093331545591354,1.6696044271367083
07,79,686,17,0.03372678533196449,1.6174079387852704
07,80,686,17,0.0333082489669323,1.619047619047619
07,81,686,18,0.032537925988435745,1.3457675753228129
07,82,686,18,0.03298177197575569,1.246771879483501
07,83,686,18,0.033541906625032425,1.2297601967616323
07,84,686,18,0.0339839830994606,1.2798387647742022
07,85,686,18,0.033948250114917755,1.3704994192799071
07,86,686,18,0.034823257476091385,1.4884880781580923
07,87,686,18,0.03408406674861908,1.631345221015235
07,88,686,18,0.03400531783699989,1.7742023638723778
07,89,686,18,0.03394974768161774,1.9170595067295206
07,90,686,18,0.03228107839822769,2.0599166495866634
07,91,686,18,0.032317206263542175,2.2027737924438062
07,92,686,27,0.032448433339595795,6.225797636127622
07,93,686,27,0.03308917209506035,5.6816970690715305
07,94,686,27,0.03243856132030487,5.260162601626017
07,95,686,27,0.03281509131193161,4.865956138552982
07,96,686,27,0.032270073890686035,4.499077679852429
07,97,686,27,0.03308487683534622,4.159527225524357
07,98,686,27,0.03264670446515083,3.847304775568765
07,99,686,29,0.03256845846772194,4.702807952449272
07,100,686,29,0.033137958496809006,4.186855229896836
07,101,686,29,0.03363174945116043,3.725558516089362
07,102,686,29,0.03426389396190643,3.366536858645897
07,103,686,29,0.03273497149348259,3.062171209947394
07,104,686,32,0.03297705575823784,4.844845255175241
07,105,686,32,0.03300425410270691,4.205506592881055
07,106,686,32,0.03304654732346535,3.59349593495935
07,107,686,32,0.03327155485749245,3.008813281410125
07,108,686,32,0.03294382244348526,2.451458632233382
07,109,686,32,0.03360528126358986,1.921431987429119
07,110,686,32,0.03246239572763443,1.4493407118945139
07,111,686,32,0.032589301466941833,1.0592334494773508
07,112,686,32,0.03271738812327385,0.751110200177631
07,113,686,32,0.032417215406894684,0.8558447769351628
07,114,686,32,0.033367179334163666,1.0152353624376578
07,115,686,38,0.033401720225811005,4.511511921841907
07,116,686,38,0.03360089659690857,4.0150304024048635
07,117,686,38,0.03449352830648422,3.5458768873403
07,118,686,38,0.03396792337298393,3.1040513766482185
07,119,686,44,0.03418400138616562,8.130559540889525
07,120,686,46,0.03274582698941231,9.321035731365717
07,121,686,46,0.033468328416347504,8.538839926214386
07,122,686,46,0.03293837606906891,7.783972125435538
07,123,686,46,0.032717350870370865,7.056432329029171
07,124,686,42,0.032731134444475174,4.3976224636195935
07,125,686,42,0.03235287219285965,4.085400013664001
07,126,686,42,0.03256801888346672,3.800505568080889
07,127,686,42,0.0326986126601696,3.5429391268702584
07,128,686,46,0.0332256555557251,4.944182551069209
07,129,686,46,0.03370619937777519,4.441483910637426
07,130,686,46,0.03365805745124817,3.966113274578123
07,131,686,46,0.03251633420586586,3.518070642891302
07,132,686,46,0.0339665487408638,3.0973560155769624
07,133,686,46,0.03301260247826576,2.703969392635102
07,134,686,46,0.032841555774211884,2.337910774065723
07,135,686,46,0.033481914550065994,1.9991801598688244
07,136,686,46,0.03314059600234032,1.9734918357586928
07,137,686,46,0.03313879296183586,1.9751315160210414
07,138,686,46,0.03284063935279846,2.0057388809182206
07,139,686,46,0.03293488547205925,2.0910022545603613
07,140,686,46,0.0348445400595665,2.1332240213158435
07,141,686,46,0.03366602212190628,2.1075356972057118
07,142,686,46,0.034234076738357544,2.1075356972057118
07,143,686,46,0.03401868790388107,2.1075356972057118
07,144,686,46,0.03432144224643707,2.1075356972057118
07,145,686,46,0.033786650747060776,2.2980118876819025
07,146,686,46,0.03310738131403923,2.4884880781580927
07,147,686,46,0.03280877321958542,2.6789642686342834
07,148,686,46,0.03298322856426239,2.8694404591104736
07,149,686,46,0.033655717968940735,2.8694404591104736
07,150,686,46,0.033059895038604736,2.8694404591104736
07,151,686,46,0.03360418230295181,2.8694404591104736
07,152,686,46,0.03356125205755234,2.8694404591104736
07,153,686,46,0.033228661864995956,2.8694404591104736
07,154,686,46,0.03321906551718712,2.8694404591104736
07,155,686,46,0.033775318413972855,2.8694404591104736
07,156,686,46,0.03292335569858551,2.8694404591104736
07,157,686,46,0.03249145299196243,2.8694404591104736
07,158,686,46,0.03303668648004532,2.8694404591104736
07,159,686,46,0.03294525668025017,2.8694404591104736
07,160,686,46,0.033034998923540115,2.8694404591104736
07,161,686,51,0.03287721052765846,2.02158912345426
07,162,686,51,0.0336412750184536,1.8108218897315018
07,163,686,56,0.033613335341215134,6.178178588508574
07,164,686,56,0.034373689442873,5.729316116690578
07,165,686,56,0.03367948532104492,5.3077816492450625
07,166,686,56,0.03375986963510513,4.913575186172028
07,167,686,56,0.03421613201498985,4.546696727471475
07,168,686,56,0.034465327858924866,4.207146273143403
07,169,686,56,0.03269748017191887,3.8949238231878107
07,170,686,56,0.03342461958527565,3.6100293776046986
07,171,686,56,0.03496519476175308,3.352462936394068
07,172,686,56,0.03454781696200371,3.122224499555919
07,173,686,56,0.03436766937375069,2.91931406709025
07,174,686,56,0.03310147300362587,2.743731638997062
07,175,686,56,0.03355604410171509,2.5954772152763534
07,176,686,56,0.03313122317194939,2.4745507959281268
07,177,686,56,0.03443640470504761,2.3809523809523805
07,178,686,56,0.03389836102724075,2.3146819703491155
07,179,686,56,0.033677440136671066,2.291453166632506
07,180,686,56,0.034182775765657425,2.322880371660859
07,181,686,56,0.03410967066884041,2.393249982919998
07,182,686,56,0.034429557621479034,2.6313452210152355
07,183,686,56,0.03440739959478378,2.8694404591104736
07,184,686,56,0.03399476781487465,2.8694404591104736
07,185,686,56,0.03415403142571449,2.8694404591104736
07,186,686,56,0.03706393018364906,2.8694404591104736
07,187,686,56,0.03839625418186188,2.8694404591104736
07,188,686,56,0.03616407513618469,2.8694404591104736
07,189,686,56,0.03724375367164612,2.8694404591104736
07,190,686,56,0.03653737157583237,2.8694404591104736
07,191,686,56,0.036776453256607056,2.8694404591104736
07,192,686,56,0.03637249767780304,2.8694404591104736
07,193,686,56,0.03564213588833809,2.8694404591104736
07,194,686,56,0.03599359467625618,2.8694404591104736
07,195,686,56,0.03549845889210701,2.8694404591104736
07,196,686,56,0.034353986382484436,2.8694404591104736
07,197,686,56,0.0355873741209507,2.8694404591104736
07,198,686,56,0.03507126495242119,2.8694404591104736
07,199,686,56,0.03529675304889679,2.8694404591104736
07,200,686,56,0.03632160648703575,2.8694404591104736
07,201,686,56,0.035427115857601166,2.8694404591104736
07,202,686,56,0.03473762422800064,2.8694404591104736
07,203,686,56,0.03458693251013756,2.8694404591104736
07,204,686,56,0.03598890081048012,2.8694404591104736
07,205,686,56,0.03422701731324196,2.8694404591104736
07,206,686,58,0.04114188626408577,1.533647605383618
07,207,686,58,0.04040392115712166,1.465737514518003
07,208,686,58,0.04058785364031792,1.4251554280248682
07,209,686,58,0.04180290177464485,1.411901345904215
07,210,686,58,0.04594685137271881,1.4259752681560431
07,211,686,60,0.04388905689120293,1.049258727881397
07,212,686,60,0.045118268579244614,0.8861105417776868
07,213,686,60,0.04447168484330177,0.7511102001776303
07,214,686,60,0.04309658706188202,0.6707658673225371
07,215,686,60,0.04381965100765228,0.645077543212407
07,216,686,60,0.04575320705771446,0.6740452278472372
07,217,686,60,0.04495108500123024,0.7576689212270279
07,218,686,60,0.04357253387570381,0.8951287832206053
07,219,686,61,0.04442915692925453,0.4919040787046525
07,220,686,61,0.045225054025650024,0.5287285645965706
07,221,686,61,0.050957657396793365,0.6475370636059307
07,222,686,61,0.046372245997190475,0.8334358133497307
07,223,686,61,0.04319840297102928,1.0599166495866643
07,224,686,61,0.03927227854728699,1.2980118876819025
07,225,686,61,0.03864313289523125,1.5361071257771404
07,226,686,61,0.03718654811382294,1.7742023638723785
07,227,686,61,0.038500551134347916,1.9170595067295213
07,228,686,61,0.03877966105937958,2.0599166495866643
07,229,686,61,0.039916153997182846,2.202773792443807
07,230,686,61,0.03982076421380043,2.34563093530095
07,231,686,61,0.040112774819135666,2.4884880781580927
07,232,686,61,0.039874184876680374,2.5361071257771406
07,233,686,61,0.040015943348407745,2.583726173396188
07,234,686,61,0.038906343281269073,2.6313452210152355
07,235,686,61,0.03831840306520462,2.6789642686342834
07,236,686,61,0.040413614362478256,2.726583316253331
07,237,686,61,0.038714826107025146,2.7742023638723787
07,238,686,61,0.040343377739191055,2.821821411491426
07,239,686,61,0.04004359617829323,2.8694404591104736
07,240,686,61,0.041755128651857376,2.8694404591104736
07,241,686,61,0.04102059081196785,2.8694404591104736
07,242,686,61,0.040768660604953766,2.8694404591104736
07,243,686,61,0.039867423474788666,2.8694404591104736
07,244,686,61,0.041662003844976425,2.8694404591104736
07,245,686,63,0.03927109017968178,1.533647605383618
07,246,686,63,0.039570633322000504,1.465737514518003
07,247,686,63,0.03993459790945053,1.4251554280248682
07,248,686,63,0.03860469534993172,1.411901345904215
07,249,686,63,0.03936126083135605,1.4259752681560431
07,250,686,63,0.03881562873721123,1.4673771947803518
07,251,686,63,0.03951261565089226,1.5361071257771404
07,252,686,63,0.039883024990558624,1.6313452210152357
07,253,686,63,0.040208134800195694,1.7265833162533308
07,254,686,63,0.04096279293298721,1.8218214114914262
07,255,686,63,0.04114237800240517,1.9170595067295213
07,256,686,63,0.03946014493703842,2.0122976019676164
07,257,686,63,0.04050597548484802,2.1075356972057118
07,258,686,63,0.03867175430059433,2.202773792443807
07,259,686,63,0.03901778534054756,2.2980118876819025
07,260,686,63,0.03807550668716431,2.393249982919998
07,261,686,63,0.03825639933347702,2.4884880781580927
07,262,686,63,0.03829500451683998,2.583726173396188
07,263,686,63,0.038710903376340866,2.6789642686342834
07,264,686,63,0.041031625121831894,2.7742023638723787
07,265,686,63,0.039288025349378586,2.8694404591104736
07,266,686,63,0.03924034908413887,2.8694404591104736
07,267,686,63,0.039040178060531616,2.8694404591104736
07,268,686,63,0.038912419229745865,2.8694404591104736
07,269,686,63,0.038746193051338196,2.8694404591104736
07,270,686,63,0.03977334126830101,2.8694404591104736
07,271,686,63,0.03941767290234566,2.8694404591104736
07,272,686,64,0.0406133271753788,2.0388057662089247
07,273,686,64,0.03980917111039162,2.0185147229623572
07,274,686,63,0.04050318896770477,2.964678554348569
07,275,686,63,0.039935220032930374,2.964678554348569
07,276,686,63,0.04122256860136986,2.964678554348569
07,277,686,63,0.0406084768474102,2.964678554348569
07,278,686,63,0.04042351245880127,2.964678554348569
07,279,686,63,0.04095328971743584,2.964678554348569
07,280,686,63,0.041366443037986755,2.964678554348569
07,281,686,63,0.041864100843667984,2.964678554348569
07,282,686,63,0.04330093041062355,2.964678554348569
07,283,686,63,0.04246177896857262,2.964678554348569
07,284,686,63,0.04254039004445076,2.964678554348569
07,285,686,61,0.042648084461688995,4.869440459110474
07,286,686,61,0.04388268664479256,4.774202363872378
07,287,686,61,0.04383474215865135,4.678964268634283
07,288,686,61,0.04450129345059395,4.5837261733961885
07,289,686,61,0.044049620628356934,4.488488078158093
07,290,686,61,0.04440661892294884,4.393249982919998
07,291,686,61,0.04329976439476013,4.298011887681902
07,292,686,61,0.04411834105849266,4.202773792443807
07,293,686,61,0.044728297740221024,4.059916649586664
07,294,686,61,0.04464808851480484,3.9170595067295215
07,295,686,61,0.04332301765680313,3.821821411491426
07,296,686,61,0.044564004987478256,3.726583316253331
07,297,686,61,0.045912858098745346,3.6313452210152355
07,298,686,61,0.04529917612671852,3.5361071257771406
07,299,686,61,0.04642476141452789,3.4408690305390452
07,300,686,61,0.045594729483127594,3.34563093530095
07,301,686,61,0.046323537826538086,3.2503928400628546
07,302,686,61,0.046224839985370636,3.1551547448247597
07,303,686,61,0.04738936200737953,3.0599166495866643
07,304,686,61,0.04609615355730057,2.964678554348569
07,305,686,61,0.047554802149534225,2.8694404591104736
07,306,686,61,0.0482284314930439,2.8694404591104736
07,307,686,61,0.04905242472887039,2.8694404591104736
07,308,686,61,0.04846196621656418,2.8694404591104736
07,309,686,61,0.04914126545190811,2.8694404591104736
07,310,686,61,0.04876427724957466,2.8694404591104736
07,311,686,61,0.04846963286399841,2.8694404591104736
07,312,686,61,0.04948606714606285,2.8694404591104736
07,313,686,61,0.04998910054564476,2.8694404591104736
07,314,686,61,0.048532478511333466,2.8694404591104736
07,315,686,61,0.049571242183446884,2.8694404591104736
07,316,686,61,0.05118755251169205,2.8694404591104736
07,317,686,61,0.049320049583911896,2.8694404591104736
07,318,686,61,0.05039513483643532,2.8694404591104736
07,319,686,61,0.049880947917699814,2.8694404591104736
07,320,686,61,0.04959047585725784,2.8694404591104736
07,321,686,61,0.04870840534567833,2.8694404591104736
07,322,686,61,0.04974841699004173,2.8694404591104736
07,323,686,61,0.0486290417611599,2.8694404591104736
07,324,686,61,0.04911131411790848,2.8694404591104736
07,325,686,61,0.04890214279294014,2.8694404591104736
07,326,686,61,0.04811638593673706,2.8694404591104736
07,327,686,61,0.04963143542408943,2.8694404591104736
07,328,686,61,0.04796178638935089,2.8694404591104736
07,329,686,61,0.04861035197973251,2.8694404591104736
07,330,686,61,0.04860681667923927,2.8694404591104736
07,331,686,61,0.04858134686946869,2.8694404591104736
07,332,686,61,0.049711570143699646,2.8694404591104736
07,333,686,61,0.04962042719125748,2.8694404591104736
07,334,686,61,0.05201196298003197,2.8694404591104736
07,335,686,61,0.05089414864778519,2.8694404591104736
07,336,686,61,0.05126625671982765,2.8694404591104736
07,337,686,61,0.05244619399309158,2.8694404591104736
07,338,686,61,0.05183226242661476,2.8694404591104736
07,339,686,61,0.051624782383441925,2.8694404591104736
07,340,686,61,0.05117589607834816,2.8694404591104736
07,341,686,61,0.05208532512187958,2.8694404591104736
07,342,686,61,0.05007195100188255,2.8694404591104736
07,343,686,61,0.05110966041684151,2.8694404591104736
07,344,686,61,0.0505022294819355,2.8694404591104736
07,345,686,61,0.05029815062880516,2.8694404591104736
07,346,686,61,0.05005718767642975,2.8694404591104736
07,347,686,61,0.04967693239450455,2.8694404591104736
07,348,686,61,0.05109889432787895,2.8694404591104736
07,349,686,61,0.05171533301472664,2.8694404591104736
07,350,686,61,0.050638169050216675,2.8694404591104736
07,351,686,61,0.05026352405548096,2.8694404591104736
07,352,686,61,0.04996207356452942,2.8694404591104736
07,353,686,61,0.04996558651328087,2.8694404591104736
07,354,686,61,0.05003506317734718,2.8694404591104736
07,355,686,61,0.05036728084087372,2.8694404591104736
07,356,686,61,0.048773471266031265,2.8694404591104736
07,357,686,61,0.04960617795586586,2.8694404591104736
07,358,686,61,0.04851309955120087,2.8694404591104736
07,359,686,61,0.04836049675941467,2.8694404591104736
07,360,686,61,0.04907849431037903,2.8694404591104736
07,361,686,61,0.049899548292160034,2.8694404591104736
07,362,686,61,0.04893467202782631,2.8694404591104736
07,363,686,61,0.05049453675746918,2.8694404591104736
07,364,686,61,0.05184045806527138,2.8694404591104736
07,365,686,61,0.05156991630792618,2.8694404591104736
07,366,686,61,0.050226081162691116,2.8694404591104736
07,367,686,61,0.04969137907028198,2.8694404591104736
07,368,686,61,0.049626681953668594,2.8694404591104736
07,369,686,61,0.049126915633678436,2.8694404591104736
07,370,686,61,0.049218300729990005,2.8694404591104736
07,371,686,61,0.0475238561630249,2.8694404591104736
07,372,686,61,0.046865951269865036,2.8694404591104736
07,373,686,61,0.04605458304286003,2.8694404591104736
07,374,686,61,0.046886101365089417,2.8694404591104736
07,375,686,61,0.04650816321372986,2.8694404591104736
07,376,686,61,0.04523090645670891,2.8694404591104736
07,377,686,61,0.04593079909682274,2.8694404591104736
07,378,686,61,0.04472909867763519,2.8694404591104736
07,379,686,61,0.04643603414297104,2.8694404591104736
07,380,686,61,0.04830120876431465,2.8694404591104736
07,381,686,61,0.048041414469480515,2.8694404591104736
07,382,686,63,0.04850250855088234,1.533647605383618
07,383,686,63,0.04812676087021828,1.465737514518003
07,384,686,63,0.047766029834747314,1.4251554280248682
07,385,686,63,0.046793919056653976,1.411901345904215
07,386,686,63,0.047650497406721115,1.4259752681560431
07,387,686,63,0.047969769686460495,1.4673771947803518
07,388,686,63,0.04656493291258812,1.5361071257771404
07,389,686,63,0.04598420113325119,1.6313452210152357
07,390,686,63,0.047970183193683624,1.7265833162533308
07,391,686,63,0.04706336185336113,1.8218214114914262
07,392,686,63,0.04760226979851723,1.9170595067295213
07,393,686,63,0.04705314338207245,2.0122976019676164
07,394,686,63,0.04527648910880089,2.1075356972057118
07,395,686,63,0.04681985080242157,2.202773792443807
07,396,686,63,0.045929502695798874,2.2980118876819025
07,397,686,63,0.0455772839486599,2.393249982919998
07,398,686,63,0.047287777066230774,2.4884880781580927
07,399,686,63,0.04646466299891472,2.583726173396188
07,400,686,63,0.049299951642751694,2.6789642686342834
07,401,686,63,0.050160206854343414,2.7742023638723787
07,402,686,63,0.0497828833758831,2.8694404591104736
07,403,686,63,0.05042432248592377,2.8694404591104736
07,404,686,64,0.04878516495227814,2.0388057662089247
07,405,686,64,0.04938648268580437,2.0185147229623572
07,406,686,64,0.04793325066566467,2.0255516840882697
07,407,686,64,0.04852616414427757,2.0599166495866643
07,408,686,64,0.047429267317056656,2.1075356972057118
07,409,686,64,0.04864140972495079,2.1551547448247597
07,410,686,64,0.04695243760943413,2.202773792443807
07,411,686,64,0.04732131585478783,2.2503928400628546
07,412,686,64,0.0465969555079937,2.2980118876819025
07,413,686,64,0.04710659012198448,2.34563093530095
07,414,686,64,0.04736455902457237,2.393249982919998
07,415,686,64,0.04740511253476143,2.4408690305390452
07,416,686,126,0.04657316207885742,56.559130969460966
07,417,686,126,0.04758569225668907,53.586458973833444
07,418,686,126,0.04838801920413971,50.6411149825784
07,419,686,126,0.048130277544260025,47.72309899569584
07,420,686,126,0.04924130067229271,44.83241101318576
07,421,686,126,0.05024975910782814,41.96905103504817
07,422,686,126,0.0486326590180397,39.13301906128305
07,423,686,126,0.04905522242188454,36.32431509189042
07,424,686,126,0.04867028072476387,33.54293912687026
07,425,686,126,0.04907553270459175,30.83651021384164
07,426,686,126,0.049417462199926376,28.157409305185492
07,427,686,126,0.049907468259334564,25.505636400901825
07,428,686,126,0.047440145164728165,22.88119150099064
07,429,686,126,0.04784300550818443,20.284074605451938
07,430,686,126,0.04774525389075279,17.714285714285715
07,431,686,126,0.04866062477231026,15.171824827491973
07,432,686,126,0.049718115478754044,12.65669194507071
07,433,686,126,0.05014258995652199,10.168887067021931
07,434,686,126,0.048912182450294495,7.70841019334563
07,435,686,126,0.04803724214434624,5.275261324041812
07,436,686,126,0.04778330400586128,2.869440459110473
07,437,686,126,0.049300871789455414,2.869440459110473
07,438,686,126,0.0489048957824707,2.869440459110473
07,439,686,126,0.04855959117412567,2.869440459110473
07,440,686,126,0.04880857467651367,2.869440459110473
07,441,686,126,0.04916534200310707,2.869440459110473
07,442,686,126,0.05070476233959198,2.869440459110473
07,443,686,126,0.05001534894108772,2.869440459110473
07,444,686,126,0.05073681101202965,2.869440459110473
07,445,686,127,0.048304006457328796,2.0388057662089225
07,446,686,127,0.047284726053476334,2.018514722962355
07,447,686,127,0.045357923954725266,2.0255516840882692
07,448,686,127,0.046171218156814575,2.0599166495866634
07,449,686,127,0.04541454464197159,2.1075356972057113
07,450,686,127,0.044492751359939575,2.1551547448247588
07,451,686,127,0.04388023167848587,2.2027737924438062
07,452,686,127,0.03846104443073273,2.250392840062854
07,453,686,129,0.0389104001224041,1.014415522306484
07,454,686,129,0.03662777692079544,0.9543622326979568
07,455,686,129,0.03745970502495766,0.9489649518343913
07,456,686,129,0.03529717028141022,0.9833299173327871
07,457,686,129,0.03838294371962547,1.0450228872036615
07,458,686,129,0.03803185746073723,1.1340438614470176
07,459,686,5,0.03786865249276161,71.13055954088952
07,460,686,5,0.035179246217012405,67.39598278335724
07,461,686,5,0.03590264916419983,63.68873403019744
07,462,686,5,0.03581517934799194,60.00881328141012
07,463,686,5,0.037089165300130844,56.356220536995274
07,464,686,5,0.03557818755507469,52.73095579695293
07,465,686,5,0.035974014550447464,49.13301906128305
07,466,686,5,0.035252396017313004,45.610029377604704
07,467,686,5,0.035372182726860046,42.11436769829883
07,468,686,5,0.035185620188713074,38.64603402336544
07,469,686,5,0.03509201481938362,35.20502835280453
07,470,686,5,0.03573094680905342,31.791350686616106
07,471,686,5,0.03612120822072029,28.405001024800164
07,472,686,5,0.03582745045423508,25.0459793673567
07,473,686,5,0.035958465188741684,21.714285714285715
07,474,686,5,0.0354137048125267,18.505158160825307
07,475,686,5,0.03585043177008629,15.323358611737381
07,476,686,5,0.036808159202337265,12.168887067021931
07,477,686,5,0.03611516207456589,9.041743526678962
07,478,686,5,0.036846939474344254,5.941927990708478
07,479,686,5,0.03549877926707268,2.869440459110473
07,480,686,5,0.03535229340195656,2.869440459110473
07,481,686,5,0.03685222938656807,2.869440459110473
07,482,686,7,0.03651103749871254,1.5336476053836174
07,483,686,7,0.037006400525569916,1.4657375145180023
07,484,686,7,0.03592179715633392,1.4251554280248688
07,485,686,7,0.03759533539414406,1.4119013459042156
07,486,686,7,0.037197403609752655,1.4259752681560425
07,487,686,7,0.03649985045194626,1.4673771947803511
07,488,686,7,0.035472508519887924,1.5361071257771397
07,489,686,7,0.03694058582186699,1.631345221015235
07,490,686,7,0.03606095910072327,1.7265833162533302
07,491,686,7,0.03585105389356613,1.8218214114914255
07,492,686,7,0.03539258614182472,1.9170595067295206
07,493,686,7,0.036841556429862976,2.012297601967616
07,494,686,7,0.03666868060827255,2.1075356972057113
07,495,686,7,0.035540658980607986,2.2027737924438062
07,496,686,7,0.034805819392204285,2.2980118876819016
07,497,686,7,0.03493061289191246,2.393249982919997
07,498,686,9,0.03587157651782036,1.1526952244312365
07,499,686,9,0.03534528985619545,1.1800232288037167
07,500,686,9,0.03522093966603279,1.2346792375486784
07,501,686,9,0.035620227456092834,1.3166632506661204
07,502,686,9,0.0361291728913784,1.4259752681560425
07,503,686,9,0.03670523688197136,1.4673771947803511
07,504,686,9,0.03670496866106987,1.5361071257771397
07,505,686,9,0.03598129376769066,1.631345221015235
07,506,686,9,0.03499244153499603,1.7265833162533302
07,507,686,9,0.03647090867161751,1.8218214114914255
07,508,686,9,0.03589401766657829,1.9170595067295206
07,509,686,9,0.03541002795100212,2.012297601967616
07,510,686,9,0.03529031574726105,2.1075356972057113
07,511,686,9,0.033904068171978,2.2027737924438062
07,512,686,9,0.034352660179138184,2.2980118876819016
07,513,686,9,0.03465047851204872,2.393249982919997
07,514,686,9,0.03492848202586174,2.4884880781580923
07,515,686,9,0.03458872064948082,2.5837261733961876
07,516,686,15,0.035363174974918365,3.0353214456514315
07,517,686,15,0.03479953482747078,2.681697069071531
07,518,686,15,0.03388860449194908,2.3554006968641117
07,519,686,15,0.0340287908911705,2.151670424267268
07,520,686,15,0.03345464915037155,1.9752681560429057
07,521,686,17,0.03406557813286781,3.3210357313657175
07,522,686,17,0.03414246067404747,2.9674113547858165
07,523,686,17,0.03431972861289978,2.641934822709571
07,524,686,17,0.03478177264332771,2.3711142993782874
07,525,686,17,0.03392075002193451,2.1549497847919654
07,526,686,27,0.03487938642501831,10.940083350413337
07,527,686,27,0.035407353192567825,10.110268497642961
07,528,686,27,0.03487424552440643,9.307781649245063
07,529,686,27,0.03530679643154144,8.532622805219647
07,530,686,27,0.036778636276721954,7.784791965566714
07,531,686,29,0.036620575934648514,8.559130969460957
07,532,686,29,0.03657215088605881,7.634078021452485
07,533,686,29,0.036260250955820084,6.7371729179476665
07,534,686,29,0.03641412779688835,5.894923823187812
07,535,686,29,0.03660102188587189,5.1073307371729175
07,536,686,29,0.036233726888895035,4.374393659902986
07,537,686,32,0.03647559508681297,5.9877023980323845
07,538,686,32,0.03669222816824913,5.205506592881055
07,539,686,32,0.036169152706861496,4.450638792102207
07,540,686,32,0.03630832955241203,3.7230989956958394
07,541,686,32,0.03637900575995445,3.0228872036619534
07,542,686,32,0.035750728100538254,2.4601352736216446
07,543,686,32,0.03550602123141289,1.9520393523262967
07,544,686,32,0.035764824599027634,1.514313042290086
07,545,686,32,0.035097233951091766,1.1585707453713185
07,546,686,32,0.03517240658402443,0.884812461569993
07,547,686,32,0.03511877730488777,1.071531051444968
07,548,686,32,0.03508028760552406,1.2980118876819016
07,549,686,32,0.03558947145938873,1.5361071257771397
07,550,686,32,0.03500435873866081,1.7742023638723778
07,551,686,32,0.03541999310255051,2.012297601967616
07,552,686,32,0.03587799891829491,2.1551547448247588
07,553,686,32,0.03694538027048111,2.2980118876819016
07,554,686,32,0.03603118285536766,2.4408690305390444
07,555,686,32,0.03648415952920914,2.5837261733961876
07,556,686,32,0.035366304218769073,2.7265833162533304
07,557,686,32,0.035139549523591995,2.869440459110473
07,558,686,32,0.035086773335933685,2.869440459110473
07,559,686,32,0.03436152637004852,2.869440459110473
07,560,686,32,0.03499888628721237,2.869440459110473
07,561,686,32,0.03543269634246826,2.869440459110473
07,562,686,32,0.0345226526260376,2.869440459110473
07,563,686,32,0.03415343910455704,2.869440459110473
07,564,686,32,0.03515932336449623,2.869440459110473
07,565,686,32,0.034567415714263916,2.869440459110473
07,566,686,32,0.03516822308301926,2.869440459110473
07,567,686,38,0.03525463491678238,2.8448452551752403
07,568,686,38,0.03424077481031418,2.586458973833435
07,569,686,38,0.03465893119573593,2.35540069686411
07,570,686,38,0.035195279866456985,2.151670424267266
07,571,686,38,0.034906111657619476,1.9752681560429037
07,572,686,38,0.035591378808021545,1.826193892191022
07,573,686,38,0.03535233065485954,1.70444763271162
07,574,686,38,0.034783512353897095,1.6100293776046986
07,575,686,42,0.03580346703529358,4.368654778984764
07,576,686,42,0.034997470676898956,3.919792307166768
07,577,686,42,0.03444904834032059,3.4982578397212527
07,578,686,42,0.034760765731334686,3.1040513766482185
07,579,686,42,0.035177212208509445,2.7371729179476656
07,580,686,42,0.03683654963970184,2.397622463619593
07,581,686,42,0.036164697259664536,2.0870396939263496
07,582,686,42,0.035504862666130066,1.831112932978068
07,583,686,42,0.03624667599797249,1.6298421807747479
07,584,686,42,0.0362866073846817,1.4832274373163896
07,585,686,42,0.03621508181095123,1.3912687026029917
07,586,686,42,0.03492109850049019,1.3539659766345558
07,587,686,42,0.035412319004535675,1.3713192594110815
07,588,686,42,0.035030294209718704,1.5361071257771404
07,589,686,42,0.034571561962366104,1.7265833162533308
07,590,686,42,0.03511103242635727,1.9170595067295213
07,591,686,42,0.03493252769112587,2.1075356972057118
07,592,686,42,0.03478306159377098,2.2980118876819025
07,593,686,42,0.03474394604563713,2.4884880781580927
07,594,686,42,0.03496328368782997,2.6789642686342834
07,595,686,42,0.03544483706355095,2.8694404591104736
07,596,686,42,0.034581661224365234,2.8694404591104736
07,597,686,42,0.03549304977059364,2.8694404591104736
07,598,686,44,0.03443991020321846,1.533647605383618
07,599,686,46,0.034231215715408325,1.4302111088337779
07,600,686,46,0.03602694720029831,1.2670629227300676
07,601,686,46,0.03592405095696449,1.1312427409988377
07,602,686,46,0.0359465517103672,1.022750563640089
07,603,686,46,0.03613893687725067,0.9415863906538222
07,604,686,46,0.03588910400867462,0.8877502220400354
07,605,686,46,0.036777324974536896,0.8620618979299026
07,606,686,46,0.03608781471848488,0.8902097424335578
07,607,686,46,0.035416293889284134,0.9456855913096947
07,608,686,46,0.03502122685313225,1.0284894445583117
07,609,686,46,0.03532670438289642,1.1386213021794087
07,610,686,46,0.03669252619147301,1.2760811641729863
07,611,686,46,0.03619842976331711,1.4408690305390452
07,612,686,46,0.03612753003835678,1.6313452210152357
07,613,686,46,0.03565454110503197,1.8218214114914262
07,614,686,51,0.03558782860636711,2.7496071599371454
07,615,686,51,0.03598394989967346,2.348363735738197
07,616,686,51,0.03595468029379845,1.9744483159117288
07,617,686,51,0.03545617312192917,1.6435745029719178
07,618,686,51,0.03339015692472458,1.36735669877707
07,619,686,51,0.033869415521621704,1.241032998565279
07,620,686,51,0.035061467438936234,1.166905786704925
07,621,686,51,0.03535865992307663,1.120106579217051
07,622,686,51,0.0342559739947319,1.1006353761016587
07,623,686,51,0.034728892147541046,1.1084921773587477
07,624,686,51,0.033950693905353546,1.143676982988317
07,625,686,54,0.03333607316017151,2.1454533032725283
07,626,686,54,0.03433862701058388,1.8340506934481096
07,627,686,54,0.03564836457371712,1.5773040923686528
07,628,686,56,0.03633149713277817,2.8924643027942882
07,629,686,56,0.03669099509716034,2.4436018309762924
07,630,686,56,0.035540323704481125,2.0220673635307764
07,631,686,56,0.03545157611370087,1.6278609004577422
07,632,686,56,0.034742675721645355,1.2775158844025387
07,633,686,56,0.03490426018834114,1.0091548814647788
07,634,686,56,0.03505407273769379,0.8227778916444621
07,635,686,56,0.034892357885837555,0.8579626972740315
07,636,686,56,0.03599414601922035,0.9204755072760811
07,637,686,56,0.03558061644434929,1.0103163216506108
07,638,686,56,0.03522322699427605,1.1274851403976223
07,639,686,56,0.03491447493433952,1.271981963517114
07,640,686,56,0.035152263939380646,1.4438067910090868
07,641,686,56,0.0344192199409008,1.6429596228735401
07,642,686,56,0.035041093826293945,1.8694404591104739
07,643,686,56,0.03503056615591049,2.1075356972057118
07,644,686,56,0.03463929519057274,2.34563093530095
07,645,686,56,0.035589464008808136,2.583726173396188
07,646,686,56,0.03487328067421913,2.6789642686342834
07,647,686,56,0.035069793462753296,2.7742023638723787
07,648,686,56,0.0376998707652092,2.8694404591104736
07,649,686,56,0.03797052428126335,2.8694404591104736
07,650,686,56,0.03942389786243439,2.8694404591104736
07,651,686,56,0.04058697447180748,2.8694404591104736
07,652,686,56,0.045344382524490356,2.8694404591104736
07,653,686,56,0.0472276546061039,2.8694404591104736
07,654,686,56,0.04691958799958229,2.8694404591104736
07,655,686,56,0.04846864193677902,2.8694404591104736
07,656,686,56,0.050560127943754196,2.8694404591104736
07,657,686,56,0.05291026830673218,2.8694404591104736
07,658,686,186,0.05932043120265007,69.53610712577714
07,659,686,186,0.05620022863149643,66.20277379244381
07,660,686,186,0.05612712353467941,62.86944045911047
07,661,686,186,0.06019869074225426,59.53610712577714
07,662,686,188,0.05981813371181488,54.786636605861844
07,663,686,188,0.06037307530641556,51.4392293502767
07,664,686,188,0.057458605617284775,48.09182209469153
07,665,686,188,0.059126175940036774,44.74523467923754
07,666,686,188,0.059819746762514114,41.42597526815604
07,667,686,188,0.059693653136491776,38.13404386144701
07,668,686,188,0.060560040175914764,34.86944045911047
07,669,686,189,0.06221676990389824,30.91999726719956
07,670,686,189,0.059755515307188034,27.594520735123318
07,671,686,189,0.057742491364479065,24.323700211792033
07,672,686,189,0.058330148458480835,21.107535697205712
07,673,686,189,0.05679944157600403,17.917059506729522
07,674,686,191,0.05709590017795563,14.01947120311539
07,675,686,191,0.05751366540789604,10.556534809045568
07,676,686,193,0.058402057737112045,8.339208854273418
07,677,686,193,0.058907173573970795,4.847304775568765
07,678,686,194,0.05777871236205101,2.225797636127622
07,679,686,194,0.05865118280053139,1.8721732595477214
07,680,686,194,0.05891476944088936,1.559950809592129
07,681,686,194,0.0590275377035141,1.3023843683815
07,682,686,194,0.058933574706315994,1.085400013664003
07,683,686,194,0.05932902917265892,0.9909817585570815
07,684,686,194,0.05968000739812851,0.9238915078226401
07,685,686,194,0.05913066864013672,0.8990230238436836
08,35,695,15,0.030662212520837784,2.7707180433148872
08,36,695,15,0.03079286590218544,2.4990776798524297
08,37,695,15,0.03149418532848358,2.2547653207624525
08,38,695,15,0.03213505074381828,2.0377809660449553
08,39,695,15,0.03222982957959175,1.8481246156999387
08,40,695,15,0.03251376375555992,1.6857962697274034
08,41,695,15,0.032472848892211914,1.5507959281273482
08,42,695,15,0.03217475488781929,1.4580173532827767
08,43,695,15,0.03054661862552166,1.4050010248001636
08,44,695,15,0.03142978623509407,1.4745507959281274
08,45,695,17,0.03142444044351578,1.4720912755346038
08,46,695,17,0.03090173751115799,1.3105827696932422
08,47,695,17,0.030198179185390472,1.2037302725968437
08,48,695,17,0.030422929674386978,1.1515337842454056
08,49,695,17,0.030385786667466164,1.169706907153105
08,50,695,17,0.03059573844075203,1.2541504406640709
08,51,695,17,0.03048154152929783,1.393249982919997
08,52,695,17,0.03145306929945946,1.631345221015235
08,53,695,17,0.031876299530267715,1.7265833162533302
08,54,695,17,0.031338583678007126,1.8218214114914255
08,55,695,17,0.031002946197986603,1.9170595067295206
08,56,695,17,0.03150700032711029,2.012297601967616
08,57,695,18,0.03184201568365097,1.2769010043041606
08,58,695,18,0.030147938057780266,1.3518480562956885
08,59,695,18,0.03038284182548523,1.4541231126596978
08,60,695,18,0.029675863683223724,1.5837261733961874
08,61,695,19,0.03001834824681282,0.976292956206873
08,62,695,23,0.030660219490528107,2.8448452551752412
08,63,695,23,0.030999360606074333,2.4912208785953402
08,64,695,23,0.030331093817949295,2.1649245063879214
08,65,695,23,0.03016151674091816,1.8659561385529824
08,66,695,23,0.030143802985548973,1.6895538703286201
08,67,695,27,0.03088098205626011,4.940083350413336
08,68,695,27,0.030046239495277405,4.491220878595341
08,69,695,29,0.0300158578902483,5.892464302794289
08,70,695,29,0.030902650207281113,5.3483637357381975
08,71,695,29,0.030633991584181786,4.831591173054588
08,72,695,29,0.030606258660554886,4.342146614743458
08,73,695,29,0.03086569905281067,3.8800300608048106
08,74,695,29,0.03085274249315262,3.4460613513698166
08,75,695,29,0.03130539506673813,3.0667486506797843
08,76,695,30,0.03149935230612755,3.0651089704174357
08,77,695,30,0.03168938681483269,2.596775295484047
08,78,695,32,0.030601607635617256,3.5591309694609556
08,79,695,32,0.031563933938741684,2.919792307166769
08,80,695,32,0.032225243747234344,2.322675411628066
08,81,695,32,0.031437601894140244,1.7802145248343235
08,82,695,32,0.032814327627420425,1.3400286944045918
08,83,695,32,0.03180284425616264,1.1457949033271846
08,84,695,32,0.03155897930264473,1.0335451253672208
08,85,695,32,0.03174320235848427,1.0181731229076993
08,86,695,32,0.031814321875572205,1.0847851335656213
08,87,695,32,0.03163999319076538,1.2027737924438064
08,88,695,32,0.032581351697444916,1.4408690305390446
08,89,695,32,0.034563884139060974,1.6789642686342827
08,90,695,32,0.03215574100613594,1.8218214114914255
08,91,695,32,0.032083358615636826,1.9646785543485683
08,92,695,32,0.031870484352111816,2.1075356972057113
08,93,695,33,0.032501839101314545,1.419758147161304
08,94,695,33,0.031801048666238785,1.5423242467718796
08,95,695,33,0.030708666890859604,1.6922183507549353
08,96,695,33,0.032521236687898636,1.8694404591104725
08,97,695,33,0.03147130459547043,2.012297601967615
08,98,695,33,0.030925948172807693,2.1551547448247583
08,99,695,33,0.03116658329963684,2.202773792443806
08,100,695,33,0.031654272228479385,2.2503928400628532
08,101,695,38,0.0318901464343071,2.4638928742228594
08,102,695,38,0.03237008675932884,2.205506592881054
08,103,695,38,0.0325840599834919,1.9744483159117288
08,104,695,38,0.032137177884578705,1.770718043314885
08,105,695,38,0.031738750636577606,1.5943157750905228
08,106,695,38,0.03154396265745163,1.4452415112386408
08,107,695,38,0.032638583332300186,1.323495251759239
08,108,695,42,0.032383259385824203,4.273416683746669
08,109,695,42,0.032401226460933685,3.8245542119286733
08,110,695,42,0.032146960496902466,3.4030197444831574
08,111,695,42,0.03237907588481903,3.008813281410123
08,112,695,42,0.03355316445231438,2.6419348227095703
08,113,695,42,0.031967729330062866,2.302384368381498
08,114,695,42,0.03246054798364639,2.0377809660449535
08,115,695,42,0.032112348824739456,1.8021452483432376
08,116,695,42,0.031772319227457047,1.621165539386485
08,117,695,42,0.03243091329932213,1.4948418391746943
08,118,695,42,0.03288157284259796,1.4231741477078639
08,119,695,42,0.031981367617845535,1.4061624649859938
08,120,695,42,0.031698986887931824,1.4438067910090855
08,121,695,42,0.03203919529914856,1.5361071257771404
08,122,695,42,0.03156391158699989,1.7265833162533308
08,123,695,42,0.03136368468403816,1.9170595067295213
08,124,695,42,0.031789422035217285,2.1075356972057118
08,125,695,42,0.03135066106915474,2.2980118876819025
08,126,695,42,0.03058975376188755,2.4884880781580927
08,127,695,42,0.031190386041998863,2.6789642686342834
08,128,695,42,0.03106459230184555,2.8694404591104736
08,129,695,42,0.031028471887111664,2.8694404591104736
08,130,695,42,0.030656272545456886,2.8694404591104736
08,131,695,42,0.03152281045913696,2.8694404591104736
08,132,695,42,0.030278386548161507,2.8694404591104736
08,133,695,42,0.029857240617275238,2.8694404591104736
08,134,695,42,0.0309930257499218,2.8694404591104736
08,135,695,42,0.03100302442908287,2.8694404591104736
08,136,695,42,0.03047090768814087,2.8694404591104736
08,137,695,42,0.030859390273690224,2.8694404591104736
08,138,695,42,0.030826963484287262,2.8694404591104736
08,139,695,42,0.031633153557777405,2.8694404591104736
08,140,695,42,0.030771203339099884,2.8694404591104736
08,141,695,42,0.031033387407660484,2.8694404591104736
08,142,695,42,0.03146522864699364,2.8694404591104736
08,143,695,42,0.02999858558177948,2.8694404591104736
08,144,695,46,0.03166724368929863,1.5254492040718732
08,145,695,46,0.030667293816804886,1.362301017968163
08,146,695,46,0.03162397816777229,1.2264808362369328
08,147,695,46,0.03175974637269974,1.1179886588781844
08,148,695,46,0.031699731945991516,1.0368244858919173
08,149,695,46,0.03186212107539177,0.9829883172781306
08,150,695,46,0.03094504214823246,0.9564801530368241
08,151,695,46,0.031441815197467804,0.9572999931679979
08,152,695,46,0.030794808641076088,0.985447837671653
08,153,695,46,0.032367780804634094,1.0409236865477898
08,154,695,46,0.03134433925151825,1.1237275397964068
08,155,695,46,0.031803254038095474,1.233859397417504
08,156,695,46,0.03241223469376564,1.3713192594110815
08,157,695,46,0.03209812939167023,1.5361071257771404
08,158,695,46,0.033379603177309036,1.7265833162533308
08,159,695,46,0.032145775854587555,1.9170595067295213
08,160,695,46,0.03212841600179672,2.1075356972057118
08,161,695,46,0.03216629847884178,2.2980118876819025
08,162,695,46,0.03216765448451042,2.4884880781580927
08,163,695,46,0.03203277662396431,2.6789642686342834
08,164,695,46,0.03160901740193367,2.8694404591104736
08,165,695,48,0.03131696209311485,1.533647605383618
08,166,695,51,0.03256729990243912,1.9263510282161644
08,167,695,51,0.03226836398243904,1.7155837944934067
08,168,695,51,0.03286450728774071,1.532144565143129
08,169,695,51,0.033513933420181274,1.3760333401653329
08,170,695,51,0.03272363170981407,1.2472501195600183
08,171,695,51,0.03259905427694321,1.145794903327184
08,172,695,51,0.0340535044670105,1.0716676914668297
08,173,695,56,0.033904727548360825,4.892464302794288
08,174,695,56,0.03315051645040512,4.443601830976292
08,175,695,56,0.03340396657586098,4.022067363530776
08,176,695,56,0.03296010196208954,3.6278609004577422
08,177,695,56,0.0336744524538517,3.2609824417571893
08,178,695,56,0.03384434059262276,2.9214319874291172
08,179,695,56,0.03287724032998085,2.6092095374735247
08,180,695,56,0.03317762911319733,2.324315091890413
08,181,695,56,0.03222576156258583,2.066748650679782
08,182,695,56,0.032648373395204544,1.8365102138416334
08,183,695,56,0.033106688410043716,1.6335997813759646
08,184,695,56,0.032204750925302505,1.4737309557969518
08,185,695,56,0.03489289432764053,1.3685181389629006
08,186,695,56,0.035497840493917465,1.4131994261119079
08,187,695,56,0.03783409297466278,1.5576962492313995
08,188,695,56,0.04080847650766373,1.7295210767233726
08,189,695,56,0.042498666793107986,1.928673908587826
08,190,695,56,0.044150855392217636,2.1551547448247597
08,191,695,56,0.04313448444008827,2.393249982919998
08,192,695,56,0.04517710581421852,2.6313452210152355
08,193,695,58,0.04847882315516472,1.533647605383618
08,194,695,60,0.04070039466023445,1.4302111088337779
08,195,695,60,0.04254459589719772,1.2670629227300676
08,196,695,60,0.04207025468349457,1.1312427409988377
08,197,695,60,0.041880324482917786,1.022750563640089
08,198,695,60,0.04208231717348099,0.9415863906538222
08,199,695,61,0.042153630405664444,1.029445924711349
08,200,695,61,0.042926475405693054,0.8874086219853797
08,201,695,61,0.04174475744366646,0.8000273280043709
08,202,695,61,0.04173002019524574,0.7673020427683254
08,203,695,61,0.04158410429954529,0.7751588440254145
08,204,695,61,0.041299790143966675,0.8252374120379858
08,205,695,61,0.04084315523505211,0.9150782264125157
08,206,695,61,0.04278358817100525,1.032247045159527
08,207,695,63,0.044004470109939575,1.0004782400765173
08,208,695,63,0.041060805320739746,0.846826535492245
08,209,695,63,0.03867484629154205,0.7751588440254145
08,210,695,64,0.041552405804395676,0.8990230238436843
08,211,695,64,0.041034847497940063,0.6853180296508847
08,212,695,64,0.04118405655026436,0.5809250529480072
08,213,695,64,0.04089348763227463,0.5842044134727047
08,214,695,64,0.041697949171066284,0.7506319601011123
08,215,695,64,0.04179074987769127,0.8740178998428628
08,216,695,64,0.04238038510084152,1.024731843957095
08,217,695,64,0.04276607558131218,1.202773792443807
08,218,695,64,0.042406026273965836,1.3932499829199976
08,219,695,64,0.04076367989182472,1.583726173396188
08,220,695,64,0.039723485708236694,1.7265833162533308
08,221,695,64,0.03972276672720909,1.8694404591104739
08,222,695,64,0.03742212802171707,2.0122976019676164
08,223,695,64,0.03813553601503372,2.1551547448247597
08,224,695,64,0.03702804073691368,2.2980118876819025
08,225,695,66,0.03613462671637535,1.1050761768121895
08,226,695,66,0.03078560158610344,1.1800232288037174
08,227,695,66,0.030761554837226868,1.2822982851677267
08,228,695,66,0.033067166805267334,1.316663250666121
08,229,695,66,0.0334477536380291,1.3783562205369957
08,230,695,66,0.034432828426361084,1.4673771947803518
08,231,695,67,0.03457823023200035,0.9191774270683881
08,232,695,67,0.03495447337627411,0.8997062239529957
08,233,695,68,0.03495727479457855,0.6972740315638463
08,234,695,68,0.034271784126758575,0.5896016943362715
08,235,695,68,0.03389213606715202,0.5506592881054867
08,236,695,68,0.03405080735683441,0.593700894992144
08,237,695,70,0.03446036949753761,1.2257976361276222
08,238,695,75,0.033844634890556335,5.701988112318098
08,239,695,75,0.03483496978878975,5.205506592881055
08,240,695,75,0.03470928221940994,4.736353077816493
08,241,695,75,0.03368609398603439,4.294527567124411
08,242,695,80,0.032832253724336624,8.368654778984766
08,243,695,80,0.03168376162648201,7.634078021452485
08,244,695,80,0.029396086931228638,6.926829268292683
08,245,695,80,0.03306315839290619,6.246908519505362
08,246,695,80,0.035836704075336456,5.689553870328619
08,247,695,75,0.034988321363925934,3.598414975746396
08,248,695,75,0.03300681710243225,3.443123590899775
08,249,695,75,0.03353571146726608,3.315160210425634
08,250,695,75,0.03422972932457924,3.2145248343239734
08,251,695,75,0.033406708389520645,3.141217462594794
08,252,695,75,0.033239737153053284,3.142857142857143
08,253,695,75,0.03442700579762459,3.171824827491972
08,254,695,75,0.033525560051202774,3.27573956411833
08,255,695,70,0.03446386009454727,7.91705950672952
08,256,695,70,0.0334790013730526,8.012297601967614
08,257,695,70,0.03348211199045181,8.10753569720571
08,258,695,70,0.03274361416697502,8.10753569720571
08,259,695,70,0.03305618464946747,7.869440459110471
08,260,695,70,0.03414596617221832,7.631345221015233
08,261,695,70,0.03412831947207451,7.393249982919995
08,262,695,70,0.03465581685304642,7.155154744824758
08,263,695,70,0.03668656945228577,6.678964268634282
08,264,695,70,0.03789183124899864,6.202773792443805
08,265,695,70,0.037559378892183304,5.72658331625333
08,266,695,70,0.03872639313340187,5.250392840062854
08,267,695,70,0.03815430402755737,4.774202363872378
08,268,695,70,0.039250656962394714,4.53610712577714
08,269,695,70,0.03918161615729332,4.298011887681902
08,270,695,70,0.03710658475756645,4.059916649586664
08,271,695,70,0.037601813673973083,3.8218214114914253
08,272,695,70,0.037401068955659866,3.5837261733961876
08,273,695,70,0.03889188542962074,3.3456309353009495
08,274,695,70,0.03871512785553932,3.1075356972057113
08,275,695,70,0.03910966217517853,2.869440459110473
08,276,695,70,0.038625556975603104,2.869440459110473
08,277,695,70,0.03817898407578468,2.869440459110473
08,278,695,70,0.03758857399225235,2.869440459110473
08,279,695,70,0.037324730306863785,2.869440459110473
08,280,695,70,0.038406435400247574,2.869440459110473
08,281,695,70,0.03858695924282074,2.869440459110473
08,282,695,70,0.03912065550684929,2.869440459110473
08,283,695,70,0.03764979541301727,2.869440459110473
08,284,695,70,0.03871602937579155,2.869440459110473
08,285,695,70,0.03809630870819092,2.869440459110473
08,286,695,70,0.03747241199016571,2.869440459110473
08,287,695,70,0.03855494037270546,2.869440459110473
08,288,695,70,0.03859008476138115,2.869440459110473
08,289,695,70,0.03757065162062645,2.869440459110473
08,290,695,70,0.038038190454244614,2.869440459110473
08,291,695,70,0.039215486496686935,2.869440459110473
08,292,695,70,0.037791140377521515,2.869440459110473
08,293,695,70,0.03854277357459068,2.869440459110473
08,294,695,70,0.03775576502084732,2.869440459110473
08,295,695,70,0.03775272145867348,2.869440459110473
08,296,695,70,0.03709213808178902,2.869440459110473
08,297,695,70,0.03711143136024475,2.869440459110473
08,298,695,70,0.03829246386885643,2.869440459110473
08,299,695,70,0.03739437833428383,2.869440459110473
08,300,695,70,0.038382209837436676,2.869440459110473
08,301,695,70,0.03838100656867027,2.869440459110473
08,302,695,70,0.0390620157122612,2.869440459110473
08,303,695,70,0.03907874971628189,2.869440459110473
08,304,695,70,0.04055020213127136,2.869440459110473
08,305,695,70,0.04062730818986893,2.869440459110473
08,306,695,70,0.039195116609334946,2.869440459110473
08,307,695,70,0.03875359892845154,2.869440459110473
08,308,695,70,0.038651227951049805,2.869440459110473
08,309,695,70,0.03964691981673241,2.869440459110473
08,310,695,70,0.039531439542770386,2.869440459110473
08,311,695,70,0.03982533887028694,2.869440459110473
08,312,695,70,0.04006170481443405,2.869440459110473
08,313,695,70,0.041118282824754715,2.869440459110473
08,314,695,70,0.03914568945765495,2.869440459110473
08,315,695,70,0.03974828124046326,2.869440459110473
08,316,695,70,0.04007124900817871,2.869440459110473
08,317,695,70,0.03988759219646454,2.869440459110473
08,318,695,70,0.04004240781068802,2.869440459110473
08,319,695,70,0.039052605628967285,2.869440459110473
08,320,695,70,0.03928012028336525,2.869440459110473
08,321,695,70,0.039356786757707596,2.869440459110473
08,322,695,70,0.04025818780064583,2.869440459110473
08,323,695,70,0.040969956666231155,2.869440459110473
08,324,695,70,0.04209902137517929,2.869440459110473
08,325,695,70,0.04133034870028496,2.869440459110473
08,326,695,70,0.04014022275805473,2.869440459110473
08,327,695,70,0.04191679507493973,2.869440459110473
08,328,695,70,0.043224405497312546,2.869440459110473
08,329,695,75,0.044169966131448746,2.0215891234542602
08,330,695,81,0.042495664209127426,7.368654778984767
08,331,695,81,0.043334998190402985,6.872173259547723
08,332,695,81,0.04266391694545746,6.403019744483159
08,333,695,81,0.041679371148347855,5.961194233791078
08,334,695,84,0.041565243154764175,8.130559540889529
08,335,695,84,0.040835484862327576,7.491220878595342
08,336,695,84,0.040280140936374664,6.879210220673635
08,337,695,84,0.04130855202674866,6.294527567124412
08,338,695,84,0.04195251688361168,5.7371729179476665
08,339,695,84,0.04061681777238846,5.207146273143404
08,340,695,84,0.040876470506191254,4.704447632711621
08,341,695,84,0.04103190824389458,4.243970759035322
08,342,695,84,0.04154453054070473,3.838149894103983
08,343,695,84,0.04175567254424095,3.4869850379176057
08,344,695,84,0.04211178421974182,3.1904761904761907
08,345,695,84,0.04195699468255043,2.9337295893967337
08,346,695,84,0.042928289622068405,2.7043109926897584
08,347,695,84,0.04073033481836319,2.5022204003552635
08,348,695,84,0.04293655604124069,2.32745781239325
08,349,695,84,0.04309436306357384,2.1800232288037167
08,350,695,84,0.04193106293678284,2.2980118876819016
08,351,695,84,0.04354074224829674,2.4408690305390444
08,352,695,88,0.04187920317053795,1.5072760811641732
08,353,695,88,0.041518308222293854,1.3395504543280725
08,354,695,88,0.041900575160980225,1.2264808362369335
08,355,695,93,0.04233415797352791,5.130559540889527
08,356,695,93,0.041825003921985626,4.729316116690579
08,357,695,93,0.04182122275233269,4.355400696864112
08,358,695,93,0.04277016222476959,4.008813281410125
08,359,695,93,0.041876040399074554,3.6895538703286186
08,360,695,97,0.040841203182935715,6.797226207556195
08,361,695,97,0.04130877926945686,6.205506592881055
08,362,695,97,0.0419250950217247,5.641114982578397
08,363,695,97,0.0417129322886467,5.10405137664822
08,364,695,97,0.043561901897192,4.594315775090523
08,365,695,97,0.042793095111846924,4.111908177905308
08,366,695,97,0.0417773462831974,3.656828585092573
08,367,695,97,0.040899842977523804,3.2290769966523194
08,368,695,97,0.03986453264951706,2.828653412584546
08,369,695,97,0.04071458429098129,2.457197513151602
08,370,695,97,0.04043577238917351,2.140397622463619
08,371,695,97,0.0426093228161335,1.8782537405205981
08,372,695,97,0.04129496216773987,1.6707658673225378
08,373,695,97,0.0416039302945137,1.7084101933456308
08,374,695,97,0.04114951193332672,1.7990708478513358
08,375,695,97,0.0414726547896862,1.9170595067295206
08,376,695,97,0.04145722836256027,2.1075356972057113
08,377,695,97,0.04053433611989021,2.2980118876819016
08,378,695,97,0.0394490621984005,2.4884880781580923
08,379,695,97,0.040851250290870667,2.6789642686342825
08,380,695,97,0.0398828461766243,2.869440459110473
08,381,695,97,0.041134100407361984,2.869440459110473
08,382,695,97,0.04202117398381233,2.869440459110473
08,383,695,97,0.04205262288451195,2.869440459110473
08,384,695,97,0.04224215820431709,2.869440459110473
08,385,695,97,0.04275406152009964,2.869440459110473
08,386,695,97,0.04208739474415779,2.869440459110473
08,387,695,97,0.04257809743285179,2.869440459110473
08,388,695,97,0.04098339006304741,2.869440459110473
08,389,695,97,0.039936915040016174,2.869440459110473
08,390,695,97,0.0397549569606781,2.869440459110473
08,391,695,97,0.03990831598639488,2.869440459110473
08,392,695,97,0.03914820775389671,2.869440459110473
08,393,695,97,0.03876246139407158,2.869440459110473
08,394,695,97,0.03882153704762459,2.869440459110473
08,395,695,97,0.039599087089300156,2.869440459110473
08,396,695,97,0.038713425397872925,2.869440459110473
08,397,695,97,0.0401674322783947,2.869440459110473
08,398,695,97,0.039644137024879456,2.869440459110473
08,399,695,97,0.03914922475814819,2.869440459110473
08,400,695,97,0.03809712827205658,2.869440459110473
08,401,695,97,0.03731878846883774,2.869440459110473
08,402,695,97,0.03784584626555443,2.869440459110473
08,403,695,97,0.038177914917469025,2.869440459110473
08,404,695,97,0.03844454884529114,2.869440459110473
08,405,695,123,0.03765415400266647,21.892464302794288
08,406,695,123,0.037884823977947235,20.681697069071532
08,407,695,123,0.037641383707523346,19.498257839721255
08,408,695,123,0.037724677473306656,18.342146614743463
08,409,695,123,0.037506651133298874,17.213363394138145
08,410,695,123,0.03829994797706604,16.11190817790531
08,411,695,123,0.03910798579454422,15.037780966044952
08,412,695,123,0.0399232842028141,13.990981758557078
08,413,695,123,0.03898555412888527,12.971510555441688
08,414,695,123,0.039539601653814316,11.979367356698775
08,415,695,123,0.039152443408966064,11.014552162328345
08,416,695,123,0.0392426922917366,10.077064972330394
08,417,695,123,0.03847278654575348,9.166905786704925
08,418,695,123,0.037789374589920044,8.284074605451938
08,419,695,123,0.03843867406249046,7.428571428571427
08,420,695,123,0.0388956181704998,6.600396256063401
08,421,695,122,0.038431428372859955,6.370977659356425
08,422,695,122,0.03817242756485939,5.645077543212406
08,423,695,122,0.0388360396027565,4.946505431440869
08,424,695,122,0.038926318287849426,4.275261324041812
08,425,695,122,0.040189966559410095,3.631345221015235
08,426,695,123,0.03882845118641853,2.753091480494637
08,427,695,123,0.03803472965955734,2.6851813896290215
08,428,695,123,0.038615599274635315,2.6445993031358883
08,429,695,123,0.03898892179131508,2.631345221015235
08,430,695,123,0.03873736038804054,2.631345221015235
08,431,695,123,0.03917453810572624,2.631345221015235
08,432,695,123,0.039359185844659805,2.631345221015235
08,433,695,123,0.04087890684604645,2.631345221015235
08,434,695,123,0.0402279794216156,2.631345221015235
08,435,695,122,0.0409308485686779,3.5837261733961876
08,436,695,122,0.04049135372042656,3.5361071257771397
08,437,695,122,0.040281374007463455,3.4884880781580923
08,438,695,122,0.0415651910007,3.4408690305390444
08,439,695,123,0.04274514317512512,2.5626152900184462
08,440,695,123,0.04578884690999985,2.4947051991528313
08,441,695,123,0.04477367922663689,2.4541231126596976
08,442,695,125,0.04709656164050102,1.5328277652524425
08,443,695,125,0.04765170440077782,1.4843888775022198
08,444,695,125,0.0444512739777565,1.4359499897519985
08,445,695,125,0.04362734779715538,1.3875111020017759
08,446,695,125,0.04484700784087181,1.35478581676573
08,447,695,125,0.047271858900785446,1.3290974926555985
08,448,695,125,0.04506056383252144,1.3580651772904275
08,449,695,125,0.045694317668676376,1.4408690305390446
08,450,695,125,0.045148443430662155,1.5361071257771397
08,451,695,125,0.044178999960422516,1.631345221015235
08,452,695,125,0.04470379278063774,1.7265833162533302
08,453,695,127,0.04503796994686127,0.68156042904967
08,454,695,127,0.04575539752840996,0.5896016943362709
08,455,695,127,0.044904597103595734,0.5796269727403163
08,456,695,127,0.04683851823210716,0.6976156316185014
08,457,695,127,0.04520874470472336,0.8545466967274711
08,458,695,127,0.04186403006315231,1.0388057662089225
08,459,695,127,0.04130002483725548,1.2503928400628541
08,460,695,127,0.04367261752486229,1.4408690305390446
08,461,695,129,0.04263429343700409,0.7221425155428035
08,462,695,129,0.042265888303518295,0.6848397895743661
08,463,695,129,0.04211345314979553,0.631823461091753
08,464,695,129,0.0381573811173439,0.6334631413541031
08,465,695,129,0.03672541677951813,0.6897588303614122
08,466,695,129,0.03605383634567261,0.8007105281136844
08,467,695,129,0.034198060631752014,0.9646785543485683
08,468,695,132,0.03403233364224434,1.701988112318099
08,469,695,132,0.03200291097164154,1.3959827833572458
08,470,695,132,0.030898533761501312,1.1173054587688729
08,471,695,132,0.030532436445355415,0.8816697410671599
08,472,695,133,0.032622482627630234,1.335109653617545
08,473,695,133,0.03376372158527374,1.0228872036619527
08,474,695,133,0.03318588808178902,0.8605588576894162
08,475,695,133,0.031395893543958664,0.7545262007241927
08,476,695,136,0.03223647177219391,2.9400833504133366
08,477,695,136,0.03196049481630325,2.538839926214388
08,478,695,136,0.03224717825651169,2.16492450638792
08,479,695,138,0.03162909299135208,3.5591309694609556
08,480,695,138,0.03146841749548912,3.062649450023912
08,481,695,138,0.03332137316465378,2.5934959349593485
08,482,695,138,0.03192376345396042,2.246908519505363
08,483,695,138,0.03143474832177162,1.928468948555032
08,484,695,138,0.029960040003061295,1.664685386349661
08,485,695,138,0.03193959966301918,1.4555578328892531
08,486,695,138,0.03238110616803169,1.300266448042632
08,487,695,138,0.0330004058778286,1.1723030675684911
08,488,695,138,0.03159541264176369,1.0716676914668304
08,489,695,138,0.03236742317676544,1.1412174625947928
08,490,695,138,0.0328952893614769,1.2538088406094137
08,491,695,138,0.03202393278479576,1.421056227368995
08,492,695,138,0.031145155429840088,1.6429596228735395
08,493,695,138,0.031787097454071045,1.8694404591104732
08,494,695,138,0.03217216953635216,2.1075356972057113
08,495,695,138,0.033101458102464676,2.3456309353009495
08,496,695,138,0.03313135355710983,2.5837261733961876
08,497,695,138,0.032729506492614746,2.6789642686342825
08,498,695,138,0.03321800008416176,2.774202363872378
08,499,695,138,0.03242146596312523,2.869440459110473
08,500,695,138,0.03199652582406998,2.869440459110473
08,501,695,138,0.032061271369457245,2.869440459110473
08,502,695,138,0.03317562863230705,2.869440459110473
08,503,695,138,0.032673101872205734,2.869440459110473
08,504,695,138,0.03261728212237358,2.869440459110473
08,505,695,138,0.031902920454740524,2.869440459110473
08,506,695,138,0.031362321227788925,2.869440459110473
08,507,695,138,0.03276697173714638,2.869440459110473
08,508,695,138,0.0323895663022995,2.869440459110473
08,509,695,146,0.03286129981279373,4.749607159937146
08,510,695,146,0.03249255567789078,4.395982783357245
08,511,695,146,0.031738217920064926,4.069686411149824
08,512,695,146,0.03223292529582977,3.7707180433148872
08,513,695,146,0.032675836235284805,3.4990776798524297
08,514,695,146,0.031562868505716324,3.2547653207624525
08,515,695,146,0.032093968242406845,3.0377809660449553
08,516,695,146,0.03175017982721329,2.8481246156999385
08,517,695,146,0.03228910639882088,2.685796269727402
08,518,695,146,0.03189142048358917,2.5507959281273482
08,519,695,146,0.030714217573404312,2.443123590899775
08,520,695,146,0.03084813803434372,2.3627792580446814
08,521,695,146,0.030575299635529518,2.3097629295620683
08,522,695,146,0.03059716336429119,2.2840746054519356
08,523,695,146,0.03093755431473255,2.2857142857142856
08,524,695,146,0.03109118901193142,2.314681970349116
08,525,695,146,0.030628401786088943,2.3709776593564262
08,526,695,152,0.03077514097094536,3.987702398032384
08,527,695,152,0.03042569011449814,3.3483637357381975
08,528,695,152,0.03108271211385727,2.7363530778164913
08,529,695,152,0.03038843162357807,2.151670424267268
08,530,695,152,0.03090772219002247,1.9752681560429057
08,531,695,152,0.03034893423318863,1.826193892191024
08,532,695,152,0.030545249581336975,1.704447632711622
08,533,695,152,0.031879130750894547,1.6100293776047006
08,534,695,152,0.030883651226758957,1.5429391268702592
08,535,695,152,0.031579699367284775,1.5031768805083008
08,536,695,152,0.032032083719968796,1.4907426385188225
08,537,695,152,0.032713331282138824,1.5056364009018244
08,538,695,152,0.032197725027799606,1.5478581676573067
08,539,695,152,0.03286626562476158,1.617407938785269
08,540,695,152,0.032326590269804,1.7142857142857142
08,541,695,152,0.03208550438284874,1.8384914941586399
08,542,695,152,0.030764782801270485,1.9900252784040455
08,543,695,152,0.03042503632605076,2.1688870670219313
08,544,695,152,0.03030664473772049,2.3750768600122973
08,545,695,152,0.03087257407605648,2.6085946573751437
08,546,695,152,0.03058737702667713,2.869440459110473
08,547,695,152,0.030586237087845802,2.869440459110473
08,548,695,152,0.03081672079861164,2.869440459110473
08,549,695,152,0.030535509809851646,2.869440459110473
08,550,695,155,0.03196457028388977,1.3664002186240347
08,551,695,155,0.03181556612253189,1.250871080139372
08,552,695,155,0.03074580430984497,1.1626699460271896
08,553,695,155,0.03190886974334717,1.10179681628749
08,554,695,155,0.03165072202682495,1.0682516909202708
08,555,695,155,0.03153981640934944,1.0620345699255316
08,556,695,155,0.031085185706615448,1.0831454533032727
08,557,695,155,0.030636699870228767,1.131584341053494
08,558,695,155,0.030978741124272346,1.2073512331761955
08,559,695,155,0.031710632145404816,1.3104461296713799
08,560,695,155,0.0321473591029644,1.4408690305390446
08,561,695,155,0.03258216753602028,1.5837261733961874
08,562,695,155,0.03315923735499382,1.7265833162533302
08,563,695,155,0.03290604427456856,1.8694404591104732
08,564,695,155,0.03270755335688591,2.012297601967616
08,565,695,158,0.032294344156980515,1.0497369679579156
08,566,695,158,0.0315641351044178,0.9428844708615158
08,567,695,160,0.031733106821775436,2.0353214456514315
08,568,695,162,0.0326126404106617,3.5591309694609556
08,569,695,162,0.03230240195989609,3.1102684976429593
08,570,695,162,0.032489556819200516,2.688734030197444
08,571,695,162,0.033675216138362885,2.4373847099815538
08,572,695,162,0.03392025828361511,2.213363394138144
08,573,695,162,0.03399747610092163,2.0166700826672144
08,574,695,162,0.03307417780160904,1.8481246156999387
08,575,695,162,0.034021902829408646,1.7334153173464497
08,576,695,162,0.03317870572209358,1.6460340233654436
08,577,695,162,0.032409846782684326,1.5859807337569176
08,578,695,162,0.03166484832763672,1.553255448520872
08,579,695,162,0.03140316531062126,1.5494978479196566
08,580,695,162,0.032317109405994415,1.6003962560634017
08,581,695,162,0.032616496086120605,1.7043109926897597
08,582,695,162,0.03351467475295067,1.835553733688598
08,583,695,162,0.03297668695449829,1.9941244790599166
08,584,695,162,0.03260204941034317,2.1800232288037154
08,585,695,162,0.03368066996335983,2.393249982919997
08,586,695,162,0.032779447734355927,2.5837261733961876
08,587,695,162,0.03293368220329285,2.774202363872378
08,588,695,162,0.032007019966840744,2.869440459110473
08,589,695,162,0.03193708136677742,2.869440459110473
08,590,695,162,0.032472748309373856,2.869440459110473
08,591,695,162,0.03271020948886871,2.869440459110473
08,592,695,162,0.03309447690844536,2.869440459110473
08,593,695,162,0.03331286087632179,2.869440459110473
08,594,695,162,0.03301707282662392,2.869440459110473
08,595,695,162,0.03383103013038635,2.869440459110473
08,596,695,162,0.0328313447535038,2.869440459110473
08,597,695,162,0.03193323686718941,2.869440459110473
08,598,695,162,0.03246878832578659,2.869440459110473
08,599,695,162,0.03272668272256851,2.869440459110473
08,600,695,162,0.0319368913769722,2.869440459110473
08,601,695,162,0.0339699313044548,2.869440459110473
08,602,695,162,0.03314521908760071,2.869440459110473
08,603,695,162,0.034088145941495895,2.869440459110473
08,604,695,162,0.03394431993365288,2.869440459110473
08,605,695,162,0.034699950367212296,2.869440459110473
08,606,695,162,0.03398686274886131,2.869440459110473
08,607,695,162,0.03389216214418411,2.869440459110473
08,608,695,162,0.03394899144768715,2.869440459110473
08,609,695,162,0.03370896726846695,2.869440459110473
08,610,695,162,0.035577867180109024,2.869440459110473
08,611,695,162,0.03492963686585426,2.869440459110473
08,612,695,172,0.034216396510601044,6.6543690646990505
08,613,695,172,0.03363037109375,6.205506592881055
08,614,695,172,0.03361434489488602,5.783972125435539
08,615,695,172,0.03413362056016922,5.389765662362506
08,616,695,172,0.033970121294260025,5.022887203661954
08,617,695,172,0.03325219079852104,4.683336749333881
08,618,695,172,0.0330425389111042,4.371114299378289
08,619,695,173,0.03200911357998848,4.4936803989888645
08,620,695,173,0.03228049725294113,4.12058481929357
08,621,695,173,0.03151350095868111,3.8021452483432383
08,622,695,173,0.03211567923426628,3.53836168613787
08,623,695,173,0.03207801282405853,3.315160210425634
08,624,695,173,0.03141843155026436,3.119286739085878
08,625,695,173,0.03134610131382942,2.950741272118602
08,626,695,173,0.03234344348311424,2.8095238095238093
08,627,695,173,0.03168866038322449,2.695634351301497
08,628,695,177,0.03141655772924423,3.368654778984765
08,629,695,177,0.03102407604455948,2.681697069071531
08,630,695,177,0.03158000856637955,2.0377809660449526
08,631,695,177,0.031267937272787094,1.4485208717633375
08,632,695,177,0.03091597370803356,0.9139167862266856
08,633,695,177,0.031046096235513687,0.8141012502562013
08,634,695,185,0.03167819231748581,7.6543690646990505
08,635,695,185,0.03239111229777336,7.062649450023912
08,636,695,185,0.030729712918400764,6.498257839721253
08,637,695,185,0.030329521745443344,5.961194233791078
08,638,695,185,0.03136902675032616,5.451458632233382
08,639,695,185,0.03129853680729866,4.9690510350481665
08,640,695,185,0.03189031407237053,4.5615904898544795
08,641,695,185,0.031957026571035385,4.1814579490332715
08,642,695,185,0.031316664069890976,3.828653412584545
08,643,695,185,0.03059464320540428,3.503176880508301
08,644,695,185,0.03212351351976395,3.2050283528045367
08,645,695,185,0.032074909657239914,2.934207829473253
08,646,695,185,0.03180001303553581,2.6907153105144497
08,647,695,185,0.033142901957035065,2.4745507959281263
08,648,695,185,0.033330462872982025,2.2857142857142856
08,649,695,185,0.0340997613966465,2.314681970349116
08,650,695,185,0.03498631343245506,2.3709776593564262
08,651,695,185,0.03693808615207672,2.454601352736217
08,652,695,186,0.0381193682551384,1.9253945480631278
08,653,695,186,0.03735749050974846,1.9481451117032162
08,654,695,186,0.03983674943447113,2.025551684088268
08,655,695,186,0.040560171008110046,2.0599166495866634
08,656,695,186,0.04196687787771225,2.1075356972057113
08,657,695,186,0.042409416288137436,2.1551547448247588
08,658,695,188,0.04411313682794571,1.080685932909749
08,659,695,188,0.04804011434316635,0.96597663455626
08,660,695,188,0.044037725776433945,0.9059233449477314
08,661,695,188,0.04368813335895538,0.9005260640841687
08,662,695,190,0.04570454731583595,1.164446266311402
08,663,695,190,0.04723630100488663,0.9536790325886441
08,664,695,190,0.04518619179725647,0.7702398032383664
08,665,695,190,0.04471970349550247,0.6149484183917453
08,666,695,191,0.04233992099761963,1.04939536790326
08,667,695,191,0.04247968643903732,0.8324110131857629
08,668,695,191,0.04479138180613518,0.6700826672132264
08,669,695,191,0.044252265244722366,0.5773040923686549
08,670,695,191,0.04401141032576561,0.5681492109038713
08,671,695,191,0.0432879813015461,0.6409783425565311
08,672,695,192,0.04470454528927803,0.5665095306415266
08,673,695,192,0.042527440935373306,0.5424608867937438
08,674,695,192,0.04487265646457672,0.6003962560634017
08,675,695,192,0.04556550830602646,0.7403156384505029
08,676,695,192,0.04445115849375725,0.946505431440869
08,677,695,192,0.044425118714571,1.1800232288037154
08,678,695,194,0.04331004619598389,0.6079114572658352
08,679,695,194,0.04560692980885506,0.5035184805629564
08,680,695,194,0.04569220915436745,0.5067978410876511
08,681,695,194,0.0481082983314991,0.5920612147297918
08,682,695,194,0.047327037900686264,0.7593086014893758
08,683,695,194,0.04686732590198517,0.8959486233517796
08,684,695,194,0.046074096113443375,1.0599166495866637
08,685,695,194,0.04622288793325424,1.2503928400628541
08,686,695,194,0.04726416990160942,1.4408690305390446
08,687,695,194,0.046967387199401855,1.5837261733961874
08,688,695,194,0.04748482629656792,1.7265833162533302
08,689,695,194,0.04755115509033203,1.8694404591104732
08,690,695,194,0.047849029302597046,2.012297601967616
08,691,695,194,0.04827567934989929,2.1551547448247588
08,692,695,194,0.046622633934020996,2.2980118876819016
08,693,695,194,0.04813995957374573,2.393249982919997
08,694,695,194,0.05150599405169487,2.4884880781580923
09,35,712,9,0.0332249253988266,0.98298831727813
09,36,712,9,0.033023856580257416,0.9564801530368234
09,37,712,15,0.03279755637049675,5.3210357313657175
09,38,712,15,0.0324973538517952,4.872173259547721
09,39,712,15,0.03357282280921936,4.450638792102207
09,40,712,15,0.03320729732513428,4.056432329029173
09,41,712,15,0.03261842578649521,3.68955387032862
09,42,712,15,0.033047307282686234,3.350003416000548
09,43,712,15,0.0336722806096077,3.0377809660449553
09,44,712,15,0.032205790281295776,2.7528865204618436
09,45,712,15,0.03383289650082588,2.4953200792512127
09,46,712,15,0.03213372826576233,2.2650816424130626
09,47,712,17,0.032740380614995956,2.6311402609824417
09,48,712,17,0.03315351530909538,2.1971715515474477
09,49,712,17,0.032869961112737656,1.8178588508574154
09,50,712,17,0.03288864344358444,1.4932021589123448
09,51,712,17,0.03273613750934601,1.4136776661884265
09,52,712,17,0.03283267095685005,1.3888091822094701
09,53,712,17,0.03332372382283211,1.4185967069754741
09,54,712,17,0.03278615325689316,1.5022204003552648
09,55,712,17,0.03368737921118736,1.6131720981075357
09,56,712,17,0.03308822959661484,1.751451800232288
09,57,712,18,0.03279954940080643,1.0864248138279702
09,58,712,18,0.03380371630191803,1.161371865819498
09,59,712,18,0.03444259241223335,1.2636469221835074
09,60,712,18,0.03313296288251877,1.393249982919997
09,61,712,18,0.03311682865023613,1.5361071257771397
09,62,712,18,0.032874464988708496,1.6789642686342827
09,63,712,18,0.032270390540361404,1.8218214114914255
09,64,712,18,0.03330104053020477,1.9646785543485683
09,65,712,18,0.03330973535776138,2.1075356972057113
09,66,712,18,0.0328962467610836,2.250392840062854
09,67,712,23,0.033363595604896545,2.368654778984765
09,68,712,23,0.03283282741904259,2.1102684976429593
09,69,712,25,0.03320654109120369,3.7019881123180984
09,70,712,25,0.03363462910056114,3.3483637357381975
09,71,712,25,0.03439689427614212,3.022067363530778
09,72,712,25,0.03442256152629852,2.7230989956958394
09,73,712,25,0.03462958335876465,2.451458632233382
09,74,712,25,0.03515142202377319,2.2079661132745785
09,75,712,25,0.03415132313966751,2.019129603060737
09,76,712,25,0.03547050431370735,1.8841292614606817
09,77,712,25,0.035541683435440063,1.776456924233108
09,78,712,25,0.0364496111869812,1.7437316389970625
09,79,712,25,0.03689078614115715,1.7383343581334971
09,80,712,29,0.03649928420782089,3.4638928742228603
09,81,712,30,0.03506260737776756,3.8924643027942887
09,82,712,30,0.03563082218170166,3.3483637357381975
09,83,712,30,0.036088261753320694,2.831591173054588
09,84,712,30,0.03437616303563118,2.356220536995287
09,85,712,31,0.03505899757146835,2.5732048917127837
09,86,712,31,0.0346648208796978,2.0228872036619534
09,87,712,31,0.034943629056215286,1.5280453644872585
09,88,712,32,0.035769809037446976,1.8932841429254625
09,89,712,32,0.0357997827231884,1.5342624854819977
09,90,712,32,0.03690442070364952,1.3524629363940701
09,91,712,32,0.036616113036870956,1.2675411628065862
09,92,712,32,0.037718307226896286,1.2621438819430209
09,93,712,32,0.038070786744356155,1.284074605451937
09,94,712,32,0.037128694355487823,1.3333333333333333
09,95,712,32,0.0361977145075798,1.4099200655872113
09,96,712,32,0.03663145378232002,1.5138348022135693
09,97,712,32,0.03375585749745369,1.6450775432124076
09,98,712,32,0.03466907888650894,1.8036482885837262
09,99,712,32,0.034835174679756165,1.9895470383275262
09,100,712,32,0.03539101406931877,2.2027737924438062
09,101,712,32,0.03434157371520996,2.3456309353009495
09,102,712,33,0.0331995002925396,1.6102343376374946
09,103,712,33,0.03381844982504845,1.6851813896290224
09,104,712,33,0.0338023379445076,1.7874564459930304
09,105,712,33,0.034905169159173965,1.91705950672952
09,106,712,33,0.0336199589073658,2.012297601967615
09,107,712,33,0.03418588638305664,2.1075356972057104
09,108,712,33,0.03425729274749756,2.202773792443806
09,109,712,33,0.03360838070511818,2.2503928400628532
09,110,712,33,0.03322485461831093,2.298011887681901
09,111,712,33,0.03318249434232712,2.3456309353009486
09,112,712,33,0.03265407681465149,2.393249982919996
09,113,712,33,0.03355724364519119,2.440869030539044
09,114,712,33,0.033213842660188675,2.4884880781580914
09,115,712,33,0.0339038111269474,2.5361071257771393
09,116,712,33,0.0339047871530056,2.5837261733961867
09,117,712,38,0.03318922221660614,2.1305595408895264
09,118,712,38,0.03462233394384384,1.8721732595477207
09,119,712,38,0.03442709892988205,1.6411149825783955
09,120,712,38,0.033525072038173676,1.4530983124957273
09,121,712,38,0.03300625458359718,1.3197376511580223
09,122,712,38,0.033906832337379456,1.241032998565279
09,123,712,38,0.03393997624516487,1.166905786704925
09,124,712,38,0.03322326019406319,1.120106579217051
09,125,712,38,0.03331521153450012,1.1006353761016587
09,126,712,38,0.03239726275205612,1.1084921773587477
09,127,712,38,0.03323321044445038,1.143676982988317
09,128,712,38,0.03316238150000572,1.2061897929903669
09,129,712,38,0.03330418840050697,1.2960306073648966
09,130,712,38,0.03436017036437988,1.4131994261119079
09,131,712,38,0.03333773463964462,1.5576962492313995
09,132,712,38,0.03342413529753685,1.7295210767233726
09,133,712,40,0.03350132331252098,1.2256609961057605
09,134,712,40,0.03405188396573067,1.1937555510008886
09,135,712,40,0.03358924388885498,1.216506114640977
09,136,712,40,0.032564762979745865,1.2939126870260285
09,137,712,42,0.03245741128921509,1.1444968231194923
09,138,712,42,0.03288130834698677,0.981348637015782
09,139,712,42,0.03313611075282097,0.8455284552845519
09,140,712,42,0.033076174557209015,0.737856118056977
09,141,712,42,0.03276140242815018,0.6848397895743654
09,142,712,42,0.031679894775152206,0.6864794698367154
09,143,712,42,0.03228337690234184,0.7427751588440259
09,144,712,42,0.032547757029533386,0.8529070164651231
09,145,712,42,0.033320970833301544,0.9903668784587005
09,146,712,42,0.033930785953998566,1.1551547448247594
09,147,712,42,0.03333372250199318,1.34563093530095
09,148,712,44,0.03411836549639702,0.6766413882626232
09,149,712,46,0.03456549346446991,1.9877023980323834
09,150,712,46,0.034921880811452866,1.6340780214524826
09,151,712,46,0.03399670496582985,1.3094213295074109
09,152,712,46,0.03411257639527321,1.0394206463073021
09,153,712,46,0.03565843403339386,0.8240759718521551
09,154,712,46,0.035287681967020035,0.7586254013800638
09,155,712,46,0.03395284712314606,0.7486506797841066
09,156,712,46,0.03386251628398895,0.819840131174419
09,157,712,46,0.03385310247540474,0.9456855913096947
09,158,712,46,0.0336291640996933,1.0284894445583117
09,159,712,54,0.034486301243305206,6.559130969460954
09,160,712,54,0.03307083621621132,6.0150304024048635
09,161,712,54,0.03443927690386772,5.498257839721252
09,162,712,54,0.03418291360139847,5.008813281410123
09,163,712,54,0.03433309495449066,4.546696727471475
09,164,712,54,0.03519692271947861,4.111908177905308
09,165,712,54,0.035722516477108,3.70444763271162
09,166,712,54,0.034990329295396805,3.324315091890413
09,167,712,54,0.03497999161481857,2.971510555441687
09,168,712,54,0.0353727787733078,2.6460340233654427
09,169,712,54,0.035315416753292084,2.4431235908997744
09,170,712,56,0.03565250709652901,2.7412721186035394
09,171,712,56,0.03490000218153,2.429869508779121
09,172,712,56,0.035652026534080505,2.173122907699664
09,173,712,56,0.03501037880778313,1.971032315365169
09,174,712,56,0.034383781254291534,1.823597731775637
09,175,712,56,0.03447021171450615,1.7308191569310656
09,176,712,56,0.03377856686711311,1.6926965908314546
09,177,712,56,0.033584654331207275,1.7084101933456302
09,178,712,56,0.03332584351301193,1.7514518002322874
09,179,712,56,0.033780135214328766,1.8218214114914262
09,180,712,56,0.034443724900484085,1.9170595067295213
09,181,712,56,0.034917667508125305,2.0122976019676164
09,182,712,56,0.03499799966812134,2.1075356972057118
09,183,712,56,0.03360918536782265,2.202773792443807
09,184,712,56,0.03534071147441864,2.2980118876819025
09,185,712,56,0.03462566062808037,2.393249982919998
09,186,712,56,0.03487953916192055,2.4884880781580927
09,187,712,56,0.037264034152030945,2.583726173396188
09,188,712,56,0.03789506107568741,2.6789642686342834
09,189,712,56,0.03874433785676956,2.7742023638723787
09,190,712,56,0.04285455122590065,2.8694404591104736
09,191,712,56,0.04171644523739815,2.8694404591104736
09,192,712,58,0.04426049068570137,1.533647605383618
09,193,712,58,0.04340636730194092,1.465737514518003
09,194,712,58,0.04604724422097206,1.4251554280248682
09,195,712,58,0.044326215982437134,1.411901345904215
09,196,712,60,0.041136812418699265,1.1444968231194923
09,197,712,60,0.04223259165883064,0.981348637015782
09,198,712,60,0.04017583280801773,0.8455284552845519
09,199,712,60,0.04132755845785141,0.737856118056977
09,200,712,61,0.041322801262140274,0.8928059028489452
09,201,712,61,0.04168952256441116,0.7234405957504958
09,202,712,61,0.04206462576985359,0.6087312973970068
09,203,712,61,0.042279038578271866,0.5635717701714815
09,204,712,61,0.04181160777807236,0.5863223338115714
09,205,712,61,0.04168551042675972,0.6637289061966243
09,206,712,61,0.04144525155425072,0.7957914873266376
09,207,712,63,0.04198642447590828,1.003416000546559
09,208,712,63,0.04192390292882919,0.7677802828448433
09,209,712,63,0.042319003492593765,0.6141285782605709
09,210,712,63,0.04221735894680023,0.5581744893079161
09,211,712,63,0.041902489960193634,0.5966386554621843
09,212,712,63,0.040062062442302704,0.7170868347338943
09,213,712,63,0.040335532277822495,0.9170595067295214
09,214,712,63,0.04182519391179085,1.1551547448247594
09,215,712,64,0.04259538650512695,0.6396802623488415
09,216,712,64,0.04010368138551712,0.7928537268565973
09,217,712,64,0.03861519321799278,0.9303135888501747
09,218,712,64,0.03843255713582039,1.1075356972057118
09,219,712,64,0.0388663150370121,1.2980118876819025
09,220,712,64,0.0371716283261776,1.488488078158093
09,221,712,64,0.03690865635871887,1.6313452210152357
09,222,712,64,0.03558725118637085,1.7742023638723785
09,223,712,64,0.03715357184410095,1.9170595067295213
09,224,712,64,0.036387160420417786,2.0599166495866643
09,225,712,64,0.03731384500861168,2.202773792443807
09,226,712,66,0.03664518892765045,1.0098380815740942
09,227,712,66,0.03631594032049179,1.084785133565622
09,228,712,66,0.03889315947890282,1.0918220946915362
09,229,712,66,0.03567180410027504,1.1261870601899306
09,230,712,66,0.03318333998322487,1.1878800300608052
09,231,712,67,0.03012414649128914,0.7552094008335042
09,232,712,67,0.030840260908007622,0.7560292409646778
09,233,712,67,0.03145510330796242,0.8115050898408146
09,234,712,67,0.032078493386507034,0.9216369474619118
09,235,712,67,0.03350706398487091,1.0723508915761424
09,236,712,68,0.03531444072723389,0.5576962492314008
09,237,712,70,0.036024268716573715,1.4638928742228603
09,238,712,70,0.03613699972629547,1.2055065928810547
09,239,712,70,0.03600294142961502,0.9744483159117308
09,240,712,70,0.03498110547661781,0.7723577235772358
09,241,712,70,0.0333966389298439,0.6249231399877011
09,242,712,70,0.030618662014603615,0.5470383275261316
09,243,712,70,0.029780279844999313,0.5519573683131777
09,244,712,70,0.032048895955085754,0.6653685864589737
09,245,712,70,0.03453558310866356,0.8591241374598615
09,246,712,70,0.034880124032497406,1.107535697205711
09,247,712,70,0.03468206897377968,1.2980118876819016
09,248,712,70,0.03299880400300026,1.4884880781580923
09,249,712,70,0.03386979177594185,1.6789642686342827
09,250,712,75,0.033493299037218094,2.8924643027942887
09,251,712,75,0.03332185372710228,2.4912208785953402
09,252,712,75,0.032523684203624725,2.1649245063879214
09,253,712,75,0.0326848067343235,1.8659561385529824
09,254,712,75,0.03408314287662506,1.5943157750905235
09,255,712,75,0.03503715991973877,1.3657170185147234
09,256,712,75,0.03523116558790207,1.1917742706838834
09,257,712,75,0.03476784750819206,1.120106579217053
09,258,712,80,0.03436032682657242,4.749607159937146
09,259,712,80,0.0334882028400898,4.30074468811915
09,260,712,80,0.03303023427724838,3.8792102206736354
09,261,712,80,0.03336591273546219,3.485003757600601
09,262,712,80,0.03462016582489014,3.1181252989000474
09,263,712,80,0.03383032605051994,2.778574844571975
09,264,712,80,0.03485073149204254,2.466352394616383
09,265,712,80,0.03596394136548042,2.181457949033272
09,266,712,80,0.03585178405046463,1.9238915078226415
09,267,712,80,0.035976823419332504,1.6936530709844912
09,268,712,80,0.03625909984111786,1.5064562410329994
09,269,712,80,0.036855123937129974,1.3739154198264683
09,270,712,80,0.03602488338947296,1.2960306073648973
09,271,712,80,0.0345415323972702,1.4131994261119085
09,272,712,84,0.034017834812402725,2.3702944592471136
09,273,712,84,0.034588977694511414,1.9980187196829942
09,274,712,84,0.033659450709819794,1.680398988863838
09,275,712,84,0.03295977786183357,1.417435266789642
09,276,712,84,0.03423643112182617,1.2091275534604078
09,277,712,84,0.03406728804111481,1.0554758488761355
09,278,712,84,0.034311551600694656,0.9564801530368234
09,279,712,84,0.03372064232826233,0.9572999931679985
09,280,712,84,0.03429762274026871,0.9854478376716538
09,281,712,84,0.034484315663576126,1.040923686547789
09,282,712,86,0.03401508554816246,1.107330737172919
09,283,712,86,0.03365466743707657,0.9590763134522108
09,284,712,86,0.035719625651836395,0.8654778984764643
09,285,712,86,0.03718963637948036,0.8265354922456796
09,286,712,86,0.036409005522727966,0.8422490947598552
09,287,712,86,0.03587626293301582,0.9126187060189925
09,288,712,86,0.03473588079214096,1.0376443260230919
09,289,712,86,0.03411959484219551,1.2165061146409777
09,290,712,86,0.03514949977397919,1.4226959076313452
09,291,712,86,0.034377261996269226,1.6562137049941927
09,292,712,86,0.034272242337465286,1.9170595067295206
09,293,712,86,0.03570510819554329,2.012297601967616
09,294,712,86,0.034939058125019073,2.1075356972057113
09,295,712,86,0.034484121948480606,2.2027737924438062
09,296,712,86,0.034913890063762665,2.2980118876819016
09,297,712,86,0.03448859602212906,2.393249982919997
09,298,712,86,0.03406485542654991,2.4884880781580923
09,299,712,93,0.03481507673859596,4.082940493270479
09,300,712,93,0.034996286034584045,3.681697069071531
09,301,712,93,0.034864939749240875,3.3077816492450642
09,302,712,93,0.036592014133930206,2.9611942337910775
09,303,712,93,0.035512153059244156,2.7371729179476665
09,304,712,93,0.03605377674102783,2.5404796064767368
09,305,712,93,0.035103656351566315,2.3711142993782874
09,306,712,93,0.035696402192115784,2.2290769966523194
09,307,712,93,0.03517895191907883,2.1143676982988318
09,308,712,93,0.03551781177520752,2.0269864043178245
09,309,712,93,0.03513745218515396,1.9669331147092985
09,310,712,93,0.03479038178920746,1.934207829473253
09,311,712,96,0.036723606288433075,2.7114845938375347
09,312,712,96,0.03706415370106697,2.3321718931475024
09,313,712,96,0.03663936257362366,2.007515201202432
09,314,712,96,0.036739904433488846,1.7375145180023222
09,315,712,96,0.03676999732851982,1.5221698435471738
09,316,712,100,0.03691780939698219,4.082940493270479
09,317,712,100,0.037137992680072784,3.443601830976293
09,318,712,100,0.03840361908078194,2.831591173054588
09,319,712,100,0.036482322961091995,2.246908519505363
09,320,712,100,0.03716520220041275,2.022887203661952
09,321,712,100,0.04052204266190529,1.8261938921910226
09,322,712,100,0.03785237669944763,1.656828585092573
09,323,712,100,0.037692539393901825,1.5147912823666052
09,324,712,100,0.03706841543316841,1.4000819840131176
09,325,712,100,0.03681241720914841,1.314340370294459
09,326,712,100,0.03683793544769287,1.283254765320762
09,327,712,100,0.03806919977068901,1.3068251690920267
09,328,712,100,0.03707457333803177,1.385051581608252
09,329,712,100,0.036487627774477005,1.5179340028694404
09,330,712,100,0.037560414522886276,1.7038327526132404
09,331,712,100,0.03764572739601135,1.9170595067295206
09,332,712,100,0.03677680343389511,2.1075356972057113
09,333,712,100,0.03733908757567406,2.2980118876819016
09,334,712,100,0.036976367235183716,2.4884880781580923
09,335,712,100,0.03673115000128746,2.6789642686342825
09,336,712,100,0.03657904267311096,2.869440459110473
09,337,712,100,0.037809524685144424,2.869440459110473
09,338,712,100,0.03984019160270691,2.869440459110473
09,339,712,100,0.0406130775809288,2.869440459110473
09,340,712,100,0.03984139487147331,2.869440459110473
09,341,712,102,0.03870339319109917,1.5336476053836174
09,342,712,102,0.03733980283141136,1.4657375145180023
09,343,712,102,0.037931814789772034,1.4251554280248688
09,344,712,102,0.03904057666659355,1.4119013459042156
09,345,712,104,0.03780395910143852,1.1444968231194916
09,346,712,104,0.0390157513320446,0.9813486370157813
09,347,712,104,0.03814361244440079,0.8455284552845526
09,348,712,103,0.03837433084845543,1.0839652934344464
09,349,712,104,0.03890608996152878,0.7051308328209335
09,350,712,104,0.039635345339775085,0.6794425087108006
09,351,712,100,0.038870569318532944,4.3456309353009495
09,352,712,103,0.038267649710178375,1.7468743594998977
09,353,712,103,0.03624364361166954,1.862403497984559
09,354,712,103,0.03567681089043617,1.9779326364692216
09,355,712,103,0.03643098473548889,2.093461774953884
09,356,712,104,0.036509353667497635,1.4735943157750901
09,357,712,104,0.03627920150756836,1.5688324110131855
09,358,712,104,0.037880789488554,1.6913985106237608
09,359,712,102,0.03571894019842148,3.5837261733961876
09,360,712,102,0.03607185184955597,3.6789642686342825
09,361,712,104,0.03640585392713547,2.2760811641729854
09,362,712,108,0.03795206919312477,2.0137323221971712
09,363,712,108,0.036689404398202896,1.8389697342351579
09,364,712,108,0.03637972101569176,1.7188631550181046
09,365,712,108,0.036294251680374146,1.6517729042836646
09,366,712,108,0.036238521337509155,1.530026644804263
09,367,712,108,0.036008283495903015,1.4198947871831658
09,368,712,108,0.035332225263118744,1.3097629295620685
09,369,712,108,0.036070484668016434,1.247250119560019
09,370,712,108,0.034843411296606064,1.1544715447154474
09,371,712,108,0.034167759120464325,1.1163489786158363
09,372,712,108,0.03458050638437271,1.1353419416547108
09,373,712,108,0.03484996035695076,1.2798387647742022
09,374,712,108,0.03547973930835724,1.4359499897519985
09,375,712,108,0.036165572702884674,1.5937008949921432
09,376,712,108,0.03606224060058594,1.7771401243424196
09,377,712,108,0.035679664462804794,1.9129603060736482
09,378,712,108,0.034055788069963455,2.048780487804877
09,379,712,108,0.03453071787953377,2.184600669536107
09,380,712,108,0.035234540700912476,2.418118466898955
09,381,712,108,0.03570674732327461,2.6789642686342825
09,382,712,111,0.036153510212898254,1.3664002186240347
09,383,712,111,0.036641865968704224,1.250871080139372
09,384,712,111,0.03798842802643776,1.162669946027191
09,385,712,111,0.03694809973239899,1.10179681628749
09,386,712,111,0.03869433328509331,1.0682516909202693
09,387,712,111,0.03859288990497589,1.0620345699255302
09,388,712,111,0.037839341908693314,1.0831454533032714
09,389,712,111,0.03656953200697899,1.131584341053494
09,390,712,111,0.035858795046806335,1.2073512331761969
09,391,712,111,0.03757335990667343,1.3104461296713799
09,392,712,111,0.03556176647543907,1.4408690305390446
09,393,712,115,0.0359426774084568,2.225797636127622
09,394,712,115,0.03516596183180809,1.919792307166769
09,395,712,115,0.034839581698179245,1.6411149825783975
09,396,712,115,0.03515518456697464,1.3914053426248547
09,397,712,115,0.03553580492734909,1.1963517114162725
09,398,712,115,0.036792125552892685,1.0559540889526535
09,399,712,115,0.03670074790716171,0.9702124752339947
09,400,712,115,0.038110390305519104,0.9391268702602991
09,401,712,115,0.03629450127482414,0.9626972740315639
09,402,712,115,0.035368241369724274,1.040923686547789
09,403,712,115,0.03735869377851486,1.1237275397964062
09,404,712,115,0.03549725562334061,1.2338593974175034
09,405,712,115,0.03533896803855896,1.3713192594110808
09,406,712,115,0.035618383437395096,1.5361071257771397
09,407,712,115,0.036297764629125595,1.7265833162533302
09,408,712,115,0.037621695548295975,1.9170595067295206
09,409,712,115,0.03863688185811043,2.1075356972057113
09,410,712,115,0.039673738181591034,2.2980118876819016
09,411,712,115,0.038603536784648895,2.4884880781580923
09,412,712,115,0.0388525128364563,2.6789642686342825
09,413,712,115,0.039209574460983276,2.869440459110473
09,414,712,115,0.039274562150239944,2.869440459110473
09,415,712,115,0.03811565041542053,2.869440459110473
09,416,712,115,0.03751005232334137,2.869440459110473
09,417,712,115,0.03802064061164856,2.869440459110473
09,418,712,115,0.039504941552877426,2.869440459110473
09,419,712,115,0.03780148923397064,2.869440459110473
09,420,712,115,0.036189623177051544,2.869440459110473
09,421,712,115,0.03497973829507828,2.869440459110473
09,422,712,115,0.03311218321323395,2.869440459110473
09,423,712,115,0.037405021488666534,2.869440459110473
09,424,712,115,0.0400078110396862,2.869440459110473
09,425,712,115,0.038447972387075424,2.869440459110473
09,426,712,121,0.04169372469186783,2.8448452551752412
09,427,712,121,0.039406392723321915,2.5864589738334356
09,428,712,121,0.041019875556230545,2.3554006968641117
09,429,712,121,0.04294689744710922,2.151670424267268
09,430,712,121,0.04518018662929535,1.9752681560429044
09,431,712,122,0.04145572707056999,2.4241306278609005
09,432,712,122,0.04193115234375,2.1868552298968362
09,433,712,122,0.04232006520032883,2.0042358406777345
09,434,712,125,0.04059743881225586,4.225797636127622
09,435,712,125,0.038602303713560104,3.7769351643096263
09,436,712,125,0.038033727556467056,3.3554006968641117
09,437,712,125,0.03755355626344681,2.9611942337910775
09,438,712,125,0.03546617552638054,2.5943157750905237
09,439,712,127,0.03471550717949867,3.749607159937146
09,440,712,127,0.03470901772379875,3.2055065928810547
09,441,712,129,0.030021201819181442,4.511511921841908
09,442,712,129,0.03365854173898697,3.872173259547721
09,443,712,129,0.03426941856741905,3.260162601626015
09,444,712,132,0.03557928279042244,5.368654778984766
09,445,712,132,0.03468598425388336,4.5864589738334365
09,446,712,133,0.0365787036716938,4.701988112318098
09,447,712,133,0.035471707582473755,4.157887545262007
09,448,712,133,0.035219304263591766,3.6551889048302235
09,449,712,134,0.03496542200446129,3.9400833504133366
09,450,712,134,0.03329133614897728,3.362437657990026
09,451,712,136,0.033428676426410675,4.606750017080003
09,452,712,136,0.03394913300871849,3.9674113547858165
09,453,712,136,0.03355749323964119,3.3554006968641104
09,454,712,138,0.03277571499347687,4.511511921841908
09,455,712,138,0.034151576459407806,3.919792307166769
09,456,712,138,0.034725628793239594,3.3554006968641104
09,457,712,138,0.03408236429095268,2.8183370909339347
09,458,712,138,0.034261107444763184,2.309421329507413
09,459,712,138,0.03386300429701805,1.8551615768258514
09,460,712,141,0.032757408916950226,3.749607159937146
09,461,712,141,0.033871863037347794,3.1102684976429593
09,462,712,141,0.0333704948425293,2.5934959349593485
09,463,712,141,0.034511931240558624,2.1040513766482203
09,464,712,141,0.03465989604592323,1.6419348227095725
09,465,712,141,0.03441619127988815,1.3648971783835495
09,466,712,141,0.03476669266819954,1.1425155428024871
09,467,712,141,0.03510655462741852,1.0224089635854328
09,468,712,146,0.03333412483334541,4.511511921841908
09,469,712,146,0.033573467284440994,3.919792307166769
09,470,712,146,0.032131701707839966,3.403019744483158
09,471,712,146,0.03119405172765255,2.91357518617203
09,472,712,146,0.031373754143714905,2.546696727471477
09,473,712,146,0.03135009482502937,2.2071462731434046
09,474,712,146,0.0321904718875885,1.8949238231878125
09,475,712,146,0.0324486643075943,1.7052674728427957
09,476,712,146,0.032339248806238174,1.5429391268702592
09,477,712,146,0.033518996089696884,1.4079387852702054
09,478,712,146,0.03432382270693779,1.3159800505568076
09,479,712,146,0.035987406969070435,1.2786773245883702
09,480,712,146,0.03425746038556099,1.296030607364896
09,481,712,146,0.03588246926665306,1.4131994261119059
09,482,712,146,0.03544442728161812,1.5576962492313988
09,483,712,152,0.03489663079380989,4.035321445651432
09,484,712,152,0.034865669906139374,3.538839926214388
09,485,712,152,0.03470113128423691,3.0696864111498248
09,486,712,152,0.03469688072800636,2.627860900457744
09,487,712,152,0.03467410430312157,2.213363394138144
09,488,712,152,0.03568509966135025,1.826193892191024
09,489,712,152,0.036260977387428284,1.704447632711622
09,490,712,152,0.035219985991716385,1.6100293776047006
09,491,712,152,0.035008952021598816,1.5429391268702592
09,492,712,152,0.033950015902519226,1.5031768805083008
09,493,712,152,0.03356346860527992,1.4907426385188225
09,494,712,155,0.03389338403940201,2.5740247318439575
09,495,712,155,0.03440679609775543,2.2150030744004914
09,496,712,155,0.03361636772751808,1.9106374257019856
09,497,712,155,0.03329036757349968,1.6609277857484455
09,498,712,155,0.03612640127539635,1.465874154539866
09,499,712,155,0.0350901260972023,1.325476532076247
09,500,712,155,0.03526974841952324,1.239734918357588
09,501,712,155,0.034860458225011826,1.2086493133838898
09,502,712,155,0.034489795565605164,1.2322197171551519
09,503,712,155,0.034386806190013885,1.3104461296713799
09,504,712,155,0.03414035215973854,1.4408690305390446
09,505,712,155,0.03423606976866722,1.5837261733961874
09,506,712,155,0.034801632165908813,1.7265833162533302
09,507,712,155,0.034534748643636703,1.8694404591104732
09,508,712,155,0.034048739820718765,2.012297601967616
09,509,712,155,0.03412678837776184,2.1551547448247588
09,510,712,155,0.033654894679784775,2.2980118876819016
09,511,712,155,0.03308534622192383,2.4408690305390444
09,512,712,155,0.03506210073828697,2.5837261733961876
09,513,712,155,0.03489380329847336,2.7265833162533304
09,514,712,155,0.03266512230038643,2.869440459110473
09,515,712,155,0.03213893994688988,2.869440459110473
09,516,712,155,0.03130621090531349,2.869440459110473
09,517,712,155,0.031420737504959106,2.869440459110473
09,518,712,155,0.03256471827626228,2.869440459110473
09,519,712,155,0.03173363208770752,2.869440459110473
09,520,712,155,0.031747035682201385,2.869440459110473
09,521,712,155,0.03280708193778992,2.869440459110473
09,522,712,155,0.03158479183912277,2.869440459110473
09,523,712,155,0.03267931565642357,2.869440459110473
09,524,712,155,0.03297526761889458,2.869440459110473
09,525,712,155,0.033557914197444916,2.869440459110473
09,526,712,155,0.03321409597992897,2.869440459110473
09,527,712,155,0.03429550677537918,2.869440459110473
09,528,712,157,0.03417719155550003,1.533647605383616
09,529,712,157,0.03384113311767578,1.465737514518001
09,530,712,157,0.033739808946847916,1.4251554280248662
09,531,712,157,0.034646548330783844,1.4119013459042142
09,532,712,157,0.03436347469687462,1.4259752681560425
09,533,712,157,0.03499932214617729,1.4673771947803511
09,534,712,159,0.03499132767319679,0.9540206326433024
09,535,712,159,0.03425060212612152,0.7916922866707659
09,536,712,159,0.03523806110024452,0.6840199494431897
09,537,712,159,0.034743305295705795,0.6310036209605793
09,538,712,162,0.03585716709494591,2.4638928742228603
09,539,712,162,0.035318851470947266,2.157887545262007
09,540,712,162,0.036963023245334625,1.879210220673634
09,541,712,162,0.036727264523506165,1.6278609004577442
09,542,712,162,0.037190403789281845,1.4038395846143343
09,543,712,162,0.03683173283934593,1.2071462731434048
09,544,712,162,0.03670594468712807,1.0377809660449553
09,545,712,164,0.036344192922115326,2.0361412857826053
09,546,712,164,0.035085778683423996,1.663045706087311
09,547,712,164,0.033801961690187454,1.3446061351369796
09,548,712,164,0.03411130979657173,1.0808225729316112
09,549,712,164,0.034363534301519394,0.9669331147092987
09,550,712,164,0.033110395073890686,0.9076996652319465
09,551,712,164,0.033838726580142975,0.9031222244995547
09,552,712,164,0.03409825637936592,0.9680945548951281
09,553,712,164,0.03476381674408913,1.0877228940356618
09,554,712,164,0.034207142889499664,1.2620072419211585
09,555,712,164,0.03474774584174156,1.4884880781580923
09,556,712,164,0.03485281765460968,1.7265833162533302
09,557,712,164,0.03475593030452728,1.9646785543485683
09,558,712,164,0.034520432353019714,2.2027737924438062
09,559,712,164,0.03381425142288208,2.2980118876819016
09,560,712,164,0.03513883799314499,2.393249982919997
09,561,712,164,0.03435004502534866,2.4884880781580923
09,562,712,164,0.033707283437252045,2.5837261733961876
09,563,712,164,0.034370191395282745,2.6789642686342825
09,564,712,164,0.03390870988368988,2.774202363872378
09,565,712,171,0.03382345661520958,3.7972262075561938
09,566,712,171,0.03426105156540871,3.4912208785953402
09,567,712,171,0.033833250403404236,3.2125435540069676
09,568,712,171,0.034973129630088806,2.9611942337910775
09,569,712,171,0.03569076582789421,2.737172917947668
09,570,712,171,0.03499877080321312,2.540479606476738
09,571,712,171,0.03627223148941994,2.3711142993782888
09,572,712,171,0.03649582713842392,2.2290769966523194
09,573,712,171,0.03519454598426819,2.1143676982988304
09,574,712,171,0.035201821476221085,2.0269864043178245
09,575,712,171,0.03727443888783455,1.9669331147092985
09,576,712,175,0.03803545981645584,3.9400833504133366
09,577,712,175,0.03463400527834892,3.443601830976293
09,578,712,175,0.03467420116066933,2.9744483159117294
09,579,712,175,0.03353649750351906,2.534262485481999
09,580,712,175,0.03454172611236572,2.148732663797229
09,581,712,175,0.035692546516656876,1.8178588508574194
09,582,712,175,0.035131312906742096,1.5416410466625703
09,583,712,175,0.03492474555969238,1.3200792512126813
09,584,712,175,0.03604547679424286,1.1531734645077532
09,585,712,177,0.03552950918674469,1.2150030744004912
09,586,712,177,0.036630500108003616,1.0394206463073028
09,587,712,177,0.03628256916999817,0.9184942269590747
09,588,712,177,0.03614893555641174,0.8522238163558097
09,589,712,177,0.03688545152544975,0.8406094144975051
09,590,712,177,0.036563463509082794,0.8836510213841636
09,591,712,177,0.03734873980283737,0.9813486370157827
09,592,712,177,0.035891201347112656,1.1328824212611883
09,593,712,177,0.03587551414966583,1.3117442098790744
09,594,712,177,0.03636600822210312,1.5179340028694404
09,595,712,177,0.03520781919360161,1.7514518002322867
09,596,712,177,0.036587223410606384,2.012297601967616
09,597,712,177,0.038534265011548996,2.1075356972057113
09,598,712,177,0.03661241754889488,2.2027737924438062
09,599,712,177,0.037787292152643204,2.2980118876819016
09,600,712,177,0.03786328807473183,2.393249982919997
09,601,712,177,0.03799885883927345,2.4884880781580923
09,602,712,177,0.03667600080370903,2.5837261733961876
09,603,712,177,0.03612494841217995,2.6789642686342825
09,604,712,177,0.03621193766593933,2.774202363872378
09,605,712,177,0.03632254898548126,2.869440459110473
09,606,712,177,0.036326196044683456,2.869440459110473
09,607,712,177,0.03594439849257469,2.869440459110473
09,608,712,177,0.03635070472955704,2.869440459110473
09,609,712,177,0.03635361045598984,2.869440459110473
09,610,712,177,0.03593544289469719,2.869440459110473
09,611,712,177,0.036113858222961426,2.869440459110473
09,612,712,184,0.036729149520397186,3.7972262075561938
09,613,712,182,0.036243047565221786,1.9060599849695965
09,614,712,182,0.03519092872738838,1.7226207556193187
09,615,712,182,0.03459875285625458,1.566509530641524
09,616,712,184,0.03407885879278183,2.8589191774270697
09,617,712,182,0.03495148569345474,1.4315091890414702
09,618,712,182,0.03650875389575958,1.3573819771811162
09,619,712,182,0.036261383444070816,1.3105827696932422
09,620,712,182,0.03652584180235863,1.2911115665778485
09,621,712,182,0.03626479580998421,1.2989683678349375
09,622,712,182,0.03527378290891647,1.334153173464507
09,623,712,184,0.03619387000799179,1.6460340233654436
09,624,712,182,0.035049762576818466,1.5817448930791815
09,625,712,182,0.03535424545407295,1.6989137118261917
09,626,712,182,0.035533126443624496,1.8434105349456846
09,627,712,182,0.03578224405646324,2.0152353624376578
09,628,712,184,0.03745333105325699,1.4575391132062587
09,629,712,182,0.03715187683701515,2.5361071257771397
09,630,712,184,0.03789883852005005,1.5701304912208771
09,631,712,182,0.036901332437992096,3.1075356972057113
09,632,712,184,0.03782901540398598,1.7928537268565952
09,633,712,182,0.03636815398931503,3.3456309353009495
09,634,712,182,0.036322109401226044,3.3456309353009495
09,635,712,182,0.036799732595682144,3.3456309353009495
09,636,712,182,0.036978933960199356,3.3456309353009495
09,637,712,177,0.03825145214796066,8.012297601967616
09,638,712,177,0.03749793395400047,7.774202363872378
09,639,712,182,0.03606652840971947,3.6445993031358896
09,640,712,182,0.036683257669210434,3.5899432943909266
09,641,712,182,0.03620423004031181,3.535287285645963
09,642,712,177,0.03674511983990669,7.53610712577714
09,643,712,177,0.036806318908929825,7.298011887681902
09,644,712,182,0.037423618137836456,3.6702876272460223
09,645,712,182,0.03679424151778221,3.560975609756099
09,646,712,182,0.03577388450503349,3.451663592266173
09,647,712,182,0.03611946478486061,3.342351574776249
09,648,712,182,0.03529766947031021,3.2330395572863284
09,649,712,182,0.03642945736646652,3.0284894445583124
09,650,712,182,0.03601149842143059,2.9191774270683917
09,651,712,182,0.03660397604107857,2.71462731434037
09,652,712,182,0.036447055637836456,2.605315296850444
09,653,712,182,0.03643730655312538,2.400765184122428
09,654,712,182,0.036577992141246796,2.2914531666325066
09,655,712,182,0.036254387348890305,2.1978547516567617
09,656,712,184,0.03743548318743706,1.4989410398305674
09,657,712,182,0.03520801290869713,2.172166427546626
09,658,712,182,0.0358666330575943,2.3556056568969037
09,659,712,182,0.036041609942913055,2.5390448862471815
09,660,712,182,0.03937271982431412,2.500102480016397
09,661,712,182,0.03677414357662201,2.4884880781580923
09,662,712,177,0.037497397512197495,7.250392840062854
09,663,712,182,0.036089763045310974,2.937350549976088
09,664,712,182,0.03518469259142876,3.148117783698846
09,665,712,182,0.03522878140211105,3.1207897793263633
09,666,712,182,0.03605232760310173,3.093461774953883
09,667,712,182,0.035622745752334595,3.066133770581403
09,668,712,182,0.0371687225997448,3.0388057662089225
09,669,712,184,0.03620711714029312,1.8661610985857757
09,670,712,184,0.03459545969963074,1.7709230033476804
09,671,712,184,0.035127535462379456,1.7030129124820628
09,672,712,184,0.03690095618367195,1.6624308259889307
09,673,712,184,0.036613527685403824,1.6491767438682787
09,674,712,182,0.03610525652766228,3.3510282161645146
09,675,712,182,0.03759409487247467,3.3237002117920347
09,676,712,182,0.03550248593091965,3.2963722074195516
09,677,712,182,0.03649202361702919,3.1738061078089763
09,678,712,184,0.035943008959293365,1.920817107330736
09,679,712,182,0.03515464439988136,3.214388194302111
09,680,712,184,0.036605916917324066,1.9059233449477342
09,681,712,177,0.036346398293972015,8.059916649586663
09,682,712,184,0.03541073203086853,2.1034364965498376
09,683,712,177,0.035086680203676224,8.15515474482476
09,684,712,177,0.03544444218277931,7.917059506729521
09,685,712,177,0.03517121821641922,7.6789642686342825
09,686,712,177,0.036457233130931854,7.440869030539044
09,687,712,177,0.0373411700129509,7.202773792443806
09,688,712,177,0.036165397614240646,6.964678554348568
09,689,712,177,0.03678109124302864,6.72658331625333
09,690,712,177,0.038035739213228226,6.393249982919997
09,691,712,177,0.03619375452399254,6.059916649586664
09,692,712,177,0.036386966705322266,5.72658331625333
09,693,712,177,0.03594058379530907,5.393249982919997
09,694,712,177,0.03556299954652786,5.059916649586664
09,695,712,177,0.03599170222878456,4.821821411491426
09,696,712,177,0.03624018281698227,4.583726173396188
09,697,712,177,0.03658575564622879,4.3456309353009495
09,698,712,177,0.036704953759908676,4.107535697205711
09,699,712,177,0.03469958156347275,3.774202363872378
09,700,712,177,0.03732767701148987,3.5361071257771397
09,701,712,184,0.036561306565999985,3.9831249572999923
09,702,712,182,0.03567560389637947,2.2393933183029295
09,703,712,184,0.03524811938405037,3.2804536448725825
09,704,712,184,0.035732805728912354,3.0017763202842125
09,705,712,182,0.03613940626382828,1.6282025005124
09,706,712,182,0.03550293296575546,1.5267472842795655
09,707,712,182,0.036580655723810196,1.4526200724192113
09,708,712,182,0.03621261939406395,1.4058208649313375
09,709,712,182,0.03647034987807274,1.3863496618159437
09,710,712,182,0.035942453891038895,1.3942064630730329
09,711,712,182,0.039608780294656754,1.4293912687026022
10,35,647,5,0.038043733686208725,2.869440459110473
10,36,647,5,0.03691420331597328,2.869440459110473
10,37,647,5,0.037100598216056824,2.869440459110473
10,38,647,5,0.03801340237259865,2.869440459110473
10,39,647,5,0.038335930556058884,2.869440459110473
10,40,647,9,0.03736572712659836,1.5254492040718726
10,41,647,9,0.03729682043194771,1.3623010179681623
10,42,647,9,0.03695680573582649,1.2264808362369335
10,43,647,9,0.03752903267741203,1.117988658878185
10,44,647,9,0.036281321197748184,1.0368244858919167
10,45,647,9,0.03718618303537369,0.98298831727813
10,46,647,9,0.03667161986231804,0.9564801530368234
10,47,647,9,0.03678411245346069,0.9572999931679985
10,48,647,9,0.035956673324108124,0.9854478376716538
10,49,647,9,0.03590160980820656,1.040923686547789
10,50,647,9,0.035803016275167465,1.1237275397964062
10,51,647,9,0.03526534140110016,1.2338593974175034
10,52,647,15,0.03565480560064316,4.368654778984765
10,53,647,15,0.035866014659404755,3.919792307166769
10,54,647,15,0.03628180921077728,3.4982578397212545
10,55,647,15,0.03556474298238754,3.1040513766482203
10,56,647,15,0.03704294562339783,2.737172917947668
10,57,647,15,0.03708498179912567,2.3976224636195953
10,58,647,15,0.036055419594049454,2.085400013664003
10,59,647,15,0.03631288558244705,1.800505568080891
10,60,647,15,0.0376853346824646,1.5429391268702606
10,61,647,15,0.036477334797382355,1.5031768805083008
10,62,647,15,0.03715033084154129,1.4907426385188225
10,63,647,17,0.03618869557976723,1.8841292614606817
10,64,647,17,0.03655507043004036,1.6679647468743584
10,65,647,17,0.035606082528829575,1.506456241032998
10,66,647,17,0.036323826760053635,1.3996037439365983
10,67,647,17,0.0367436483502388,1.3474072555851617
10,68,647,17,0.03559235855937004,1.3498667759786853
10,69,647,18,0.036716874688863754,1.0757668921227042
10,70,647,18,0.03595368564128876,0.9767711962833909
10,71,647,18,0.03567751124501228,0.9597595135615222
10,72,647,18,0.03704080358147621,1.0247318439570943
10,73,647,18,0.035319846123456955,1.1551547448247588
10,74,647,18,0.035171009600162506,1.2980118876819016
10,75,647,18,0.03550196439027786,1.4408690305390446
10,76,647,18,0.03574807196855545,1.5837261733961874
10,77,647,18,0.0370243564248085,1.7265833162533302
10,78,647,18,0.03717317059636116,1.8694404591104732
10,79,647,23,0.03689846768975258,2.749607159937146
10,80,647,23,0.03669903799891472,2.3959827833572453
10,81,647,23,0.0379483662545681,2.069686411149826
10,82,647,23,0.038073115050792694,1.770718043314887
10,83,647,25,0.03751974552869797,3.130559540889527
10,84,647,25,0.03837200254201889,2.7769351643096263
10,85,647,25,0.03800637647509575,2.450638792102207
10,86,647,25,0.03692606836557388,2.1524902643984416
10,87,647,29,0.03640887141227722,5.416273826603812
10,88,647,29,0.036733921617269516,4.872173259547721
10,89,647,29,0.036570120602846146,4.355400696864112
10,90,647,30,0.03612711280584335,4.701988112318098
10,91,647,30,0.036983802914619446,4.171961467513835
10,92,647,32,0.03667575493454933,5.46389287422286
10,93,647,32,0.03688254952430725,4.824554211928674
10,94,647,32,0.03855132311582565,4.2125435540069684
10,95,647,32,0.037138767540454865,3.627860900457744
10,96,647,32,0.03739843890070915,3.070506251281001
10,97,647,32,0.03717741370201111,2.541299446607912
10,98,647,32,0.03938399255275726,2.081642413062786
10,99,647,32,0.03843345120549202,1.7031495525039277
10,100,647,32,0.03759274631738663,1.6174079387852704
10,101,647,32,0.03842099383473396,1.5714285714285714
10,102,647,32,0.037859003990888596,1.552777208444354
10,103,647,32,0.03736928105354309,1.561453849832617
10,104,647,32,0.0374632403254509,1.6926965908314553
10,105,647,32,0.03786522522568703,1.8512673362027736
10,106,647,33,0.03814409673213959,1.301769488283119
10,107,647,33,0.03852463141083717,1.3994671039147366
10,108,647,33,0.03819434344768524,1.5493612078977923
10,109,647,33,0.037651680409908295,1.7265833162533295
10,110,647,33,0.03712188079953194,1.91705950672952
10,111,647,33,0.03709175065159798,2.059916649586663
10,112,647,33,0.03664957359433174,2.202773792443806
10,113,647,33,0.03568406030535698,2.2503928400628532
10,114,647,33,0.03611660748720169,2.298011887681901
10,115,647,33,0.0355261005461216,2.3456309353009486
10,116,647,33,0.03542150929570198,2.393249982919996
10,117,647,38,0.034931477159261703,2.3210357313657166
10,118,647,38,0.03619220107793808,2.062649450023911
10,119,647,38,0.03632441908121109,1.831591173054586
10,120,647,38,0.03654495254158974,1.6278609004577422
10,121,647,38,0.03586011379957199,1.45145863223338
10,122,647,38,0.03749567270278931,1.302384368381498
10,123,647,38,0.036627549678087234,1.1806381089020963
10,124,647,38,0.03539234399795532,1.1019334563093504
10,125,647,38,0.03533419966697693,1.0778848124615674
10,126,647,38,0.03549603000283241,1.1084921773587477
10,127,647,38,0.03532367944717407,1.143676982988317
10,128,647,38,0.03557973355054855,1.2061897929903669
10,129,647,38,0.03568664938211441,1.2960306073648966
10,130,647,40,0.035043053328990936,1.281615085058414
10,131,647,40,0.03612987697124481,1.1677256268361
10,132,647,40,0.03502272441983223,1.1084921773587477
10,133,647,40,0.03502410277724266,1.1039147366263573
10,134,647,40,0.03667747601866722,1.1539933046389288
10,135,647,40,0.03611057624220848,1.2587278813964606
10,136,647,40,0.035733457654714584,1.4181184668989542
10,137,647,40,0.036036085337400436,1.6313452210152357
10,138,647,40,0.03621267154812813,1.7265833162533308
10,139,647,40,0.03629489988088608,1.8218214114914262
10,140,647,40,0.03596704080700874,1.9170595067295213
10,141,647,40,0.03632054850459099,2.0122976019676164
10,142,647,40,0.03523009642958641,2.1075356972057118
10,143,647,40,0.035001300275325775,2.202773792443807
10,144,647,42,0.0351780503988266,0.9622190339550466
10,145,647,42,0.03635377064347267,0.9895470383275269
10,146,647,42,0.03632736578583717,1.0442030470724872
10,147,647,42,0.03628754988312721,1.1261870601899293
10,148,647,42,0.03556135296821594,1.2354990776798527
10,149,647,42,0.03486158698797226,1.3721390995422564
10,150,647,42,0.03595302626490593,1.5361071257771404
10,151,647,42,0.03549406677484512,1.6313452210152357
10,152,647,46,0.035361748188734055,2.0829404932704785
10,153,647,46,0.034915924072265625,1.824554211928673
10,154,647,46,0.03529617562890053,1.5934959349593478
10,155,647,46,0.03475334122776985,1.389765662362504
10,156,647,46,0.03501267358660698,1.2133633941381419
10,157,647,46,0.0345744751393795,1.0642891302862598
10,158,647,48,0.03588620945811272,2.273416683746669
10,159,647,50,0.03535662591457367,3.797226207556193
10,160,647,50,0.03672942519187927,3.348363735738197
10,161,647,50,0.03600490838289261,2.926829268292681
10,162,647,50,0.03557964041829109,2.532622805219647
10,163,647,56,0.03538581356406212,7.606750017080001
10,164,647,56,0.03548245504498482,6.87217325954772
10,165,647,56,0.035447221249341965,6.260162601626014
10,166,647,56,0.035251252353191376,5.67547994807679
10,167,647,56,0.035974737256765366,5.118125298900047
10,168,647,56,0.03511423245072365,4.588098654095783
10,169,647,56,0.0350392609834671,4.085400013664001
10,170,647,56,0.03547103703022003,3.6100293776046986
10,171,647,56,0.03635139390826225,3.1619867459178774
10,172,647,56,0.03711814805865288,2.741272118603538
10,173,647,56,0.03599751368165016,2.5383616861378693
10,174,647,56,0.03631524741649628,2.362779258044681
10,175,647,56,0.03589778020977974,2.2145248343239725
10,176,647,56,0.03589479625225067,2.093598414975746
10,177,647,56,0.03570898249745369,1.9999999999999993
10,178,647,56,0.03591679409146309,1.9337295893967343
10,179,647,56,0.03577672690153122,1.9900252784040449
10,180,647,56,0.03632694110274315,2.168887067021931
10,181,647,56,0.03679639473557472,2.375076860012297
10,182,647,56,0.035802919417619705,2.6085946573751446
10,183,647,56,0.03629671409726143,2.8694404591104736
10,184,647,56,0.036591537296772,2.8694404591104736
10,185,647,56,0.03672105446457863,2.8694404591104736
10,186,647,56,0.03687862306833267,2.8694404591104736
10,187,647,56,0.03693594038486481,2.8694404591104736
10,188,647,56,0.03605440631508827,2.8694404591104736
10,189,647,56,0.03646121546626091,2.8694404591104736
10,190,647,56,0.03675548732280731,2.8694404591104736
10,191,647,56,0.037692051380872726,2.8694404591104736
10,192,647,56,0.03681325912475586,2.8694404591104736
10,193,647,56,0.03709769621491432,2.8694404591104736
10,194,647,56,0.03827434033155441,2.8694404591104736
10,195,647,56,0.03764697536826134,2.8694404591104736
10,196,647,56,0.03830990567803383,2.8694404591104736
10,197,647,56,0.03919503837823868,2.8694404591104736
10,198,647,56,0.04117993265390396,2.8694404591104736
10,199,647,56,0.042819052934646606,2.8694404591104736
10,200,647,56,0.04339122027158737,2.8694404591104736
10,201,647,58,0.04615568742156029,1.533647605383618
10,202,647,58,0.045093122869729996,1.465737514518003
10,203,647,58,0.044624608010053635,1.4251554280248682
10,204,647,58,0.04678167402744293,1.411901345904215
10,205,647,60,0.04598098620772362,1.1444968231194923
10,206,647,60,0.04528922960162163,0.981348637015782
10,207,647,60,0.04540135711431503,0.8455284552845519
10,208,647,60,0.04455595463514328,0.737856118056977
10,209,647,60,0.04423760250210762,0.6848397895743654
10,210,647,60,0.04383508116006851,0.6864794698367154
10,211,647,61,0.04470999911427498,0.6219853795176614
10,212,647,61,0.044561967253685,0.5221698435471744
10,213,647,61,0.044432613998651505,0.5043383206941294
10,214,647,61,0.046283673495054245,0.568490810958529
10,215,647,61,0.043719515204429626,0.7005533920885424
10,216,647,61,0.043910060077905655,0.8723782195805155
10,217,647,61,0.044722553342580795,1.0715310514449687
10,218,647,63,0.04402793571352959,0.734235157477624
10,219,647,63,0.0445592924952507,0.5689690510350457
10,220,647,63,0.04178965464234352,0.5130149620823923
10,221,647,63,0.04071507230401039,0.5663728906196623
10,222,647,63,0.04356426000595093,0.711689553870329
10,223,647,63,0.04378382861614227,0.8959486233517803
10,224,647,63,0.042584870010614395,1.1075356972057118
10,225,647,63,0.0422358363866806,1.34563093530095
10,226,647,64,0.04066987335681915,0.7100498736079802
10,227,647,64,0.039660170674324036,0.7928537268565973
10,228,647,64,0.04020585119724274,0.9303135888501747
10,229,647,64,0.03960629552602768,1.1075356972057118
10,230,647,64,0.0394321084022522,1.2980118876819025
10,231,647,64,0.040584031492471695,1.488488078158093
10,232,647,64,0.04092814028263092,1.6313452210152357
10,233,647,64,0.040926337242126465,1.7742023638723785
10,234,647,66,0.04153575375676155,0.645077543212407
10,235,647,66,0.042057543992996216,0.6686479469836717
10,236,647,67,0.04143698140978813,0.7453713192594106
10,237,647,67,0.040658533573150635,0.6401585024253594
10,238,647,67,0.040729448199272156,0.6310036209605786
10,239,647,68,0.04080064222216606,0.7834938853590216
10,240,647,68,0.040608394891023636,0.5884402541504394
10,241,647,68,0.040859147906303406,0.4761904761904769
10,242,647,68,0.04063951596617699,0.47325271572043515
10,243,647,68,0.03858489915728569,0.5647332103573136
10,244,647,68,0.039292801171541214,0.6951561112249782
10,245,647,68,0.03967830166220665,0.8529070164651231
10,246,647,68,0.04042809084057808,1.0379859260777482
10,247,647,68,0.03988102450966835,1.202773792443807
10,248,647,68,0.03890710324048996,1.3932499829199976
10,249,647,68,0.03866639360785484,1.583726173396188
10,250,647,68,0.03958798199892044,1.7742023638723785
10,251,647,68,0.039155855774879456,1.964678554348569
10,252,647,68,0.03927125409245491,2.1551547448247597
10,253,647,68,0.03990126773715019,2.34563093530095
10,254,647,68,0.03925488516688347,2.5361071257771406
10,255,647,68,0.03940930962562561,2.6313452210152355
10,256,647,68,0.04018855839967728,2.726583316253331
10,257,647,68,0.039611153304576874,2.7742023638723787
10,258,647,68,0.03986594080924988,2.821821411491426
10,259,647,68,0.03848214074969292,2.8694404591104736
10,260,647,68,0.03884320333600044,2.8694404591104736
10,261,647,68,0.04017439857125282,2.8694404591104736
10,262,647,70,0.038783565163612366,1.5336476053836174
10,263,647,70,0.03911448270082474,1.4657375145180023
10,264,647,70,0.03765503689646721,1.4251554280248688
10,265,647,70,0.038008179515600204,1.4119013459042156
10,266,647,70,0.038965173065662384,1.4259752681560425
10,267,647,70,0.038940537720918655,1.4673771947803511
10,268,647,70,0.03978082910180092,1.5361071257771397
10,269,647,70,0.03968852758407593,1.631345221015235
10,270,647,70,0.03872774541378021,1.7265833162533302
10,271,647,70,0.03902627155184746,1.8218214114914255
10,272,647,68,0.038149841129779816,3.821821411491426
10,273,647,68,0.038167014718055725,3.821821411491426
10,274,647,68,0.039838436990976334,3.821821411491426
10,275,647,68,0.03994031250476837,3.821821411491426
10,276,647,68,0.039273738861083984,3.821821411491426
10,277,647,68,0.0396571084856987,3.821821411491426
10,278,647,68,0.039275482296943665,3.821821411491426
10,279,647,68,0.040302373468875885,3.821821411491426
10,280,647,68,0.04059460014104843,3.821821411491426
10,281,647,68,0.04071955010294914,3.821821411491426
10,282,647,68,0.04154578968882561,3.821821411491426
10,283,647,68,0.042096637189388275,3.726583316253331
10,284,647,68,0.04178280755877495,3.6313452210152355
10,285,647,68,0.041326895356178284,3.5361071257771406
10,286,647,68,0.041513681411743164,3.4408690305390452
10,287,647,68,0.04194127395749092,3.34563093530095
10,288,647,68,0.04006519541144371,3.2503928400628546
10,289,647,68,0.041508059948682785,3.1551547448247597
10,290,647,68,0.04052140563726425,3.0599166495866643
10,291,647,68,0.04110582545399666,2.964678554348569
10,292,647,68,0.04238659515976906,2.8694404591104736
10,293,647,68,0.04394430294632912,2.8694404591104736
10,294,647,68,0.04365753382444382,2.8694404591104736
10,295,647,68,0.0434369221329689,2.8694404591104736
10,296,647,68,0.04347846657037735,2.8694404591104736
10,297,647,68,0.04347127676010132,2.8694404591104736
10,298,647,68,0.04318559914827347,2.8694404591104736
10,299,647,93,0.044466178864240646,20.940083350413335
10,300,647,93,0.04304901883006096,19.776935164309627
10,301,647,93,0.04273151606321335,18.641114982578397
10,302,647,93,0.04255794733762741,17.532622805219653
10,303,647,93,0.04311747848987579,16.451458632233383
10,304,647,93,0.04321710020303726,15.397622463619594
10,305,647,93,0.04314608499407768,14.371114299378286
10,306,647,93,0.041969701647758484,13.37193413950946
10,307,647,93,0.04120581969618797,12.400081984013116
10,308,647,93,0.04334799200296402,11.455557832889252
10,309,647,93,0.04269537702202797,10.538361686137868
10,310,647,93,0.042986176908016205,9.648493543758965
10,311,647,97,0.04447432607412338,10.46389287422286
10,312,647,97,0.045811377465724945,9.110268497642961
10,313,647,97,0.045983415096998215,7.785611805697887
10,314,647,97,0.045120369642972946,6.515611122497781
10,315,647,97,0.04481492191553116,5.30026644804263
10,316,647,97,0.04366644471883774,4.139577782332444
10,317,647,97,0.04434199258685112,3.0335451253672194
10,318,647,97,0.04419664293527603,1.9821684771469563
10,319,647,97,0.04410780221223831,0.9854478376716538
10,320,647,97,0.04294387251138687,1.040923686547789
10,321,647,97,0.043280407786369324,1.1237275397964062
10,322,647,97,0.04348889738321304,1.2338593974175034
10,323,647,97,0.04384414851665497,1.3713192594110808
10,324,647,97,0.04329439997673035,1.5361071257771397
10,325,647,97,0.04328468441963196,1.7265833162533302
10,326,647,97,0.045453935861587524,1.9170595067295206
10,327,647,97,0.046102046966552734,2.1075356972057113
10,328,647,97,0.045197710394859314,2.2980118876819016
10,329,647,97,0.044732242822647095,2.4884880781580923
10,330,647,97,0.045261405408382416,2.6789642686342825
10,331,647,97,0.044137194752693176,2.869440459110473
10,332,647,97,0.043639473617076874,2.869440459110473
10,333,647,97,0.043633658438920975,2.869440459110473
10,334,647,97,0.0441446527838707,2.869440459110473
10,335,647,97,0.044199325144290924,2.869440459110473
10,336,647,97,0.043957535177469254,2.869440459110473
10,337,647,97,0.0442008338868618,2.869440459110473
10,338,647,97,0.04396222531795502,2.869440459110473
10,339,647,97,0.042347896844148636,2.869440459110473
10,340,647,97,0.0428549200296402,2.869440459110473
10,341,647,97,0.04331584647297859,2.869440459110473
10,342,647,97,0.043599773198366165,2.869440459110473
10,343,647,97,0.04444706439971924,2.869440459110473
10,344,647,97,0.04410747438669205,2.869440459110473
10,345,647,97,0.045399997383356094,2.869440459110473
10,346,647,97,0.04396817460656166,2.869440459110473
10,347,647,97,0.04563365876674652,2.869440459110473
10,348,647,97,0.04536530748009682,2.869440459110473
10,349,647,97,0.04410304129123688,2.869440459110473
10,350,647,97,0.044262077659368515,2.869440459110473
10,351,647,97,0.043895967304706573,2.869440459110473
10,352,647,97,0.04282324016094208,2.869440459110473
10,353,647,97,0.04295356944203377,2.869440459110473
10,354,647,97,0.041933007538318634,2.869440459110473
10,355,647,97,0.04254068806767464,2.869440459110473
10,356,647,97,0.04208054766058922,2.869440459110473
10,357,647,97,0.0407976359128952,2.869440459110473
10,358,647,97,0.0412348173558712,2.869440459110473
10,359,647,97,0.04177532717585564,2.869440459110473
10,360,647,97,0.04237142577767372,2.869440459110473
10,361,647,97,0.041495926678180695,2.869440459110473
10,362,647,97,0.04246269166469574,2.869440459110473
10,363,647,97,0.04305010288953781,2.869440459110473
10,364,647,97,0.04077516496181488,2.869440459110473
10,365,647,97,0.04013147950172424,2.869440459110473
10,366,647,97,0.04070577025413513,2.869440459110473
10,367,647,97,0.039980512112379074,2.869440459110473
10,368,647,97,0.039708591997623444,2.869440459110473
10,369,647,97,0.039065781980752945,2.869440459110473
10,370,647,104,0.03757385537028313,3.7972262075561938
10,371,647,122,0.0383264534175396,20.606750017080003
10,372,647,122,0.03786541521549225,19.443601830976295
10,373,647,122,0.03785230964422226,18.307781649245065
10,374,647,122,0.03897934406995773,17.199289471886317
10,375,647,122,0.03802214935421944,16.118125298900047
10,376,647,122,0.03809000551700592,15.064289130286262
10,377,647,122,0.03983798250555992,14.037780966044952
10,378,647,122,0.037810053676366806,13.038600806176126
10,379,647,122,0.03790949285030365,12.066748650679784
10,380,647,121,0.03917597234249115,11.026986404317823
10,381,647,121,0.03830593079328537,10.157409305185487
10,382,647,121,0.0385340191423893,9.315160210425633
10,383,647,121,0.039463192224502563,8.500239120038257
10,384,647,121,0.0387662872672081,7.712646034023366
10,385,647,121,0.038373421877622604,6.952380952380951
10,386,647,121,0.03865889087319374,6.219443875111019
10,387,647,121,0.037931136786937714,5.513834802213568
10,388,647,121,0.03758097440004349,4.835553733688597
10,389,647,121,0.03829673305153847,4.184600669536107
10,390,647,121,0.037954870611429214,3.5609756097560976
10,391,647,121,0.03904484584927559,3.2980118876819016
10,392,647,121,0.04075508564710617,3.250392840062854
10,393,647,121,0.039632536470890045,3.2027737924438062
10,394,647,121,0.03830567002296448,3.1551547448247588
10,395,647,121,0.03927238658070564,3.1075356972057113
10,396,647,121,0.039099883288145065,3.0599166495866634
10,397,647,121,0.04012776166200638,3.012297601967616
10,398,647,121,0.04008019343018532,2.9646785543485685
10,399,647,121,0.04010237008333206,2.9170595067295206
10,400,647,121,0.03890220820903778,2.869440459110473
10,401,647,121,0.03918596729636192,2.869440459110473
10,402,647,121,0.03822782263159752,2.869440459110473
10,403,647,121,0.0384223498404026,2.869440459110473
10,404,647,121,0.03771381825208664,2.869440459110473
10,405,647,121,0.03850991651415825,2.869440459110473
10,406,647,121,0.03736087307333946,2.869440459110473
10,407,647,122,0.03835899382829666,2.0388057662089225
10,408,647,122,0.03958572447299957,2.018514722962355
10,409,647,122,0.04033422842621803,2.0255516840882692
10,410,647,122,0.04028058797121048,2.0599166495866634
10,411,647,122,0.04186378791928291,2.1075356972057113
10,412,647,122,0.04267621040344238,2.1551547448247588
10,413,647,123,0.04422856867313385,1.3721390995422558
10,414,647,123,0.04436375945806503,1.399467103914736
10,415,647,123,0.0445275716483593,1.4541231126596978
10,416,647,125,0.0428052581846714,0.9540206326433011
10,417,647,125,0.04277618229389191,0.7908724465395908
10,418,647,125,0.04217049106955528,0.6699460271913641
10,419,647,125,0.042914748191833496,0.6036756165880978
10,420,647,125,0.042645979672670364,0.5928810548609682
10,421,647,125,0.04179444536566734,0.662430825988932
10,422,647,125,0.042868226766586304,0.7866366058618561
10,423,647,125,0.044399797916412354,0.9646785543485683
10,424,647,125,0.043021827936172485,1.1551547448247588
10,425,647,125,0.04229160025715828,1.3456309353009492
10,426,647,125,0.04262152686715126,1.5361071257771397
10,427,647,125,0.04473428800702095,1.7265833162533302
10,428,647,125,0.04317396506667137,1.8694404591104732
10,429,647,125,0.0462004579603672,2.012297601967616
10,430,647,125,0.043927207589149475,2.1551547448247588
10,431,647,125,0.03945412486791611,2.2980118876819016
10,432,647,125,0.03864408656954765,2.4408690305390444
10,433,647,125,0.04213112220168114,2.5837261733961876
10,434,647,125,0.03980936110019684,2.6789642686342825
10,435,647,125,0.04200563207268715,2.774202363872378
10,436,647,127,0.042537979781627655,1.5336476053836174
10,437,647,127,0.04253380000591278,1.4657375145180023
10,438,647,127,0.041245996952056885,1.4251554280248688
10,439,647,127,0.04076490178704262,1.4119013459042156
10,440,647,127,0.04148057848215103,1.4259752681560425
10,441,647,127,0.04010036587715149,1.4673771947803511
10,442,647,127,0.04062972217798233,1.5361071257771397
10,443,647,127,0.03957858681678772,1.631345221015235
10,444,647,127,0.04039716720581055,1.7265833162533302
10,445,647,129,0.04108976200222969,0.752749880439981
10,446,647,129,0.03910241276025772,0.6724055475848878
10,447,647,129,0.040324557572603226,0.6467172234747549
10,448,647,129,0.03985711559653282,0.6756849081095853
10,449,647,129,0.039442237466573715,0.7593086014893758
10,450,647,129,0.03950436785817146,0.8959486233517796
10,451,647,129,0.04071340337395668,1.0599166495866637
10,452,647,129,0.04005914181470871,1.2503928400628541
10,453,647,129,0.04032936692237854,1.4408690305390446
10,454,647,129,0.04112546890974045,1.631345221015235
10,455,647,129,0.04194711893796921,1.8218214114914255
10,456,647,129,0.04117901250720024,2.012297601967616
10,457,647,129,0.04194280877709389,2.1075356972057113
10,458,647,129,0.04213666170835495,2.2027737924438062
10,459,647,129,0.040996041148900986,2.2980118876819016
10,460,647,129,0.04208545386791229,2.393249982919997
10,461,647,129,0.0402526780962944,2.4884880781580923
10,462,647,129,0.04043608903884888,2.5837261733961876
10,463,647,129,0.040381722152233124,2.6789642686342825
10,464,647,129,0.04168945923447609,2.774202363872378
10,465,647,129,0.04182155057787895,2.869440459110473
10,466,647,129,0.042658645659685135,2.869440459110473
10,467,647,129,0.044815853238105774,2.869440459110473
10,468,647,129,0.046285465359687805,2.869440459110473
10,469,647,129,0.04435068741440773,2.869440459110473
10,470,647,129,0.044692739844322205,2.869440459110473
10,471,647,129,0.04569166526198387,2.869440459110473
10,472,647,129,0.04573362320661545,2.869440459110473
10,473,647,129,0.04499730467796326,2.869440459110473
10,474,647,129,0.044248487800359726,2.869440459110473
10,475,647,129,0.046048570424318314,2.869440459110473
10,476,647,129,0.044858742505311966,2.869440459110473
10,477,647,129,0.04560186341404915,2.869440459110473
10,478,647,129,0.04501642286777496,2.869440459110473
10,479,647,129,0.04546038806438446,2.869440459110473
10,480,647,129,0.04788899049162865,2.869440459110473
10,481,647,129,0.04687567427754402,2.869440459110473
10,482,647,129,0.0455472394824028,2.869440459110473
10,483,647,129,0.04612802714109421,2.869440459110473
10,484,647,129,0.04646194353699684,2.869440459110473
10,485,647,129,0.04631264880299568,2.869440459110473
10,486,647,129,0.04749194160103798,2.869440459110473
10,487,647,129,0.047287050634622574,2.869440459110473
10,488,647,129,0.04744792729616165,2.869440459110473
10,489,647,129,0.048511866480112076,2.869440459110473
10,490,647,129,0.04839819669723511,2.869440459110473
10,491,647,129,0.04967907443642616,2.869440459110473
10,492,647,129,0.048322223126888275,2.869440459110473
10,493,647,129,0.050152070820331573,2.869440459110473
10,494,647,129,0.05037010461091995,2.869440459110473
10,495,647,129,0.052268534898757935,2.869440459110473
10,496,647,129,0.052946221083402634,2.869440459110473
10,497,647,60,0.05192715302109718,68.58372617339619
10,498,647,60,0.05388021096587181,65.2980118876819
10,499,647,60,0.0523124523460865,62.01229760196762
10,500,647,60,0.051954422146081924,58.72658331625333
10,501,647,60,0.052357837557792664,55.44086903053905
10,502,647,60,0.05327985808253288,52.155154744824756
10,503,647,60,0.053298432379961014,48.869440459110464
10,504,647,60,0.052872270345687866,45.58372617339619
10,505,647,60,0.05130622535943985,42.2980118876819
10,506,647,60,0.05317113921046257,39.01229760196762
10,507,647,60,0.053828079253435135,35.72658331625333
10,508,647,60,0.053380824625492096,32.44086903053905
10,509,647,60,0.053286682814359665,29.15515474482476
10,510,647,60,0.05333760380744934,25.86944045911046
10,511,647,60,0.05357420817017555,22.583726173396187
10,512,647,60,0.05483170598745346,19.298011887681902
10,513,647,60,0.05341215431690216,16.012297601967617
10,514,647,60,0.05499255284667015,12.72658331625333
10,515,647,60,0.05571289360523224,9.440869030539043
10,516,647,60,0.058316100388765335,6.1551547448247605
10,517,647,60,0.058001477271318436,2.8694404591104736
10,518,647,60,0.05598638579249382,2.8694404591104736
10,519,647,60,0.054864708334207535,2.8694404591104736
10,520,647,60,0.05630871281027794,2.8694404591104736
10,521,647,60,0.055668991059064865,2.8694404591104736
10,522,647,60,0.05778351426124573,2.8694404591104736
10,523,647,60,0.055389273911714554,2.8694404591104736
10,524,647,60,0.05669105425477028,2.8694404591104736
10,525,647,60,0.05727682635188103,2.8694404591104736
10,526,647,60,0.05714023485779762,2.8694404591104736
10,527,647,60,0.059715211391448975,2.8694404591104736
10,528,647,60,0.05719577148556709,2.8694404591104736
10,529,647,60,0.05712456256151199,2.8694404591104736
10,530,647,60,0.05738919973373413,2.8694404591104736
10,531,647,60,0.05725545808672905,2.8694404591104736
10,532,647,60,0.05546332150697708,2.8694404591104736
10,533,647,60,0.055766116827726364,2.8694404591104736
10,534,647,60,0.0553843192756176,2.8694404591104736
10,535,647,60,0.05448153614997864,2.8694404591104736
10,536,647,60,0.05587753280997276,2.8694404591104736
10,537,647,60,0.05612814426422119,2.8694404591104736
10,538,647,60,0.0562475360929966,2.8694404591104736
10,539,647,60,0.055934563279151917,2.8694404591104736
10,540,647,60,0.05507383123040199,2.8694404591104736
10,541,647,60,0.056249864399433136,2.8694404591104736
10,542,647,60,0.05690404027700424,2.8694404591104736
10,543,647,60,0.05699562653899193,2.8694404591104736
10,544,647,60,0.05685390159487724,2.8694404591104736
10,545,647,60,0.057170625776052475,2.8694404591104736
10,546,647,60,0.055484890937805176,2.8694404591104736
10,547,647,60,0.05570455268025398,2.8694404591104736
10,548,647,60,0.05561317503452301,2.8694404591104736
10,549,647,60,0.056817371398210526,2.8694404591104736
10,550,647,60,0.05792894959449768,2.8694404591104736
10,551,647,60,0.05905265733599663,2.8694404591104736
10,552,647,60,0.0563013069331646,2.8694404591104736
10,553,647,60,0.056156110018491745,2.8694404591104736
10,554,647,60,0.055885281413793564,2.8694404591104736
10,555,647,60,0.05720163881778717,2.8694404591104736
10,556,647,60,0.05725789815187454,2.8694404591104736
10,557,647,60,0.05818029120564461,2.8694404591104736
10,558,647,60,0.05898574739694595,2.8694404591104736
10,559,647,60,0.05807705968618393,2.8694404591104736
10,560,647,60,0.057242251932621,2.8694404591104736
10,561,647,60,0.055610425770282745,2.8694404591104736
10,562,647,60,0.058648575097322464,2.8694404591104736
10,563,647,60,0.05932081118226051,2.8694404591104736
10,564,647,60,0.05850715562701225,2.8694404591104736
10,565,647,60,0.05828756093978882,2.8694404591104736
10,566,647,60,0.05655951425433159,2.8694404591104736
10,567,647,60,0.056648559868335724,2.8694404591104736
10,568,647,60,0.056037645787000656,2.8694404591104736
10,569,647,60,0.05594624951481819,2.8694404591104736
10,570,647,60,0.05313469469547272,2.8694404591104736
10,571,647,60,0.05521335080265999,2.8694404591104736
10,572,647,60,0.05636811628937721,2.8694404591104736
10,573,647,60,0.05665331706404686,2.8694404591104736
10,574,647,60,0.05661400407552719,2.8694404591104736
10,575,647,60,0.05668823793530464,2.8694404591104736
10,576,647,60,0.05786724016070366,2.8694404591104736
10,577,647,60,0.057689372450113297,2.8694404591104736
10,578,647,60,0.05823535844683647,2.8694404591104736
10,579,647,60,0.05742528662085533,2.8694404591104736
10,580,647,60,0.05838755518198013,2.8694404591104736
10,581,647,60,0.057470064610242844,2.8694404591104736
10,582,647,60,0.05897996947169304,2.8694404591104736
10,583,647,60,0.058553215116262436,2.8694404591104736
10,584,647,60,0.05750683695077896,2.8694404591104736
10,585,647,60,0.05770322307944298,2.8694404591104736
10,586,647,60,0.057272039353847504,2.8694404591104736
10,587,647,60,0.05806729942560196,2.8694404591104736
10,588,647,60,0.057678233832120895,2.8694404591104736
10,589,647,60,0.058868780732154846,2.8694404591104736
10,590,647,60,0.058130476623773575,2.8694404591104736
10,591,647,60,0.05637022852897644,2.8694404591104736
10,592,647,60,0.05788091942667961,2.8694404591104736
10,593,647,60,0.056402601301670074,2.8694404591104736
10,594,647,60,0.05585672706365585,2.8694404591104736
10,595,647,60,0.05838283523917198,2.8694404591104736
10,596,647,60,0.05699440464377403,2.8694404591104736
10,597,647,60,0.05684364214539528,2.8694404591104736
10,598,647,60,0.05855400115251541,2.8694404591104736
10,599,647,60,0.0570422038435936,2.8694404591104736
10,600,647,60,0.05684017762541771,2.8694404591104736
10,601,647,60,0.05917443707585335,2.8694404591104736
10,602,647,60,0.057129472494125366,2.8694404591104736
10,603,647,60,0.057552922517061234,2.8694404591104736
10,604,647,60,0.06135975942015648,2.8694404591104736
10,605,647,60,0.06004450097680092,2.8694404591104736
10,606,647,60,0.05591743439435959,2.8694404591104736
10,607,647,60,0.0548962838947773,2.8694404591104736
10,608,647,60,0.05698079988360405,2.8694404591104736
10,609,647,60,0.05736863240599632,2.8694404591104736
10,610,647,60,0.05652772635221481,2.8694404591104736
10,611,647,60,0.05770178884267807,2.8694404591104736
10,612,647,60,0.056265220046043396,2.8694404591104736
10,613,647,60,0.05572189390659332,2.8694404591104736
10,614,647,60,0.05687114968895912,2.8694404591104736
10,615,647,60,0.05643989518284798,2.8694404591104736
10,616,647,60,0.059925466775894165,2.8694404591104736
10,617,647,56,0.060223743319511414,6.678964268634284
10,618,647,56,0.06172224506735802,6.488488078158094
10,619,647,56,0.06272460520267487,6.298011887681903
10,620,647,56,0.06645362079143524,6.107535697205711
10,621,647,56,0.06803346425294876,5.9170595067295215
10,622,647,56,0.07066014409065247,5.726583316253331
10,623,647,56,0.07272141426801682,5.53610712577714
10,624,647,186,0.07496020942926407,72.01229760196762
10,625,647,188,0.07394401729106903,66.7468743594999
10,626,647,188,0.07590200006961823,63.290974926556
10,627,647,188,0.07696650177240372,59.83507549361207
10,628,647,188,0.07745225727558136,56.37917606066816
10,629,647,188,0.07827771455049515,52.923276627724256
10,630,647,188,0.07950955629348755,49.46737719478035
10,631,647,188,0.07991188764572144,46.01229760196762
10,632,647,188,0.08040230721235275,42.58372617339619
10,633,647,188,0.07963363081216812,39.155154744824756
10,634,647,189,0.0804864838719368,34.90838286534125
10,635,647,189,0.08154154568910599,31.447086151533778
10,636,647,189,0.08097057044506073,28.025551684088267
10,637,647,189,0.08055739104747772,24.631345221015234
10,638,647,189,0.08037833124399185,21.440869030539044
10,639,647,189,0.08136007934808731,18.250392840062855
10,640,647,193,0.07994967699050903,14.771879483500713
10,641,647,193,0.08099664002656937,11.334631413541025
10,642,647,193,0.07976814359426498,7.897383343581334
10,643,647,193,0.07952594757080078,4.475848876135821
10,644,647,193,0.07955551147460938,1.0816424130627849
10,645,647,193,0.08055353909730911,0.9553187128509941
10,646,647,193,0.08082903921604156,0.8811915009906399
11,35,706,9,0.03123209811747074,2.869440459110473
11,36,706,9,0.031226394698023796,2.869440459110473
11,37,706,9,0.031106168404221535,2.869440459110473
11,38,706,9,0.03133057430386543,2.869440459110473
11,39,706,9,0.0310080386698246,2.869440459110473
11,40,706,9,0.03131306916475296,2.869440459110473
11,41,706,15,0.03189006447792053,2.8448452551752412
11,42,706,15,0.031350381672382355,2.5864589738334356
11,43,706,15,0.031114736571907997,2.3554006968641117
11,44,706,15,0.031773921102285385,2.151670424267268
11,45,706,15,0.03069407306611538,1.9752681560429057
11,46,706,15,0.030408035963773727,1.826193892191024
11,47,706,15,0.03041169047355652,1.704447632711622
11,48,706,15,0.02998719923198223,1.6100293776047006
11,49,706,15,0.030751770362257957,1.5429391268702606
11,50,706,15,0.02955189161002636,1.5031768805083008
11,51,706,15,0.029795896261930466,1.4907426385188225
11,52,706,15,0.029982449486851692,1.5056364009018244
11,53,706,15,0.029706401750445366,1.5478581676573067
11,54,706,15,0.029392514377832413,1.6174079387852704
11,55,706,15,0.02921302616596222,1.7142857142857142
11,56,706,15,0.029629051685333252,1.8384914941586399
11,57,706,15,0.030929753556847572,1.9900252784040455
11,58,706,15,0.030310265719890594,2.1688870670219313
11,59,706,15,0.029998425394296646,2.3750768600122973
11,60,706,17,0.03021290898323059,1.4632779941244787
11,61,706,17,0.029528329148888588,1.465737514518001
11,62,706,17,0.029681388288736343,1.4251554280248675
11,63,706,17,0.029254987835884094,1.4119013459042142
11,64,706,17,0.030702661722898483,1.4259752681560425
11,65,706,17,0.0290059931576252,1.4673771947803511
11,66,706,17,0.030177997425198555,1.5361071257771397
11,67,706,17,0.030670592561364174,1.631345221015235
11,68,706,17,0.02946522831916809,1.7265833162533302
11,69,706,17,0.02970273420214653,1.8218214114914255
11,70,706,17,0.030257251113653183,1.9170595067295206
11,71,706,17,0.02969667688012123,2.012297601967616
11,72,706,17,0.030335983261466026,2.1075356972057113
11,73,706,17,0.030495090410113335,2.2027737924438062
11,74,706,18,0.030646607279777527,1.4673771947803511
11,75,706,18,0.030195245519280434,1.542324246771879
11,76,706,18,0.030005235224962234,1.6445993031358883
11,77,706,18,0.030034977942705154,1.7742023638723778
11,78,706,18,0.02878766693174839,1.9170595067295206
11,79,706,18,0.02913065254688263,2.0599166495866634
11,80,706,18,0.028840484097599983,2.2027737924438062
11,81,706,18,0.029001448303461075,2.250392840062854
11,82,706,23,0.02894003689289093,2.4638928742228603
11,83,706,29,0.029542269185185432,7.8924643027942905
11,84,706,29,0.029482679441571236,7.348363735738199
11,85,706,29,0.029633834958076477,6.831591173054588
11,86,706,29,0.030548060312867165,6.3421466147434575
11,87,706,29,0.03122377209365368,5.880030060804811
11,88,706,29,0.03183264657855034,5.445241511238643
11,89,706,29,0.032730065286159515,5.037780966044956
11,90,706,29,0.03251523897051811,4.657648425223748
11,91,706,29,0.03214951977133751,4.304843888775022
11,92,706,29,0.0329112708568573,3.979367356698777
11,93,706,32,0.0341360829770565,5.035321445651432
11,94,706,32,0.032473307102918625,4.363257498121199
11,95,706,32,0.03324170038104057,3.793468606954977
11,96,706,32,0.03388799726963043,3.278335724533716
11,97,706,32,0.03387041017413139,2.8178588508574167
11,98,706,32,0.03231386840343475,2.412037985926079
11,99,706,32,0.033243510872125626,2.060873129739702
11,100,706,32,0.03197209909558296,1.7643642822982857
11,101,706,32,0.032465703785419464,1.5225114436018308
11,102,706,32,0.03322400525212288,1.3353146136503378
11,103,706,32,0.033285487443208694,1.4408690305390446
11,104,706,32,0.033068034797906876,1.5837261733961874
11,105,706,32,0.032738566398620605,1.7265833162533302
11,106,706,32,0.03362743556499481,1.8694404591104732
11,107,706,32,0.03481876105070114,2.012297601967616
11,108,706,32,0.03406225144863129,2.1551547448247588
11,109,706,32,0.03348870202898979,2.2980118876819016
11,110,706,32,0.03429173678159714,2.4408690305390444
11,111,706,32,0.03327915444970131,2.5837261733961876
11,112,706,32,0.031451668590307236,2.7265833162533304
11,113,706,32,0.03241737559437752,2.869440459110473
11,114,706,33,0.030653705820441246,2.038805766208923
11,115,706,33,0.031702570617198944,2.018514722962356
11,116,706,33,0.030925203114748,2.0255516840882684
11,117,706,33,0.030118471011519432,2.059916649586663
11,118,706,33,0.030780524015426636,2.1075356972057104
11,119,706,33,0.030674999579787254,2.1551547448247583
11,120,706,33,0.03202679008245468,2.202773792443806
11,121,706,33,0.03288441151380539,2.2503928400628532
11,122,706,33,0.03087967447936535,2.298011887681901
11,123,706,33,0.03055890090763569,2.3456309353009486
11,124,706,33,0.030384747311472893,2.393249982919996
11,125,706,33,0.031254932284355164,2.440869030539044
11,126,706,33,0.031183745712041855,2.4884880781580914
11,127,706,33,0.03092733956873417,2.5361071257771393
11,128,706,33,0.03190424293279648,2.5837261733961867
11,129,706,38,0.0312885046005249,2.1305595408895264
11,130,706,38,0.03145572915673256,1.8721732595477207
11,131,706,38,0.0317605622112751,1.6411149825783955
11,132,706,38,0.031346652656793594,1.4530983124957273
11,133,706,38,0.031214935705065727,1.3197376511580223
11,134,706,38,0.03073306754231453,1.241032998565279
11,135,706,38,0.030096830800175667,1.166905786704925
11,136,706,40,0.029719635844230652,2.1313793810207
11,137,706,40,0.029802747070789337,1.853521896563502
11,138,706,40,0.03036966733634472,1.6303204208512658
11,139,706,40,0.028998157009482384,1.4617749538839915
11,140,706,40,0.03008166328072548,1.347885495661679
11,141,706,40,0.02904658205807209,1.2886520461843267
11,142,706,40,0.0291100163012743,1.2840746054519363
11,143,706,40,0.029249945655465126,1.3333333333333326
11,144,706,40,0.029406972229480743,1.4099200655872106
11,145,706,40,0.029341835528612137,1.5138348022135686
11,146,706,40,0.030177205801010132,1.645077543212407
11,147,706,40,0.02963077835738659,1.8036482885837255
11,148,706,40,0.03009757399559021,1.9895470383275256
11,149,706,40,0.03061722032725811,2.202773792443807
11,150,706,42,0.030105585232377052,0.9622190339550466
11,151,706,42,0.03019397146999836,0.9895470383275269
11,152,706,42,0.03112935461103916,1.0442030470724872
11,153,706,42,0.030528657138347626,1.1261870601899293
11,154,706,42,0.030714018270373344,1.2354990776798527
11,155,706,42,0.03156524524092674,1.3721390995422564
11,156,706,42,0.03004472702741623,1.5361071257771404
11,157,706,42,0.030325837433338165,1.6313452210152357
11,158,706,42,0.03111874684691429,1.7265833162533308
11,159,706,42,0.031090812757611275,1.8218214114914262
11,160,706,46,0.03258150815963745,1.8924643027942882
11,161,706,46,0.031368404626846313,1.6340780214524826
11,162,706,46,0.03197170048952103,1.4030197444831574
11,163,706,46,0.030194973573088646,1.1992894718863136
11,164,706,46,0.031095663085579872,1.0245268839243
11,165,706,46,0.03083130717277527,0.9044203047072484
11,166,706,46,0.03079208917915821,0.8389697342351571
11,167,706,46,0.03078223392367363,0.8281751725080262
11,168,706,46,0.030336415395140648,0.8720366195258571
11,169,706,54,0.031229089945554733,6.940083350413335
11,170,706,54,0.03020850569009781,6.300744688119148
11,171,706,54,0.03195899724960327,5.783972125435538
11,172,706,54,0.031551800668239594,5.294527567124409
11,173,706,54,0.031595826148986816,4.8324110131857605
11,174,706,54,0.03135232999920845,4.3976224636195935
11,175,706,54,0.030064530670642853,3.9901619184259056
11,176,706,54,0.031177910044789314,3.6100293776046986
11,177,706,54,0.031415682286024094,3.2572248411559728
11,178,706,54,0.03140830993652344,2.9317483090797287
11,179,706,54,0.031957242637872696,2.6335997813759646
11,180,706,54,0.031137779355049133,2.362779258044681
11,181,706,54,0.031187623739242554,2.309762929562068
11,182,706,54,0.03070179559290409,2.2840746054519365
11,183,706,54,0.031245844438672066,2.285714285714285
11,184,706,54,0.0321471206843853,2.3146819703491155
11,185,706,54,0.0336100310087204,2.370977659356426
11,186,706,56,0.030700869858264923,1.6902370704379321
11,187,706,56,0.030880309641361237,1.5428024868483976
11,188,706,56,0.03023608587682247,1.4500239120038247
11,189,706,56,0.029886743053793907,1.411901345904215
11,190,706,56,0.031371328979730606,1.4259752681560431
11,191,706,56,0.031213359907269478,1.4673771947803518
11,192,706,56,0.031080467626452446,1.5361071257771404
11,193,706,56,0.03230815380811691,1.6313452210152357
11,194,706,56,0.0322243794798851,1.7265833162533308
11,195,706,56,0.032387811690568924,1.8218214114914262
11,196,706,56,0.032913874834775925,1.9170595067295213
11,197,706,56,0.032380517572164536,2.0122976019676164
11,198,706,56,0.03046916425228119,2.1075356972057118
11,199,706,56,0.03088652715086937,2.202773792443807
11,200,706,56,0.031378697603940964,2.2980118876819025
11,201,706,56,0.0317627489566803,2.393249982919998
11,202,706,56,0.03219779208302498,2.4884880781580927
11,203,706,56,0.03489280492067337,2.583726173396188
11,204,706,56,0.038930438458919525,2.6789642686342834
11,205,706,56,0.04007430002093315,2.7742023638723787
11,206,706,56,0.04029395431280136,2.8694404591104736
11,207,706,56,0.043530095368623734,2.8694404591104736
11,208,706,56,0.04265771061182022,2.8694404591104736
11,209,706,58,0.042981408536434174,1.533647605383618
11,210,706,58,0.0422920361161232,1.465737514518003
11,211,706,58,0.039016228169202805,1.4251554280248682
11,212,706,60,0.04090574011206627,1.2397349183575874
11,213,706,60,0.04045696184039116,1.0765867322538771
11,214,706,60,0.03891701251268387,0.9407665505226471
11,215,706,60,0.03789450228214264,0.8322743731638986
11,216,706,60,0.037733618170022964,0.7519300403088054
11,217,706,61,0.038113612681627274,0.8389697342351584
11,218,706,61,0.039028413593769073,0.6969324315091893
11,219,706,61,0.03900304436683655,0.6095511375281805
11,220,706,61,0.04012981802225113,0.5917196146751368
11,221,706,61,0.03992195799946785,0.6417981826877082
11,222,706,61,0.03947591409087181,0.7465327594452413
11,223,706,63,0.03884372115135193,1.1454533032725283
11,224,706,64,0.04005470126867294,1.7496071599371452
11,225,706,64,0.03959540277719498,1.3959827833572445
11,226,706,64,0.03833802044391632,1.0713260914121727
11,227,706,64,0.03626193106174469,0.8153993304638922
11,228,706,64,0.036159686744213104,0.6422764227642275
11,229,706,64,0.037633638828992844,0.5511375281820033
11,230,706,64,0.03975633904337883,0.6372207419553164
11,231,706,64,0.03616844490170479,0.8036482885837241
11,232,706,64,0.029663188382983208,1.024731843957095
11,233,706,64,0.028530390933156013,1.202773792443807
11,234,706,66,0.031344395130872726,0.6936530709844918
11,235,706,66,0.03129329904913902,0.5884402541504394
11,236,706,67,0.03010757826268673,0.9495798319327723
11,237,706,67,0.03012174554169178,0.7147639543622316
11,238,706,67,0.03030959516763687,0.6219853795176601
11,239,706,67,0.03140701353549957,0.6111908177905305
11,240,706,67,0.032815899699926376,0.6683063469290147
11,241,706,68,0.03169390931725502,0.6111908177905305
11,242,706,70,0.03182656690478325,1.9400833504133363
11,243,706,70,0.03127831965684891,1.5388399262143881
11,244,706,70,0.03148339316248894,1.2601626016260166
11,245,706,75,0.031116332858800888,5.6543690646990505
11,246,706,75,0.03148012235760689,5.157887545262007
11,247,706,75,0.03189198672771454,4.688734030197445
11,248,706,75,0.03156641870737076,4.2469085195053635
11,249,706,75,0.031126581132411957,3.8324110131857614
11,250,706,75,0.03181779012084007,3.4452415112386414
11,251,706,75,0.030828317627310753,3.085400013664002
11,252,706,75,0.029920974746346474,2.7528865204618436
11,253,706,75,0.030082782730460167,2.4477010316321652
11,254,706,75,0.030875995755195618,2.1698435471749673
11,255,706,75,0.030751923099160194,2.0145521623283464
11,256,706,75,0.029778463765978813,1.8865887818542053
11,257,706,75,0.029625866562128067,1.8335724533715922
11,258,706,75,0.03044048324227333,1.807884129261461
11,259,706,75,0.03026546910405159,1.8095238095238095
11,260,706,75,0.030103854835033417,1.8542050966728154
11,261,706,75,0.029010554775595665,1.9535423925667832
11,262,706,75,0.029939662665128708,2.1551547448247588
11,263,706,75,0.029687708243727684,2.393249982919997
11,264,706,75,0.030845504254102707,2.631345221015235
11,265,706,75,0.03169972077012062,2.869440459110473
11,266,706,70,0.02969198487699032,7.631345221015233
11,267,706,70,0.030013278126716614,7.393249982919995
11,268,706,70,0.031666629016399384,7.155154744824758
11,269,706,70,0.0314948633313179,6.91705950672952
11,270,706,70,0.031161095947027206,6.678964268634282
11,271,706,70,0.030890783295035362,6.4408690305390435
11,272,706,70,0.030677825212478638,6.202773792443805
11,273,706,70,0.031005458906292915,5.964678554348568
11,274,706,70,0.03108287788927555,5.72658331625333
11,275,706,77,0.030737029388546944,3.5920612147297946
11,276,706,75,0.031205089762806892,3.631823461091753
11,277,706,75,0.032107993960380554,3.3858714217394272
11,278,706,81,0.03176233544945717,4.892464302794289
11,279,706,81,0.031022030860185623,4.634078021452483
11,280,706,81,0.031737592071294785,4.403019744483159
11,281,706,81,0.03156980499625206,4.199289471886315
11,282,706,81,0.03207395225763321,4.022887203661952
11,283,706,81,0.03052668459713459,3.8738129398100702
11,284,706,81,0.029459988698363304,3.7520666803306684
11,285,706,81,0.029993116855621338,3.6576484252237482
11,286,706,81,0.029951496049761772,3.590558174489308
11,287,706,81,0.03013182245194912,3.31270069003211
11,288,706,81,0.029276041314005852,3.062171209947394
11,289,706,81,0.029775096103549004,2.8406094144975063
11,290,706,81,0.029811276122927666,2.672063947530231
11,291,706,81,0.030724678188562393,2.530846484935438
11,292,706,81,0.029546337202191353,2.416957026713124
11,293,706,81,0.029865143820643425,2.3303955728632917
11,294,706,81,0.029610024765133858,2.2711621233859396
11,295,706,81,0.029251934960484505,2.2392566782810674
11,296,706,81,0.030340388417243958,2.3750768600122973
11,297,706,84,0.029463138431310654,1.3912687026029924
11,298,706,84,0.029414203017950058,1.250871080139372
11,299,706,84,0.029396699741482735,1.162669946027191
11,300,706,84,0.031061843037605286,1.10179681628749
11,301,706,84,0.030848603695631027,1.0682516909202693
11,302,706,84,0.031296756118535995,1.0620345699255302
11,303,706,84,0.030732696875929832,1.0831454533032714
11,304,706,84,0.031544916331768036,1.131584341053494
11,305,706,84,0.03164484351873398,1.2073512331761969
11,306,706,84,0.03184892609715462,1.3104461296713799
11,307,706,84,0.030994653701782227,1.4408690305390446
11,308,706,84,0.030943075194954872,1.5837261733961874
11,309,706,84,0.031453948467969894,1.7265833162533302
11,310,706,84,0.031753309071063995,1.8694404591104732
11,311,706,84,0.03170304000377655,2.012297601967616
11,312,706,84,0.03113289177417755,2.1551547448247588
11,313,706,84,0.03234352916479111,2.2980118876819016
11,314,706,84,0.033414483070373535,2.4408690305390444
11,315,706,86,0.031943514943122864,1.2479333196693316
11,316,706,86,0.032723568379879,1.3228803716608595
11,317,706,86,0.035687342286109924,1.4251554280248688
11,318,706,86,0.0332733578979969,1.4119013459042156
11,319,706,93,0.0338909775018692,5.3210357313657175
11,320,706,93,0.03258684277534485,4.919792307166769
11,321,706,93,0.03259146586060524,4.545876887340302
11,322,706,93,0.03166366368532181,4.199289471886315
11,323,706,93,0.0331479012966156,3.8800300608048093
11,324,706,93,0.03269890695810318,3.588098654095784
11,325,706,93,0.032664183527231216,3.3234952517592395
11,326,706,93,0.03218350559473038,3.0862198537951766
11,327,706,93,0.032079096883535385,2.8762724602035936
11,328,706,93,0.032566312700510025,2.693653070984491
11,329,706,97,0.03425319492816925,4.844845255175241
11,330,706,97,0.033258698880672455,4.2531256405001026
11,331,706,97,0.03263426944613457,3.688734030197445
11,332,706,97,0.03324825316667557,3.151670424267268
11,333,706,97,0.03433093801140785,2.6435745029719198
11,334,706,97,0.0339830219745636,2.1901345904215335
11,335,706,97,0.03376292809844017,1.7913506866161089
11,336,706,97,0.034366294741630554,1.5424608867937413
11,337,706,97,0.034192413091659546,1.3482270957163354
11,338,706,97,0.034221477806568146,1.2086493133838898
11,339,706,97,0.03437895327806473,1.1237275397964062
11,340,706,97,0.034250643104314804,1.2338593974175034
11,341,706,97,0.033754706382751465,1.3713192594110808
11,342,706,97,0.03297258913516998,1.5361071257771397
11,343,706,97,0.03219853341579437,1.7265833162533302
11,344,706,102,0.03440505638718605,2.8448452551752412
11,345,706,102,0.0334121510386467,2.443601830976293
11,346,706,102,0.03482693433761597,2.069686411149826
11,347,706,102,0.035474248230457306,1.7388125982100164
11,348,706,102,0.03418891876935959,1.4625947940151671
11,349,706,102,0.03353767469525337,1.2410329985652797
11,350,706,102,0.033045005053281784,1.1669057867049257
11,351,706,102,0.03168733790516853,1.120106579217053
11,352,706,102,0.03257331997156143,1.1006353761016607
11,353,706,102,0.033879950642585754,1.1084921773587486
11,354,706,102,0.033423349261283875,1.143676982988318
11,355,706,102,0.03403547778725624,1.2061897929903675
11,356,706,102,0.03363276645541191,1.2960306073648973
11,357,706,102,0.03352208063006401,1.4131994261119085
11,358,706,102,0.032664939761161804,1.5576962492314002
11,359,706,102,0.03343997895717621,1.729521076723372
11,360,706,102,0.03261973336338997,1.9286739085878253
11,361,706,102,0.03339923918247223,2.1551547448247588
11,362,706,102,0.03292461857199669,2.393249982919997
11,363,706,102,0.031903475522994995,2.631345221015235
11,364,706,102,0.03161461278796196,2.869440459110473
11,365,706,102,0.03190552070736885,2.869440459110473
11,366,706,102,0.03048250637948513,2.869440459110473
11,367,706,102,0.03017803467810154,2.869440459110473
11,368,706,102,0.030316464602947235,2.869440459110473
11,369,706,102,0.03027799166738987,2.869440459110473
11,370,706,111,0.030608780682086945,5.701988112318098
11,371,706,111,0.030018530786037445,5.30074468811915
11,372,706,111,0.029402969405055046,4.926829268292683
11,373,706,111,0.030779337510466576,4.580241852838697
11,374,706,111,0.02960752323269844,4.26098244175719
11,375,706,111,0.029717857018113136,3.969051035048165
11,376,706,111,0.031152481213212013,3.704447632711621
11,377,706,111,0.030999071896076202,3.4671722347475575
11,378,706,111,0.031561486423015594,3.257224841155975
11,379,706,111,0.03036673367023468,3.074605451936872
11,380,706,111,0.02978329360485077,2.919314067090251
11,381,706,111,0.031023897230625153,2.79135068661611
11,382,706,111,0.031166553497314453,2.6907153105144497
11,383,706,111,0.031182825565338135,2.6174079387852704
11,384,706,111,0.03246130421757698,2.5714285714285716
11,385,706,116,0.03211480751633644,4.035321445651432
11,386,706,116,0.03286521136760712,3.3959827833572453
11,387,706,116,0.032374925911426544,2.7839721254355405
11,388,706,116,0.03291451930999756,2.2150030744004927
11,389,706,116,0.03186855837702751,1.7006900321104053
11,390,706,116,0.03037104569375515,1.2410329985652797
11,391,706,116,0.03164123743772507,1.1669057867049257
11,392,706,116,0.030008351430296898,1.120106579217053
11,393,706,116,0.030454128980636597,1.1006353761016607
11,394,706,116,0.031849849969148636,1.1084921773587486
11,395,706,116,0.033210061490535736,1.143676982988318
11,396,706,116,0.032357651740312576,1.2061897929903675
11,397,706,116,0.032606784254312515,1.2960306073648973
11,398,706,116,0.030788009986281395,1.4131994261119085
11,399,706,116,0.030515944585204124,1.5576962492314002
11,400,706,116,0.031552817672491074,1.729521076723372
11,401,706,116,0.0319460965692997,1.9286739085878253
11,402,706,119,0.03327006474137306,1.380132540821206
11,403,706,119,0.03383918106555939,1.2326979572316727
11,404,706,119,0.0330066904425621,1.1399193823871012
11,405,706,119,0.032775815576314926,1.10179681628749
11,406,706,119,0.034423887729644775,1.0682516909202693
11,407,706,119,0.03546235337853432,1.0620345699255302
11,408,706,119,0.034943580627441406,1.0831454533032714
11,409,706,118,0.03702003136277199,1.9646785543485683
11,410,706,119,0.035742517560720444,1.2276422764227644
11,411,706,118,0.03636660426855087,2.2027737924438062
11,412,706,118,0.03561543673276901,2.2980118876819016
11,413,706,118,0.03627948462963104,2.393249982919997
11,414,706,119,0.0350855253636837,1.6578533852565416
11,415,706,118,0.035575687885284424,2.631345221015235
11,416,706,118,0.03524232283234596,2.7265833162533304
11,417,706,118,0.03596014901995659,2.8218214114914253
11,418,706,118,0.036291323602199554,2.9170595067295206
11,419,706,118,0.035443782806396484,3.012297601967616
11,420,706,118,0.03590840473771095,3.1075356972057113
11,421,706,118,0.03537638857960701,3.2027737924438062
11,422,706,118,0.035429295152425766,3.2980118876819016
11,423,706,118,0.03575298190116882,3.250392840062854
11,424,706,118,0.03888879343867302,3.2027737924438062
11,425,706,120,0.03669370338320732,1.819361891097903
11,426,706,120,0.0391291119158268,1.7038327526132404
11,427,706,120,0.04106586053967476,1.6156316185010593
11,428,706,121,0.04266703501343727,1.223543075766892
11,429,706,121,0.04096218943595886,1.0744688119150085
11,430,706,121,0.0402672216296196,1.0276696044271358
11,431,706,121,0.04252196103334427,0.9879073580651762
11,432,706,121,0.04648251831531525,1.0363462458153987
11,433,706,122,0.044166479259729385,0.6575117852018858
11,434,706,122,0.04133041575551033,0.6185693789710998
11,435,706,122,0.04515904560685158,0.6131720981075356
11,436,706,125,0.04357163608074188,2.225797636127622
11,437,706,125,0.04038720577955246,1.919792307166769
11,438,706,125,0.03977430239319801,1.6411149825783975
11,439,706,125,0.04060366004705429,1.389765662362506
11,440,706,125,0.039324186742305756,1.1657443465190949
11,441,706,125,0.03777018189430237,0.9690510350481654
11,442,706,125,0.03691546618938446,0.8013254082120647
11,443,706,127,0.03727962449193001,1.7980460476873685
11,444,706,127,0.037340469658374786,1.4249504679920755
11,445,706,129,0.039167456328868866,2.8448452551752412
11,446,706,129,0.0371878556907177,2.443601830976293
11,447,706,130,0.03677012026309967,2.9400833504133357
11,448,706,130,0.038469523191452026,2.49122087859534
11,449,706,130,0.04025949537754059,2.1313793810207
11,450,706,130,0.037095457315444946,1.8261938921910232
11,451,706,130,0.03590071573853493,1.5615904898544786
11,452,706,130,0.0361575186252594,1.3243150918904154
11,453,706,130,0.03523597866296768,1.1143676982988326
11,454,706,132,0.033795855939388275,1.8456650953064155
11,455,706,132,0.031634408980607986,1.4249504679920735
11,456,706,133,0.03188226744532585,1.8448452551752406
11,457,706,133,0.031063875183463097,1.4912208785953398
11,458,706,133,0.03175894916057587,1.1938921910227496
11,459,706,133,0.03171593323349953,0.9801871968299526
11,460,706,134,0.03228072449564934,1.287490605998498
11,461,706,134,0.030764006078243256,0.9301086288173819
11,462,706,136,0.03035597689449787,2.3210357313657175
11,463,706,136,0.029914768412709236,1.8245542119286737
11,464,706,136,0.030275460332632065,1.4506387921022057
11,465,706,136,0.029559491202235222,1.1040513766482203
11,466,706,136,0.030187884345650673,0.8800300608048106
11,467,706,138,0.030092714354395866,2.1781785885085747
11,468,706,138,0.030756015330553055,1.8245542119286737
11,469,706,138,0.03479742258787155,1.499077679852427
11,470,706,138,0.03516637906432152,1.228257156521143
11,471,706,138,0.03706531599164009,1.0120926419348226
11,472,706,138,0.03653021156787872,0.8505841360934623
11,473,706,138,0.0368477962911129,0.7437316389970625
11,474,706,138,0.03585848957300186,0.7080685932909752
11,475,706,138,0.03503740578889847,0.8496276559404237
11,476,706,138,0.035834796726703644,1.071531051444968
11,477,706,138,0.0343894436955452,1.2980118876819016
11,478,706,138,0.03555571660399437,1.5361071257771397
11,479,706,138,0.035255853086709976,1.7742023638723778
11,480,706,138,0.035740356892347336,2.012297601967616
11,481,706,138,0.03578021004796028,2.2027737924438062
11,482,706,138,0.03662920743227005,2.393249982919997
11,483,706,138,0.03673500567674637,2.4884880781580923
11,484,706,138,0.03694336488842964,2.5837261733961876
11,485,706,138,0.0375281497836113,2.6789642686342825
11,486,706,138,0.0385979562997818,2.774202363872378
11,487,706,138,0.037324145436286926,2.869440459110473
11,488,706,138,0.03707411140203476,2.869440459110473
11,489,706,138,0.037052907049655914,2.869440459110473
11,490,706,138,0.03621787950396538,2.869440459110473
11,491,706,138,0.0362030565738678,2.869440459110473
11,492,706,138,0.03665553033351898,2.869440459110473
11,493,706,138,0.0359676219522953,2.869440459110473
11,494,706,138,0.036659687757492065,2.869440459110473
11,495,706,138,0.036757562309503555,2.869440459110473
11,496,706,138,0.03673163801431656,2.869440459110473
11,497,706,138,0.036717262119054794,2.869440459110473
11,498,706,138,0.03631405159831047,2.869440459110473
11,499,706,138,0.03669934719800949,2.869440459110473
11,500,706,138,0.03665386885404587,2.869440459110473
11,501,706,138,0.03679237887263298,2.869440459110473
11,502,706,138,0.03651515394449234,2.869440459110473
11,503,706,138,0.03697682544589043,2.869440459110473
11,504,706,138,0.03722599893808365,2.869440459110473
11,505,706,138,0.035876691341400146,2.869440459110473
11,506,706,138,0.03569450229406357,2.869440459110473
11,507,706,138,0.036553412675857544,2.869440459110473
11,508,706,138,0.03588472679257393,2.869440459110473
11,509,706,138,0.03606832027435303,2.869440459110473
11,510,706,138,0.036697279661893845,2.869440459110473
11,511,706,138,0.0362476110458374,2.869440459110473
11,512,706,138,0.035732366144657135,2.869440459110473
11,513,706,138,0.03565409034490585,2.869440459110473
11,514,706,138,0.03525147587060928,2.869440459110473
11,515,706,138,0.036232128739356995,2.869440459110473
11,516,706,138,0.03554298356175423,2.869440459110473
11,517,706,138,0.035991378128528595,2.869440459110473
11,518,706,138,0.03672966733574867,2.869440459110473
11,519,706,138,0.03670857846736908,2.869440459110473
11,520,706,138,0.03681769594550133,2.869440459110473
11,521,706,138,0.035989291965961456,2.869440459110473
11,522,706,138,0.03615846112370491,2.869440459110473
11,523,706,138,0.036260221153497696,2.869440459110473
11,524,706,138,0.03664349764585495,2.869440459110473
11,525,706,138,0.035856619477272034,2.869440459110473
11,526,706,138,0.036399636417627335,2.869440459110473
11,527,706,138,0.03584790229797363,2.869440459110473
11,528,706,138,0.03648994117975235,2.869440459110473
11,529,706,138,0.03728093206882477,2.869440459110473
11,530,706,138,0.03591223061084747,2.869440459110473
11,531,706,138,0.03646216168999672,2.869440459110473
11,532,706,138,0.036459024995565414,2.869440459110473
11,533,706,138,0.03681796416640282,2.869440459110473
11,534,706,138,0.036503080278635025,2.869440459110473
11,535,706,138,0.036290187388658524,2.869440459110473
11,536,706,138,0.03704888001084328,2.869440459110473
11,537,706,138,0.03582695871591568,2.869440459110473
11,538,706,138,0.0359458290040493,2.869440459110473
11,539,706,138,0.03683345019817352,2.869440459110473
11,540,706,138,0.0376274473965168,2.869440459110473
11,541,706,138,0.03711646422743797,2.869440459110473
11,542,706,138,0.03678835183382034,2.869440459110473
11,543,706,138,0.03634830191731453,2.869440459110473
11,544,706,138,0.0359736904501915,2.869440459110473
11,545,706,138,0.03586636856198311,2.869440459110473
11,546,706,138,0.03630091995000839,2.869440459110473
11,547,706,138,0.03629201278090477,2.869440459110473
11,548,706,138,0.03608695790171623,2.869440459110473
11,549,706,138,0.035656481981277466,2.869440459110473
11,550,706,138,0.03566017746925354,2.869440459110473
11,551,706,138,0.03645714372396469,2.869440459110473
11,552,706,138,0.035799410194158554,2.869440459110473
11,553,706,138,0.03650485724210739,2.869440459110473
11,554,706,138,0.03619932383298874,2.869440459110473
11,555,706,138,0.036550432443618774,2.869440459110473
11,556,706,138,0.036447636783123016,2.869440459110473
11,557,706,138,0.036866966634988785,2.869440459110473
11,558,706,138,0.03782245144248009,2.869440459110473
11,559,706,138,0.03637576848268509,2.869440459110473
11,560,706,138,0.03691796958446503,2.869440459110473
11,561,706,138,0.035745907574892044,2.869440459110473
11,562,706,138,0.0355977937579155,2.869440459110473
11,563,706,138,0.035671133548021317,2.869440459110473
11,564,706,138,0.0354914516210556,2.869440459110473
11,565,706,138,0.035758502781391144,2.869440459110473
11,566,706,138,0.03664777800440788,2.869440459110473
11,567,706,138,0.036037057638168335,2.869440459110473
11,568,706,138,0.035636261105537415,2.869440459110473
11,569,706,138,0.036894943565130234,2.869440459110473
11,570,706,138,0.036174122244119644,2.869440459110473
11,571,706,138,0.0373162217438221,2.869440459110473
11,572,706,138,0.036200813949108124,2.869440459110473
11,573,706,138,0.03625452518463135,2.869440459110473
11,574,706,138,0.036435291171073914,2.869440459110473
11,575,706,138,0.03535976633429527,2.869440459110473
11,576,706,138,0.03621985763311386,2.869440459110473
11,577,706,138,0.03572617471218109,2.869440459110473
11,578,706,138,0.03587772324681282,2.869440459110473
11,579,706,138,0.03720320016145706,2.869440459110473
11,580,706,138,0.036627065390348434,2.869440459110473
11,581,706,138,0.03643295168876648,2.869440459110473
11,582,706,138,0.03566823527216911,2.869440459110473
11,583,706,138,0.03549552708864212,2.869440459110473
11,584,706,138,0.03615046292543411,2.869440459110473
11,585,706,138,0.03600494563579559,2.869440459110473
11,586,706,138,0.035959821194410324,2.869440459110473
11,587,706,138,0.03560970351099968,2.869440459110473
11,588,706,138,0.035131100565195084,2.869440459110473
11,589,706,138,0.03554363548755646,2.869440459110473
11,590,706,138,0.03593941032886505,2.869440459110473
11,591,706,138,0.03624831512570381,2.869440459110473
11,592,706,138,0.03633970022201538,2.869440459110473
11,593,706,138,0.03533441200852394,2.869440459110473
11,594,706,138,0.035982128232717514,2.869440459110473
11,595,706,138,0.03677947074174881,2.869440459110473
11,596,706,138,0.03615207225084305,2.869440459110473
11,597,706,138,0.035056404769420624,2.869440459110473
11,598,706,138,0.03454941511154175,2.869440459110473
11,599,706,138,0.035582635551691055,2.869440459110473
11,600,706,138,0.03550359606742859,2.869440459110473
11,601,706,138,0.03559869900345802,2.869440459110473
11,602,706,138,0.03651419281959534,2.869440459110473
11,603,706,138,0.03566182777285576,2.869440459110473
11,604,706,138,0.036374907940626144,2.869440459110473
11,605,706,138,0.03641701862215996,2.869440459110473
11,606,706,138,0.03562295064330101,2.869440459110473
11,607,706,138,0.036126937717199326,2.869440459110473
11,608,706,138,0.03539035841822624,2.869440459110473
11,609,706,138,0.0357484295964241,2.869440459110473
11,610,706,138,0.035723086446523666,2.869440459110473
11,611,706,138,0.036425720900297165,2.869440459110473
11,612,706,138,0.03656618297100067,2.869440459110473
11,613,706,138,0.035985663533210754,2.869440459110473
11,614,706,138,0.03668123856186867,2.869440459110473
11,615,706,138,0.03590796887874603,2.869440459110473
11,616,706,138,0.03670686110854149,2.869440459110473
11,617,706,138,0.03753083571791649,2.869440459110473
11,618,706,138,0.03751656785607338,2.869440459110473
11,619,706,138,0.03673310950398445,2.869440459110473
11,620,706,138,0.036314185708761215,2.869440459110473
11,621,706,138,0.036225467920303345,2.869440459110473
11,622,706,138,0.037598561495542526,2.869440459110473
11,623,706,138,0.03763872757554054,2.869440459110473
11,624,706,138,0.03603041172027588,2.869440459110473
11,625,706,138,0.035639576613903046,2.869440459110473
11,626,706,138,0.03610030189156532,2.869440459110473
11,627,706,138,0.03671923652291298,2.869440459110473
11,628,706,138,0.03700439631938934,2.869440459110473
11,629,706,138,0.03734750673174858,2.869440459110473
11,630,706,138,0.03744965419173241,2.869440459110473
11,631,706,138,0.03630240634083748,2.869440459110473
11,632,706,138,0.0366077646613121,2.869440459110473
11,633,706,138,0.03605218604207039,2.869440459110473
11,634,706,138,0.03642146661877632,2.869440459110473
11,635,706,138,0.03624037653207779,2.869440459110473
11,636,706,138,0.03655600920319557,2.869440459110473
11,637,706,138,0.03547586500644684,2.869440459110473
11,638,706,138,0.03684615343809128,2.869440459110473
11,639,706,138,0.037053432315588,2.869440459110473
11,640,706,138,0.036704421043395996,2.869440459110473
11,641,706,138,0.03546915575861931,2.869440459110473
11,642,706,138,0.03594018146395683,2.869440459110473
11,643,706,138,0.03527992591261864,2.869440459110473
11,644,706,138,0.03614846616983414,2.869440459110473
11,645,706,138,0.03608836606144905,2.869440459110473
11,646,706,138,0.03619329258799553,2.869440459110473
11,647,706,138,0.03618714213371277,2.869440459110473
11,648,706,138,0.036321971565485,2.869440459110473
11,649,706,138,0.036847494542598724,2.869440459110473
11,650,706,138,0.03772957623004913,2.869440459110473
11,651,706,138,0.03689319267868996,2.869440459110473
11,652,706,138,0.03806985169649124,2.869440459110473
11,653,706,138,0.03688051179051399,2.869440459110473
11,654,706,138,0.03626938909292221,2.869440459110473
11,655,706,138,0.03651006147265434,2.869440459110473
11,656,706,138,0.03616693243384361,2.869440459110473
11,657,706,138,0.03704822063446045,2.869440459110473
11,658,706,138,0.03668874129652977,2.869440459110473
11,659,706,138,0.03657975420355797,2.869440459110473
11,660,706,138,0.0372847244143486,2.869440459110473
11,661,706,138,0.03775358945131302,2.869440459110473
11,662,706,138,0.03699921444058418,2.869440459110473
11,663,706,138,0.037726983428001404,2.869440459110473
11,664,706,138,0.03597217798233032,2.869440459110473
11,665,706,138,0.03580247610807419,2.869440459110473
11,666,706,138,0.035492513328790665,2.869440459110473
11,667,706,138,0.035847656428813934,2.869440459110473
11,668,706,138,0.03862125054001808,2.869440459110473
11,669,706,138,0.04122938960790634,2.869440459110473
11,670,706,138,0.041930656880140305,2.869440459110473
11,671,706,138,0.04827223718166351,2.869440459110473
11,672,706,136,0.05681117996573448,4.774202363872378
11,673,706,136,0.06270632147789001,4.6789642686342825
11,674,706,136,0.05969948694109917,4.583726173396188
11,675,706,136,0.06064652279019356,4.488488078158092
11,676,706,136,0.06332053989171982,4.393249982919997
11,677,706,136,0.0666583999991417,4.298011887681902
11,678,706,136,0.0689162164926529,4.202773792443806
11,679,706,136,0.07077360153198242,4.107535697205711
11,680,706,136,0.06932283937931061,4.0122976019676155
11,681,706,136,0.06958454102277756,3.9170595067295206
11,682,706,136,0.07113966345787048,3.8218214114914253
11,683,706,136,0.07568752765655518,3.7265833162533304
11,684,706,136,0.07424374669790268,3.631345221015235
11,685,706,136,0.08046566694974899,3.5361071257771397
11,686,706,136,0.08665106445550919,3.4408690305390444
11,687,706,136,0.0838848203420639,3.3456309353009495
11,688,706,136,0.08295851945877075,3.250392840062854
11,689,706,136,0.08251149207353592,3.1551547448247588
11,690,706,136,0.08446160703897476,3.0599166495866634
11,691,706,136,0.08341757208108902,2.9646785543485685
11,692,706,136,0.0853206217288971,2.869440459110473
11,693,706,136,0.08321213722229004,2.869440459110473
11,694,706,136,0.08442313969135284,2.869440459110473
11,695,706,136,0.08504608273506165,2.869440459110473
11,696,706,136,0.08293169736862183,2.869440459110473
11,697,706,136,0.0840897485613823,2.869440459110473
11,698,706,136,0.08366357535123825,2.869440459110473
11,699,706,136,0.0821579322218895,2.869440459110473
11,700,706,136,0.08176451921463013,2.869440459110473
11,701,706,195,0.08079423010349274,53.32103573136572
11,702,706,195,0.08004125952720642,50.538839926214386
11,703,706,195,0.08094191551208496,47.78397212543554
11,704,706,195,0.08029801398515701,45.05643232902918
11,705,706,195,0.08405493944883347,42.35622053699529
12,35,841,5,0.03110004961490631,2.869440459110473
12,36,841,5,0.03222446143627167,2.869440459110473
12,37,841,5,0.031317416578531265,2.869440459110473
12,38,841,5,0.031643096357584,2.869440459110473
12,39,841,5,0.032283250242471695,2.869440459110473
12,40,841,5,0.031023990362882614,2.869440459110473
12,41,841,5,0.032081179320812225,2.869440459110473
12,42,841,5,0.03060777671635151,2.869440459110473
12,43,841,5,0.031612418591976166,2.869440459110473
12,44,841,5,0.03128525987267494,2.869440459110473
12,45,841,5,0.030885376036167145,2.869440459110473
12,46,841,5,0.03130441531538963,2.869440459110473
12,47,841,5,0.03122762404382229,2.869440459110473
12,48,841,9,0.031380102038383484,1.5254492040718726
12,49,841,9,0.031055033206939697,1.3623010179681623
12,50,841,9,0.031330857425928116,1.2264808362369335
12,51,841,9,0.030693048611283302,1.117988658878185
12,52,841,15,0.031411319971084595,5.892464302794289
12,53,841,15,0.030481280758976936,5.443601830976293
12,54,841,15,0.031013188883662224,5.022067363530779
12,55,841,15,0.03100176900625229,4.627860900457744
12,56,841,15,0.03129667416214943,4.260982441757191
12,57,841,15,0.03077896125614643,3.921431987429119
12,58,841,15,0.030077746137976646,3.609209537473527
12,59,841,15,0.031011464074254036,3.3243150918904147
12,60,841,15,0.029537437483668327,3.0667486506797843
12,61,841,15,0.028673749417066574,2.836510213841634
12,62,841,15,0.029653584584593773,2.6335997813759655
12,63,841,17,0.02912692166864872,2.836510213841634
12,64,841,17,0.030296334996819496,2.4298695087791202
12,65,841,17,0.03021678514778614,2.0778848124615696
12,66,841,17,0.03063707984983921,1.7805561248889792
12,67,841,17,0.029780959710478783,1.5378834460613522
12,68,841,17,0.028292229399085045,1.3498667759786853
12,69,841,17,0.028760377317667007,1.4069823051171695
12,70,841,17,0.02853459306061268,1.5179340028694404
12,71,841,18,0.029046261683106422,0.9730135956821755
12,72,841,18,0.029220199212431908,0.9833299173327857
12,73,841,18,0.02996201068162918,1.073170731707317
12,74,841,18,0.02907814271748066,1.2027737924438064
12,75,841,18,0.03009060025215149,1.3456309353009492
12,76,841,18,0.029611781239509583,1.4884880781580923
12,77,841,23,0.029589876532554626,3.130559540889527
12,78,841,23,0.030474001541733742,2.7769351643096263
12,79,841,23,0.029649505391716957,2.450638792102207
12,80,841,23,0.029434340074658394,2.151670424267268
12,81,841,23,0.03050917759537697,1.8800300608048106
12,82,841,23,0.030723106116056442,1.6357177017148334
12,83,841,23,0.031309351325035095,1.4187333469973364
12,84,841,23,0.032255180180072784,1.3243150918904147
12,85,841,23,0.03248629719018936,1.2572248411559748
12,86,841,25,0.03334946557879448,1.9769078363052532
12,87,841,25,0.03310203179717064,1.7060873129739693
12,88,841,25,0.033829450607299805,1.4899227983876475
12,89,841,25,0.033279675990343094,1.3284142925462858
12,90,841,26,0.03416953608393669,1.4617749538839935
12,91,841,29,0.03366130217909813,3.749607159937146
12,92,841,29,0.03387767821550369,3.2531256405001026
12,93,841,30,0.03312651440501213,3.6543690646990505
12,94,841,32,0.031970564275979996,4.9877023980323845
12,95,841,32,0.0315040685236454,4.3483637357381975
12,96,841,32,0.03395359218120575,3.7363530778164926
12,97,841,32,0.032799892127513885,3.151670424267268
12,98,841,32,0.03198058530688286,2.832411013185763
12,99,841,32,0.031636808067560196,2.540479606476738
12,100,841,32,0.03344704210758209,2.2766960442713673
12,101,841,32,0.03289846330881119,2.0667486506797843
12,102,841,32,0.03167150542140007,1.8990230238436836
12,103,841,32,0.03148650377988815,1.7859534057525448
12,104,841,32,0.03199756145477295,1.7126460340233656
12,105,841,32,0.031848397105932236,1.6666666666666667
12,106,841,32,0.03218696638941765,1.6480153036824494
12,107,841,32,0.03201226890087128,1.7519300403088074
12,108,841,32,0.03283808380365372,1.8831727813076458
12,109,841,32,0.03227398544549942,2.0417435266789643
12,110,841,32,0.033520691096782684,2.227642276422764
12,111,841,32,0.03357093036174774,2.4884880781580923
12,112,841,32,0.03300643712282181,2.631345221015235
12,113,841,32,0.03339614346623421,2.774202363872378
12,114,841,32,0.032967645674943924,2.869440459110473
12,115,841,32,0.03281319886445999,2.869440459110473
12,116,841,32,0.03239250183105469,2.869440459110473
12,117,841,32,0.03288021311163902,2.869440459110473
12,118,841,32,0.031893134117126465,2.869440459110473
12,119,841,32,0.03342360630631447,2.869440459110473
12,120,841,32,0.032053280621767044,2.869440459110473
12,121,841,32,0.03267405927181244,2.869440459110473
12,122,841,32,0.03358866274356842,2.869440459110473
12,123,841,32,0.03220216557383537,2.869440459110473
12,124,841,32,0.03278438001871109,2.869440459110473
12,125,841,32,0.03291066363453865,2.869440459110473
12,126,841,32,0.0324149951338768,2.869440459110473
12,127,841,32,0.0328579843044281,2.869440459110473
12,128,841,32,0.03277932479977608,2.869440459110473
12,129,841,32,0.032402340322732925,2.869440459110473
12,130,841,32,0.03206373378634453,2.869440459110473
12,131,841,32,0.03262868523597717,2.869440459110473
12,132,841,32,0.031050553545355797,2.869440459110473
12,133,841,32,0.03216829523444176,2.869440459110473
12,134,841,32,0.03143211826682091,2.869440459110473
12,135,841,32,0.03145425021648407,2.869440459110473
12,136,841,32,0.032758038491010666,2.869440459110473
12,137,841,32,0.03314964473247528,2.869440459110473
12,138,841,32,0.03322494029998779,2.869440459110473
12,139,841,32,0.033677197992801666,2.869440459110473
12,140,841,32,0.03319069370627403,2.869440459110473
12,141,841,32,0.033011093735694885,2.869440459110473
12,142,841,32,0.03367557004094124,2.869440459110473
12,143,841,32,0.033840425312519073,2.869440459110473
12,144,841,32,0.033839207142591476,2.869440459110473
12,145,841,32,0.032919742166996,2.869440459110473
12,146,841,32,0.03297935798764229,2.869440459110473
12,147,841,32,0.03234291821718216,2.869440459110473
12,148,841,32,0.0333714559674263,2.869440459110473
12,149,841,32,0.03226831927895546,2.869440459110473
12,150,841,32,0.03199665620923042,2.869440459110473
12,151,841,32,0.03305814042687416,2.869440459110473
12,152,841,32,0.032395947724580765,2.869440459110473
12,153,841,32,0.03230293467640877,2.869440459110473
12,154,841,32,0.032060686498880386,2.869440459110473
12,155,841,32,0.031518977135419846,2.869440459110473
12,156,841,32,0.033092647790908813,2.869440459110473
12,157,841,32,0.03354257345199585,2.869440459110473
12,158,841,32,0.033689532428979874,2.869440459110473
12,159,841,32,0.03433904051780701,2.869440459110473
12,160,841,32,0.03280054032802582,2.869440459110473
12,161,841,32,0.03332304581999779,2.869440459110473
12,162,841,32,0.03298061341047287,2.869440459110473
12,163,841,32,0.03244667872786522,2.869440459110473
12,164,841,32,0.032354824244976044,2.869440459110473
12,165,841,32,0.03308849409222603,2.869440459110473
12,166,841,32,0.03327983617782593,2.869440459110473
12,167,841,32,0.032922904938459396,2.869440459110473
12,168,841,32,0.03258278965950012,2.869440459110473
12,169,841,32,0.03305547684431076,2.869440459110473
12,170,841,32,0.03333013877272606,2.869440459110473
12,171,841,32,0.032929230481386185,2.869440459110473
12,172,841,32,0.03265126422047615,2.869440459110473
12,173,841,32,0.03267669305205345,2.869440459110473
12,174,841,32,0.03322399780154228,2.869440459110473
12,175,841,32,0.03290819749236107,2.869440459110473
12,176,841,32,0.03292502462863922,2.869440459110473
12,177,841,32,0.032659560441970825,2.869440459110473
12,178,841,32,0.031582094728946686,2.869440459110473
12,179,841,32,0.03387957438826561,2.869440459110473
12,180,841,32,0.033256895840168,2.869440459110473
12,181,841,32,0.03373894467949867,2.869440459110473
12,182,841,32,0.033107150346040726,2.869440459110473
12,183,841,32,0.03344437852501869,2.869440459110473
12,184,841,32,0.03323715180158615,2.869440459110473
12,185,841,32,0.03310074284672737,2.869440459110473
12,186,841,32,0.033312149345874786,2.869440459110473
12,187,841,32,0.032835837453603745,2.869440459110473
12,188,841,32,0.033457085490226746,2.869440459110473
12,189,841,32,0.0328933522105217,2.869440459110473
12,190,841,32,0.032640814781188965,2.869440459110473
12,191,841,32,0.03277990594506264,2.869440459110473
12,192,841,32,0.033421508967876434,2.869440459110473
12,193,841,32,0.033580806106328964,2.869440459110473
12,194,841,32,0.033229511231184006,2.869440459110473
12,195,841,32,0.03245832771062851,2.869440459110473
12,196,841,32,0.032586097717285156,2.869440459110473
12,197,841,32,0.03353968262672424,2.869440459110473
12,198,841,32,0.03323560208082199,2.869440459110473
12,199,841,32,0.033428438007831573,2.869440459110473
12,200,841,32,0.03307868167757988,2.869440459110473
12,201,841,32,0.032555658370256424,2.869440459110473
12,202,841,32,0.03306715190410614,2.869440459110473
12,203,841,32,0.03271659091114998,2.869440459110473
12,204,841,32,0.03125658631324768,2.869440459110473
12,205,841,32,0.0319938138127327,2.869440459110473
12,206,841,32,0.03075661137700081,2.869440459110473
12,207,841,32,0.031543999910354614,2.869440459110473
12,208,841,32,0.03227415680885315,2.869440459110473
12,209,841,32,0.03265850618481636,2.869440459110473
12,210,841,32,0.03269073739647865,2.869440459110473
12,211,841,32,0.03339163959026337,2.869440459110473
12,212,841,32,0.03246866539120674,2.869440459110473
12,213,841,32,0.03214053809642792,2.869440459110473
12,214,841,32,0.03464985638856888,2.869440459110473
12,215,841,32,0.0348673015832901,2.869440459110473
12,216,841,32,0.03334127739071846,2.869440459110473
12,217,841,32,0.03249528631567955,2.869440459110473
12,218,841,32,0.031418222934007645,2.869440459110473
12,219,841,32,0.03156789764761925,2.869440459110473
12,220,841,32,0.03134164586663246,2.869440459110473
12,221,841,32,0.0315944142639637,2.869440459110473
12,222,841,32,0.029608238488435745,2.869440459110473
12,223,841,33,0.029619276523590088,2.038805766208923
12,224,841,33,0.029839828610420227,2.018514722962356
12,225,841,33,0.02918323129415512,2.0255516840882684
12,226,841,33,0.029764516279101372,2.059916649586663
12,227,841,33,0.029310444369912148,2.1075356972057104
12,228,841,33,0.02920186147093773,2.1551547448247583
12,229,841,33,0.029743948951363564,2.202773792443806
12,230,841,33,0.029990458860993385,2.2503928400628532
12,231,841,38,0.030818305909633636,2.4638928742228594
12,232,841,38,0.03000282309949398,2.205506592881054
12,233,841,38,0.030631840229034424,1.9744483159117288
12,234,841,38,0.030293114483356476,1.770718043314885
12,235,841,38,0.029643503949046135,1.5943157750905228
12,236,841,38,0.03058844432234764,1.4452415112386408
12,237,841,38,0.03024609014391899,1.323495251759239
12,238,841,38,0.03025117702782154,1.2290769966523176
12,239,841,38,0.030707424506545067,1.1619867459178774
12,240,841,38,0.030597778037190437,1.122224499555919
12,241,841,38,0.02929743193089962,1.1255038600806164
12,242,841,38,0.02985233999788761,1.1834392293502756
12,243,841,38,0.029924433678388596,1.2960306073648966
12,244,841,38,0.030206194147467613,1.4131994261119079
12,245,841,40,0.02997731603682041,1.235635717701715
12,246,841,40,0.03033331409096718,1.1490742638518827
12,247,841,40,0.03048032708466053,1.1171688187470106
12,248,841,40,0.030185922980308533,1.1399193823871006
12,249,841,40,0.03009762056171894,1.217325954772152
12,250,841,40,0.029843538999557495,1.3493885359021653
12,251,841,42,0.029627611860632896,0.9540206326433017
12,252,841,42,0.030031010508537292,0.7916922866707652
12,253,841,42,0.031198618933558464,0.6840199494431903
12,254,841,42,0.03037986159324646,0.6310036209605786
12,255,841,42,0.030530670657753944,0.6326433012229287
12,256,841,42,0.03102254308760166,0.6889389902302392
12,257,841,42,0.03050249069929123,0.7998906879825101
12,258,841,42,0.029767842963337898,0.964678554348569
12,259,841,42,0.030166154727339745,1.1551547448247594
12,260,841,42,0.029886342585086823,1.34563093530095
12,261,841,42,0.029516274109482765,1.5361071257771404
12,262,841,42,0.02987932600080967,1.7265833162533308
12,263,841,42,0.029347175732254982,1.9170595067295213
12,264,841,42,0.03002103790640831,2.1075356972057118
12,265,841,42,0.029521694406867027,2.2980118876819025
12,266,841,42,0.03180275484919548,2.393249982919998
12,267,841,42,0.031158868223428726,2.4884880781580927
12,268,841,42,0.031360261142253876,2.583726173396188
12,269,841,42,0.033148325979709625,2.6789642686342834
12,270,841,46,0.03215716406702995,1.4550795928127345
12,271,841,46,0.03132839500904083,1.362301017968163
12,272,841,46,0.031311411410570145,1.2264808362369328
12,273,841,46,0.03130891174077988,1.1179886588781844
12,274,841,46,0.031179280951619148,1.0368244858919173
12,275,841,46,0.030470777302980423,0.9829883172781306
12,276,841,46,0.03031027689576149,0.9564801530368241
12,277,841,46,0.030492577701807022,0.9572999931679979
12,278,841,46,0.03105437383055687,0.985447837671653
12,279,841,46,0.03113856539130211,1.0409236865477898
12,280,841,46,0.030756615102291107,1.1237275397964068
12,281,841,46,0.03073553368449211,1.233859397417504
12,282,841,46,0.030958347022533417,1.3713192594110815
12,283,841,46,0.030464667826890945,1.5361071257771404
12,284,841,46,0.031227929517626762,1.7265833162533308
12,285,841,46,0.030743828043341637,1.9170595067295213
12,286,841,46,0.030918987467885017,2.1075356972057118
12,287,841,46,0.03149264305830002,2.2980118876819025
12,288,841,48,0.03126021847128868,1.2297601967616316
12,289,841,51,0.031086230650544167,2.0464576074332164
12,290,841,51,0.031007101759314537,1.7155837944934067
12,291,841,51,0.03092123568058014,1.532144565143129
12,292,841,51,0.029953479766845703,1.3760333401653329
12,293,841,51,0.030536213889718056,1.2472501195600183
12,294,841,51,0.03121081180870533,1.145794903327184
12,295,841,56,0.03110470622777939,5.130559540889526
12,296,841,56,0.03172070160508156,4.6816970690715305
12,297,841,56,0.03167147561907768,4.260162601626014
12,298,841,56,0.0319502018392086,3.8659561385529804
12,299,841,56,0.03232692927122116,3.4990776798524275
12,300,841,56,0.032080214470624924,3.159527225524355
12,301,841,56,0.03243017941713333,2.847304775568763
12,302,841,56,0.031972695142030716,2.5624103299856507
12,303,841,56,0.03242965415120125,2.30484388877502
12,304,841,56,0.03196908161044121,2.0746054519368715
12,305,841,56,0.032487209886312485,1.8716950194712028
12,306,841,56,0.032321613281965256,1.6961125913780142
12,307,841,56,0.03246106579899788,1.5635717701714815
12,308,841,56,0.03296948969364166,1.485686957709912
12,309,841,56,0.03201707825064659,1.5576962492313995
12,310,841,56,0.032003339380025864,1.7295210767233726
12,311,841,56,0.033082909882068634,1.928673908587826
12,312,841,56,0.03451957181096077,2.1551547448247597
12,313,841,56,0.0350707583129406,2.393249982919998
12,314,841,56,0.037858422845602036,2.6313452210152355
12,315,841,56,0.03825404495000839,2.8694404591104736
12,316,841,56,0.04005623981356621,2.8694404591104736
12,317,841,56,0.03846463933587074,2.8694404591104736
12,318,841,58,0.04166225343942642,1.533647605383618
12,319,841,58,0.04318489134311676,1.465737514518003
12,320,841,58,0.040791675448417664,1.4251554280248682
12,321,841,60,0.042058974504470825,1.2397349183575874
12,322,841,60,0.04036363959312439,1.0765867322538771
12,323,841,60,0.040847159922122955,0.9407665505226471
12,324,841,60,0.04285261407494545,0.8322743731638986
12,325,841,60,0.04206949472427368,0.7519300403088054
12,326,841,60,0.04182795435190201,0.7262417161986738
12,327,841,60,0.04179374501109123,0.7552094008335042
12,328,841,60,0.04055355116724968,0.8380132540821211
12,329,841,60,0.04240693151950836,0.9481451117032184
12,330,841,60,0.042928338050842285,1.0856049736967956
12,331,841,60,0.042190779000520706,1.2503928400628548
12,332,841,60,0.04085392877459526,1.4408690305390452
12,333,841,60,0.039393167942762375,1.6313452210152357
12,334,841,60,0.040290046483278275,1.8218214114914262
12,335,841,60,0.04043528065085411,2.0122976019676164
12,336,841,60,0.038783375173807144,2.202773792443807
12,337,841,60,0.040178924798965454,2.393249982919998
12,338,841,60,0.035973142832517624,2.583726173396188
12,339,841,60,0.03413905203342438,2.6789642686342834
12,340,841,60,0.03202309086918831,2.7742023638723787
12,341,841,60,0.03209415078163147,2.8694404591104736
12,342,841,58,0.033154986798763275,4.774202363872378
12,343,841,56,0.033249303698539734,6.5837261733961885
12,344,841,56,0.03395552933216095,6.393249982919999
12,345,841,56,0.03405504673719406,6.202773792443808
12,346,841,56,0.03274153545498848,6.012297601967616
12,347,841,56,0.03260339796543121,5.821821411491426
12,348,841,56,0.03146521374583244,5.631345221015236
12,349,841,56,0.031070400029420853,5.440869030539045
12,350,841,56,0.03128015995025635,5.250392840062855
12,351,841,56,0.032228682190179825,5.059916649586664
12,352,841,56,0.03344292193651199,4.869440459110474
12,353,841,56,0.035322606563568115,4.678964268634283
12,354,841,56,0.036076903343200684,4.488488078158093
12,355,841,56,0.0401291660964489,4.298011887681902
12,356,841,56,0.04143264517188072,4.107535697205712
12,357,841,56,0.040583536028862,3.9170595067295215
12,358,841,56,0.04210692271590233,3.726583316253331
12,359,841,58,0.041642703115940094,2.2003142720502846
12,360,841,58,0.04403996095061302,1.9419279907084792
12,361,841,58,0.044101178646087646,1.710869713739154
12,362,841,58,0.04461124539375305,1.5071394411423102
12,363,841,60,0.04524869844317436,1.1444968231194923
12,364,841,60,0.04472784325480461,0.981348637015782
12,365,841,60,0.043401628732681274,0.8455284552845519
12,366,841,60,0.043065428733825684,0.737856118056977
12,367,841,60,0.042099084705114365,0.6848397895743654
12,368,841,60,0.04317692667245865,0.6864794698367154
12,369,841,60,0.04398185387253761,0.7427751588440259
12,370,841,60,0.044763825833797455,0.8529070164651231
12,371,841,60,0.04442715272307396,0.9903668784587005
12,372,841,60,0.044436149299144745,1.1551547448247594
12,373,841,60,0.044536445289850235,1.34563093530095
12,374,841,60,0.04098159447312355,1.5361071257771404
12,375,841,60,0.03967611864209175,1.7265833162533308
12,376,841,60,0.040148235857486725,1.9170595067295213
12,377,841,60,0.04074142500758171,2.1075356972057118
12,378,841,60,0.041956860572099686,2.2980118876819025
12,379,841,60,0.04289957508444786,2.4884880781580927
12,380,841,60,0.04381163790822029,2.583726173396188
12,381,841,60,0.04267554730176926,2.6789642686342834
12,382,841,60,0.044400423765182495,2.7742023638723787
12,383,841,60,0.04338976368308067,2.8694404591104736
12,384,841,60,0.04266219586133957,2.8694404591104736
12,385,841,60,0.03990597650408745,2.8694404591104736
12,386,841,60,0.042228564620018005,2.8694404591104736
12,387,841,60,0.04159815236926079,2.8694404591104736
12,388,841,60,0.04211827367544174,2.8694404591104736
12,389,841,60,0.04391367733478546,2.8694404591104736
12,390,841,60,0.04200756549835205,2.8694404591104736
12,391,841,60,0.0400247685611248,2.8694404591104736
12,392,841,60,0.04119652137160301,2.8694404591104736
12,393,841,60,0.04233108088374138,2.8694404591104736
12,394,841,60,0.03970129042863846,2.8694404591104736
12,395,841,61,0.03865831717848778,2.0388057662089247
12,396,841,61,0.03929820656776428,2.0185147229623572
12,397,841,61,0.03886542096734047,2.0255516840882697
12,398,841,61,0.038653820753097534,2.0599166495866643
12,399,841,61,0.03899364918470383,2.1075356972057118
12,400,841,61,0.038659870624542236,2.1551547448247597
12,401,841,63,0.03968079388141632,1.0806859329097496
12,402,841,63,0.039161887019872665,0.9659766345562607
12,403,841,64,0.03789689764380455,0.9540206326433017
12,404,841,64,0.039146970957517624,0.7908724465395915
12,405,841,64,0.04031909629702568,0.6691261870601897
12,406,841,64,0.04041941836476326,0.6169296987087517
12,407,841,64,0.036958616226911545,0.6326433012229273
12,408,841,64,0.03768927976489067,0.7030129124820648
12,409,841,64,0.0363629125058651,0.8263988522238153
12,410,841,64,0.03732670098543167,0.9771127963380473
12,411,841,64,0.03729458153247833,1.1551547448247594
12,412,841,64,0.036229245364665985,1.34563093530095
12,413,841,66,0.036942869424819946,0.6087312973970068
12,414,841,66,0.03484766185283661,0.5581744893079175
12,415,841,66,0.03519224748015404,0.5896016943362715
12,416,841,66,0.03471019119024277,0.652934344469496
12,417,841,66,0.034790609031915665,0.7709230033476812
12,418,841,67,0.03500790148973465,0.5784655325544849
12,419,841,67,0.03416391834616661,0.5949989751998342
12,420,841,67,0.034414734691381454,0.6935164309626283
12,421,841,67,0.03487161546945572,0.8740178998428642
12,422,841,67,0.03491164371371269,1.024731843957095
12,423,841,67,0.035836998373270035,1.202773792443807
12,424,841,70,0.035210974514484406,1.5115119218419077
12,425,841,70,0.03495961055159569,1.2531256405001023
12,426,841,70,0.03436239808797836,1.0220673635307784
12,427,841,70,0.03442871943116188,0.8199767711962833
12,428,841,70,0.035622816532850266,0.6725421876067488
12,429,841,70,0.03521242365241051,0.5946573751451792
12,430,841,70,0.03482344001531601,0.5987565758010502
12,431,841,70,0.03462677448987961,0.6848397895743661
12,432,841,70,0.03452741727232933,0.8512673362027737
12,433,841,70,0.03516307473182678,1.0723508915761417
12,434,841,70,0.03467823565006256,1.2503928400628541
12,435,841,70,0.03390448912978172,1.4408690305390446
12,436,841,70,0.03436467796564102,1.631345221015235
12,437,841,70,0.03476376459002495,1.8218214114914255
12,438,841,70,0.0339750237762928,2.012297601967616
12,439,841,70,0.034595414996147156,2.1551547448247588
12,440,841,70,0.0358276441693306,2.2980118876819016
12,441,841,70,0.03435372933745384,2.4408690305390444
12,442,841,70,0.0340152308344841,2.5837261733961876
12,443,841,70,0.03435695171356201,2.7265833162533304
12,444,841,70,0.035172395408153534,2.869440459110473
12,445,841,70,0.03415977582335472,2.869440459110473
12,446,841,70,0.035478223115205765,2.869440459110473
12,447,841,70,0.035166867077350616,2.869440459110473
12,448,841,70,0.03549103066325188,2.869440459110473
12,449,841,70,0.03607349842786789,2.869440459110473
12,450,841,70,0.03517374023795128,2.869440459110473
12,451,841,70,0.034667134284973145,2.869440459110473
12,452,841,70,0.03493291512131691,2.869440459110473
12,453,841,70,0.03494594246149063,2.869440459110473
12,454,841,70,0.035607945173978806,2.869440459110473
12,455,841,70,0.03560579940676689,2.869440459110473
12,456,841,70,0.03748772293329239,2.869440459110473
12,457,841,70,0.03674624487757683,2.869440459110473
12,458,841,70,0.03709259256720543,2.869440459110473
12,459,841,70,0.03746204823255539,2.869440459110473
12,460,841,70,0.039307042956352234,2.869440459110473
12,461,841,70,0.03846520557999611,2.869440459110473
12,462,841,70,0.038177162408828735,2.869440459110473
12,463,841,70,0.03815064579248428,2.869440459110473
12,464,841,70,0.038795024156570435,2.869440459110473
12,465,841,70,0.03669152036309242,2.869440459110473
12,466,841,70,0.03621203452348709,2.869440459110473
12,467,841,70,0.035387828946113586,2.869440459110473
12,468,841,70,0.03606777638196945,2.869440459110473
12,469,841,70,0.035285208374261856,2.869440459110473
12,470,841,70,0.03408292680978775,2.869440459110473
12,471,841,70,0.03610052168369293,2.869440459110473
12,472,841,70,0.0352453775703907,2.869440459110473
12,473,841,70,0.03646819293498993,2.869440459110473
12,474,841,70,0.03503746911883354,2.869440459110473
12,475,841,70,0.03516899421811104,2.869440459110473
12,476,841,70,0.03455651178956032,2.869440459110473
12,477,841,70,0.034885965287685394,2.869440459110473
12,478,841,70,0.0352298840880394,2.869440459110473
12,479,841,70,0.03472797945141792,2.869440459110473
12,480,841,70,0.03510211408138275,2.869440459110473
12,481,841,70,0.03407390043139458,2.869440459110473
12,482,841,70,0.036269497126340866,2.869440459110473
12,483,841,70,0.035881221294403076,2.869440459110473
12,484,841,70,0.03588930889964104,2.869440459110473
12,485,841,70,0.03576042130589485,2.869440459110473
12,486,841,70,0.03514311835169792,2.869440459110473
12,487,841,70,0.03513839840888977,2.869440459110473
12,488,841,70,0.03558957204222679,2.869440459110473
12,489,841,70,0.03562438488006592,2.869440459110473
12,490,841,70,0.03586020693182945,2.869440459110473
12,491,841,70,0.03642459958791733,2.869440459110473
12,492,841,70,0.035665035247802734,2.869440459110473
12,493,841,70,0.03656015172600746,2.869440459110473
12,494,841,70,0.03592940419912338,2.869440459110473
12,495,841,70,0.03582930937409401,2.869440459110473
12,496,841,70,0.03583018109202385,2.869440459110473
12,497,841,70,0.03652413561940193,2.869440459110473
12,498,841,70,0.03564222529530525,2.869440459110473
12,499,841,70,0.035260941833257675,2.869440459110473
12,500,841,70,0.036011938005685806,2.869440459110473
12,501,841,70,0.03632589802145958,2.869440459110473
12,502,841,70,0.037192776799201965,2.869440459110473
12,503,841,82,0.0366944782435894,8.559130969460957
12,504,841,84,0.03698759526014328,9.89246430279429
12,505,841,84,0.03689388558268547,9.253125640500103
12,506,841,84,0.03743502125144005,8.641114982578397
12,507,841,84,0.03847444802522659,8.056432329029175
12,508,841,93,0.0383155532181263,15.797226207556193
12,509,841,93,0.03783268481492996,14.729316116690581
12,510,841,93,0.03737055882811546,13.688734030197447
12,511,841,93,0.037044987082481384,12.675479948076795
12,512,841,93,0.03845324367284775,11.689553870328618
12,513,841,93,0.03813859820365906,10.730955796952927
12,514,841,93,0.037076376378536224,9.799685727949717
12,515,841,93,0.036263931542634964,8.895743663318985
12,516,841,93,0.03640099614858627,8.019129603060737
12,517,841,93,0.03587377071380615,7.169843547174966
12,518,841,93,0.03829985111951828,6.347885495661679
12,519,841,93,0.0377936065196991,5.553255448520872
12,520,841,93,0.035915225744247437,4.785953405752545
12,521,841,93,0.03677280247211456,4.045979367356699
12,522,841,93,0.03662204369902611,3.3333333333333335
12,523,841,93,0.03635690361261368,2.648015303682448
12,524,841,93,0.03520873934030533,2.5614538498326156
12,525,841,93,0.03641192615032196,2.597458495593359
12,526,841,93,0.03563809394836426,2.6607911457265834
12,527,841,93,0.03576096147298813,2.751451800232288
12,528,841,97,0.03477358818054199,1.5254492040718726
12,529,841,97,0.03571980074048042,1.3623010179681623
12,530,841,97,0.035895414650440216,1.2264808362369335
12,531,841,97,0.03616088628768921,1.117988658878185
12,532,841,97,0.03480147570371628,1.0368244858919167
12,533,841,97,0.03550612926483154,0.98298831727813
12,534,841,97,0.035735685378313065,0.9564801530368234
12,535,841,97,0.035743843764066696,0.9572999931679985
12,536,841,97,0.03559626638889313,0.9854478376716538
12,537,841,97,0.036190010607242584,1.040923686547789
12,538,841,97,0.036022741347551346,1.1237275397964062
12,539,841,97,0.03629032149910927,1.2338593974175034
12,540,841,97,0.03611833602190018,1.3713192594110808
12,541,841,97,0.036418281495571136,1.5361071257771397
12,542,841,97,0.035892024636268616,1.7265833162533302
12,543,841,97,0.03575940430164337,1.9170595067295206
12,544,841,97,0.035700008273124695,2.1075356972057113
12,545,841,97,0.03461098670959473,2.2980118876819016
12,546,841,97,0.03494663164019585,2.4884880781580923
12,547,841,97,0.03487800061702728,2.6789642686342825
12,548,841,97,0.03481015935540199,2.869440459110473
12,549,841,97,0.03496675193309784,2.869440459110473
12,550,841,97,0.035079993307590485,2.869440459110473
12,551,841,97,0.03572745993733406,2.869440459110473
12,552,841,97,0.03532857820391655,2.869440459110473
12,553,841,97,0.03568262979388237,2.869440459110473
12,554,841,97,0.03475797548890114,2.869440459110473
12,555,841,97,0.03522529453039169,2.869440459110473
12,556,841,97,0.035640522837638855,2.869440459110473
12,557,841,97,0.03490119427442551,2.869440459110473
12,558,841,97,0.03483373671770096,2.869440459110473
12,559,841,97,0.035044413059949875,2.869440459110473
12,560,841,122,0.03256016969680786,20.940083350413335
12,561,841,122,0.035056084394454956,19.776935164309627
12,562,841,122,0.03419383987784386,18.641114982578397
12,563,841,122,0.03382546827197075,17.532622805219653
12,564,841,122,0.034847844392061234,16.451458632233383
12,565,841,122,0.03458217531442642,15.397622463619594
12,566,841,122,0.035242959856987,14.371114299378286
12,567,841,122,0.03555126115679741,13.37193413950946
12,568,841,122,0.03587314113974571,12.400081984013116
12,569,841,122,0.03458130359649658,11.455557832889252
12,570,841,122,0.03494648262858391,10.538361686137868
12,571,841,122,0.03419708460569382,9.648493543758965
12,572,841,122,0.03434151038527489,8.785953405752544
12,573,841,122,0.03442830964922905,7.950741272118604
12,574,841,122,0.03447001054883003,7.1428571428571415
12,575,841,122,0.035000063478946686,6.3623010179681625
12,576,841,122,0.03457154706120491,5.6090728974516635
12,577,841,122,0.03405693545937538,4.883172781307644
12,578,841,122,0.03396841138601303,4.184600669536107
12,579,841,122,0.03497197479009628,3.51335656213705
12,580,841,122,0.03456918150186539,2.869440459110473
12,581,841,122,0.03481545299291611,2.869440459110473
12,582,841,122,0.0340922549366951,2.869440459110473
12,583,841,122,0.03524385765194893,2.869440459110473
12,584,841,122,0.03561194986104965,2.869440459110473
12,585,841,122,0.03614702448248863,2.869440459110473
12,586,841,122,0.037226419895887375,2.869440459110473
12,587,841,122,0.0360102504491806,2.869440459110473
12,588,841,122,0.036711324006319046,2.869440459110473
12,589,841,122,0.0362602062523365,2.869440459110473
12,590,841,122,0.037310194224119186,2.869440459110473
12,591,841,122,0.0360613688826561,2.869440459110473
12,592,841,122,0.037223976105451584,2.869440459110473
12,593,841,122,0.035656120628118515,2.869440459110473
12,594,841,122,0.03499002754688263,2.869440459110473
12,595,841,122,0.03545130044221878,2.869440459110473
12,596,841,122,0.035087864845991135,2.869440459110473
12,597,841,122,0.03712787851691246,2.869440459110473
12,598,841,122,0.038027290254831314,2.869440459110473
12,599,841,122,0.03868378698825836,2.869440459110473
12,600,841,122,0.0394163504242897,2.869440459110473
12,601,841,122,0.039327461272478104,2.869440459110473
12,602,841,122,0.04176436737179756,2.869440459110473
12,603,841,122,0.040971316397190094,2.869440459110473
12,604,841,125,0.041691020131111145,1.3664002186240347
12,605,841,125,0.0394255667924881,1.250871080139372
12,606,841,125,0.037483811378479004,1.162669946027191
12,607,841,125,0.038220833986997604,1.10179681628749
12,608,841,125,0.04135735332965851,1.0682516909202693
12,609,841,125,0.04067443683743477,1.0620345699255302
12,610,841,125,0.04111605882644653,1.0831454533032714
12,611,841,125,0.03996443748474121,1.131584341053494
12,612,841,125,0.03906538337469101,1.2073512331761969
12,613,841,125,0.04073236510157585,1.3104461296713799
12,614,841,125,0.04304956644773483,1.4408690305390446
12,615,841,125,0.04263380914926529,1.5837261733961874
12,616,841,125,0.041781578212976456,1.7265833162533302
12,617,841,125,0.042825594544410706,1.8694404591104732
12,618,841,125,0.03673950210213661,2.012297601967616
12,619,841,127,0.037824321538209915,0.8699186991869924
12,620,841,127,0.0409427136182785,0.9059233449477355
12,621,841,127,0.03667287901043892,0.9965839994534403
12,622,841,127,0.037758149206638336,1.12618706018993
12,623,841,129,0.03786199912428856,1.1217462594794019
12,624,841,129,0.03328736126422882,0.9813486370157813
12,625,841,129,0.033800095319747925,0.8455284552845512
12,626,841,129,0.034884992986917496,0.7378561180569791
12,627,841,129,0.034568388015031815,0.6848397895743661
12,628,841,132,0.03362276405096054,2.4638928742228607
12,629,841,132,0.03312743082642555,2.1578875452620077
12,630,841,133,0.03612047806382179,2.7496071599371454
12,631,841,133,0.036961618810892105,2.3959827833572445
12,632,841,134,0.04121001809835434,2.9400833504133366
12,633,841,134,0.03971094638109207,2.538839926214388
12,634,841,134,0.038525354117155075,2.178998428639748
12,635,841,136,0.03798706829547882,3.5591309694609556
12,636,841,136,0.03859523683786392,3.062649450023912
12,637,841,136,0.03837061673402786,2.5934959349593485
12,638,841,136,0.03918638452887535,2.151670424267268
12,639,841,136,0.03869160637259483,1.7379927580788415
12,640,841,136,0.03756020590662956,1.4742091958734704
12,641,841,136,0.03743336722254753,1.2799754047960645
12,642,841,138,0.03700690343976021,2.083760333401653
12,643,841,138,0.035814348608255386,1.6154266584682633
12,644,841,138,0.034462038427591324,1.296987087517932
12,645,841,138,0.03513393923640251,1.0332035253125635
12,646,841,138,0.03627386316657066,0.8257156521145058
12,647,841,138,0.03605727106332779,0.7002117920338887
12,648,841,138,0.03697303310036659,0.6724055475848878
12,649,841,138,0.03587869554758072,0.8943089430894295
12,650,841,138,0.033368758857250214,1.1551547448247588
12,651,841,138,0.034447040408849716,1.393249982919997
12,652,841,138,0.033951710909605026,1.631345221015235
12,653,841,138,0.03482433035969734,1.8218214114914255
12,654,841,138,0.035924360156059265,2.012297601967616
12,655,841,138,0.037110935896635056,2.2027737924438062
12,656,841,138,0.03825993463397026,2.2980118876819016
12,657,841,138,0.03800597041845322,2.393249982919997
12,658,841,138,0.038427725434303284,2.4884880781580923
12,659,841,138,0.03927761688828468,2.5837261733961876
12,660,841,138,0.037528641521930695,2.6789642686342825
12,661,841,138,0.03815370798110962,2.774202363872378
12,662,841,138,0.03722674027085304,2.869440459110473
12,663,841,138,0.03591527044773102,2.869440459110473
12,664,841,138,0.03550824522972107,2.869440459110473
12,665,841,138,0.033812977373600006,2.869440459110473
12,666,841,138,0.03381416201591492,2.869440459110473
12,667,841,138,0.03300827369093895,2.869440459110473
12,668,841,138,0.03313478082418442,2.869440459110473
12,669,841,138,0.0334647074341774,2.869440459110473
12,670,841,138,0.033560410141944885,2.869440459110473
12,671,841,138,0.033626455813646317,2.869440459110473
12,672,841,138,0.03335215151309967,2.869440459110473
12,673,841,138,0.03383729234337807,2.869440459110473
12,674,841,141,0.034111201763153076,1.3664002186240347
12,675,841,146,0.035190582275390625,4.606750017080003
12,676,841,146,0.03450635448098183,4.2531256405001026
12,677,841,146,0.034434664994478226,3.926829268292682
12,678,841,146,0.03556304797530174,3.627860900457744
12,679,841,146,0.03544525429606438,3.356220536995287
12,680,841,146,0.034862130880355835,3.1119081779053097
12,681,841,146,0.0343971811234951,2.8949238231878125
12,682,841,146,0.03390349820256233,2.7052674728427957
12,683,841,146,0.03358232229948044,2.5429391268702592
12,684,841,146,0.032906703650951385,2.4079387852702054
12,685,841,146,0.03308235481381416,2.300266448042632
12,686,841,146,0.033354684710502625,2.2199221151875386
12,687,841,146,0.03274420648813248,2.1669057867049255
12,688,841,146,0.031594548374414444,2.141217462594793
12,689,841,150,0.030951596796512604,3.0845801735328293
12,690,841,150,0.03146713972091675,2.5694472911115684
12,691,841,150,0.032090287655591965,2.108970417435268
12,692,841,150,0.032036155462265015,1.7031495525039304
12,693,841,150,0.03262048214673996,1.3519846963175535
12,694,841,150,0.03187097609043121,1.0554758488761369
12,695,841,150,0.032241929322481155,0.9564801530368262
12,696,841,150,0.03242017701268196,0.9572999931679999
12,697,841,152,0.0331818088889122,1.350003416000545
12,698,841,152,0.034067779779434204,1.1470929835348762
12,699,841,152,0.033216044306755066,0.9988385598141679
12,700,841,152,0.03307816758751869,0.9052401448384227
12,701,841,152,0.03268086910247803,0.8662977386076379
12,702,841,152,0.03368193283677101,0.8820113411218136
12,703,841,152,0.03277174383401871,0.9523809523809523
12,704,841,152,0.03245385363698006,1.0765867322538778
12,705,841,152,0.032600145787000656,1.2281205164992837
12,706,841,152,0.03212964907288551,1.4069823051171695
12,707,841,152,0.032367631793022156,1.6131720981075357
12,708,841,152,0.032520316541194916,1.8466898954703819
12,709,841,152,0.03231492638587952,2.1075356972057113
12,710,841,152,0.03219800442457199,2.2027737924438062
12,711,841,155,0.031507108360528946,0.9117988658878176
12,712,841,155,0.031161131337285042,0.8252374120379852
12,713,841,155,0.03150152787566185,0.7933319669331131
12,714,841,155,0.03155568987131119,0.8160825305732043
12,715,841,155,0.03199457749724388,0.8777755004440803
12,716,841,155,0.03225600719451904,0.9667964746874363
12,717,841,155,0.030729176476597786,1.0831454533032727
12,718,841,155,0.031941674649715424,1.131584341053494
12,719,841,155,0.03259477764368057,1.2073512331761955
12,720,841,155,0.0305984765291214,1.3104461296713799
12,721,841,155,0.03031276725232601,1.4408690305390446
12,722,841,155,0.030910056084394455,1.5837261733961874
12,723,841,155,0.03185531869530678,1.7265833162533302
12,724,841,155,0.03235159441828728,1.8694404591104732
12,725,841,158,0.03233876824378967,1.068388330942133
12,726,841,162,0.033784691244363785,4.368654778984765
12,727,841,162,0.035078007727861404,3.919792307166769
12,728,841,162,0.03223860636353493,3.498257839721253
12,729,841,162,0.03214050456881523,3.1040513766482203
12,730,841,162,0.032298825681209564,2.737172917947668
12,731,841,162,0.03349965810775757,2.3976224636195953
12,732,841,162,0.0317290835082531,2.228257156521146
12,733,841,162,0.03180922940373421,2.0862198537951766
12,734,841,162,0.03193291276693344,1.9715105554416876
12,735,841,162,0.03277177736163139,1.8841292614606817
12,736,841,162,0.03159508854150772,1.8240759718521558
12,737,841,162,0.03144604340195656,1.7913506866161102
12,738,841,162,0.031542450189590454,1.7859534057525448
12,739,841,164,0.03081608936190605,1.8054246088679358
12,740,841,164,0.03110472299158573,1.596297055407528
12,741,841,164,0.03109751269221306,1.4418255106920805
12,742,841,164,0.03083828091621399,1.342009974721596
12,743,841,164,0.03090532310307026,1.2968504474960723
12,744,841,164,0.032244645059108734,1.3063469290155088
12,745,841,164,0.03046680986881256,1.3704994192799058
12,746,841,164,0.03177157789468765,1.631345221015235
12,747,841,164,0.03246641904115677,1.7265833162533302
12,748,841,164,0.03187756612896919,1.8218214114914255
12,749,841,164,0.03182956948876381,1.9170595067295206
12,750,841,164,0.029941128566861153,2.012297601967616
12,751,841,164,0.031005730852484703,2.1075356972057113
12,752,841,164,0.031279556453228,2.2027737924438062
12,753,841,164,0.030835289508104324,2.2980118876819016
12,754,841,164,0.03128695487976074,2.393249982919997
12,755,841,164,0.03148672357201576,2.4884880781580923
12,756,841,164,0.032716233283281326,2.5837261733961876
12,757,841,164,0.03119874931871891,2.6789642686342825
12,758,841,164,0.031013745814561844,2.774202363872378
12,759,841,169,0.03196977451443672,2.021589123454259
12,760,841,169,0.031592462211847305,1.8108218897315012
12,761,841,169,0.03196306154131889,1.6273826603812236
12,762,841,169,0.03248618170619011,1.4712714354034286
12,763,841,169,0.03132172301411629,1.342488214798114
12,764,841,169,0.031418271362781525,1.2410329985652797
12,765,841,171,0.03161206841468811,2.368654778984765
12,766,841,171,0.03246375918388367,2.0634692901550857
12,767,841,171,0.031117744743824005,1.8129398100703664
12,768,841,171,0.029759516939520836,1.6170663387306132
12,769,841,171,0.031799547374248505,1.4758488761358204
12,770,841,171,0.031571995466947556,1.3892874222859881
12,771,841,171,0.03145654872059822,1.3573819771811162
12,772,841,171,0.030936570838093758,1.379312700690031
12,773,841,171,0.03125688061118126,1.4285714285714286
12,774,841,173,0.03173362463712692,1.3884675821548145
12,775,841,173,0.03241012617945671,1.1263237002117936
12,776,841,173,0.03333980590105057,0.9461638313862133
12,777,841,173,0.03159776329994202,0.8479879756780763
12,778,841,177,0.030452804639935493,3.368654778984765
12,779,841,177,0.03024573065340519,2.7769351643096263
12,780,841,177,0.0306551456451416,2.4506387921022057
12,781,841,177,0.030952660366892815,2.151670424267268
12,782,841,177,0.031098878011107445,1.8800300608048106
12,783,841,177,0.031318359076976776,1.6357177017148334
12,784,841,177,0.031152065843343735,1.4187333469973364
12,785,841,177,0.03040224500000477,1.2290769966523196
12,786,841,177,0.029768655076622963,1.161986745917878
12,787,841,177,0.030300140380859375,1.1222244995559199
12,788,841,177,0.03138747811317444,1.1114299378287915
12,789,841,177,0.031161226332187653,1.1552913848466237
12,790,841,177,0.03056320734322071,1.2538088406094166
12,791,841,177,0.031308285892009735,1.4069823051171695
12,792,841,177,0.03138163313269615,1.6131720981075357
12,793,841,177,0.03188909590244293,1.8466898954703819
12,794,841,177,0.03189884126186371,2.1075356972057113
12,795,841,177,0.03153026103973389,2.2980118876819016
12,796,841,177,0.031140586361289024,2.4884880781580923
12,797,841,177,0.03000691533088684,2.6789642686342825
12,798,841,177,0.030686864629387856,2.869440459110473
12,799,841,177,0.030238527804613113,2.869440459110473
12,800,841,177,0.031603820621967316,2.869440459110473
12,801,841,177,0.03130004182457924,2.869440459110473
12,802,841,177,0.03072565235197544,2.869440459110473
12,803,841,177,0.03144136443734169,2.869440459110473
12,804,841,177,0.03380419313907623,2.869440459110473
12,805,841,177,0.0348484143614769,2.869440459110473
12,806,841,185,0.03565773367881775,4.749607159937146
12,807,841,185,0.03807852789759636,4.395982783357245
12,808,841,185,0.03965585678815842,4.069686411149824
12,809,841,186,0.03978057578206062,4.559130969460956
12,810,841,186,0.04314114525914192,4.171961467513835
12,811,841,186,0.04368031397461891,3.8394479743116756
12,812,841,186,0.046605974435806274,3.561590489854479
12,813,841,188,0.04509750381112099,4.749607159937146
12,814,841,188,0.044124409556388855,4.2531256405001026
12,815,841,188,0.043835967779159546,3.7839721254355387
12,816,841,188,0.045424532145261765,3.3429664548746323
12,817,841,188,0.043036408722400665,2.9715105554416876
12,818,841,189,0.04141000658273697,3.1384163421466162
12,819,841,189,0.04289967566728592,2.6630457060873134
12,820,841,191,0.04640176147222519,3.8448452551752412
12,821,841,191,0.048910051584243774,3.2055065928810547
12,822,841,191,0.04859798774123192,2.5934959349593485
12,823,841,191,0.044520311057567596,2.008813281410125
12,824,841,191,0.045097753405570984,1.466352394616384
12,825,841,191,0.045932672917842865,0.9793673566987768
12,826,841,191,0.04625547304749489,0.5743663318986104
12,827,841,192,0.04576463624835014,0.7334153173464524
12,828,841,192,0.04556683450937271,0.5797636127621786
12,829,841,192,0.04510995000600815,0.5229896836783501
12,830,841,192,0.04492941126227379,0.6231468197034928
12,831,841,192,0.04592517018318176,0.8036482885837261
12,832,841,192,0.045455146580934525,1.0371660859465723
12,833,841,193,0.045231714844703674,0.5179340028694404
12,834,841,193,0.04473255202174187,0.6491767438682787
12,835,841,193,0.04482731223106384,0.8350754936120774
12,836,841,193,0.0454234816133976,1.0599166495866637
12,837,841,193,0.04467286169528961,1.2980118876819016
12,838,841,193,0.04395890235900879,1.5361071257771397
12,839,841,193,0.044492486864328384,1.7265833162533302
12,840,841,193,0.04471453279256821,1.9170595067295206
13,35,766,5,0.031781867146492004,2.869440459110473
13,36,766,5,0.03297467157244682,2.869440459110473
13,37,766,5,0.03365566208958626,2.869440459110473
13,38,766,5,0.03292218595743179,2.869440459110473
13,39,766,5,0.032765306532382965,2.869440459110473
13,40,766,5,0.03194507583975792,2.869440459110473
13,41,766,5,0.03142378479242325,2.869440459110473
13,42,766,5,0.03179364651441574,2.869440459110473
13,43,766,5,0.03119405172765255,2.869440459110473
13,44,766,5,0.030583346262574196,2.869440459110473
13,45,766,5,0.030657432973384857,2.869440459110473
13,46,766,5,0.0308070071041584,2.869440459110473
13,47,766,9,0.031065240502357483,1.5254492040718726
13,48,766,9,0.031761541962623596,1.3623010179681623
13,49,766,9,0.03110017068684101,1.2264808362369335
13,50,766,9,0.031089376658201218,1.117988658878185
13,51,766,9,0.030319731682538986,1.0368244858919167
13,52,766,9,0.030953913927078247,0.98298831727813
13,53,766,15,0.031015776097774506,5.511511921841908
13,54,766,15,0.030705619603395462,5.062649450023912
13,55,766,15,0.030308520421385765,4.641114982578397
13,56,766,15,0.03043094091117382,4.2469085195053635
13,57,766,15,0.029832031577825546,3.8800300608048106
13,58,766,15,0.02950797602534294,3.540479606476738
13,59,766,15,0.02994592674076557,3.228257156521146
13,60,766,15,0.03089866042137146,2.943362710938034
13,61,766,15,0.03168953210115433,2.6857962697274034
13,62,766,15,0.031655509024858475,2.455557832889253
13,63,766,15,0.031013935804367065,2.2526474004235846
13,64,766,15,0.03133092820644379,2.0770649723303958
13,65,766,15,0.031175779178738594,1.9288105486096876
13,66,766,15,0.032225385308265686,1.807884129261461
13,67,766,15,0.030898183584213257,1.7142857142857142
13,68,766,17,0.033021945506334305,1.4550795928127351
13,69,766,17,0.0330793522298336,1.3482270957163354
13,70,766,17,0.03281094878911972,1.2960306073648973
13,71,766,17,0.03320348635315895,1.2984901277584195
13,72,766,17,0.0334605947136879,1.355605656896905
13,73,766,18,0.03380485624074936,0.9456855913096953
13,74,766,18,0.03320484235882759,0.8988863838218213
13,75,766,18,0.03273696079850197,0.9067431850789092
13,76,766,18,0.03202567249536514,0.9692559950809587
13,77,766,18,0.031098704785108566,1.0723508915761417
13,78,766,18,0.030513081699609756,1.2027737924438064
13,79,766,18,0.030831336975097656,1.3456309353009492
13,80,766,18,0.031076855957508087,1.4884880781580923
13,81,766,23,0.030510254204273224,3.130559540889527
13,82,766,23,0.030439898371696472,2.7769351643096263
13,83,766,23,0.031963370740413666,2.450638792102207
13,84,766,23,0.033557992428541183,2.151670424267268
13,85,766,23,0.032859377562999725,1.8800300608048106
13,86,766,23,0.032989561557769775,1.6357177017148334
13,87,766,23,0.03281940892338753,1.4187333469973364
13,88,766,23,0.03201629966497421,1.2290769966523196
13,89,766,23,0.0329391211271286,1.1619867459178796
13,90,766,26,0.0331227146089077,2.749607159937146
13,91,766,26,0.03244318068027496,2.3483637357381975
13,92,766,26,0.03155871480703354,1.9893420782947326
13,93,766,29,0.03200818970799446,4.3210357313657175
13,94,766,29,0.03176979720592499,3.8245542119286737
13,95,766,29,0.03188641369342804,3.3554006968641117
13,96,766,29,0.03166602551937103,2.91357518617203
13,97,766,29,0.0311313234269619,2.4990776798524297
13,98,766,29,0.03154536709189415,2.1119081779053097
13,99,766,29,0.03186960518360138,1.7520666803306697
13,100,766,29,0.03203381970524788,1.41955318712851
13,101,766,32,0.032295528799295425,2.987702398032384
13,102,766,32,0.032523784786462784,2.5864589738334356
13,103,766,32,0.034022096544504166,2.212543554006969
13,104,766,32,0.033291641622781754,1.8808499009359843
13,105,766,32,0.032404813915491104,1.6038122566099613
13,106,766,32,0.03273417428135872,1.3814306210289002
13,107,766,32,0.030566545203328133,1.2137049941927995
13,108,766,32,0.03182518482208252,1.1006353761016607
13,109,766,32,0.03063187003135681,1.0422217667554836
13,110,766,32,0.031026316806674004,1.0384641661542668
13,111,766,32,0.032100845128297806,1.2322197171551548
13,112,766,33,0.03259729966521263,0.8090455694472922
13,113,766,33,0.03139925375580788,0.9013459042153444
13,114,766,33,0.031843338161706924,1.0255516840882686
13,115,766,33,0.03162533417344093,1.2027737924438058
13,116,766,33,0.03146592527627945,1.3932499829199962
13,117,766,33,0.032153766602277756,1.5837261733961867
13,118,766,33,0.030435966327786446,1.7742023638723772
13,119,766,33,0.029771879315376282,1.9646785543485676
13,120,766,33,0.02968628704547882,2.1551547448247583
13,121,766,38,0.030875105410814285,2.416273826603812
13,122,766,38,0.030404075980186462,2.1578875452620063
13,123,766,38,0.030859733000397682,1.926829268292681
13,124,766,38,0.030935445800423622,1.7230989956958374
13,125,766,38,0.03193039819598198,1.5466967274714751
13,126,766,38,0.03233601152896881,1.3976224636195933
13,127,766,38,0.03190194070339203,1.2758762041401914
13,128,766,38,0.029874790459871292,1.18145794903327
13,129,766,38,0.030246278271079063,1.11436769829883
13,130,766,40,0.03095431439578533,1.834050693448111
13,131,766,40,0.030526652932167053,1.5632301701168272
13,132,766,40,0.029037971049547195,1.3470656555305038
13,133,766,42,0.030077623203396797,2.5591309694609548
13,134,766,42,0.030753398314118385,2.1578875452620063
13,135,766,42,0.030299829319119453,1.785611805697887
13,136,766,42,0.030318167060613632,1.4679920748787307
13,137,766,42,0.03025471232831478,1.2058481929357097
13,138,766,42,0.0297403521835804,1.025688324110131
13,139,766,42,0.030463574454188347,0.9275124684019939
13,140,766,42,0.030954021960496902,0.9105007856801253
13,141,766,42,0.03040897473692894,0.9481451117032184
13,142,766,42,0.030502373352646828,1.0856049736967956
13,143,766,42,0.030888471752405167,1.2503928400628548
13,144,766,42,0.03059939667582512,1.4408690305390452
13,145,766,42,0.030034421011805534,1.6313452210152357
13,146,766,42,0.02986784651875496,1.8218214114914262
13,147,766,42,0.030359065160155296,2.0122976019676164
13,148,766,42,0.03062508814036846,2.202773792443807
13,149,766,42,0.03104044869542122,2.393249982919998
13,150,766,42,0.03180648759007454,2.583726173396188
13,151,766,42,0.03027747943997383,2.6789642686342834
13,152,766,42,0.03095986321568489,2.7742023638723787
13,153,766,42,0.03165452182292938,2.8694404591104736
13,154,766,46,0.03330057114362717,1.5254492040718732
13,155,766,46,0.03203130513429642,1.362301017968163
13,156,766,46,0.031460437923669815,1.2264808362369328
13,157,766,46,0.031187796965241432,1.1179886588781844
13,158,766,46,0.032463449984788895,1.0368244858919173
13,159,766,48,0.0318075567483902,1.8924643027942882
13,160,766,48,0.031812261790037155,1.6340780214524826
13,161,766,48,0.03140527755022049,1.403839584614331
13,162,766,50,0.03122176043689251,2.9400833504133357
13,163,766,54,0.03185254707932472,6.368654778984764
13,164,766,54,0.03254295140504837,5.824554211928673
13,165,766,56,0.030596427619457245,7.130559540889526
13,166,766,56,0.031225139275193214,6.491220878595339
13,167,766,56,0.031040627509355545,5.879210220673634
13,168,766,56,0.030273346230387688,5.294527567124409
13,169,766,56,0.03140873461961746,4.737172917947666
13,170,766,56,0.031302232295274734,4.207966113274576
13,171,766,56,0.030789734795689583,3.733415317346449
13,172,766,56,0.031640615314245224,3.3127006900321097
13,173,766,56,0.03254753723740578,2.91931406709025
13,174,766,56,0.031152918934822083,2.553255448520871
13,175,766,56,0.030684560537338257,2.405001024800163
13,176,766,56,0.03272714838385582,2.2840746054519365
13,177,766,56,0.031107405200600624,2.19047619047619
13,178,766,56,0.030538681894540787,2.124205779872925
13,179,766,56,0.030997971072793007,2.08526337364214
13,180,766,56,0.031147874891757965,2.168887067021931
13,181,766,56,0.03043356165289879,2.2798387647742016
13,182,766,56,0.03304572030901909,2.418118466898954
13,183,766,56,0.03246210515499115,2.6789642686342834
13,184,766,56,0.0315982848405838,2.7742023638723787
13,185,766,56,0.03276614844799042,2.8694404591104736
13,186,766,56,0.03323429450392723,2.8694404591104736
13,187,766,56,0.03212103992700577,2.8694404591104736
13,188,766,56,0.03139757364988327,2.8694404591104736
13,189,766,56,0.032173287123441696,2.8694404591104736
13,190,766,56,0.0322670042514801,2.8694404591104736
13,191,766,56,0.03198521211743355,2.8694404591104736
13,192,766,56,0.03215717524290085,2.8694404591104736
13,193,766,56,0.03248216584324837,2.8694404591104736
13,194,766,56,0.03123280219733715,2.8694404591104736
13,195,766,56,0.030502328649163246,2.8694404591104736
13,196,766,56,0.031799402087926865,2.8694404591104736
13,197,766,56,0.033925458788871765,2.8694404591104736
13,198,766,56,0.036189403384923935,2.8694404591104736
13,199,766,56,0.03912079334259033,2.8694404591104736
13,200,766,56,0.04432133212685585,2.8694404591104736
13,201,766,56,0.04137006774544716,2.8694404591104736
13,202,766,56,0.04336351901292801,2.8694404591104736
13,203,766,58,0.04087328538298607,1.533647605383618
13,204,766,58,0.041642338037490845,1.465737514518003
13,205,766,60,0.04103396460413933,1.3349730135956828
13,206,766,60,0.03900860995054245,1.1718248274919725
13,207,766,60,0.0409817099571228,1.0360046457607424
13,208,766,60,0.04084767401218414,0.9275124684019939
13,209,766,60,0.039582617580890656,0.846348295415727
13,210,766,61,0.037932150065898895,0.9342078294732536
13,211,766,61,0.036700692027807236,0.7921705267472845
13,212,766,61,0.035717323422431946,0.7047892327662757
13,213,766,61,0.03699254244565964,0.6720639475302301
13,214,766,61,0.03860145062208176,0.6948145111703212
13,215,766,61,0.03901352360844612,0.7722210835553728
13,216,766,63,0.04071623086929321,1.2406913985106234
13,217,766,64,0.04017329216003418,1.8448452551752406
13,218,766,64,0.03884413093328476,1.4912208785953398
13,219,766,64,0.03644374758005142,1.1665641866502678
13,220,766,64,0.03681517764925957,0.9106374257019875
13,221,766,64,0.03696819767355919,0.7375145180023227
13,222,766,64,0.03734540939331055,0.6463756234200986
13,223,766,64,0.03484790399670601,0.6372207419553164
13,224,766,64,0.03040431998670101,0.8036482885837241
13,225,766,66,0.029376687481999397,0.921431987429117
13,226,766,66,0.03257139399647713,0.7185215549634483
13,227,766,66,0.03060057759284973,0.5851608936257433
13,228,766,67,0.031252406537532806,1.0025961604153852
13,229,766,67,0.031133145093917847,0.7528865204618413
13,230,766,67,0.03149579092860222,0.5868005738880907
13,231,766,67,0.03136792406439781,0.5760060121609611
13,232,766,68,0.03147467225790024,0.7474892395982786
13,233,766,70,0.03201321139931679,2.2734166837466696
13,234,766,70,0.031582318246364594,1.8721732595477214
13,235,766,70,0.031792864203453064,1.4982578397212545
13,236,766,70,0.03314661234617233,1.151670424267268
13,237,766,70,0.032192111015319824,0.9276491084238568
13,238,766,70,0.03281702846288681,0.7785748445719749
13,239,766,70,0.03275077044963837,0.6741818678690988
13,240,766,70,0.03165491670370102,0.6782810685249698
13,241,766,70,0.0315568782389164,0.7643642822982842
13,242,766,70,0.030666913837194443,0.930791828926692
13,243,766,75,0.0313519686460495,3.7019881123180984
13,244,766,70,0.03126516938209534,1.6085946573751453
13,245,766,75,0.03214864805340767,2.9471203115392504
13,246,766,75,0.030611485242843628,2.5732048917127823
13,247,766,75,0.03092554584145546,2.226617476258796
13,248,766,75,0.031554196029901505,1.9073580651772908
13,249,766,75,0.030926750972867012,1.6630457060873123
13,250,766,75,0.03216106444597244,1.4460613513698166
13,251,766,75,0.03208765760064125,1.2721186035389767
13,252,766,75,0.03137951344251633,1.1528318644530988
13,253,766,75,0.030019860714673996,1.1358201817312301
13,254,766,75,0.031015407294034958,1.1710049873607982
13,255,766,75,0.030970178544521332,1.2335177973628477
13,256,766,75,0.031111611053347588,1.3233586117373788
13,257,766,75,0.03143351897597313,1.440527430484389
13,258,766,75,0.030792484059929848,1.5850242536038803
13,259,766,75,0.030297132208943367,1.7568490810958535
13,260,766,75,0.03133070468902588,1.9560019129603055
13,261,766,75,0.03156217560172081,2.1667691466830634
13,262,766,75,0.03199797123670578,2.393249982919997
13,263,766,75,0.03209490329027176,2.631345221015235
13,264,766,75,0.03121088817715645,2.631345221015235
13,265,766,75,0.030515577644109726,2.869440459110473
13,266,766,75,0.030586160719394684,2.869440459110473
13,267,766,75,0.030652999877929688,2.869440459110473
13,268,766,75,0.02987806871533394,2.869440459110473
13,269,766,75,0.03074037842452526,2.869440459110473
13,270,766,75,0.02977023832499981,2.869440459110473
13,271,766,75,0.02998608723282814,2.869440459110473
13,272,766,75,0.03018880821764469,2.869440459110473
13,273,766,81,0.030666466802358627,2.8448452551752412
13,274,766,81,0.030447669327259064,2.5864589738334356
13,275,766,81,0.029667459428310394,2.3554006968641117
13,276,766,81,0.030193135142326355,2.151670424267268
13,277,766,81,0.030802113935351372,1.9752681560429044
13,278,766,81,0.03032335266470909,1.8261938921910226
13,279,766,81,0.030966058373451233,1.7044476327116207
13,280,766,81,0.03201153874397278,1.6100293776047006
13,281,766,81,0.03215107321739197,1.5429391268702606
13,282,766,84,0.03159376233816147,3.130559540889527
13,283,766,84,0.0334734283387661,2.7293161166905784
13,284,766,84,0.031136954203248024,2.3702944592471136
13,285,766,84,0.03244449943304062,2.065928810548609
13,286,766,84,0.03315408155322075,1.8162191705950665
13,287,766,84,0.03394293412566185,1.6211655393864857
13,288,766,84,0.03381849080324173,1.4807679169228654
13,289,766,84,0.034173522144556046,1.3950263032042078
13,290,766,84,0.03402254357933998,1.363940698230511
13,291,766,84,0.035698145627975464,1.3875111020017759
13,292,766,86,0.03511015325784683,0.9756097560975628
13,293,766,86,0.034348390996456146,0.6596297055407538
13,294,766,86,0.03445839136838913,0.613650338184055
13,295,766,86,0.03523124009370804,0.6223269795723179
13,296,766,86,0.03412134200334549,0.6856596297055411
13,297,766,86,0.03414753079414368,0.8036482885837261
13,298,766,86,0.03209015354514122,0.976292956206873
13,299,766,93,0.032415229827165604,5.46389287422286
13,300,766,93,0.033192023634910583,4.919792307166769
13,301,766,93,0.03208642080426216,4.403019744483159
13,302,766,93,0.033178042620420456,3.91357518617203
13,303,766,93,0.03249528259038925,3.5943157750905237
13,304,766,93,0.03361474722623825,3.3023843683814986
13,305,766,93,0.0338776521384716,3.037780966044954
13,306,766,93,0.03288968279957771,2.800505568080891
13,307,766,93,0.03227030113339424,2.590558174489308
13,308,766,97,0.03506777063012123,4.9877023980323845
13,309,766,97,0.034295499324798584,4.395982783357245
13,310,766,97,0.0342259481549263,3.831591173054588
13,311,766,97,0.03380176052451134,3.294527567124411
13,312,766,97,0.033557284623384476,2.784791965566714
13,313,766,97,0.03408193588256836,2.3992621438819426
13,314,766,97,0.03312636539340019,2.0683883309421316
13,315,766,97,0.03271618112921715,1.7921705267472838
13,316,766,97,0.03334001451730728,1.5706087312973964
13,317,766,97,0.034368786960840225,1.4037029445924707
13,318,766,97,0.03613397851586342,1.2914531666325069
13,319,766,97,0.035743676126003265,1.2338593974175034
13,320,766,97,0.03581688180565834,1.3713192594110808
13,321,766,102,0.03573114052414894,3.225797636127622
13,322,766,102,0.03515970706939697,2.8245542119286737
13,323,766,102,0.036044273525476456,2.450638792102207
13,324,766,102,0.03734874725341797,2.1040513766482203
13,325,766,102,0.03744272142648697,1.784791965566714
13,326,766,102,0.03504536673426628,1.5085741613718662
13,327,766,102,0.03472224250435829,1.2870123659219788
13,328,766,102,0.03493489325046539,1.120106579217053
13,329,766,102,0.03456047922372818,1.1006353761016607
13,330,766,102,0.036985404789447784,1.1084921773587486
13,331,766,102,0.03650787100195885,1.143676982988318
13,332,766,102,0.034872524440288544,1.2061897929903675
13,333,766,102,0.03561631217598915,1.2960306073648973
13,334,766,102,0.03653014823794365,1.4131994261119085
13,335,766,102,0.0352674201130867,1.5576962492314002
13,336,766,102,0.0348193384706974,1.729521076723372
13,337,766,102,0.03525340184569359,1.9286739085878253
13,338,766,102,0.034259483218193054,2.1551547448247588
13,339,766,102,0.03502988815307617,2.393249982919997
13,340,766,102,0.03606750816106796,2.631345221015235
13,341,766,102,0.037388067692518234,2.869440459110473
13,342,766,102,0.033852431923151016,2.869440459110473
13,343,766,102,0.033884525299072266,2.869440459110473
13,344,766,102,0.03410811349749565,2.869440459110473
13,345,766,104,0.03460394963622093,1.5336476053836174
13,346,766,104,0.03421642631292343,1.4657375145180023
13,347,766,104,0.03434496000409126,1.4251554280248688
13,348,766,104,0.03496621549129486,1.4119013459042156
13,349,766,104,0.03334484249353409,1.4259752681560425
13,350,766,104,0.033762264996767044,1.4673771947803511
13,351,766,104,0.034387968480587006,1.5361071257771397
13,352,766,108,0.03488016128540039,2.1781785885085747
13,353,766,108,0.036293305456638336,1.919792307166769
13,354,766,108,0.03571818768978119,1.6887340301974452
13,355,766,108,0.03754148259758949,1.4850037576006012
13,356,766,108,0.0357949361205101,1.3086014893762379
13,357,766,108,0.03598964214324951,1.1595272255243558
13,358,766,108,0.03396578133106232,1.037780966044954
13,359,766,108,0.03500824421644211,0.9450023912003825
13,360,766,108,0.03432978689670563,0.9068798251007715
13,361,766,108,0.03367028012871742,0.9234132677461221
13,362,766,108,0.032494641840457916,0.9946027191364346
13,363,766,111,0.032176584005355835,1.9073580651772908
13,364,766,111,0.03271804749965668,1.5483364077338246
13,365,766,111,0.03244166448712349,1.2439707590353215
13,366,766,111,0.03151395544409752,1.089499214319874
13,367,766,111,0.031186683103442192,0.9896836783493871
13,368,766,111,0.03382996842265129,0.9445241511238632
13,369,766,111,0.03368447721004486,0.9540206326432997
13,370,766,111,0.03492044657468796,1.0181731229076993
13,371,766,111,0.03639376163482666,1.1369816219170594
13,372,766,111,0.03314957395195961,1.3104461296713799
13,373,766,111,0.03272494673728943,1.4408690305390446
13,374,766,111,0.03433924540877342,1.5837261733961874
13,375,766,111,0.03441257402300835,1.7265833162533302
13,376,766,111,0.03499280661344528,1.8694404591104732
13,377,766,111,0.03481590002775192,2.012297601967616
13,378,766,111,0.03486069291830063,2.1551547448247588
13,379,766,111,0.03459770232439041,2.2980118876819016
13,380,766,111,0.03530038520693779,2.4408690305390444
13,381,766,111,0.03511843830347061,2.5837261733961876
13,382,766,111,0.03485638275742531,2.7265833162533304
13,383,766,111,0.0344490185379982,2.869440459110473
13,384,766,111,0.03475822135806084,2.869440459110473
13,385,766,111,0.035573460161685944,2.869440459110473
13,386,766,111,0.03527561575174332,2.869440459110473
13,387,766,111,0.03414514288306236,2.869440459110473
13,388,766,111,0.03273490443825722,2.869440459110473
13,389,766,111,0.030727509409189224,2.869440459110473
13,390,766,111,0.03481018915772438,2.869440459110473
13,391,766,111,0.03405213728547096,2.869440459110473
13,392,766,121,0.03930877149105072,6.6543690646990505
13,393,766,121,0.038313254714012146,6.205506592881055
13,394,766,121,0.04065702110528946,5.7839721254355405
13,395,766,121,0.04041273146867752,5.389765662362506
13,396,766,122,0.03803158178925514,5.716062034569926
13,397,766,122,0.03839339688420296,5.26098244175719
13,398,766,122,0.03812922537326813,4.8605588576894165
13,399,766,122,0.03895239531993866,4.514791282366605
13,400,766,122,0.03865427151322365,4.2096057935369275
13,401,766,122,0.03906721994280815,3.931748309079729
13,402,766,122,0.0395551435649395,3.681218828995013
13,403,766,122,0.039130374789237976,3.4580173532827767
13,404,766,122,0.03945115953683853,3.262143881943021
13,405,766,123,0.039075180888175964,2.9296303887408626
13,406,766,123,0.039387792348861694,2.672883787661406
13,407,766,125,0.03870959207415581,2.747489239598278
13,408,766,125,0.03902049362659454,2.206668033066884
13,409,766,125,0.041485510766506195,1.7478308396529336
13,410,766,125,0.040070291608572006,1.3693379790940763
13,411,766,125,0.044189464300870895,1.0455011272801795
13,412,766,125,0.04338838532567024,0.7771401243424195
13,413,766,125,0.04264619201421738,0.8740178998428635
13,414,766,125,0.043616872280836105,1.0247318439570943
13,415,766,125,0.04325718805193901,1.2027737924438064
13,416,766,125,0.04414968565106392,1.393249982919997
13,417,766,125,0.04202203080058098,1.5361071257771397
13,418,766,125,0.04279626905918121,1.6789642686342827
13,419,766,125,0.041313111782073975,1.8218214114914255
13,420,766,125,0.037117648869752884,1.9646785543485683
13,421,766,125,0.040376707911491394,2.1075356972057113
13,422,766,125,0.03911193832755089,2.250392840062854
13,423,766,127,0.0394582636654377,1.0574571291931412
13,424,766,129,0.039270345121622086,1.3487053357928533
13,425,766,129,0.03918895497918129,1.1536517045842725
13,426,766,129,0.03898885101079941,1.0608731297396996
13,427,766,129,0.03798316419124603,1.0227505636400898
13,428,766,129,0.03740651533007622,0.9415863906538215
13,429,766,130,0.03728261590003967,1.029445924711349
13,430,766,130,0.03638660907745361,0.8874086219853797
13,431,766,130,0.03710612654685974,0.8000273280043724
13,432,766,130,0.04104915261268616,0.767302042768328
13,433,766,130,0.040771059691905975,0.7751588440254158
13,434,766,130,0.039464887231588364,0.8252374120379872
13,435,766,130,0.03997734934091568,0.915078226412517
13,436,766,130,0.0434359647333622,1.0322470451595283
13,437,766,130,0.04318421706557274,1.1767438682790199
13,438,766,130,0.04258685186505318,1.3485686957709917
13,439,766,130,0.04269205033779144,1.547721527635445
13,440,766,130,0.03984343633055687,1.7742023638723785
13,441,766,130,0.04141416400671005,2.0122976019676164
13,442,766,130,0.04324030131101608,2.2503928400628546
13,443,766,130,0.0424225889146328,2.4884880781580927
13,444,766,129,0.0437314473092556,3.5837261733961876
13,445,766,129,0.042765695601701736,3.5837261733961876
13,446,766,129,0.04335840791463852,3.5837261733961876
13,447,766,127,0.04122345522046089,5.488488078158092
13,448,766,127,0.042863134294748306,5.393249982919997
13,449,766,127,0.041707199066877365,5.298011887681902
13,450,766,125,0.04121490940451622,7.059916649586662
13,451,766,125,0.040998537093400955,6.821821411491424
13,452,766,125,0.04113716632127762,6.583726173396186
13,453,766,125,0.040712740272283554,6.345630935300948
13,454,766,125,0.040391966700553894,6.107535697205711
13,455,766,125,0.041455939412117004,5.869440459110473
13,456,766,125,0.04071149230003357,5.631345221015235
13,457,766,125,0.0402730330824852,5.393249982919997
13,458,766,125,0.04127463698387146,5.155154744824759
13,459,766,125,0.04260637238621712,4.917059506729521
13,460,766,125,0.041725825518369675,4.6789642686342825
13,461,766,125,0.0436929352581501,4.440869030539044
13,462,766,125,0.04202967882156372,4.202773792443806
13,463,766,125,0.04213200882077217,3.9646785543485685
13,464,766,125,0.04237746819853783,3.7265833162533304
13,465,766,125,0.04104944318532944,3.5361071257771397
13,466,766,125,0.04340427368879318,3.3456309353009495
13,467,766,125,0.04365820065140724,3.1551547448247588
13,468,766,125,0.03990122303366661,3.0599166495866634
13,469,766,125,0.04137662053108215,2.9646785543485685
13,470,766,127,0.04424509406089783,1.5336476053836174
13,471,766,127,0.041770871728658676,1.4657375145180023
13,472,766,129,0.03867904469370842,1.334973013595682
13,473,766,129,0.03831471875309944,1.1718248274919718
13,474,766,129,0.039631180465221405,1.0360046457607417
13,475,766,129,0.03937915712594986,0.9275124684019945
13,476,766,129,0.039904676377773285,0.8463482954157262
13,477,766,130,0.039504896849393845,0.9342078294732536
13,478,766,130,0.03834151476621628,0.7921705267472845
13,479,766,130,0.038453783839941025,0.704789232766277
13,480,766,130,0.03834835812449455,0.6720639475302328
13,481,766,130,0.03840406611561775,0.6948145111703226
13,482,766,130,0.03647325560450554,0.7722210835553741
13,483,766,130,0.036539241671562195,0.8893899023023855
13,484,766,130,0.03734277933835983,1.033886725421877
13,485,766,130,0.03644939139485359,1.205711552913849
13,486,766,130,0.03328809142112732,1.4048643847783022
13,487,766,130,0.033681970089673996,1.6313452210152357
13,488,766,132,0.03563854843378067,0.8128031700485062
13,489,766,132,0.03226623311638832,0.8239393318302914
13,490,766,132,0.033035758882761,0.9013459042153417
13,491,766,132,0.033543478697538376,1.0309489649518326
13,492,766,132,0.03357279300689697,1.187880030060804
13,493,766,132,0.03365739807486534,1.27690100430416
13,494,766,132,0.032778382301330566,1.3932499829199962
13,495,766,133,0.03289017453789711,0.8247591719614679
13,496,766,133,0.030028201639652252,0.880235020837602
13,497,766,133,0.02867697738111019,0.9903668784586992
13,498,766,136,0.02857833541929722,1.7496071599371459
13,499,766,138,0.02955436520278454,3.368654778984765
13,500,766,138,0.029263785108923912,3.0150304024048644
13,501,766,138,0.02968168817460537,2.688734030197444
13,502,766,138,0.0298466794192791,2.389765662362506
13,503,766,138,0.028797203674912453,2.1181252989000487
13,504,766,138,0.028857160359621048,1.8738129398100714
13,505,766,138,0.02910425327718258,1.6576484252237482
13,506,766,138,0.028919832780957222,1.4953200792512116
13,507,766,138,0.029437430202960968,1.3603197376511578
13,508,766,138,0.030488094314932823,1.2526474004235844
13,509,766,146,0.029189687222242355,7.27341668374667
13,510,766,146,0.028620455414056778,6.634078021452483
13,511,766,146,0.028946852311491966,6.022067363530777
13,512,766,146,0.028280111029744148,5.437384709981553
13,513,766,146,0.029409758746623993,4.880030060804811
13,514,766,146,0.0278545580804348,4.350003416000548
13,515,766,146,0.028837362304329872,3.847304775568765
13,516,766,146,0.02781803160905838,3.41955318712851
13,517,766,146,0.02828393690288067,3.0191296030607355
13,518,766,146,0.028721844777464867,2.6460340233654436
13,519,766,146,0.02947055548429489,2.443123590899775
13,520,766,146,0.03535269945859909,2.3627792580446814
13,521,766,141,0.03408537432551384,4.583726173396188
13,522,766,138,0.03212052956223488,7.583726173396188
13,523,766,138,0.032958973199129105,7.583726173396188
13,524,766,138,0.033874157816171646,7.583726173396188
13,525,766,138,0.03235069662332535,7.583726173396188
13,526,766,138,0.032214075326919556,7.583726173396188
13,527,766,138,0.033041805028915405,7.583726173396188
13,528,766,138,0.0321112684905529,7.583726173396188
13,529,766,138,0.03159915283322334,7.583726173396188
13,530,766,138,0.03203851357102394,7.202773792443806
13,531,766,138,0.03182816877961159,6.821821411491426
13,532,766,138,0.030869172886013985,6.440869030539044
13,533,766,138,0.0325956866145134,6.059916649586664
13,534,766,138,0.03129563108086586,5.6789642686342825
13,535,766,138,0.032236069440841675,5.298011887681902
13,536,766,138,0.0317649319767952,4.917059506729521
13,537,766,138,0.031521398574113846,4.53610712577714
13,538,766,138,0.03249792382121086,4.155154744824759
13,539,766,138,0.03251075744628906,3.774202363872378
13,540,766,138,0.03238401561975479,3.393249982919997
13,541,766,138,0.03268725797533989,3.012297601967616
13,542,766,138,0.03322650492191315,2.869440459110473
13,543,766,138,0.0321931354701519,2.869440459110473
13,544,766,138,0.03208025544881821,2.869440459110473
13,545,766,138,0.033248428255319595,2.869440459110473
13,546,766,138,0.03332534804940224,2.869440459110473
13,547,766,138,0.032253384590148926,2.869440459110473
13,548,766,138,0.03214181959629059,2.869440459110473
13,549,766,138,0.03182671591639519,2.869440459110473
13,550,766,138,0.032771624624729156,2.869440459110473
13,551,766,138,0.03214588388800621,2.869440459110473
13,552,766,138,0.03182937204837799,2.869440459110473
13,553,766,138,0.03171130269765854,2.869440459110473
13,554,766,138,0.03231726959347725,2.869440459110473
13,555,766,138,0.0325513519346714,2.869440459110473
13,556,766,138,0.0319439172744751,2.869440459110473
13,557,766,138,0.03114679828286171,2.869440459110473
13,558,766,138,0.03151566907763481,2.869440459110473
13,559,766,138,0.03163875639438629,2.869440459110473
13,560,766,138,0.032546915113925934,2.869440459110473
13,561,766,138,0.03201712667942047,2.869440459110473
13,562,766,138,0.03253864869475365,2.869440459110473
13,563,766,138,0.03159859776496887,2.869440459110473
13,564,766,138,0.03158300369977951,2.869440459110473
13,565,766,138,0.03218827396631241,2.869440459110473
13,566,766,138,0.03212801739573479,2.869440459110473
13,567,766,138,0.033008426427841187,2.869440459110473
13,568,766,138,0.0334579274058342,2.869440459110473
13,569,766,138,0.032489579170942307,2.869440459110473
13,570,766,138,0.031381186097860336,2.869440459110473
13,571,766,138,0.0316862016916275,2.869440459110473
13,572,766,138,0.0315658263862133,2.869440459110473
13,573,766,138,0.03133786469697952,2.869440459110473
13,574,766,138,0.03282267972826958,2.869440459110473
13,575,766,138,0.03244694694876671,2.869440459110473
13,576,766,138,0.03265252709388733,2.869440459110473
13,577,766,138,0.03402673080563545,2.869440459110473
13,578,766,138,0.03357759118080139,2.869440459110473
13,579,766,138,0.03209152817726135,2.869440459110473
13,580,766,138,0.03054395690560341,2.869440459110473
13,581,766,138,0.031256821006536484,2.869440459110473
13,582,766,138,0.030188849195837975,2.869440459110473
13,583,766,138,0.030277075245976448,2.869440459110473
13,584,766,138,0.030695756897330284,2.869440459110473
13,585,766,138,0.031123768538236618,2.869440459110473
13,586,766,138,0.02977791614830494,2.869440459110473
13,587,766,138,0.03096824884414673,2.869440459110473
13,588,766,138,0.03139004856348038,2.869440459110473
13,589,766,138,0.03207843005657196,2.869440459110473
13,590,766,138,0.03247492015361786,2.869440459110473
13,591,766,138,0.03364889323711395,2.869440459110473
13,592,766,138,0.03224760666489601,2.869440459110473
13,593,766,138,0.032790571451187134,2.869440459110473
13,594,766,138,0.03199400007724762,2.869440459110473
13,595,766,138,0.032649002969264984,2.869440459110473
13,596,766,138,0.033341679722070694,2.869440459110473
13,597,766,138,0.033366609364748,2.869440459110473
13,598,766,138,0.03331523388624191,2.869440459110473
13,599,766,138,0.03188079595565796,2.869440459110473
13,600,766,138,0.03191627934575081,2.869440459110473
13,601,766,138,0.03275121748447418,2.869440459110473
13,602,766,146,0.03201364725828171,4.749607159937146
13,603,766,146,0.03196878358721733,4.395982783357245
13,604,766,146,0.03250055015087128,4.069686411149824
13,605,766,146,0.03237258270382881,3.7707180433148872
13,606,766,146,0.030884437263011932,3.4990776798524297
13,607,766,146,0.03207962587475777,3.2547653207624525
13,608,766,146,0.03198568522930145,3.0377809660449553
13,609,766,146,0.03140962868928909,2.8481246156999385
13,610,766,146,0.031183354556560516,2.685796269727402
13,611,766,146,0.033139683306217194,2.5507959281273482
13,612,766,146,0.032397642731666565,2.443123590899775
13,613,766,146,0.03110392391681671,2.3627792580446814
13,614,766,146,0.03123445250093937,2.3097629295620683
13,615,766,146,0.03217485919594765,2.2840746054519356
13,616,766,146,0.03158312663435936,2.2857142857142856
13,617,766,146,0.03203216940164566,2.314681970349116
13,618,766,146,0.029598737135529518,2.3709776593564262
13,619,766,152,0.029843518510460854,3.987702398032384
13,620,766,152,0.03230840340256691,3.3483637357381975
13,621,766,152,0.03194572776556015,2.7363530778164913
13,622,766,152,0.030184898525476456,2.151670424267268
13,623,766,152,0.030642401427030563,1.9752681560429057
13,624,766,152,0.029701603576540947,1.826193892191024
13,625,766,152,0.03005783073604107,1.704447632711622
13,626,766,152,0.030692674219608307,1.6100293776047006
13,627,766,155,0.03060990199446678,3.4162738266038124
13,628,766,155,0.031405653804540634,3.0150304024048644
13,629,766,157,0.03094598650932312,4.46389287422286
13,630,766,157,0.03094087354838848,3.9674113547858165
13,631,766,157,0.03094634599983692,3.498257839721253
13,632,766,157,0.031051605939865112,3.056432329029173
13,633,766,157,0.0314868688583374,2.6419348227095725
13,634,766,157,0.030737020075321198,2.255585160893626
13,635,766,157,0.03121371380984783,1.9238915078226402
13,636,766,157,0.031223509460687637,1.6460340233654436
13,637,766,157,0.03142455965280533,1.411218145794903
13,638,766,157,0.0325416624546051,1.2310582769693226
13,639,766,157,0.03352542221546173,1.1055544168887055
13,640,766,157,0.032296322286129,1.2227232356357154
13,641,766,162,0.03192121908068657,3.5115119218419077
13,642,766,162,0.0315222442150116,3.062649450023912
13,643,766,162,0.03104969672858715,2.641114982578396
13,644,766,162,0.03100833296775818,2.246908519505363
13,645,766,162,0.030705386772751808,1.8800300608048106
13,646,766,162,0.03045537695288658,1.540479606476738
13,647,766,162,0.03012322448194027,1.2439707590353215
13,648,766,162,0.031115109100937843,1.1449750631960083
13,649,766,162,0.030065877363085747,1.100635376101658
13,650,766,162,0.030987316742539406,1.108492177358747
13,651,766,162,0.03195388242602348,1.1436769829883164
13,652,766,162,0.032423097640275955,1.2061897929903662
13,653,766,162,0.03336062282323837,1.296030607364896
13,654,766,162,0.033442456275224686,1.4131994261119059
13,655,766,162,0.032858241349458694,1.5576962492313988
13,656,766,162,0.03249325230717659,1.729521076723372
13,657,766,162,0.032529473304748535,1.9286739085878253
13,658,766,162,0.03281429782509804,2.1551547448247588
13,659,766,162,0.03184472769498825,2.393249982919997
13,660,766,162,0.031395323574543,2.631345221015235
13,661,766,162,0.03084680438041687,2.869440459110473
13,662,766,172,0.030317215248942375,6.6543690646990505
13,663,766,172,0.030406063422560692,6.205506592881055
13,664,766,172,0.031098201870918274,5.783972125435539
13,665,766,172,0.030483676120638847,5.389765662362506
13,666,766,172,0.03155668452382088,5.022887203661954
13,667,766,172,0.03052281215786934,4.683336749333881
13,668,766,172,0.03179397061467171,4.371114299378289
13,669,766,172,0.030107080936431885,4.086219853795177
13,670,766,172,0.030657337978482246,3.828653412584545
13,671,766,173,0.03129209578037262,3.815399330463893
13,672,766,173,0.031135346740484238,3.4969597595135617
13,673,766,173,0.030339986085891724,3.2331761973081905
13,674,766,173,0.031471360474824905,3.0240486438477827
13,675,766,173,0.03175747022032738,2.8555031768805073
13,676,766,173,0.030878694728016853,2.7142857142857144
13,677,766,173,0.029976604506373405,2.6003962560634015
13,678,766,173,0.028943529352545738,2.5138348022135695
13,679,766,173,0.029758671298623085,2.454601352736217
13,680,766,173,0.03010486625134945,2.4226959076313452
13,681,766,173,0.02985553629696369,2.4181184668989535
13,682,766,172,0.02963649481534958,3.393249982919997
13,683,766,179,0.02959616482257843,3.2734166837466696
13,684,766,179,0.031604379415512085,2.9674113547858165
13,685,766,179,0.03135261684656143,2.688734030197444
13,686,766,179,0.032905641943216324,2.4373847099815538
13,687,766,179,0.03285795822739601,2.213363394138144
13,688,766,179,0.0319930762052536,2.0166700826672144
13,689,766,179,0.03138462081551552,1.8473047755687648
13,690,766,179,0.032736100256443024,1.7052674728427957
13,691,766,179,0.03261001035571098,1.5905581744893067
13,692,766,179,0.03134726360440254,1.5507959281273482
13,693,766,179,0.031462885439395905,1.5383616861378702
13,694,766,179,0.029837120324373245,1.553255448520872
13,695,766,179,0.030564947053790092,1.5954772152763543
13,696,766,179,0.031308140605688095,1.6650269864043166
13,697,766,179,0.030720869079232216,1.7619047619047619
13,698,766,179,0.03004598058760166,1.8861105417776873
13,699,766,179,0.029871763661503792,2.037644326023093
13,700,766,179,0.030349308624863625,2.2165061146409792
13,701,766,179,0.03157166391611099,2.4226959076313452
13,702,766,182,0.03152058646082878,1.4388877502220387
13,703,766,182,0.03084244206547737,1.250871080139372
13,704,766,182,0.028839947655797005,1.1626699460271896
13,705,766,182,0.031351715326309204,1.10179681628749
13,706,766,185,0.029673146083950996,2.2734166837466696
13,707,766,185,0.02991749905049801,2.0150304024048644
13,708,766,185,0.03060082159936428,1.783972125435539
13,709,766,185,0.030924534425139427,1.5802418528386966
13,710,766,185,0.03112713433802128,1.4038395846143343
13,711,766,185,0.03160607069730759,1.2547653207624525
13,712,766,185,0.03444000706076622,1.1330190612830506
13,713,766,185,0.032339908182621,1.053494568559131
13,714,766,185,0.031468383967876434,1.0286260845801718
13,715,766,185,0.030825573951005936,1.0584136093461758
13,716,766,185,0.030647961422801018,1.1428571428571428
13,717,766,185,0.031137175858020782,1.2670629227300683
13,718,766,185,0.0323014035820961,1.4185967069754741
13,719,766,185,0.030597113072872162,1.59745849559336
13,720,766,185,0.031076740473508835,1.8036482885837262
13,721,766,185,0.031355470418930054,2.0371660859465726
13,722,766,185,0.03169959411025047,2.2980118876819016
13,723,766,185,0.030871208757162094,2.4408690305390444
13,724,766,185,0.03067617677152157,2.5837261733961876
13,725,766,185,0.030946090817451477,2.7265833162533304
13,726,766,185,0.030499281361699104,2.869440459110473
13,727,766,185,0.0313369445502758,2.869440459110473
13,728,766,185,0.03155534714460373,2.869440459110473
13,729,766,185,0.03235075995326042,2.869440459110473
13,730,766,185,0.03197301924228668,2.869440459110473
13,731,766,185,0.03444333001971245,2.869440459110473
13,732,766,185,0.03513162583112717,2.869440459110473
13,733,766,185,0.03417862951755524,2.869440459110473
13,734,766,185,0.038547758013010025,2.869440459110473
13,735,766,185,0.04051070660352707,2.869440459110473
13,736,766,186,0.03986590728163719,2.0388057662089225
13,737,766,186,0.04218604788184166,2.018514722962355
13,738,766,186,0.04582665488123894,2.025551684088268
13,739,766,188,0.043554503470659256,1.223543075766892
13,740,766,188,0.044199518859386444,1.108013937282229
13,741,766,188,0.04664304107427597,1.0198128031700466
13,742,766,188,0.04321148246526718,0.9589396734303473
13,743,766,190,0.04477832466363907,1.3073034091685447
13,744,766,190,0.040612585842609406,1.096536175445787
13,745,766,190,0.04161704331636429,0.9130969460955092
13,746,766,190,0.04453562945127487,0.7578055612488881
13,747,766,191,0.045407265424728394,1.1922525107604027
13,748,766,191,0.040899984538555145,0.9752681560429058
13,749,766,191,0.04296523332595825,0.8129398100703692
13,750,766,191,0.04153275117278099,0.7201612352257977
13,751,766,191,0.04134233668446541,0.6952927512468385
13,752,766,191,0.04260528087615967,0.7250802760128424
13,753,766,191,0.043107278645038605,0.8095238095238095
13,754,766,193,0.044731367379426956,1.098654095784655
13,755,766,193,0.04748436436057091,0.8153993304638902
13,756,766,194,0.04583301022648811,1.2734166837466698
13,757,766,194,0.04579583555459976,0.921431987429119
13,758,766,194,0.04570816084742546,0.653070984491359
13,759,766,196,0.04633214697241783,2.0353214456514315
13,760,766,196,0.04537288844585419,1.681697069071531
13,761,766,196,0.0446922592818737,1.3554006968641104
13,762,766,196,0.04330752044916153,1.0564323290291728
13,763,766,196,0.04483025521039963,0.785611805697889
13,764,766,196,0.04349145665764809,0.6646853863496609
13,765,766,196,0.053218793123960495,0.6290223406435735
14,35,908,5,0.03541020303964615,2.869440459110473
14,36,908,5,0.03487008437514305,2.869440459110473
14,37,908,5,0.03477475047111511,2.869440459110473
14,38,908,5,0.03653952479362488,2.869440459110473
14,39,908,5,0.035544294863939285,2.869440459110473
14,40,908,5,0.03539080172777176,2.869440459110473
14,41,908,5,0.03706422075629234,2.869440459110473
14,42,908,5,0.03613217547535896,2.869440459110473
14,43,908,5,0.0369604155421257,2.869440459110473
14,44,908,5,0.03601023927330971,2.869440459110473
14,45,908,5,0.0356467179954052,2.869440459110473
14,46,908,7,0.035861968994140625,1.5336476053836174
14,47,908,9,0.03592809662222862,1.4302111088337772
14,48,908,15,0.035453714430332184,6.368654778984765
14,49,908,15,0.035262998193502426,5.919792307166769
14,50,908,15,0.0359293669462204,5.498257839721255
14,51,908,15,0.03559911251068115,5.10405137664822
14,52,908,15,0.03589083254337311,4.737172917947667
14,53,908,15,0.03485526144504547,4.397622463619595
14,54,908,15,0.03428361564874649,4.085400013664003
14,55,908,15,0.035420358180999756,3.800505568080891
14,56,908,15,0.03438739851117134,3.5429391268702606
14,57,908,15,0.034937333315610886,3.31270069003211
14,58,908,15,0.0341104231774807,3.1097902575664413
14,59,908,15,0.03610055893659592,2.934207829473253
14,60,908,15,0.0358225516974926,2.7859534057525446
14,61,908,15,0.03487272560596466,2.665026986404318
14,62,908,15,0.03475036844611168,2.5714285714285716
14,63,908,15,0.03348895534873009,2.5051581608253066
14,64,908,17,0.03367230296134949,1.8923276627724266
14,65,908,17,0.03322823718190193,1.6223269795723165
14,66,908,17,0.03506496176123619,1.4069823051171682
14,67,908,17,0.03577978536486626,1.3415317346450768
14,68,908,17,0.035110075026750565,1.4259752681560425
14,69,908,17,0.035306982696056366,1.4673771947803511
14,70,908,17,0.03611442446708679,1.5361071257771397
14,71,908,17,0.03455200418829918,1.631345221015235
14,72,908,18,0.03433823958039284,0.9481451117032177
14,73,908,23,0.034063760191202164,3.8448452551752412
14,74,908,23,0.034868013113737106,3.4912208785953402
14,75,908,23,0.03386492282152176,3.1649245063879214
14,76,908,27,0.03393980488181114,6.511511921841909
14,77,908,27,0.033511318266391754,5.967411354785817
14,78,908,27,0.03400826081633568,5.450638792102207
14,79,908,29,0.03354940935969353,6.7019881123181
14,80,908,29,0.0345829613506794,6.062649450023912
14,81,908,29,0.03470846265554428,5.450638792102207
14,82,908,29,0.03490622341632843,4.865956138552982
14,83,908,29,0.03523574769496918,4.309421329507413
14,84,908,29,0.03497219458222389,3.8075425292068052
14,85,908,29,0.03575111925601959,3.455557832889253
14,86,908,29,0.036425456404685974,3.1574093051854892
14,87,908,29,0.036170244216918945,2.8865887818542055
14,88,908,32,0.037737224251031876,3.9400833504133366
14,89,908,32,0.036966994404792786,3.2531256405001026
14,90,908,32,0.037812117487192154,2.6083896973423517
14,91,908,32,0.03661347180604935,2.0183097629295617
14,92,908,32,0.03655916079878807,1.4828858372617346
14,93,908,32,0.036545902490615845,1.0497369679579156
14,94,908,32,0.037690337747335434,0.9250529480084722
14,95,908,32,0.03746413439512253,0.8823529411764707
14,96,908,32,0.03681151568889618,0.9216369474619112
14,97,908,32,0.03648730367422104,1.1199699391951894
14,98,908,32,0.036343593150377274,1.3456309353009492
14,99,908,32,0.03690360486507416,1.5837261733961874
14,100,908,32,0.036378052085638046,1.7265833162533302
14,101,908,32,0.036652542650699615,1.8694404591104732
14,102,908,32,0.037288859486579895,2.012297601967616
14,103,908,32,0.03750799223780632,2.1551547448247588
14,104,908,32,0.03701815381646156,2.2980118876819016
14,105,908,32,0.03830248862504959,2.4408690305390444
14,106,908,32,0.03681385517120361,2.5837261733961876
14,107,908,32,0.03702852502465248,2.7265833162533304
14,108,908,32,0.03582475706934929,2.869440459110473
14,109,908,32,0.035819102078676224,2.869440459110473
14,110,908,33,0.035286713391542435,2.038805766208923
14,111,908,38,0.035125166177749634,2.797226207556193
14,112,908,38,0.034976646304130554,2.5388399262143873
14,113,908,38,0.03524921089410782,2.307781649245062
14,114,908,38,0.0352628268301487,2.1040513766482185
14,115,908,38,0.034743234515190125,1.927649108423856
14,116,908,38,0.036221038550138474,1.7785748445719742
14,117,908,38,0.03537268191576004,1.6568285850925724
14,118,908,38,0.03441336750984192,1.5624103299856509
14,119,908,40,0.035428911447525024,2.445241511238641
14,120,908,40,0.03650244325399399,2.147092983534877
14,121,908,42,0.035398464649915695,3.5591309694609548
14,122,908,42,0.03554287552833557,3.110268497642959
14,123,908,42,0.035209231078624725,2.688734030197443
14,124,908,42,0.03536639362573624,2.2945275671244088
14,125,908,42,0.03467912971973419,1.929288788686205
14,126,908,42,0.036289945244789124,1.6195258591241364
14,127,908,42,0.034891676157712936,1.3917469426795097
14,128,908,42,0.03446301072835922,1.2451321992211515
14,129,908,42,0.03521335870027542,1.1531734645077538
14,130,908,42,0.03641005605459213,1.1158707385393176
14,131,908,42,0.035261668264865875,1.180843068934891
14,132,908,42,0.03617456182837486,1.34563093530095
14,133,908,42,0.035007379949092865,1.5361071257771404
14,134,908,42,0.03500838950276375,1.7265833162533308
14,135,908,42,0.03516094386577606,1.9170595067295213
14,136,908,42,0.03527325764298439,2.1075356972057118
14,137,908,42,0.03480098769068718,2.2980118876819025
14,138,908,42,0.03541375324130058,2.4884880781580927
14,139,908,42,0.03546997532248497,2.6789642686342834
14,140,908,42,0.03624464198946953,2.7742023638723787
14,141,908,42,0.0354643389582634,2.8694404591104736
14,142,908,42,0.03514619916677475,2.8694404591104736
14,143,908,42,0.03552721440792084,2.8694404591104736
14,144,908,42,0.036825817078351974,2.8694404591104736
14,145,908,42,0.03523467853665352,2.8694404591104736
14,146,908,42,0.035777442157268524,2.8694404591104736
14,147,908,42,0.035153407603502274,2.8694404591104736
14,148,908,42,0.03562452644109726,2.8694404591104736
14,149,908,42,0.03512939065694809,2.8694404591104736
14,150,908,42,0.03450748324394226,2.8694404591104736
14,151,908,42,0.03455420583486557,2.8694404591104736
14,152,908,42,0.03485332801938057,2.8694404591104736
14,153,908,42,0.03505425527691841,2.8694404591104736
14,154,908,42,0.0350990928709507,2.8694404591104736
14,155,908,42,0.03410186246037483,2.8694404591104736
14,156,908,42,0.03499983251094818,2.8694404591104736
14,157,908,42,0.03500187769532204,2.8694404591104736
14,158,908,42,0.03521324321627617,2.8694404591104736
14,159,908,42,0.037071406841278076,2.8694404591104736
14,160,908,42,0.03698114678263664,2.8694404591104736
14,161,908,46,0.03664477542042732,1.5254492040718732
14,162,908,46,0.03500876948237419,1.362301017968163
14,163,908,46,0.03546116501092911,1.2264808362369328
14,164,908,46,0.03509839251637459,1.1179886588781844
14,165,908,46,0.0348513163626194,1.0368244858919173
14,166,908,46,0.035109322518110275,0.9829883172781306
14,167,908,46,0.03473494574427605,0.9564801530368241
14,168,908,46,0.03447163105010986,0.9572999931679979
14,169,908,46,0.034662991762161255,0.985447837671653
14,170,908,46,0.03487752005457878,1.0409236865477898
14,171,908,46,0.034765202552080154,1.1237275397964068
14,172,908,46,0.03623642772436142,1.233859397417504
14,173,908,46,0.03498610109090805,1.3713192594110815
14,174,908,46,0.03572925180196762,1.5361071257771404
14,175,908,46,0.03462626785039902,1.7265833162533308
14,176,908,46,0.03583294525742531,1.9170595067295213
14,177,908,46,0.0352792926132679,2.1075356972057118
14,178,908,48,0.03641365468502045,1.1188084990093607
14,179,908,48,0.03665231913328171,1.1618501058960167
14,180,908,48,0.036344658583402634,1.2595477215276343
14,181,908,51,0.03534967824816704,1.735874837739974
14,182,908,51,0.03414052724838257,1.5251076040172162
14,183,908,51,0.03540056198835373,1.3416683746669384
14,184,908,51,0.03461539000272751,1.1855571496891424
14,185,908,56,0.03586016967892647,5.4162738266038115
14,186,908,56,0.035947948694229126,4.967411354785816
14,187,908,56,0.03547883406281471,4.545876887340301
14,188,908,56,0.03484177961945534,4.151670424267266
14,189,908,56,0.03608156740665436,3.7847919655667135
14,190,908,56,0.0355684831738472,3.445241511238641
14,191,908,56,0.03438662737607956,3.1330190612830484
14,192,908,56,0.03614550456404686,2.8481246156999367
14,193,908,56,0.036517612636089325,2.5905581744893063
14,194,908,56,0.03734635189175606,2.360319737651157
14,195,908,56,0.03826400265097618,2.1574093051854883
14,196,908,56,0.03787648677825928,1.9818268770923
14,197,908,56,0.03953145444393158,1.8335724533715916
14,198,908,56,0.042358096688985825,1.712646034023365
14,199,908,56,0.04288084805011749,1.7299993167998893
14,200,908,58,0.043468791991472244,1.3598414975746405
14,201,908,58,0.04402435943484306,1.1577509052401456
14,202,908,58,0.045222099870443344,1.1531734645077538
14,203,908,60,0.04418804123997688,1.4120379859260772
14,204,908,60,0.04238191619515419,1.1490742638518814
14,205,908,60,0.040327221155166626,0.9407665505226471
14,206,908,60,0.04020412638783455,0.8322743731638986
14,207,908,60,0.04217534512281418,0.7519300403088054
14,208,908,61,0.04223286360502243,0.8389697342351584
14,209,908,61,0.04200199991464615,0.6969324315091893
14,210,908,61,0.041294749826192856,0.6095511375281805
14,211,908,61,0.042097728699445724,0.5917196146751368
14,212,908,61,0.04202058166265488,0.6417981826877082
14,213,908,61,0.041035957634449005,0.7465327594452413
14,214,908,61,0.04263952374458313,0.8910295825647329
14,215,908,61,0.04222806915640831,1.062854410056706
14,216,908,63,0.04233257472515106,0.8100020496003268
14,217,908,63,0.04114428907632828,0.6563503450160544
14,218,908,63,0.038866642862558365,0.6003962560633996
14,219,908,64,0.041312430053949356,0.7085468333674938
14,220,908,64,0.04276468604803085,0.4948418391746942
14,221,908,64,0.04112640768289566,0.48568695770991205
14,222,908,64,0.04159269481897354,0.5842044134727047
14,223,908,64,0.039976201951503754,0.7506319601011123
14,224,908,64,0.03778701275587082,0.8740178998428628
14,225,908,64,0.038081683218479156,1.024731843957095
14,226,908,64,0.03752857446670532,1.202773792443807
14,227,908,64,0.03907230868935585,1.3932499829199976
14,228,908,64,0.034646280109882355,1.583726173396188
14,229,908,64,0.034471504390239716,1.7265833162533308
14,230,908,66,0.035439878702163696,0.6504748240759723
14,231,908,66,0.03487422317266464,0.6591514654642352
14,232,908,66,0.034056875854730606,0.7224841155974598
14,233,908,67,0.034281469881534576,0.6658468265354923
14,234,908,67,0.0344858393073082,0.6277242604358799
14,235,908,68,0.035436343401670456,0.8000273280043724
14,236,908,70,0.033947721123695374,2.225797636127622
14,237,908,70,0.03421540558338165,1.919792307166769
14,238,908,70,0.03385533392429352,1.6411149825783975
14,239,908,70,0.03393658995628357,1.389765662362506
14,240,908,70,0.033693332225084305,1.2133633941381425
14,241,908,70,0.03369611129164696,1.0642891302862605
14,242,908,70,0.033525869250297546,0.9433627109380338
14,243,908,70,0.034192539751529694,0.8762724602035938
14,244,908,70,0.03473486006259918,0.8530436564869847
14,245,908,70,0.03506602346897125,0.9117988658878176
14,246,908,70,0.035581670701503754,1.0376443260230919
14,247,908,70,0.035732202231884,1.2165061146409777
14,248,908,70,0.035995129495859146,1.4226959076313452
14,249,908,70,0.03587067127227783,1.6562137049941927
14,250,908,70,0.03461892902851105,1.9170595067295206
14,251,908,70,0.03431413695216179,2.1075356972057113
14,252,908,70,0.034430574625730515,2.2980118876819016
14,253,908,70,0.035582054406404495,2.4884880781580923
14,254,908,70,0.03481868654489517,2.631345221015235
14,255,908,70,0.03517682105302811,2.774202363872378
14,256,908,70,0.03634648770093918,2.869440459110473
14,257,908,70,0.03556805104017258,2.869440459110473
14,258,908,70,0.036351002752780914,2.869440459110473
14,259,908,70,0.03636183217167854,2.869440459110473
14,260,908,70,0.035496704280376434,2.869440459110473
14,261,908,70,0.03590814769268036,2.869440459110473
14,262,908,70,0.03692548722028732,2.869440459110473
14,263,908,70,0.03754207119345665,2.869440459110473
14,264,908,70,0.03712659701704979,2.869440459110473
14,265,908,70,0.036848049610853195,2.869440459110473
14,266,908,70,0.035788919776678085,2.869440459110473
14,267,908,70,0.03638039901852608,2.869440459110473
14,268,908,70,0.036300014704465866,2.869440459110473
14,269,908,70,0.035975392907857895,2.869440459110473
14,270,908,70,0.03545079380273819,2.869440459110473
14,271,908,70,0.03568444401025772,2.869440459110473
14,272,908,70,0.03558472543954849,2.869440459110473
14,273,908,70,0.03532762825489044,2.869440459110473
14,274,908,70,0.035176102072000504,2.869440459110473
14,275,908,70,0.034727293998003006,2.869440459110473
14,276,908,70,0.036002371460199356,2.869440459110473
14,277,908,70,0.03606172278523445,2.869440459110473
14,278,908,70,0.035599034279584885,2.869440459110473
14,279,908,70,0.03530986234545708,2.869440459110473
14,280,908,70,0.03612063080072403,2.869440459110473
14,281,908,70,0.03633984178304672,2.869440459110473
14,282,908,70,0.03560269996523857,2.869440459110473
14,283,908,70,0.035503994673490524,2.869440459110473
14,284,908,70,0.03544934093952179,2.869440459110473
14,285,908,75,0.035564206540584564,2.0215891234542602
14,286,908,75,0.036857277154922485,1.8108218897315025
14,287,908,75,0.036879509687423706,1.6273826603812263
14,288,908,75,0.037346094846725464,1.47127143540343
14,289,908,75,0.03668558970093727,1.342488214798114
14,290,908,75,0.036868803203105927,1.2410329985652797
14,291,908,75,0.03670596331357956,1.1669057867049257
14,292,908,75,0.03596951812505722,1.120106579217053
14,293,908,75,0.035736121237277985,1.1006353761016607
14,294,908,75,0.03526350483298302,1.1084921773587486
14,295,908,75,0.035826247185468674,1.143676982988318
14,296,908,81,0.03551696613430977,4.9877023980323845
14,297,908,81,0.03490351513028145,4.491220878595341
14,298,908,81,0.035628072917461395,4.022067363530779
14,299,908,81,0.035588763654232025,3.5802418528386966
14,300,908,81,0.034671295434236526,3.165744346519095
14,301,908,81,0.03450634330511093,2.778574844571975
14,302,908,81,0.03600640222430229,2.418733346997335
14,303,908,84,0.037027254700660706,4.178178588508574
14,304,908,84,0.036527976393699646,3.538839926214388
14,305,908,84,0.0372474230825901,2.9268292682926833
14,306,908,86,0.03659289330244064,4.3210357313657175
14,307,908,88,0.037214796990156174,5.701988112318098
14,308,908,88,0.03612668439745903,5.110268497642959
14,309,908,93,0.0359567254781723,9.225797636127623
14,310,908,93,0.03712981566786766,8.395982783357246
14,311,908,93,0.03746205195784569,7.59349593495935
14,312,908,93,0.03791169822216034,6.818337090933936
14,313,908,93,0.038668401539325714,6.0705062512809995
14,314,908,93,0.03943239152431488,5.350003416000546
14,315,908,93,0.0396495945751667,4.6568285850925735
14,316,908,93,0.040085356682538986,3.9909817585570813
14,317,908,93,0.039235133677721024,3.638177222108356
14,318,908,93,0.03754653409123421,3.31270069003211
14,319,908,97,0.037928152829408646,5.3210357313657175
14,320,908,97,0.036537669599056244,4.586458973833436
14,321,908,97,0.03699302300810814,3.8792102206736354
14,322,908,97,0.037840839475393295,3.1992894718863156
14,323,908,97,0.03813977167010307,2.5483364077338244
14,324,908,97,0.040307361632585526,2.094896495183438
14,325,908,97,0.03933340683579445,1.6961125913780135
14,326,908,97,0.03804750740528107,1.3519846963175506
14,327,908,97,0.038729969412088394,1.157750905240145
14,328,908,97,0.03783702105283737,1.1134112181457947
14,329,908,97,0.038595136255025864,1.1237275397964062
14,330,908,97,0.03756263852119446,1.2338593974175034
14,331,908,97,0.03755643218755722,1.3713192594110808
14,332,908,97,0.037059612572193146,1.5361071257771397
14,333,908,97,0.03588554635643959,1.7265833162533302
14,334,908,97,0.03587830439209938,1.9170595067295206
14,335,908,97,0.03680908679962158,2.1075356972057113
14,336,908,97,0.03547478839755058,2.2980118876819016
14,337,908,97,0.03718101605772972,2.4884880781580923
14,338,908,97,0.03674115240573883,2.6789642686342825
14,339,908,97,0.03706170618534088,2.869440459110473
14,340,908,97,0.03683997318148613,2.869440459110473
14,341,908,97,0.037176672369241714,2.869440459110473
14,342,908,97,0.035292770713567734,2.869440459110473
14,343,908,97,0.03514498099684715,2.869440459110473
14,344,908,97,0.03502103313803673,2.869440459110473
14,345,908,97,0.035259418189525604,2.869440459110473
14,346,908,97,0.034797247499227524,2.869440459110473
14,347,908,97,0.034873198717832565,2.869440459110473
14,348,908,97,0.03551807999610901,2.869440459110473
14,349,908,97,0.035053640604019165,2.869440459110473
14,350,908,97,0.035185907036066055,2.869440459110473
14,351,908,97,0.03540254384279251,2.869440459110473
14,352,908,97,0.034010227769613266,2.869440459110473
14,353,908,97,0.03441930189728737,2.869440459110473
14,354,908,123,0.034720245748758316,21.892464302794288
14,355,908,123,0.03431202843785286,20.681697069071532
14,356,908,123,0.03370458260178566,19.498257839721255
14,357,908,123,0.0342155285179615,18.342146614743463
14,358,908,122,0.03381175920367241,16.641934822709572
14,359,908,122,0.033883702009916306,15.588098654095786
14,360,908,122,0.03363749012351036,14.561590489854476
14,361,908,122,0.03215044364333153,13.56241032998565
14,362,908,122,0.03352268412709236,12.590558174489306
14,363,908,122,0.033627647906541824,11.646034023365441
14,364,908,122,0.03335084021091461,10.72883787661406
14,365,908,122,0.03431093692779541,9.838969734235157
14,366,908,122,0.033560190349817276,8.976429596228733
14,367,908,122,0.03365257754921913,8.141217462594794
14,368,908,122,0.034853242337703705,7.333333333333332
14,369,908,122,0.03551989048719406,6.552777208444352
14,370,908,122,0.035348087549209595,5.799549087927853
14,371,908,122,0.03533370792865753,5.073648971783835
14,372,908,122,0.03497938811779022,4.375076860012298
14,373,908,122,0.03529994189739227,3.7038327526132404
14,374,908,122,0.0348694771528244,3.0599166495866634
14,375,908,122,0.03462040796875954,3.012297601967616
14,376,908,122,0.034584760665893555,2.9646785543485685
14,377,908,123,0.03548416867852211,2.08642481382797
14,378,908,122,0.035743486136198044,2.9170595067295206
14,379,908,122,0.035276513546705246,2.9170595067295206
14,380,908,122,0.03647511824965477,2.9170595067295206
14,381,908,123,0.03605738282203674,2.08642481382797
14,382,908,97,0.03710512816905975,26.774202363872377
14,383,908,97,0.03705699369311333,25.583726173396187
14,384,908,97,0.03660355135798454,24.393249982919997
14,385,908,97,0.037496406584978104,23.202773792443807
14,386,908,97,0.03616098314523697,22.012297601967617
14,387,908,97,0.03595908358693123,20.821821411491424
14,388,908,97,0.03524668887257576,19.631345221015234
14,389,908,97,0.035019099712371826,18.440869030539044
14,390,908,97,0.03571180999279022,17.250392840062855
14,391,908,97,0.03647397458553314,16.059916649586665
14,392,908,97,0.03706441819667816,14.869440459110473
14,393,908,97,0.036931347101926804,13.678964268634283
14,394,908,97,0.03682617470622063,12.488488078158092
14,395,908,97,0.037850458174943924,11.298011887681904
14,396,908,97,0.03795987740159035,10.107535697205712
14,397,908,97,0.038525745272636414,8.917059506729522
14,398,908,97,0.03754990175366402,7.678964268634284
14,399,908,97,0.038050126284360886,6.488488078158094
14,400,908,97,0.03772939741611481,5.298011887681902
14,401,908,97,0.037894777953624725,4.107535697205712
14,402,908,97,0.03928279131650925,2.869440459110473
14,403,908,97,0.04028661921620369,2.869440459110473
14,404,908,97,0.04107976704835892,2.869440459110473
14,405,908,97,0.040142972022295,2.869440459110473
14,406,908,97,0.039623018354177475,2.869440459110473
14,407,908,97,0.0391920804977417,2.869440459110473
14,408,908,97,0.039052896201610565,2.869440459110473
14,409,908,97,0.0386885404586792,2.869440459110473
14,410,908,97,0.03816641867160797,2.869440459110473
14,411,908,97,0.03678405284881592,2.869440459110473
14,412,908,97,0.037960514426231384,2.869440459110473
14,413,908,97,0.03777622804045677,2.869440459110473
14,414,908,97,0.036690469831228256,2.869440459110473
14,415,908,97,0.03780808299779892,2.869440459110473
14,416,908,97,0.035804759711027145,2.869440459110473
14,417,908,97,0.036118194460868835,2.869440459110473
14,418,908,97,0.035740263760089874,2.869440459110473
14,419,908,97,0.03503655269742012,2.869440459110473
14,420,908,97,0.037490569055080414,2.869440459110473
14,421,908,93,0.038302771747112274,6.678964268634282
14,422,908,93,0.03812955692410469,6.488488078158091
14,423,908,93,0.03930443152785301,6.2980118876819
14,424,908,93,0.0384567491710186,6.107535697205711
14,425,908,93,0.03802702948451042,5.917059506729521
14,426,908,93,0.03906276822090149,5.72658331625333
14,427,908,93,0.038941994309425354,5.53610712577714
14,428,908,93,0.037929244339466095,5.3456309353009495
14,429,908,93,0.03747499734163284,5.155154744824759
14,430,908,97,0.036882203072309494,3.3539659766345564
14,431,908,97,0.037260618060827255,3.1080139372822293
14,432,908,97,0.03720807284116745,2.862061897929903
14,433,908,97,0.03688807412981987,2.6161098585775773
14,434,908,97,0.03822993114590645,2.37015781922525
14,435,908,97,0.037838492542505264,2.125845460135273
14,436,908,97,0.037718936800956726,1.9088611054177758
14,437,908,97,0.037351738661527634,1.7192047550727605
14,438,908,97,0.03664233535528183,1.5568764091002252
14,439,908,97,0.03762300685048103,1.42187606750017
14,440,908,97,0.03918373957276344,1.3142037302725966
14,441,908,97,0.03791947290301323,1.2338593974175034
14,442,908,97,0.03847969323396683,1.3713192594110808
14,443,908,97,0.03777720034122467,1.5361071257771397
14,444,908,97,0.036413878202438354,1.7265833162533302
14,445,908,97,0.03658399358391762,1.9170595067295206
14,446,908,97,0.0362149216234684,2.1075356972057113
14,447,908,97,0.03811050206422806,2.2980118876819016
14,448,908,97,0.03833332657814026,2.4884880781580923
14,449,908,97,0.03812664374709129,2.6789642686342825
14,450,908,97,0.03837499022483826,2.869440459110473
14,451,908,97,0.0367019847035408,2.869440459110473
14,452,908,97,0.03652915358543396,2.869440459110473
14,453,908,97,0.03624320775270462,2.869440459110473
14,454,908,97,0.03572407364845276,2.869440459110473
14,455,908,97,0.03498649597167969,2.869440459110473
14,456,908,97,0.03424544259905815,2.869440459110473
14,457,908,97,0.03457380086183548,2.869440459110473
14,458,908,97,0.03528554365038872,2.869440459110473
14,459,908,97,0.034865058958530426,2.869440459110473
14,460,908,97,0.036632172763347626,2.869440459110473
14,461,908,97,0.03612915426492691,2.869440459110473
14,462,908,97,0.0359375923871994,2.869440459110473
14,463,908,97,0.03582276776432991,2.869440459110473
14,464,908,97,0.034700486809015274,2.869440459110473
14,465,908,123,0.03546573966741562,21.892464302794288
14,466,908,123,0.0345325767993927,20.681697069071532
14,467,908,123,0.033726997673511505,19.498257839721255
14,468,908,122,0.03330506756901741,17.675479948076795
14,469,908,122,0.033164165914058685,16.594315775090525
14,470,908,122,0.033056240528821945,15.540479606476739
14,471,908,122,0.03395308554172516,14.513971442235428
14,472,908,122,0.034028567373752594,13.514791282366602
14,473,908,122,0.03431741148233414,12.542939126870259
14,474,908,122,0.03442401811480522,11.598414975746394
14,475,908,122,0.03489265963435173,10.68121882899501
14,476,908,122,0.03419153764843941,9.79135068661611
14,477,908,122,0.034533027559518814,8.928810548609686
14,478,908,122,0.033673956990242004,8.093598414975746
14,479,908,122,0.033473528921604156,7.285714285714285
14,480,908,122,0.03286273032426834,6.505158160825305
14,481,908,122,0.033555418252944946,5.751930040308806
14,482,908,122,0.0352180078625679,5.026029924164787
14,483,908,122,0.03481921926140785,4.32745781239325
14,484,908,122,0.034784067422151566,3.656213704994193
14,485,908,122,0.03433242440223694,3.012297601967616
14,486,908,122,0.03361433371901512,2.9646785543485685
14,487,908,122,0.03396591916680336,2.9170595067295206
14,488,908,122,0.03377455100417137,2.869440459110473
14,489,908,122,0.03388233482837677,2.869440459110473
14,490,908,122,0.033692169934511185,2.869440459110473
14,491,908,122,0.03374120220541954,2.869440459110473
14,492,908,122,0.03393736481666565,2.869440459110473
14,493,908,122,0.0333755761384964,2.869440459110473
14,494,908,122,0.034551963210105896,2.869440459110473
14,495,908,122,0.03471178933978081,2.869440459110473
14,496,908,122,0.034152448177337646,2.869440459110473
14,497,908,122,0.03417209908366203,2.869440459110473
14,498,908,122,0.0351380854845047,2.869440459110473
14,499,908,122,0.03514367714524269,2.869440459110473
14,500,908,122,0.03529268503189087,2.869440459110473
14,501,908,122,0.035907354205846786,2.869440459110473
14,502,908,122,0.03745704144239426,2.869440459110473
14,503,908,122,0.037318333983421326,2.869440459110473
14,504,908,122,0.037125904113054276,2.869440459110473
14,505,908,121,0.03742146119475365,3.8218214114914253
14,506,908,121,0.03664370998740196,3.774202363872378
14,507,908,121,0.03660237416625023,3.7265833162533304
14,508,908,121,0.03582781180739403,3.6789642686342825
14,509,908,121,0.03537774458527565,3.631345221015235
14,510,908,121,0.03634139522910118,3.5837261733961876
14,511,908,121,0.03693770617246628,3.5361071257771397
14,512,908,121,0.03621306270360947,3.4884880781580923
14,513,908,121,0.03718513995409012,3.4408690305390444
14,514,908,121,0.038612671196460724,3.393249982919997
14,515,908,121,0.038412049412727356,3.3456309353009495
14,516,908,121,0.03974473476409912,3.2980118876819016
14,517,908,121,0.03898395597934723,3.250392840062854
14,518,908,122,0.038972027599811554,2.372139099542256
14,519,908,122,0.03984581306576729,2.3042290086766406
14,520,908,122,0.040626343339681625,2.2636469221835074
14,521,908,122,0.042395446449518204,2.250392840062854
14,522,908,122,0.04109383746981621,2.250392840062854
14,523,908,122,0.04105716571211815,2.250392840062854
14,524,908,125,0.04322711378335953,1.2873539659766344
14,525,908,125,0.04250603914260864,1.0765867322538765
14,526,908,125,0.03841836377978325,0.9407665505226478
14,527,908,125,0.035725340247154236,0.8322743731638993
14,528,908,125,0.037814680486917496,0.751110200177631
14,529,908,125,0.035753946751356125,0.7121677939468463
14,530,908,127,0.03781706467270851,1.4162738266038126
14,531,908,127,0.03515707328915596,1.1587073853931822
14,532,908,129,0.03663038834929466,2.749607159937146
14,533,908,129,0.03621787950396538,2.3959827833572453
14,534,908,129,0.03182283043861389,2.0696864111498248
14,535,908,129,0.030911816284060478,1.770718043314887
14,536,908,129,0.030738012865185738,1.4990776798524283
14,537,908,132,0.03234707564115524,3.701988112318099
14,538,908,132,0.032241690903902054,3.2055065928810555
14,539,908,132,0.030985359102487564,2.7839721254355396
14,540,908,132,0.03210572898387909,2.3897656623625068
14,541,908,132,0.03092779964208603,2.0228872036619543
14,542,908,133,0.03570546209812164,2.281273485003758
14,543,908,133,0.034652452915906906,1.8535218965635034
14,544,908,133,0.03505042567849159,1.4804263168682088
14,545,908,136,0.03284434974193573,3.6543690646990505
14,546,908,136,0.038130953907966614,3.157887545262007
14,547,908,136,0.038978658616542816,2.688734030197444
14,548,908,136,0.04077925533056259,2.246908519505363
14,549,908,138,0.04090956225991249,3.4638928742228603
14,550,908,138,0.039316900074481964,2.872173259547721
14,551,908,138,0.03884776309132576,2.403019744483158
14,552,908,138,0.037162598222494125,1.9620140739222511
14,553,908,138,0.03780381381511688,1.6709025073444
14,554,908,138,0.03875374794006348,1.434446949511512
14,555,908,138,0.03715362027287483,1.2526474004235844
14,556,908,138,0.03776043280959129,1.1246840199494434
14,557,908,138,0.03716985881328583,1.0240486438477827
14,558,908,138,0.039349425584077835,1.0935984149757452
14,559,908,138,0.040066227316856384,1.1904761904761905
14,560,908,141,0.03977145627140999,1.6692628270820526
14,561,908,141,0.04019780829548836,1.3102411696385865
14,562,908,141,0.037725355476140976,1.0058755209400807
14,563,908,141,0.03640802577137947,0.819498531119764
14,564,908,138,0.035991180688142776,2.8218214114914253
14,565,908,141,0.03625829890370369,0.8082257293161179
14,566,908,141,0.036580249667167664,0.8856323017011695
14,567,908,141,0.0351874865591526,1.001981280317003
14,568,908,141,0.03690741956233978,1.1456582633053196
14,569,908,141,0.03636477515101433,1.3166632506661191
14,570,908,141,0.0363810695707798,1.4197581471613034
14,571,908,141,0.03633761405944824,1.535287285645966
14,572,908,141,0.03511284664273262,1.6508164241306287
14,573,908,141,0.035900894552469254,1.7663455626152886
14,574,908,141,0.03605537861585617,1.8818747010999513
14,575,908,141,0.03639106824994087,2.012297601967616
14,576,908,141,0.035838253796100616,2.1551547448247588
14,577,908,141,0.03615130856633186,2.2980118876819016
14,578,908,141,0.03688441589474678,2.4408690305390444
14,579,908,141,0.03641682118177414,2.5837261733961876
14,580,908,141,0.03437294065952301,2.7265833162533304
14,581,908,141,0.03585948422551155,2.7265833162533304
14,582,908,141,0.0353388674557209,2.7265833162533304
14,583,908,141,0.03578873351216316,2.7265833162533304
14,584,908,141,0.03653139993548393,2.7265833162533304
14,585,908,141,0.03748549520969391,2.869440459110473
14,586,908,141,0.03832472488284111,2.869440459110473
14,587,908,141,0.037440601736307144,2.869440459110473
14,588,908,141,0.03787047043442726,2.869440459110473
14,589,908,146,0.03787316381931305,2.021589123454259
14,590,908,146,0.03561387211084366,1.8108218897315012
14,591,908,146,0.03620481491088867,1.6273826603812236
14,592,908,146,0.03471284359693527,1.4712714354034286
14,593,908,146,0.035253170877695084,1.342488214798114
14,594,908,146,0.03552759438753128,1.2410329985652797
14,595,908,146,0.03500407934188843,1.1669057867049257
14,596,908,146,0.035292353481054306,1.1201065792170517
14,597,908,146,0.03522578999400139,1.100635376101658
14,598,908,146,0.035515960305929184,1.108492177358747
14,599,908,146,0.035537511110305786,1.1436769829883164
14,600,908,152,0.03542063385248184,4.9877023980323845
14,601,908,152,0.03423212841153145,4.491220878595341
14,602,908,152,0.0341639518737793,4.022067363530777
14,603,908,152,0.03479209542274475,3.5802418528386966
14,604,908,152,0.03428897634148598,3.165744346519096
14,605,908,152,0.03317473828792572,2.7785748445719762
14,606,908,152,0.03451075404882431,2.418733346997336
14,607,908,152,0.035404305905103683,2.0862198537951766
14,608,908,152,0.034617435187101364,1.7810343649654972
14,609,908,152,0.033087123185396194,1.5031768805083008
14,610,908,152,0.03453122451901436,1.4907426385188225
14,611,908,152,0.035541992634534836,1.5056364009018244
14,612,908,152,0.03477269411087036,1.5478581676573067
14,613,908,152,0.033249035477638245,1.617407938785269
14,614,908,152,0.03367636725306511,1.7142857142857142
14,615,908,152,0.03305165469646454,1.8384914941586399
14,616,908,152,0.033361516892910004,1.9900252784040455
14,617,908,152,0.033936500549316406,2.1688870670219313
14,618,908,152,0.03241764008998871,2.3750768600122973
14,619,908,152,0.03287398815155029,2.6085946573751437
14,620,908,152,0.033466074615716934,2.869440459110473
14,621,908,152,0.03243526816368103,2.869440459110473
14,622,908,152,0.03293062746524811,2.869440459110473
14,623,908,152,0.03188949078321457,2.869440459110473
14,624,908,152,0.03219282627105713,2.869440459110473
14,625,908,152,0.032190240919589996,2.869440459110473
14,626,908,152,0.032735034823417664,2.869440459110473
14,627,908,152,0.03172866255044937,2.869440459110473
14,628,908,152,0.032959967851638794,2.869440459110473
14,629,908,152,0.03182174265384674,2.869440459110473
14,630,908,152,0.03131255879998207,2.869440459110473
14,631,908,152,0.030807500705122948,2.869440459110473
14,632,908,152,0.03030560351908207,2.869440459110473
14,633,908,152,0.030988669022917747,2.869440459110473
14,634,908,152,0.031358860433101654,2.869440459110473
14,635,908,152,0.031479258090257645,2.869440459110473
14,636,908,152,0.03099147230386734,2.869440459110473
14,637,908,152,0.03108031675219536,2.869440459110473
14,638,908,152,0.033264532685279846,2.869440459110473
14,639,908,152,0.033615875989198685,2.869440459110473
14,640,908,152,0.0327974371612072,2.869440459110473
14,641,908,152,0.033344633877277374,2.869440459110473
14,642,908,152,0.03436239808797836,2.869440459110473
14,643,908,152,0.03377924859523773,2.869440459110473
14,644,908,155,0.03443269431591034,1.3664002186240347
14,645,908,155,0.03393758833408356,1.250871080139372
14,646,908,155,0.03322179242968559,1.1626699460271896
14,647,908,155,0.0343029722571373,1.10179681628749
14,648,908,155,0.034182459115982056,1.0682516909202708
14,649,908,155,0.03497730568051338,1.0620345699255316
14,650,908,155,0.03392787650227547,1.0831454533032727
14,651,908,155,0.03481438010931015,1.131584341053494
14,652,908,155,0.03316451236605644,1.2073512331761955
14,653,908,155,0.03365607187151909,1.3104461296713799
14,654,908,155,0.03258664533495903,1.4408690305390446
14,655,908,155,0.033034518361091614,1.5837261733961874
14,656,908,155,0.03275192528963089,1.7265833162533302
14,657,908,155,0.03219502046704292,1.8694404591104732
14,658,908,155,0.032823916524648666,2.012297601967616
14,659,908,155,0.0332023911178112,2.1551547448247588
14,660,908,155,0.0331791527569294,2.2980118876819016
14,661,908,152,0.03230477496981621,5.298011887681902
14,662,908,152,0.032936692237854004,5.298011887681902
14,663,908,152,0.03203398361802101,5.298011887681902
14,664,908,152,0.03207406774163246,5.298011887681902
14,665,908,152,0.03217707574367523,5.155154744824759
14,666,908,152,0.03209860995411873,5.0122976019676155
14,667,908,152,0.03166623041033745,4.869440459110473
14,668,908,152,0.031136833131313324,4.72658331625333
14,669,908,152,0.03348582610487938,4.583726173396188
14,670,908,152,0.03229038789868355,4.440869030539044
14,671,908,152,0.032301418483257294,4.298011887681902
14,672,908,152,0.03217891603708267,4.155154744824759
14,673,908,152,0.0317249596118927,4.0122976019676155
14,674,908,152,0.032325029373168945,3.869440459110473
14,675,908,152,0.0333758182823658,3.7265833162533304
14,676,908,152,0.03269128501415253,3.5837261733961876
14,677,908,152,0.034017596393823624,3.4408690305390444
14,678,908,152,0.0338887982070446,3.2980118876819016
14,679,908,152,0.032812267541885376,3.1551547448247588
14,680,908,152,0.03424999117851257,3.012297601967616
14,681,908,152,0.03302823007106781,2.869440459110473
14,682,908,152,0.03337715193629265,2.869440459110473
14,683,908,152,0.034022171050310135,2.869440459110473
14,684,908,152,0.03286636248230934,2.869440459110473
14,685,908,152,0.032795075327157974,2.869440459110473
14,686,908,152,0.032768066972494125,2.869440459110473
14,687,908,152,0.032964952290058136,2.869440459110473
14,688,908,152,0.033546868711709976,2.869440459110473
14,689,908,152,0.032928306609392166,2.869440459110473
14,690,908,152,0.032916974276304245,2.869440459110473
14,691,908,152,0.03390831872820854,2.869440459110473
14,692,908,152,0.03489052131772041,2.869440459110473
14,693,908,152,0.03400599583983421,2.869440459110473
14,694,908,152,0.03376355767250061,2.869440459110473
14,695,908,152,0.0341583713889122,2.869440459110473
14,696,908,152,0.03436167910695076,2.869440459110473
14,697,908,152,0.03375326469540596,2.869440459110473
14,698,908,152,0.03418376296758652,2.869440459110473
14,699,908,152,0.03563286364078522,2.869440459110473
14,700,908,152,0.03500666096806526,2.869440459110473
14,701,908,152,0.036342423409223557,2.869440459110473
14,702,908,152,0.0350404791533947,2.869440459110473
14,703,908,152,0.0359889380633831,2.869440459110473
14,704,908,152,0.03750355541706085,2.869440459110473
14,705,908,152,0.03788633644580841,2.869440459110473
14,706,908,152,0.038330238312482834,2.869440459110473
14,707,908,146,0.037279319018125534,8.583726173396187
14,708,908,146,0.036113619804382324,8.298011887681902
14,709,908,146,0.03600306063890457,8.012297601967616
14,710,908,146,0.035349197685718536,7.72658331625333
14,711,908,146,0.03541339561343193,7.440869030539044
14,712,908,146,0.03515499457716942,7.155154744824759
14,713,908,146,0.03621188551187515,6.869440459110473
14,714,908,146,0.03613283112645149,6.583726173396188
14,715,908,146,0.03586370497941971,6.298011887681902
14,716,908,146,0.034673627465963364,6.0122976019676155
14,717,908,146,0.03544967994093895,5.72658331625333
14,718,908,141,0.03721756488084793,10.202773792443807
14,719,908,141,0.036378730088472366,9.678964268634283
14,720,908,141,0.03460719808936119,9.15515474482476
14,721,908,141,0.034456294029951096,8.631345221015234
14,722,908,141,0.03657227382063866,8.10753569720571
14,723,908,141,0.03599417209625244,7.583726173396188
14,724,908,141,0.036006759852170944,7.059916649586664
14,725,908,141,0.03519050031900406,6.53610712577714
14,726,908,141,0.035020966082811356,6.0122976019676155
14,727,908,141,0.036757685244083405,5.488488078158092
14,728,908,141,0.03644189238548279,5.250392840062854
14,729,908,141,0.03579333424568176,5.0122976019676155
14,730,908,141,0.03739384561777115,4.774202363872378
14,731,908,141,0.03797272592782974,4.53610712577714
14,732,908,141,0.03646159917116165,4.298011887681902
14,733,908,141,0.0372990220785141,4.059916649586664
14,734,908,146,0.03429695963859558,2.962355673976907
14,735,908,146,0.034039661288261414,2.5251076040172156
14,736,908,146,0.03416270390152931,2.1035731365716996
14,737,908,146,0.033376194536685944,1.7093666734986668
14,738,908,146,0.03363438695669174,1.342488214798114
14,739,908,146,0.03389064967632294,1.2410329985652797
14,740,908,146,0.03310822322964668,1.1669057867049257
14,741,908,146,0.03378027677536011,1.1201065792170517
14,742,908,146,0.034257277846336365,1.100635376101658
14,743,908,146,0.03450270742177963,1.108492177358747
14,744,908,152,0.03372884914278984,5.225797636127622
14,745,908,152,0.03431066498160362,4.729316116690579
14,746,908,152,0.03465268760919571,4.260162601626015
14,747,908,152,0.03424770385026932,3.8183370909339347
14,748,908,152,0.033178575336933136,3.4038395846143343
14,749,908,152,0.03304635360836983,3.0166700826672144
14,750,908,152,0.0324702262878418,2.6568285850925744
14,751,908,152,0.03376932069659233,2.3243150918904147
14,752,908,152,0.034925639629364014,2.0191296030607355
14,753,908,152,0.032647181302309036,1.7412721186035387
14,754,908,152,0.03356838971376419,1.4907426385188225
14,755,908,152,0.03332061693072319,1.5056364009018244
14,756,908,152,0.032477278262376785,1.5478581676573067
14,757,908,152,0.03296902775764465,1.617407938785269
14,758,908,152,0.03257589414715767,1.7142857142857142
14,759,908,152,0.03323740512132645,1.8384914941586399
14,760,908,152,0.032508499920368195,1.9900252784040455
14,761,908,152,0.032322753220796585,2.1688870670219313
14,762,908,152,0.03163952752947807,2.3750768600122973
14,763,908,152,0.032535698264837265,2.6085946573751437
14,764,908,152,0.03220582753419876,2.869440459110473
14,765,908,152,0.031778037548065186,2.869440459110473
14,766,908,152,0.03213486447930336,2.869440459110473
14,767,908,152,0.03217673301696777,2.869440459110473
14,768,908,152,0.03187776356935501,2.869440459110473
14,769,908,152,0.03239627555012703,2.869440459110473
14,770,908,152,0.03196430951356888,2.869440459110473
14,771,908,152,0.03174635395407677,2.869440459110473
14,772,908,152,0.032608598470687866,2.869440459110473
14,773,908,152,0.03153038024902344,2.869440459110473
14,774,908,152,0.03168770670890808,2.869440459110473
14,775,908,152,0.03157231956720352,2.869440459110473
14,776,908,152,0.031101321801543236,2.869440459110473
14,777,908,152,0.03109132871031761,2.869440459110473
14,778,908,152,0.032217610627412796,2.869440459110473
14,779,908,152,0.031446557492017746,2.869440459110473
14,780,908,152,0.032172996550798416,2.869440459110473
14,781,908,152,0.03218337520956993,2.869440459110473
14,782,908,152,0.03182053193449974,2.869440459110473
14,783,908,152,0.033041324466466904,2.869440459110473
14,784,908,152,0.03287571296095848,2.869440459110473
14,785,908,152,0.03301488235592842,2.869440459110473
14,786,908,152,0.03431567922234535,2.869440459110473
14,787,908,152,0.03426812216639519,2.869440459110473
14,788,908,152,0.033205728977918625,2.869440459110473
14,789,908,152,0.03469092771410942,2.869440459110473
14,790,908,152,0.033837538212537766,2.869440459110473
14,791,908,152,0.03313811123371124,2.869440459110473
14,792,908,152,0.03384637087583542,2.869440459110473
14,793,908,152,0.033313728868961334,2.869440459110473
14,794,908,152,0.03216860815882683,2.869440459110473
14,795,908,152,0.03214218467473984,2.869440459110473
14,796,908,152,0.031534574925899506,2.869440459110473
14,797,908,152,0.031361669301986694,2.869440459110473
14,798,908,152,0.031607866287231445,2.869440459110473
14,799,908,162,0.0328783243894577,6.6543690646990505
14,800,908,162,0.03278458118438721,6.205506592881055
14,801,908,162,0.033271949738264084,5.783972125435539
14,802,908,162,0.03336908295750618,5.389765662362506
14,803,908,162,0.03230645880103111,5.022887203661954
14,804,908,162,0.03267870470881462,4.683336749333881
14,805,908,162,0.0324309840798378,4.371114299378289
14,806,908,162,0.0321299284696579,4.086219853795177
14,807,908,162,0.03167310357093811,3.828653412584545
14,808,908,162,0.03264441713690758,3.598414975746396
14,809,908,162,0.031652893871068954,3.3955045432807274
14,810,908,162,0.03351208195090294,3.2199221151875386
14,811,908,162,0.03321026638150215,3.0716676914668306
14,812,908,162,0.03268502280116081,2.950741272118602
14,813,908,162,0.033318161964416504,2.857142857142857
14,814,908,164,0.03431171178817749,2.4074605451936875
14,815,908,164,0.03525979816913605,2.1101318576210972
14,816,908,164,0.034404102712869644,1.8674591787934673
14,817,908,164,0.03394126519560814,1.6794425087108007
14,818,908,164,0.03587199002504349,1.5460818473730942
14,819,908,164,0.034257788211107254,1.4673771947803511
14,820,908,164,0.0344080813229084,1.5361071257771397
14,821,908,164,0.03465915843844414,1.631345221015235
14,822,908,164,0.03424912318587303,1.7265833162533302
14,823,908,164,0.03432942554354668,1.8218214114914255
14,824,908,164,0.034529272466897964,1.9170595067295206
14,825,908,164,0.03423851355910301,2.012297601967616
14,826,908,164,0.03545919433236122,2.1075356972057113
14,827,908,164,0.03277810290455818,2.2027737924438062
14,828,908,164,0.032347168773412704,2.2980118876819016
14,829,908,164,0.03312305361032486,2.393249982919997
14,830,908,164,0.03289103880524635,2.4884880781580923
14,831,908,171,0.032196659594774246,4.082940493270479
14,832,908,171,0.03312613442540169,3.681697069071531
14,833,908,171,0.03260788694024086,3.307781649245063
14,834,908,171,0.03190971910953522,2.9611942337910775
14,835,908,171,0.03243790194392204,2.737172917947668
14,836,908,171,0.03328283503651619,2.540479606476738
14,837,908,171,0.03383764997124672,2.3711142993782888
14,838,908,171,0.033978160470724106,2.2290769966523194
14,839,908,171,0.034230444580316544,2.1143676982988304
14,840,908,171,0.03469400107860565,2.0269864043178245
14,841,908,171,0.03439289703965187,1.9669331147092985
14,842,908,171,0.03547661006450653,1.934207829473253
14,843,908,175,0.0353180356323719,3.606750017080003
14,844,908,177,0.03597920760512352,4.9877023980323845
14,845,908,177,0.03632540628314018,4.395982783357245
14,846,908,177,0.035810988396406174,3.8315911730545866
14,847,908,177,0.03547151759266853,3.294527567124411
14,848,908,177,0.03561699390411377,2.7847919655667153
14,849,908,177,0.034912992268800735,2.3023843683815
14,850,908,177,0.03589581325650215,1.8481246156999387
14,851,908,177,0.03502539172768593,1.447701031632164
14,852,908,177,0.03513488173484802,1.4079387852702054
14,853,908,177,0.03443538397550583,1.3955045432807271
14,854,908,177,0.034982141107320786,1.4103983056637293
14,855,908,177,0.035141441971063614,1.4526200724192113
14,856,908,177,0.035937126725912094,1.5221698435471738
14,857,908,177,0.03522496297955513,1.619047619047619
14,858,908,177,0.03476012125611305,1.7432533989205445
14,859,908,177,0.03447426110506058,1.8947871831659502
14,860,908,177,0.034566935151815414,2.073648971783836
14,861,908,177,0.03401457145810127,2.2798387647742024
14,862,908,177,0.035120751708745956,2.513356562137049
14,863,908,177,0.03595663234591484,2.774202363872378
14,864,908,177,0.03627616912126541,2.869440459110473
14,865,908,177,0.03678733482956886,2.869440459110473
14,866,908,177,0.03504863381385803,2.869440459110473
14,867,908,185,0.03546759486198425,4.749607159937146
14,868,908,185,0.032697923481464386,4.395982783357245
14,869,908,185,0.03257700800895691,4.069686411149824
14,870,908,185,0.034900180995464325,3.7707180433148872
14,871,908,185,0.03802230581641197,3.4990776798524297
14,872,908,185,0.03895537555217743,3.2547653207624525
14,873,908,185,0.03979668766260147,3.0377809660449553
14,874,908,185,0.041928041726350784,2.8481246156999385
14,875,908,185,0.04212791100144386,2.685796269727402
14,876,908,186,0.04669623449444771,2.7677802828448455
14,877,908,186,0.048163898289203644,2.544578807132609
14,878,908,186,0.048235829919576645,2.3760333401653333
14,879,908,188,0.04698951914906502,2.949579831932773
14,880,908,188,0.04716924577951431,2.5226480836236918
14,881,908,188,0.04739091545343399,2.1503723440595737
14,882,908,188,0.04554358124732971,1.8327526132404186
14,883,908,190,0.04192350059747696,2.7019881123180984
14,884,908,190,0.046052128076553345,2.1102684976429593
14,885,908,191,0.04524187371134758,2.4162738266038124
14,886,908,191,0.0464508980512619,1.776935164309626
14,887,908,191,0.04632391035556793,1.1789984286397481
14,888,908,191,0.04420119896531105,1.0166700826672144
14,889,908,191,0.04315682500600815,0.8949238231878125
14,890,908,191,0.0429774634540081,0.8153993304638929
14,891,908,191,0.04086555913090706,0.7905308464849338
14,892,908,191,0.041855018585920334,0.8203183712509377
14,893,908,192,0.041473496705293655,0.8046047687367648
14,894,908,192,0.041751425713300705,0.7329370772699344
14,895,908,193,0.042120590806007385,0.8311129329780685
14,896,908,193,0.04224374145269394,0.6422764227642255
14,897,908,193,0.04310765117406845,0.585502493680397
14,898,908,194,0.04150738939642906,0.6687845870055347
14,899,908,194,0.041085511445999146,0.48076791692286797
14,900,908,194,0.04125842824578285,0.4707931953269108
14,901,908,194,0.04146892577409744,0.5701304912208771
14,902,908,194,0.04169134050607681,0.7638860422217649
14,903,908,194,0.04167308285832405,1.012297601967616
14,904,908,194,0.04159317538142204,1.2027737924438064
14,905,908,194,0.04171937704086304,1.393249982919997
14,906,908,194,0.04285328462719917,1.5361071257771397
14,907,908,194,0.04188251122832298,1.6789642686342827
15,35,692,5,0.03173185884952545,2.869440459110473
15,36,692,5,0.030826572328805923,2.869440459110473
15,37,692,5,0.030912084504961967,2.869440459110473
15,38,692,5,0.031190359964966774,2.869440459110473
15,39,692,5,0.031093759462237358,2.869440459110473
15,40,692,5,0.03126901760697365,2.869440459110473
15,41,692,5,0.030641574412584305,2.869440459110473
15,42,692,5,0.030649127438664436,2.869440459110473
15,43,692,5,0.031580302864313126,2.869440459110473
15,44,692,5,0.03235219791531563,2.869440459110473
15,45,692,5,0.03148147836327553,2.869440459110473
15,46,692,15,0.031550079584121704,6.6543690646990505
15,47,692,15,0.031108049675822258,6.205506592881055
15,48,692,15,0.030749991536140442,5.7839721254355405
15,49,692,15,0.030047113075852394,5.389765662362506
15,50,692,15,0.030911317095160484,5.022887203661954
15,51,692,15,0.02961762249469757,4.683336749333881
15,52,692,17,0.02940569631755352,5.701988112318098
15,53,692,17,0.0300303865224123,5.158707385393181
15,54,692,17,0.03000606968998909,4.670082667213227
15,55,692,17,0.03023315966129303,4.236113957778232
15,56,692,17,0.03191157057881355,3.8568012570882013
15,57,692,17,0.030631007626652718,3.532144565143131
15,58,692,17,0.0297380443662405,3.262143881943021
15,59,692,18,0.030091959983110428,3.001298080207693
15,60,692,18,0.02964664436876774,2.6298421807747485
15,61,692,18,0.029457610100507736,2.3403702944592473
15,62,692,18,0.0294011440128088,2.1328824212611885
15,63,692,18,0.029499463737010956,1.9784108765457409
15,64,692,18,0.029263563454151154,1.8512673362027736
15,65,692,18,0.030234796926379204,1.751451800232288
15,66,692,18,0.02960391156375408,1.6789642686342827
15,67,692,18,0.03000508062541485,1.8218214114914255
15,68,692,18,0.029878662899136543,1.9646785543485683
15,69,692,18,0.02839409001171589,2.1075356972057113
15,70,692,18,0.030048558488488197,2.250392840062854
15,71,692,18,0.03001255728304386,2.393249982919997
15,72,692,18,0.029431993141770363,2.5361071257771397
15,73,692,18,0.02908289059996605,2.5837261733961876
15,74,692,23,0.02848191373050213,2.130559540889527
15,75,692,23,0.0286269374191761,1.8721732595477214
15,76,692,23,0.0290959682315588,1.6411149825783975
15,77,692,23,0.029366128146648407,1.4530983124957293
15,78,692,23,0.029603086411952972,1.3197376511580243
15,79,692,23,0.029340587556362152,1.2410329985652797
15,80,692,23,0.029475271701812744,1.1669057867049257
15,81,692,23,0.02946513332426548,1.1201065792170517
15,82,692,23,0.03020692802965641,1.1006353761016594
15,83,692,23,0.0294845849275589,1.108492177358747
15,84,692,26,0.031133128330111504,2.368654778984765
15,85,692,26,0.031041009351611137,2.0299241647878663
15,86,692,26,0.03137416020035744,1.7458495593359291
15,87,692,29,0.030621057376265526,4.082940493270479
15,88,692,29,0.031711313873529434,3.5864589738334356
15,89,692,29,0.031451184302568436,3.1173054587688735
15,90,692,29,0.03193647041916847,2.675479948076792
15,91,692,29,0.032019536942243576,2.2609824417571915
15,92,692,29,0.033102404326200485,1.8738129398100714
15,93,692,29,0.03304662927985191,1.5139714422354316
15,94,692,29,0.031885553151369095,1.181457949033272
15,95,692,32,0.03149067237973213,2.987702398032384
15,96,692,32,0.03146831691265106,2.5864589738334356
15,97,692,32,0.031817253679037094,2.212543554006969
15,98,692,32,0.032489169389009476,1.8808499009359843
15,99,692,32,0.03236524760723114,1.6038122566099613
15,100,692,32,0.03177688270807266,1.3814306210289002
15,101,692,32,0.03180965781211853,1.2137049941927995
15,102,692,32,0.03285147249698639,1.1006353761016607
15,103,692,32,0.033608078956604004,1.0422217667554836
15,104,692,32,0.03184150159358978,1.0384641661542668
15,105,692,32,0.03159897029399872,1.2322197171551548
15,106,692,32,0.03182768076658249,1.4657375145180023
15,107,692,32,0.03179692476987839,1.7265833162533302
15,108,692,32,0.031413156539201736,1.8694404591104732
15,109,692,32,0.03245477378368378,2.012297601967616
15,110,692,32,0.031207367777824402,2.1551547448247588
15,111,692,32,0.03143716976046562,2.2980118876819016
15,112,692,33,0.031283944845199585,1.6102343376374946
15,113,692,33,0.03227141499519348,1.73280043724807
15,114,692,33,0.031043317168951035,1.8826945412311258
15,115,692,33,0.03190097585320473,2.059916649586663
15,116,692,33,0.03160737082362175,2.1075356972057104
15,117,692,33,0.0315234437584877,2.1551547448247583
15,118,692,33,0.030104054138064384,2.202773792443806
15,119,692,33,0.030950965359807014,2.2503928400628532
15,120,692,33,0.030830828472971916,2.298011887681901
15,121,692,33,0.030598198994994164,2.3456309353009486
15,122,692,33,0.03036479651927948,2.393249982919996
15,123,692,35,0.029932931065559387,1.1050761768121888
15,124,692,35,0.03030187077820301,1.0847851335656213
15,125,692,35,0.030581604689359665,1.0918220946915342
15,126,692,35,0.030603155493736267,1.1261870601899286
15,127,692,35,0.030109789222478867,1.1878800300608046
15,128,692,35,0.03049934282898903,1.2769010043041606
15,129,692,35,0.03017488494515419,1.393249982919997
15,130,692,35,0.03186272457242012,1.5361071257771397
15,131,692,35,0.031915292143821716,1.6789642686342827
15,132,692,38,0.03214685618877411,1.1644462663114026
15,133,692,38,0.031518470495939255,0.9536790325886447
15,134,692,38,0.03153317794203758,0.785133565621369
15,135,692,38,0.03231712058186531,0.671244107399055
15,136,692,38,0.03191117197275162,0.6120106579217042
15,137,692,38,0.03144180774688721,0.6074332171893138
15,138,692,38,0.031246470287442207,0.6575117852018851
15,139,692,38,0.03159163147211075,0.762246361959417
15,140,692,38,0.030647430568933487,0.9216369474619105
15,141,692,38,0.031187361106276512,1.11996993919519
15,142,692,38,0.03101266548037529,1.34563093530095
15,143,692,38,0.030042169615626335,1.583726173396188
15,144,692,38,0.03095785714685917,1.7265833162533308
15,145,692,38,0.03067811019718647,1.8694404591104739
15,146,692,38,0.02980908378958702,2.0122976019676164
15,147,692,38,0.030200865119695663,2.1551547448247597
15,148,692,40,0.030834238976240158,0.9738334358133512
15,149,692,40,0.03054668940603733,1.0371660859465746
15,150,692,40,0.030028393492102623,1.1394411423105826
15,151,692,40,0.030108779668807983,1.269044203047072
15,152,692,40,0.03041495755314827,1.4259752681560431
15,153,692,40,0.029863951727747917,1.4673771947803518
15,154,692,40,0.030431432649493217,1.5361071257771404
15,155,692,40,0.03134104236960411,1.6313452210152357
15,156,692,40,0.029588546603918076,1.7265833162533308
15,157,692,42,0.030979659408330917,0.7527498804399817
15,158,692,42,0.030732043087482452,0.6724055475848885
15,159,692,42,0.03147345408797264,0.6467172234747556
15,160,692,42,0.03124055825173855,0.6756849081095846
15,161,692,42,0.030717911198735237,0.7593086014893766
15,162,692,42,0.03027486242353916,0.8959486233517803
15,163,692,42,0.03099534474313259,1.0599166495866643
15,164,692,42,0.03043067269027233,1.2503928400628548
15,165,692,42,0.030316712334752083,1.4408690305390452
15,166,692,42,0.03037366271018982,1.6313452210152357
15,167,692,46,0.030174147337675095,1.9877023980323834
15,168,692,46,0.03000289388000965,1.6340780214524826
15,169,692,46,0.030832484364509583,1.4030197444831574
15,170,692,46,0.029330536723136902,1.1992894718863136
15,171,692,46,0.030353475362062454,1.0245268839243
15,172,692,46,0.03091409243643284,0.9044203047072484
15,173,692,46,0.030835485085844994,0.8389697342351571
15,174,692,46,0.03054710105061531,0.8281751725080262
15,175,692,46,0.03164847940206528,0.8720366195258571
15,176,692,48,0.031667280942201614,1.3102411696385872
15,177,692,48,0.03097996674478054,1.0394206463073035
15,178,692,48,0.030368704348802567,0.9184942269590753
15,179,692,48,0.030085958540439606,0.852223816355809
15,180,692,48,0.029766177758574486,0.8406094144975058
15,181,692,48,0.029577219858765602,0.883651021384163
15,182,692,48,0.03129389137029648,0.981348637015782
15,183,692,48,0.03079100325703621,1.1328824212611877
15,184,692,48,0.02996838465332985,1.3117442098790737
15,185,692,48,0.02947450615465641,1.5179340028694397
15,186,692,48,0.03012930601835251,1.7514518002322874
15,187,692,51,0.029874112457036972,0.9888638382182141
15,188,692,51,0.029825467616319656,0.8203183712509384
15,189,692,51,0.029933730140328407,0.7064289130286244
15,190,692,56,0.030481616035103798,4.892464302794288
15,191,692,56,0.031006935983896255,4.443601830976292
15,192,692,56,0.030203940346837044,4.022067363530776
15,193,692,56,0.028637485578656197,3.6278609004577422
15,194,692,56,0.032114576548337936,3.2609824417571893
15,195,692,56,0.03438916802406311,2.9214319874291172
15,196,692,56,0.03835742548108101,2.6092095374735247
15,197,692,56,0.03825411573052406,2.419553187128508
15,198,692,56,0.039965447038412094,2.2572248411559728
15,199,692,56,0.04241786152124405,2.122224499555919
15,200,692,58,0.038299694657325745,2.5835212133633947
15,201,692,58,0.03886358439922333,2.244790599166496
15,202,692,58,0.040890999138355255,1.9607159937145575
15,203,692,58,0.038754794746637344,1.7312973970075822
15,204,692,60,0.038818370550870895,2.4179135068661606
15,205,692,60,0.039328452199697495,1.9027806244448997
15,206,692,60,0.03872983157634735,1.4423037507685992
15,207,692,60,0.03975273668766022,1.037302725968434
15,208,692,60,0.03992991894483566,0.8571428571428551
15,209,692,60,0.03919365257024765,0.7589670014347195
15,210,692,61,0.03799273073673248,0.6219853795176614
15,211,692,61,0.03916323930025101,0.5221698435471744
15,212,692,61,0.03785088658332825,0.5043383206941294
15,213,692,61,0.039473943412303925,0.568490810958529
15,214,692,61,0.03813673555850983,0.7005533920885424
15,215,692,61,0.03927568718791008,0.8723782195805155
15,216,692,61,0.03607663884758949,1.0715310514449687
15,217,692,61,0.03709230571985245,1.2980118876819025
15,218,692,61,0.03844181448221207,1.5361071257771404
15,219,692,61,0.03821956366300583,1.7742023638723785
15,220,692,61,0.037869732826948166,2.0122976019676164
15,221,692,63,0.037614982575178146,0.8193618910979038
15,222,692,63,0.03716454282402992,0.8943089430894317
15,223,692,63,0.035873446613550186,0.9965839994534397
15,224,692,63,0.038898810744285583,1.1261870601899293
15,225,692,64,0.03781643882393837,0.7614265218282446
15,226,692,64,0.03996242582798004,0.734918357586938
15,227,692,64,0.039382368326187134,0.763066202090592
15,228,692,64,0.038098033517599106,0.8458700553392076
15,229,692,64,0.037097830325365067,0.969255995080958
15,230,692,66,0.03467178717255592,0.9263510282161646
15,231,692,66,0.034559544175863266,0.7155837944934066
15,232,692,66,0.03477538377046585,0.5478581676573059
15,233,692,66,0.03520113602280617,0.4621165539386472
15,234,692,66,0.035850293934345245,0.4583589533374318
15,235,692,67,0.03649015724658966,0.6162464985994389
15,236,692,67,0.03533579036593437,0.4704515952722544
15,237,692,67,0.035702817142009735,0.4339687094349933
15,238,692,67,0.036015868186950684,0.5067978410876545
15,239,692,68,0.036907367408275604,0.4845255175240813
15,240,692,68,0.036501575261354446,0.3747352599576412
15,241,692,70,0.03659769520163536,1.606750017080003
15,242,692,70,0.035843126475811005,1.30074468811915
15,243,692,70,0.03573109954595566,1.0220673635307784
15,244,692,70,0.0353764183819294,0.7723577235772358
15,245,692,70,0.03430504724383354,0.5773040923686535
15,246,692,70,0.03497159853577614,0.500239120038259
15,247,692,70,0.03613439202308655,0.5324861651977854
15,248,692,70,0.035810478031635284,0.6732253877160614
15,249,692,70,0.0360051691532135,0.8943089430894309
15,250,692,70,0.03586246073246002,1.1551547448247588
15,251,692,70,0.03745398670434952,1.3456309353009492
15,252,692,70,0.035914428532123566,1.5361071257771397
15,253,692,70,0.03708948194980621,1.7265833162533302
15,254,692,70,0.035584643483161926,1.9170595067295206
15,255,692,70,0.036762021481990814,2.1075356972057113
15,256,692,70,0.03536589443683624,2.250392840062854
15,257,692,70,0.03588484227657318,2.393249982919997
15,258,692,70,0.03490602225065231,2.5361071257771397
15,259,692,70,0.03454669192433357,2.6789642686342825
15,260,692,70,0.035333797335624695,2.774202363872378
15,261,692,70,0.035208988934755325,2.869440459110473
15,262,692,70,0.03647947311401367,2.869440459110473
15,263,692,70,0.03698910400271416,2.869440459110473
15,264,692,70,0.0361529216170311,2.869440459110473
15,265,692,70,0.03497700020670891,2.869440459110473
15,266,692,70,0.03454047814011574,2.869440459110473
15,267,692,70,0.03405780345201492,2.869440459110473
15,268,692,70,0.03413667529821396,2.869440459110473
15,269,692,70,0.034877508878707886,2.869440459110473
15,270,692,70,0.034485768526792526,2.869440459110473
15,271,692,70,0.03558744490146637,2.869440459110473
15,272,692,70,0.03711801767349243,2.869440459110473
15,273,692,70,0.0379520058631897,2.869440459110473
15,274,692,70,0.037727054208517075,2.869440459110473
15,275,692,70,0.03689330443739891,2.869440459110473
15,276,692,70,0.03582838922739029,2.869440459110473
15,277,692,70,0.037009477615356445,2.869440459110473
15,278,692,70,0.03621336445212364,2.869440459110473
15,279,692,70,0.03540394827723503,2.869440459110473
15,280,692,70,0.03512745350599289,2.869440459110473
15,281,692,70,0.03473207727074623,2.869440459110473
15,282,692,70,0.03445316478610039,2.869440459110473
15,283,692,70,0.03468577191233635,2.869440459110473
15,284,692,70,0.03415555879473686,2.869440459110473
15,285,692,70,0.03466111421585083,2.869440459110473
15,286,692,70,0.03608972206711769,2.869440459110473
15,287,692,70,0.03476988896727562,2.869440459110473
15,288,692,70,0.03507198020815849,2.869440459110473
15,289,692,70,0.03495461866259575,2.869440459110473
15,290,692,70,0.034022100269794464,2.869440459110473
15,291,692,70,0.0341799221932888,2.869440459110473
15,292,692,70,0.03707674890756607,2.869440459110473
15,293,692,70,0.037431564182043076,2.869440459110473
15,294,692,70,0.03611856698989868,2.869440459110473
15,295,692,70,0.03561563789844513,2.869440459110473
15,296,692,70,0.0368938222527504,2.869440459110473
15,297,692,70,0.03637683391571045,2.869440459110473
15,298,692,70,0.037121910601854324,2.869440459110473
15,299,692,70,0.03693235665559769,2.869440459110473
15,300,692,70,0.036609847098588943,2.869440459110473
15,301,692,70,0.03622099384665489,2.869440459110473
15,302,692,70,0.03569789603352547,2.869440459110473
15,303,692,70,0.03599540516734123,2.869440459110473
15,304,692,70,0.0352935716509819,2.869440459110473
15,305,692,70,0.03629499301314354,2.869440459110473
15,306,692,70,0.035951174795627594,2.869440459110473
15,307,692,70,0.03608413413167,2.869440459110473
15,308,692,70,0.03694285824894905,2.869440459110473
15,309,692,70,0.035844553261995316,2.869440459110473
15,310,692,70,0.03630581498146057,2.869440459110473
15,311,692,70,0.0359504297375679,2.869440459110473
15,312,692,70,0.03674235939979553,2.869440459110473
15,313,692,70,0.03601856157183647,2.869440459110473
15,314,692,68,0.0367995947599411,4.774202363872378
15,315,692,68,0.03638574481010437,4.678964268634283
15,316,692,68,0.03755810484290123,4.5837261733961885
15,317,692,68,0.0366298109292984,4.488488078158093
15,318,692,68,0.037594642490148544,4.393249982919998
15,319,692,93,0.03773021325469017,19.511511921841908
15,320,692,93,0.03862940892577171,18.443601830976295
15,321,692,93,0.03843093290925026,17.40301974448316
15,322,692,93,0.03813006356358528,16.38976566236251
15,323,692,93,0.038027599453926086,15.403839584614335
15,324,692,93,0.03822796046733856,14.445241511238644
15,325,692,93,0.03833584114909172,13.513971442235428
15,326,692,93,0.0389900840818882,12.610029377604699
15,327,692,93,0.03971334546804428,11.73341531734645
15,328,692,93,0.04155997931957245,10.88412926146068
15,329,692,93,0.03998696431517601,10.062171209947392
15,330,692,93,0.039278771728277206,9.267541162806586
15,331,692,97,0.038664136081933975,10.178178588508576
15,332,692,97,0.03842100873589516,8.91979230716677
15,333,692,97,0.037573542445898056,7.6903737104597925
15,334,692,97,0.03610686957836151,6.515611122497781
15,335,692,97,0.03611818701028824,5.30026644804263
15,336,692,97,0.03650519251823425,4.139577782332444
15,337,692,97,0.03647245839238167,3.0335451253672194
15,338,692,97,0.03543158993124962,1.9821684771469563
15,339,692,97,0.03514944389462471,0.9854478376716538
15,340,692,97,0.03477509692311287,1.040923686547789
15,341,692,97,0.03432896360754967,1.1237275397964062
15,342,692,97,0.03483323007822037,1.2338593974175034
15,343,692,97,0.0347636416554451,1.3713192594110808
15,344,692,97,0.03463347256183624,1.5361071257771397
15,345,692,97,0.03476903960108757,1.7265833162533302
15,346,692,97,0.03584194928407669,1.9170595067295206
15,347,692,97,0.03482384234666824,2.1075356972057113
15,348,692,97,0.0355621874332428,2.2980118876819016
15,349,692,97,0.03688957542181015,2.4884880781580923
15,350,692,97,0.03601193055510521,2.6789642686342825
15,351,692,97,0.036546677350997925,2.869440459110473
15,352,692,97,0.0359870009124279,2.869440459110473
15,353,692,123,0.035285014659166336,21.892464302794288
15,354,692,123,0.035408880561590195,20.681697069071532
15,355,692,123,0.03528444468975067,19.498257839721255
15,356,692,123,0.03458843752741814,18.342146614743463
15,357,692,123,0.03458814322948456,17.213363394138145
15,358,692,123,0.03407922759652138,16.11190817790531
15,359,692,123,0.034366048872470856,15.037780966044952
15,360,692,123,0.03357888385653496,13.990981758557078
15,361,692,123,0.03430252894759178,12.971510555441688
15,362,692,123,0.033994946628808975,11.979367356698775
15,363,692,123,0.033631302416324615,11.014552162328345
15,364,692,123,0.03367028385400772,10.077064972330394
15,365,692,123,0.03478638827800751,9.166905786704925
15,366,692,123,0.034492235630750656,8.284074605451938
15,367,692,123,0.03502712771296501,7.428571428571427
15,368,692,123,0.03556010127067566,6.600396256063401
15,369,692,123,0.03545061871409416,5.799549087927853
15,370,692,123,0.03619193285703659,5.026029924164787
15,371,692,123,0.035762909799814224,4.279838764774202
15,372,692,123,0.034623123705387115,3.5609756097560976
15,373,692,123,0.035072460770606995,2.869440459110473
15,374,692,123,0.0353473424911499,2.869440459110473
15,375,692,123,0.03469857573509216,2.869440459110473
15,376,692,123,0.03490881249308586,2.869440459110473
15,377,692,123,0.035791657865047455,2.869440459110473
15,378,692,123,0.035587698221206665,2.869440459110473
15,379,692,123,0.03499284386634827,2.869440459110473
15,380,692,123,0.03484461084008217,2.869440459110473
15,381,692,123,0.035246409475803375,2.869440459110473
15,382,692,123,0.03459026291966438,2.869440459110473
15,383,692,123,0.033866822719573975,2.869440459110473
15,384,692,123,0.03500886633992195,2.869440459110473
15,385,692,123,0.03407033160328865,2.869440459110473
15,386,692,123,0.03492885082960129,2.869440459110473
15,387,692,123,0.03361407667398453,2.869440459110473
15,388,692,122,0.034886494278907776,3.8218214114914253
15,389,692,122,0.03414970636367798,3.774202363872378
15,390,692,122,0.03395811840891838,3.7265833162533304
15,391,692,122,0.03367169201374054,3.6789642686342825
15,392,692,122,0.034433722496032715,3.631345221015235
15,393,692,122,0.034626156091690063,3.5837261733961876
15,394,692,122,0.0349695049226284,3.5361071257771397
15,395,692,122,0.03420620411634445,3.4884880781580923
15,396,692,122,0.03346570208668709,3.4408690305390444
15,397,692,122,0.033079810440540314,3.393249982919997
15,398,692,122,0.034160565584897995,3.3456309353009495
15,399,692,122,0.03451136127114296,3.2980118876819016
15,400,692,122,0.034885261207818985,3.250392840062854
15,401,692,122,0.035477738827466965,3.2027737924438062
15,402,692,122,0.03438933566212654,3.1551547448247588
15,403,692,122,0.035337742418050766,3.1075356972057113
15,404,692,122,0.03571994975209236,3.0599166495866634
15,405,692,122,0.037063900381326675,3.012297601967616
15,406,692,122,0.037645287811756134,2.9646785543485685
15,407,692,122,0.037457533180713654,2.9170595067295206
15,408,692,122,0.03713831678032875,2.869440459110473
15,409,692,122,0.03656970337033272,2.869440459110473
15,410,692,122,0.037776000797748566,2.869440459110473
15,411,692,122,0.03721034154295921,2.869440459110473
15,412,692,122,0.03755367547273636,2.869440459110473
15,413,692,122,0.037462424486875534,2.869440459110473
15,414,692,122,0.040094781666994095,2.869440459110473
15,415,692,122,0.040793679654598236,2.869440459110473
15,416,692,122,0.04145371913909912,2.869440459110473
15,417,692,122,0.0384087860584259,2.869440459110473
15,418,692,122,0.03996146842837334,2.869440459110473
15,419,692,122,0.04224715009331703,2.869440459110473
15,420,692,122,0.04422455653548241,2.869440459110473
15,421,692,122,0.041509151458740234,2.869440459110473
15,422,692,122,0.043124452233314514,2.869440459110473
15,423,692,122,0.04244103282690048,2.869440459110473
15,424,692,125,0.04388182982802391,1.3664002186240347
15,425,692,125,0.043497681617736816,1.250871080139372
15,426,692,125,0.04143195226788521,1.162669946027191
15,427,692,125,0.03898011893033981,1.10179681628749
15,428,692,125,0.0381992943584919,1.0682516909202693
15,429,692,125,0.0407843180000782,1.0620345699255302
15,430,692,127,0.038815468549728394,1.1644462663114032
15,431,692,127,0.035758648067712784,0.9544988727198204
15,432,692,127,0.03189448267221451,0.7992074878731993
15,433,692,129,0.030894126743078232,2.225797636127622
15,434,692,129,0.031446922570466995,1.919792307166769
15,435,692,129,0.03352351114153862,1.6411149825783962
15,436,692,129,0.03981383889913559,1.389765662362506
15,437,692,132,0.035871054977178574,3.7496071599371468
15,438,692,132,0.03677796199917793,3.3007446881191504
15,439,692,133,0.03815470635890961,3.7496071599371454
15,440,692,133,0.039412811398506165,3.2531256405001017
15,441,692,133,0.039428651332855225,2.7980460476873668
15,442,692,134,0.03886417672038078,3.130559540889527
15,443,692,134,0.03708932548761368,2.600532896085264
15,444,692,134,0.036744438111782074,2.125982100157135
15,445,692,136,0.03569604456424713,3.4638928742228603
15,446,692,136,0.033527422696352005,2.9674113547858165
15,447,692,136,0.035091787576675415,2.498257839721253
15,448,692,136,0.03284110128879547,2.056432329029173
15,449,692,136,0.03283143788576126,1.6427546628407461
15,450,692,136,0.031851403415203094,1.2986267677802819
15,451,692,136,0.03130985051393509,1.1333606613377063
15,452,692,136,0.032855723053216934,1.0765867322538778
15,453,692,136,0.03280995413661003,1.0852633736421406
15,454,692,136,0.031987860798835754,1.216506114640979
15,455,692,136,0.032966531813144684,1.3750768600122976
15,456,692,136,0.03253249078989029,1.5609756097560963
15,457,692,136,0.03252874314785004,1.7742023638723778
15,458,692,136,0.032287903130054474,1.9646785543485683
15,459,692,136,0.03171461075544357,2.1551547448247588
15,460,692,136,0.03251922130584717,2.2980118876819016
15,461,692,136,0.03245468810200691,2.4408690305390444
15,462,692,136,0.0318443737924099,2.5837261733961876
15,463,692,136,0.03139664605259895,2.6789642686342825
15,464,692,136,0.030714252963662148,2.774202363872378
15,465,692,136,0.03127523884177208,2.869440459110473
15,466,692,136,0.03047231398522854,2.869440459110473
15,467,692,136,0.0316048301756382,2.869440459110473
15,468,692,136,0.03081378899514675,2.869440459110473
15,469,692,136,0.030726736411452293,2.869440459110473
15,470,692,136,0.03110271692276001,2.869440459110473
15,471,692,136,0.03172309696674347,2.869440459110473
15,472,692,136,0.030734051018953323,2.869440459110473
15,473,692,136,0.03111874684691429,2.869440459110473
15,474,692,136,0.03168953210115433,2.869440459110473
15,475,692,138,0.03186880424618721,1.533647605383616
15,476,692,138,0.03027651086449623,1.465737514518001
15,477,692,138,0.030284151434898376,1.4251554280248662
15,478,692,138,0.028929563239216805,1.4119013459042142
15,479,692,138,0.029595106840133667,1.4259752681560425
15,480,692,138,0.030359338968992233,1.4673771947803511
15,481,692,138,0.02940208464860916,1.5361071257771397
15,482,692,138,0.030208872631192207,1.631345221015235
15,483,692,138,0.030613355338573456,1.7265833162533302
15,484,692,138,0.030503151938319206,1.8218214114914255
15,485,692,138,0.03089124709367752,1.9170595067295206
15,486,692,146,0.030238281935453415,5.606750017080003
15,487,692,146,0.030008548870682716,5.157887545262007
15,488,692,146,0.03033529780805111,4.736353077816491
15,489,692,146,0.030690211802721024,4.342146614743458
15,490,692,146,0.030717691406607628,3.975268156042906
15,491,692,146,0.031165923923254013,3.6357177017148334
15,492,692,146,0.03199237957596779,3.3234952517592413
15,493,692,146,0.03206427022814751,3.038600806176129
15,494,692,146,0.031018592417240143,2.7810343649654974
15,495,692,146,0.03262043744325638,2.5507959281273482
15,496,692,146,0.03133807331323624,2.443123590899775
15,497,692,146,0.030600160360336304,2.3627792580446814
15,498,692,146,0.030995674431324005,2.3097629295620683
15,499,692,146,0.030005397275090218,2.2840746054519356
15,500,692,146,0.02933889627456665,2.2857142857142856
15,501,692,146,0.030737003311514854,2.314681970349116
15,502,692,146,0.02942456491291523,2.3709776593564262
15,503,692,146,0.028706742450594902,2.454601352736217
15,504,692,146,0.028002623468637466,2.565553050488488
15,505,692,146,0.02893011085689068,2.703832752613239
15,506,692,146,0.028491482138633728,2.869440459110473
15,507,692,146,0.029187150299549103,2.869440459110473
15,508,692,146,0.029339425265789032,2.869440459110473
15,509,692,146,0.028487442061305046,2.869440459110473
15,510,692,146,0.028284717351198196,2.869440459110473
15,511,692,146,0.029219336807727814,2.869440459110473
15,512,692,152,0.028374655172228813,2.8448452551752412
15,513,692,152,0.0285553690046072,2.5864589738334356
15,514,692,152,0.027167847380042076,2.3554006968641104
15,515,692,152,0.027400078251957893,2.151670424267268
15,516,692,152,0.027506301179528236,1.9752681560429057
15,517,692,155,0.0275518037378788,4.27341668374667
15,518,692,155,0.028333740308880806,3.872173259547721
15,519,692,157,0.02862427569925785,5.3210357313657175
15,520,692,157,0.029607189819216728,4.824554211928674
15,521,692,157,0.02805732749402523,4.355400696864111
15,522,692,157,0.02759675309062004,3.91357518617203
15,523,692,157,0.028309445828199387,3.4990776798524297
15,524,692,157,0.028536411002278328,3.112728018036483
15,525,692,157,0.02967326156795025,2.7810343649654974
15,526,692,157,0.028725599870085716,2.503176880508301
15,527,692,157,0.02849375456571579,2.2526474004235846
15,528,692,157,0.0296510998159647,2.0294459247113483
15,529,692,157,0.027754731476306915,1.8335724533715922
15,530,692,159,0.027688121423125267,1.7412721186035387
15,531,692,159,0.027288131415843964,1.2886520461843274
15,532,692,159,0.027154210954904556,0.9180159868825567
15,533,692,159,0.026708055287599564,0.9134385461501676
15,534,692,159,0.028263775631785393,0.963517114162739
15,535,692,162,0.028786277398467064,2.0829404932704794
15,536,692,162,0.028792504221200943,1.6340780214524833
15,537,692,162,0.028559667989611626,1.228257156521143
15,538,692,162,0.028235577046871185,1.019949443191909
15,539,692,162,0.028080569580197334,0.8662977386076379
15,540,692,162,0.029677055776119232,0.7648425223748037
15,541,692,162,0.028862683102488518,0.7056090728974515
15,542,692,162,0.02760210447013378,0.7010316321650597
15,543,692,162,0.028057590126991272,0.7511102001776283
15,544,692,162,0.028584716841578484,0.8558447769351628
15,545,692,162,0.028805356472730637,1.0152353624376578
15,546,692,162,0.0287594273686409,1.214388194302111
15,547,692,164,0.028681013733148575,0.8787319805971162
15,548,692,164,0.03011399693787098,0.7532281205164963
15,549,692,172,0.0307919979095459,7.416273826603812
15,550,692,172,0.03084060363471508,6.729316116690579
15,551,692,172,0.030475884675979614,6.16492450638792
15,552,692,172,0.028860319405794144,5.627860900457744
15,553,692,172,0.02984747476875782,5.118125298900049
15,554,692,172,0.030240271240472794,4.635717701714833
15,555,692,172,0.031349413096904755,4.180638108902098
15,556,692,172,0.02924317494034767,3.8957436633189864
15,557,692,172,0.029272468760609627,3.6381772221083546
15,558,692,172,0.027954882010817528,3.4079387852702054
15,559,692,172,0.02897568792104721,3.2050283528045367
15,560,692,172,0.02820664830505848,3.0294459247113483
15,561,692,179,0.028126390650868416,7.416273826603812
15,562,692,179,0.027671342715620995,6.634078021452483
15,563,692,179,0.02840760350227356,5.8792102206736345
15,564,692,179,0.02877296693623066,5.151670424267268
15,565,692,179,0.02824929915368557,4.451458632233382
15,566,692,179,0.02855970896780491,3.7785748445719762
15,567,692,179,0.02763187699019909,3.1330190612830506
15,568,692,179,0.02792077697813511,2.6100293776047003
15,569,692,179,0.028725486248731613,2.1143676982988304
15,570,692,179,0.027742456644773483,2.0269864043178245
15,571,692,179,0.02951085940003395,1.9669331147092985
15,572,692,179,0.027504291385412216,1.934207829473253
15,573,692,179,0.028211211785674095,1.9288105486096876
15,574,692,179,0.02788066305220127,1.9507412721186024
15,575,692,179,0.028411930426955223,2.0
15,576,692,179,0.02952345833182335,2.076586732253878
15,577,692,179,0.029109548777341843,2.180501468880236
15,578,692,179,0.031890373677015305,2.311744209879074
15,579,692,179,0.033139538019895554,2.4703149552503927
15,580,692,179,0.030323876067996025,2.6562137049941916
15,581,692,179,0.030603909865021706,2.869440459110473
15,582,692,179,0.029657481238245964,2.869440459110473
15,583,692,179,0.031924717128276825,2.869440459110473
15,584,692,179,0.030163956806063652,2.869440459110473
15,585,692,179,0.02999706007540226,2.869440459110473
15,586,692,179,0.03009432926774025,2.869440459110473
15,587,692,179,0.028637146577239037,2.869440459110473
15,588,692,179,0.029491808265447617,2.869440459110473
15,589,692,182,0.02844817563891411,1.3664002186240347
15,590,692,182,0.029505601152777672,1.250871080139372
15,591,692,182,0.02852385677397251,1.1626699460271896
15,592,692,182,0.029650047421455383,1.10179681628749
15,593,692,182,0.02961583249270916,1.0682516909202708
15,594,692,182,0.02990054525434971,1.0620345699255316
15,595,692,182,0.02885599248111248,1.0831454533032727
15,596,692,182,0.02922743931412697,1.131584341053494
15,597,692,182,0.029036439955234528,1.2073512331761955
15,598,692,182,0.02973756194114685,1.3104461296713799
15,599,692,182,0.02932233363389969,1.4408690305390446
15,600,692,182,0.02912864089012146,1.5837261733961874
15,601,692,182,0.028786566108465195,1.7265833162533302
15,602,692,182,0.030322719365358353,1.8694404591104732
15,603,692,182,0.029896188527345657,2.012297601967616
15,604,692,182,0.02935262955725193,2.1551547448247588
15,605,692,182,0.03053497150540352,2.2980118876819016
15,606,692,182,0.030662119388580322,2.4408690305390444
15,607,692,182,0.03128998354077339,2.5837261733961876
15,608,692,182,0.030949769541621208,2.7265833162533304
15,609,692,182,0.031340353190898895,2.869440459110473
15,610,692,182,0.031462162733078,2.869440459110473
15,611,692,182,0.0310080386698246,2.869440459110473
15,612,692,182,0.031675949692726135,2.869440459110473
15,613,692,182,0.030604880303144455,2.869440459110473
15,614,692,182,0.03124452568590641,2.869440459110473
15,615,692,182,0.030986415222287178,2.869440459110473
15,616,692,182,0.029461359605193138,2.869440459110473
15,617,692,182,0.029688306152820587,2.869440459110473
15,618,692,182,0.030697889626026154,2.869440459110473
15,619,692,182,0.03029458411037922,2.869440459110473
15,620,692,182,0.031320441514253616,2.869440459110473
15,621,692,182,0.031770069152116776,2.869440459110473
15,622,692,182,0.03156283125281334,2.869440459110473
15,623,692,182,0.031231915578246117,2.869440459110473
15,624,692,182,0.03024173714220524,2.869440459110473
15,625,692,182,0.03075154311954975,2.869440459110473
15,626,692,182,0.03015809692442417,2.869440459110473
15,627,692,182,0.02922649122774601,2.869440459110473
15,628,692,182,0.029271891340613365,2.869440459110473
15,629,692,182,0.028224745765328407,2.869440459110473
15,630,692,182,0.029326681047677994,2.869440459110473
15,631,692,182,0.029541486874222755,2.869440459110473
15,632,692,182,0.02855684421956539,2.869440459110473
15,633,692,182,0.028614455834031105,2.869440459110473
15,634,692,182,0.028739361092448235,2.869440459110473
15,635,692,182,0.029370242729783058,2.869440459110473
15,636,692,182,0.028742149472236633,2.869440459110473
15,637,692,182,0.027651498094201088,2.869440459110473
15,638,692,182,0.028887858614325523,2.869440459110473
15,639,692,182,0.028850890696048737,2.869440459110473
15,640,692,182,0.02993002161383629,2.869440459110473
15,641,692,182,0.028936227783560753,2.869440459110473
15,642,692,182,0.028860334306955338,2.869440459110473
15,643,692,182,0.028732791543006897,2.869440459110473
15,644,692,182,0.029311545193195343,2.869440459110473
15,645,692,182,0.029171142727136612,2.869440459110473
15,646,692,182,0.029321547597646713,2.869440459110473
15,647,692,182,0.02944149449467659,2.869440459110473
15,648,692,182,0.029518263414502144,2.869440459110473
15,649,692,182,0.029958371073007584,2.869440459110473
15,650,692,182,0.030216144397854805,2.869440459110473
15,651,692,182,0.029460960999131203,2.869440459110473
15,652,692,182,0.030074559152126312,2.869440459110473
15,653,692,182,0.030482642352581024,2.869440459110473
15,654,692,182,0.030050504952669144,2.869440459110473
15,655,692,182,0.029310286045074463,2.869440459110473
15,656,692,182,0.02997853234410286,2.869440459110473
15,657,692,182,0.03222170099616051,2.869440459110473
15,658,692,182,0.030102618038654327,2.869440459110473
15,659,692,182,0.03219182789325714,2.869440459110473
15,660,692,182,0.028257902711629868,2.869440459110473
15,661,692,182,0.03162384778261185,2.869440459110473
15,662,692,186,0.03960408642888069,1.525449204071874
15,663,692,186,0.037899795919656754,1.3623010179681636
15,664,692,186,0.04185992106795311,1.2264808362369335
15,665,692,186,0.04079339653253555,1.1179886588781864
15,666,692,186,0.048369310796260834,1.0368244858919193
15,667,692,186,0.05228876322507858,0.9829883172781327
15,668,692,188,0.05963438004255295,1.7019881123180984
15,669,692,188,0.06502843648195267,1.4444216711074664
15,670,692,188,0.06136471778154373,1.241511238641795
15,671,692,188,0.06579844653606415,1.0932568149210895
15,672,692,189,0.06239258870482445,1.5255858440937362
15,673,692,191,0.06036524102091789,3.0829404932704794
15,674,692,191,0.06681011617183685,2.681697069071531
15,675,692,191,0.06776479631662369,2.307781649245063
15,676,692,191,0.06791239976882935,1.9611942337910775
15,677,692,191,0.06994594633579254,1.6419348227095725
15,678,692,191,0.064755380153656,1.3500034160005476
15,679,692,191,0.06375740468502045,1.1011136161781787
15,680,692,192,0.0624743327498436,1.2555851608936262
15,681,692,192,0.06237054243683815,0.9301086288173792
15,682,692,193,0.06364832073450089,1.119764979162396
15,683,692,194,0.06352873146533966,1.6543690646990508
15,684,692,194,0.06408616155385971,1.315638450502152
15,685,692,195,0.06466830521821976,1.8448452551752412
15,686,692,196,0.06455125659704208,2.368654778984765
15,687,692,196,0.06493300944566727,1.919792307166769
15,688,692,196,0.06448803842067719,1.4982578397212531
15,689,692,196,0.06329608708620071,1.2133633941381439
15,690,692,196,0.06619501858949661,0.9698708751793403
15,691,692,196,0.06864030659198761,0.7967479674796729
16,35,730,5,0.03825519606471062,2.869440459110473
16,36,730,5,0.037218838930130005,2.869440459110473
16,37,730,5,0.03400879353284836,2.869440459110473
16,38,730,5,0.03699004650115967,2.869440459110473
16,39,730,5,0.03492901101708412,2.869440459110473
16,40,730,5,0.028289688751101494,2.869440459110473
16,41,730,5,0.03964163362979889,2.869440459110473
16,42,730,5,0.03728194907307625,2.869440459110473
16,43,730,5,0.03239862620830536,2.869440459110473
16,44,730,5,0.04757656157016754,2.869440459110473
16,45,730,5,0.047107815742492676,2.869440459110473
16,46,730,5,0.0433499775826931,2.869440459110473
16,47,730,5,0.03568682074546814,2.869440459110473
16,48,730,5,0.03286914527416229,2.869440459110473
16,49,730,5,0.029577458277344704,2.869440459110473
16,50,730,5,0.028385374695062637,2.869440459110473
16,51,730,5,0.032462455332279205,2.869440459110473
16,52,730,5,0.030873166397213936,2.869440459110473
16,53,730,5,0.03197149187326431,2.869440459110473
16,54,730,5,0.030804596841335297,2.869440459110473
16,55,730,5,0.027847308665513992,2.869440459110473
16,56,730,13,0.02607157826423645,4.749607159937145
16,57,730,13,0.028750935569405556,4.395982783357245
16,58,730,13,0.029731791466474533,4.069686411149825
16,59,730,13,0.028581121936440468,3.7707180433148864
16,60,730,13,0.02983921580016613,3.499077679852429
16,61,730,13,0.02918388321995735,3.2547653207624516
16,62,730,13,0.03010208159685135,3.037780966044955
16,63,730,13,0.03169899433851242,2.848124615699938
16,64,730,13,0.0297421682626009,2.6857962697274025
16,65,730,13,0.029977088794112206,2.550795928127348
16,66,730,15,0.02999955415725708,3.0120926419348226
16,67,730,15,0.029851172119379044,2.673362027737924
16,68,730,18,0.03028763085603714,4.749607159937146
16,69,730,18,0.03113664872944355,4.157887545262007
16,70,730,18,0.029110213741660118,3.59349593495935
16,71,730,18,0.030339889228343964,3.056432329029173
16,72,730,18,0.029512817040085793,2.546696727471477
16,73,730,18,0.03154988959431648,2.064289130286262
16,74,730,18,0.031487878412008286,1.6249231399877024
16,75,730,18,0.030756056308746338,1.2402131584341047
16,76,730,18,0.03062792867422104,0.9101591856254688
16,77,730,18,0.03497600555419922,0.9329097492655587
16,78,730,18,0.032576847821474075,1.0103163216506101
16,79,730,18,0.032478637993335724,1.1274851403976216
16,80,730,18,0.030777813866734505,1.271981963517113
16,81,730,18,0.030496278777718544,1.4438067910090862
16,82,730,23,0.029930150136351585,3.130559540889527
16,83,730,23,0.030710723251104355,2.681697069071531
16,84,730,23,0.03072836995124817,2.2601626016260163
16,85,730,23,0.03362559899687767,1.8659561385529824
16,86,730,23,0.030330458655953407,1.5147912823666052
16,87,730,23,0.030407924205064774,1.3135205301632853
16,88,730,23,0.03424856439232826,1.1669057867049257
16,89,730,23,0.03593049198389053,1.1201065792170517
16,90,730,23,0.030304254963994026,1.1006353761016594
16,91,730,23,0.035423632711172104,1.108492177358747
16,92,730,23,0.042762916535139084,1.1436769829883164
16,93,730,26,0.03730537369847298,2.1454533032725287
16,94,730,27,0.03264518082141876,2.7019881123180984
16,95,730,27,0.04211442172527313,2.30074468811915
16,96,730,27,0.033559221774339676,1.928468948555032
16,97,730,29,0.03148280084133148,3.3210357313657175
16,98,730,26,0.03235652670264244,1.420714627314342
16,99,730,29,0.032733552157878876,2.4709298353487745
16,100,730,29,0.03299099951982498,2.001776320284211
16,101,730,29,0.032973311841487885,1.5607706497233043
16,102,730,29,0.03165910392999649,1.1744209879073577
16,103,730,29,0.03267323970794678,1.0808225729316112
16,104,730,29,0.034910984337329865,1.0559540889526549
16,105,730,29,0.03205174580216408,1.0708478513356567
16,106,730,32,0.03400149196386337,2.5591309694609556
16,107,730,32,0.03263732045888901,2.157887545262007
16,108,730,32,0.03497698903083801,1.7988658878185422
16,109,730,32,0.035587869584560394,1.4796064767370358
16,110,730,32,0.032463304698467255,1.2025688324110144
16,111,730,32,0.03253303840756416,0.9801871968299519
16,112,730,32,0.03291390463709831,0.8281751725080282
16,113,730,32,0.037165965884923935,0.7581471613035452
16,114,730,32,0.045510973781347275,0.9129603060736483
16,115,730,33,0.03593435510993004,0.6799207487873206
16,116,730,33,0.03523479774594307,0.7105281136844995
16,117,730,33,0.03064349852502346,0.8231194916991178
16,118,730,33,0.05387549847364426,0.9199972671995618
16,119,730,33,0.06419385224580765,1.1075356972057104
16,120,730,33,0.04721856489777565,1.298011887681901
16,121,730,33,0.041457101702690125,1.4884880781580914
16,122,730,33,0.04286454617977142,1.678964268634282
16,123,730,33,0.0424761138856411,1.8694404591104725
16,124,730,33,0.039691418409347534,2.059916649586663
16,125,730,33,0.03925977274775505,2.2503928400628532
16,126,730,33,0.037150923162698746,2.440869030539044
16,127,730,35,0.037551235407590866,1.1526952244312365
16,128,730,35,0.036542490124702454,1.132404181184669
16,129,730,35,0.036357980221509933,1.139441142310582
16,130,730,35,0.036474063992500305,1.173806107808976
16,131,730,35,0.03728160262107849,1.235499077679852
16,132,730,35,0.03546987846493721,1.324520051923208
16,133,730,35,0.03481634333729744,1.4408690305390446
16,134,730,35,0.03438689932227135,1.5837261733961874
16,135,730,38,0.03423967957496643,1.259684361549498
16,136,730,38,0.034072186797857285,1.04891712782674
16,137,730,38,0.032781876623630524,0.8654778984764623
16,138,730,38,0.03103902004659176,0.7242604358816681
16,139,730,38,0.03420890495181084,0.6376989820318357
16,140,730,38,0.034293029457330704,0.6057935369269651
16,141,730,38,0.03354668244719505,0.6285441005670549
16,142,730,38,0.03246432542800903,0.7059506729521065
16,143,730,38,0.03920222073793411,0.8380132540821198
16,144,730,38,0.03304613381624222,1.024731843957095
16,145,730,38,0.033406130969524384,1.2503928400628548
16,146,730,38,0.03474527969956398,1.488488078158093
16,147,730,38,0.032320402562618256,1.7265833162533308
16,148,730,38,0.03292077034711838,1.8694404591104739
16,149,730,40,0.03202261030673981,0.7933319669331153
16,150,730,40,0.03131742402911186,0.8020086083213781
16,151,730,40,0.03155255690217018,0.8653412584546013
16,152,730,40,0.030369825661182404,0.9833299173327864
16,153,730,40,0.02964858151972294,1.1402609824417576
16,154,730,40,0.030385103076696396,1.324520051923209
16,155,730,40,0.03321503847837448,1.5361071257771404
16,156,730,42,0.030214644968509674,0.8596023775363802
16,157,730,42,0.030378133058547974,0.7246020359363252
16,158,730,42,0.03225487098097801,0.6442577030812319
16,159,730,42,0.030523760244250298,0.6185693789711004
16,160,730,42,0.029184376820921898,0.6475370636059307
16,161,730,42,0.029098711907863617,0.7311607569857214
16,162,730,42,0.031753964722156525,0.8694404591104737
16,163,730,42,0.03065069019794464,1.0599166495866643
16,164,730,42,0.032241590321063995,1.2503928400628548
16,165,730,42,0.032624922692775726,1.4408690305390452
16,166,730,42,0.03212133049964905,1.6313452210152357
16,167,730,42,0.032616496086120605,1.8218214114914262
16,168,730,42,0.029994137585163116,2.0122976019676164
16,169,730,42,0.03382249176502228,2.202773792443807
16,170,730,42,0.03651071712374687,2.2980118876819025
16,171,730,46,0.032553791999816895,1.446881191500991
16,172,730,46,0.03157883137464523,1.2447905991664958
16,173,730,46,0.030649399384856224,1.0973560155769613
16,174,730,46,0.03833871707320213,1.0045774407323884
16,175,730,46,0.03663522005081177,0.9664548746327787
16,176,730,46,0.0323248952627182,0.9829883172781306
16,177,730,46,0.029319873079657555,0.9564801530368241
16,178,730,48,0.030859900638461113,1.512331761973081
16,179,730,48,0.032791618257761,1.2820933251349307
16,180,730,48,0.03270699083805084,1.106510897041742
16,181,730,48,0.032503996044397354,0.9855844776935153
16,182,730,51,0.03165828436613083,3.2257976361276213
16,183,730,51,0.03171125426888466,2.8245542119286733
16,184,730,51,0.031117398291826248,2.450638792102205
16,185,730,51,0.03346463665366173,2.1040513766482185
16,186,730,51,0.03159162029623985,1.7847919655667133
16,187,730,51,0.03066560998558998,1.4928605588576884
16,188,730,51,0.031389545649290085,1.2282571565211438
16,189,730,56,0.03052515536546707,4.987702398032384
16,190,730,56,0.05042393505573273,4.348363735738197
16,191,730,56,0.04001597315073013,3.736353077816491
16,192,730,56,0.03559671342372894,3.3421466147434566
16,193,730,56,0.034093327820301056,2.9752681560429037
16,194,730,56,0.03047703020274639,2.635717701714831
16,195,730,56,0.035913292318582535,2.323495251759239
16,196,730,56,0.040062177926301956,2.038600806176127
16,197,730,56,0.04273814707994461,1.7810343649654965
16,198,730,56,0.03238043561577797,1.5507959281273476
16,199,730,56,0.03313538059592247,1.4431235908997742
16,200,730,56,0.03530501946806908,1.3784928605588564
16,201,730,56,0.03871332108974457,1.3685181389629006
16,202,730,56,0.034915003925561905,1.4131994261119079
16,203,730,56,0.03924471139907837,1.5576962492313995
16,204,730,56,0.040876854211091995,1.7295210767233726
16,205,730,56,0.044208966195583344,1.928673908587826
16,206,730,56,0.04518968239426613,2.1551547448247597
16,207,730,56,0.04399305582046509,2.393249982919998
16,208,730,56,0.042853984981775284,2.6313452210152355
16,209,730,56,0.042944636195898056,2.8694404591104736
16,210,730,56,0.04255429655313492,2.8694404591104736
16,211,730,58,0.04128742218017578,1.533647605383618
16,212,730,60,0.04311797395348549,1.4302111088337779
16,213,730,60,0.04354776442050934,1.2670629227300676
16,214,730,60,0.04245007038116455,1.1312427409988377
16,215,730,60,0.041795626282691956,1.022750563640089
16,216,730,61,0.04356686398386955,1.1785201885632308
16,217,730,61,0.04259886592626572,1.0091548814647815
16,218,730,61,0.04194670543074608,0.8944455831112925
16,219,730,61,0.04309764504432678,0.8343922935027653
16,220,730,61,0.041329193860292435,0.8149210903873729
16,221,730,61,0.04257858917117119,0.8227778916444621
16,222,730,64,0.040615733712911606,2.4638928742228594
16,223,730,64,0.042048659175634384,2.110268497642959
16,224,730,64,0.04070743918418884,1.7839721254355383
16,225,730,64,0.04150877892971039,1.4850037576005992
16,226,730,66,0.041605763137340546,2.8448452551752403
16,227,730,66,0.04111037403345108,2.3959827833572445
16,228,730,66,0.04119376093149185,1.97444831591173
16,229,730,66,0.04006271809339523,1.5810616929698695
16,230,730,66,0.0367174968123436,1.2423310787729709
16,231,730,67,0.03680381551384926,1.4717496754799473
16,232,730,67,0.036378055810928345,1.1392361822777877
16,233,730,67,0.037613220512866974,0.9715105554416884
16,234,730,67,0.036417338997125626,0.8857689417230297
16,235,730,67,0.03721514344215393,0.867937418869986
16,236,730,67,0.03943699225783348,0.9047619047619041
16,237,730,67,0.040102969855070114,1.0289676846348297
16,238,730,67,0.03893878683447838,1.1805014688802353
16,239,730,67,0.039948876947164536,1.3593632574981211
16,240,730,67,0.039492327719926834,1.5655530504884874
16,241,730,67,0.03919145464897156,1.799070847851335
16,242,730,67,0.03801599144935608,2.0599166495866643
16,243,730,67,0.03744091838598251,2.202773792443807
16,244,730,67,0.03781045973300934,2.34563093530095
16,245,730,67,0.03855597972869873,2.4884880781580927
16,246,730,67,0.03932122886180878,2.6313452210152355
16,247,730,67,0.03763073310256004,2.6789642686342834
16,248,730,67,0.039343543350696564,2.726583316253331
16,249,730,67,0.038881801068782806,2.7742023638723787
16,250,730,67,0.038425374776124954,2.821821411491426
16,251,730,67,0.03989277780056,2.8694404591104736
16,252,730,68,0.03905776888132095,2.038805766208923
16,253,730,68,0.039175938814878464,2.018514722962356
16,254,730,68,0.0387185774743557,2.0255516840882697
16,255,730,67,0.038405146449804306,3.0122976019676164
16,256,730,68,0.03783048689365387,2.1278267404522793
16,257,730,68,0.03901670128107071,2.1481177836988454
16,258,730,68,0.03576880320906639,2.168408826945413
16,259,730,68,0.036019615828990936,2.202773792443807
16,260,730,68,0.0364157073199749,2.2503928400628546
16,261,730,68,0.036569200456142426,2.2980118876819025
16,262,730,68,0.03713838756084442,2.34563093530095
16,263,730,68,0.036023009568452835,2.393249982919998
16,264,730,68,0.03765691816806793,2.4408690305390452
16,265,730,68,0.03745542839169502,2.4884880781580927
16,266,730,68,0.03562188893556595,2.5361071257771406
16,267,730,68,0.03859623521566391,2.583726173396188
16,268,730,68,0.03734638914465904,2.6313452210152355
16,269,730,68,0.041045140475034714,2.6789642686342834
16,270,730,68,0.03513439744710922,2.726583316253331
16,271,730,70,0.03762904927134514,1.438409510145522
16,272,730,67,0.03581472858786583,3.8694404591104736
16,273,730,67,0.036808934062719345,3.821821411491426
16,274,730,67,0.0362655371427536,3.7742023638723787
16,275,730,67,0.03638039156794548,3.726583316253331
16,276,730,67,0.03453987091779709,3.726583316253331
16,277,730,67,0.03457915037870407,3.6789642686342834
16,278,730,67,0.037993986159563065,3.6313452210152355
16,279,730,67,0.037750519812107086,3.583726173396188
16,280,730,67,0.038439344614744186,3.5361071257771406
16,281,730,67,0.036409977823495865,3.4884880781580927
16,282,730,67,0.03722786903381348,3.4408690305390452
16,283,730,67,0.038354113698005676,3.393249982919998
16,284,730,67,0.038659483194351196,3.34563093530095
16,285,730,67,0.03888772055506706,3.2980118876819025
16,286,730,67,0.03764452040195465,3.2503928400628546
16,287,730,67,0.042715899646282196,3.202773792443807
16,288,730,67,0.04004210978746414,3.1551547448247597
16,289,730,67,0.039978787302970886,3.1075356972057118
16,290,730,67,0.03823196142911911,3.0599166495866643
16,291,730,67,0.04006399214267731,3.0122976019676164
16,292,730,67,0.04069855064153671,2.8694404591104736
16,293,730,67,0.03987400233745575,2.8694404591104736
16,294,730,67,0.040286533534526825,2.8694404591104736
16,295,730,67,0.037455637007951736,2.8694404591104736
16,296,730,70,0.03974715620279312,1.3664002186240347
16,297,730,70,0.03997070714831352,1.250871080139372
16,298,730,70,0.037845298647880554,1.162669946027191
16,299,730,70,0.04721880704164505,1.10179681628749
16,300,730,70,0.04506928101181984,1.0682516909202693
16,301,730,70,0.04389796033501625,1.0620345699255302
16,302,730,70,0.04303266480565071,1.0831454533032714
16,303,730,70,0.04339612275362015,1.131584341053494
16,304,730,70,0.0417257659137249,1.2073512331761969
16,305,730,70,0.03973010927438736,1.3104461296713799
16,306,730,70,0.040590040385723114,1.4408690305390446
16,307,730,70,0.04291116073727608,1.5837261733961874
16,308,730,70,0.04142320156097412,1.7265833162533302
16,309,730,70,0.040490616112947464,1.8694404591104732
16,310,730,70,0.04151102900505066,2.012297601967616
16,311,730,70,0.04165268689393997,2.1551547448247588
16,312,730,68,0.05507659912109375,4.202773792443807
16,313,730,68,0.04325057938694954,4.250392840062855
16,314,730,68,0.046125560998916626,4.298011887681902
16,315,730,68,0.041296180337667465,4.34563093530095
16,316,730,68,0.038980115205049515,4.393249982919998
16,317,730,67,0.04067320376634598,5.250392840062855
16,318,730,67,0.043008435517549515,5.107535697205712
16,319,730,67,0.04050883278250694,4.964678554348569
16,320,730,67,0.038341816514730453,4.821821411491426
16,321,730,67,0.03980350121855736,4.678964268634283
16,322,730,67,0.04270955175161362,4.53610712577714
16,323,730,67,0.05350971221923828,4.393249982919998
16,324,730,67,0.04452826827764511,4.250392840062855
16,325,730,67,0.04711456596851349,4.107535697205712
16,326,730,67,0.04053795710206032,3.964678554348569
16,327,730,67,0.038440510630607605,3.821821411491426
16,328,730,66,0.04143698513507843,4.631345221015236
16,329,730,67,0.04448495805263519,3.5563981690237076
16,330,730,66,0.03973699361085892,4.298011887681902
16,331,730,66,0.03760801628232002,4.107535697205712
16,332,730,66,0.03979429975152016,3.9170595067295215
16,333,730,67,0.03829602152109146,2.9911867185898755
16,334,730,66,0.04401369020342827,3.7742023638723787
16,335,730,93,0.04267890378832817,22.03532144565143
16,336,730,93,0.0401168055832386,20.872173259547726
16,337,730,93,0.03855183720588684,19.736353077816496
16,338,730,66,0.03984172269701958,7.298011887681902
16,339,730,66,0.04069522023200989,7.250392840062854
16,340,730,93,0.040863532572984695,18.839447974311675
16,341,730,66,0.039866168051958084,8.440869030539043
16,342,730,66,0.04159306362271309,8.393249982919999
16,343,730,66,0.04043038561940193,8.345630935300951
16,344,730,66,0.03842439502477646,8.298011887681904
16,345,730,66,0.03781997039914131,8.250392840062855
16,346,730,66,0.03686206042766571,8.202773792443807
16,347,730,66,0.037272948771715164,8.15515474482476
16,348,730,123,0.03494971618056297,46.17817858850857
16,349,730,123,0.0475773960351944,43.491220878595335
16,350,730,123,0.041023336350917816,40.879210220673635
16,351,730,123,0.04034364968538284,38.24690851950537
16,352,730,123,0.037191055715084076,35.64193482270957
16,353,730,123,0.03910984471440315,33.06428913028626
16,354,730,123,0.039284806698560715,30.56159048985448
16,355,730,123,0.03914414718747139,28.03860080617613
16,356,730,123,0.03708763048052788,26.828653412584544
16,357,730,122,0.03759898245334625,25.55079592812735
16,358,730,122,0.03758404776453972,24.443123590899773
16,359,730,122,0.03776515647768974,22.077064972330398
16,360,730,122,0.03550156205892563,19.738334358133496
16,361,730,122,0.036600060760974884,18.71264603402337
16,362,730,122,0.04090581461787224,16.428571428571427
16,363,730,122,0.040151115506887436,14.171824827491973
16,364,730,122,0.03705217316746712,11.942406230784997
16,365,730,122,0.036727115511894226,9.740315638450502
16,366,730,122,0.03647588938474655,7.565553050488487
16,367,730,122,0.03832196071743965,5.418118466898955
16,368,730,122,0.04371019825339317,3.2980118876819016
16,369,730,122,0.037705957889556885,3.250392840062854
16,370,730,122,0.036649152636528015,3.2027737924438062
16,371,730,122,0.03830451890826225,3.1551547448247588
16,372,730,122,0.03865821287035942,3.1075356972057113
16,373,730,122,0.03615143522620201,3.0599166495866634
16,374,730,122,0.036500729620456696,3.012297601967616
16,375,730,122,0.03668992966413498,2.9646785543485685
16,376,730,122,0.03841877728700638,2.9170595067295206
16,377,730,122,0.035985223948955536,2.869440459110473
16,378,730,122,0.03524571284651756,2.869440459110473
16,379,730,122,0.03602282330393791,2.869440459110473
16,380,730,122,0.037315431982278824,2.869440459110473
16,381,730,122,0.0371464379131794,2.869440459110473
16,382,730,122,0.03750142082571983,2.869440459110473
16,383,730,122,0.037093427032232285,2.869440459110473
16,384,730,122,0.046958863735198975,2.869440459110473
16,385,730,122,0.03843536227941513,2.869440459110473
16,386,730,122,0.03807468339800835,2.869440459110473
16,387,730,122,0.03562956303358078,2.869440459110473
16,388,730,122,0.03497893363237381,2.869440459110473
16,389,730,122,0.03846728801727295,2.869440459110473
16,390,730,122,0.041395120322704315,2.869440459110473
16,391,730,122,0.03930075466632843,2.869440459110473
16,392,730,122,0.037889134138822556,2.869440459110473
16,393,730,122,0.0372159406542778,2.869440459110473
16,394,730,122,0.03893309086561203,2.869440459110473
16,395,730,122,0.03757976368069649,2.869440459110473
16,396,730,122,0.040703460574150085,2.869440459110473
16,397,730,122,0.04085105285048485,2.869440459110473
16,398,730,122,0.053350988775491714,2.869440459110473
16,399,730,122,0.04928216338157654,2.869440459110473
16,400,730,122,0.04782768711447716,2.869440459110473
16,401,730,122,0.04211163520812988,2.869440459110473
16,402,730,122,0.04115242511034012,2.869440459110473
16,403,730,122,0.043386101722717285,2.869440459110473
16,404,730,122,0.0420515276491642,2.869440459110473
16,405,730,122,0.04008902609348297,2.869440459110473
16,406,730,122,0.038695864379405975,2.869440459110473
16,407,730,122,0.03829330950975418,2.869440459110473
16,408,730,122,0.040419697761535645,2.869440459110473
16,409,730,122,0.039638567715883255,2.869440459110473
16,410,730,122,0.05017135292291641,2.869440459110473
16,411,730,122,0.04482411965727806,2.869440459110473
16,412,730,122,0.03940128535032272,2.869440459110473
16,413,730,122,0.040884796530008316,2.869440459110473
16,414,730,122,0.03971037268638611,2.869440459110473
16,415,730,122,0.04280577227473259,2.869440459110473
16,416,730,122,0.04923029616475105,2.869440459110473
16,417,730,122,0.04926856607198715,2.869440459110473
16,418,730,122,0.04425372555851936,2.869440459110473
16,419,730,122,0.04553686082363129,2.869440459110473
16,420,730,122,0.046144578605890274,2.869440459110473
16,421,730,122,0.047084733843803406,2.869440459110473
16,422,730,121,0.0445544570684433,3.8218214114914253
16,423,730,121,0.04404464364051819,3.774202363872378
16,424,730,121,0.04466778412461281,3.7265833162533304
16,425,730,121,0.043793629854917526,3.6789642686342825
16,426,730,121,0.0424945093691349,3.631345221015235
16,427,730,121,0.04207558184862137,3.5837261733961876
16,428,730,121,0.04396188259124756,3.5361071257771397
16,429,730,121,0.044257406145334244,3.4884880781580923
16,430,730,121,0.04339464753866196,3.4408690305390444
16,431,730,121,0.04411645606160164,3.393249982919997
16,432,730,121,0.04470429942011833,3.3456309353009495
16,433,730,121,0.04442426934838295,3.2980118876819016
16,434,730,121,0.04400882124900818,3.250392840062854
16,435,730,121,0.043245915323495865,3.2027737924438062
16,436,730,121,0.04468461498618126,3.1551547448247588
16,437,730,121,0.04394730180501938,3.1075356972057113
16,438,730,120,0.042909860610961914,4.0122976019676155
16,439,730,121,0.04435290768742561,3.0325886452141835
16,440,730,120,0.04652876779437065,3.869440459110473
16,441,730,120,0.04793291538953781,3.774202363872378
16,442,730,121,0.045778416097164154,2.8350754936120786
16,443,730,121,0.0463002473115921,2.780419484867117
16,444,730,121,0.04656222462654114,2.7398373983739837
16,445,730,121,0.04869743064045906,2.7265833162533304
16,446,730,121,0.05001889914274216,2.7265833162533304
16,447,730,122,0.05479371175169945,1.9224567875930862
16,448,730,122,0.05110245198011398,1.8756575801052122
16,449,730,122,0.058698467910289764,1.8826945412311265
16,450,730,122,0.06053688004612923,1.9170595067295206
16,451,730,125,0.06961130350828171,1.477830156452825
16,452,730,125,0.05891914293169975,1.313042290086766
16,453,730,125,0.05977310240268707,1.149894103983057
16,454,730,125,0.05584242194890976,1.0124342419894783
16,455,730,125,0.074366495013237,0.8749743799959008
16,456,730,125,0.06477157026529312,0.7548678007788477
16,457,730,125,0.06302621960639954,0.6737036277925794
16,458,730,127,0.05870585888624191,1.4647127143540353
16,459,730,127,0.06283529102802277,1.1868552298968373
16,460,730,127,0.06764742732048035,1.0112728018036488
16,461,730,129,0.06094965711236,2.4162738266038124
16,462,730,129,0.05623709037899971,2.0150304024048644
16,463,730,129,0.05378942936658859,1.6887340301974436
16,464,730,129,0.0714009627699852,1.389765662362506
16,465,730,129,0.061055559664964676,1.120584819293571
16,466,730,129,0.052329663187265396,0.933387989342078
16,467,730,129,0.05359971895813942,0.8281751725080269
16,468,730,129,0.05427676811814308,0.8517455762792917
16,469,730,129,0.058785587549209595,0.9299719887955182
16,470,730,129,0.05260102450847626,1.0628544100567052
16,471,730,129,0.052383728325366974,1.2503928400628541
16,472,730,129,0.05469703674316406,1.4408690305390446
16,473,730,129,0.04816810414195061,1.631345221015235
16,474,730,129,0.044299181550741196,1.8218214114914255
16,475,730,129,0.042150989174842834,2.012297601967616
16,476,730,129,0.048948634415864944,2.2027737924438062
16,477,730,129,0.04543706029653549,2.393249982919997
16,478,730,129,0.04078908637166023,2.5837261733961876
16,479,730,129,0.03714124858379364,2.6789642686342825
16,480,730,129,0.03756529837846756,2.774202363872378
16,481,730,129,0.04010562598705292,2.869440459110473
16,482,730,129,0.043861471116542816,2.869440459110473
16,483,730,129,0.04440201818943024,2.869440459110473
16,484,730,133,0.042989980429410934,1.5254492040718746
16,485,730,133,0.043058522045612335,1.3623010179681643
16,486,730,134,0.04122885316610336,1.6406367425018782
16,487,730,134,0.04346007481217384,1.4298695087791202
16,488,730,134,0.04948573559522629,1.260504201680671
16,489,730,134,0.0494893454015255,1.1457949033271846
16,490,730,134,0.050861675292253494,1.0716676914668304
16,491,730,134,0.051697250455617905,1.0248684839789566
16,492,730,136,0.05023613199591637,1.987702398032384
16,493,730,136,0.04920012131333351,1.6825169092027046
16,494,730,136,0.05131480097770691,1.4319874291179855
16,495,730,136,0.05069123953580856,1.2510077201612344
16,496,730,136,0.05107644200325012,1.1520120243219236
16,497,730,136,0.050960659980773926,1.1201065792170517
16,498,730,136,0.05174694582819939,1.1428571428571428
16,499,730,136,0.052468229085206985,1.2194438751110208
16,500,730,136,0.051903996616601944,1.3233586117373788
16,501,730,136,0.05037134140729904,1.4546013527362172
16,502,730,136,0.051280561834573746,1.6131720981075357
16,503,730,136,0.051627930253744125,1.7990708478513344
16,504,730,136,0.050901927053928375,2.012297601967616
16,505,730,136,0.051556941121816635,2.1551547448247588
16,506,730,136,0.051163092255592346,2.2980118876819016
16,507,730,136,0.053467556834220886,2.393249982919997
16,508,730,136,0.05232181027531624,2.4884880781580923
16,509,730,136,0.05178176239132881,2.5837261733961876
16,510,730,136,0.05509130656719208,2.6789642686342825
16,511,730,136,0.050528015941381454,2.774202363872378
16,512,730,136,0.049026768654584885,2.869440459110473
16,513,730,136,0.05147218331694603,2.869440459110473
16,514,730,136,0.04958365485072136,2.869440459110473
16,515,730,136,0.050906259566545486,2.869440459110473
16,516,730,136,0.051866259425878525,2.869440459110473
16,517,730,136,0.051164496690034866,2.869440459110473
16,518,730,136,0.05014997720718384,2.869440459110473
16,519,730,136,0.05663742125034332,2.869440459110473
16,520,730,136,0.048960525542497635,2.869440459110473
16,521,730,136,0.046057265251874924,2.869440459110473
16,522,730,136,0.046077750623226166,2.869440459110473
16,523,730,138,0.0451093390583992,1.533647605383616
16,524,730,138,0.04508442059159279,1.465737514518001
16,525,730,138,0.04546442627906799,1.4251554280248662
16,526,730,138,0.043812647461891174,1.4119013459042142
16,527,730,138,0.043348755687475204,1.4259752681560425
16,528,730,138,0.0423063226044178,1.4673771947803511
16,529,730,138,0.043099116533994675,1.5361071257771397
16,530,730,138,0.0428193174302578,1.631345221015235
16,531,730,138,0.04362434893846512,1.7265833162533302
16,532,730,138,0.04149700701236725,1.8218214114914255
16,533,730,138,0.041602328419685364,1.9170595067295206
16,534,730,138,0.03953184932470322,2.012297601967616
16,535,730,138,0.040801748633384705,2.1075356972057113
16,536,730,138,0.04035590961575508,2.2027737924438062
16,537,730,138,0.039497874677181244,2.2980118876819016
16,538,730,138,0.04323410242795944,2.393249982919997
16,539,730,138,0.04494692012667656,2.4884880781580923
16,540,730,138,0.044839080423116684,2.5837261733961876
16,541,730,138,0.04064985364675522,2.6789642686342825
16,542,730,138,0.04758664593100548,2.774202363872378
16,543,730,138,0.044958241283893585,2.869440459110473
16,544,730,138,0.04552832245826721,2.869440459110473
16,545,730,138,0.04465616121888161,2.869440459110473
16,546,730,138,0.04346649348735809,2.869440459110473
16,547,730,138,0.043612655252218246,2.869440459110473
16,548,730,138,0.04069318249821663,2.869440459110473
16,549,730,138,0.03940562903881073,2.869440459110473
16,550,730,138,0.04049691557884216,2.869440459110473
16,551,730,138,0.043495696038007736,2.869440459110473
16,552,730,138,0.039128731936216354,2.869440459110473
16,553,730,138,0.03895597904920578,2.869440459110473
16,554,730,138,0.04421669617295265,2.869440459110473
16,555,730,138,0.040984246879816055,2.869440459110473
16,556,730,138,0.03806823119521141,2.869440459110473
16,557,730,138,0.037076495587825775,2.869440459110473
16,558,730,138,0.0431499183177948,2.869440459110473
16,559,730,141,0.041613686829805374,1.3664002186240347
16,560,730,146,0.03727051243185997,4.606750017080003
16,561,730,146,0.03765976056456566,4.2531256405001026
16,562,730,146,0.04110916703939438,3.926829268292682
16,563,730,146,0.04399583116173744,3.627860900457744
16,564,730,146,0.036552634090185165,3.356220536995287
16,565,730,146,0.0380123145878315,3.1119081779053097
16,566,730,146,0.04200085997581482,2.8949238231878125
16,567,730,146,0.04112982749938965,2.7052674728427957
16,568,730,146,0.03597061336040497,2.5429391268702592
16,569,730,146,0.03659188374876976,2.4079387852702054
16,570,730,146,0.045706842094659805,2.300266448042632
16,571,730,146,0.045078299939632416,2.2199221151875386
16,572,730,146,0.03757385164499283,2.1669057867049255
16,573,730,146,0.037978414446115494,2.141217462594793
16,574,730,146,0.04195496067404747,2.142857142857143
16,575,730,146,0.043362975120544434,2.171824827491973
16,576,730,146,0.039441272616386414,2.2281205164992834
16,577,730,146,0.04049830138683319,2.32745781239325
16,578,730,146,0.039144355803728104,2.465737514518001
16,579,730,146,0.03874747455120087,2.631345221015235
16,580,730,146,0.0396764911711216,2.869440459110473
16,581,730,146,0.036208897829055786,2.869440459110473
16,582,730,146,0.03413484990596771,2.869440459110473
16,583,730,146,0.03435689955949783,2.869440459110473
16,584,730,146,0.03987503424286842,2.869440459110473
16,585,730,146,0.03887181356549263,2.869440459110473
16,586,730,146,0.034947630017995834,2.869440459110473
16,587,730,146,0.0361112616956234,2.869440459110473
16,588,730,146,0.03453698754310608,2.869440459110473
16,589,730,146,0.04997893422842026,2.869440459110473
16,590,730,152,0.04157660901546478,2.8448452551752412
16,591,730,152,0.03569501265883446,2.5864589738334356
16,592,730,152,0.03204736486077309,2.3554006968641104
16,593,730,152,0.03898889943957329,2.151670424267268
16,594,730,152,0.036877766251564026,1.9752681560429057
16,595,730,152,0.036554206162691116,1.826193892191024
16,596,730,152,0.03306097537279129,1.704447632711622
16,597,730,152,0.03661373630166054,1.6100293776047006
16,598,730,152,0.03662891685962677,1.5429391268702592
16,599,730,152,0.035608433187007904,1.5031768805083008
16,600,730,152,0.033838141709566116,1.4907426385188225
16,601,730,152,0.0336378812789917,1.5056364009018244
16,602,730,152,0.03750740364193916,1.5478581676573067
16,603,730,152,0.03467981144785881,1.617407938785269
16,604,730,152,0.03664567694067955,1.7142857142857142
16,605,730,152,0.03904660418629646,1.8384914941586399
16,606,730,152,0.03303464129567146,1.9900252784040455
16,607,730,162,0.034259580075740814,7.511511921841908
16,608,730,162,0.034440118819475174,6.776935164309626
16,609,730,162,0.04252114146947861,6.069686411149824
16,610,730,162,0.036800459027290344,5.389765662362506
16,611,730,162,0.03437924012541771,5.022887203661954
16,612,730,162,0.03583787381649017,4.683336749333881
16,613,730,162,0.03510238975286484,4.371114299378289
16,614,730,162,0.037128426134586334,4.086219853795177
16,615,730,162,0.03430798649787903,3.828653412584545
16,616,730,162,0.03441541641950607,3.598414975746396
16,617,730,162,0.036554865539073944,3.3955045432807274
16,618,730,162,0.03731049597263336,3.2199221151875386
16,619,730,162,0.03482463210821152,3.0716676914668306
16,620,730,162,0.032454513013362885,2.950741272118602
16,621,730,162,0.03228536620736122,2.857142857142857
16,622,730,162,0.036043230444192886,2.790872446539592
16,623,730,162,0.035851575434207916,2.7519300403088076
16,624,730,162,0.033151187002658844,2.740315638450503
16,625,730,162,0.029358254745602608,2.7560292409646783
16,626,730,162,0.03342250734567642,2.7990708478513344
16,627,730,162,0.034814439713954926,2.869440459110473
16,628,730,162,0.032648663967847824,2.869440459110473
16,629,730,162,0.03318846598267555,2.869440459110473
16,630,730,162,0.031075984239578247,2.869440459110473
16,631,730,162,0.03226739540696144,2.869440459110473
16,632,730,162,0.031610917299985886,2.869440459110473
16,633,730,162,0.031303923577070236,2.869440459110473
16,634,730,162,0.03339456766843796,2.869440459110473
16,635,730,190,0.049577537924051285,23.797226207556193
16,636,730,190,0.039769817143678665,22.491220878595342
16,637,730,190,0.03236380219459534,21.21254355400697
16,638,730,190,0.03310912102460861,19.96119423379108
16,639,730,190,0.0356973372399807,18.737172917947667
16,640,730,190,0.03961311653256416,17.540479606476737
16,641,730,190,0.04170868173241615,16.37111429937829
16,642,730,190,0.03441754728555679,15.229076996652323
16,643,730,190,0.0323752723634243,14.11436769829883
16,644,730,190,0.04817658290266991,13.026986404317828
16,645,730,190,0.040787726640701294,11.966933114709299
16,646,730,190,0.03610589727759361,10.934207829473253
16,647,730,190,0.031592026352882385,9.928810548609688
16,648,730,189,0.04263831675052643,9.236455557832889
16,649,730,189,0.038631875067949295,8.333333333333334
16,650,730,189,0.035135697573423386,7.457539113206259
16,651,730,189,0.03375602141022682,6.609072897451664
16,652,730,188,0.04299359768629074,6.454601352736217
16,653,730,188,0.039691146463155746,5.708410193345631
16,654,730,186,0.0336514413356781,6.7038327526132395
16,655,730,186,0.031034110113978386,6.107535697205711
16,656,730,186,0.034772686660289764,5.917059506729521
16,657,730,186,0.04405447840690613,5.72658331625333
16,658,730,186,0.04602646082639694,5.53610712577714
16,659,730,186,0.034790899604558945,5.3456309353009495
16,660,730,186,0.03140890970826149,5.155154744824759
16,661,730,186,0.03428787365555763,4.964678554348568
16,662,730,186,0.04389411583542824,4.774202363872378
16,663,730,186,0.044381555169820786,4.583726173396188
16,664,730,186,0.037413589656353,4.393249982919997
16,665,730,186,0.03298492357134819,4.202773792443806
16,666,730,186,0.04378724470734596,4.0122976019676155
16,667,730,186,0.044840551912784576,3.8218214114914253
16,668,730,186,0.03708716854453087,3.631345221015235
16,669,730,188,0.03783071041107178,2.152695224431235
16,670,730,186,0.036608580499887466,3.4408690305390444
16,671,730,188,0.0421808585524559,1.8263988522238146
16,672,730,188,0.03696640208363533,1.6429596228735395
16,673,730,188,0.03427744284272194,1.5344674455147898
16,674,730,188,0.03290495276451111,1.4533032725285229
16,675,730,188,0.032189927995204926,1.4947051991528313
16,676,730,186,0.03366719186306,3.4408690305390444
16,677,730,188,0.03417735919356346,1.69925531188085
16,678,730,188,0.03655215725302696,1.7671654027464652
16,679,730,186,0.03670767322182655,3.631345221015235
16,680,730,186,0.03507983684539795,3.631345221015235
16,681,730,186,0.035510361194610596,3.631345221015235
16,682,730,186,0.035456862300634384,3.631345221015235
16,683,730,186,0.03528529033064842,3.631345221015235
16,684,730,186,0.03641320765018463,3.631345221015235
16,685,730,186,0.0331241749227047,3.631345221015235
16,686,730,186,0.03327038139104843,3.631345221015235
16,687,730,186,0.035790156573057175,3.631345221015235
16,688,730,186,0.03740087151527405,3.631345221015235
16,689,730,186,0.03431515395641327,3.631345221015235
16,690,730,186,0.032954711467027664,3.5361071257771397
16,691,730,186,0.032976068556308746,3.5361071257771397
16,692,730,186,0.04264334589242935,3.4408690305390444
16,693,730,186,0.053241487592458725,3.3456309353009495
16,694,730,188,0.045334476977586746,1.914599986335997
16,695,730,188,0.03764267638325691,1.7514518002322867
16,696,730,188,0.03408968448638916,1.6156316185010566
16,697,730,188,0.03335157036781311,1.6023775363804047
16,698,730,188,0.05052485316991806,1.5212133633941378
16,699,730,188,0.04263050854206085,1.4673771947803511
16,700,730,188,0.04126204550266266,1.5361071257771397
16,701,730,188,0.038815829902887344,1.631345221015235
16,702,730,188,0.04343300312757492,1.7265833162533302
16,703,730,188,0.045652616769075394,1.8218214114914255
16,704,730,190,0.0437508150935173,0.7403156384505029
16,705,730,190,0.040363289415836334,0.6872993099678898
16,706,730,190,0.042418044060468674,0.6889389902302371
16,707,730,190,0.04850976914167404,0.7452346792375476
16,708,730,190,0.05093158781528473,0.8545466967274711
16,709,730,190,0.05015706643462181,0.9911867185898748
16,710,730,190,0.04598712921142578,1.1551547448247588
16,711,730,191,0.04670044034719467,0.6342829814852767
16,712,730,191,0.0441216304898262,0.7373778779804584
16,713,730,191,0.04249655082821846,0.8951287832206033
16,714,730,191,0.0446673221886158,1.107535697205711
16,715,730,191,0.044797539710998535,1.2503928400628541
16,716,730,191,0.04483388364315033,1.393249982919997
16,717,730,191,0.04431148245930672,1.5361071257771397
16,718,730,192,0.04370991885662079,0.848329575732732
16,719,730,193,0.04355788603425026,0.5411628065860468
16,720,730,193,0.045216500759124756,0.5374052059848314
16,721,730,194,0.04482455179095268,0.6820386691261893
16,722,730,194,0.04413733258843422,0.5494978479196566
16,723,730,194,0.04519164562225342,0.513014962082393
16,724,730,194,0.04374492168426514,0.5858440937350554
16,725,730,194,0.04428534954786301,0.6553938648630178
16,726,730,195,0.04539959132671356,0.4418255106920832
16,727,730,195,0.046064674854278564,0.38423174147707834
16,728,730,195,0.04700852185487747,0.4351301496208234
16,729,730,195,0.0468895323574543,0.5671927307508381
17,35,713,5,0.04583309218287468,2.869440459110473
17,36,713,5,0.039479952305555344,2.869440459110473
17,37,713,5,0.03872838616371155,2.869440459110473
17,38,713,7,0.04249914363026619,1.5336476053836174
17,39,713,9,0.04110819846391678,1.4302111088337772
17,40,713,9,0.03798022121191025,1.267062922730067
17,41,713,9,0.03802494332194328,1.1312427409988384
17,42,713,9,0.03842601180076599,1.0227505636400898
17,43,713,9,0.039295583963394165,0.9415863906538215
17,44,713,9,0.03642536699771881,0.8877502220400347
17,45,713,9,0.03484277427196503,0.8620618979299033
17,46,713,9,0.03563355654478073,0.8902097424335584
17,47,713,15,0.03847534954547882,5.035321445651432
17,48,713,15,0.03630787134170532,4.586458973833436
17,49,713,15,0.034629836678504944,4.164924506387921
17,50,713,15,0.03559655323624611,3.7707180433148872
17,51,713,15,0.035630811005830765,3.4038395846143343
17,52,713,15,0.034883417189121246,3.064289130286262
17,53,713,15,0.03580261021852493,2.7520666803306697
17,54,713,15,0.03616267070174217,2.4671722347475575
17,55,713,15,0.03481125086545944,2.209605793536927
17,56,713,15,0.03251432627439499,1.9793673566987768
17,57,713,15,0.031534455716609955,1.776456924233108
17,58,713,17,0.035025764256715775,1.9793673566987768
17,59,713,17,0.03586818650364876,1.6679647468743584
17,60,713,17,0.03205667808651924,1.506456241032998
17,61,713,17,0.03310311958193779,1.3996037439365983
17,62,713,17,0.036831509321928024,1.3474072555851617
17,63,713,18,0.034123923629522324,1.2091275534604105
17,64,713,18,0.03084421716630459,1.0554758488761369
17,65,713,18,0.030963851138949394,0.983808157409305
17,66,713,18,0.0321798101067543,0.9941244790599166
17,67,713,18,0.03143296018242836,1.0723508915761417
17,68,713,18,0.03134864196181297,1.2027737924438064
17,69,713,18,0.033853765577077866,1.3456309353009492
17,70,713,18,0.032203491777181625,1.4884880781580923
17,71,713,18,0.03322722762823105,1.631345221015235
17,72,713,18,0.032321278005838394,1.7742023638723778
17,73,713,18,0.034594591706991196,1.9170595067295206
17,74,713,18,0.0325431190431118,2.0599166495866634
17,75,713,18,0.032138701528310776,2.2027737924438062
17,76,713,18,0.03324267268180847,2.3456309353009495
17,77,713,18,0.035823918879032135,2.4884880781580923
17,78,713,20,0.0316559299826622,1.295552367288378
17,79,713,20,0.03235112503170967,1.2752613240418105
17,80,713,20,0.03430163860321045,1.2822982851677247
17,81,713,20,0.0352451354265213,1.3166632506661191
17,82,713,23,0.032496605068445206,1.6178861788617884
17,83,713,23,0.033500202000141144,1.4298695087791202
17,84,713,23,0.034200605005025864,1.246430279428844
17,85,713,23,0.0338287279009819,1.0903190544510477
17,86,713,23,0.0338597297668457,0.9615358338457332
17,87,713,23,0.035091154277324677,0.8600806176128989
17,88,713,23,0.034726329147815704,0.7859534057525447
17,89,713,23,0.03320851922035217,0.7540479606476728
17,90,713,26,0.03350050002336502,2.4638928742228603
17,91,713,26,0.03298286721110344,2.1102684976429593
17,92,713,26,0.0329882875084877,1.7839721254355403
17,93,713,26,0.03576543554663658,1.4998975199836033
17,94,713,26,0.03268192335963249,1.270478923276628
17,95,713,29,0.03507430478930473,3.4162738266038124
17,96,713,29,0.033552415668964386,2.919792307166769
17,97,713,29,0.03460689261555672,2.450638792102207
17,98,713,29,0.034525513648986816,2.008813281410125
17,99,713,32,0.03295087441802025,4.27341668374667
17,100,713,32,0.03408729285001755,3.7293161166905784
17,101,713,32,0.03592099994421005,3.212543554006969
17,102,713,32,0.03592931851744652,2.7230989956958394
17,103,713,32,0.03501151129603386,2.4038395846143343
17,104,713,32,0.0369180403649807,2.1119081779053097
17,105,713,32,0.03746151924133301,1.8473047755687648
17,106,713,32,0.03512969985604286,1.6249231399877024
17,107,713,32,0.03711865842342377,1.4571975131516017
17,108,713,32,0.0348014198243618,1.344127895060463
17,109,713,32,0.03473253548145294,1.2857142857142858
17,110,713,32,0.0364144928753376,1.2670629227300683
17,111,713,32,0.03713805601000786,1.4185967069754741
17,112,713,32,0.03680136054754257,1.59745849559336
17,113,713,32,0.03496579825878143,1.8036482885837262
17,114,713,32,0.03708463907241821,2.037166085946574
17,115,713,32,0.0363757461309433,2.2980118876819016
17,116,713,32,0.03562924265861511,2.4408690305390444
17,117,713,33,0.034854140132665634,1.7530914804946374
17,118,713,33,0.03690177574753761,1.8756575801052129
17,119,713,33,0.039697565138339996,2.0255516840882684
17,120,713,33,0.03661174699664116,2.059916649586663
17,121,713,33,0.03626153618097305,2.1075356972057104
17,122,713,33,0.038953520357608795,2.1551547448247583
17,123,713,33,0.036691728979349136,2.202773792443806
17,124,713,33,0.03460182249546051,2.2503928400628532
17,125,713,33,0.037112973630428314,2.298011887681901
17,126,713,35,0.03646447882056236,1.0222723235635718
17,127,713,35,0.034610774368047714,0.9895470383275262
17,128,713,35,0.03723219782114029,0.996583999453439
17,129,713,35,0.03664744272828102,1.0309489649518333
17,130,713,35,0.0382646806538105,1.0926419348227092
17,131,713,35,0.03758329153060913,1.1816629090660653
17,132,713,35,0.03802921995520592,1.2980118876819016
17,133,713,35,0.036023687571287155,1.4408690305390446
17,134,713,35,0.03668442368507385,1.5837261733961874
17,135,713,35,0.03524300456047058,1.7265833162533302
17,136,713,38,0.036162376403808594,1.0464576074332161
17,137,713,38,0.03822837397456169,0.8733346997335515
17,138,713,38,0.037784311920404434,0.732117237138756
17,139,713,38,0.03956538066267967,0.6455557832889236
17,140,713,38,0.03862161561846733,0.6136503381840529
17,141,713,38,0.040189478546381,0.6364009018241441
17,142,713,38,0.036817025393247604,0.7138074742091957
17,143,713,38,0.03943033516407013,0.8458700553392076
17,144,713,38,0.039471209049224854,1.0168750427000057
17,145,713,40,0.037130750715732574,0.8451868552298962
17,146,713,40,0.037765588611364365,0.6923549907767989
17,147,713,40,0.0399375818669796,0.6190476190476184
17,148,713,40,0.038726016879081726,0.6003962560633996
17,149,713,40,0.036807071417570114,0.6364009018241441
17,150,713,42,0.039956606924533844,1.3226754116280655
17,151,713,42,0.03865446150302887,1.0456377673020425
17,152,713,42,0.03767569735646248,0.8240759718521538
17,153,713,42,0.03810839727520943,0.6844981895197083
17,154,713,42,0.04059338569641113,0.6269044203047062
17,155,713,42,0.03762687370181084,0.651294664207146
17,156,713,42,0.03915254771709442,0.7576689212270279
17,157,713,42,0.039875224232673645,0.8951287832206053
17,158,713,42,0.04080834984779358,1.0599166495866643
17,159,713,42,0.04097987338900566,1.2503928400628548
17,160,713,42,0.038395386189222336,1.4408690305390452
17,161,713,42,0.039848703891038895,1.6313452210152357
17,162,713,42,0.04072025045752525,1.8218214114914262
17,163,713,45,0.040443822741508484,0.987224157955864
17,164,713,46,0.041198015213012695,1.4655325544852082
17,165,713,46,0.04092787951231003,1.1408758625401378
17,166,713,48,0.04221242666244507,2.7019881123180975
17,167,713,48,0.0397113561630249,2.348363735738197
17,168,713,48,0.041197359561920166,2.0220673635307764
17,169,713,48,0.0440811812877655,1.7230989956958374
17,170,713,48,0.040901001542806625,1.45145863223338
17,171,713,48,0.038612473756074905,1.3032042085126716
17,172,713,51,0.04143731668591499,3.4638928742228594
17,173,713,51,0.044158387929201126,3.062649450023911
17,174,713,56,0.041876085102558136,7.368654778984764
17,175,713,56,0.04211334139108658,6.729316116690577
17,176,713,56,0.04365278780460358,6.117305458768871
17,177,713,56,0.043949149549007416,5.532622805219647
17,178,713,56,0.04247956722974777,4.975268156042904
17,179,713,56,0.04166103154420853,4.445241511238641
17,180,713,56,0.04672592878341675,3.942542870806858
17,181,713,56,0.04526229575276375,3.4671722347475558
17,182,713,56,0.04266708716750145,3.0191296030607346
17,183,713,56,0.04424729198217392,2.5984149757463952
17,184,713,56,0.04804356396198273,2.347885495661679
17,185,713,56,0.04621778801083565,2.1723030675684902
17,186,713,56,0.04815775901079178,2.0240486438477823
17,187,713,56,0.04783463105559349,1.9983603197376507
17,188,713,56,0.0462968684732914,1.9999999999999993
17,189,713,56,0.04700912535190582,2.0289676846348295
17,190,713,56,0.049025896936655045,2.1009769761563155
17,191,713,56,0.04816509783267975,2.2276422764227637
17,192,713,56,0.04482843726873398,2.393249982919998
17,193,713,56,0.04472547769546509,2.6313452210152355
17,194,713,56,0.050433654338121414,2.8694404591104736
17,195,713,56,0.05107501894235611,2.8694404591104736
17,196,713,56,0.05069154500961304,2.8694404591104736
17,197,713,56,0.05008469894528389,2.8694404591104736
17,198,713,56,0.0536467581987381,2.8694404591104736
17,199,713,56,0.06080184876918793,2.8694404591104736
17,200,713,56,0.0629781037569046,2.8694404591104736
17,201,713,56,0.05774887651205063,2.8694404591104736
17,202,713,56,0.05753530189394951,2.8694404591104736
17,203,713,58,0.06257922947406769,1.533647605383618
17,204,713,58,0.057063303887844086,1.465737514518003
17,205,713,60,0.05425534397363663,1.3349730135956828
17,206,713,60,0.05368700250983238,1.1718248274919725
17,207,713,60,0.059397272765636444,1.0360046457607424
17,208,713,60,0.05629079043865204,0.9275124684019939
17,209,713,60,0.05341961979866028,0.846348295415727
17,210,713,61,0.05409987270832062,0.9342078294732536
17,211,713,61,0.05837651342153549,0.7921705267472845
17,212,713,61,0.05832185968756676,0.7047892327662757
17,213,713,61,0.056918445974588394,0.6720639475302301
17,214,713,61,0.05887060984969139,0.6948145111703212
17,215,713,61,0.060117874294519424,0.7722210835553728
17,216,713,61,0.060349754989147186,0.8893899023023841
17,217,713,61,0.05761365592479706,1.0338867254218758
17,218,713,63,0.05819147825241089,0.9052401448384221
17,219,713,63,0.05822737514972687,0.7515884402541497
17,220,713,63,0.05711366981267929,0.6799207487873192
17,221,713,63,0.059987738728523254,0.6910569105691045
17,222,713,63,0.05648570507764816,0.7841770854683331
17,223,713,63,0.05731571465730667,0.9435676709708279
17,224,713,64,0.05647527053952217,0.563093530094965
17,225,713,64,0.05474401265382767,0.6616109858577576
17,226,713,64,0.053244367241859436,0.7444148391063733
17,227,713,64,0.05367596447467804,0.881874701099952
17,228,713,64,0.05523552745580673,1.0599166495866643
17,229,713,64,0.05589571222662926,1.2503928400628548
17,230,713,64,0.05540793761610985,1.4408690305390452
17,231,713,66,0.056684378534555435,0.5776456924233099
17,232,713,66,0.05776938796043396,0.49190407870465114
17,233,713,66,0.058471646159887314,0.48814647810343714
17,234,713,67,0.05866434425115585,0.6460340233654442
17,235,713,67,0.057399097830057144,0.5002391200382583
17,236,713,67,0.05852481350302696,0.46375623420099593
17,237,713,67,0.0582994781434536,0.536585365853657
17,238,713,67,0.05737508460879326,0.7030129124820661
17,239,713,68,0.05812563747167587,0.4223543075766901
17,240,713,68,0.055810362100601196,0.3920885427341669
17,241,713,68,0.05812951549887657,0.47031495525039346
17,242,713,68,0.058111049234867096,0.614811778369885
17,243,713,68,0.059938594698905945,0.7998906879825101
17,244,713,68,0.05687353387475014,1.0122976019676166
17,245,713,68,0.05659077689051628,1.202773792443807
17,246,713,68,0.05909788981080055,1.3932499829199976
17,247,713,68,0.05740515887737274,1.583726173396188
17,248,713,69,0.061161041259765625,0.9435676709708273
17,249,713,69,0.06058143079280853,1.1137528182004504
17,250,713,69,0.058243606239557266,1.3112659698025548
17,251,713,69,0.058967165648937225,1.5361071257771397
17,252,713,69,0.0582035556435585,1.6789642686342827
17,253,713,69,0.05830976739525795,1.8218214114914255
17,254,713,68,0.0587308444082737,2.9170595067295215
17,255,713,68,0.059422239661216736,2.964678554348569
17,256,713,69,0.059350479394197464,2.168408826945412
17,257,713,69,0.058616604655981064,2.2089909134385457
17,258,713,68,0.05850306898355484,3.202773792443807
17,259,713,68,0.058813340961933136,3.2503928400628546
17,260,713,69,0.05606677755713463,2.40650406504065
17,261,713,70,0.05638597160577774,1.7319805971168958
17,262,713,70,0.061359651386737823,1.7187265149962425
17,263,713,70,0.06258304417133331,1.7319805971168958
17,264,713,69,0.0644046813249588,2.631345221015235
17,265,713,70,0.05640353634953499,1.8210015713602519
17,266,713,69,0.06506337970495224,2.774202363872378
17,267,713,69,0.06518018990755081,2.8218214114914253
17,268,713,69,0.05761760100722313,2.869440459110473
17,269,713,69,0.053004007786512375,2.869440459110473
17,270,713,69,0.059862490743398666,2.869440459110473
17,271,713,69,0.056780215352773666,2.869440459110473
17,272,713,69,0.056478336453437805,2.869440459110473
17,273,713,69,0.05416136607527733,2.869440459110473
17,274,713,68,0.057559020817279816,3.821821411491426
17,275,713,69,0.059989530593156815,2.937350549976088
17,276,713,68,0.05774501711130142,3.8694404591104736
17,277,713,68,0.0557173527777195,3.821821411491426
17,278,713,68,0.05791132152080536,3.7742023638723787
17,279,713,68,0.05842180550098419,3.7742023638723787
17,280,713,68,0.05418511480093002,3.7742023638723787
17,281,713,68,0.05509771406650543,3.726583316253331
17,282,713,68,0.05656374990940094,3.6313452210152355
17,283,713,68,0.05698053538799286,3.5361071257771406
17,284,713,68,0.05650106072425842,3.4408690305390452
17,285,713,68,0.0579303540289402,3.393249982919998
17,286,713,68,0.054987553507089615,3.2980118876819025
17,287,713,68,0.05524119734764099,3.2503928400628546
17,288,713,68,0.055892497301101685,3.202773792443807
17,289,713,68,0.05596687272191048,3.1551547448247597
17,290,713,68,0.05835883319377899,3.1075356972057118
17,291,713,68,0.05643545463681221,3.0599166495866643
17,292,713,68,0.05805908143520355,3.0122976019676164
17,293,713,68,0.05859221890568733,2.964678554348569
17,294,713,68,0.05592801794409752,2.9170595067295215
17,295,713,68,0.057198666036129,2.9170595067295215
17,296,713,68,0.06019555777311325,2.8694404591104736
17,297,713,68,0.058746010065078735,2.8694404591104736
17,298,713,68,0.05851391330361366,2.8694404591104736
17,299,713,68,0.05783776938915253,2.8694404591104736
17,300,713,68,0.05709291249513626,2.8694404591104736
17,301,713,68,0.058007292449474335,2.8694404591104736
17,302,713,68,0.059535734355449677,2.8694404591104736
17,303,713,68,0.059837065637111664,2.8694404591104736
17,304,713,68,0.055128611624240875,2.8694404591104736
17,305,713,68,0.05846087262034416,2.8694404591104736
17,306,713,68,0.05955227091908455,2.8694404591104736
17,307,713,68,0.06133568286895752,2.8694404591104736
17,308,713,68,0.05883853882551193,2.8694404591104736
17,309,713,68,0.06226849928498268,2.8694404591104736
17,310,713,68,0.06415251642465591,2.8694404591104736
17,311,713,68,0.06276042759418488,2.8694404591104736
17,312,713,68,0.06286821514368057,2.8694404591104736
17,313,713,67,0.06670088320970535,3.821821411491426
17,314,713,68,0.06074034050107002,2.889731502357041
17,315,713,68,0.05973624065518379,2.86240349798456
17,316,713,66,0.06338504701852798,4.726583316253331
17,317,713,66,0.06054871901869774,4.631345221015236
17,318,713,66,0.06153476610779762,4.53610712577714
17,319,713,66,0.06334462761878967,4.440869030539045
17,320,713,66,0.06350968033075333,4.34563093530095
17,321,713,66,0.06391013413667679,4.250392840062855
17,322,713,66,0.06366561353206635,4.15515474482476
17,323,713,66,0.06546846032142639,4.059916649586664
17,324,713,66,0.06369953602552414,3.964678554348569
17,325,713,66,0.06390014290809631,3.8694404591104736
17,326,713,66,0.06354376673698425,3.7742023638723787
17,327,713,66,0.06478003412485123,3.6789642686342834
17,328,713,66,0.06646783649921417,3.583726173396188
17,329,713,66,0.06141137704253197,3.4884880781580927
17,330,713,66,0.06437749415636063,3.393249982919998
17,331,713,67,0.06884746998548508,2.467377194780352
17,332,713,67,0.06841317564249039,2.351848056295689
17,333,713,67,0.06700550764799118,2.263646922183508
17,334,713,67,0.0675266832113266,2.2503928400628546
17,335,713,67,0.06660375744104385,2.202773792443807
17,336,713,67,0.06810209900140762,2.1551547448247597
17,337,713,67,0.06564296782016754,2.202773792443807
17,338,713,67,0.06536482274532318,2.2503928400628546
17,339,713,67,0.0649808868765831,2.2980118876819025
17,340,713,67,0.06565061956644058,2.34563093530095
17,341,713,67,0.0666152834892273,2.393249982919998
17,342,713,67,0.06449204683303833,2.4408690305390452
17,343,713,67,0.06691811233758926,2.4884880781580927
17,344,713,66,0.0645371675491333,3.4884880781580927
17,345,713,66,0.06674178689718246,3.4884880781580927
17,346,713,66,0.06432109326124191,3.4884880781580927
17,347,713,66,0.06616691499948502,3.4884880781580927
17,348,713,66,0.06522296369075775,3.4884880781580927
17,349,713,66,0.06602046638727188,3.4884880781580927
17,350,713,126,0.06713012605905533,53.654369064699054
17,351,713,126,0.0697336420416832,50.82455421192867
17,352,713,126,0.06720736622810364,48.069686411149824
17,353,713,126,0.06515772640705109,45.34214661474346
17,354,713,126,0.07119264453649521,42.64193482270957
17,355,713,126,0.069184809923172,39.96905103504817
17,356,713,129,0.06599634885787964,39.60675001708
17,357,713,129,0.06678410619497299,36.681697069071525
17,358,713,129,0.06720796972513199,33.78397212543554
17,359,713,129,0.06932120770215988,30.913575186172032
17,360,713,129,0.06949126720428467,28.070506251281
17,361,713,129,0.07039065659046173,25.269659083145445
17,362,713,129,0.07028048485517502,22.52346792375487
17,363,713,129,0.06999465823173523,19.831932773109244
17,364,713,126,0.0718313530087471,18.285714285714285
17,365,713,126,0.07391457259654999,15.83849149415864
17,366,713,126,0.072174571454525,13.418596706975471
17,367,713,126,0.07132215052843094,11.026029924164787
17,368,713,126,0.06793570518493652,8.660791145726582
17,369,713,126,0.07207990437746048,6.32288037166086
17,370,713,126,0.06998798996210098,4.0122976019676155
17,371,713,126,0.06760192662477493,4.0122976019676155
17,372,713,126,0.06857580691576004,4.0122976019676155
17,373,713,125,0.06977217644453049,4.964678554348568
17,374,713,125,0.06851359456777573,4.917059506729521
17,375,713,125,0.06748150289058685,4.869440459110473
17,376,713,125,0.06654106825590134,4.821821411491426
17,377,713,125,0.06808467954397202,4.631345221015235
17,378,713,125,0.0704459547996521,4.440869030539044
17,379,713,125,0.07042316347360611,4.250392840062854
17,380,713,125,0.06528755277395248,4.059916649586664
17,381,713,125,0.06572985649108887,3.869440459110473
17,382,713,125,0.07262424379587173,3.6789642686342825
17,383,713,125,0.07173535227775574,3.4884880781580923
17,384,713,125,0.0665222778916359,3.2980118876819016
17,385,713,125,0.06713072210550308,3.250392840062854
17,386,713,125,0.07079662382602692,3.2027737924438062
17,387,713,125,0.07351633161306381,3.1551547448247588
17,388,713,125,0.07023455947637558,3.1075356972057113
17,389,713,125,0.06810533255338669,3.0599166495866634
17,390,713,125,0.06733211874961853,3.012297601967616
17,391,713,125,0.07391513139009476,2.9646785543485685
17,392,713,125,0.07312443852424622,2.9170595067295206
17,393,713,125,0.07115655392408371,2.869440459110473
17,394,713,125,0.06984604150056839,2.869440459110473
17,395,713,125,0.07588180899620056,2.869440459110473
17,396,713,125,0.07101929187774658,2.869440459110473
17,397,713,125,0.07433360069990158,2.869440459110473
17,398,713,125,0.07314953953027725,2.869440459110473
17,399,713,125,0.07372018694877625,2.869440459110473
17,400,713,125,0.07246457040309906,2.869440459110473
17,401,713,125,0.070342056453228,2.869440459110473
17,402,713,125,0.0716797485947609,2.869440459110473
17,403,713,125,0.07387454807758331,2.869440459110473
17,404,713,125,0.07079676538705826,2.869440459110473
17,405,713,125,0.07116580009460449,2.869440459110473
17,406,713,125,0.07201658189296722,2.869440459110473
17,407,713,125,0.07329025119543076,2.869440459110473
17,408,713,125,0.0728343203663826,2.869440459110473
17,409,713,125,0.07432644814252853,2.869440459110473
17,410,713,125,0.0738682672381401,2.869440459110473
17,411,713,125,0.0735357403755188,2.869440459110473
17,412,713,125,0.07488738000392914,2.869440459110473
17,413,713,125,0.07419458776712418,2.869440459110473
17,414,713,125,0.07554562389850616,2.869440459110473
17,415,713,125,0.07618148624897003,2.869440459110473
17,416,713,122,0.07540201395750046,5.72658331625333
17,417,713,125,0.07383280247449875,2.9849695975951356
17,418,713,122,0.07648544758558273,5.583726173396188
17,419,713,122,0.07572034001350403,5.440869030539044
17,420,713,122,0.07709919661283493,5.298011887681902
17,421,713,122,0.07976948469877243,5.155154744824759
17,422,713,122,0.07651717960834503,5.0122976019676155
17,423,713,122,0.07738586515188217,4.869440459110473
17,424,713,122,0.07642357796430588,4.72658331625333
17,425,713,122,0.07540740817785263,4.583726173396188
17,426,713,122,0.07676176726818085,4.440869030539044
17,427,713,122,0.07936998456716537,4.298011887681902
17,428,713,122,0.0786079466342926,4.155154744824759
17,429,713,122,0.0786605030298233,4.0122976019676155
17,430,713,122,0.07782042026519775,3.869440459110473
17,431,713,122,0.0789981409907341,3.7265833162533304
17,432,713,122,0.07774720340967178,3.5837261733961876
17,433,713,122,0.08042252063751221,3.4408690305390444
17,434,713,122,0.08005795627832413,3.2980118876819016
17,435,713,122,0.08049546927213669,3.1551547448247588
17,436,713,122,0.0790974572300911,3.012297601967616
17,437,713,122,0.08096203207969666,3.012297601967616
17,438,713,122,0.0796360895037651,2.869440459110473
17,439,713,122,0.08018071204423904,2.869440459110473
17,440,713,122,0.07910748571157455,2.869440459110473
17,441,713,122,0.08331067115068436,2.869440459110473
17,442,713,122,0.08572220802307129,2.869440459110473
17,443,713,122,0.08284318447113037,2.869440459110473
17,444,713,122,0.08234624564647675,2.869440459110473
17,445,713,122,0.08494432270526886,2.869440459110473
17,446,713,122,0.08573990315198898,2.869440459110473
17,447,713,122,0.08694397658109665,2.869440459110473
17,448,713,122,0.08411041647195816,2.869440459110473
17,449,713,122,0.08513010293245316,2.869440459110473
17,450,713,122,0.08381634205579758,2.869440459110473
17,451,713,122,0.08769316971302032,2.869440459110473
17,452,713,125,0.09191758185625076,1.3664002186240347
17,453,713,125,0.08926741033792496,1.250871080139372
17,454,713,125,0.08797637373209,1.162669946027191
17,455,713,125,0.08029795438051224,1.10179681628749
17,456,713,125,0.08765652775764465,1.0682516909202693
17,457,713,125,0.08981017023324966,1.0620345699255302
17,458,713,125,0.0832270160317421,1.0831454533032714
17,459,713,125,0.08277822285890579,1.131584341053494
17,460,713,127,0.07656355947256088,0.9076996652319478
17,461,713,127,0.08186415582895279,0.7524082803853254
17,462,713,129,0.08567500859498978,2.1781785885085747
17,463,713,129,0.08518113940954208,1.8721732595477214
17,464,713,129,0.092231385409832,1.5934959349593485
17,465,713,129,0.10111010819673538,1.3421466147434584
17,466,713,133,0.10213439911603928,4.65436906469905
17,467,713,133,0.10615356266498566,4.157887545262007
17,468,713,133,0.10908984392881393,3.688734030197443
17,469,713,134,0.1080547645688057,4.035321445651432
17,470,713,134,0.10797738283872604,3.5052948008471687
17,471,713,134,0.10781730711460114,3.0299241647878663
17,472,713,134,0.10960454493761063,2.609209537473527
17,473,713,134,0.1088116466999054,2.371934139509462
17,474,713,134,0.1031961664557457,2.1619867459178783
17,475,713,136,0.10529468953609467,2.9400833504133366
17,476,713,136,0.1077503189444542,2.4444216711074667
17,477,713,136,0.1019439697265625,2.018309762929559
17,478,713,136,0.10183069854974747,1.6741818678690974
17,479,713,136,0.10020802170038223,1.4120379859260765
17,480,713,136,0.09727825224399567,1.216984354717497
17,481,713,136,0.09751742333173752,1.1718248274919731
17,482,713,136,0.09984444826841354,1.180501468880236
17,483,713,136,0.10187739133834839,1.3117442098790744
17,484,713,136,0.0981292724609375,1.4703149552503927
17,485,713,136,0.09781479090452194,1.6562137049941914
17,486,713,136,0.09504131227731705,1.8694404591104732
17,487,713,136,0.0964028388261795,2.012297601967616
17,488,713,136,0.09563105553388596,2.1551547448247588
17,489,713,136,0.09835118800401688,2.2980118876819016
17,490,713,136,0.09404658526182175,2.393249982919997
17,491,713,136,0.09465064853429794,2.4884880781580923
17,492,713,136,0.08978935331106186,2.5837261733961876
17,493,713,136,0.09156575053930283,2.6789642686342825
17,494,713,136,0.09467929601669312,2.774202363872378
17,495,713,136,0.09612865000963211,2.869440459110473
17,496,713,136,0.09016789495944977,2.869440459110473
17,497,713,136,0.08986454457044601,2.869440459110473
17,498,713,136,0.09334258735179901,2.869440459110473
17,499,713,136,0.09466295689344406,2.869440459110473
17,500,713,136,0.09842720627784729,2.869440459110473
17,501,713,136,0.09149595350027084,2.869440459110473
17,502,713,136,0.09046090394258499,2.869440459110473
17,503,713,136,0.09337969124317169,2.869440459110473
17,504,713,138,0.0902891531586647,1.533647605383616
17,505,713,138,0.09140416234731674,1.465737514518001
17,506,713,138,0.0933757796883583,1.4251554280248662
17,507,713,138,0.08626142144203186,1.4119013459042142
17,508,713,138,0.08807601779699326,1.4259752681560425
17,509,713,138,0.08868511021137238,1.4673771947803511
17,510,713,138,0.08682288229465485,1.5361071257771397
17,511,713,138,0.08749371767044067,1.631345221015235
17,512,713,138,0.08341463655233383,1.7265833162533302
17,513,713,138,0.08574461936950684,1.8218214114914255
17,514,713,138,0.08538380265235901,1.9170595067295206
17,515,713,138,0.08376497030258179,2.012297601967616
17,516,713,138,0.08101922273635864,2.1075356972057113
17,517,713,138,0.08366227895021439,2.2027737924438062
17,518,713,138,0.08655697852373123,2.2980118876819016
17,519,713,138,0.08484886586666107,2.393249982919997
17,520,713,138,0.08677377551794052,2.4884880781580923
17,521,713,138,0.08631826192140579,2.5837261733961876
17,522,713,138,0.08820335566997528,2.6789642686342825
17,523,713,138,0.08762006461620331,2.774202363872378
17,524,713,138,0.0870572105050087,2.869440459110473
17,525,713,138,0.08319075405597687,2.869440459110473
17,526,713,138,0.08907638490200043,2.869440459110473
17,527,713,138,0.08551150560379028,2.869440459110473
17,528,713,138,0.08248529583215714,2.869440459110473
17,529,713,138,0.08161717653274536,2.869440459110473
17,530,713,138,0.0835908055305481,2.869440459110473
17,531,713,138,0.08632241934537888,2.869440459110473
17,532,713,138,0.08542199432849884,2.869440459110473
17,533,713,138,0.085804283618927,2.869440459110473
17,534,713,138,0.08313103020191193,2.869440459110473
17,535,713,138,0.09090407192707062,2.869440459110473
17,536,713,138,0.08614522963762283,2.869440459110473
17,537,713,138,0.08884153515100479,2.869440459110473
17,538,713,138,0.08097855746746063,2.869440459110473
17,539,713,138,0.08146773278713226,2.869440459110473
17,540,713,138,0.08652237057685852,2.869440459110473
17,541,713,138,0.08317165821790695,2.869440459110473
17,542,713,138,0.08088326454162598,2.869440459110473
17,543,713,138,0.08115517348051071,2.869440459110473
17,544,713,138,0.08104776591062546,2.869440459110473
17,545,713,138,0.07968167215585709,2.869440459110473
17,546,713,138,0.07974451780319214,2.869440459110473
17,547,713,138,0.08104007691144943,2.869440459110473
17,548,713,138,0.08073451370000839,2.869440459110473
17,549,713,138,0.08083867281675339,2.869440459110473
17,550,713,138,0.08043981343507767,2.869440459110473
17,551,713,138,0.0792679712176323,2.869440459110473
17,552,713,146,0.08241977542638779,4.749607159937146
17,553,713,146,0.08476781100034714,4.395982783357245
17,554,713,146,0.08072929084300995,4.069686411149824
17,555,713,146,0.08079275488853455,3.7707180433148872
17,556,713,146,0.08029436320066452,3.4990776798524297
17,557,713,146,0.08240436017513275,3.2547653207624525
17,558,713,146,0.08204019069671631,3.0377809660449553
17,559,713,146,0.07944831252098083,2.8481246156999385
17,560,713,146,0.07904966920614243,2.685796269727402
17,561,713,146,0.08287902921438217,2.5507959281273482
17,562,713,146,0.07788929343223572,2.443123590899775
17,563,713,146,0.0775940790772438,2.3627792580446814
17,564,713,146,0.07840967178344727,2.3097629295620683
17,565,713,146,0.07907082140445709,2.2840746054519356
17,566,713,152,0.0835651233792305,5.130559540889527
17,567,713,152,0.07943050563335419,4.491220878595341
17,568,713,152,0.08623696863651276,3.879210220673634
17,569,713,152,0.08160601556301117,3.294527567124411
17,570,713,152,0.08152413368225098,2.737172917947668
17,571,713,152,0.07701537758111954,2.2071462731434046
17,572,713,152,0.08762802183628082,1.704447632711622
17,573,713,152,0.07690198719501495,1.6100293776047006
17,574,713,152,0.07729040831327438,1.5429391268702592
17,575,713,152,0.07843823730945587,1.5031768805083008
17,576,713,152,0.07954934239387512,1.4907426385188225
17,577,713,152,0.07967391610145569,1.5056364009018244
17,578,713,152,0.08194784075021744,1.5478581676573067
17,579,713,152,0.08165338635444641,1.617407938785269
17,580,713,152,0.08175849169492722,1.7142857142857142
17,581,713,152,0.085004523396492,1.8384914941586399
17,582,713,152,0.0813646987080574,1.9900252784040455
17,583,713,152,0.08583123236894608,2.1688870670219313
17,584,713,152,0.08386047184467316,2.3750768600122973
17,585,713,152,0.08238936215639114,2.6085946573751437
17,586,713,152,0.08736620098352432,2.869440459110473
17,587,713,152,0.08551998436450958,2.869440459110473
17,588,713,152,0.08413095027208328,2.869440459110473
17,589,713,152,0.0842103362083435,2.869440459110473
17,590,713,152,0.08291810005903244,2.869440459110473
17,591,713,152,0.08285057544708252,2.869440459110473
17,592,713,152,0.08470609784126282,2.869440459110473
17,593,713,152,0.07952895015478134,2.869440459110473
17,594,713,152,0.07918320596218109,2.869440459110473
17,595,713,152,0.08020145446062088,2.869440459110473
17,596,713,152,0.08031344413757324,2.869440459110473
17,597,713,152,0.08090733736753464,2.869440459110473
17,598,713,158,0.08268596231937408,2.8448452551752412
17,599,713,158,0.0825713500380516,2.5864589738334356
17,600,713,158,0.08035856485366821,2.3554006968641104
17,601,713,158,0.08027216047048569,2.151670424267268
17,602,713,162,0.08225731551647186,5.511511921841908
17,603,713,162,0.08255870640277863,5.062649450023912
17,604,713,162,0.0819292888045311,4.641114982578396
17,605,713,162,0.07976680248975754,4.2469085195053635
17,606,713,162,0.079774871468544,3.8800300608048106
17,607,713,162,0.0826219692826271,3.540479606476738
17,608,713,162,0.08325595408678055,3.228257156521146
17,609,713,164,0.08105061948299408,4.083760333401653
17,610,713,164,0.08134535700082779,3.567807610849216
17,611,713,164,0.08299481123685837,3.1065108970417414
17,612,713,164,0.08123227208852768,2.6998701919792305
17,613,713,164,0.07921172678470612,2.3478854956616795
17,614,713,164,0.08266592025756836,2.0505568080890892
17,615,713,164,0.08253797143697739,1.8078841292614594
17,616,713,164,0.08134016394615173,1.619047619047619
17,617,713,164,0.07960152626037598,1.4575391132062587
17,618,713,164,0.08042383939027786,1.3233586117373788
17,619,713,164,0.08176808059215546,1.5022204003552648
17,620,713,187,0.08263284713029861,20.27341668374667
17,621,713,164,0.0819784477353096,3.0371660859465726
17,622,713,164,0.08275888115167618,3.2980118876819016
17,623,713,185,0.08293759077787399,16.879210220673638
17,624,713,164,0.08162844926118851,4.488488078158092
17,625,713,185,0.08164463937282562,15.798046047687368
17,626,713,171,0.07955382764339447,5.451458632233382
17,627,713,185,0.08405597507953644,14.438204550112724
17,628,713,185,0.0820484310388565,13.452278472364556
17,629,713,185,0.090017169713974,12.493680398988865
17,630,713,185,0.08128585666418076,11.657648425223748
17,631,713,185,0.08567257970571518,10.848944455831113
17,632,713,185,0.08046969771385193,10.06756849081096
17,633,713,185,0.0926780179142952,9.313520530163284
17,634,713,177,0.08729203045368195,8.586800573888095
17,635,713,177,0.08713870495557785,8.26836100293776
17,636,713,177,0.09006639569997787,7.977249436359909
17,637,713,185,0.10332227498292923,7.549497847919657
17,638,713,177,0.09378033131361008,7.857962697274031
17,639,713,177,0.08903665095567703,7.648835143813623
17,640,713,177,0.09400096535682678,7.4670355947256954
17,641,713,177,0.10473062098026276,6.881533101045296
17,642,713,185,0.09270402044057846,5.879893420782948
17,643,713,185,0.09199120104312897,5.1805014688802355
17,644,713,185,0.08691408485174179,4.934549429527906
17,645,713,185,0.09625708311796188,4.262485481997676
17,646,713,186,0.09362182766199112,3.9751315160210434
17,647,713,185,0.093138687312603,3.780077884812464
17,648,713,185,0.08686323463916779,3.5887818542050973
17,649,713,185,0.09895464032888412,3.39748582359773
17,650,713,185,0.08943434804677963,3.2061897929903633
17,651,713,185,0.08836866915225983,3.014893762383002
17,652,713,185,0.08264965564012527,2.8235977317756378
17,653,713,185,0.097452811896801,2.6323017011682737
17,654,713,185,0.08951258659362793,2.441005670560907
17,655,713,185,0.08721219003200531,2.442645350823254
17,656,713,185,0.08671639859676361,2.4716130354580845
17,657,713,185,0.09853409975767136,2.5279087244653975
17,658,713,185,0.09386458992958069,2.418596706975474
17,659,713,185,0.08933015912771225,2.502220400355265
17,660,713,185,0.08596009761095047,2.6131720981075355
17,661,713,185,0.09503009170293808,2.7514518002322865
17,662,713,185,0.08845631033182144,2.9170595067295206
17,663,713,185,0.08377905189990997,2.9170595067295206
17,664,713,185,0.08505114912986755,2.9170595067295206
17,665,713,185,0.08827786147594452,2.9170595067295206
17,666,713,185,0.0862559974193573,2.9170595067295206
17,667,713,185,0.0847613587975502,2.869440459110473
17,668,713,185,0.08734261244535446,2.869440459110473
17,669,713,185,0.08658052235841751,2.869440459110473
17,670,713,185,0.08765656501054764,2.869440459110473
17,671,713,185,0.08785631507635117,2.869440459110473
17,672,713,185,0.08584298938512802,2.869440459110473
17,673,713,185,0.08555569499731064,2.869440459110473
17,674,713,186,0.08797278255224228,2.0388057662089225
17,675,713,186,0.09119534492492676,2.018514722962355
17,676,713,186,0.09201989322900772,2.025551684088268
17,677,713,186,0.09294835478067398,2.0599166495866634
17,678,713,188,0.09558926522731781,1.1759240281478442
17,679,713,188,0.09735531359910965,1.0603948896631816
17,680,713,188,0.09698381274938583,0.9721937555509991
17,681,713,188,0.09587014466524124,0.9121404659424732
17,682,713,188,0.09888496994972229,0.9067431850789078
17,683,713,189,0.10248112678527832,0.6761631481861059
17,684,713,189,0.10168399661779404,0.5817448930791843
17,685,713,189,0.1037057489156723,0.5568764091002252
17,686,713,190,0.1031418889760971,0.5743663318986104
17,687,713,191,0.10247308015823364,1.1305595408895268
17,688,713,191,0.10748803615570068,0.8721732595477214
17,689,713,191,0.11118733882904053,0.656008744961398
17,690,713,191,0.1100943312048912,0.5093940015030398
17,691,713,191,0.11239347606897354,0.4580173532827741
17,692,713,191,0.11499334126710892,0.5043383206941301
17,693,713,191,0.11802961677312851,0.6591514654642332
17,694,713,192,0.11261677742004395,0.43314886930382035
17,695,713,193,0.11688725650310516,0.7785748445719735
17,696,713,193,0.12113215774297714,0.5437589670014328
17,697,713,195,0.11880994588136673,1.987702398032384
17,698,713,195,0.11742658168077469,1.5864589738334356
17,699,713,195,0.11942850798368454,1.3077816492450627
17,700,713,196,0.12184008955955505,1.8448452551752412
17,701,713,196,0.12160562723875046,1.5052948008471687
17,702,713,196,0.12270369380712509,1.2204003552640568
17,703,713,196,0.12377434223890305,0.9901619184259077
17,704,713,196,0.12326226383447647,0.8481246156999386
17,705,713,196,0.12377004325389862,0.7491289198606252
17,706,713,196,0.12261250615119934,0.719682995149277
17,707,713,196,0.12157262861728668,0.8198401311744197
17,708,713,196,0.12238726019859314,0.9386486301837798
17,709,713,196,0.12097099423408508,1.110473457675753
17,710,713,196,0.12080077081918716,1.3096262895402062
17,711,713,196,0.12194544076919556,1.5361071257771397
17,712,713,196,0.12435191124677658,1.7742023638723778
