mode,repeat,frame,processing_ms,read_decode_ms,queue_ms,end_to_end_ms,elapsed_s,valid_score,score,alarm_active
capacity,0,0,3.8731112144887447,0.3115180879831314,0.00018998980522155762,3.8733012042939663,0.0038885700050741434,False,,
capacity,0,1,3.804390085861087,0.31599588692188263,0.00015995465219020844,3.804550040513277,0.007717486005276442,False,,
capacity,0,2,3.795514116063714,0.31121796928346157,0.00010989606380462646,3.7956240121275187,0.011536082951352,False,,
capacity,0,3,4.254869883880019,0.305837020277977,8.009374141693115e-05,4.254949977621436,0.01581265381537378,False,,
capacity,0,4,3.8348969537764788,0.3088219091296196,0.00010104849934577942,3.8349980022758245,0.019669572822749615,False,,
capacity,0,5,3.7962449714541435,0.3094039857387543,0.00012991949915885925,3.7963748909533024,0.023487869882956147,False,,
capacity,0,6,3.7900640163570642,0.3029520157724619,7.986091077327728e-05,3.7901438772678375,0.0272995438426733,False,,
capacity,0,7,3.7895420100539923,0.3033219836652279,0.00012014061212539673,3.7896621506661177,0.03111093700863421,False,,
capacity,0,8,3.8901420775800943,0.3029520157724619,8.987262845039368e-05,3.8902319502085447,0.035022829892113805,False,,
capacity,0,9,3.763332962989807,0.29564788565039635,0.00012014061212539673,3.7634531036019325,0.038807923905551434,False,,
capacity,0,10,3.7825191393494606,0.29866304248571396,0.00010081566870212555,3.7826199550181627,0.04261208395473659,False,,
capacity,0,11,3.792006056755781,0.30083698220551014,0.00012107193470001221,3.792127128690481,0.04642579099163413,False,,
capacity,0,12,4.250762984156609,0.2959389239549637,0.00010989606380462646,4.250872880220413,0.05069817486219108,False,,
capacity,0,13,3.841700032353401,0.3013990353792906,9.988434612751007e-05,3.8417999166995287,0.05456161592155695,False,,
capacity,0,14,3.772609867155552,0.3033229149878025,9.010545909404755e-05,3.772699972614646,0.05835600686259568,False,,
capacity,0,15,4.00296482257545,0.3018300049006939,9.010545909404755e-05,4.003054928034544,0.062386854784563184,False,,
capacity,0,16,4.574944963678718,0.3029720392078161,9.010545909404755e-05,4.575035069137812,0.06698412192054093,False,,
capacity,0,17,3.9920140989124775,0.30669919215142727,9.988434612751007e-05,3.992113983258605,0.0709986079018563,False,,
capacity,0,18,4.005960887297988,0.30747102573513985,0.00010011717677116394,4.006061004474759,0.07502697082236409,False,,
capacity,0,19,3.995611099526286,0.30998513102531433,0.00010989606380462646,3.9957209955900908,0.07904636696912348,False,,
capacity,0,20,4.565527196973562,0.30775112099945545,0.00011990778148174286,4.565647104755044,0.08363496698439121,False,,
capacity,0,21,4.019156098365784,0.31554605811834335,0.00013993121683597565,4.01929602958262,0.08767844899557531,False,,
capacity,0,22,3.996592015028,0.31212903559207916,0.00013085082173347473,3.9967228658497334,0.09169838484376669,False,,
capacity,0,23,4.002985078841448,0.31351204961538315,0.00010989606380462646,4.0030949749052525,0.09572385298088193,False,,
capacity,0,24,4.593238001689315,0.3132109995931387,0.00012107193470001221,4.593359073624015,0.10033967392519116,False,,
capacity,0,25,4.007342969998717,0.31099701300263405,8.987262845039368e-05,4.007432842627168,0.10436960984952748,False,,
capacity,0,26,4.00319485925138,0.3102249465882778,0.000141095370054245,4.003335954621434,0.10839516785927117,False,,
capacity,0,27,4.010458942502737,0.31921197660267353,0.00012991949915885925,4.010588862001896,0.11242823977954686,False,,
capacity,0,28,4.618266131728888,0.32083503901958466,0.00011990778148174286,4.618386039510369,0.11706846696324646,False,,
capacity,0,29,4.025337053462863,0.3221980296075344,0.00011990778148174286,4.025456961244345,0.12111593596637249,False,,
capacity,0,30,3.996071871370077,0.321847852319479,0.00013015232980251312,3.9962020236998796,0.12513420986942947,False,,
capacity,0,31,4.009987926110625,0.3238110803067684,0.00012107193470001221,4.010108998045325,0.12916618981398642,False,,
capacity,0,32,4.605171037837863,0.3236709162592888,0.00011990778148174286,4.605290945619345,0.1337947049178183,False,,
capacity,0,33,4.009627038612962,0.32595498487353325,0.00012107193470001221,4.009748110547662,0.13782719592563808,False,,
capacity,0,34,4.011340904980898,0.3279079683125019,0.00011106021702289581,4.011451965197921,0.14186114980839193,False,,
capacity,0,35,4.105588886886835,0.3218068741261959,0.00012014061212539673,4.1057090274989605,0.1459946008399129,True,0.031271563395391284,False
capacity,0,36,4.6796719543635845,0.3172189462929964,8.987262845039368e-05,4.679761826992035,0.1507004618179053,True,0.028044491917355488,False
capacity,0,37,4.202191019430757,0.3402919974178076,0.00010989606380462646,4.202300915494561,0.1549331909045577,True,0.012821774873670972,False
capacity,0,38,4.073728108778596,0.32372004352509975,0.00010081566870212555,4.073828924447298,0.15903325891122222,True,0.01896670448003675,False
capacity,0,39,4.054391989484429,0.3229889553040266,0.00010011717677116394,4.0544921066612005,0.16311146598309278,True,0.02494850098577622,False
capacity,0,40,4.620781168341637,0.32049510627985,0.00011990778148174286,4.620901076123118,0.16775577096268535,True,0.019639448821777154,False
capacity,0,41,4.558482905849814,0.32937200739979744,0.00010989606380462646,4.558592801913619,0.17233857978135347,True,0.02517899901738655,False
capacity,0,42,4.076784010976553,0.3205749671906233,0.00011012889444828033,4.076894139871001,0.1764395299833268,True,0.03360740034094111,False
capacity,0,43,4.540699999779463,0.32017496414482594,9.010545909404755e-05,4.540790105238557,0.18100418499670923,True,0.09182618189567883,False
capacity,0,44,4.058138933032751,0.3207859117537737,0.00011012889444828033,4.058249061927199,0.18508667987771332,True,0.07113164867647272,False
capacity,0,45,4.05097589828074,0.3188119735568762,0.00011012889444828033,4.051086027175188,0.1891614708583802,True,0.04881207697349421,False
capacity,0,46,4.029233939945698,0.3183309454470873,0.00010011717677116394,4.029334057122469,0.19321449985727668,True,0.047929267390129156,False
capacity,0,47,4.536492051556706,0.3196538891643286,0.00011012889444828033,4.536602180451155,0.19777500699274242,True,0.03207759861235524,False
capacity,0,48,4.051116062328219,0.3294020425528288,9.988434612751007e-05,4.051215946674347,0.20185054885223508,True,0.02632675009072862,False
capacity,0,49,4.059811821207404,0.3248529974371195,0.00010011717677116394,4.059911938384175,0.205933554796502,True,0.017834937286068112,False
capacity,0,50,4.036949016153812,0.31919311732053757,7.986091077327728e-05,4.037028877064586,0.20999378780834377,True,0.06780326486779686,False
capacity,0,51,4.079097881913185,0.3214459866285324,9.010545909404755e-05,4.079187987372279,0.2140963808633387,True,0.05072138275937103,False
capacity,0,52,4.225994925945997,0.39669801481068134,0.000141095370054245,4.2261360213160515,0.21835224283859134,True,0.040384552328492945,False
capacity,0,53,4.065853077918291,0.32142619602382183,9.988434612751007e-05,4.065952962264419,0.2224427128676325,True,0.09156302130434424,False
capacity,0,54,4.069068934768438,0.31997403129935265,8.009374141693115e-05,4.069149028509855,0.22653580782935023,True,0.062376501404531506,False
capacity,0,55,4.676116164773703,0.32656616531312466,0.00011990778148174286,4.676236072555184,0.23123609996400774,True,0.05671428455717416,False
capacity,0,56,4.068057984113693,0.3233610186725855,0.00010989606380462646,4.068167880177498,0.23532999586313963,True,0.040899257008739864,False
capacity,0,57,4.045955836772919,0.32300991006195545,9.010545909404755e-05,4.046045942232013,0.23939997679553926,True,0.031909265964999704,False
capacity,0,58,4.06270707026124,0.32122619450092316,9.988434612751007e-05,4.0628069546073675,0.2434866998810321,True,0.022338720358797314,False
capacity,0,59,4.591004922986031,0.3209160640835762,9.010545909404755e-05,4.591095028445125,0.2481017408426851,True,0.020866743951651813,False
capacity,0,60,4.047448979690671,0.32052514143288136,8.987262845039368e-05,4.047538852319121,0.25217396579682827,True,0.07774698608945979,False
capacity,0,61,4.039994906634092,0.32112584449350834,8.009374141693115e-05,4.040075000375509,0.25623783585615456,True,0.067701310220452,False
capacity,0,62,4.056846024468541,0.3209260758012533,7.986091077327728e-05,4.056925885379314,0.26031839684583247,True,0.08527313164515983,False
capacity,0,63,4.5937299728393555,0.32251887023448944,8.009374141693115e-05,4.593810066580772,0.2649364029057324,True,0.06806073023269409,False
capacity,0,64,4.075911827385426,0.3222278319299221,0.00010011717677116394,4.076011944562197,0.2690370518248528,True,0.05041507545007058,False
capacity,0,65,4.060132894665003,0.3212669398635626,8.009374141693115e-05,4.06021298840642,0.27312152087688446,True,0.03864514242454147,False
capacity,0,66,4.052107920870185,0.32183690927922726,9.010545909404755e-05,4.052198026329279,0.2771972438786179,True,0.05437733602653405,False
capacity,0,67,4.566467832773924,0.324952881783247,9.010545909404755e-05,4.566557938233018,0.2817888588178903,True,0.04835407693289049,False
capacity,0,68,4.0836569387465715,0.3363238647580147,9.103678166866302e-05,4.08374797552824,0.2859002389013767,True,0.04922322742078588,False
capacity,0,69,4.071224015206099,0.33203698694705963,0.00017997808754444122,4.071403993293643,0.28999915486201644,True,0.04011387871255979,False
capacity,0,70,4.055483965203166,0.32204692251980305,9.010545909404755e-05,4.05557407066226,0.2940809188876301,True,0.0358355293391762,False
capacity,0,71,4.561638925224543,0.32428186386823654,8.009374141693115e-05,4.5617190189659595,0.29866611189208925,True,0.03516307703416551,False
capacity,0,72,4.046987975016236,0.32861996442079544,7.986091077327728e-05,4.04706783592701,0.3027388087939471,True,0.01791007692797104,False
capacity,0,73,4.04125708155334,0.3265759442001581,9.103678166866302e-05,4.041348118335009,0.3068036609329283,True,0.040199499736138185,False
capacity,0,74,4.040976986289024,0.32335100695490837,7.986091077327728e-05,4.041056847199798,0.3108684017788619,True,0.05671182175518795,False
capacity,0,75,4.645728040486574,0.31997403129935265,9.988434612751007e-05,4.645827924832702,0.3155437458772212,True,0.048367092897502836,False
capacity,0,76,4.0421378798782825,0.32561388798058033,9.103678166866302e-05,4.042228916659951,0.31960997986607254,True,0.123502313757378,False
capacity,0,77,4.046706948429346,0.32273889519274235,8.009374141693115e-05,4.046787042170763,0.3236812639515847,True,0.06454917201393215,False
capacity,0,78,4.044873872771859,0.32418197952210903,0.00010011717677116394,4.04497398994863,0.32774969283491373,True,0.009224940241623888,False
capacity,0,79,4.5447880402207375,0.3250639420002699,8.009374141693115e-05,4.544868133962154,0.3323180649895221,True,0.041794668654888914,False
capacity,0,80,4.066354129463434,0.31977309845387936,0.00010081566870212555,4.066454945132136,0.33640866493806243,True,0.09417515316492822,False
capacity,0,81,4.040054976940155,0.31586596742272377,6.984919309616089e-05,4.040124826133251,0.3404725647997111,True,0.05027628086468619,False
capacity,0,82,4.0349450428038836,0.318652018904686,9.010545909404755e-05,4.035035148262978,0.3445309139788151,True,0.04376858320878166,False
capacity,0,83,4.555498016998172,0.3183309454470873,9.010545909404755e-05,4.555588122457266,0.34910968597978354,True,0.08123153414100003,False
capacity,0,84,4.03435411863029,0.31463406048715115,7.986091077327728e-05,4.034433979541063,0.353167864959687,True,0.03196416062181636,False
capacity,0,85,4.051134921610355,0.3182899672538042,0.00010104849934577942,4.051235970109701,0.3572424747981131,True,0.033140638572819056,False
capacity,0,86,4.030487034469843,0.3178901970386505,8.987262845039368e-05,4.030576907098293,0.36129669682122767,True,0.08332487218899003,False
capacity,0,87,4.63381502777338,0.3161560744047165,0.00010104849934577942,4.633916076272726,0.36595410690642893,True,0.05224845469186226,False
capacity,0,88,4.0284330025315285,0.31580589711666107,0.00010011717677116394,4.0285331197083,0.3700067459139973,True,0.055296257783049634,False
capacity,0,89,4.04368108138442,0.31782896257936954,0.00011106021702289581,4.043792141601443,0.3740741719957441,True,0.06830957790748567,False
capacity,0,90,4.030726850032806,0.31773000955581665,0.00010011717677116394,4.030826967209578,0.37812863383442163,True,0.0565614003497865,False
capacity,0,91,4.614870063960552,0.3182911314070225,8.987262845039368e-05,4.614959936589003,0.3827670789323747,True,0.0663014993016693,False
capacity,0,92,4.041517851874232,0.32268883660435677,8.009374141693115e-05,4.041597945615649,0.38683278183452785,True,0.05186747930546384,False
capacity,0,93,4.050333984196186,0.32216799445450306,9.010545909404755e-05,4.05042408965528,0.3909082938916981,True,0.09799143421041809,False
capacity,0,94,4.0321811102330685,0.3140331245958805,8.987262845039368e-05,4.032270982861519,0.3949641289655119,True,0.08426244118339128,False
capacity,0,95,4.633564967662096,0.31408295035362244,0.00010989606380462646,4.633674863725901,0.3996212878264487,True,0.03890719976048442,False
capacity,0,96,4.036718048155308,0.3225179389119148,0.00011106021702289581,4.036829108372331,0.40368303400464356,True,0.06325251447666926,False
capacity,0,97,4.054361954331398,0.32343086786568165,0.00011012889444828033,4.054472083225846,0.4077613209374249,True,0.046117963470174786,False
capacity,0,98,4.042319022119045,0.3217069897800684,7.986091077327728e-05,4.0423988830298185,0.41182729485444725,True,0.061558314330136844,False
capacity,0,99,4.617064027115703,0.3224590327590704,0.00010989606380462646,4.617173923179507,0.4164681339170784,True,0.04876810701925931,False
capacity,0,100,4.045856185257435,0.31808018684387207,8.987262845039368e-05,4.045946057885885,0.42053783498704433,True,0.054004155878378104,False
capacity,0,101,4.046698100864887,0.32880110666155815,7.986091077327728e-05,4.0467779617756605,0.4246085179038346,True,0.0630195688536356,False
capacity,0,102,4.04640706256032,0.3223591484129429,8.987262845039368e-05,4.04649693518877,0.4286780778784305,True,0.04863706891658468,False
capacity,0,103,4.59730695001781,0.3250229638069868,8.987262845039368e-05,4.59739682264626,0.43329866882413626,True,0.045243661358165266,False
capacity,0,104,4.060243023559451,0.32165716402232647,0.00010989606380462646,4.060352919623256,0.43738283682614565,True,0.0319607655259993,False
capacity,0,105,4.055324010550976,0.3196639008820057,9.010545909404755e-05,4.05541411601007,0.44146175496280193,True,0.032945093420134915,False
capacity,0,106,4.043581895530224,0.32168696634471416,7.008202373981476e-05,4.043651977553964,0.4455290618352592,True,0.04162822817476878,False
capacity,0,107,4.6585919335484505,0.3238208591938019,9.010545909404755e-05,4.6586820390075445,0.4502110378816724,True,0.02775167226597818,False
capacity,0,108,4.055324010550976,0.32199802808463573,6.984919309616089e-05,4.055393859744072,0.4542911588214338,True,0.03331773567735223,False
capacity,0,109,4.072736948728561,0.318711856380105,7.008202373981476e-05,4.072807030752301,0.4583886319305748,True,0.03815223806377495,False
capacity,0,110,4.064291017130017,0.3195330500602722,9.988434612751007e-05,4.064390901476145,0.4624763769097626,True,0.04071778075700618,False
capacity,0,111,4.591445904225111,0.31943293288350105,8.009374141693115e-05,4.591525997966528,0.46709183789789677,True,0.049572303502981044,False
capacity,0,112,4.0817230474203825,0.32463204115629196,9.103678166866302e-05,4.081814084202051,0.4712031469680369,True,0.033186413793791336,False
capacity,0,113,4.0515570435673,0.3201640211045742,9.988434612751007e-05,4.051656927913427,0.47528117382898927,True,0.050762948933303485,False
capacity,0,114,4.0275410283356905,0.3170180134475231,8.987262845039368e-05,4.027630900964141,0.47933333087712526,True,0.08893834530475435,False
capacity,0,115,4.554064944386482,0.31576608307659626,0.00010104849934577942,4.554165992885828,0.4839113818015903,True,0.049283148164775054,False
capacity,0,116,4.0447639767080545,0.3161767963320017,0.00010011717677116394,4.044864093884826,0.48798181395977736,True,0.025429190963801796,False
capacity,0,117,4.044602857902646,0.3209458664059639,0.00010011717677116394,4.044702975079417,0.4920508428476751,True,0.1155742235991214,False
capacity,0,118,4.024306079372764,0.3142028581351042,0.00010011717677116394,4.024406196549535,0.496098964009434,True,0.053036078023035435,False
capacity,0,119,4.5667290687561035,0.31698797829449177,0.00011106021702289581,4.566840128973126,0.5006895379628986,True,0.06405118039345267,False
capacity,0,120,4.038011189550161,0.31987414695322514,9.988434612751007e-05,4.038111073896289,0.504751292988658,True,0.10480220355855684,False
capacity,0,121,4.032129887491465,0.32221805304288864,0.00010011717677116394,4.032230004668236,0.5088071278296411,True,0.05342810646212534,False
capacity,0,122,4.04111691750586,0.31825085170567036,9.010545909404755e-05,4.041207022964954,0.5128719299100339,True,0.03280126022648923,False
capacity,0,123,4.649515962228179,0.31697889789938927,0.00010989606380462646,4.649625858291984,0.5175509408582002,True,0.013056913425436486,False
capacity,0,124,4.042098997160792,0.3210760187357664,9.010545909404755e-05,4.042189102619886,0.5216170749627054,True,0.0032287586183666044,False
capacity,0,125,4.027570830658078,0.32305996865034103,0.00011012889444828033,4.0276809595525265,0.5256686208304018,True,0.008726911978689246,False
capacity,0,126,4.033652832731605,0.32306998036801815,8.009374141693115e-05,4.0337329264730215,0.5297256878111511,True,0.020280533851629784,False
capacity,0,127,4.385286942124367,0.3250639420002699,0.00010011717677116394,4.385387059301138,0.5341346699278802,True,0.008330104654903983,False
capacity,0,128,4.047850146889687,0.31643803231418133,0.00010989606380462646,4.047960042953491,0.5382062939461321,True,0.052551201937900874,False
capacity,0,129,4.033281933516264,0.31836098060011864,9.988434612751007e-05,4.0333818178623915,0.5422645527869463,True,0.03220379832973305,False
capacity,0,130,4.041016101837158,0.3169281408190727,8.102506399154663e-05,4.04109712690115,0.5463289839681238,True,0.012904462640237906,False
capacity,0,131,4.628565860912204,0.32006390392780304,9.010545909404755e-05,4.628655966371298,0.5509811248630285,True,0.025000805615660704,False
capacity,0,132,4.039374180138111,0.3155861049890518,0.00011990778148174286,4.039494087919593,0.5550443129613996,True,0.0258945728844862,False
capacity,0,133,4.039853811264038,0.3178499173372984,9.010545909404755e-05,4.039943916723132,0.559107941808179,True,0.010069026806374684,False
capacity,0,134,4.031339194625616,0.31791022047400475,7.986091077327728e-05,4.031419055536389,0.5631628059782088,True,0.007914607464487779,False
capacity,0,135,4.163317149505019,0.31746900640428066,9.988434612751007e-05,4.163417033851147,0.5673496469389647,True,0.03298024751923088,False
capacity,0,136,4.049141891300678,0.3157360479235649,0.00010011717677116394,4.049242008477449,0.5714220628142357,True,0.05003326059708458,False
capacity,0,137,4.04497398994863,0.3167269751429558,6.0070306062698364e-05,4.045034060254693,0.57549047190696,True,0.04906828359283385,False
capacity,0,138,4.047087859362364,0.31404290348291397,8.009374141693115e-05,4.047167953103781,0.5795613848604262,True,0.08192136950473958,False
capacity,0,139,4.59765805862844,0.32119685783982277,9.010545909404755e-05,4.597748164087534,0.5841825869865716,True,0.04375725071901245,False
capacity,0,140,4.031419055536389,0.31626690179109573,9.010545909404755e-05,4.031509160995483,0.5882374399807304,True,0.053806803796981814,False
capacity,0,141,4.039724124595523,0.31484407372772694,8.987262845039368e-05,4.039813997223973,0.5923007479868829,True,0.08193018366344895,False
capacity,0,142,4.045865032821894,0.31548505648970604,0.00010104849934577942,4.0459660813212395,0.5963700579013675,True,0.029389775880756655,False
capacity,0,143,4.624337889254093,0.314133008942008,8.009374141693115e-05,4.62441798299551,0.6010179508011788,True,0.08857134807053067,False
capacity,0,144,4.044683882966638,0.31509483233094215,0.00011012889444828033,4.044794011861086,0.6050874108914286,True,0.05770812422055137,False
capacity,0,145,4.040454979985952,0.31562591902911663,8.987262845039368e-05,4.040544852614403,0.6091516008600593,True,0.05877942089318577,False
capacity,0,146,4.03326191008091,0.3141527995467186,8.009374141693115e-05,4.033342003822327,0.6132083178963512,True,0.1292907242419271,False
capacity,0,147,4.263467155396938,0.3151651471853256,8.987262845039368e-05,4.263557028025389,0.6174954089801759,True,0.13642217850115232,False
capacity,0,148,4.032100085169077,0.31282007694244385,0.00010011717677116394,4.032200202345848,0.6215511839836836,True,0.05585500187600243,False
capacity,0,149,4.0395238902419806,0.3184408415108919,9.010545909404755e-05,4.039613995701075,0.6256154738366604,True,0.07167447849330123,False
capacity,0,150,4.038061015307903,0.3180198837071657,0.00010011717677116394,4.0381611324846745,0.6296771799679846,True,0.1462282971704186,False
capacity,0,151,4.6254300978034735,0.32073608599603176,9.988434612751007e-05,4.625529982149601,0.6343261438887566,True,0.08705791599114075,False
capacity,0,152,4.042349988594651,0.3177099861204624,7.986091077327728e-05,4.0424298495054245,0.6383919478394091,True,0.05215697419392509,False
capacity,0,153,4.040976986289024,0.3198839258402586,6.0070306062698364e-05,4.041037056595087,0.642456438858062,True,0.043899087439633735,False
capacity,0,154,4.0451050736010075,0.3205051179975271,8.009374141693115e-05,4.045185167342424,0.6465250579640269,True,0.07901809037503743,False
capacity,0,155,4.558383021503687,0.32099499367177486,8.102506399154663e-05,4.5584640465676785,0.6511072758585215,True,0.03060917158702127,False
capacity,0,156,4.046967951580882,0.31982408836483955,7.986091077327728e-05,4.047047812491655,0.6551779077854007,True,0.0790827913742301,False
capacity,0,157,4.044333007186651,0.31971302814781666,9.010545909404755e-05,4.044423112645745,0.6592457259539515,True,0.11610801447596233,False
capacity,0,158,4.036167869344354,0.31666806899011135,0.00010011717677116394,4.036267986521125,0.663305367808789,True,0.0794242690849935,False
capacity,0,159,4.316706908866763,0.319021986797452,0.00010011717677116394,4.316807026043534,0.6676456888671964,True,0.05916729913106268,False
capacity,0,160,4.037460079416633,0.321617117151618,9.988434612751007e-05,4.03755996376276,0.6717068338766694,True,0.10203489945050861,False
capacity,0,161,4.04270994476974,0.3211658913642168,8.102506399154663e-05,4.042790969833732,0.6757733188569546,True,0.08288685235970843,False
capacity,0,162,4.04808996245265,0.3204240929335356,8.102506399154663e-05,4.048170987516642,0.6798451337963343,True,0.09870260807212669,False
capacity,0,163,4.5801440719515085,0.32265903428196907,8.987262845039368e-05,4.580233944579959,0.6844490629155189,True,0.06814175519382487,False
capacity,0,164,4.046967951580882,0.3167879767715931,8.009374141693115e-05,4.047048045322299,0.6885204568970948,True,0.04057303331277556,False
capacity,0,165,4.043390974402428,0.31576608307659626,9.988434612751007e-05,4.043490858748555,0.6925872818101197,True,0.12491240738785535,False
capacity,0,166,4.037350183352828,0.3218981437385082,8.987262845039368e-05,4.037440055981278,0.6966483669821173,True,0.09111865143348521,False
capacity,0,167,4.129423992708325,0.32516405917704105,7.008202373981476e-05,4.129494074732065,0.7008018859196454,True,0.057059160264562384,False
capacity,0,168,4.032330121845007,0.3183309454470873,8.987262845039368e-05,4.032419994473457,0.7048576499801129,True,0.09650543496206747,False
capacity,0,169,4.044953966513276,0.3160869237035513,0.00010989606380462646,4.045063862577081,0.7089314488694072,True,0.07864326061303346,False
capacity,0,170,4.0809218771755695,0.3154450096189976,0.00010989606380462646,4.081031773239374,0.7130361457820982,True,0.14229392836275503,False
capacity,0,171,4.5875979121774435,0.31602708622813225,6.0070306062698364e-05,4.587657982483506,0.7176475687883794,True,0.06374193372584039,False
capacity,0,172,4.047208931297064,0.32173702493309975,0.00011012889444828033,4.047319060191512,0.7217184528708458,True,0.03514558183265114,False
capacity,0,173,4.0403748862445354,0.31986390240490437,8.009374141693115e-05,4.040454979985952,0.7257839047815651,True,0.0949697623409582,False
capacity,0,174,4.045345121994615,0.32084505073726177,8.987262845039368e-05,4.045434994623065,0.7298527949023992,True,0.06509129229230465,False
capacity,0,175,4.642642103135586,0.3229090943932533,8.987262845039368e-05,4.642731975764036,0.7345193119253963,True,0.04572023318843542,False
capacity,0,176,4.040295025333762,0.3196329344063997,9.010545909404755e-05,4.040385130792856,0.7385833419393748,True,0.057846877729730045,False
capacity,0,177,4.075080854818225,0.3244329709559679,0.00010011717677116394,4.075180971994996,0.7426818967796862,True,0.037152121082769884,False
capacity,0,178,4.049693001434207,0.326335895806551,0.00010011717677116394,4.049793118610978,0.7467550549190491,True,0.026188269707356257,False
capacity,0,179,4.1217501275241375,0.3264769911766052,8.987262845039368e-05,4.121840000152588,0.7509004489984363,True,0.03201861640073872,False
capacity,0,180,4.023002926260233,0.32054493203759193,6.0070306062698364e-05,4.023062996566296,0.754947145935148,True,0.0767189469697003,False
capacity,0,181,4.025958012789488,0.319513026624918,7.986091077327728e-05,4.026037873700261,0.7589964577928185,True,0.05747835836733275,False
capacity,0,182,4.031167831271887,0.3185709938406944,0.00010011717677116394,4.031267948448658,0.7630513207986951,True,0.03875958021383752,False
capacity,0,183,4.588460084050894,0.3231500741094351,9.988434612751007e-05,4.588559968397021,0.7676635659299791,True,0.036285079505970985,False
capacity,0,184,4.04816004447639,0.32530399039387703,7.986091077327728e-05,4.048239905387163,0.7717360318638384,True,0.02288342707293929,False
capacity,0,185,4.037460079416633,0.3218080382794142,0.00010989606380462646,4.037569975480437,0.7757969058584422,True,0.05333995313531339,False
capacity,0,186,4.02975594624877,0.3220981452614069,9.988434612751007e-05,4.029855830594897,0.779850386781618,True,0.04294254232530504,False
capacity,0,187,4.648743895813823,0.32336986623704433,0.00011012889444828033,4.648854024708271,0.7845225648488849,True,0.021097092140620406,False
capacity,0,188,4.036547848954797,0.31712884083390236,0.00011012889444828033,4.036657977849245,0.788582706823945,True,0.061524159258081565,False
capacity,0,189,4.047109046950936,0.3251440357416868,8.987262845039368e-05,4.047198919579387,0.7926535608712584,True,0.0455314573944398,False
capacity,0,190,4.011091077700257,0.32034493051469326,7.986091077327728e-05,4.011170938611031,0.7966883359476924,True,0.030525302673972778,False
capacity,0,191,4.263867856934667,0.323230866342783,9.010545909404755e-05,4.263957962393761,0.8009759278502315,True,0.06474667707907333,False
capacity,0,192,4.0288439486175776,0.315255019813776,9.010545909404755e-05,4.028934054076672,0.8050285258796066,True,0.053557222854895996,False
capacity,0,193,4.038110841065645,0.3187209367752075,9.103678166866302e-05,4.038201877847314,0.8090900918468833,True,0.04654711190200693,False
capacity,0,194,4.0366691537201405,0.3186610992997885,8.987262845039368e-05,4.036759026348591,0.8131501949392259,True,0.06427491732726694,False
capacity,0,195,4.616082180291414,0.3207151312381029,9.988434612751007e-05,4.616182064637542,0.817789840977639,True,0.0704267748032724,False
capacity,0,196,4.046817077323794,0.3244520630687475,6.984919309616089e-05,4.0468869265168905,0.821860282914713,True,0.050796283137691634,False
capacity,0,197,4.040235187858343,0.319513026624918,7.986091077327728e-05,4.040315048769116,0.8259295129682869,True,0.032348022592119975,False
capacity,0,198,4.042969783768058,0.3203537780791521,7.008202373981476e-05,4.043039865791798,0.8299960577860475,True,0.030759252799844893,False
capacity,0,199,4.114645998924971,0.3228401765227318,6.984919309616089e-05,4.114715848118067,0.8341341877821833,True,0.051910320017561525,False
capacity,0,200,4.039354156702757,0.31913304701447487,6.984919309616089e-05,4.039424005895853,0.8381968759931624,True,0.03506120440376718,False
capacity,0,201,4.046757938340306,0.3184909000992775,9.010545909404755e-05,4.0468480437994,0.8422675288747996,True,0.10025498939538006,False
capacity,0,202,4.028953844681382,0.3160459455102682,9.103678166866302e-05,4.029044881463051,0.846319826785475,True,0.06485697432032267,False
capacity,0,203,4.610711941495538,0.31663686968386173,9.103678166866302e-05,4.610802978277206,0.8509544339030981,True,0.04721199064319811,False
capacity,0,204,4.03005606494844,0.31601707451045513,8.987262845039368e-05,4.03014593757689,0.8550081439316273,True,0.08567409521172838,False
capacity,0,205,4.034173907712102,0.3171588759869337,9.010545909404755e-05,4.034264013171196,0.859065641881898,True,0.04428579657074235,False
capacity,0,206,4.028002033010125,0.3166880924254656,8.987262845039368e-05,4.0280919056385756,0.8631173688918352,True,0.09997100321330864,False
capacity,0,207,4.657750949263573,0.3168981056660414,9.010545909404755e-05,4.657841054722667,0.8677988748531789,True,0.12702041065853453,False
capacity,0,208,4.052218049764633,0.3178301267325878,9.988434612751007e-05,4.052317934110761,0.8718766109086573,True,0.1068674555247082,False
capacity,0,209,4.049363080412149,0.31643803231418133,0.00010011717677116394,4.049463197588921,0.8759550279937685,True,0.08505749673491651,False
capacity,0,210,4.027842078357935,0.3168380353599787,6.984919309616089e-05,4.027911927551031,0.8800062239170074,True,0.06248810507925455,False
capacity,0,211,4.203624092042446,0.3184610977768898,8.987262845039368e-05,4.2037139646708965,0.8842334318906069,True,0.135448884927677,False
capacity,0,212,4.0307368617504835,0.31553488224744797,0.00010011717677116394,4.030836978927255,0.8882879437878728,True,0.06614480542739602,False
capacity,0,213,4.035766934975982,0.31563593074679375,8.987262845039368e-05,4.035856807604432,0.8923475258052349,True,0.03334041031005669,False
capacity,0,214,4.045977024361491,0.3145439550280571,7.986091077327728e-05,4.0460568852722645,0.8964170368853956,True,0.12125335266094801,False
capacity,0,215,4.59889997728169,0.31763012520968914,0.00010989606380462646,4.599009873345494,0.9010396208614111,True,0.08317274048676344,False
capacity,0,216,4.030266078189015,0.31598610803484917,8.987262845039368e-05,4.030355950817466,0.9050936119165272,True,0.05764428812160857,False
capacity,0,217,4.027952207252383,0.3155851736664772,7.986091077327728e-05,4.0280320681631565,0.9091452090069652,True,0.11686260161326334,False
capacity,0,218,4.041007021442056,0.3226189874112606,9.010545909404755e-05,4.04109712690115,0.9132094599772245,True,0.07627050341711507,False
capacity,0,219,4.62226290255785,0.31408178620040417,0.00011106021702289581,4.622373962774873,0.9178550268989056,True,0.04368291750896576,False
capacity,0,220,4.045495064929128,0.32115611247718334,0.00010989606380462646,4.045604960992932,0.9219242369290441,True,0.05685917315956823,False
capacity,0,221,4.016038961708546,0.3156759776175022,8.009374141693115e-05,4.016119055449963,0.9259638709481806,True,0.06694234563326808,False
capacity,0,222,4.028493072837591,0.3133609425276518,9.010545909404755e-05,4.028583178296685,0.9300156179815531,True,0.11997007184804329,False
capacity,0,223,4.170580999925733,0.31880103051662445,0.00011082738637924194,4.170691827312112,0.9342095737811178,True,0.06797188431266299,False
capacity,0,224,4.01968602091074,0.31297001987695694,9.103678166866302e-05,4.019777057692409,0.9382525240071118,True,0.04704377178757284,False
capacity,0,225,4.0424291510134935,0.31436304561793804,7.986091077327728e-05,4.042509011924267,0.9423180869780481,True,0.14047481357368227,False
capacity,0,226,4.0209488943219185,0.31516491435468197,0.00010011717677116394,4.02104901149869,0.946362730814144,True,0.04172231189132959,False
capacity,0,227,4.601984983310103,0.31688809394836426,0.00010011717677116394,4.602085100486875,0.9509880898986012,True,0.02375413296290951,False
capacity,0,228,4.0453949477523565,0.31205895356833935,9.010545909404755e-05,4.045485053211451,0.9550564589444548,True,0.09761010512583711,False
capacity,0,229,4.033773904666305,0.31541590578854084,9.010545909404755e-05,4.033864010125399,0.9591134758666158,True,0.0873260475093754,False
capacity,0,230,4.040155094116926,0.313902972266078,8.987262845039368e-05,4.040244966745377,0.9631772749125957,True,0.04713143992017754,False
capacity,0,231,4.554895916953683,0.3148140385746956,0.00011106021702289581,4.555006977170706,0.9677556958049536,True,0.09079877289363665,False
capacity,0,232,4.046456888318062,0.3263459075242281,7.101334631443024e-05,4.046527901664376,0.9718256578780711,True,0.02877269988353616,False
capacity,0,233,4.053029930219054,0.32347114756703377,8.987262845039368e-05,4.053119802847505,0.975903924787417,True,0.024442613549225105,False
capacity,0,234,4.03830106370151,0.31881104223430157,8.102506399154663e-05,4.038382088765502,0.97996606095694,True,0.012683436440508324,False
capacity,0,235,4.0955799631774426,0.32524392008781433,0.00010989606380462646,4.095689859241247,0.9840906758327037,True,0.015093507560613726,False
capacity,0,236,4.035535966977477,0.3201039507985115,7.008202373981476e-05,4.035606049001217,0.9881510988343507,True,0.01573952841337732,False
capacity,0,237,4.038352053612471,0.32031419686973095,9.988434612751007e-05,4.038451937958598,0.9922131658531725,True,0.06448523413312249,False
capacity,0,238,4.025428090244532,0.3203251399099827,0.00011990778148174286,4.025547998026013,0.9962617869023234,True,0.12350359667787919,False
capacity,0,239,4.637902835384011,0.3190718125551939,0.00010011717677116394,4.638002952560782,1.0009230538271368,True,0.09244098212071986,False
capacity,0,240,4.033172037452459,0.3184308297932148,7.008202373981476e-05,4.033242119476199,1.0049798809923232,True,0.05442381241880383,False
capacity,0,241,4.050894873216748,0.3193928860127926,9.010545909404755e-05,4.050984978675842,1.009054189780727,True,0.04578334827047995,False
capacity,0,242,4.039244027808309,0.31686807051301,7.008202373981476e-05,4.039314109832048,1.0131171089597046,True,0.03505337298655136,False
capacity,0,243,4.590854048728943,0.3197831101715565,9.080395102500916e-05,4.590944852679968,1.0177313168533146,True,0.02256344410423735,False
capacity,0,244,4.044383065775037,0.3265461418777704,8.987262845039368e-05,4.044472938403487,1.021799584850669,True,0.05482802181632832,False
capacity,0,245,4.055303987115622,0.3244131803512573,8.987262845039368e-05,4.055393859744072,1.0258783427998424,True,0.008298372182088839,False
capacity,0,246,4.413047805428505,0.3210660070180893,8.009374141693115e-05,4.413127899169922,1.0303198148030788,True,0.020817226874786314,False
capacity,0,247,4.09139203839004,0.3230900038033724,0.00011990778148174286,4.091511946171522,1.0344349518418312,True,0.003546407882159584,False
capacity,0,248,4.055073019117117,0.3243421670049429,6.984919309616089e-05,4.055142868310213,1.0385135398246348,True,0.0013015350352003927,False
capacity,0,249,4.046668065711856,0.3308751620352268,0.00010989606380462646,4.0467779617756605,1.0425836718641222,True,0.005193403469247605,False
capacity,0,250,4.045986104756594,0.3242921084165573,0.00010081566870212555,4.046086920425296,1.0466535328887403,True,0.058124966089430075,False
capacity,0,251,4.182603908702731,0.3264958504587412,9.010545909404755e-05,4.182694014161825,1.0508599618915468,True,0.03400490573408391,False
capacity,0,252,4.044613102450967,0.31599588692188263,9.103678166866302e-05,4.0447041392326355,1.0549348019994795,True,0.05731364191704165,False
capacity,0,253,4.041176987811923,0.31734886579215527,0.00010011717677116394,4.041277104988694,1.058999272994697,True,0.10358498704454065,False
capacity,0,254,4.041427979245782,0.31831092201173306,7.008202373981476e-05,4.041498061269522,1.06306411488913,True,0.042643412698350876,False
capacity,0,255,4.638554994016886,0.3186608664691448,0.00010011717677116394,4.638655111193657,1.0677265049889684,True,0.09252305195774715,False
capacity,1,0,3.791145049035549,0.31644804403185844,0.00010011717677116394,3.7912451662123203,0.003805652027949691,False,,
capacity,1,1,3.800863865762949,0.31476397998631,0.00012014061212539673,3.8009840063750744,0.007628677878528833,False,,
capacity,1,2,3.8010841235518456,0.3082319162786007,0.00013993121683597565,3.8012240547686815,0.011451733065769076,False,,
capacity,1,3,4.256002139300108,0.3085220232605934,0.00013993121683597565,4.256142070516944,0.015729797072708607,False,,
capacity,1,4,3.8406981620937586,0.3086421638727188,0.00012991949915885925,3.8408280815929174,0.019592507043853402,False,,
capacity,1,5,3.7974680308252573,0.3086230717599392,0.00011990778148174286,3.797587938606739,0.023412186885252595,False,,
capacity,1,6,3.792145987972617,0.3078109584748745,0.0001310836523771286,3.7922770716249943,0.027226564940065145,False,,
capacity,1,7,4.250071011483669,0.30800094828009605,0.0001310836523771286,4.250202095136046,0.03149897907860577,False,,
capacity,1,8,3.8500057999044657,0.3071997780352831,0.00013015232980251312,3.850135952234268,0.03537115687504411,False,,
capacity,1,9,3.785985056310892,0.30111800879240036,0.00011012889444828033,3.7860951852053404,0.03917921404354274,False,,
capacity,1,10,3.777299076318741,0.2991550136357546,0.00012991949915885925,3.7774289958178997,0.042978615034371614,False,,
capacity,1,11,4.250181140378118,0.304715009406209,0.0001310836523771286,4.250312224030495,0.04725042707286775,False,,
capacity,1,12,3.832613117992878,0.30104792676866055,0.00013993121683597565,3.832753049209714,0.05110511207021773,False,,
capacity,1,13,3.794821910560131,0.30142907053232193,0.00012991949915885925,3.79495183005929,0.05492805689573288,False,,
capacity,1,14,3.7982878275215626,0.3160459455102682,0.00011106021702289581,3.7983988877385855,0.05874871788546443,False,,
capacity,1,15,4.309113137423992,0.30580698512494564,0.00012107193470001221,4.309234209358692,0.0630798430647701,False,,
capacity,1,16,4.052578005939722,0.31993305310606956,0.00014086253941059113,4.052718868479133,0.06715528387576342,False,,
capacity,1,17,3.9766051340848207,0.3087329678237438,0.00010989606380462646,3.9767150301486254,0.07115412107668817,False,,
capacity,1,18,3.9827569853514433,0.3085220232605934,0.0001310836523771286,3.9828880690038204,0.07515925099141896,False,,
capacity,1,19,3.99110303260386,0.30950503423810005,0.00011990778148174286,3.9912229403853416,0.0791725548915565,False,,
capacity,1,20,4.2570841033011675,0.30909315682947636,0.00014086253941059113,4.257224965840578,0.08345184102654457,False,,
capacity,1,21,3.9981959853321314,0.31211902387440205,0.00011990778148174286,3.998315893113613,0.0874721088912338,False,,
capacity,1,22,4.007232841104269,0.3095048014074564,0.00014016404747962952,4.007373005151749,0.09150186390616,False,,
capacity,1,23,4.328539129346609,0.31130691058933735,0.00012991949915885925,4.328669048845768,0.09585286607034504,False,,
capacity,1,24,4.039424005895853,0.31632697209715843,0.00013015232980251312,4.0395541582256556,0.09991506300866604,False,,
capacity,1,25,3.994709113612771,0.31699822284281254,0.00014086253941059113,3.9948499761521816,0.10393201396800578,False,,
capacity,1,26,3.985611954703927,0.3191020805388689,0.00011990778148174286,3.985731862485409,0.10793979791924357,False,,
capacity,1,27,3.9994490798562765,0.32696803100407124,0.00012991949915885925,3.9995789993554354,0.11196222994476557,False,,
capacity,1,28,4.5864759013056755,0.3313350025564432,0.0001310836523771286,4.586606984958053,0.11657140892930329,False,,
capacity,1,29,4.003365989774466,0.324753113090992,0.00012991949915885925,4.003495909273624,0.12059761793352664,False,,
capacity,1,30,3.990221070125699,0.3212268929928541,0.00011990778148174286,3.990340977907181,0.12461044103838503,False,,
capacity,1,31,4.008455900475383,0.3241018857806921,0.00011012889444828033,4.008566029369831,0.12864123890176415,False,,
capacity,1,32,4.242046969011426,0.33347983844578266,0.00014016404747962952,4.242187133058906,0.1329060080461204,False,,
capacity,1,33,4.017882980406284,0.32938201911747456,0.00012991949915885925,4.018012899905443,0.1369465528987348,False,,
capacity,1,34,4.006622126325965,0.3303331322968006,0.00014086253941059113,4.0067629888653755,0.1409760289825499,False,,
capacity,1,35,4.05728816986084,0.3282001707702875,0.00010989606380462646,4.0573980659246445,0.14505601907148957,True,0.031271563395391284,False
capacity,1,36,4.686153959482908,0.3512019757181406,0.00014086253941059113,4.686294822022319,0.14976441487669945,True,0.028044491917355488,False
capacity,1,37,4.058800870552659,0.32398197799921036,0.00012014061212539673,4.058921011164784,0.153845707885921,True,0.012821774873670972,False
capacity,1,38,4.083806881681085,0.3308849409222603,0.00011012889444828033,4.083917010575533,0.15795246791094542,True,0.01896670448003675,False
capacity,1,39,4.7223130241036415,0.33349008299410343,0.00010989606380462646,4.722422920167446,0.1626980248838663,True,0.02494850098577622,False
capacity,1,40,4.309452837333083,0.3307138103991747,0.00013015232980251312,4.309582989662886,0.16703229490667582,True,0.019639448821777154,False
capacity,1,41,4.052468109875917,0.3286499995738268,0.00010989606380462646,4.052578005939722,0.17110737599432468,True,0.02517899901738655,False
capacity,1,42,4.043250810354948,0.3225479740649462,0.00011106021702289581,4.043361870571971,0.17517893086187541,True,0.03360740034094111,False
capacity,1,43,4.3596678879112005,0.32292003743350506,0.00011012889444828033,4.359778016805649,0.17956108087673783,True,0.09182618189567883,False
capacity,1,44,4.112440859898925,0.3244420513510704,0.00011012889444828033,4.112550988793373,0.18369671585969627,True,0.07113164867647272,False
capacity,1,45,4.045414971187711,0.3233000170439482,0.00012991949915885925,4.04554489068687,0.18776467395946383,True,0.04881207697349421,False
capacity,1,46,4.034545039758086,0.3210559953004122,0.00011990778148174286,4.034664947539568,0.19182160100899637,True,0.047929267390129156,False
capacity,1,47,4.054412012919784,0.32746815122663975,0.00012991949915885925,4.0545419324189425,0.19589828490279615,True,0.03207759861235524,False
capacity,1,48,4.10531903617084,0.338028185069561,0.00012991949915885925,4.105448955669999,0.20002662693150342,True,0.02632675009072862,False
capacity,1,49,4.036878934130073,0.32797898165881634,0.00012014061212539673,4.036999074742198,0.2040859879925847,True,0.017834937286068112,False
capacity,1,50,4.029265139251947,0.3265771083533764,9.988434612751007e-05,4.029365023598075,0.20813776506111026,True,0.06780326486779686,False
capacity,1,51,4.029174102470279,0.3250229638069868,0.00010081566870212555,4.029274918138981,0.21218942198902369,True,0.05072138275937103,False
capacity,1,52,4.653593059629202,0.3251931630074978,0.00014086253941059113,4.6537339221686125,0.21686573792248964,True,0.040384552328492945,False
capacity,1,53,4.04016487300396,0.33012288622558117,0.00011012889444828033,4.040275001898408,0.22092901589348912,True,0.09156302130434424,False
capacity,1,54,4.04345104470849,0.32704719342291355,0.00012991949915885925,4.043580964207649,0.2249946289230138,True,0.062376501404531506,False
capacity,1,55,4.414341179654002,0.329792033880949,0.00012991949915885925,4.414471099153161,0.22943157306872308,True,0.05671428455717416,False
capacity,1,56,4.094987874850631,0.3248630091547966,0.0001310836523771286,4.095118958503008,0.2335489138495177,True,0.040899257008739864,False
capacity,1,57,4.041868960484862,0.32392190769314766,0.00011012889444828033,4.041979089379311,0.2376131049823016,True,0.031909265964999704,False
capacity,1,58,4.0399550925940275,0.3227491397410631,0.00012991949915885925,4.040085012093186,0.24167559202760458,True,0.022338720358797314,False
capacity,1,59,4.065892891958356,0.3223379608243704,0.00012107193470001221,4.066013963893056,0.24576407787390053,True,0.020866743951651813,False
capacity,1,60,4.264779156073928,0.322969164699316,0.00012991949915885925,4.264909075573087,0.2500514700077474,True,0.07774698608945979,False
capacity,1,61,4.050905117765069,0.33024302683770657,0.00013085082173347473,4.0510359685868025,0.25412493804469705,True,0.067701310220452,False
capacity,1,62,4.045414971187711,0.32242899760603905,0.00012991949915885925,4.04554489068687,0.2581937168724835,True,0.08527313164515983,False
capacity,1,63,4.054642049595714,0.3228890709578991,0.00012991949915885925,4.0547719690948725,0.26227054093033075,True,0.06806073023269409,False
capacity,1,64,4.601564956828952,0.32135588116943836,0.00013015232980251312,4.601695109158754,0.26689465902745724,True,0.05041507545007058,False
capacity,1,65,4.04707808047533,0.32938201911747456,0.00010011717677116394,4.0471781976521015,0.27096425904892385,True,0.03864514242454147,False
capacity,1,66,4.053991055116057,0.33278786577284336,0.00012107193470001221,4.054112127050757,0.2750406430568546,True,0.05437733602653405,False
capacity,1,67,4.032981814816594,0.3265568520873785,0.00011012889444828033,4.033091943711042,0.27909572585485876,True,0.04835407693289049,False
capacity,1,68,4.085720982402563,0.32547395676374435,0.00012014061212539673,4.0858411230146885,0.2832098510116339,True,0.04922322742078588,False
capacity,1,69,4.048310220241547,0.32390118576586246,0.00013085082173347473,4.04844107106328,0.28728065406903625,True,0.04011387871255979,False
capacity,1,70,4.0579489432275295,0.32264902256429195,0.00010989606380462646,4.058058839291334,0.2913608748931438,True,0.0358355293391762,False
capacity,1,71,4.037420032545924,0.3237409982830286,0.00010989606380462646,4.037529928609729,0.29542066692374647,True,0.03516307703416551,False
capacity,1,72,4.598699975758791,0.32263901084661484,0.00011990778148174286,4.598819883540273,0.30004197894595563,True,0.01791007692797104,False
capacity,1,73,4.063438856974244,0.3282299730926752,0.00013015232980251312,4.063569009304047,0.3041278999298811,True,0.040199499736138185,False
capacity,1,74,4.074750933796167,0.33876998350024223,0.00011990778148174286,4.074870841577649,0.308227056870237,True,0.05671182175518795,False
capacity,1,75,4.056806908920407,0.32329000532627106,0.00010011717677116394,4.0569070260971785,0.3123079289216548,True,0.048367092897502836,False
capacity,1,76,4.1554931085556746,0.323491171002388,0.00010989606380462646,4.155603004619479,0.3164870459586382,True,0.123502313757378,False
capacity,1,77,4.06321813352406,0.3219780046492815,0.00011990778148174286,4.063338041305542,0.3205734679941088,True,0.06454917201393215,False
capacity,1,78,4.038440994918346,0.3203640226274729,0.0001310836523771286,4.0385720785707235,0.32463478296995163,True,0.009224940241623888,False
capacity,1,79,4.045635927468538,0.3234210889786482,0.00012991949915885925,4.045765846967697,0.32870370289310813,True,0.041794668654888914,False
capacity,1,80,4.663761937990785,0.3226289991289377,0.0001310836523771286,4.663893021643162,0.3333901879377663,True,0.09417515316492822,False
capacity,1,81,4.041005857288837,0.32050395384430885,0.0001310836523771286,4.041136940941215,0.3374548489227891,True,0.05027628086468619,False
capacity,1,82,4.041648004204035,0.32087601721286774,0.00011012889444828033,4.041758133098483,0.3415193900000304,True,0.04376858320878166,False
capacity,1,83,4.05405112542212,0.32173702493309975,0.00011990778148174286,4.054171033203602,0.34559601405635476,True,0.08123153414100003,False
capacity,1,84,4.387130029499531,0.32087601721286774,0.00010989606380462646,4.387239925563335,0.3500063279643655,True,0.03196416062181636,False
capacity,1,85,4.040295956656337,0.32670702785253525,0.00013015232980251312,4.040426108986139,0.3540695169940591,True,0.033140638572819056,False
capacity,1,86,4.029604839161038,0.32413192093372345,0.00013015232980251312,4.029734991490841,0.35812171385623515,True,0.08332487218899003,False
capacity,1,87,4.029184114187956,0.317238038405776,0.00013085082173347473,4.029314965009689,0.36217335099354386,True,0.05224845469186226,False
capacity,1,88,4.649785114452243,0.32041408121585846,0.00012107193470001221,4.649906186386943,0.36684618005529046,True,0.055296257783049634,False
capacity,1,89,4.040827043354511,0.3260460216552019,0.00010989606380462646,4.040936939418316,0.3709108820185065,True,0.06830957790748567,False
capacity,1,90,4.047529073432088,0.32531400211155415,0.00010989606380462646,4.0476389694958925,0.3749815139453858,True,0.0565614003497865,False
capacity,1,91,4.046437097713351,0.3230499569326639,0.00012991949915885925,4.04656701721251,0.3790506040677428,True,0.0663014993016693,False
capacity,1,92,4.154741996899247,0.32573495991528034,0.00013015232980251312,4.15487214922905,0.3832283189985901,True,0.05186747930546384,False
capacity,1,93,4.048119997605681,0.31969393603503704,0.00014016404747962952,4.048260161653161,0.3872995020356029,True,0.09799143421041809,False
capacity,1,94,4.0301070548594,0.31693908385932446,0.00011990778148174286,4.0302269626408815,0.39135235198773444,True,0.08426244118339128,False
capacity,1,95,4.039213061332703,0.31768903136253357,0.00012107193470001221,4.039334133267403,0.3954143379814923,True,0.03890719976048442,False
capacity,1,96,4.6527208760380745,0.31810998916625977,0.00011012889444828033,4.652831004932523,0.40008973190560937,True,0.06325251447666926,False
capacity,1,97,4.0850702207535505,0.3296320792287588,9.988434612751007e-05,4.085170105099678,0.40420786407776177,True,0.046117963470174786,False
capacity,1,98,4.063528962433338,0.3209048882126808,0.00011012889444828033,4.0636390913277864,0.4082971119787544,True,0.061558314330136844,False
capacity,1,99,4.046466900035739,0.3193030133843422,0.00010011717677116394,4.04656701721251,0.41236693295650184,True,0.04876810701925931,False
capacity,1,100,4.1739181615412235,0.3223791718482971,0.00011990778148174286,4.174038069322705,0.41656424500979483,True,0.054004155878378104,False
capacity,1,101,4.046757938340306,0.31970394775271416,0.00013015232980251312,4.046888090670109,0.4206340860109776,True,0.0630195688536356,False
capacity,1,102,4.0392340160906315,0.3188119735568762,0.00011012889444828033,4.03934414498508,0.424696333007887,True,0.04863706891658468,False
capacity,1,103,4.037219798192382,0.32241898588836193,0.00011012889444828033,4.03732992708683,0.42875596485100687,True,0.045243661358165266,False
capacity,1,104,4.608307033777237,0.3228189889341593,0.00013015232980251312,4.6084371861070395,0.43338659405708313,True,0.0319607655259993,False
capacity,1,105,4.045295063406229,0.3200939390808344,0.00013993121683597565,4.045434994623065,0.43745464202947915,True,0.032945093420134915,False
capacity,1,106,4.04816004447639,0.3230499569326639,0.00012014061212539673,4.048280185088515,0.44152563507668674,True,0.04162822817476878,False
capacity,1,107,4.04996401630342,0.32059592194855213,0.00011012889444828033,4.050074145197868,0.4455979010090232,True,0.02775167226597818,False
capacity,1,108,4.132950911298394,0.32467301934957504,0.00012014061212539673,4.13307105191052,0.44975389493629336,True,0.03331773567735223,False
capacity,1,109,4.057556856423616,0.32125599682331085,0.00012107193470001221,4.057677928358316,0.45383414486423135,True,0.03815223806377495,False
capacity,1,110,4.04334207996726,0.3275689668953419,0.00010989606380462646,4.043451976031065,0.45789971901103854,True,0.04071778075700618,False
capacity,1,111,4.037871025502682,0.3253440372645855,0.00011990778148174286,4.0379909332841635,0.4619676759466529,True,0.049572303502981044,False
capacity,1,112,4.5916668605059385,0.3260758239775896,0.00010011717677116394,4.59176697768271,0.46658181492239237,True,0.033186413793791336,False
capacity,1,113,4.075992852449417,0.31964387744665146,0.00013015232980251312,4.07612300477922,0.4706804999150336,True,0.050762948933303485,False
capacity,1,114,4.037951119244099,0.3187221009284258,0.00011990778148174286,4.03807102702558,0.47474109404720366,True,0.08893834530475435,False
capacity,1,115,4.043301101773977,0.3163670189678669,0.00011990778148174286,4.043421009555459,0.4788068770430982,True,0.049283148164775054,False
capacity,1,116,4.557522013783455,0.32207812182605267,0.00010989606380462646,4.5576319098472595,0.483386690961197,True,0.025429190963801796,False
capacity,1,117,4.059853032231331,0.3174601588398218,0.00010989606380462646,4.0599629282951355,0.4874690459109843,True,0.1155742235991214,False
capacity,1,118,4.0491928812116385,0.3172189462929964,0.00012014061212539673,4.049313021823764,0.49154092092067003,True,0.053036078023035435,False
capacity,1,119,4.04879217967391,0.3184711094945669,0.00011990778148174286,4.048912087455392,0.49561226507648826,True,0.06405118039345267,False
capacity,1,120,4.174449015408754,0.32027391716837883,0.00013015232980251312,4.174579167738557,0.4998097170609981,True,0.10480220355855684,False
capacity,1,121,4.043441032990813,0.32183690927922726,0.00012014061212539673,4.043561173602939,0.503875520080328,True,0.05342810646212534,False
capacity,1,122,4.034605110064149,0.321847153827548,0.00011990778148174286,4.034725017845631,0.5079323370009661,True,0.03280126022648923,False
capacity,1,123,4.02674893848598,0.32490305602550507,0.00010989606380462646,4.026858834549785,0.5119813978672028,True,0.013056913425436486,False
capacity,1,124,4.604600137099624,0.32560410909354687,0.00012991949915885925,4.6047300565987825,0.5166084610391408,True,0.0032287586183666044,False
capacity,1,125,4.039424005895853,0.31984318047761917,0.00010989606380462646,4.039533901959658,0.5206703678704798,True,0.008726911978689246,False
capacity,1,126,4.051225958392024,0.3219279460608959,0.00011990778148174286,4.051345866173506,0.5247440058737993,True,0.020280533851629784,False
capacity,1,127,4.059260943904519,0.3219270147383213,0.00012991949915885925,4.059390863403678,0.5288255189079791,True,0.008330104654903983,False
capacity,1,128,4.658833146095276,0.3287901636213064,0.00011990778148174286,4.658953053876758,0.5335069550201297,True,0.052551201937900874,False
capacity,1,129,4.052618984133005,0.3222681116312742,0.00011990778148174286,4.052738891914487,0.537582095945254,True,0.03220379832973305,False
capacity,1,130,4.043390974402428,0.32124598510563374,0.00011012889444828033,4.043501103296876,0.5416479289997369,True,0.012904462640237906,False
capacity,1,131,4.382411018013954,0.3225291147828102,0.00010989606380462646,4.382520914077759,0.5460525918751955,True,0.025000805615660704,False
capacity,1,132,4.1027229744941,0.3287498839199543,0.00014016404747962952,4.102863138541579,0.5501778780017048,True,0.0258945728844862,False
capacity,1,133,4.057568032294512,0.32136705704033375,0.00012991949915885925,4.057697951793671,0.5542577379383147,True,0.010069026806374684,False
capacity,1,134,4.066173918545246,0.3220168873667717,0.00011106021702289581,4.066284978762269,0.5583463949151337,True,0.007914607464487779,False
capacity,1,135,4.044333007186651,0.3205349203199148,0.00010011717677116394,4.044433124363422,0.5624132000375539,True,0.03298024751923088,False
capacity,1,136,4.103755112737417,0.32185716554522514,0.00013993121683597565,4.103895043954253,0.5665396379772574,True,0.05003326059708458,False
capacity,1,137,4.056496080011129,0.3227891866117716,0.00011990778148174286,4.056615987792611,0.570619337959215,True,0.04906828359283385,False
capacity,1,138,4.043841967359185,0.3159658517688513,0.00013015232980251312,4.043972119688988,0.5746865440160036,True,0.08192136950473958,False
capacity,1,139,4.04765922576189,0.31821010634303093,0.00010081566870212555,4.0477600414305925,0.5787566960789263,True,0.04375725071901245,False
capacity,1,140,4.624046850949526,0.3209549468010664,0.00012107193470001221,4.624167922884226,0.5834035058505833,True,0.053806803796981814,False
capacity,1,141,4.039213061332703,0.3178201150149107,0.00011990778148174286,4.039332969114184,0.587464950978756,True,0.08193018366344895,False
capacity,1,142,4.040295025333762,0.31956308521330357,0.00013085082173347473,4.040425876155496,0.5915278289467096,True,0.029389775880756655,False
capacity,1,143,4.058048827573657,0.31709903851151466,0.00014016404747962952,4.058188991621137,0.5956081298645586,True,0.08857134807053067,False
capacity,1,144,4.643694031983614,0.31784013845026493,0.00012991949915885925,4.643823951482773,0.6002744969446212,True,0.05770812422055137,False
capacity,1,145,4.050394054502249,0.3171679563820362,0.00012107193470001221,4.050515126436949,0.6043475740589201,True,0.05877942089318577,False
capacity,1,146,4.055413883179426,0.3167879767715931,0.00010989606380462646,4.055523779243231,0.6084255408495665,True,0.1292907242419271,False
capacity,1,147,4.362362902611494,0.3151749260723591,0.00012014061212539673,4.3624830432236195,0.61281025595963,True,0.13642217850115232,False
capacity,1,148,4.1015909519046545,0.32161688432097435,0.00011990778148174286,4.101710859686136,0.6169344899244606,True,0.05585500187600243,False
capacity,1,149,4.039082210510969,0.32233819365501404,0.00013085082173347473,4.039213061332703,0.6209961450658739,True,0.07167447849330123,False
capacity,1,150,4.036708967760205,0.31997403129935265,0.00012991949915885925,4.036838887259364,0.6250555468723178,True,0.1462282971704186,False
capacity,1,151,4.016028949990869,0.32131699845194817,0.00012991949915885925,4.016158869490027,0.6290938479360193,True,0.08705791599114075,False
capacity,1,152,4.073638003319502,0.3191218711435795,0.000141095370054245,4.073779098689556,0.6331956200301647,True,0.05215697419392509,False
capacity,1,153,4.0197360794991255,0.3205440007150173,0.00014086253941059113,4.019876942038536,0.6372378589585423,True,0.043899087439633735,False
capacity,1,154,4.030256997793913,0.32151699997484684,0.00013015232980251312,4.030387150123715,0.6412910190410912,True,0.07901809037503743,False
capacity,1,155,4.046627087518573,0.3208150155842304,0.00012107193470001221,4.046748159453273,0.6453604290727526,True,0.03060917158702127,False
capacity,1,156,4.649515030905604,0.32237800769507885,0.00010011717677116394,4.6496151480823755,0.6500329780392349,True,0.0790827913742301,False
capacity,1,157,4.0474990382790565,0.3231100272387266,0.00012991949915885925,4.047628957778215,0.6541029789950699,True,0.11610801447596233,False
capacity,1,158,4.041777923703194,0.31885108910501003,0.00012107193470001221,4.041898995637894,0.658172519877553,True,0.0794242690849935,False
capacity,1,159,4.029905889183283,0.3185009118169546,0.00011012889444828033,4.030016018077731,0.6622249379288405,True,0.05916729913106268,False
capacity,1,160,4.664954962208867,0.32109604217112064,9.988434612751007e-05,4.665054846554995,0.6669122548773885,True,0.10203489945050861,False
capacity,1,161,4.038132028654218,0.3230499569326639,9.988434612751007e-05,4.038231913000345,0.6709729789290577,True,0.08288685235970843,False
capacity,1,162,4.039232851937413,0.3230399452149868,0.00012014061212539673,4.039352992549539,0.675034703919664,True,0.09870260807212669,False
capacity,1,163,4.369647009298205,0.3237910568714142,0.00013015232980251312,4.369777161628008,0.6794270540121943,True,0.06814175519382487,False
capacity,1,164,4.109014989808202,0.3220480866730213,0.00014994293451309204,4.109164932742715,0.683558861957863,True,0.04057303331277556,False
capacity,1,165,4.045625915750861,0.31628692522644997,0.00010989606380462646,4.045735811814666,0.687627320876345,True,0.12491240738785535,False
capacity,1,166,4.047818947583437,0.3158759791404009,0.00011990778148174286,4.047938855364919,0.691697992850095,True,0.09111865143348521,False
capacity,1,167,4.428667947649956,0.31642685644328594,0.00012107193470001221,4.428789019584656,0.6961495450232178,True,0.057059160264562384,False
capacity,1,168,4.083076026290655,0.31892210245132446,0.00011106021702289581,4.083187086507678,0.7002551939804107,True,0.09650543496206747,False
capacity,1,169,4.031097982078791,0.31476397998631,0.00011990778148174286,4.031217889860272,0.7043087738566101,True,0.07864326061303346,False
capacity,1,170,4.040646133944392,0.316377030685544,0.00014086253941059113,4.040786996483803,0.7083719230722636,True,0.14229392836275503,False
capacity,1,171,4.031138028949499,0.316146994009614,0.00010989606380462646,4.031247925013304,0.7124254929367453,True,0.06374193372584039,False
capacity,1,172,4.376369994133711,0.3201740328222513,0.00011990778148174286,4.376489901915193,0.7168246759101748,True,0.03514558183265114,False
capacity,1,173,4.030507057905197,0.3230399452149868,0.00011012889444828033,4.030617186799645,0.7208776150364429,True,0.0949697623409582,False
capacity,1,174,4.0502839256078005,0.3361450508236885,0.00012014061212539673,4.050404066219926,0.7249502609483898,True,0.06509129229230465,False
capacity,1,175,4.361130995675921,0.32508280128240585,0.00012014061212539673,4.361251136288047,0.7293339250609279,True,0.04572023318843542,False
capacity,1,176,4.093946889042854,0.3247230779379606,0.00013015232980251312,4.094077041372657,0.733450393890962,True,0.057846877729730045,False
capacity,1,177,4.045365145429969,0.3207060508430004,0.00010989606380462646,4.0454750414937735,0.7375181009992957,True,0.037152121082769884,False
capacity,1,178,4.046876914799213,0.3204138483852148,0.00011106021702289581,4.046987975016236,0.7415874409489334,True,0.026188269707356257,False
capacity,1,179,4.068949026986957,0.32125599682331085,0.00011082738637924194,4.069059854373336,0.745678752893582,True,0.03201861640073872,False
capacity,1,180,4.239992005750537,0.32579503022134304,0.00011012889444828033,4.240102134644985,0.7499410170130432,True,0.0767189469697003,False
capacity,1,181,4.0473188273608685,0.32402179203927517,0.00010011717677116394,4.04741894453764,0.7540105478838086,True,0.05747835836733275,False
capacity,1,182,4.0333319921046495,0.3250129520893097,0.00014994293451309204,4.033481935039163,0.7580662819091231,True,0.03875958021383752,False
capacity,1,183,4.056525882333517,0.32514287158846855,0.00012107193470001221,4.056646954268217,0.7621451809536666,True,0.036285079505970985,False
capacity,1,184,4.645607899874449,0.3203549422323704,0.00011990778148174286,4.6457278076559305,0.7668131608515978,True,0.02288342707293929,False
capacity,1,185,4.08233399502933,0.3340099938213825,0.00012107193470001221,4.08245506696403,0.7709182880353183,True,0.05333995313531339,False
capacity,1,186,4.057497950270772,0.3259249497205019,0.00012014061212539673,4.057618090882897,0.7749982089735568,True,0.04294254232530504,False
capacity,1,187,4.351002164185047,0.3229000139981508,0.00012991949915885925,4.351132083684206,0.7793716830201447,True,0.021097092140620406,False
capacity,1,188,4.093596013262868,0.3210159484297037,0.00011012889444828033,4.093706142157316,0.7834880920127034,True,0.061524159258081565,False
capacity,1,189,4.048590082675219,0.32060500234365463,0.0001310836523771286,4.048721166327596,0.7875592750497162,True,0.0455314573944398,False
capacity,1,190,4.044693894684315,0.3162468783557415,0.00014016404747962952,4.044834058731794,0.7916265819221735,True,0.030525302673972778,False
capacity,1,191,4.031077958643436,0.31915283761918545,0.00012014061212539673,4.031198099255562,0.7956801520194858,True,0.06474667707907333,False
capacity,1,192,4.132970003411174,0.3204250242561102,0.00011990778148174286,4.133089911192656,0.7998356248717755,True,0.053557222854895996,False
capacity,1,193,4.034604178741574,0.3238511271774769,0.00010989606380462646,4.034714074805379,0.8038928820751607,True,0.04654711190200693,False
capacity,1,194,4.043962107971311,0.3241321537643671,0.00011990778148174286,4.044082015752792,0.8079593470320106,True,0.06427491732726694,False
capacity,1,195,4.042640095576644,0.3257039934396744,0.0001310836523771286,4.042771179229021,0.8120245600584894,True,0.0704267748032724,False
capacity,1,196,4.619117826223373,0.32609584741294384,0.00013015232980251312,4.619247978553176,0.8166662598960102,True,0.050796283137691634,False
capacity,1,197,4.024354973807931,0.31954306177794933,0.0001310836523771286,4.024486057460308,0.8207131479866803,True,0.032348022592119975,False
capacity,1,198,4.048961913213134,0.3214769531041384,0.00011012889444828033,4.049072042107582,0.8247845219448209,True,0.030759252799844893,False
capacity,1,199,4.040365107357502,0.3288800362497568,0.00013085082173347473,4.0404959581792355,0.8288517380133271,True,0.051910320017561525,False
capacity,1,200,4.61340812034905,0.32563507556915283,0.00012991949915885925,4.613538039848208,0.8334876680746675,True,0.03506120440376718,False
capacity,1,201,4.04001516290009,0.31731906346976757,0.00013993121683597565,4.040155094116926,0.837551417062059,True,0.10025498939538006,False
capacity,1,202,4.039272898808122,0.3147439565509558,0.00013015232980251312,4.039403051137924,0.8416133029386401,True,0.06485697432032267,False
capacity,1,203,4.050404066219926,0.3155351150780916,0.00013993121683597565,4.050543997436762,0.8456862799357623,True,0.04721199064319811,False
capacity,1,204,4.094627918675542,0.31738891266286373,0.00014016404747962952,4.0947680827230215,0.8498036609962583,True,0.08567409521172838,False
capacity,1,205,4.040455911308527,0.32055494375526905,0.00013015232980251312,4.0405860636383295,0.8538667899556458,True,0.04428579657074235,False
capacity,1,206,4.036397906020284,0.3205349203199148,0.00013993121683597565,4.03653783723712,0.8579262408893555,True,0.09997100321330864,False
capacity,1,207,4.0296148508787155,0.32043387182056904,0.0001310836523771286,4.029745934531093,0.8619784289039671,True,0.12702041065853453,False
capacity,1,208,4.6117540914565325,0.32024504616856575,0.00011990778148174286,4.611873999238014,0.8666129859630018,True,0.1068674555247082,False
capacity,1,209,4.036728059872985,0.31495396979153156,0.00013085082173347473,4.036858910694718,0.8706722869537771,True,0.08505749673491651,False
capacity,1,210,4.040876869112253,0.3148340620100498,0.00012991949915885925,4.041006788611412,0.8747353758662939,True,0.06248810507925455,False
capacity,1,211,4.046136047691107,0.3147539682686329,0.00010989606380462646,4.046245943754911,0.8788039239589125,True,0.135448884927677,False
capacity,1,212,4.650668008252978,0.32249907962977886,0.00012991949915885925,4.650797927752137,0.8834769839886576,True,0.06614480542739602,False
capacity,1,213,4.036769038066268,0.31356210820376873,0.00010989606380462646,4.036878934130073,0.8875360749661922,True,0.03334041031005669,False
capacity,1,214,4.040386062115431,0.31324103474617004,0.00012014061212539673,4.040506202727556,0.8915988730732352,True,0.12125335266094801,False
capacity,1,215,4.348417045548558,0.3147742245346308,0.00010989606380462646,4.348526941612363,0.8959696718957275,True,0.08317274048676344,False
capacity,1,216,4.081343067809939,0.32174703665077686,0.00011012889444828033,4.081453196704388,0.9000734770670533,True,0.05764428812160857,False
capacity,1,217,4.049672977998853,0.32336986623704433,0.00011012889444828033,4.049783106893301,0.9041462240274996,True,0.11686260161326334,False
capacity,1,218,4.0309380274266005,0.3168080002069473,0.0001310836523771286,4.031069111078978,0.9081999550107867,True,0.07627050341711507,False
capacity,1,219,4.0258371736854315,0.3163160290569067,0.00012083910405635834,4.025958012789488,0.912248034030199,True,0.04368291750896576,False
capacity,1,220,4.185199039056897,0.3392500802874565,0.00012107193470001221,4.185320110991597,0.9164560970384628,True,0.05685917315956823,False
capacity,1,221,4.046015907078981,0.3157861065119505,0.00011990778148174286,4.046135814860463,0.9205250658560544,True,0.06694234563326808,False
capacity,1,222,4.0377299301326275,0.31204894185066223,0.00012107193470001221,4.0378510020673275,0.9245853689499199,True,0.11997007184804329,False
capacity,1,223,4.041057080030441,0.31527504324913025,0.00011990778148174286,4.041176987811923,0.9286492490209639,True,0.06797188431266299,False
capacity,1,224,4.6525809448212385,0.3170180134475231,0.00012991949915885925,4.652710864320397,0.9333245828747749,True,0.04704377178757284,False
capacity,1,225,4.035186022520065,0.3150340635329485,0.00012107193470001221,4.035307094454765,0.9373824619688094,True,0.14047481357368227,False
capacity,1,226,4.05222806148231,0.3158359322696924,0.00011990778148174286,4.052347969263792,0.9414574319962412,True,0.04172231189132959,False
capacity,1,227,4.035946913063526,0.31681801192462444,0.00010989606380462646,4.036056809127331,0.9455159718636423,True,0.02375413296290951,False
capacity,1,228,4.644104978069663,0.3136519808322191,0.00012991949915885925,4.644234897568822,0.950182779924944,True,0.09761010512583711,False
capacity,1,229,4.035235848277807,0.31515490263700485,0.00013015232980251312,4.03536600060761,0.9542404979001731,True,0.0873260475093754,False
capacity,1,230,4.023845074698329,0.31317095272243023,0.00010989606380462646,4.023954970762134,0.9582867149729282,True,0.04713143992017754,False
capacity,1,231,4.363805986940861,0.31445384956896305,0.00010011717677116394,4.363906104117632,0.9626729430165142,True,0.09079877289363665,False
capacity,1,232,4.088526125997305,0.31646713614463806,0.00013085082173347473,4.088656976819038,0.966784002026543,True,0.02877269988353616,False
capacity,1,233,4.037429811432958,0.31874096021056175,0.00011106021702289581,4.0375408716499805,0.9708440848626196,True,0.024442613549225105,False
capacity,1,234,4.035497084259987,0.32094609923660755,0.00011990778148174286,4.035616992041469,0.9749017029535025,True,0.012683436440508324,False
capacity,1,235,4.049172857776284,0.3232099115848541,0.00014016404747962952,4.049313021823764,0.9789735078811646,True,0.015093507560613726,False
capacity,1,236,4.161893855780363,0.3276278730481863,0.0001310836523771286,4.16202493943274,0.983158194925636,True,0.01573952841337732,False
capacity,1,237,4.039733903482556,0.3184808883816004,0.00011012889444828033,4.039844032377005,0.9872204419225454,True,0.06448523413312249,False
capacity,1,238,4.04991302639246,0.3174890298396349,0.00013085082173347473,4.050043877214193,0.9912927378900349,True,0.12350359667787919,False
capacity,1,239,4.035507095977664,0.31703896820545197,0.00011990778148174286,4.035627003759146,0.9953506670426577,True,0.09244098212071986,False
capacity,1,240,4.635238088667393,0.3168380353599787,0.0001310836523771286,4.63536917231977,1.000008688075468,True,0.05442381241880383,False
capacity,1,241,4.051235970109701,0.32341107726097107,9.010545909404755e-05,4.051326075568795,1.004082415951416,True,0.04578334827047995,False
capacity,1,242,4.044242901727557,0.32209791243076324,0.00012107193470001221,4.044363973662257,1.008149121887982,True,0.03505337298655136,False
capacity,1,243,4.029283998534083,0.3166068345308304,0.00012107193470001221,4.029405070468783,1.012200698023662,True,0.02256344410423735,False
capacity,1,244,4.168367013335228,0.32014399766921997,0.00011012889444828033,4.168477142229676,1.0163915080484003,True,0.05482802181632832,False
capacity,1,245,4.024286055937409,0.3185721579939127,0.00010989606380462646,4.024395952001214,1.0204384559765458,True,0.008298372182088839,False
capacity,1,246,4.032260039821267,0.3184000961482525,0.00011106021702289581,4.03237110003829,1.0244928780011833,True,0.020817226874786314,False
capacity,1,247,4.0428610518574715,0.320955878123641,0.00011990778148174286,4.042980959638953,1.028558291029185,True,0.003546407882159584,False
capacity,1,248,4.637902835384011,0.32273889519274235,0.00012014061212539673,4.638022975996137,1.0332185558509082,True,0.0013015350352003927,False
capacity,1,249,4.037519916892052,0.3221379593014717,0.00011012889444828033,4.0376300457865,1.0372790589462966,True,0.005193403469247605,False
capacity,1,250,4.039825173094869,0.3173891454935074,0.00012991949915885925,4.0399550925940275,1.0413414670620114,True,0.058124966089430075,False
capacity,1,251,4.028563154861331,0.3173891454935074,0.00010989606380462646,4.028673050925136,1.0453924820758402,True,0.03400490573408391,False
capacity,1,252,4.613267024978995,0.3167879767715931,0.00013993121683597565,4.613406956195831,1.050028441939503,True,0.05731364191704165,False
capacity,1,253,4.041668027639389,0.3205051179975271,0.00011990778148174286,4.041787935420871,1.0540926719550043,True,0.10358498704454065,False
capacity,1,254,4.047288093715906,0.31731906346976757,0.00011990778148174286,4.047408001497388,1.0581692659761757,True,0.042643412698350876,False
capacity,1,255,4.423629026859999,0.316377030685544,0.00010989606380462646,4.423738922923803,1.0626155079808086,True,0.09252305195774715,False
capacity,2,0,3.847351996228099,0.3097651060670614,9.988434612751007e-05,3.8474518805742264,0.0038612280040979385,False,,
capacity,2,1,3.800351871177554,0.30960398726165295,0.0001501757651567459,3.800502046942711,0.00768390204757452,False,,
capacity,2,2,3.7874379195272923,0.30744983814656734,0.00011012889444828033,3.7875480484217405,0.011493422091007233,False,,
capacity,2,3,3.7807258777320385,0.30763098038733006,0.00012991949915885925,3.7808557972311974,0.015296329976990819,False,,
capacity,2,4,4.2222789488732815,0.31211902387440205,0.00011012889444828033,4.22238907776773,0.019540650071576238,False,,
capacity,2,5,3.8522512186318636,0.30908314511179924,0.00010989606380462646,3.852361114695668,0.023414722178131342,False,,
capacity,2,6,3.7960640620440245,0.31380215659737587,0.00012083910405635834,3.796184901148081,0.027232988039031625,False,,
capacity,2,7,3.7928989622741938,0.3116978332400322,0.00012014061212539673,3.793019102886319,0.03104771813377738,False,,
capacity,2,8,4.231507191434503,0.3060281742364168,0.00011990778148174286,4.231627099215984,0.03530138614587486,False,,
capacity,2,9,3.8406189996749163,0.3036339767277241,0.00014016404747962952,3.840759163722396,0.039164597168564796,False,,
capacity,2,10,3.793128998950124,0.30304212123155594,0.00011990778148174286,3.7932489067316055,0.04298012796789408,False,,
capacity,2,11,3.791695926338434,0.2988940104842186,0.00012014061212539673,3.7918160669505596,0.046794156078249216,False,,
capacity,2,12,3.7748340982943773,0.29998598620295525,0.00013993121683597565,3.7749740295112133,0.050591092091053724,False,,
capacity,2,13,3.8742520846426487,0.30117807909846306,0.00011990778148174286,3.8743719924241304,0.05448790709488094,False,,
capacity,2,14,3.777870209887624,0.30282209627330303,9.988434612751007e-05,3.7779700942337513,0.05828804918564856,False,,
capacity,2,15,4.000680986791849,0.31519518233835697,0.00012991949915885925,4.000810906291008,0.06231067096814513,False,,
capacity,2,16,4.005709895864129,0.3114480059593916,0.00013015232980251312,4.005840048193932,0.06633894401602447,False,,
capacity,2,17,4.071815172210336,0.31387200579047203,0.00010989606380462646,4.07192506827414,0.07043311116285622,False,,
capacity,2,18,3.9836489595472813,0.3085529897361994,0.00011990778148174286,3.983768867328763,0.07444410095922649,False,,
capacity,2,19,3.9927950128912926,0.3083918709307909,0.00013015232980251312,3.992925165221095,0.07846485916525126,False,,
capacity,2,20,3.989639924839139,0.30651804991066456,0.0001310836523771286,3.989771008491516,0.08247685199603438,False,,
capacity,2,21,4.591857083141804,0.31205895356833935,0.00011990778148174286,4.5919769909232855,0.0870908701326698,False,,
capacity,2,22,4.00513899512589,0.3077608998864889,0.00013015232980251312,4.005269147455692,0.0911181301344186,False,,
capacity,2,23,4.004087066277862,0.3101250622421503,0.00011990778148174286,4.004206974059343,0.09514472004957497,False,,
capacity,2,24,3.9946790784597397,0.3144640941172838,0.00011990778148174286,3.9947989862412214,0.09916177112609148,False,,
capacity,2,25,4.6107531525194645,0.3152950666844845,0.00012991949915885925,4.610883072018623,0.10379477613605559,False,,
capacity,2,26,4.005981143563986,0.31309109181165695,0.00013993121683597565,4.006121074780822,0.10782542312517762,False,,
capacity,2,27,4.009407013654709,0.3189819399267435,0.00012014061212539673,4.009527154266834,0.11185876512899995,False,,
capacity,2,28,4.009446827694774,0.3222979139536619,0.00012107193470001221,4.009567899629474,0.11589086498133838,False,,
capacity,2,29,4.550748970359564,0.32981298863887787,0.00012991949915885925,4.550878889858723,0.12046400597319007,False,,
capacity,2,30,4.007474053651094,0.32125599682331085,0.00012991949915885925,4.007603973150253,0.124493912095204,False,,
capacity,2,31,4.011902026832104,0.32202783040702343,0.00011012889444828033,4.012012155726552,0.1285284161567688,False,,
capacity,2,32,4.021018976345658,0.32329000532627106,0.00012107193470001221,4.021140048280358,0.13257206813432276,False,,
capacity,2,33,4.237137036398053,0.3240720834583044,0.00011990778148174286,4.237256944179535,0.1368316770531237,False,,
capacity,2,34,4.013074096292257,0.3229400608688593,0.00012991949915885925,4.013204015791416,0.14086726307868958,False,,
capacity,2,35,4.067886853590608,0.32152701169252396,0.00012014061212539673,4.068006994202733,0.14495765301398933,True,0.031271563395391284,False
capacity,2,36,4.738482879474759,0.3213658928871155,0.00014016404747962952,4.738623043522239,0.1497191700618714,True,0.028044491917355488,False
capacity,2,37,4.196320194751024,0.3253540489822626,8.987262845039368e-05,4.196410067379475,0.15393890417180955,True,0.012821774873670972,False
capacity,2,38,4.055053927004337,0.32124691642820835,0.00011012889444828033,4.055164055898786,0.15801695105619729,True,0.01896670448003675,False
capacity,2,39,4.042238928377628,0.32277009449899197,0.00011990778148174286,4.04235883615911,0.16208242299035192,True,0.02494850098577622,False
capacity,2,40,4.075801931321621,0.3212760202586651,0.00012991949915885925,4.07593185082078,0.166180717991665,True,0.019639448821777154,False
capacity,2,41,4.615169949829578,0.3298830706626177,0.00013993121683597565,4.615309881046414,0.17081853095442057,True,0.02517899901738655,False
capacity,2,42,4.036718979477882,0.3209661226719618,0.00011990778148174286,4.036838887259364,0.17487841402180493,True,0.03360740034094111,False
capacity,2,43,4.068508045747876,0.32092491164803505,0.00010011717677116394,4.068608162924647,0.17896919418126345,True,0.09182618189567883,False
capacity,2,44,4.431735025718808,0.3203749656677246,0.00011990778148174286,4.43185493350029,0.1834232211112976,True,0.07113164867647272,False
capacity,2,45,4.083616891875863,0.3248730208724737,0.00011990778148174286,4.083736799657345,0.1875293799676001,True,0.04881207697349421,False
capacity,2,46,4.03173896484077,0.31956308521330357,0.00011990778148174286,4.0318588726222515,0.19158361200243235,True,0.047929267390129156,False
capacity,2,47,4.043090157210827,0.3202741499990225,0.00012083910405635834,4.043210996314883,0.19564929511398077,True,0.03207759861235524,False
capacity,2,48,4.043702036142349,0.32061501406133175,0.00011106021702289581,4.043813096359372,0.19971545017324388,True,0.02632675009072862,False
capacity,2,49,4.412097157910466,0.3230399452149868,0.00011990778148174286,4.412217065691948,0.20414997916668653,True,0.017834937286068112,False
capacity,2,50,4.035737132653594,0.32662716694176197,0.00010989606380462646,4.035847028717399,0.20820812811143696,True,0.06780326486779686,False
capacity,2,51,4.046346992254257,0.3259750083088875,0.00010989606380462646,4.046456888318062,0.21227654698304832,True,0.05072138275937103,False
capacity,2,52,4.046086920425296,0.3269070293754339,0.00013993121683597565,4.046226851642132,0.21634531603194773,True,0.040384552328492945,False
capacity,2,53,4.601024091243744,0.3276390489190817,0.00011990778148174286,4.601143999025226,0.22096905205398798,True,0.09156302130434424,False
capacity,2,54,4.055714001879096,0.3222278319299221,0.0001310836523771286,4.055845085531473,0.22504729917272925,True,0.062376501404531506,False
capacity,2,55,4.0509148966521025,0.3223489038646221,0.00011012889444828033,4.051025025546551,0.2291203960776329,True,0.05671428455717416,False
capacity,2,56,4.376029130071402,0.3279589582234621,0.00010989606380462646,4.376139026135206,0.23351900815032423,True,0.040899257008739864,False
capacity,2,57,4.099947866052389,0.32220897264778614,0.00012014061212539673,4.1000680066645145,0.23764135804958642,True,0.031909265964999704,False
capacity,2,58,4.029124043881893,0.32089604064822197,0.00012991949915885925,4.029253963381052,0.24169313511811197,True,0.022338720358797314,False
capacity,2,59,4.034904995933175,0.3220981452614069,0.00010989606380462646,4.03501489199698,0.24575079302303493,True,0.020866743951651813,False
capacity,2,60,4.045174922794104,0.3204150125384331,0.00010989606380462646,4.045284818857908,0.24981864099390805,True,0.07774698608945979,False
capacity,2,61,4.637964069843292,0.32121618278324604,0.00011990778148174286,4.638083977624774,0.2544789470266551,True,0.067701310220452,False
capacity,2,62,4.06219600699842,0.32689585350453854,0.000141095370054245,4.062337102368474,0.25856657116673887,True,0.08527313164515983,False
capacity,2,63,4.043280845507979,0.32561481930315495,0.00013015232980251312,4.043410997837782,0.2626331460196525,True,0.06806073023269409,False
capacity,2,64,4.0510359685868025,0.3210857976227999,0.00013015232980251312,4.051166120916605,0.2667071351315826,True,0.05041507545007058,False
capacity,2,65,4.645367851480842,0.32631587237119675,0.00013015232980251312,4.645498003810644,0.271375996991992,True,0.03864514242454147,False
capacity,2,66,4.043200984597206,0.3277778159826994,0.0001310836523771286,4.043332068249583,0.2754424421582371,True,0.05437733602653405,False
capacity,2,67,4.045054083690047,0.3222681116312742,0.0001310836523771286,4.045185167342424,0.2795167211443186,True,0.04835407693289049,False
capacity,2,68,4.032170167192817,0.3217069897800684,9.988434612751007e-05,4.032270051538944,0.28357113315723836,True,0.04922322742078588,False
capacity,2,69,4.093937110155821,0.3221479710191488,0.00011990778148174286,4.094057017937303,0.2876879631076008,True,0.04011387871255979,False
capacity,2,70,4.035446094349027,0.3205749671906233,0.00013993121683597565,4.035586025565863,0.2917458910960704,True,0.0358355293391762,False
capacity,2,71,4.040766973048449,0.3220280632376671,0.00012991949915885925,4.040896892547607,0.29580940096639097,True,0.03516307703416551,False
capacity,2,72,4.417296964675188,0.31917192973196507,0.00011012889444828033,4.417407093569636,0.3002490501385182,True,0.01791007692797104,False
capacity,2,73,4.097914090380073,0.33129495568573475,0.00013993121683597565,4.098054021596909,0.3043705481104553,True,0.040199499736138185,False
capacity,2,74,4.054210847243667,0.32348092645406723,0.00012014061212539673,4.054330987855792,0.3084478829987347,True,0.05671182175518795,False
capacity,2,75,4.039874998852611,0.3202850930392742,0.00012991949915885925,4.0400049183517694,0.31251730397343636,True,0.048367092897502836,False
capacity,2,76,4.0284120477736,0.3182999789714813,0.0001310836523771286,4.028543131425977,0.3165682691615075,True,0.123502313757378,False
capacity,2,77,4.238398978486657,0.32093492336571217,0.00012107193470001221,4.238520050421357,0.3208290911279619,True,0.06454917201393215,False
capacity,2,78,4.0527889505028725,0.31690788455307484,0.00013015232980251312,4.052919102832675,0.32490455312654376,True,0.009224940241623888,False
capacity,2,79,4.049442941322923,0.32023503445088863,0.00011990778148174286,4.0495628491044044,0.32897651800885797,True,0.041794668654888914,False
capacity,2,80,4.039864055812359,0.3182601649314165,0.00012083910405635834,4.039984894916415,0.33303900505416095,True,0.09417515316492822,False
capacity,2,81,4.180641146376729,0.3191030118614435,0.00010989606380462646,4.180751042440534,0.33724351110868156,True,0.05027628086468619,False
capacity,2,82,4.027300048619509,0.3224080428481102,0.0001310836523771286,4.027431132271886,0.3412935941014439,True,0.04376858320878166,False
capacity,2,83,4.041057080030441,0.3250830341130495,0.00011990778148174286,4.041176987811923,0.3453571740537882,True,0.08123153414100003,False
capacity,2,84,4.044482950121164,0.323460903018713,0.00011012889444828033,4.044593079015613,0.3494240690488368,True,0.03196416062181636,False
capacity,2,85,4.64222114533186,0.3273880574852228,0.00012991949915885925,4.6423510648310184,0.35408885311335325,True,0.033140638572819056,False
capacity,2,86,4.083347041159868,0.3229500725865364,0.00012014061212539673,4.083467181771994,0.35819973214529455,True,0.08332487218899003,False
capacity,2,87,4.081914201378822,0.33559417352080345,0.00011990778148174286,4.082034109160304,0.3623092381749302,True,0.05224845469186226,False
capacity,2,88,4.0749909821897745,0.33633504062891006,0.00010989606380462646,4.075100878253579,0.36640935600735247,True,0.055296257783049634,False
capacity,2,89,4.370627924799919,0.33379998058080673,0.000141095370054245,4.370769020169973,0.3708056230098009,True,0.06830957790748567,False
capacity,2,90,4.102031933143735,0.3284499980509281,0.00013015232980251312,4.1021620854735374,0.3749364800751209,True,0.0565614003497865,False
capacity,2,91,4.0797891560941935,0.32693706452846527,0.00013085082173347473,4.079920006915927,0.3790437411516905,True,0.0663014993016693,False
capacity,2,92,4.166543949395418,0.3276888746768236,0.00012991949915885925,4.166673868894577,0.38323666504584253,True,0.05186747930546384,False
capacity,2,93,4.623635904863477,0.3918898291885853,0.00016996636986732483,4.623805871233344,0.3878937540575862,True,0.09799143421041809,False
capacity,2,94,4.067145986482501,0.3153050784021616,0.00012083910405635834,4.067266825586557,0.39198643900454044,True,0.08426244118339128,False
capacity,2,95,4.061405081301928,0.31661707907915115,0.00012083910405635834,4.061525920405984,0.39607222005724907,True,0.03890719976048442,False
capacity,2,96,4.374577198177576,0.3141229972243309,0.00012991949915885925,4.374707117676735,0.40047042118385434,True,0.06325251447666926,False
capacity,2,97,4.096511052921414,0.32920087687671185,0.0001310836523771286,4.0966421365737915,0.40459281112998724,True,0.046117963470174786,False
capacity,2,98,4.045115085318685,0.31618704088032246,0.00012991949915885925,4.045245004817843,0.4086614800617099,True,0.061558314330136844,False
capacity,2,99,4.028582945466042,0.32248906791210175,0.00011012889444828033,4.02869307436049,0.4127124850638211,True,0.04876810701925931,False
capacity,2,100,4.046648042276502,0.32307999208569527,9.988434612751007e-05,4.046747926622629,0.41678174608387053,True,0.054004155878378104,False
capacity,2,101,4.223881987854838,0.3227991983294487,0.00012991949915885925,4.224011907353997,0.42102922196500003,True,0.0630195688536356,False
capacity,2,102,4.050275078043342,0.3164780791848898,0.00011990778148174286,4.050394985824823,0.4251030911691487,True,0.04863706891658468,False
capacity,2,103,4.0341641288250685,0.3178499173372984,0.00012991949915885925,4.034294048324227,0.42915992718189955,True,0.045243661358165266,False
capacity,2,104,4.043911816552281,0.32577384263277054,0.00011106021702289581,4.044022876769304,0.43322673300281167,True,0.0319607655259993,False
capacity,2,105,4.6703750267624855,0.3280690871179104,0.00011990778148174286,4.670494934543967,0.437920211115852,True,0.032945093420134915,False
capacity,2,106,4.050114192068577,0.3197940532118082,0.00010989606380462646,4.050224088132381,0.44199323817156255,True,0.04162822817476878,False
capacity,2,107,4.055423894897103,0.3203849773854017,0.00011990778148174286,4.055543802678585,0.4460714249871671,True,0.02775167226597818,False
capacity,2,108,4.341884981840849,0.31844107434153557,0.00012991949915885925,4.342014901340008,0.45043592201545835,True,0.03331773567735223,False
capacity,2,109,4.095009062439203,0.3204750828444958,0.00012991949915885925,4.095138981938362,0.45456072711385787,True,0.03815223806377495,False
capacity,2,110,4.031989956274629,0.3164280205965042,9.988434612751007e-05,4.032089840620756,0.45861524902284145,True,0.04071778075700618,False
capacity,2,111,4.043882014229894,0.3167379181832075,0.00011012889444828033,4.043992143124342,0.4626818341203034,True,0.049572303502981044,False
capacity,2,112,4.0533700957894325,0.3225691616535187,0.00011990778148174286,4.053490003570914,0.46675773710012436,True,0.033186413793791336,False
capacity,2,113,4.348347196355462,0.3168580587953329,0.00012991949915885925,4.348477115854621,0.47112901718355715,True,0.050762948933303485,False
capacity,2,114,4.082394996657968,0.32172701321542263,0.00012014061212539673,4.082515137270093,0.4752352871000767,True,0.08893834530475435,False
capacity,2,115,4.043752094730735,0.31916191801428795,0.00013993121683597565,4.043892025947571,0.47930185217410326,True,0.049283148164775054,False
capacity,2,116,4.361321916803718,0.3186620306223631,0.00011990778148174286,4.361441824585199,0.48368565598502755,True,0.025429190963801796,False
capacity,2,117,4.081533057615161,0.3136219456791878,0.00012014061212539673,4.081653198227286,0.4877903121523559,True,0.1155742235991214,False
capacity,2,118,4.015209153294563,0.31449412927031517,0.00013993121683597565,4.015349084511399,0.49182843416929245,True,0.053036078023035435,False
capacity,2,119,4.054733086377382,0.32066507264971733,0.00011012889444828033,4.054843215271831,0.49590566917322576,True,0.06405118039345267,False
capacity,2,120,4.061233950778842,0.31942292116582394,0.000141095370054245,4.061375046148896,0.49999015708453953,True,0.10480220355855684,False
capacity,2,121,4.3810291681438684,0.3219679929316044,0.00011990778148174286,4.38114907592535,0.5043954921420664,True,0.05342810646212534,False
capacity,2,122,4.095599986612797,0.31990394927561283,0.00012014061212539673,4.095720127224922,0.5085188641678542,True,0.03280126022648923,False
capacity,2,123,4.038512008264661,0.31644711270928383,0.00011990778148174286,4.038631916046143,0.5125807700678706,True,0.013056913425436486,False
capacity,2,124,4.350840812548995,0.3172988072037697,0.00013015232980251312,4.3509709648787975,0.5169547749683261,True,0.0032287586183666044,False
capacity,2,125,4.093967145308852,0.31949300318956375,0.00012991949915885925,4.094097064808011,0.5210715651046485,True,0.008726911978689246,False
capacity,2,126,4.043841967359185,0.3183309454470873,0.00013993121683597565,4.043981898576021,0.5251382300630212,True,0.020280533851629784,False
capacity,2,127,4.056765930727124,0.32649608328938484,0.0001310836523771286,4.056897014379501,0.5292174089699984,True,0.008330104654903983,False
capacity,2,128,4.0544020012021065,0.32465183176100254,0.000141095370054245,4.054543096572161,0.5332944041583687,True,0.052551201937900874,False
capacity,2,129,4.623726941645145,0.33127516508102417,0.00010989606380462646,4.62383683770895,0.5379416949581355,True,0.03220379832973305,False
capacity,2,130,4.10928507335484,0.327809015288949,0.00012014061212539673,4.109405213966966,0.5420781911816448,True,0.012904462640237906,False
capacity,2,131,4.068909911438823,0.3228290006518364,0.00013015232980251312,4.069040063768625,0.5461724090855569,True,0.025000805615660704,False
capacity,2,132,4.113634116947651,0.32383110374212265,0.00012991949915885925,4.11376403644681,0.5503100880887359,True,0.0258945728844862,False
capacity,2,133,4.409383051097393,0.34402008168399334,0.00013993121683597565,4.409522982314229,0.5547489861492068,True,0.010069026806374684,False
capacity,2,134,4.127859836444259,0.3414140082895756,0.00014016404747962952,4.128000000491738,0.5589119719807059,True,0.007914607464487779,False
capacity,2,135,4.105187952518463,0.3299328964203596,0.0001501757651567459,4.10533812828362,0.5630475881043822,True,0.03298024751923088,False
capacity,2,136,4.231486935168505,0.32160687260329723,0.00013993121683597565,4.231626866385341,0.5673074580263346,True,0.05003326059708458,False
capacity,2,137,4.194105975329876,0.3404528833925724,0.00014994293451309204,4.194255918264389,0.5715295660775155,True,0.04906828359283385,False
capacity,2,138,4.061324987560511,0.3174890298396349,0.00012991949915885925,4.0614549070596695,0.5756168600637466,True,0.08192136950473958,False
capacity,2,139,4.072906915098429,0.32102596014738083,0.00012014061212539673,4.073027055710554,0.5797164470423013,True,0.04375725071901245,False
capacity,2,140,4.417577059939504,0.3194629680365324,0.000141095370054245,4.417718155309558,0.5841596531681716,True,0.053806803796981814,False
capacity,2,141,4.166743950918317,0.32544415444135666,0.00012991949915885925,4.166873870417476,0.5883522459771484,True,0.08193018366344895,False
capacity,2,142,4.052919102832675,0.32376102171838284,0.00012991949915885925,4.053049022331834,0.5924302421044558,True,0.029389775880756655,False
capacity,2,143,4.050995921716094,0.3176489844918251,0.006021931767463684,4.057017853483558,0.5965116759762168,True,0.08857134807053067,False
capacity,2,144,4.347845911979675,0.31499494798481464,0.00014994293451309204,4.347995854914188,0.6008833160158247,True,0.05770812422055137,False
capacity,2,145,4.235403146594763,0.31607714481651783,0.00012991949915885925,4.235533066093922,0.6051424341276288,True,0.05877942089318577,False
capacity,2,146,4.0535409934818745,0.31990394927561283,0.00010989606380462646,4.053650889545679,0.6092192190699279,True,0.1292907242419271,False
capacity,2,147,4.043822176754475,0.32066507264971733,0.00012991949915885925,4.0439520962536335,0.6132864451501518,True,0.13642217850115232,False
capacity,2,148,4.359628073871136,0.3191020805388689,0.00015087425708770752,4.359778948128223,0.6176692571025342,True,0.05585500187600243,False
capacity,2,149,4.356122110038996,0.31514489091932774,0.00012991949915885925,4.356252029538155,0.6220488431863487,True,0.07167447849330123,False
capacity,2,150,4.044834058731794,0.3118379972875118,0.00011990778148174286,4.044953966513276,0.6261165500618517,True,0.1462282971704186,False
capacity,2,151,4.030818119645119,0.31431415118277073,0.00010989606380462646,4.030928015708923,0.6301701101474464,True,0.08705791599114075,False
capacity,2,152,4.36230399645865,0.3235309850424528,0.00010011717677116394,4.362404113635421,0.6345552771817893,True,0.05215697419392509,False
capacity,2,153,4.087033914402127,0.3196229226887226,0.00011012889444828033,4.0871440432965755,0.6386648830957711,True,0.043899087439633735,False
capacity,2,154,4.026179201900959,0.3188021946698427,9.988434612751007e-05,4.0262790862470865,0.6427137341815978,True,0.07901809037503743,False
capacity,2,155,4.026569193229079,0.3196729812771082,0.00014086253941059113,4.02671005576849,0.6467627661768347,True,0.03060917158702127,False
capacity,2,156,4.358375910669565,0.3191828727722168,0.00012014061212539673,4.358496051281691,0.6511436540167779,True,0.0790827913742301,False
capacity,2,157,4.083086969330907,0.3248630091547966,0.00012991949915885925,4.083216888830066,0.6552496140357107,True,0.11610801447596233,False
capacity,2,158,4.044454079121351,0.3218280617147684,0.00012991949915885925,4.04458399862051,0.6593167900573462,True,0.0794242690849935,False
capacity,2,159,4.044153029099107,0.3239009529352188,0.00013085082173347473,4.04428387992084,0.6633832850493491,True,0.05916729913106268,False
capacity,2,160,4.36089001595974,0.3218769561499357,0.00014016404747962952,4.361030180007219,0.6677666371688247,True,0.10203489945050861,False
capacity,2,161,4.082063911482692,0.3144328948110342,0.00012014061212539673,4.082184052094817,0.6718717650510371,True,0.08288685235970843,False
capacity,2,162,4.03931294567883,0.31655700877308846,0.00012014061212539673,4.0394330862909555,0.6759337910916656,True,0.09870260807212669,False
capacity,2,163,4.037600010633469,0.3160459455102682,0.00012014061212539673,4.037720151245594,0.6799938641488552,True,0.06814175519382487,False
capacity,2,164,4.357463913038373,0.31621591188013554,0.00012107193470001221,4.357584984973073,0.6843739210162312,True,0.04057303331277556,False
capacity,2,165,4.106128821149468,0.322077888995409,0.00011012889444828033,4.106238950043917,0.688502331962809,True,0.12491240738785535,False
capacity,2,166,4.035567166283727,0.31478400342166424,9.988434612751007e-05,4.035667050629854,0.692560562165454,True,0.09111865143348521,False
capacity,2,167,4.041678039357066,0.32263901084661484,0.00012991949915885925,4.041807958856225,0.6966246319934726,True,0.057059160264562384,False
capacity,2,168,4.365659086033702,0.31950301490724087,0.00010989606380462646,4.3657689820975065,0.7010135950986296,True,0.09650543496206747,False
capacity,2,169,4.109497182071209,0.3264159895479679,0.00012991949915885925,4.109627101570368,0.7051476081833243,True,0.07864326061303346,False
capacity,2,170,4.079279024153948,0.3307340666651726,0.0001310836523771286,4.079410107806325,0.7092513730749488,True,0.14229392836275503,False
capacity,2,171,4.051988013088703,0.32760784961283207,0.00012014061212539673,4.0521081537008286,0.7133268751204014,True,0.06374193372584039,False
capacity,2,172,5.071420921012759,0.3269768785685301,0.00013015232980251312,5.071551073342562,0.7184229120612144,True,0.03514558183265114,False
capacity,2,173,5.279203876852989,0.4173479974269867,0.00018998980522155762,5.279393866658211,0.7237416510470212,True,0.0949697623409582,False
capacity,2,174,4.209664883092046,0.40443288162350655,0.00014016404747962952,4.209805047139525,0.7279807110317051,True,0.06509129229230465,False
capacity,2,175,4.267184063792229,0.3254539333283901,0.00012991949915885925,4.267313983291388,0.7322743351105601,True,0.04572023318843542,False
capacity,2,176,5.174115998670459,0.34497189335525036,0.00014994293451309204,5.174265941604972,0.7374770040623844,True,0.057846877729730045,False
capacity,2,177,4.204935859888792,0.34977984614670277,0.0001310836523771286,4.205066943541169,0.7417136100120842,True,0.037152121082769884,False
capacity,2,178,4.118301905691624,0.32441201619803905,0.000141095370054245,4.118443001061678,0.7458604359999299,True,0.026188269707356257,False
capacity,2,179,4.091220907866955,0.33209705725312233,0.00012991949915885925,4.091350827366114,0.7499790589790791,True,0.03201861640073872,False
capacity,2,180,4.6598350163549185,0.326857203617692,0.00012991949915885925,4.659964935854077,0.7546651239972562,True,0.0767189469697003,False
capacity,2,181,4.062897060066462,0.3220268990844488,0.0001310836523771286,4.063028143718839,0.7587534291669726,True,0.05747835836733275,False
capacity,2,182,4.049643175676465,0.31886110082268715,0.00013085082173347473,4.0497740264981985,0.7628275591414422,True,0.03875958021383752,False
capacity,2,183,4.133330890908837,0.32561388798058033,0.00022095628082752228,4.133551847189665,0.7669863579794765,True,0.036285079505970985,False
capacity,2,184,4.322559107095003,0.39490615017712116,0.00013993121683597565,4.322699038311839,0.7713368490803987,True,0.02288342707293929,False
capacity,2,185,4.074889933690429,0.3353320062160492,0.0001310836523771286,4.075021017342806,0.7754361450206488,True,0.05333995313531339,False
capacity,2,186,4.041125997900963,0.3179600462317467,0.00011106021702289581,4.041237058117986,0.7795064970850945,True,0.04294254232530504,False
capacity,2,187,4.447503946721554,0.3235910553485155,0.00018998980522155762,4.447693936526775,0.783977315062657,True,0.021097092140620406,False
capacity,2,188,4.109486006200314,0.32693706452846527,0.00013993121683597565,4.1096259374171495,0.7881114380434155,True,0.061524159258081565,False
capacity,2,189,4.066102905198932,0.32910099253058434,0.0001310836523771286,4.066233988851309,0.792201756965369,True,0.0455314573944398,False
capacity,2,190,4.042240092530847,0.3279391676187515,0.00012991949915885925,4.0423700120300055,0.7962673010770231,True,0.030525302673972778,False
capacity,2,191,4.533886909484863,0.32392097637057304,0.00010989606380462646,4.533996805548668,0.8008240209892392,True,0.06474667707907333,False
capacity,2,192,4.060132196173072,0.3193221054971218,0.00012083910405635834,4.060253035277128,0.8049085391685367,True,0.053557222854895996,False
capacity,2,193,4.038802115246654,0.320635037496686,0.00012991949915885925,4.038932034745812,0.808971367077902,True,0.04654711190200693,False
capacity,2,194,4.036247963085771,0.3196229226887226,0.00013015232980251312,4.036378115415573,0.8130312201101333,True,0.06427491732726694,False
capacity,2,195,4.062357125803828,0.32136612571775913,0.00013085082173347473,4.062487976625562,0.8171173920854926,True,0.0704267748032724,False
capacity,2,196,4.2028718162328005,0.3365150187164545,0.00013015232980251312,4.203001968562603,0.8213453709613532,True,0.050796283137691634,False
capacity,2,197,4.06428100541234,0.332297058776021,0.00013993121683597565,4.064420936629176,0.8254340679850429,True,0.032348022592119975,False
capacity,2,198,4.055703990161419,0.32660597935318947,0.00012014061212539673,4.055824130773544,0.8295189870987087,True,0.030759252799844893,False
capacity,2,199,4.1696790140122175,0.32285903580486774,0.00012107193470001221,4.1698000859469175,0.8337126721162349,True,0.051910320017561525,False
capacity,2,200,4.2267669923603535,0.3431481309235096,0.00013993121683597565,4.2269069235771894,0.8379641759674996,True,0.03506120440376718,False
capacity,2,201,4.051407100632787,0.3210362046957016,0.00012991949915885925,4.051537020131946,0.8420404400676489,True,0.10025498939538006,False
capacity,2,202,4.052468109875917,0.31674699857831,0.00012107193470001221,4.0525891818106174,0.8461173041723669,True,0.06485697432032267,False
capacity,2,203,4.083496984094381,0.33229682594537735,0.00012014061212539673,4.083617124706507,0.8502251671161503,True,0.04721199064319811,False
capacity,2,204,4.5865969732403755,0.3258760552853346,0.00011990778148174286,4.586716881021857,0.8548365100286901,True,0.08567409521172838,False
capacity,2,205,4.089188063517213,0.32611493952572346,0.00012991949915885925,4.089317983016372,0.8589500940870494,True,0.04428579657074235,False
capacity,2,206,4.07148408703506,0.3141730558127165,0.00013993121683597565,4.071624018251896,0.863046094076708,True,0.09997100321330864,False
capacity,2,207,4.580484936013818,0.33117481507360935,0.00013015232980251312,4.58061508834362,0.8676499230787158,True,0.12702041065853453,False
capacity,2,208,4.103084094822407,0.3215470351278782,0.00011990778148174286,4.1032040026038885,0.8717819121666253,True,0.1068674555247082,False
capacity,2,209,4.058179911226034,0.3186219837516546,0.00015995465219020844,4.058339865878224,0.8758670219685882,True,0.08505749673491651,False
capacity,2,210,4.047168185934424,0.3174890298396349,0.00011990778148174286,4.047288093715906,0.8799392571672797,True,0.06248810507925455,False
capacity,2,211,4.377470817416906,0.3179300110787153,0.00014016404747962952,4.377610981464386,0.8843402629718184,True,0.135448884927677,False
capacity,2,212,4.1229811031371355,0.3264059778302908,0.00012991949915885925,4.123111022636294,0.8884884521830827,True,0.06614480542739602,False
capacity,2,213,4.119805991649628,0.3353229258209467,0.00011990778148174286,4.119925899431109,0.8926331950351596,True,0.03334041031005669,False
capacity,2,214,4.113373113796115,0.32104598358273506,0.00011990778148174286,4.113493021577597,0.896772547159344,True,0.12125335266094801,False
capacity,2,215,4.5588340144604445,0.34188502468168736,0.00015995465219020844,4.558993969112635,0.901364223100245,True,0.08317274048676344,False
capacity,2,216,4.1899781208485365,0.350060174241662,0.00013085082173347473,4.19010897167027,0.9055919731035829,True,0.05764428812160857,False
capacity,2,217,4.201018018648028,0.327317975461483,0.00012991949915885925,4.201147938147187,0.9098233680706471,True,0.11686260161326334,False
capacity,2,218,4.255872219800949,0.36999816074967384,0.00015087425708770752,4.256023094058037,0.9141127641778439,True,0.07627050341711507,False
capacity,2,219,4.473062930628657,0.34839799627661705,0.00013993121683597565,4.473202861845493,0.9186231070198119,True,0.04368291750896576,False
capacity,2,220,4.150212975218892,0.3231600858271122,0.00012991949915885925,4.150342894718051,0.9228080450557172,True,0.05685917315956823,False
capacity,2,221,4.086452070623636,0.324321910738945,0.00011990778148174286,4.086571978405118,0.9269263071473688,True,0.06694234563326808,False
capacity,2,222,4.088386194780469,0.3182501532137394,0.00010081566870212555,4.088487010449171,0.9310454921796918,True,0.11997007184804329,False
capacity,2,223,4.400084028020501,0.3193831071257591,0.00011990778148174286,4.400203935801983,0.9354742399882525,True,0.06797188431266299,False
capacity,2,224,4.121669800952077,0.31718891113996506,0.00010011717677116394,4.121769918128848,0.9396235919557512,True,0.04704377178757284,False
capacity,2,225,4.064009990543127,0.3240611404180527,0.00012991949915885925,4.064139910042286,0.943715353962034,True,0.14047481357368227,False
capacity,2,226,4.06559300608933,0.31713792122900486,0.00014086253941059113,4.06573386862874,0.9478078980464488,True,0.04172231189132959,False
capacity,2,227,4.610602045431733,0.32019405625760555,0.00013993121683597565,4.610741976648569,0.9524443990085274,True,0.02375413296290951,False
capacity,2,228,4.056336125358939,0.3172890283167362,0.00012991949915885925,4.056466044858098,0.9565322541166097,True,0.09761010512583711,False
capacity,2,229,4.054561955854297,0.3180699422955513,0.00010989606380462646,4.054671851918101,0.960611823014915,True,0.0873260475093754,False
capacity,2,230,4.037108970806003,0.316007062792778,0.00010989606380462646,4.037218866869807,0.9646738290321082,True,0.04713143992017754,False
capacity,2,231,4.5599560253322124,0.3157861065119505,0.00012991949915885925,4.560085944831371,0.9692580210976303,True,0.09079877289363665,False
capacity,2,232,4.041417967528105,0.3197940532118082,0.00012991949915885925,4.041547887027264,0.9733238050248474,True,0.02877269988353616,False
capacity,2,233,4.042668966576457,0.3222681116312742,0.00011990778148174286,4.042788874357939,0.9773901989683509,True,0.024442613549225105,False
capacity,2,234,4.040396073833108,0.32163714058697224,0.00010989606380462646,4.040505969896913,0.9814541400410235,True,0.012683436440508324,False
capacity,2,235,4.5891208574175835,0.3184010274708271,0.00012014061212539673,4.589240998029709,0.9860717239789665,True,0.015093507560613726,False
capacity,2,236,4.042228916659951,0.31943293288350105,0.00013015232980251312,4.042359068989754,0.9901374480687082,True,0.01573952841337732,False
capacity,2,237,4.044262925162911,0.32434286549687386,0.00013015232980251312,4.044393077492714,0.9942043330520391,True,0.06448523413312249,False
capacity,2,238,4.030395997688174,0.32173702493309975,0.00011012889444828033,4.0305061265826225,0.9982576931361109,True,0.12350359667787919,False
capacity,2,239,4.622974898666143,0.322077888995409,0.00011012889444828033,4.623085027560592,1.0029033310711384,True,0.09244098212071986,False
capacity,2,240,4.043882014229894,0.3161868080496788,0.00013015232980251312,4.044012166559696,1.00697056716308,True,0.05442381241880383,False
capacity,2,241,4.034033976495266,0.3176499158143997,0.00013015232980251312,4.0341641288250685,1.0110278551001102,True,0.04578334827047995,False
capacity,2,242,4.033762961626053,0.3162659704685211,0.00011106021702289581,4.033874021843076,1.0150842510629445,True,0.03505337298655136,False
capacity,2,243,4.652721108868718,0.3178301267325878,0.00010989606380462646,4.652831004932523,1.0197594941128045,True,0.02256344410423735,False
capacity,2,244,4.058690974488854,0.3187519032508135,0.00011990778148174286,4.058810882270336,1.0238409780431539,True,0.05482802181632832,False
capacity,2,245,4.047658992931247,0.3183400258421898,0.00012107193470001221,4.047780064865947,1.0279115301091224,True,0.008298372182088839,False
capacity,2,246,4.036348080262542,0.3178599290549755,0.00011990778148174286,4.0364679880440235,1.0319704001303762,True,0.020817226874786314,False
capacity,2,247,4.643843974918127,0.32211700454354286,0.00011106021702289581,4.64395503513515,1.0366366170346737,True,0.003546407882159584,False
capacity,2,248,4.032230004668236,0.32195704989135265,0.00013085082173347473,4.032360855489969,1.040691900998354,True,0.0013015350352003927,False
capacity,2,249,4.038381855934858,0.32273889519274235,0.00014016404747962952,4.038522019982338,1.0447536769788712,True,0.005193403469247605,False
capacity,2,250,4.092694027349353,0.31724805012345314,0.0001310836523771286,4.09282511100173,1.048869064077735,True,0.058124966089430075,False
capacity,2,251,4.695261130109429,0.3277580253779888,0.00013085082173347473,4.695391980931163,1.053587529109791,True,0.03400490573408391,False
capacity,2,252,4.1376089211553335,0.3380479756742716,0.0001310836523771286,4.137740004807711,1.0577605050057173,True,0.05731364191704165,False
capacity,2,253,4.09755390137434,0.33795787021517754,0.00012014061212539673,4.0976740419864655,1.0618890470359474,True,0.10358498704454065,False
capacity,2,254,4.080501152202487,0.3233200404793024,0.00012991949915885925,4.080631071701646,1.0659983621444553,True,0.042643412698350876,False
capacity,2,255,4.607535898685455,0.3265058621764183,0.00014016404747962952,4.607676062732935,1.070633681025356,True,0.09252305195774715,False
paced_30fps,0,0,3.837633179500699,0.32136705704033375,0.07966998964548111,3.91730316914618,0.00391730316914618,False,,
paced_30fps,0,1,4.256442887708545,0.38056797347962856,0.06610271520912647,4.322545602917671,0.037655879044905305,False,,
paced_30fps,0,2,5.337163107469678,0.5257320590317249,0.06407639011740685,5.401239497587085,0.07206790614873171,False,,
paced_30fps,0,3,4.3876508716493845,0.4067679401487112,0.06469502113759518,4.45234589278698,0.10445234598591924,False,,
paced_30fps,0,4,4.4948928989470005,0.4427048843353987,0.06446288898587227,4.559355787932873,0.13789268909022212,False,,
paced_30fps,0,5,4.443987039849162,0.4364431370049715,0.06346823647618294,4.507455276325345,0.17117412202060223,False,,
paced_30fps,0,6,4.228029865771532,0.42814784683287144,0.06821518763899803,4.29624505341053,0.2042962450068444,False,,
paced_30fps,0,7,4.059181082993746,0.40468410588800907,0.06350362673401833,4.122684709727764,0.23745601810514927,False,,
paced_30fps,0,8,4.051656927913427,0.4158348310738802,0.05975458770990372,4.111411515623331,0.2707780781202018,False,,
paced_30fps,0,9,3.9611158426851034,0.3764608409255743,0.062066130340099335,4.023181973025203,0.30402318201959133,False,,
paced_30fps,0,10,4.09305514767766,0.4087020643055439,0.06202375516295433,4.155078902840614,0.33748841215856373,False,,
paced_30fps,0,11,4.026258829981089,0.39085792377591133,0.06184144876897335,4.088100278750062,0.3707547669764608,False,,
paced_30fps,0,12,3.9899509865790606,0.3723828122019768,0.06198929622769356,4.051940282806754,0.4040519401896745,False,,
paced_30fps,0,13,3.944064024835825,0.3820909187197685,0.06196671165525913,4.006030736491084,0.43733936408534646,False,,
paced_30fps,0,14,4.0097469463944435,0.41170697659254074,0.03772950731217861,4.047476453706622,0.470714143011719,False,,
paced_30fps,0,15,4.393882118165493,0.43422915041446686,0.059487996622920036,4.453370114788413,0.5044533701147884,False,,
paced_30fps,0,16,4.2083419393748045,0.3907768987119198,0.06046774797141552,4.26880968734622,0.5376021431293339,False,,
paced_30fps,0,17,4.18881606310606,0.41102501563727856,0.05953339859843254,4.248349461704493,0.5709150161128491,False,,
paced_30fps,0,18,4.196319961920381,0.38232188671827316,0.061474042013287544,4.257794003933668,0.6042577940970659,False,,
paced_30fps,0,19,4.18853503651917,0.388061860576272,0.05894782952964306,4.247482866048813,0.6375808161683381,False,,
paced_30fps,0,20,4.195458022877574,0.3920299932360649,0.05951640196144581,4.25497442483902,0.6709216411691159,False,,
paced_30fps,0,21,4.150273045524955,0.37851487286388874,0.060726189985871315,4.210999235510826,0.7042109991889447,False,,
paced_30fps,0,22,4.446160979568958,0.4175978247076273,0.06534275598824024,4.5115037355571985,0.7378448371309787,False,,
paced_30fps,0,23,4.591785836964846,0.4402210470288992,0.06523053161799908,4.657016368582845,0.7713236829731613,False,,
paced_30fps,0,24,4.213172011077404,0.3910679370164871,0.059527112171053886,4.272699123248458,0.8042726991698146,False,,
paced_30fps,0,25,4.213132197037339,0.39595807902514935,0.05966471508145332,4.2727969121187925,0.8376061301678419,False,,
paced_30fps,0,26,4.208772908896208,0.39452407509088516,0.05927239544689655,4.268045304343104,0.8709347120020539,False,,
paced_30fps,0,27,4.32381103746593,0.4147530999034643,0.06023119203746319,4.384042229503393,0.9043840421363711,False,,
paced_30fps,0,28,4.185458878055215,0.40978286415338516,0.06071082316339016,4.246169701218605,0.937579503050074,False,,
paced_30fps,0,29,4.258025903254747,0.41438196785748005,0.05967658944427967,4.317702492699027,0.9709843690507114,False,,
paced_30fps,0,30,4.192422842606902,0.3934528212994337,0.059102196246385574,4.251525038853288,1.0042515250388533,False,,
paced_30fps,0,31,4.191461019217968,0.40621706284582615,0.05939067341387272,4.250851692631841,1.0375841851346195,False,,
paced_30fps,0,32,4.182263044640422,0.4021991044282913,0.05875737406313419,4.241020418703556,1.0709076870698482,False,,
paced_30fps,0,33,4.202231066301465,0.397159019485116,0.06077904254198074,4.263010108843446,1.1042630102019757,False,,
paced_30fps,0,34,4.270449047908187,0.41984207928180695,0.062329694628715515,4.332778742536902,1.1376661120448261,False,,
paced_30fps,0,35,4.285968840122223,0.4082499071955681,0.06078439764678478,4.346753237769008,1.1710134199820459,True,0.031271563395391284,False
paced_30fps,0,36,4.360550083220005,0.4124189727008343,0.0620940700173378,4.422644153237343,1.2044226441066712,True,0.028044491917355488,False
paced_30fps,0,37,4.304614150896668,0.41430210694670677,0.06177159957587719,4.366385750472546,1.237699719145894,True,0.012821774873670972,False
paced_30fps,0,38,4.308640956878662,0.41353004053235054,0.06207055412232876,4.370711511000991,1.2710373781155795,True,0.01896670448003675,False
paced_30fps,0,39,4.233510000631213,0.402719946578145,0.062278006225824356,4.2957880068570375,1.3042957880534232,True,0.02494850098577622,False
paced_30fps,0,40,4.264008020982146,0.4059569910168648,0.06156391464173794,4.325571935623884,1.337658905191347,True,0.019639448821777154,False
paced_30fps,0,41,4.236415959894657,0.4027099348604679,0.06043934263288975,4.296855302527547,1.3709635220002383,True,0.02517899901738655,False
paced_30fps,0,42,4.2235408909618855,0.3937829751521349,0.059756217524409294,4.283297108486295,1.404283297015354,True,0.03360740034094111,False
paced_30fps,0,43,4.200948867946863,0.4043038934469223,0.059853773564100266,4.260802641510963,1.4375941359903663,True,0.09182618189567883,False
paced_30fps,0,44,4.231936996802688,0.39745005778968334,0.05919043906033039,4.291127435863018,1.4709577939938754,True,0.07113164867647272,False
paced_30fps,0,45,4.23023384064436,0.39250985719263554,0.05839718505740166,4.288631025701761,1.5042886310257018,True,0.04881207697349421,False
paced_30fps,0,46,4.199836868792772,0.39874203503131866,0.05846470594406128,4.258301574736834,1.5375916350167245,True,0.047929267390129156,False
paced_30fps,0,47,4.233238985762,0.3998139873147011,0.06038649007678032,4.29362547583878,1.5709602921269834,True,0.03207759861235524,False
paced_30fps,0,48,5.012109177187085,0.4521431401371956,0.0679579097777605,5.080067086964846,1.605080067180097,True,0.02632675009072862,False
paced_30fps,0,49,5.313248140737414,0.43169502168893814,0.060240738093853,5.373488878831267,1.6387068221811205,True,0.017834937286068112,False
paced_30fps,0,50,4.275239072740078,0.4137412179261446,0.06073922850191593,4.335978301241994,1.6710026450455189,True,0.06780326486779686,False
paced_30fps,0,51,4.465417005121708,0.37303403951227665,0.061960192397236824,4.527377197518945,1.7045273771509528,True,0.05072138275937103,False
paced_30fps,0,52,4.34011104516685,0.4189109895378351,0.06470270454883575,4.404813749715686,1.7377381471451372,True,0.040384552328492945,False
paced_30fps,0,53,4.272403893992305,0.40979404002428055,0.06327754817903042,4.335681442171335,1.7710023480467498,True,0.09156302130434424,False
paced_30fps,0,54,4.2270279955118895,0.39681908674538136,0.060921069234609604,4.287949064746499,1.8042879491113126,True,0.062376501404531506,False
paced_30fps,0,55,4.24762605689466,0.4071879666298628,0.060297781601548195,4.307923838496208,1.8376412570942193,True,0.05671428455717416,False
paced_30fps,0,56,4.235663916915655,0.4038119222968817,0.05981442518532276,4.295478342100978,1.8709621450398117,True,0.040899257008739864,False
paced_30fps,0,57,4.1961390525102615,0.39666914381086826,0.05979207344353199,4.2559311259537935,1.9042559310328215,True,0.031909265964999704,False
paced_30fps,0,58,4.169489955529571,0.3937329165637493,0.05955877713859081,4.229048732668161,1.9375623820815235,True,0.022338720358797314,False
paced_30fps,0,59,4.237486980855465,0.4007460083812475,0.059807440266013145,4.297294421121478,1.9709639609791338,True,0.020866743951651813,False
paced_30fps,0,60,4.226427059620619,0.3931731916964054,0.05964399315416813,4.286071052774787,2.004286071052775,True,0.07774698608945979,False
paced_30fps,0,61,4.202632000669837,0.4045739769935608,0.060353660956025124,4.262985661625862,2.0375963191036135,True,0.067701310220452,False
paced_30fps,0,62,4.2258258908987045,0.4026999231427908,0.06206450052559376,4.287890391424298,2.070954557042569,True,0.08527313164515983,False
paced_30fps,0,63,4.2352029122412205,0.3981620538979769,0.06195204332470894,4.297154955565929,2.104297155048698,True,0.06806073023269409,False
paced_30fps,0,64,4.247908014804125,0.4335490521043539,0.06107776425778866,4.3089857790619135,2.137642319081351,True,0.05041507545007058,False
paced_30fps,0,65,4.217849811539054,0.4049339331686497,0.059763435274362564,4.2776132468134165,2.1709442799910903,True,0.03864514242454147,False
paced_30fps,0,66,4.291800083592534,0.40742894634604454,0.05977111868560314,4.351571202278137,2.204351571155712,True,0.05437733602653405,False
paced_30fps,0,67,4.3449311051517725,0.4235000815242529,0.060920603573322296,4.405851708725095,2.2377391851041466,True,0.04835407693289049,False
paced_30fps,0,68,4.753652028739452,0.4618519451469183,0.06446545012295246,4.818117478862405,2.271484784083441,True,0.04922322742078588,False
paced_30fps,0,69,4.665886051952839,0.3832129295915365,0.06391201168298721,4.729798063635826,2.304729798110202,True,0.04011387871255979,False
paced_30fps,0,70,4.437054041773081,0.37811300717294216,0.06224680691957474,4.499300848692656,2.3378326341044158,True,0.0358355293391762,False
paced_30fps,0,71,4.540009191259742,0.47231209464371204,0.06562029011547565,4.605629481375217,2.371272296179086,True,0.03516307703416551,False
paced_30fps,0,72,4.605952883139253,0.44392794370651245,0.06592925637960434,4.671882139518857,2.4046718820463866,True,0.01791007692797104,False
paced_30fps,0,73,4.4666798785328865,0.41816895827651024,0.06112782284617424,4.527807701379061,2.4378611410502344,True,0.040199499736138185,False
paced_30fps,0,74,5.005416925996542,0.39417389780282974,0.06372062489390373,5.069137550890446,2.471735804108903,True,0.05671182175518795,False
paced_30fps,0,75,4.356401041150093,0.42105396278202534,0.06304704584181309,4.419448086991906,2.504419448086992,True,0.048367092897502836,False
paced_30fps,0,76,4.2595588602125645,0.40883198380470276,0.06167171522974968,4.321230575442314,2.53765456401743,True,0.123502313757378,False
paced_30fps,0,77,4.281220026314259,0.4062370862811804,0.060156453400850296,4.341376479715109,2.5710080431308597,True,0.06454917201393215,False
paced_30fps,0,78,4.261082038283348,0.39589707739651203,0.060895923525094986,4.321977961808443,2.6043219780549407,True,0.009224940241623888,False
paced_30fps,0,79,4.2209269013255835,0.40355208329856396,0.060782767832279205,4.281709669157863,2.637615042971447,True,0.041794668654888914,False
paced_30fps,0,80,4.203123040497303,0.40391203947365284,0.05948822945356369,4.262611269950867,2.6709292780142277,True,0.09417515316492822,False
paced_30fps,0,81,4.231164930388331,0.3930919338017702,0.059386249631643295,4.290551180019975,2.704290551133454,True,0.05027628086468619,False
paced_30fps,0,82,4.904126049950719,0.5066471640020609,0.06644660606980324,4.970572656020522,2.738303906051442,True,0.04376858320878166,False
paced_30fps,0,83,4.659665049985051,0.45536994002759457,0.06555253639817238,4.7252175863832235,2.7713918841909617,True,0.08123153414100003,False
paced_30fps,0,84,4.337345948442817,0.40440307930111885,0.062335049733519554,4.399680998176336,2.8043996810447425,True,0.03196416062181636,False
paced_30fps,0,85,4.277512896806002,0.4088918212801218,0.060919905081391335,4.338432801887393,2.8376717660576105,True,0.033140638572819056,False
paced_30fps,0,86,4.294215003028512,0.40755001828074455,0.06019533611834049,4.3544103391468525,2.8710210770368576,True,0.08332487218899003,False
paced_30fps,0,87,4.244400886818767,0.3958269953727722,0.06087520159780979,4.305276088416576,2.9043052759952843,True,0.05224845469186226,False
paced_30fps,0,88,4.236065084114671,0.3939440939575434,0.06046169437468052,4.296526778489351,2.9376298601273447,True,0.055296257783049634,False
paced_30fps,0,89,4.2457131203264,0.4045129753649235,0.059257494285702705,4.3049706146121025,2.9709716371726245,True,0.06830957790748567,False
paced_30fps,0,90,4.217109177261591,0.3893550019711256,0.05978601984679699,4.276895197108388,3.0042768951971084,True,0.0565614003497865,False
paced_30fps,0,91,4.197682021185756,0.3991830162703991,0.059192534536123276,4.256874555721879,3.0375902079977095,True,0.0663014993016693,False
paced_30fps,0,92,4.233639920130372,0.3991329576820135,0.059390440583229065,4.293030360713601,3.0709596970118582,True,0.05186747930546384,False
paced_30fps,0,93,4.2242631316185,0.3857179544866085,0.05990895442664623,4.284172086045146,3.1042841721791774,True,0.09799143421041809,False
paced_30fps,0,94,4.188515013083816,0.38990587927401066,0.05966681055724621,4.248181823641062,3.1375815151259303,True,0.08426244118339128,False
paced_30fps,0,95,4.200778901576996,0.39080786518752575,0.05891243927180767,4.2596913408488035,3.1709263580851257,True,0.03890719976048442,False
paced_30fps,0,96,4.266662057489157,0.3931010141968727,0.06005307659506798,4.326715134084225,3.204326715087518,True,0.06325251447666926,False
paced_30fps,0,97,4.262283910065889,0.40421285666525364,0.06073177792131901,4.323015687987208,3.2376563490834087,True,0.046117963470174786,False
paced_30fps,0,98,4.2297630570828915,0.3986821975558996,0.05911639891564846,4.28887945599854,3.270955546060577,True,0.061558314330136844,False
paced_30fps,0,99,4.433878930285573,0.4164960701018572,0.0610770657658577,4.494955996051431,3.3044949560426176,True,0.04876810701925931,False
paced_30fps,0,100,4.273775964975357,0.4027599934488535,0.060854945331811905,4.334630910307169,3.3376679641660303,True,0.054004155878378104,False
paced_30fps,0,101,4.250662866979837,0.40020584128797054,0.0597804319113493,4.310443298891187,3.370977109996602,True,0.0630195688536356,False
paced_30fps,0,102,4.208944039419293,0.3864599857479334,0.0603492371737957,4.269293276593089,3.404269293183461,True,0.04863706891658468,False
paced_30fps,0,103,4.256834043189883,0.3970591351389885,0.059675658121705055,4.316509701311588,3.437649843050167,True,0.045243661358165266,False
paced_30fps,0,104,4.4171561021357775,0.4219859838485718,0.06102654151618481,4.478182643651962,3.4711448492016643,True,0.0319607655259993,False
paced_30fps,0,105,4.249360179528594,0.39836205542087555,0.06103399209678173,4.310394171625376,3.5043103941716254,True,0.032945093420134915,False
paced_30fps,0,106,4.197391914203763,0.3999450709670782,0.06031966768205166,4.257711581885815,3.5375910450238734,True,0.04162822817476878,False
paced_30fps,0,107,4.248649114742875,0.39981515146791935,0.05878438241779804,4.307433497160673,3.5709741001483053,True,0.02775167226597818,False
paced_30fps,0,108,4.22957306727767,0.39233104325830936,0.05974387750029564,4.2893169447779655,3.6042893170379102,True,0.03331773567735223,False
paced_30fps,0,109,4.188625840470195,0.39659906178712845,0.05978182889521122,4.248407669365406,3.6375817409716547,True,0.03815223806377495,False
paced_30fps,0,110,4.2395018972456455,0.3977909218519926,0.05922839045524597,4.2987302877008915,3.6709653970319778,True,0.04071778075700618,False
paced_30fps,0,111,4.215054912492633,0.39033684879541397,0.059587182477116585,4.2746420949697495,3.7042746420484036,True,0.049572303502981044,False
paced_30fps,0,112,4.245472839102149,0.3975098952651024,0.059534795582294464,4.3050076346844435,3.737638341030106,True,0.033186413793791336,False
paced_30fps,0,113,4.214434185996652,0.3978211898356676,0.059011392295360565,4.273445578292012,3.7709401121828705,True,0.050762948933303485,False
paced_30fps,0,114,4.246714990586042,0.3886029589921236,0.06004096940159798,4.30675595998764,3.8043067560065538,True,0.08893834530475435,False
paced_30fps,0,115,4.4951539020985365,0.42752595618367195,0.06253388710319996,4.5576877892017365,3.837891021044925,True,0.049283148164775054,False
paced_30fps,0,116,4.476809175685048,0.4320950247347355,0.06318232044577599,4.539991496130824,3.8712066581938416,True,0.025429190963801796,False
paced_30fps,0,117,4.239741945639253,0.3995851147919893,0.06175716407597065,4.301499109715223,3.904301499016583,True,0.1155742235991214,False
paced_30fps,0,118,4.255671985447407,0.3942640032619238,0.060602789744734764,4.3162747751921415,3.9376496081240475,True,0.053036078023035435,False
paced_30fps,0,119,4.233820829540491,0.39534689858555794,0.05913758650422096,4.292958416044712,3.970959624974057,True,0.06405118039345267,False
paced_30fps,0,120,4.2040550615638494,0.3833640366792679,0.06003701128065586,4.264092072844505,4.0042640920728445,True,0.10480220355855684,False
paced_30fps,0,121,4.1958789806813,0.3902770113199949,0.06103655323386192,4.256915533915162,4.037590248975903,True,0.05342810646212534,False
paced_30fps,0,122,4.23256796784699,0.39301090873777866,0.05926145240664482,4.2918294202536345,4.070958496071398,True,0.03280126022648923,False
paced_30fps,0,123,4.230824997648597,0.38932496681809425,0.06050104275345802,4.291326040402055,4.104291326133534,True,0.013056913425436486,False
paced_30fps,0,124,4.191600950434804,0.3955969586968422,0.05999789573252201,4.251598846167326,4.137584932148457,True,0.0032287586183666044,False
paced_30fps,0,125,4.237818066030741,0.39649801328778267,0.05913432687520981,4.2969523929059505,4.170963619137183,True,0.008726911978689246,False
paced_30fps,0,126,4.401487065479159,0.4170069005340338,0.059913145378232,4.461400210857391,4.204461400164291,True,0.020280533851629784,False
paced_30fps,0,127,4.276561085134745,0.40905200876295567,0.06152363494038582,4.3380847200751305,4.237671418115497,True,0.008330104654903983,False
paced_30fps,0,128,4.2756900656968355,0.40672789327800274,0.05880650132894516,4.334496567025781,4.271001163171604,True,0.052551201937900874,False
paced_30fps,0,129,4.192022141069174,0.37779402919113636,0.0617089681327343,4.253731109201908,4.304253731155768,True,0.03220379832973305,False
paced_30fps,0,130,7.0009129121899605,0.5073568318039179,0.06291992031037807,7.0638328325003386,4.3403971660882235,True,0.012904462640237906,False
paced_30fps,0,131,4.123121965676546,0.3284299746155739,0.10616844519972801,4.229290410876274,4.370895957108587,True,0.025000805615660704,False
paced_30fps,0,132,4.10390505567193,0.3200541250407696,0.05805608816444874,4.161961143836379,4.404161961050704,True,0.0258945728844862,False
paced_30fps,0,133,4.237106069922447,0.39789103902876377,0.06071873940527439,4.297824809327722,4.437631158158183,True,0.010069026806374684,False
paced_30fps,0,134,4.234140971675515,0.39691897109150887,0.05866261199116707,4.292803583666682,4.470959470141679,True,0.007914607464487779,False
paced_30fps,0,135,4.978385986760259,0.32012397423386574,0.05797902122139931,5.036365007981658,4.505036365007982,True,0.03298024751923088,False
paced_30fps,0,136,4.4631329365074635,0.43566199019551277,0.07402664050459862,4.537159577012062,4.537870493019,True,0.05003326059708458,False
paced_30fps,0,137,4.393481882289052,0.41903089731931686,0.06078951992094517,4.454271402209997,4.571120938053355,True,0.04906828359283385,False
paced_30fps,0,138,4.246183903887868,0.3877708222717047,0.059104058891534805,4.305287962779403,4.604305288055912,True,0.08192136950473958,False
paced_30fps,0,139,4.212961997836828,0.4019089974462986,0.058750854805111885,4.27171285264194,4.637605046154931,True,0.04375725071901245,False
paced_30fps,0,140,4.238188033923507,0.39484514854848385,0.05898927338421345,4.29717730730772,4.670963844051585,True,0.053806803796981814,False
paced_30fps,0,141,4.223340889438987,0.38863392546772957,0.058906152844429016,4.282247042283416,4.704282246995717,True,0.08193018366344895,False
paced_30fps,0,142,4.200477851554751,0.39417389780282974,0.0613087322562933,4.261786583811045,4.7375951199792325,True,0.029389775880756655,False
paced_30fps,0,143,4.242998082190752,0.37100003100931644,0.061837490648031235,4.304835572838783,4.770971502177417,True,0.08857134807053067,False
paced_30fps,0,144,4.289124859496951,0.3954758867621422,0.060693128034472466,4.349817987531424,4.8043498180340976,True,0.05770812422055137,False
paced_30fps,0,145,4.440220072865486,0.5886510480195284,0.059818848967552185,4.500038921833038,4.837833372177556,True,0.05877942089318577,False
paced_30fps,0,146,4.221747862175107,0.3961368929594755,0.05891546607017517,4.280663328245282,4.870947330025956,True,0.1292907242419271,False
paced_30fps,0,147,4.230824997648597,0.39242091588675976,0.05869218148291111,4.289517179131508,4.904289517085999,True,0.13642217850115232,False
paced_30fps,0,148,4.217769950628281,0.38927397690713406,0.05884072743356228,4.276610678061843,4.937609944026917,True,0.05585500187600243,False
paced_30fps,0,149,4.221889190375805,0.3904870245605707,0.05881744436919689,4.280706634745002,4.970947373192757,True,0.07167447849330123,False
paced_30fps,0,150,4.1717831045389175,0.38140919059515,0.05832500755786896,4.2301081120967865,5.004230108112097,True,0.1462282971704186,False
paced_30fps,0,151,4.345059860497713,0.4080298822373152,0.05946471355855465,4.404524574056268,5.037737858016044,True,0.08705791599114075,False
paced_30fps,0,152,4.40592598170042,0.36594108678400517,0.062327366322278976,4.468253348022699,5.071134919999167,True,0.05215697419392509,False
paced_30fps,0,153,4.8822141252458096,0.44968794099986553,0.06567197851836681,4.947886103764176,5.104947886196896,True,0.043899087439633735,False
paced_30fps,0,154,6.571792997419834,0.38291304372251034,0.06437674164772034,6.6361697390675545,5.139969503041357,True,0.07901809037503743,False
paced_30fps,0,155,5.834541050717235,0.4134599585086107,0.06305240094661713,5.897593451663852,5.172564260195941,True,0.03060917158702127,False
paced_30fps,0,156,4.676115931943059,0.4442289937287569,0.06551411934196949,4.7416300512850285,5.204741630004719,True,0.0790827913742301,False
paced_30fps,0,157,5.417284090071917,0.4037220496684313,0.06801658309996128,5.485300673171878,5.238818634068593,True,0.11610801447596233,False
paced_30fps,0,158,4.627774003893137,0.4323560278862715,0.06581051275134087,4.693584516644478,5.271360251121223,True,0.0794242690849935,False
paced_30fps,0,159,4.3865779880434275,0.41887001134455204,0.061861006543040276,4.448438994586468,5.304448439041153,True,0.05916729913106268,False
paced_30fps,0,160,4.354648990556598,0.4086010158061981,0.060324789956212044,4.41497378051281,5.337748307036236,True,0.10203489945050861,False
paced_30fps,0,161,4.257946973666549,0.4052650183439255,0.06181537173688412,4.319762345403433,5.370986429043114,True,0.08288685235970843,False
paced_30fps,0,162,4.313240060582757,0.3966891672462225,0.060992082580924034,4.374232143163681,5.404374232050031,True,0.09870260807212669,False
paced_30fps,0,163,4.252606071531773,0.3993329592049122,0.06034877151250839,4.312954843044281,5.4376462881919,True,0.06814175519382487,False
paced_30fps,0,164,4.229902988299727,0.39423396810889244,0.059574609622359276,4.289477597922087,5.4709561441559345,True,0.04057303331277556,False
paced_30fps,0,165,4.192612832412124,0.3847868647426367,0.059682177379727364,4.252295009791851,5.504252295009792,True,0.12491240738785535,False
paced_30fps,0,166,4.214945016428828,0.3898860886693001,0.05884864367544651,4.273793660104275,5.537607127102092,True,0.09111865143348521,False
paced_30fps,0,167,4.260259913280606,0.39590708911418915,0.05983840674161911,4.320098320022225,5.570986764971167,True,0.057059160264562384,False
paced_30fps,0,168,4.223311087116599,0.38746208883821964,0.05916389636695385,4.282474983483553,5.604282475076616,True,0.09650543496206747,False
paced_30fps,0,169,4.1747791692614555,0.3920700401067734,0.06138673052191734,4.236165899783373,5.637569499202073,True,0.07864326061303346,False
paced_30fps,0,170,4.214413929730654,0.38858293555676937,0.05985144525766373,4.2742653749883175,5.670940932119265,True,0.14229392836275503,False
paced_30fps,0,171,4.234361927956343,0.38651982322335243,0.05949824117124081,4.2938601691275835,5.7042938601225615,True,0.06374193372584039,False
paced_30fps,0,172,4.193935077637434,0.389674911275506,0.05976669490337372,4.253701772540808,5.737587035167962,True,0.03514558183265114,False
paced_30fps,0,173,4.226947203278542,0.3961471375077963,0.06134738214313984,4.288294585421681,5.77095496119,True,0.0949697623409582,False
paced_30fps,0,174,4.227448953315616,0.3864800091832876,0.058999983593821526,4.286448936909437,5.804286448983476,True,0.06509129229230465,False
paced_30fps,0,175,4.452182911336422,0.4165959544479847,0.0617029145359993,4.513885825872421,5.8378472190815955,True,0.04572023318843542,False
paced_30fps,0,176,4.328348906710744,0.4204539582133293,0.06153038702905178,4.389879293739796,5.8710565459914505,True,0.057846877729730045,False
paced_30fps,0,177,4.273875849321485,0.40119700133800507,0.061288243159651756,4.335164092481136,5.904335163999349,True,0.037152121082769884,False
paced_30fps,0,178,4.2512130457907915,0.3995439037680626,0.06066472269594669,4.311877768486738,5.937645211117342,True,0.026188269707356257,False
paced_30fps,0,179,4.2166090570390224,0.4019190091639757,0.06056157872080803,4.2771706357598305,5.970943837193772,True,0.03201861640073872,False
paced_30fps,0,180,4.18715295381844,0.39124907925724983,0.06044912151992321,4.247602075338364,6.004247602075338,True,0.0767189469697003,False
paced_30fps,0,181,4.244140116497874,0.40066707879304886,0.06222957745194435,4.306369693949819,6.0376397031359375,True,0.05747835836733275,False
paced_30fps,0,182,4.2645789217203856,0.40920195169746876,0.05939253605902195,4.3239714577794075,6.070990638108924,True,0.03875958021383752,False
paced_30fps,0,183,4.888847004622221,0.3324782010167837,0.058407895267009735,4.947254899889231,6.1049472549930215,True,0.036285079505970985,False
paced_30fps,0,184,4.240944050252438,0.3981310874223709,0.05974876694381237,4.30069281719625,6.1376340261194855,True,0.02288342707293929,False
paced_30fps,0,185,4.234361927956343,0.39376295171678066,0.05987635813653469,4.294238286092877,6.17096090503037,True,0.05333995313531339,False
paced_30fps,0,186,4.3511418625712395,0.4148930311203003,0.06405217573046684,4.415194038301706,6.204415193991736,True,0.04294254232530504,False
paced_30fps,0,187,4.258708097040653,0.41086599230766296,0.06045261397957802,4.319160711020231,6.237652494106442,True,0.021097092140620406,False
paced_30fps,0,188,4.264187999069691,0.39964402094483376,0.05971943028271198,4.323907429352403,6.270990574033931,True,0.061524159258081565,False
paced_30fps,0,189,4.29903413169086,0.40128803811967373,0.06049801595509052,4.35953214764595,6.304359532194212,True,0.0455314573944398,False
paced_30fps,0,190,4.224432865157723,0.3932318650186062,0.06046588532626629,4.28489875048399,6.337618232006207,True,0.030525302673972778,False
paced_30fps,0,191,4.204645985737443,0.3974800929427147,0.05983235314488411,4.264478338882327,6.370931145036593,True,0.06474667707907333,False
paced_30fps,0,192,4.235293949022889,0.38563809357583523,0.06062118336558342,4.295915132388473,6.404295915039256,True,0.053557222854895996,False
paced_30fps,0,193,4.311107099056244,0.4122280515730381,0.05939672701060772,4.370503826066852,6.437703837174922,True,0.04654711190200693,False
paced_30fps,0,194,4.236524924635887,0.42366888374090195,0.06321258842945099,4.299737513065338,6.470966404071078,True,0.06427491732726694,False
paced_30fps,0,195,4.1855499148368835,0.3910479135811329,0.058821169659495354,4.244371084496379,6.504244371084496,True,0.0704267748032724,False
paced_30fps,0,196,5.080878967419267,0.4068578127771616,0.06342772394418716,5.144306691363454,6.538477640133351,True,0.050796283137691634,False
paced_30fps,0,197,4.83584706671536,0.48459507524967194,0.06313435733318329,4.898981424048543,6.571565648075193,True,0.032348022592119975,False
paced_30fps,0,198,4.330082098022103,0.4122280515730381,0.06291200406849384,4.392994102090597,6.604392994195223,True,0.030759252799844893,False
paced_30fps,0,199,4.29330300539732,0.41032396256923676,0.06287987343966961,4.356182878836989,6.637689516181126,True,0.051910320017561525,False
paced_30fps,0,200,4.270420176908374,0.39980513975024223,0.06056227721273899,4.330982454121113,6.670997649198398,True,0.03506120440376718,False
paced_30fps,0,201,4.2388299480080605,0.3903659526258707,0.06012013182044029,4.298950079828501,6.704298950033262,True,0.10025498939538006,False
paced_30fps,0,202,4.183044889941812,0.39182999171316624,0.06046774797141552,4.243512637913227,6.737576846033335,True,0.06485697432032267,False
paced_30fps,0,203,4.224132979288697,0.39264094084501266,0.05943351425230503,4.283566493541002,6.7709502330981195,True,0.04721199064319811,False
paced_30fps,0,204,4.227568162605166,0.3850760404020548,0.05901092663407326,4.28657908923924,6.804286579135805,True,0.08567409521172838,False
paced_30fps,0,205,4.203443182632327,0.3935231361538172,0.05931872874498367,4.262761911377311,6.8375960951671,True,0.04428579657074235,False
paced_30fps,0,206,4.204314900562167,0.39439392276108265,0.05981745198369026,4.264132352545857,6.870930799050257,True,0.09997100321330864,False
paced_30fps,0,207,4.230323946103454,0.38687000051140785,0.059895217418670654,4.290219163522124,6.90429021907039,True,0.12702041065853453,False
paced_30fps,0,208,4.749473882839084,0.4307928029447794,0.06363983266055584,4.8131137154996395,6.938146447064355,True,0.1068674555247082,False
paced_30fps,0,209,4.994386108592153,0.44896709732711315,0.06682449020445347,5.061210598796606,6.971727877156809,True,0.08505749673491651,False
paced_30fps,0,210,6.634602090343833,0.4586661234498024,0.06458698771893978,6.699189078062773,7.006699189078063,True,0.06248810507925455,False
paced_30fps,0,211,4.760925890877843,0.45905704610049725,0.06571668200194836,4.826642572879791,7.038159976014867,True,0.135448884927677,False
paced_30fps,0,212,5.73465321213007,0.45477808453142643,0.07111532613635063,5.80576853826642,7.072472435189411,True,0.06614480542739602,False
paced_30fps,0,213,4.9835259560495615,0.3969999961555004,0.06258604116737843,5.04611199721694,7.105046112090349,True,0.03334041031005669,False
paced_30fps,0,214,4.459777846932411,0.3937839064747095,0.06206287071108818,4.521840717643499,7.137855174019933,True,0.12125335266094801,False
paced_30fps,0,215,4.959680140018463,0.39784121327102184,0.06160023622214794,5.021280376240611,7.1716879471205175,True,0.08317274048676344,False
paced_30fps,0,216,4.964620107784867,0.4563119728118181,0.0668470747768879,5.031467182561755,7.205031467135996,True,0.05764428812160857,False
paced_30fps,0,217,4.704669117927551,0.44777500443160534,0.06539258174598217,4.770061699673533,7.238103395095095,True,0.11686260161326334,False
paced_30fps,0,218,4.770795116201043,0.44684414751827717,0.06461841985583305,4.835413536056876,7.271502080140635,True,0.07627050341711507,False
paced_30fps,0,219,4.645698005333543,0.44344691559672356,0.06751203909516335,4.713210044428706,7.304713210090995,True,0.04368291750896576,False
paced_30fps,0,220,4.866564879193902,0.43284683488309383,0.06879190914332867,4.935356788337231,7.33826869004406,True,0.05685917315956823,False
paced_30fps,0,221,4.607937065884471,0.44137309305369854,0.06344937719404697,4.671386443078518,7.371338053140789,True,0.06694234563326808,False
paced_30fps,0,222,4.6978360041975975,0.4272360820323229,0.06378814578056335,4.761624149978161,7.404761624056846,True,0.11997007184804329,False
paced_30fps,0,223,4.625709960237145,0.4341588355600834,0.06200280040502548,4.687712760642171,7.4380210461094975,True,0.06797188431266299,False
paced_30fps,0,224,4.418700002133846,0.4309839569032192,0.06446451880037785,4.483164520934224,7.471149831078947,True,0.04704377178757284,False
paced_30fps,0,225,4.42300783470273,0.4075688775628805,0.06019417196512222,4.483202006667852,7.504483202006668,True,0.14047481357368227,False
paced_30fps,0,226,4.260530928149819,0.39610685780644417,0.060572754591703415,4.321103682741523,7.537654437124729,True,0.04172231189132959,False
paced_30fps,0,227,4.24026302061975,0.40070596151053905,0.05999952554702759,4.300262546166778,7.570966929197311,True,0.02375413296290951,False
paced_30fps,0,228,4.358005011454225,0.4055560566484928,0.06193993613123894,4.4199449475854635,7.604419945040718,True,0.09761010512583711,False
paced_30fps,0,229,4.286670824512839,0.40672789327800274,0.061957864090800285,4.34862868860364,7.637681961990893,True,0.0873260475093754,False
paced_30fps,0,230,4.257645923644304,0.4022698849439621,0.06095343269407749,4.318599356338382,7.670985266100615,True,0.04713143992017754,False
paced_30fps,0,231,4.210676997900009,0.3865188919007778,0.06124214269220829,4.2719191405922174,7.704271919094026,True,0.09079877289363665,False
paced_30fps,0,232,4.180229967460036,0.3944849595427513,0.06024772301316261,4.240477690473199,7.737573811085895,True,0.02877269988353616,False
paced_30fps,0,233,4.429270047694445,0.4176078364253044,0.06286054849624634,4.492130596190691,7.771158797200769,True,0.024442613549225105,False
paced_30fps,0,234,5.756734870374203,0.4329979419708252,0.060924096032977104,5.81765896640718,7.805817659012973,True,0.012683436440508324,False
paced_30fps,0,235,4.707234911620617,0.44564087875187397,0.06238487549126148,4.769619787111878,7.838102953042835,True,0.015093507560613726,False
paced_30fps,0,236,4.292791010811925,0.3495491109788418,0.06039929576218128,4.353190306574106,7.871019857004285,True,0.01573952841337732,False
paced_30fps,0,237,4.48427302762866,0.5369831342250109,0.06746011786162853,4.551733145490289,7.904551733052358,True,0.06448523413312249,False
paced_30fps,0,238,4.372682888060808,0.43089292012155056,0.05966285243630409,4.432345740497112,7.9377656790893525,True,0.12350359667787919,False
paced_30fps,0,239,4.235934931784868,0.3513230476528406,0.05920953117311001,4.295144462957978,7.97096181102097,True,0.09244098212071986,False
paced_30fps,0,240,4.377031000331044,0.40663802064955235,0.059077050536870956,4.436108050867915,8.004436108050868,True,0.05442381241880383,False
paced_30fps,0,241,4.493601154536009,0.42593409307301044,0.06003654561936855,4.553637700155377,8.037886971142143,True,0.04578334827047995,False
paced_30fps,0,242,4.72010881640017,0.5686329677700996,0.06547453813254833,4.785583354532719,8.071452250005677,True,0.03505337298655136,False
paced_30fps,0,243,6.9745739456266165,0.5033200141042471,0.061965081840753555,7.03653902746737,8.1070365391206,True,0.02256344410423735,False
paced_30fps,0,244,4.283855203539133,0.40339119732379913,0.061051687225699425,4.3449068907648325,8.137678240193054,True,0.05482802181632832,False
paced_30fps,0,245,4.234942840412259,0.3530059475451708,0.06286241114139557,4.297805251553655,8.17096447199583,True,0.008298372182088839,False
paced_30fps,0,246,6.090563954785466,0.4232481587678194,0.06558606401085854,6.156150018796325,8.20615614997223,True,0.020817226874786314,False
paced_30fps,0,247,7.143761962652206,0.5558389239013195,0.07003173232078552,7.213793694972992,8.240547127090394,True,0.003546407882159584,False
paced_30fps,0,248,4.457502858713269,0.414170790463686,0.0630565918982029,4.520559450611472,8.27118722605519,True,0.0013015350352003927,False
paced_30fps,0,249,5.44417486526072,0.432054977864027,0.0635951291769743,5.5077699944376945,8.305507770041004,True,0.005193403469247605,False
paced_30fps,0,250,4.432676127180457,0.4408720415085554,0.06488477811217308,4.49756090529263,8.337830894161016,True,0.058124966089430075,False
paced_30fps,0,251,4.8035557847470045,0.3584357909858227,0.06158649921417236,4.865142283961177,8.371531808981672,True,0.03400490573408391,False
paced_30fps,0,252,4.874770063906908,0.3894548863172531,0.06032222881913185,4.93509229272604,8.404935092199594,True,0.05731364191704165,False
paced_30fps,0,253,4.686495056375861,0.4853659775108099,0.06840471178293228,4.7548997681587934,8.438088233117014,True,0.10358498704454065,False
paced_30fps,0,254,6.022976944223046,0.49757887609303,0.06368360482156277,6.086660549044609,8.472753327107057,True,0.042643412698350876,False
paced_30fps,0,255,4.279146203771234,0.39617810398340225,0.060694990679621696,4.339841194450855,8.50433984119445,True,0.09252305195774715,False
