video,frame,video_length,phase,appearance,temporal
01,35,411,177,0.00014856366033200175,5.215123859191654
01,36,411,177,0.00013969581050332636,5.215123859191654
01,37,411,177,0.00011899956734851003,5.215123859191654
01,38,411,177,0.0001353093539364636,5.215123859191654
01,39,411,177,0.00015804999566171318,5.215123859191654
01,40,411,177,0.0001586024445714429,5.215123859191654
01,41,411,177,0.00017578808183316141,5.215123859191654
01,42,411,177,0.00015625431842636317,5.215123859191654
01,43,411,177,0.00015061670274008065,5.215123859191654
01,44,411,177,0.0001499511272413656,5.215123859191654
01,45,411,177,0.00015273359895218164,5.215123859191654
01,46,411,177,0.0001528079155832529,5.215123859191654
01,47,411,177,0.00015743481344543397,5.215123859191654
01,48,411,177,0.00015196848835330456,5.215123859191654
01,49,411,177,0.0001402245252393186,5.215123859191654
01,50,411,177,0.00015153689309954643,5.215123859191654
01,51,411,177,0.00015194437582977116,5.215123859191654
01,52,411,177,0.00013392850814852864,5.215123859191654
01,53,411,177,0.00013504204980563372,5.215123859191654
01,54,411,177,0.00013653548376169056,5.215123859191654
01,55,411,177,0.0001416513550793752,5.215123859191654
01,56,411,177,0.00014222257595974952,5.215123859191654
01,57,411,177,0.00013893235882278532,5.215123859191654
01,58,411,177,0.00013538349594455212,5.215123859191654
01,59,411,177,0.0001366624201182276,5.215123859191654
01,60,411,177,0.00013291375944390893,5.215123859191654
01,61,411,177,0.000128193772980012,5.215123859191654
01,62,411,177,0.00014046183787286282,5.215123859191654
01,63,411,177,0.00014710775576531887,5.215123859191654
01,64,411,177,0.0001384430070174858,5.215123859191654
01,65,411,177,0.00014183661551214755,5.215123859191654
01,66,411,177,0.00013971880252938718,5.215123859191654
01,67,411,177,0.00013555126497521996,5.215123859191654
01,68,411,177,0.00014210336667019874,5.215123859191654
01,69,411,177,0.0001344331249129027,5.215123859191654
01,70,411,177,0.00013315401156432927,5.215123859191654
01,71,411,177,0.00013380267773754895,5.215123859191654
01,72,411,177,0.00013225350994616747,5.215123859191654
01,73,411,177,0.00013414282875601202,5.215123859191654
01,74,411,177,0.00013706897152587771,5.215123859191654
01,75,411,177,0.00013117694470565766,5.215123859191654
01,76,411,177,0.00014055364590603858,5.215123859191654
01,77,411,177,0.00014615537656936795,5.215123859191654
01,78,411,177,0.00013772609236184508,5.215123859191654
01,79,411,177,0.00015113347035367042,5.215123859191654
01,80,411,177,0.0001739180734148249,5.215123859191654
01,81,411,177,0.000160642244736664,5.215123859191654
01,82,411,177,0.0001483051892137155,5.215123859191654
01,83,411,177,0.0001463724474888295,5.215123859191654
01,84,411,177,0.0001535884803161025,5.215123859191654
01,85,411,177,0.00015670908032916486,5.215123859191654
01,86,411,177,0.00015499121218454093,5.215123859191654
01,87,411,177,0.00017416532500647008,5.215123859191654
01,88,411,177,0.00017415336333215237,5.215123859191654
01,89,411,177,0.00015713991888333112,5.215123859191654
01,90,411,177,0.0001815478317439556,5.215123859191654
01,91,411,177,0.0001762362226145342,5.215123859191654
01,92,411,177,0.00020858572679571807,5.215123859191654
01,93,411,177,0.00019636254000943154,5.215123859191654
01,94,411,177,0.0001812354603316635,5.215123859191654
01,95,411,177,0.0001743235334288329,5.215123859191654
01,96,411,177,0.00017745204968377948,5.215123859191654
01,97,411,177,0.00018648988043423742,5.215123859191654
01,98,411,177,0.00018216339231003076,5.215123859191654
01,99,411,177,0.00020516672520898283,5.215123859191654
01,100,411,177,0.0001478837220929563,5.215123859191654
01,101,411,177,0.00017910791211761534,5.215123859191654
01,102,411,177,0.00017477976507507265,5.215123859191654
01,103,411,177,0.00016966719704214483,5.215123859191654
01,104,411,177,0.00015224239905364811,5.215123859191654
01,105,411,177,0.00018495340191293508,5.215123859191654
01,106,411,177,0.00017432555614504963,5.215123859191654
01,107,411,177,0.00016780252917669713,5.215123859191654
01,108,411,177,0.0001722241286188364,5.215123859191654
01,109,411,177,0.00017633648531045765,5.215123859191654
01,110,411,177,0.00018226364045403898,5.215123859191654
01,111,411,177,0.0001576053473399952,5.215123859191654
01,112,411,177,0.00019078839977737516,5.215123859191654
01,113,411,177,0.00016191731265280396,5.215123859191654
01,114,411,177,0.00016269198385998607,5.215123859191654
01,115,411,177,0.0001596043148310855,5.215123859191654
01,116,411,177,0.00016322455485351384,5.215123859191654
01,117,411,177,0.00015885244647506624,5.215123859191654
01,118,411,177,0.00015769310994073749,5.215123859191654
01,119,411,177,0.0001673586230026558,5.215123859191654
01,120,411,177,0.00018336412904318422,5.215123859191654
01,121,411,177,0.000167770340340212,5.215123859191654
01,122,411,177,0.00017349477275274694,5.215123859191654
01,123,411,177,0.0001750551600707695,5.215123859191654
01,124,411,177,0.00018743691907729954,5.215123859191654
01,125,411,177,0.00018163338245358318,5.215123859191654
01,126,411,177,0.0001700606953818351,5.215123859191654
01,127,411,177,0.0001583415869390592,5.215123859191654
01,128,411,177,0.00014483119593933225,5.215123859191654
01,129,411,177,0.00014653195103164762,5.215123859191654
01,130,411,177,0.0001497448974987492,5.215123859191654
01,131,411,177,0.00014632075908593833,5.215123859191654
01,132,411,177,0.0001354898267891258,5.215123859191654
01,133,411,177,0.0001463319786125794,5.215123859191654
01,134,411,177,0.00013088407285977155,5.215123859191654
01,135,411,177,0.00014415328041650355,5.215123859191654
01,136,411,177,0.00014911794278305024,5.215123859191654
01,137,411,177,0.00013513164594769478,5.215123859191654
01,138,411,177,0.00012135836732340977,5.215123859191654
01,139,411,177,0.00012695661280304193,5.215123859191654
01,140,411,177,0.0001419771579094231,5.215123859191654
01,141,411,177,0.00017460316303186119,5.215123859191654
01,142,411,177,0.00018156273290514946,5.215123859191654
01,143,411,177,0.00016396024147979915,5.215123859191654
01,144,411,177,0.00016053848958108574,5.215123859191654
01,145,411,177,0.00016189890448004007,5.215123859191654
01,146,411,177,0.00016743919695727527,5.215123859191654
01,147,411,177,0.0001671470672590658,5.215123859191654
01,148,411,177,0.00017225999908987433,5.215123859191654
01,149,411,177,0.00017889635637402534,5.215123859191654
01,150,411,177,0.00022048549726605415,5.215123859191654
01,151,411,177,0.00017077982192859054,5.215123859191654
01,152,411,177,0.00020023978140670806,5.215123859191654
01,153,411,177,0.00018973390979226679,5.215123859191654
01,154,411,177,0.00016947586846072227,5.215123859191654
01,155,411,177,0.0001869232946773991,5.215123859191654
01,156,411,177,0.00017012232274282724,5.215123859191654
01,157,411,177,0.0001840775366872549,5.215123859191654
01,158,411,177,0.0001842388737713918,5.215123859191654
01,159,411,177,0.00019822738249786198,5.215123859191654
01,160,411,177,0.00020111509365960956,5.215123859191654
01,161,411,177,0.00022077928588259965,5.215123859191654
01,162,411,177,0.0002024385321419686,5.215123859191654
01,163,411,177,0.0002002050168812275,5.215123859191654
01,164,411,177,0.00021366389410104603,5.215123859191654
01,165,411,177,0.00020504678832367063,5.215123859191654
01,166,411,177,0.00021623958309646696,5.215123859191654
01,167,411,177,0.00020747512462548912,5.215123859191654
01,168,411,177,0.0002073165524052456,5.215123859191654
01,169,411,177,0.00021913832460995764,5.215123859191654
01,170,411,177,0.0002480647817719728,5.215123859191654
01,171,411,177,0.0002231688122265041,5.215123859191654
01,172,411,177,0.00021350604947656393,5.215123859191654
01,173,411,177,0.00020749941177200526,5.215123859191654
01,174,411,177,0.00019474897999316454,5.215123859191654
01,175,411,177,0.00021956677665002644,5.215123859191654
01,176,411,177,0.0002166336344089359,5.215123859191654
01,177,411,177,0.0001933204912347719,5.215123859191654
01,178,411,177,0.00019807193893939257,5.215123859191654
01,179,411,177,0.0002028051676461473,5.215123859191654
01,180,411,177,0.00019743983284570277,5.215123859191654
01,181,411,177,0.00020567502360790968,5.215123859191654
01,182,411,177,0.00019748361955862492,5.215123859191654
01,183,411,177,0.00019975191389676183,5.215123859191654
01,184,411,177,0.00019510366837494075,5.215123859191654
01,185,411,177,0.0002033688360825181,5.215123859191654
01,186,411,177,0.00020284196943975985,5.215123859191654
01,187,411,177,0.00020397556363604963,5.215123859191654
01,188,411,177,0.0001950442383531481,5.215123859191654
01,189,411,177,0.00019774319662246853,5.215123859191654
01,190,411,177,0.00019789293583016843,5.215123859191654
01,191,411,177,0.00019934460578951985,5.215123859191654
01,192,411,177,0.00019303000590298325,5.215123859191654
01,193,411,177,0.0001993300684262067,5.215123859191654
01,194,411,177,0.00020708861120510846,5.215123859191654
01,195,411,177,0.00020616510300897062,5.215123859191654
01,196,411,177,0.00019509078992996365,5.215123859191654
01,197,411,177,0.0001962230890057981,5.215123859191654
01,198,411,177,0.00019664621504489332,5.215123859191654
01,199,411,177,0.00019273474754299968,5.215123859191654
01,200,411,177,0.00019288872135803103,5.215123859191654
01,201,411,177,0.00019097347103524953,5.215123859191654
01,202,411,177,0.00018547677609603852,5.215123859191654
01,203,411,177,0.00018550640379544348,5.215123859191654
01,204,411,177,0.00018157580052502453,5.215123859191654
01,205,411,177,0.00018149448442272842,5.215123859191654
01,206,411,177,0.0001846195082180202,5.215123859191654
01,207,411,177,0.0001845376391429454,5.215123859191654
01,208,411,177,0.00018524020561017096,5.215123859191654
01,209,411,177,0.0001813660783227533,5.215123859191654
01,210,411,177,0.0001824387873057276,5.215123859191654
01,211,411,177,0.0001829437678679824,5.215123859191654
01,212,411,177,0.00018389431352261454,5.215123859191654
01,213,411,177,0.00018622000061441213,5.215123859191654
01,214,411,177,0.00018810784968081862,5.215123859191654
01,215,411,177,0.00019114124006591737,5.215123859191654
01,216,411,177,0.00019982254889328033,5.215123859191654
01,217,411,177,0.0001938596979016438,5.215123859191654
01,218,411,177,0.00019106268882751465,5.215123859191654
01,219,411,177,0.00019424583297222853,5.215123859191654
01,220,411,177,0.00019340823928359896,5.215123859191654
01,221,411,177,0.00020256638526916504,5.215123859191654
01,222,411,177,0.00020020685042254627,5.215123859191654
01,223,411,177,0.00020017981296405196,5.215123859191654
01,224,411,177,0.00019850388343911618,5.215123859191654
01,225,411,177,0.0002052482304861769,5.215123859191654
01,226,411,177,0.0002152299857698381,5.215123859191654
01,227,411,177,0.00021160753385629505,5.215123859191654
01,228,411,177,0.0002051704068435356,5.215123859191654
01,229,411,177,0.00018284037651028484,5.215123859191654
01,230,411,177,0.0001839340548031032,5.215123859191654
01,231,411,177,0.00016119505744427443,5.215123859191654
01,232,411,177,0.00016848834638949484,5.215123859191654
01,233,411,177,0.0001636004017200321,5.215123859191654
01,234,411,177,0.00014888284204062074,5.215123859191654
01,235,411,177,0.00019141701341141015,5.215123859191654
01,236,411,177,0.0001762663887348026,5.215123859191654
01,237,411,177,0.00016046030214056373,5.215123859191654
01,238,411,177,0.0001748658687574789,5.215123859191654
01,239,411,177,0.00017864008259493858,5.215123859191654
01,240,411,177,0.00019333318050485104,5.215123859191654
01,241,411,177,0.00018339153029955924,5.215123859191654
01,242,411,177,0.00018745330453384668,5.215123859191654
01,243,411,177,0.00018323755648452789,5.215123859191654
01,244,411,177,0.0001879452174762264,5.215123859191654
01,245,411,177,0.00019453925779089332,5.215123859191654
01,246,411,177,0.00018755778728518635,5.215123859191654
01,247,411,177,0.0001811092661228031,5.215123859191654
01,248,411,177,0.00019847335352096707,5.215123859191654
01,249,411,177,0.00018622570496518165,5.215123859191654
01,250,411,177,0.0001837090530898422,5.215123859191654
01,251,411,177,0.00018914559041149914,5.215123859191654
01,252,411,177,0.00018084381008520722,5.215123859191654
01,253,411,177,0.00017963607388082892,5.215123859191654
01,254,411,177,0.00019390623492654413,5.215123859191654
01,255,411,177,0.00019381719175726175,5.215123859191654
01,256,411,177,0.00019385931955184788,5.215123859191654
01,257,411,177,0.00019015188445337117,5.215123859191654
01,258,411,177,0.0001851075649028644,5.215123859191654
01,259,411,177,0.00019164494005963206,5.215123859191654
01,260,411,177,0.00018583991914056242,5.215123859191654
01,261,411,177,0.00018905324395745993,5.215123859191654
01,262,411,177,0.00019175568013451993,5.215123859191654
01,263,411,177,0.00019170546147506684,5.215123859191654
01,264,411,177,0.00018500638543628156,5.215123859191654
01,265,411,177,0.00018618964531924576,5.215123859191654
01,266,411,177,0.0001777132711140439,5.215123859191654
01,267,411,177,0.0001901410287246108,5.215123859191654
01,268,411,177,0.00019814497500192374,5.215123859191654
01,269,411,177,0.00019551427976693958,5.215123859191654
01,270,411,177,0.000183812269824557,5.215123859191654
01,271,411,177,0.00021318889048416167,5.215123859191654
01,272,411,177,0.00019995131879113615,5.215123859191654
01,273,411,177,0.00019939390767831355,5.215123859191654
01,274,411,177,0.00019679816614370793,5.215123859191654
01,275,411,177,0.00019427693041507155,5.215123859191654
01,276,411,177,0.00019732688087970018,5.215123859191654
01,277,411,177,0.000195467917365022,5.215123859191654
01,278,411,177,0.00019320257706567645,5.215123859191654
01,279,411,177,0.00019761607109103352,5.215123859191654
01,280,411,177,0.0001994537014979869,5.215123859191654
01,281,411,177,0.000199002621229738,5.215123859191654
01,282,411,177,0.00018975415150634944,5.215123859191654
01,283,411,177,0.00019737765251193196,5.215123859191654
01,284,411,177,0.00019900409097317606,5.215123859191654
01,285,411,177,0.0001981175591936335,5.215123859191654
01,286,411,177,0.0002043458807747811,5.215123859191654
01,287,411,177,0.0002050144103122875,5.215123859191654
01,288,411,177,0.0002002182591240853,5.215123859191654
01,289,411,177,0.00019557222549337894,5.215123859191654
01,290,411,177,0.0001900010247481987,5.215123859191654
01,291,411,177,0.0001924608222907409,5.215123859191654
01,292,411,177,0.0001942557719303295,5.215123859191654
01,293,411,177,0.00019422578043304384,5.215123859191654
01,294,411,177,0.00018275980255566537,5.215123859191654
01,295,411,177,0.00019633144256658852,5.215123859191654
01,296,411,177,0.00020170837524347007,5.215123859191654
01,297,411,177,0.0002039707760559395,5.215123859191654
01,298,411,177,0.00020472539472393692,5.215123859191654
01,299,411,177,0.00020670007506851107,5.215123859191654
01,300,411,177,0.00020316334848757833,5.215123859191654
01,301,411,177,0.0001998497755266726,5.215123859191654
01,302,411,177,0.00019263540161773562,5.215123859191654
01,303,411,177,0.00019778127898462117,5.215123859191654
01,304,411,177,0.00020567521278280765,5.215123859191654
01,305,411,177,0.0002049424801953137,5.215123859191654
01,306,411,177,0.0001975073537323624,5.215123859191654
01,307,411,177,0.00019992244779132307,5.215123859191654
01,308,411,177,0.00020093296188861132,5.215123859191654
01,309,411,177,0.00020319499890320003,5.215123859191654
01,310,411,177,0.00020638733985833824,5.215123859191654
01,311,411,177,0.00020400922221597284,5.215123859191654
01,312,411,177,0.00020573849906213582,5.215123859191654
01,313,411,177,0.00020552233036141843,5.215123859191654
01,314,411,177,0.00020180146384518594,5.215123859191654
01,315,411,177,0.00020557605603244156,5.215123859191654
01,316,411,177,0.00020197695994284004,5.215123859191654
01,317,411,177,0.00019999106007162482,5.215123859191654
01,318,411,177,0.00019385914492886513,5.215123859191654
01,319,411,177,0.00019360159058123827,5.215123859191654
01,320,411,177,0.0001933867170009762,5.215123859191654
01,321,411,177,0.00020283166668377817,5.215123859191654
01,322,411,177,0.00020541103731375188,5.215123859191654
01,323,411,177,0.00019794574473053217,5.215123859191654
01,324,411,177,0.00019557388441171497,5.215123859191654
01,325,411,177,0.00020279524323996156,5.215123859191654
01,326,411,177,0.00020674147526733577,5.215123859191654
01,327,411,177,0.00021358166122809052,5.215123859191654
01,328,411,177,0.00021756983187515289,5.215123859191654
01,329,411,177,0.00021278012718539685,5.215123859191654
01,330,411,177,0.00020938909437973052,5.215123859191654
01,331,411,177,0.00020592485088855028,5.215123859191654
01,332,411,177,0.00019819482986349612,5.215123859191654
01,333,411,177,0.00018512908718548715,5.215123859191654
01,334,411,177,0.0001908491103677079,5.215123859191654
01,335,411,177,0.00018312221800442785,5.215123859191654
01,336,411,177,0.00016653776401653886,5.215123859191654
01,337,411,177,0.00016001105541363358,5.215123859191654
01,338,411,177,0.00016702362336218357,5.215123859191654
01,339,411,177,0.00017773185390979052,5.215123859191654
01,340,411,177,0.00017940538236871362,5.215123859191654
01,341,411,177,0.00018133204139303416,5.215123859191654
01,342,411,177,0.00019452784908935428,5.215123859191654
01,343,411,177,0.00023210029758047312,5.215123859191654
01,344,411,177,0.00024722443777136505,5.215123859191654
01,345,411,177,0.00022643418924417347,5.215123859191654
01,346,411,177,0.00022001381148584187,5.215123859191654
01,347,411,177,0.00022044281649868935,5.215123859191654
01,348,411,177,0.00021492975065484643,5.215123859191654
01,349,411,177,0.00022374589752871543,5.215123859191654
01,350,411,177,0.00022494590666610748,5.215123859191654
01,351,411,177,0.00021214655134826899,5.215123859191654
01,352,411,177,0.0002003186964429915,5.215123859191654
01,353,411,177,0.00021018879488110542,5.215123859191654
01,354,411,177,0.00019304160377942026,5.215123859191654
01,355,411,177,0.00019894135766662657,5.215123859191654
01,356,411,177,0.00020585089805535972,5.215123859191654
01,357,411,177,0.00021652491705026478,5.215123859191654
01,358,411,177,0.00022509308473672718,5.215123859191654
01,359,411,177,0.0002112206566380337,5.215123859191654
01,360,411,177,0.0002207599754910916,5.215123859191654
01,361,411,177,0.00022070496925152838,5.215123859191654
01,362,411,177,0.00022076917230151594,5.215123859191654
01,363,411,177,0.00021957118588034064,5.215123859191654
01,364,411,177,0.00020975574443582445,5.215123859191654
01,365,411,177,0.000211026388569735,5.215123859191654
01,366,411,177,0.0002165153418900445,5.215123859191654
01,367,411,177,0.00022177067876327783,5.215123859191654
01,368,411,177,0.00021874334197491407,5.215123859191654
01,369,411,177,0.00020943747949786484,5.215123859191654
01,370,411,177,0.00020977891108486801,5.215123859191654
01,371,411,177,0.00022031385742593557,5.215123859191654
01,372,411,177,0.00023126050655264407,5.215123859191654
01,373,411,177,0.000244661612669006,5.215123859191654
01,374,411,177,0.0002563238958828151,5.215123859191654
01,375,411,177,0.00021989882225170732,5.215123859191654
01,376,411,177,0.0002397028438281268,5.215123859191654
01,377,411,177,0.00020339220645837486,5.215123859191654
01,378,411,177,0.000221232941839844,5.215123859191654
01,379,411,177,0.0002126465697074309,5.215123859191654
01,380,411,177,0.0002062861603917554,5.215123859191654
01,381,411,177,0.0001954079489223659,5.215123859191654
01,382,411,177,0.00020650544320233166,5.215123859191654
01,383,411,177,0.00019588496070355177,5.215123859191654
01,384,411,177,0.00019061804050579667,5.215123859191654
01,385,411,177,0.00019188059377484024,5.215123859191654
01,386,411,177,0.00018765823915600777,5.215123859191654
01,387,411,177,0.0001906726829474792,5.215123859191654
01,388,411,177,0.00019344153406564146,5.215123859191654
01,389,411,177,0.00019524863455444574,5.215123859191654
01,390,411,177,0.00018821288540493697,5.215123859191654
01,391,411,177,0.0001876514288596809,5.215123859191654
01,392,411,177,0.00018536695279181004,5.215123859191654
01,393,411,177,0.00018769851885735989,5.215123859191654
01,394,411,177,0.00018935126718133688,5.215123859191654
01,395,411,177,0.00019446751684881747,5.215123859191654
01,396,411,177,0.00019252466154284775,5.215123859191654
01,397,411,177,0.00019477841851767153,5.215123859191654
01,398,411,177,0.00019515737949404866,5.215123859191654
01,399,411,177,0.00019517062173690647,5.215123859191654
01,400,411,177,0.00019869906827807426,5.215123859191654
01,401,411,177,0.00019161790260113776,5.215123859191654
01,402,411,177,0.00019904437067452818,5.215123859191654
01,403,411,177,0.00019604814588092268,5.215123859191654
01,404,411,177,0.0001927925186464563,5.215123859191654
01,405,411,177,0.00020127513562329113,5.215123859191654
01,406,411,177,0.00019829656230285764,5.215123859191654
01,407,411,177,0.00020056300854776055,5.215123859191654
01,408,411,177,0.00019122494268231094,5.215123859191654
01,409,411,177,0.00019286609312985092,5.215123859191654
01,410,411,177,0.00019844318740069866,5.215123859191654
02,35,398,177,0.00014371893485076725,5.215123859191654
02,36,398,177,0.00015477633860427886,5.215123859191654
02,37,398,177,0.00015141585026867688,5.215123859191654
02,38,398,177,0.00014037832443136722,5.215123859191654
02,39,398,177,0.00013889353431295604,5.215123859191654
02,40,398,177,0.00012969804811291397,5.215123859191654
02,41,398,177,0.00013113555905874819,5.215123859191654
02,42,398,177,0.00013769243378192186,5.215123859191654
02,43,398,177,0.00013181622489355505,5.215123859191654
02,44,398,177,0.0001292539673158899,5.215123859191654
02,45,398,177,0.00012498872820287943,5.215123859191654
02,46,398,177,0.00011964841542067006,5.215123859191654
02,47,398,177,0.00012766137660946697,5.215123859191654
02,48,398,177,0.0001295242109335959,5.215123859191654
02,49,398,177,0.00012634768791031092,5.215123859191654
02,50,398,177,0.00012929149670526385,5.215123859191654
02,51,398,177,0.00013001024490222335,5.215123859191654
02,52,398,177,0.000129274747450836,5.215123859191654
02,53,398,177,0.0001260566496057436,5.215123859191654
02,54,398,177,0.00012393572251312435,5.215123859191654
02,55,398,177,0.00012130005052313209,5.215123859191654
02,56,398,177,0.00012218952178955078,5.215123859191654
02,57,398,177,0.00012574832362588495,5.215123859191654
02,58,398,177,0.0001331214589299634,5.215123859191654
02,59,398,177,0.00012930197408422828,5.215123859191654
02,60,398,177,0.00012697132478933781,5.215123859191654
02,61,398,177,0.00012456634431146085,5.215123859191654
02,62,398,177,0.00012400267587509006,5.215123859191654
02,63,398,177,0.00012742976832669228,5.215123859191654
02,64,398,177,0.00012586312368512154,5.215123859191654
02,65,398,177,0.00013321657024789602,5.215123859191654
02,66,398,177,0.00011885074491146952,5.215123859191654
02,67,398,177,0.00012177192547824234,5.215123859191654
02,68,398,177,0.00012638447515200824,5.215123859191654
02,69,398,177,0.00012323904957156628,5.215123859191654
02,70,398,177,0.00012961802713107318,5.215123859191654
02,71,398,177,0.00013044255319982767,5.215123859191654
02,72,398,177,0.00013421347830444574,5.215123859191654
02,73,398,177,0.00013749852951150388,5.215123859191654
02,74,398,177,0.00013797591964248568,5.215123859191654
02,75,398,177,0.00014238023140933365,5.215123859191654
02,76,398,177,0.00013770310033578426,5.215123859191654
02,77,398,177,0.00013590963499154896,5.215123859191654
02,78,398,177,0.00012918221182189882,5.215123859191654
02,79,398,177,0.00012957424041815102,5.215123859191654
02,80,398,177,0.00013407383812591434,5.215123859191654
02,81,398,177,0.0001372139377053827,5.215123859191654
02,82,398,177,0.00013501133071258664,5.215123859191654
02,83,398,177,0.00012748237350024283,5.215123859191654
02,84,398,177,0.00013242423301562667,5.215123859191654
02,85,398,177,0.00013722883886657655,5.215123859191654
02,86,398,177,0.00014790211571380496,5.215123859191654
02,87,398,177,0.00014169771748129278,5.215123859191654
02,88,398,177,0.00014556301175616682,5.215123859191654
02,89,398,177,0.00014693611592520028,5.215123859191654
02,90,398,177,0.0001445695961592719,5.215123859191654
02,91,398,177,0.00014506667503155768,5.215123859191654
02,92,398,177,0.00014459443627856672,5.215123859191654
02,93,398,177,0.00014065518917050213,5.215123859191654
02,94,398,177,0.0001491260336479172,5.215123859191654
02,95,398,177,0.00014562242722604424,5.215123859191654
02,96,398,177,0.0001451684074709192,5.215123859191654
02,97,398,177,0.00014662099420093,5.215123859191654
02,98,398,177,0.00014896194625180215,5.215123859191654
02,99,398,177,0.000147257509524934,5.215123859191654
02,100,398,177,0.0001454531739000231,5.215123859191654
02,101,398,177,0.00014830280269961804,5.215123859191654
02,102,398,177,0.00014623079914599657,5.215123859191654
02,103,398,177,0.00014411004667636007,5.215123859191654
02,104,398,177,0.00014268506492953748,5.215123859191654
02,105,398,177,0.00014536414528265595,5.215123859191654
02,106,398,177,0.00014363045920617878,5.215123859191654
02,107,398,177,0.00013792882964480668,5.215123859191654
02,108,398,177,0.00014948642638046294,5.215123859191654
02,109,398,177,0.0001537271891720593,5.215123859191654
02,110,398,177,0.0001548423751955852,5.215123859191654
02,111,398,177,0.00015963963232934475,5.215123859191654
02,112,398,177,0.00015658159099984914,5.215123859191654
02,113,398,177,0.00016355863772332668,5.215123859191654
02,114,398,177,0.00015200601774267852,5.215123859191654
02,115,398,177,0.0001540875673526898,5.215123859191654
02,116,398,177,0.0001414661091985181,5.215123859191654
02,117,398,177,0.00013730408682022244,5.215123859191654
02,118,398,177,0.0001428600080544129,5.215123859191654
02,119,398,177,0.00014358777843881398,5.215123859191654
02,120,398,177,0.0001383030175929889,5.215123859191654
02,121,398,177,0.00014086546434555203,5.215123859191654
02,122,398,177,0.00012462062295526266,5.215123859191654
02,123,398,177,0.00013887514069210738,5.215123859191654
02,124,398,177,0.00012304697884246707,5.215123859191654
02,125,398,177,0.00011486698349472135,5.215123859191654
02,126,398,177,0.00011924700083909556,5.215123859191654
02,127,398,177,0.00012334702478256077,5.215123859191654
02,128,398,177,0.00012954720295965672,5.215123859191654
02,129,398,177,0.00011914674541912973,5.215123859191654
02,130,398,177,0.0001567640865687281,5.215123859191654
02,131,398,177,0.00017174839740619063,5.215123859191654
02,132,398,177,0.00018627243116497993,5.215123859191654
02,133,398,177,0.0001882954966276884,5.215123859191654
02,134,398,177,0.00015817729581613094,5.215123859191654
02,135,398,177,0.00014920053945388645,5.215123859191654
02,136,398,177,0.00014427451242227107,5.215123859191654
02,137,398,177,0.0001442761713406071,5.215123859191654
02,138,398,177,0.00014638202264904976,5.215123859191654
02,139,398,177,0.00013538624625653028,5.215123859191654
02,140,398,177,0.00013654265785589814,5.215123859191654
02,141,398,177,0.00013727758778259158,5.215123859191654
02,142,398,177,0.00013270073395688087,5.215123859191654
02,143,398,177,0.00015090829401742667,5.215123859191654
02,144,398,177,0.00016529472486581653,5.215123859191654
02,145,398,177,0.00016811877139844,5.215123859191654
02,146,398,177,0.00016676330415066332,5.215123859191654
02,147,398,177,0.00016427297668997198,5.215123859191654
02,148,398,177,0.00016071215213742107,5.215123859191654
02,149,398,177,0.0001582832628628239,5.215123859191654
02,150,398,177,0.00014932894555386156,5.215123859191654
02,151,398,177,0.00013923700316809118,5.215123859191654
02,152,398,177,0.0001449776318622753,5.215123859191654
02,153,398,177,0.00014622767048422247,5.215123859191654
02,154,398,177,0.00014160334831103683,5.215123859191654
02,155,398,177,0.00014523003483191133,5.215123859191654
02,156,398,177,0.00013947523257229477,5.215123859191654
02,157,398,177,0.00013560111983679235,5.215123859191654
02,158,398,177,0.00013174282503314316,5.215123859191654
02,159,398,177,0.00013165341806598008,5.215123859191654
02,160,398,177,0.000133465466205962,5.215123859191654
02,161,398,177,0.00014608436322305351,5.215123859191654
02,162,398,177,0.00014615665713790804,5.215123859191654
02,163,398,177,0.0001415330625604838,5.215123859191654
02,164,398,177,0.0001402712514391169,5.215123859191654
02,165,398,177,0.0001383390772389248,5.215123859191654
02,166,398,177,0.00014306770754046738,5.215123859191654
02,167,398,177,0.00014688351075164974,5.215123859191654
02,168,398,177,0.00013880744518246502,5.215123859191654
02,169,398,177,0.0001311155065195635,5.215123859191654
02,170,398,177,0.00013386504724621773,5.215123859191654
02,171,398,177,0.00013085776299703866,5.215123859191654
02,172,398,177,0.000128397427033633,5.215123859191654
02,173,398,177,0.00013238210522104055,5.215123859191654
02,174,398,177,0.0001357471919618547,5.215123859191654
02,175,398,177,0.00013984058750793338,5.215123859191654
02,176,398,177,0.0001434948790119961,5.215123859191654
02,177,398,177,0.00015186324890237302,5.215123859191654
02,178,398,177,0.00014803236990701407,5.215123859191654
02,179,398,177,0.0001558100339025259,5.215123859191654
02,180,398,177,0.00015274315956048667,5.215123859191654
02,181,398,177,0.0001525816333014518,5.215123859191654
02,182,398,177,0.00015325697313528508,5.215123859191654
02,183,398,177,0.00015295471530407667,5.215123859191654
02,184,398,177,0.0001521504163974896,5.215123859191654
02,185,398,177,0.0001579534146003425,5.215123859191654
02,186,398,177,0.00015439755225088447,5.215123859191654
02,187,398,177,0.00015518658619839698,5.215123859191654
02,188,398,177,0.00015327500295825303,5.215123859191654
02,189,398,177,0.00014933667262084782,5.215123859191654
02,190,398,177,0.0001519268989795819,5.215123859191654
02,191,398,177,0.00015407138562295586,5.215123859191654
02,192,398,177,0.00014971104974392802,5.215123859191654
02,193,398,177,0.00015398566029034555,5.215123859191654
02,194,398,177,0.00014992720389273018,5.215123859191654
02,195,398,177,0.00015021677245385945,5.215123859191654
02,196,398,177,0.00014775329327676445,5.215123859191654
02,197,398,177,0.00014729797840118408,5.215123859191654
02,198,398,177,0.00014516270312014967,5.215123859191654
02,199,398,177,0.00015398031973745674,5.215123859191654
02,200,398,177,0.00014934863429516554,5.215123859191654
02,201,398,177,0.0001493582094553858,5.215123859191654
02,202,398,177,0.0001550206507090479,5.215123859191654
02,203,398,177,0.00015678780619055033,5.215123859191654
02,204,398,177,0.00015534884005319327,5.215123859191654
02,205,398,177,0.00015778066881466657,5.215123859191654
02,206,398,177,0.00016462913481518626,5.215123859191654
02,207,398,177,0.00016861400217749178,5.215123859191654
02,208,398,177,0.00017641742306295782,5.215123859191654
02,209,398,177,0.00017242225294467062,5.215123859191654
02,210,398,177,0.00017181994917336851,5.215123859191654
02,211,398,177,0.00016867250087670982,5.215123859191654
02,212,398,177,0.00014599091082345694,5.215123859191654
02,213,398,177,0.00014631045632995665,5.215123859191654
02,214,398,177,0.00015670152788516134,5.215123859191654
02,215,398,177,0.0001333166437689215,5.215123859191654
02,216,398,177,0.0001238957920577377,5.215123859191654
02,217,398,177,0.00012703165702987462,5.215123859191654
02,218,398,177,0.00013517266779672354,5.215123859191654
02,219,398,177,0.00011935922520933673,5.215123859191654
02,220,398,177,0.00012814189540222287,5.215123859191654
02,221,398,177,0.0001305882615270093,5.215123859191654
02,222,398,177,0.00012542656622827053,5.215123859191654
02,223,398,177,0.00012459835852496326,5.215123859191654
02,224,398,177,0.00014982787251938134,5.215123859191654
02,225,398,177,0.00015717119094915688,5.215123859191654
02,226,398,177,0.00015965600323397666,5.215123859191654
02,227,398,177,0.00016989991127047688,5.215123859191654
02,228,398,177,0.0001669377088546753,5.215123859191654
02,229,398,177,0.0002161878946935758,5.215123859191654
02,230,398,177,0.0002078419493045658,5.215123859191654
02,231,398,177,0.00019671887275762856,5.215123859191654
02,232,398,177,0.00017197006673086435,5.215123859191654
02,233,398,177,0.0001501431834185496,5.215123859191654
02,234,398,177,0.00022500201885122806,5.215123859191654
02,235,398,177,0.00013639584358315915,5.215123859191654
02,236,398,177,0.00013976976333651692,5.215123859191654
02,237,398,177,0.0001476797042414546,5.215123859191654
02,238,398,177,0.00016296774265356362,5.215123859191654
02,239,398,177,0.00017640343867242336,5.215123859191654
02,240,398,177,0.00018975359853357077,5.215123859191654
02,241,398,177,0.00017680393648333848,5.215123859191654
02,242,398,177,0.0001690956123638898,5.215123859191654
02,243,398,177,0.00016963426605798304,5.215123859191654
02,244,398,177,0.00016236102965194732,5.215123859191654
02,245,398,177,0.0001666336174821481,5.215123859191654
02,246,398,177,0.00016079512715805322,5.215123859191654
02,247,398,177,0.00016178356599994004,5.215123859191654
02,248,398,177,0.00018233575974591076,5.215123859191654
02,249,398,177,0.0001799891033442691,5.215123859191654
02,250,398,177,0.0001807900844141841,5.215123859191654
02,251,398,177,0.00017969917098525912,5.215123859191654
02,252,398,177,0.00016921170754358172,5.215123859191654
02,253,398,177,0.00015658857591915876,5.215123859191654
02,254,398,177,0.00015125285426620394,5.215123859191654
02,255,398,177,0.00015846850874368101,5.215123859191654
02,256,398,177,0.0001594994537299499,5.215123859191654
02,257,398,177,0.00014833352179266512,5.215123859191654
02,258,398,177,0.0001557167706778273,5.215123859191654
02,259,398,177,0.0001478507911087945,5.215123859191654
02,260,398,177,0.00015186784730758518,5.215123859191654
02,261,398,177,0.00016738659178372473,5.215123859191654
02,262,398,177,0.00017133318760897964,5.215123859191654
02,263,398,177,0.00018700810323935002,5.215123859191654
02,264,398,177,0.0001838998286984861,5.215123859191654
02,265,398,177,0.00016817137657199055,5.215123859191654
02,266,398,177,0.00016738125123083591,5.215123859191654
02,267,398,177,0.00016930699348449707,5.215123859191654
02,268,398,177,0.00016217780648730695,5.215123859191654
02,269,398,177,0.00015877114492468536,5.215123859191654
02,270,398,177,0.00015965435886755586,5.215123859191654
02,271,398,177,0.00015379893011413515,5.215123859191654
02,272,398,177,0.00015142008487600833,5.215123859191654
02,273,398,177,0.00015029330097604543,5.215123859191654
02,274,398,177,0.0001526767446193844,5.215123859191654
02,275,398,177,0.00014704410568811,5.215123859191654
02,276,398,177,0.00014897850633133203,5.215123859191654
02,277,398,177,0.00014713425480294973,5.215123859191654
02,278,398,177,0.00014997227117419243,5.215123859191654
02,279,398,177,0.00015178948524408042,5.215123859191654
02,280,398,177,0.00014728437236044556,5.215123859191654
02,281,398,177,0.00015042703307699412,5.215123859191654
02,282,398,177,0.0001504859101260081,5.215123859191654
02,283,398,177,0.00014751340495422482,5.215123859191654
02,284,398,177,0.0001479891361668706,5.215123859191654
02,285,398,177,0.0001513549650553614,5.215123859191654
02,286,398,177,0.000152460765093565,5.215123859191654
02,287,398,177,0.00014498793461825699,5.215123859191654
02,288,398,177,0.00014910782920196652,5.215123859191654
02,289,398,177,0.00014929196913726628,5.215123859191654
02,290,398,177,0.00014781896607019007,5.215123859191654
02,291,398,177,0.00014848123828414828,5.215123859191654
02,292,398,177,0.00015077141870278865,5.215123859191654
02,293,398,177,0.00014619401190429926,5.215123859191654
02,294,398,177,0.000142120843520388,5.215123859191654
02,295,398,177,0.00014057644875720143,5.215123859191654
02,296,398,177,0.00014192234084475785,5.215123859191654
02,297,398,177,0.00018741522217169404,5.215123859191654
02,298,398,177,0.00015019578859210014,5.215123859191654
02,299,398,177,0.00014583840675186366,5.215123859191654
02,300,398,177,0.00019623541447799653,5.215123859191654
02,301,398,177,0.00020390161080285907,5.215123859191654
02,302,398,177,0.00017996813403442502,5.215123859191654
02,303,398,177,0.00019581524247769266,5.215123859191654
02,304,398,177,0.00020915693312417716,5.215123859191654
02,305,398,177,0.00016913590661715716,5.215123859191654
02,306,398,177,0.00016042939387261868,5.215123859191654
02,307,398,177,0.00017364489031024277,5.215123859191654
02,308,398,177,0.0001425630907760933,5.215123859191654
02,309,398,177,0.00013971402950119227,5.215123859191654
02,310,398,177,0.00014114213990978897,5.215123859191654
02,311,398,177,0.0001449047849746421,5.215123859191654
02,312,398,177,0.00014024531992617995,5.215123859191654
02,313,398,177,0.00013533528544940054,5.215123859191654
02,314,398,177,0.0001405113289365545,5.215123859191654
02,315,398,177,0.0001357915170956403,5.215123859191654
02,316,398,177,0.0001384461356792599,5.215123859191654
02,317,398,177,0.00013592213508673012,5.215123859191654
02,318,398,177,0.00014322444621939212,5.215123859191654
02,319,398,177,0.00014274209388531744,5.215123859191654
02,320,398,177,0.00015488358621951193,5.215123859191654
02,321,398,177,0.00013781072630081326,5.215123859191654
02,322,398,177,0.00015005801105871797,5.215123859191654
02,323,398,177,0.00014999361883383244,5.215123859191654
02,324,398,177,0.00014508984168060124,5.215123859191654
02,325,398,177,0.0001434726145816967,5.215123859191654
02,326,398,177,0.0001425332884537056,5.215123859191654
02,327,398,177,0.0001321076269960031,5.215123859191654
02,328,398,177,0.00013734234380535781,5.215123859191654
02,329,398,177,0.00014611802180297673,5.215123859191654
02,330,398,177,0.00014319096226245165,5.215123859191654
02,331,398,177,0.00014735794684384018,5.215123859191654
02,332,398,177,0.00015652988804504275,5.215123859191654
02,333,398,177,0.0001456533354939893,5.215123859191654
02,334,398,177,0.00014515350630972534,5.215123859191654
02,335,398,177,0.00013904439401812851,5.215123859191654
02,336,398,177,0.0001393425918649882,5.215123859191654
02,337,398,177,0.00013278039114084095,5.215123859191654
02,338,398,177,0.00013503579248208553,5.215123859191654
02,339,398,177,0.00013147183926776052,5.215123859191654
02,340,398,177,0.00013543260865844786,5.215123859191654
02,341,398,177,0.00013410051178652793,5.215123859191654
02,342,398,177,0.00013199429668020457,5.215123859191654
02,343,398,177,0.00013387130456976593,5.215123859191654
02,344,398,177,0.00013142713578417897,5.215123859191654
02,345,398,177,0.00013451756967697293,5.215123859191654
02,346,398,177,0.00013472195132635534,5.215123859191654
02,347,398,177,0.00014437385834753513,5.215123859191654
02,348,398,177,0.00014474215277004987,5.215123859191654
02,349,398,177,0.00014017356443218887,5.215123859191654
02,350,398,177,0.00013594991469290107,5.215123859191654
02,351,398,177,0.00014400886720977724,5.215123859191654
02,352,398,177,0.0001362720358883962,5.215123859191654
02,353,398,177,0.0001338251167908311,5.215123859191654
02,354,398,177,0.0001315025583608076,5.215123859191654
02,355,398,177,0.00013709547056350857,5.215123859191654
02,356,398,177,0.0001398400345351547,5.215123859191654
02,357,398,177,0.0001268175255972892,5.215123859191654
02,358,398,177,0.00013369211228564382,5.215123859191654
02,359,398,177,0.0001237491815118119,5.215123859191654
02,360,398,177,0.00012782307749148458,5.215123859191654
02,361,398,177,0.00012310143210925162,5.215123859191654
02,362,398,177,0.00011813824676210061,5.215123859191654
02,363,398,177,0.0001225379528477788,5.215123859191654
02,364,398,177,0.00011990522762062028,5.215123859191654
02,365,398,177,0.0001190126349683851,5.215123859191654
02,366,398,177,0.00011894290946656838,5.215123859191654
02,367,398,177,0.00011983293370576575,5.215123859191654
02,368,398,177,0.00012139791942900047,5.215123859191654
02,369,398,177,0.00011986475874437019,5.215123859191654
02,370,398,177,0.00012163707287982106,5.215123859191654
02,371,398,177,0.00012546649668365717,5.215123859191654
02,372,398,177,0.00012772117042914033,5.215123859191654
02,373,398,177,0.0001279200369026512,5.215123859191654
02,374,398,177,0.0001257032563444227,5.215123859191654
02,375,398,177,0.00012288491416256875,5.215123859191654
02,376,398,177,0.00012786115985363722,5.215123859191654
02,377,398,177,0.0001212511197081767,5.215123859191654
02,378,398,177,0.00012483879982028157,5.215123859191654
02,379,398,177,0.0001234073715750128,5.215123859191654
02,380,398,177,0.00012659566709771752,5.215123859191654
02,381,398,177,0.0001251885259989649,5.215123859191654
02,382,398,177,0.00012713376781903207,5.215123859191654
02,383,398,177,0.0001227787579409778,5.215123859191654
02,384,398,177,0.00011456343781901523,5.215123859191654
02,385,398,177,0.00011222763714613393,5.215123859191654
02,386,398,177,0.00010996210767189041,5.215123859191654
02,387,398,177,0.0001108569122152403,5.215123859191654
02,388,398,177,0.00010759502765722573,5.215123859191654
02,389,398,177,0.00010847751400433481,5.215123859191654
02,390,398,177,0.0001086739866877906,5.215123859191654
02,391,398,177,0.00010937728075077757,5.215123859191654
02,392,398,177,0.00011065786384278908,5.215123859191654
02,393,398,177,0.00010893963190028444,5.215123859191654
02,394,398,177,0.00010912377911154181,5.215123859191654
02,395,398,177,0.00010876063606701791,5.215123859191654
02,396,398,177,0.00010921704961219802,5.215123859191654
02,397,398,177,0.00010639226820785552,5.215123859191654
03,35,381,177,5.8884790632873774e-05,5.215123859191654
03,36,381,177,5.8489818911766633e-05,5.215123859191654
03,37,381,177,6.085082350182347e-05,5.215123859191654
03,38,381,177,6.349200702970847e-05,5.215123859191654
03,39,381,177,6.514125561807305e-05,5.215123859191654
03,40,381,177,6.760896212654188e-05,5.215123859191654
03,41,381,177,6.7804881837219e-05,5.215123859191654
03,42,381,177,7.240860577439889e-05,5.215123859191654
03,43,381,177,7.338233262998983e-05,5.215123859191654
03,44,381,177,7.507425470976159e-05,5.215123859191654
03,45,381,177,7.475213351426646e-05,5.215123859191654
03,46,381,177,6.882754678372294e-05,5.215123859191654
03,47,381,177,6.272966129472479e-05,5.215123859191654
03,48,381,177,6.929408118594438e-05,5.215123859191654
03,49,381,177,6.560816109413281e-05,5.215123859191654
03,50,381,177,6.650701106991619e-05,5.215123859191654
03,51,381,177,6.469384970841929e-05,5.215123859191654
03,52,381,177,6.772945926059037e-05,5.215123859191654
03,53,381,177,6.592604768229648e-05,5.215123859191654
03,54,381,177,6.626932736253366e-05,5.215123859191654
03,55,381,177,6.428784399759024e-05,5.215123859191654
03,56,381,177,6.372877396643162e-05,5.215123859191654
03,57,381,177,6.97549112373963e-05,5.215123859191654
03,58,381,177,6.831170321675017e-05,5.215123859191654
03,59,381,177,6.83751713950187e-05,5.215123859191654
03,60,381,177,6.928009679540992e-05,5.215123859191654
03,61,381,177,6.8345369072631e-05,5.215123859191654
03,62,381,177,6.451393710449338e-05,5.215123859191654
03,63,381,177,6.36643817415461e-05,5.215123859191654
03,64,381,177,6.573233258677647e-05,5.215123859191654
03,65,381,177,6.79671429679729e-05,5.215123859191654
03,66,381,177,6.727212166879326e-05,5.215123859191654
03,67,381,177,6.732491601724178e-05,5.215123859191654
03,68,381,177,6.937539001228288e-05,5.215123859191654
03,69,381,177,6.897802813909948e-05,5.215123859191654
03,70,381,177,7.276347605511546e-05,5.215123859191654
03,71,381,177,6.733798363711685e-05,5.215123859191654
03,72,381,177,6.737440708093345e-05,5.215123859191654
03,73,381,177,6.567107629962265e-05,5.215123859191654
03,74,381,177,6.808689795434475e-05,5.215123859191654
03,75,381,177,7.055295282043517e-05,5.215123859191654
03,76,381,177,6.857256812509149e-05,5.215123859191654
03,77,381,177,6.604525697184727e-05,5.215123859191654
03,78,381,177,6.660672079306096e-05,5.215123859191654
03,79,381,177,6.685691187158227e-05,5.215123859191654
03,80,381,177,6.537250010296702e-05,5.215123859191654
03,81,381,177,6.530958489747718e-05,5.215123859191654
03,82,381,177,6.646138353971764e-05,5.215123859191654
03,83,381,177,6.728150037815794e-05,5.215123859191654
03,84,381,177,6.640619540121406e-05,5.215123859191654
03,85,381,177,6.703848339384422e-05,5.215123859191654
03,86,381,177,6.960902828723192e-05,5.215123859191654
03,87,381,177,7.13044501026161e-05,5.215123859191654
03,88,381,177,7.568759610876441e-05,5.215123859191654
03,89,381,177,7.811519753886387e-05,5.215123859191654
03,90,381,177,8.635094127384946e-05,5.215123859191654
03,91,381,177,9.063438483281061e-05,5.215123859191654
03,92,381,177,8.53969031595625e-05,5.215123859191654
03,93,381,177,8.562648872612044e-05,5.215123859191654
03,94,381,177,8.287142554763705e-05,5.215123859191654
03,95,381,177,8.064490248216316e-05,5.215123859191654
03,96,381,177,8.67543785716407e-05,5.215123859191654
03,97,381,177,8.664638880873099e-05,5.215123859191654
03,98,381,177,8.654980774736032e-05,5.215123859191654
03,99,381,177,8.561361028114334e-05,5.215123859191654
03,100,381,177,8.948920003604144e-05,5.215123859191654
03,101,381,177,8.270420221379027e-05,5.215123859191654
03,102,381,177,0.00010242193820886314,5.215123859191654
03,103,381,177,8.903443813323975e-05,5.215123859191654
03,104,381,177,9.731415048008785e-05,5.215123859191654
03,105,381,177,0.00010224035941064358,5.215123859191654
03,106,381,177,9.293909533880651e-05,5.215123859191654
03,107,381,177,8.707594679435715e-05,5.215123859191654
03,108,381,177,8.840380905894563e-05,5.215123859191654
03,109,381,177,9.194016456604004e-05,5.215123859191654
03,110,381,177,0.0001030639759846963,5.215123859191654
03,111,381,177,0.00010584865231066942,5.215123859191654
03,112,381,177,0.00012229695857968181,5.215123859191654
03,113,381,177,0.00010849553655134514,5.215123859191654
03,114,381,177,0.00011183468450326473,5.215123859191654
03,115,381,177,0.0001116236817324534,5.215123859191654
03,116,381,177,0.00010558043140918016,5.215123859191654
03,117,381,177,0.0001039898706949316,5.215123859191654
03,118,381,177,0.00011876704229507595,5.215123859191654
03,119,381,177,0.00010262558498652652,5.215123859191654
03,120,381,177,0.00010441905760671943,5.215123859191654
03,121,381,177,0.00010031885176431388,5.215123859191654
03,122,381,177,0.00010125596600119025,5.215123859191654
03,123,381,177,9.800714906305075e-05,5.215123859191654
03,124,381,177,9.297460201196373e-05,5.215123859191654
03,125,381,177,9.459385910304263e-05,5.215123859191654
03,126,381,177,9.95324007817544e-05,5.215123859191654
03,127,381,177,0.00010781634045997635,5.215123859191654
03,128,381,177,9.955318819265813e-05,5.215123859191654
03,129,381,177,0.00010546876728767529,5.215123859191654
03,130,381,177,9.48762462940067e-05,5.215123859191654
03,131,381,177,8.96356359589845e-05,5.215123859191654
03,132,381,177,9.01249804883264e-05,5.215123859191654
03,133,381,177,8.543957665096968e-05,5.215123859191654
03,134,381,177,8.50021096994169e-05,5.215123859191654
03,135,381,177,8.321691711898893e-05,5.215123859191654
03,136,381,177,8.412275929003954e-05,5.215123859191654
03,137,381,177,8.273455750895664e-05,5.215123859191654
03,138,381,177,8.135021926136687e-05,5.215123859191654
03,139,381,177,8.224521297961473e-05,5.215123859191654
03,140,381,177,8.39628919493407e-05,5.215123859191654
03,141,381,177,8.228678780142218e-05,5.215123859191654
03,142,381,177,8.163481834344566e-05,5.215123859191654
03,143,381,177,8.050398173509166e-05,5.215123859191654
03,144,381,177,8.301381603814662e-05,5.215123859191654
03,145,381,177,8.19560227682814e-05,5.215123859191654
03,146,381,177,8.453281770925969e-05,5.215123859191654
03,147,381,177,8.05766467237845e-05,5.215123859191654
03,148,381,177,7.676875975448638e-05,5.215123859191654
03,149,381,177,7.308854401344433e-05,5.215123859191654
03,150,381,177,7.303279562620446e-05,5.215123859191654
03,151,381,177,7.519641076214612e-05,5.215123859191654
03,152,381,177,7.572199683636427e-05,5.215123859191654
03,153,381,177,7.916950562503189e-05,5.215123859191654
03,154,381,177,8.013053593458608e-05,5.215123859191654
03,155,381,177,7.650366751477122e-05,5.215123859191654
03,156,381,177,7.747702329652384e-05,5.215123859191654
03,157,381,177,7.842481136322021e-05,5.215123859191654
03,158,381,177,7.763964822515845e-05,5.215123859191654
03,159,381,177,7.416197331622243e-05,5.215123859191654
03,160,381,177,7.574995834147558e-05,5.215123859191654
03,161,381,177,7.245202141348273e-05,5.215123859191654
03,162,381,177,7.397340959869325e-05,5.215123859191654
03,163,381,177,8.021901885513216e-05,5.215123859191654
03,164,381,177,8.223453914979473e-05,5.215123859191654
03,165,381,177,8.364279347006232e-05,5.215123859191654
03,166,381,177,8.557589899282902e-05,5.215123859191654
03,167,381,177,8.11016871011816e-05,5.215123859191654
03,168,381,177,8.35197206470184e-05,5.215123859191654
03,169,381,177,8.837805216899142e-05,5.215123859191654
03,170,381,177,8.624884503660724e-05,5.215123859191654
03,171,381,177,8.959681872511283e-05,5.215123859191654
03,172,381,177,8.92577736522071e-05,5.215123859191654
03,173,381,177,9.117211448028684e-05,5.215123859191654
03,174,381,177,9.099053568206728e-05,5.215123859191654
03,175,381,177,8.68667775648646e-05,5.215123859191654
03,176,381,177,8.717657328816131e-05,5.215123859191654
03,177,381,177,8.747257379582152e-05,5.215123859191654
03,178,381,177,8.882582187652588e-05,5.215123859191654
03,179,381,177,9.165906521957368e-05,5.215123859191654
03,180,381,177,9.319627861259505e-05,5.215123859191654
03,181,381,177,9.56345465965569e-05,5.215123859191654
03,182,381,177,9.388448961544782e-05,5.215123859191654
03,183,381,177,9.4565526524093e-05,5.215123859191654
03,184,381,177,9.277978097088635e-05,5.215123859191654
03,185,381,177,9.88852116279304e-05,5.215123859191654
03,186,381,177,9.73259229795076e-05,5.215123859191654
03,187,381,177,9.88136453088373e-05,5.215123859191654
03,188,381,177,9.813886572374031e-05,5.215123859191654
03,189,381,177,9.185039380099624e-05,5.215123859191654
03,190,381,177,8.92266834853217e-05,5.215123859191654
03,191,381,177,8.906699804356322e-05,5.215123859191654
03,192,381,177,9.022984158946201e-05,5.215123859191654
03,193,381,177,9.582090569892898e-05,5.215123859191654
03,194,381,177,0.00010134592594113201,5.215123859191654
03,195,381,177,0.00010235552326776087,5.215123859191654
03,196,381,177,0.00011272342089796439,5.215123859191654
03,197,381,177,0.00011554433876881376,5.215123859191654
03,198,381,177,0.00012501540186349303,5.215123859191654
03,199,381,177,9.863777813734487e-05,5.215123859191654
03,200,381,177,9.10891467356123e-05,5.215123859191654
03,201,381,177,9.132480045082048e-05,5.215123859191654
03,202,381,177,9.495774429524317e-05,5.215123859191654
03,203,381,177,8.779745985521004e-05,5.215123859191654
03,204,381,177,9.020960715133697e-05,5.215123859191654
03,205,381,177,8.948975300882012e-05,5.215123859191654
03,206,381,177,9.394795779371634e-05,5.215123859191654
03,207,381,177,0.0001066737313522026,5.215123859191654
03,208,381,177,0.00011244729103054851,5.215123859191654
03,209,381,177,9.662648517405614e-05,5.215123859191654
03,210,381,177,0.00011128684127470478,5.215123859191654
03,211,381,177,0.0001040200368152,5.215123859191654
03,212,381,177,0.00010904265218414366,5.215123859191654
03,213,381,177,0.00011866935528814793,5.215123859191654
03,214,381,177,0.00011037640069844201,5.215123859191654
03,215,381,177,0.00011847269342979416,5.215123859191654
03,216,381,177,0.00010063802619697526,5.215123859191654
03,217,381,177,9.110147220781073e-05,5.215123859191654
03,218,381,177,0.00010178965021623299,5.215123859191654
03,219,381,177,0.00010104606189997867,5.215123859191654
03,220,381,177,0.00010629495227476582,5.215123859191654
03,221,381,177,0.00010219878458883613,5.215123859191654
03,222,381,177,0.00011205820192117244,5.215123859191654
03,223,381,177,0.00011813438322860748,5.215123859191654
03,224,381,177,0.00012339283421169966,5.215123859191654
03,225,381,177,0.0001087464697775431,5.215123859191654
03,226,381,177,0.00011093362991232425,5.215123859191654
03,227,381,177,0.00011835955956485122,5.215123859191654
03,228,381,177,0.00010097854828927666,5.215123859191654
03,229,381,177,0.00010195043432759121,5.215123859191654
03,230,381,177,0.00010890890553127974,5.215123859191654
03,231,381,177,0.0001268313208129257,5.215123859191654
03,232,381,177,0.00012124008208047599,5.215123859191654
03,233,381,177,0.00011814854951808229,5.215123859191654
03,234,381,177,0.0001088202407117933,5.215123859191654
03,235,381,177,0.00010318594286218286,5.215123859191654
03,236,381,177,0.00010287908662576228,5.215123859191654
03,237,381,177,0.000102667894680053,5.215123859191654
03,238,381,177,0.00010114227916346863,5.215123859191654
03,239,381,177,0.00010076937905978411,5.215123859191654
03,240,381,177,0.00010113933240063488,5.215123859191654
03,241,381,177,9.758715168572962e-05,5.215123859191654
03,242,381,177,0.00010290355567121878,5.215123859191654
03,243,381,177,0.00010491374268895015,5.215123859191654
03,244,381,177,0.00010291385842720047,5.215123859191654
03,245,381,177,0.00010749771172413602,5.215123859191654
03,246,381,177,0.00010651589400367811,5.215123859191654
03,247,381,177,0.00010428200766909868,5.215123859191654
03,248,381,177,9.662740922067314e-05,5.215123859191654
03,249,381,177,9.638972551329061e-05,5.215123859191654
03,250,381,177,9.578006574884057e-05,5.215123859191654
03,251,381,177,9.758881060406566e-05,5.215123859191654
03,252,381,177,9.589780529495329e-05,5.215123859191654
03,253,381,177,9.582458733348176e-05,5.215123859191654
03,254,381,177,9.833074000198394e-05,5.215123859191654
03,255,381,177,0.00010416666191304103,5.215123859191654
03,256,381,177,9.623391088098288e-05,5.215123859191654
03,257,381,177,9.552417031954974e-05,5.215123859191654
03,258,381,177,9.893083188217133e-05,5.215123859191654
03,259,381,177,9.75779548753053e-05,5.215123859191654
03,260,381,177,9.666309779277071e-05,5.215123859191654
03,261,381,177,9.971617691917345e-05,5.215123859191654
03,262,381,177,0.00010043768998002633,5.215123859191654
03,263,381,177,0.00010271646169712767,5.215123859191654
03,264,381,177,0.00010379946616012603,5.215123859191654
03,265,381,177,0.0001021678835968487,5.215123859191654
03,266,381,177,0.00010004934301832691,5.215123859191654
03,267,381,177,9.850531932897866e-05,5.215123859191654
03,268,381,177,9.618148033041507e-05,5.215123859191654
03,269,381,177,9.998992027249187e-05,5.215123859191654
03,270,381,177,9.584353392710909e-05,5.215123859191654
03,271,381,177,9.728581790113822e-05,5.215123859191654
03,272,381,177,9.734708146424964e-05,5.215123859191654
03,273,381,177,9.654572932049632e-05,5.215123859191654
03,274,381,177,9.686509292805567e-05,5.215123859191654
03,275,381,177,9.612242138246074e-05,5.215123859191654
03,276,381,177,9.716145723359659e-05,5.215123859191654
03,277,381,177,9.546861110720783e-05,5.215123859191654
03,278,381,177,9.745157149154693e-05,5.215123859191654
03,279,381,177,9.789878822630271e-05,5.215123859191654
03,280,381,177,0.00010120979277417064,5.215123859191654
03,281,381,177,0.00010102822125190869,5.215123859191654
03,282,381,177,0.00010090477735502645,5.215123859191654
03,283,381,177,0.00010000518523156643,5.215123859191654
03,284,381,177,0.00010091949661727995,5.215123859191654
03,285,381,177,9.972390398615971e-05,5.215123859191654
03,286,381,177,9.884841711027548e-05,5.215123859191654
03,287,381,177,9.734965715324506e-05,5.215123859191654
03,288,381,177,0.00010031314741354436,5.215123859191654
03,289,381,177,9.823084837989882e-05,5.215123859191654
03,290,381,177,0.00010225820733467117,5.215123859191654
03,291,381,177,0.0001073222083505243,5.215123859191654
03,292,381,177,0.00010961312364088371,5.215123859191654
03,293,381,177,0.00010949023999273777,5.215123859191654
03,294,381,177,0.00011223830369999632,5.215123859191654
03,295,381,177,0.000110307038994506,5.215123859191654
03,296,381,177,0.00011071489279856905,5.215123859191654
03,297,381,177,0.00010168681183131412,5.215123859191654
03,298,381,177,0.00010845304495887831,5.215123859191654
03,299,381,177,0.00010828545055119321,5.215123859191654
03,300,381,177,0.00011751442070817575,5.215123859191654
03,301,381,177,0.00012942154717165977,5.215123859191654
03,302,381,177,0.00011685564095387235,5.215123859191654
03,303,381,177,0.00012595712905749679,5.215123859191654
03,304,381,177,0.00012161830818513408,5.215123859191654
03,305,381,177,0.00011647391511360183,5.215123859191654
03,306,381,177,0.00012283597607165575,5.215123859191654
03,307,381,177,0.00011411272862460464,5.215123859191654
03,308,381,177,0.00011347969848429784,5.215123859191654
03,309,381,177,0.00010533465683693066,5.215123859191654
03,310,381,177,9.638770279707387e-05,5.215123859191654
03,311,381,177,9.249481809092686e-05,5.215123859191654
03,312,381,177,8.89297662070021e-05,5.215123859191654
03,313,381,177,9.409494668943807e-05,5.215123859191654
03,314,381,177,0.00010173335613217205,5.215123859191654
03,315,381,177,0.00010338940774090588,5.215123859191654
03,316,381,177,0.00010402905172668397,5.215123859191654
03,317,381,177,0.00011078608804382384,5.215123859191654
03,318,381,177,0.00010313351231161505,5.215123859191654
03,319,381,177,0.0001020078343572095,5.215123859191654
03,320,381,177,0.0001114165352191776,5.215123859191654
03,321,381,177,0.00012027113552903756,5.215123859191654
03,322,381,177,0.00010620996181387454,5.215123859191654
03,323,381,177,0.0001095336556318216,5.215123859191654
03,324,381,177,9.950296225724742e-05,5.215123859191654
03,325,381,177,9.632055298425257e-05,5.215123859191654
03,326,381,177,9.510325617156923e-05,5.215123859191654
03,327,381,177,9.648814739193767e-05,5.215123859191654
03,328,381,177,0.00010111725714523345,5.215123859191654
03,329,381,177,0.0001010605992632918,5.215123859191654
03,330,381,177,9.966320067178458e-05,5.215123859191654
03,331,381,177,0.00010055708116851747,5.215123859191654
03,332,381,177,0.00010004510841099545,5.215123859191654
03,333,381,177,0.00010179424862144515,5.215123859191654
03,334,381,177,0.00010301577276550233,5.215123859191654
03,335,381,177,0.00010450828267494217,5.215123859191654
03,336,381,177,0.0001034848828567192,5.215123859191654
03,337,381,177,0.00010138381912838668,5.215123859191654
03,338,381,177,0.0001036195462802425,5.215123859191654
03,339,381,177,0.00010493968147784472,5.215123859191654
03,340,381,177,0.00010873303835978732,5.215123859191654
03,341,381,177,0.0001059785281540826,5.215123859191654
03,342,381,177,0.00012137584417359903,5.215123859191654
03,343,381,177,0.00011533719953149557,5.215123859191654
03,344,381,177,0.00011229919618926942,5.215123859191654
03,345,381,177,0.0001172270713141188,5.215123859191654
03,346,381,177,0.0001265237369807437,5.215123859191654
03,347,381,177,0.00011784426897065714,5.215123859191654
03,348,381,177,0.00010196331277256832,5.215123859191654
03,349,381,177,0.00013470668636728078,5.215123859191654
03,350,381,177,0.00010965194087475538,5.215123859191654
03,351,381,177,0.00010555706830928102,5.215123859191654
03,352,381,177,0.00010876725718844682,5.215123859191654
03,353,381,177,0.00010871611448237672,5.215123859191654
03,354,381,177,0.00010689835471566767,5.215123859191654
03,355,381,177,0.00010584239498712122,5.215123859191654
03,356,381,177,9.924964251695201e-05,5.215123859191654
03,357,381,177,9.386223246110603e-05,5.215123859191654
03,358,381,177,9.401952411280945e-05,5.215123859191654
03,359,381,177,9.584390500094742e-05,5.215123859191654
03,360,381,177,9.731193858897313e-05,5.215123859191654
03,361,381,177,9.902226156555116e-05,5.215123859191654
03,362,381,177,0.00010064814705401659,5.215123859191654
03,363,381,177,0.0001007561368169263,5.215123859191654
03,364,381,177,9.804007277125493e-05,5.215123859191654
03,365,381,177,0.00010004124487750232,5.215123859191654
03,366,381,177,0.00010139982623513788,5.215123859191654
03,367,381,177,0.00010086596012115479,5.215123859191654
03,368,381,177,0.00010163475235458463,5.215123859191654
03,369,381,177,0.00010110217408509925,5.215123859191654
03,370,381,177,0.0001027114994940348,5.215123859191654
03,371,381,177,0.0001005938756861724,5.215123859191654
03,372,381,177,0.00010505484533496201,5.215123859191654
03,373,381,177,0.0001029754857881926,5.215123859191654
03,374,381,177,0.00010448087414260954,5.215123859191654
03,375,381,177,0.00010197784285992384,5.215123859191654
03,376,381,177,0.00010191070032306015,5.215123859191654
03,377,381,177,0.00010300675785401836,5.215123859191654
03,378,381,177,0.00010445235966471955,5.215123859191654
03,379,381,177,0.00010160826059291139,5.215123859191654
03,380,381,177,0.00010316644329577684,5.215123859191654
04,35,379,177,6.253557512536645e-05,5.215123859191654
04,36,379,177,6.44399769953452e-05,5.215123859191654
04,37,379,177,6.395394302671775e-05,5.215123859191654
04,38,379,177,6.008700074744411e-05,5.215123859191654
04,39,379,177,6.250650767469779e-05,5.215123859191654
04,40,379,177,5.692814011126757e-05,5.215123859191654
04,41,379,177,4.547742355498485e-05,5.215123859191654
04,42,379,177,4.536060805548914e-05,5.215123859191654
04,43,379,177,4.313187309890054e-05,5.215123859191654
04,44,379,177,4.223209907650016e-05,5.215123859191654
04,45,379,177,4.2206527723465115e-05,5.215123859191654
04,46,379,177,4.3124513467773795e-05,5.215123859191654
04,47,379,177,4.3269843445159495e-05,5.215123859191654
04,48,379,177,4.3739506509155035e-05,5.215123859191654
04,49,379,177,4.619010360329412e-05,5.215123859191654
04,50,379,177,4.589042509905994e-05,5.215123859191654
04,51,379,177,4.421505582286045e-05,5.215123859191654
04,52,379,177,4.551108941086568e-05,5.215123859191654
04,53,379,177,4.4059423089493066e-05,5.215123859191654
04,54,379,177,4.3023515900131315e-05,5.215123859191654
04,55,379,177,4.8904876166488975e-05,5.215123859191654
04,56,379,177,5.3245526942191646e-05,5.215123859191654
04,57,379,177,5.646620411425829e-05,5.215123859191654
04,58,379,177,6.269838195294142e-05,5.215123859191654
04,59,379,177,6.137199670774862e-05,5.215123859191654
04,60,379,177,6.643489905400202e-05,5.215123859191654
04,61,379,177,6.558700260939077e-05,5.215123859191654
04,62,379,177,6.872213270980865e-05,5.215123859191654
04,63,379,177,7.07363651599735e-05,5.215123859191654
04,64,379,177,6.809204933233559e-05,5.215123859191654
04,65,379,177,7.131971506169066e-05,5.215123859191654
04,66,379,177,6.963423220440745e-05,5.215123859191654
04,67,379,177,6.802895222790539e-05,5.215123859191654
04,68,379,177,6.944493361515924e-05,5.215123859191654
04,69,379,177,6.645770918112248e-05,5.215123859191654
04,70,379,177,6.725225102854893e-05,5.215123859191654
04,71,379,177,6.0676240536849946e-05,5.215123859191654
04,72,379,177,6.037877028575167e-05,5.215123859191654
04,73,379,177,5.497939855558798e-05,5.215123859191654
04,74,379,177,5.8537465520203114e-05,5.215123859191654
04,75,379,177,5.595643597189337e-05,5.215123859191654
04,76,379,177,5.124748349771835e-05,5.215123859191654
04,77,379,177,5.600481745204888e-05,5.215123859191654
04,78,379,177,5.7393754104850814e-05,5.215123859191654
04,79,379,177,5.849846274941228e-05,5.215123859191654
04,80,379,177,5.8970701502403244e-05,5.215123859191654
04,81,379,177,6.200943607836962e-05,5.215123859191654
04,82,379,177,6.169890548335388e-05,5.215123859191654
04,83,379,177,6.304865382844582e-05,5.215123859191654
04,84,379,177,5.752069046138786e-05,5.215123859191654
04,85,379,177,5.3776821005158126e-05,5.215123859191654
04,86,379,177,5.4735461162636057e-05,5.215123859191654
04,87,379,177,5.312061693985015e-05,5.215123859191654
04,88,379,177,5.758985935244709e-05,5.215123859191654
04,89,379,177,5.5836306273704395e-05,5.215123859191654
04,90,379,177,5.557323675020598e-05,5.215123859191654
04,91,379,177,5.4754778830101714e-05,5.215123859191654
04,92,379,177,5.6156222854042426e-05,5.215123859191654
04,93,379,177,5.291678462526761e-05,5.215123859191654
04,94,379,177,5.54273538000416e-05,5.215123859191654
04,95,379,177,5.552319998969324e-05,5.215123859191654
04,96,379,177,5.787151167169213e-05,5.215123859191654
04,97,379,177,6.179897900437936e-05,5.215123859191654
04,98,379,177,6.293220212683082e-05,5.215123859191654
04,99,379,177,6.115547148510814e-05,5.215123859191654
04,100,379,177,6.458880670834333e-05,5.215123859191654
04,101,379,177,6.530645623570308e-05,5.215123859191654
04,102,379,177,6.497734284494072e-05,5.215123859191654
04,103,379,177,6.89530061208643e-05,5.215123859191654
04,104,379,177,6.680558726657182e-05,5.215123859191654
04,105,379,177,6.776330701541156e-05,5.215123859191654
04,106,379,177,6.462670717155561e-05,5.215123859191654
04,107,379,177,6.8297355028335e-05,5.215123859191654
04,108,379,177,6.69910223223269e-05,5.215123859191654
04,109,379,177,6.38715282548219e-05,5.215123859191654
04,110,379,177,7.030202687019482e-05,5.215123859191654
04,111,379,177,6.32425508229062e-05,5.215123859191654
04,112,379,177,7.114715845091268e-05,5.215123859191654
04,113,379,177,6.288621079875156e-05,5.215123859191654
04,114,379,177,6.778023089282215e-05,5.215123859191654
04,115,379,177,7.04661215422675e-05,5.215123859191654
04,116,379,177,6.465963087975979e-05,5.215123859191654
04,117,379,177,7.17818402335979e-05,5.215123859191654
04,118,379,177,7.849214307498187e-05,5.215123859191654
04,119,379,177,7.319156429730356e-05,5.215123859191654
04,120,379,177,6.994255818426609e-05,5.215123859191654
04,121,379,177,7.333192479563877e-05,5.215123859191654
04,122,379,177,7.036806346150115e-05,5.215123859191654
04,123,379,177,7.275721873156726e-05,5.215123859191654
04,124,379,177,7.073139568092301e-05,5.215123859191654
04,125,379,177,8.543111471226439e-05,5.215123859191654
04,126,379,177,8.382160740438849e-05,5.215123859191654
04,127,379,177,9.150656114798039e-05,5.215123859191654
04,128,379,177,9.823893924476579e-05,5.215123859191654
04,129,379,177,9.55767827690579e-05,5.215123859191654
04,130,379,177,7.827193621778861e-05,5.215123859191654
04,131,379,177,8.567818440496922e-05,5.215123859191654
04,132,379,177,8.417831850238144e-05,5.215123859191654
04,133,379,177,8.371656440431252e-05,5.215123859191654
04,134,379,177,8.387827256228775e-05,5.215123859191654
04,135,379,177,8.452582551399246e-05,5.215123859191654
04,136,379,177,7.850704423617572e-05,5.215123859191654
04,137,379,177,7.663942960789427e-05,5.215123859191654
04,138,379,177,7.512779120588675e-05,5.215123859191654
04,139,379,177,7.792534597683698e-05,5.215123859191654
04,140,379,177,7.734898827038705e-05,5.215123859191654
04,141,379,177,8.267127850558609e-05,5.215123859191654
04,142,379,177,8.376126788789406e-05,5.215123859191654
04,143,379,177,8.36210892884992e-05,5.215123859191654
04,144,379,177,8.319226617459208e-05,5.215123859191654
04,145,379,177,8.305355731863528e-05,5.215123859191654
04,146,379,177,8.256107685156167e-05,5.215123859191654
04,147,379,177,8.070708281593397e-05,5.215123859191654
04,148,379,177,8.356699981959537e-05,5.215123859191654
04,149,379,177,7.979240763233975e-05,5.215123859191654
04,150,379,177,7.763615576550364e-05,5.215123859191654
04,151,379,177,7.892740541137755e-05,5.215123859191654
04,152,379,177,8.006081043276936e-05,5.215123859191654
04,153,379,177,7.684639422222972e-05,5.215123859191654
04,154,379,177,7.801585888955742e-05,5.215123859191654
04,155,379,177,8.21751236799173e-05,5.215123859191654
04,156,379,177,8.54355312185362e-05,5.215123859191654
04,157,379,177,8.206750499084592e-05,5.215123859191654
04,158,379,177,8.063367567956448e-05,5.215123859191654
04,159,379,177,9.057606803253293e-05,5.215123859191654
04,160,379,177,8.422909013461322e-05,5.215123859191654
04,161,379,177,8.897428051568568e-05,5.215123859191654
04,162,379,177,8.241703471867368e-05,5.215123859191654
04,163,379,177,8.389684808207676e-05,5.215123859191654
04,164,379,177,8.187562343664467e-05,5.215123859191654
04,165,379,177,8.475118374917656e-05,5.215123859191654
04,166,379,177,8.6280117102433e-05,5.215123859191654
04,167,379,177,8.847536810208112e-05,5.215123859191654
04,168,379,177,9.291738388128579e-05,5.215123859191654
04,169,379,177,9.085513738682494e-05,5.215123859191654
04,170,379,177,9.620189666748047e-05,5.215123859191654
04,171,379,177,9.582237544236705e-05,5.215123859191654
04,172,379,177,9.58564123720862e-05,5.215123859191654
04,173,379,177,9.751541074365377e-05,5.215123859191654
04,174,379,177,9.341961413156241e-05,5.215123859191654
04,175,379,177,9.636212780606002e-05,5.215123859191654
04,176,379,177,9.432931983610615e-05,5.215123859191654
04,177,379,177,9.591895650373772e-05,5.215123859191654
04,178,379,177,9.860668797045946e-05,5.215123859191654
04,179,379,177,9.7935764642898e-05,5.215123859191654
04,180,379,177,9.932893590303138e-05,5.215123859191654
04,181,379,177,9.743556438479573e-05,5.215123859191654
04,182,379,177,9.94501679087989e-05,5.215123859191654
04,183,379,177,0.00010052562720375136,5.215123859191654
04,184,379,177,9.837783727562055e-05,5.215123859191654
04,185,379,177,0.00010010103142121807,5.215123859191654
04,186,379,177,9.659539500717074e-05,5.215123859191654
04,187,379,177,9.381826384924352e-05,5.215123859191654
04,188,379,177,9.603633225196972e-05,5.215123859191654
04,189,379,177,9.507768845651299e-05,5.215123859191654
04,190,379,177,9.323767153546214e-05,5.215123859191654
04,191,379,177,8.68281495058909e-05,5.215123859191654
04,192,379,177,9.170358680421486e-05,5.215123859191654
04,193,379,177,8.565279858885333e-05,5.215123859191654
04,194,379,177,9.1542984591797e-05,5.215123859191654
04,195,379,177,9.537884034216404e-05,5.215123859191654
04,196,379,177,0.00010586815187707543,5.215123859191654
04,197,379,177,0.0001083792740246281,5.215123859191654
04,198,379,177,0.00010807940998347476,5.215123859191654
04,199,379,177,0.0001117228384828195,5.215123859191654
04,200,379,177,9.132921695709229e-05,5.215123859191654
04,201,379,177,0.00010122561070602387,5.215123859191654
04,202,379,177,0.00010380921594332904,5.215123859191654
04,203,379,177,0.0001042281073750928,5.215123859191654
04,204,379,177,8.931351476348937e-05,5.215123859191654
04,205,379,177,0.00010027340613305569,5.215123859191654
04,206,379,177,0.00010446523810969666,5.215123859191654
04,207,379,177,0.00010072982695419341,5.215123859191654
04,208,379,177,0.00010469022527104244,5.215123859191654
04,209,379,177,0.00010186011058976874,5.215123859191654
04,210,379,177,9.063143806997687e-05,5.215123859191654
04,211,379,177,0.00010061024659080431,5.215123859191654
04,212,379,177,0.0001110942248487845,5.215123859191654
04,213,379,177,0.00011268755042692646,5.215123859191654
04,214,379,177,9.613916336093098e-05,5.215123859191654
04,215,379,177,9.81504563242197e-05,5.215123859191654
04,216,379,177,8.33379672258161e-05,5.215123859191654
04,217,379,177,8.658310252940282e-05,5.215123859191654
04,218,379,177,9.190152923110873e-05,5.215123859191654
04,219,379,177,7.96023741713725e-05,5.215123859191654
04,220,379,177,7.773513061692938e-05,5.215123859191654
04,221,379,177,7.981356611708179e-05,5.215123859191654
04,222,379,177,9.68476160778664e-05,5.215123859191654
04,223,379,177,9.842235158430412e-05,5.215123859191654
04,224,379,177,0.00010075558384414762,5.215123859191654
04,225,379,177,9.381421841681004e-05,5.215123859191654
04,226,379,177,8.534115477232262e-05,5.215123859191654
04,227,379,177,9.374486398883164e-05,5.215123859191654
04,228,379,177,0.00010170355380978435,5.215123859191654
04,229,379,177,9.580471669323742e-05,5.215123859191654
04,230,379,177,9.549989044899121e-05,5.215123859191654
04,231,379,177,9.434808453079313e-05,5.215123859191654
04,232,379,177,9.00427476153709e-05,5.215123859191654
04,233,379,177,8.649682422401384e-05,5.215123859191654
04,234,379,177,9.12642790353857e-05,5.215123859191654
04,235,379,177,9.08628644538112e-05,5.215123859191654
04,236,379,177,8.367370173800737e-05,5.215123859191654
04,237,379,177,8.878204243956134e-05,5.215123859191654
04,238,379,177,8.59280044096522e-05,5.215123859191654
04,239,379,177,9.13104522624053e-05,5.215123859191654
04,240,379,177,8.441691898042336e-05,5.215123859191654
04,241,379,177,8.872997568687424e-05,5.215123859191654
04,242,379,177,8.402893581660464e-05,5.215123859191654
04,243,379,177,8.56373444548808e-05,5.215123859191654
04,244,379,177,8.562391303712502e-05,5.215123859191654
04,245,379,177,8.426367276115343e-05,5.215123859191654
04,246,379,177,8.388489368371665e-05,5.215123859191654
04,247,379,177,8.203273318940774e-05,5.215123859191654
04,248,379,177,8.327504474436864e-05,5.215123859191654
04,249,379,177,8.451699250144884e-05,5.215123859191654
04,250,379,177,8.878332300810143e-05,5.215123859191654
04,251,379,177,9.239584323950112e-05,5.215123859191654
04,252,379,177,9.108859376283363e-05,5.215123859191654
04,253,379,177,8.958817488746718e-05,5.215123859191654
04,254,379,177,9.25617860048078e-05,5.215123859191654
04,255,379,177,9.078302537091076e-05,5.215123859191654
04,256,379,177,0.00010010434925789014,5.215123859191654
04,257,379,177,0.00010429009853396565,5.215123859191654
04,258,379,177,0.00010309083154425025,5.215123859191654
04,259,379,177,0.00011147687473567203,5.215123859191654
04,260,379,177,0.00010617647785693407,5.215123859191654
04,261,379,177,0.000106705745565705,5.215123859191654
04,262,379,177,0.00010570497397566214,5.215123859191654
04,263,379,177,0.00010429212125018239,5.215123859191654
04,264,379,177,0.00010644212306942791,5.215123859191654
04,265,379,177,0.00010400440078228712,5.215123859191654
04,266,379,177,9.958648297470063e-05,5.215123859191654
04,267,379,177,0.00010817194561241195,5.215123859191654
04,268,379,177,9.931458771461621e-05,5.215123859191654
04,269,379,177,0.00010332998499507084,5.215123859191654
04,270,379,177,0.00010516117617953569,5.215123859191654
04,271,379,177,9.968858648790047e-05,5.215123859191654
04,272,379,177,9.738515655044466e-05,5.215123859191654
04,273,379,177,9.560989565216005e-05,5.215123859191654
04,274,379,177,9.83277932391502e-05,5.215123859191654
04,275,379,177,9.773524652700871e-05,5.215123859191654
04,276,379,177,9.96315575321205e-05,5.215123859191654
04,277,379,177,9.868487541098148e-05,5.215123859191654
04,278,379,177,0.00010362837929278612,5.215123859191654
04,279,379,177,0.00010439091420266777,5.215123859191654
04,280,379,177,0.00010370472591603175,5.215123859191654
04,281,379,177,0.00010117336933035403,5.215123859191654
04,282,379,177,0.00010269291669828817,5.215123859191654
04,283,379,177,0.00010900788038270548,5.215123859191654
04,284,379,177,0.00010140277299797162,5.215123859191654
04,285,379,177,9.910394146572798e-05,5.215123859191654
04,286,379,177,9.637758194003254e-05,5.215123859191654
04,287,379,177,0.0001009890329441987,5.215123859191654
04,288,379,177,0.00010625429422361776,5.215123859191654
04,289,379,177,0.00010257554822601378,5.215123859191654
04,290,379,177,0.00010461240890435874,5.215123859191654
04,291,379,177,0.0001069511563400738,5.215123859191654
04,292,379,177,0.00010759484575828537,5.215123859191654
04,293,379,177,0.00010414789721835405,5.215123859191654
04,294,379,177,0.0001051562067004852,5.215123859191654
04,295,379,177,0.00010710053174989298,5.215123859191654
04,296,379,177,9.996085282182321e-05,5.215123859191654
04,297,379,177,9.621275239624083e-05,5.215123859191654
04,298,379,177,9.714361658552662e-05,5.215123859191654
04,299,379,177,9.931973181664944e-05,5.215123859191654
04,300,379,177,9.639818745199591e-05,5.215123859191654
04,301,379,177,0.00010304557508789003,5.215123859191654
04,302,379,177,0.00011288107634754851,5.215123859191654
04,303,379,177,0.00011586167966015637,5.215123859191654
04,304,379,177,0.00010547097190283239,5.215123859191654
04,305,379,177,0.00010457248572492972,5.215123859191654
04,306,379,177,0.00012017160770483315,5.215123859191654
04,307,379,177,0.00011494755744934082,5.215123859191654
04,308,379,177,9.676243644207716e-05,5.215123859191654
04,309,379,177,9.542483167024329e-05,5.215123859191654
04,310,379,177,9.711730672279373e-05,5.215123859191654
04,311,379,177,0.0001002222707029432,5.215123859191654
04,312,379,177,9.230055002262816e-05,5.215123859191654
04,313,379,177,9.295013296650723e-05,5.215123859191654
04,314,379,177,9.286900603910908e-05,5.215123859191654
04,315,379,177,9.894095273921266e-05,5.215123859191654
04,316,379,177,9.919132571667433e-05,5.215123859191654
04,317,379,177,0.00010165664571104571,5.215123859191654
04,318,379,177,0.00010508593550184742,5.215123859191654
04,319,379,177,9.083141048904508e-05,5.215123859191654
04,320,379,177,9.875992691377178e-05,5.215123859191654
04,321,379,177,0.00010451932030264288,5.215123859191654
04,322,379,177,0.00010225729056401178,5.215123859191654
04,323,379,177,9.931826207321137e-05,5.215123859191654
04,324,379,177,0.0001018304901663214,5.215123859191654
04,325,379,177,9.655621397541836e-05,5.215123859191654
04,326,379,177,8.866614371072501e-05,5.215123859191654
04,327,379,177,9.076352580450475e-05,5.215123859191654
04,328,379,177,9.146259253611788e-05,5.215123859191654
04,329,379,177,9.090223466046154e-05,5.215123859191654
04,330,379,177,9.403552394360304e-05,5.215123859191654
04,331,379,177,9.534775017527863e-05,5.215123859191654
04,332,379,177,9.507602953817695e-05,5.215123859191654
04,333,379,177,9.596918243914843e-05,5.215123859191654
04,334,379,177,9.136141306953505e-05,5.215123859191654
04,335,379,177,9.26911088754423e-05,5.215123859191654
04,336,379,177,9.241957741323858e-05,5.215123859191654
04,337,379,177,9.45384890655987e-05,5.215123859191654
04,338,379,177,9.689489525044337e-05,5.215123859191654
04,339,379,177,0.00011109496699646115,5.215123859191654
04,340,379,177,0.00010403530905023217,5.215123859191654
04,341,379,177,0.00011026877473341301,5.215123859191654
04,342,379,177,0.00012106329086236656,5.215123859191654
04,343,379,177,0.0001022567375912331,5.215123859191654
04,344,379,177,9.796354424906895e-05,5.215123859191654
04,345,379,177,9.645742829889059e-05,5.215123859191654
04,346,379,177,9.184671216644347e-05,5.215123859191654
04,347,379,177,9.349890024168417e-05,5.215123859191654
04,348,379,177,9.31876347749494e-05,5.215123859191654
04,349,379,177,9.643442899687216e-05,5.215123859191654
04,350,379,177,9.92696950561367e-05,5.215123859191654
04,351,379,177,0.0001011259009828791,5.215123859191654
04,352,379,177,0.00010194932838203385,5.215123859191654
04,353,379,177,9.845767635852098e-05,5.215123859191654
04,354,379,177,9.846264583757147e-05,5.215123859191654
04,355,379,177,9.54345814534463e-05,5.215123859191654
04,356,379,177,8.868748409440741e-05,5.215123859191654
04,357,379,177,8.948294271249324e-05,5.215123859191654
04,358,379,177,8.649351366329938e-05,5.215123859191654
04,359,379,177,8.638865256216377e-05,5.215123859191654
04,360,379,177,8.472451008856297e-05,5.215123859191654
04,361,379,177,8.645175694255158e-05,5.215123859191654
04,362,379,177,8.325278759002686e-05,5.215123859191654
04,363,379,177,8.729652472538874e-05,5.215123859191654
04,364,379,177,8.63925160956569e-05,5.215123859191654
04,365,379,177,8.932473429013044e-05,5.215123859191654
04,366,379,177,8.686107321409509e-05,5.215123859191654
04,367,379,177,8.684654312673956e-05,5.215123859191654
04,368,379,177,8.995499956654385e-05,5.215123859191654
04,369,379,177,8.845200500218198e-05,5.215123859191654
04,370,379,177,8.559760317439213e-05,5.215123859191654
04,371,379,177,8.688848902238533e-05,5.215123859191654
04,372,379,177,9.203656372847036e-05,5.215123859191654
04,373,379,177,8.751396671868861e-05,5.215123859191654
04,374,379,177,8.980507118394598e-05,5.215123859191654
04,375,379,177,8.456924115307629e-05,5.215123859191654
04,376,379,177,8.994285599328578e-05,5.215123859191654
04,377,379,177,8.650694508105516e-05,5.215123859191654
04,378,379,177,8.606395567767322e-05,5.215123859191654
05,35,465,177,6.795297667849809e-05,5.215123859191654
05,36,465,177,6.809168553445488e-05,5.215123859191654
05,37,465,177,6.012232188368216e-05,5.215123859191654
05,38,465,177,6.224472599569708e-05,5.215123859191654
05,39,465,177,5.866237552254461e-05,5.215123859191654
05,40,465,177,4.65217926830519e-05,5.215123859191654
05,41,465,177,4.4275766413193196e-05,5.215123859191654
05,42,465,177,4.0043469198280945e-05,5.215123859191654
05,43,465,177,4.310151780373417e-05,5.215123859191654
05,44,465,177,4.173024353804067e-05,5.215123859191654
05,45,465,177,4.3291369365761057e-05,5.215123859191654
05,46,465,177,4.2641051550162956e-05,5.215123859191654
05,47,465,177,4.267527037882246e-05,5.215123859191654
05,48,465,177,4.2111234506592155e-05,5.215123859191654
05,49,465,177,4.5450749894371256e-05,5.215123859191654
05,50,465,177,4.4489534047897905e-05,5.215123859191654
05,51,465,177,4.4285148760536686e-05,5.215123859191654
05,52,465,177,4.365396307548508e-05,5.215123859191654
05,53,465,177,4.4232900108909234e-05,5.215123859191654
05,54,465,177,4.3793959775939584e-05,5.215123859191654
05,55,465,177,4.572430407279171e-05,5.215123859191654
05,56,465,177,4.929837814415805e-05,5.215123859191654
05,57,465,177,5.196807614993304e-05,5.215123859191654
05,58,465,177,5.2434243116294965e-05,5.215123859191654
05,59,465,177,5.2626670367317274e-05,5.215123859191654
05,60,465,177,5.297951429383829e-05,5.215123859191654
05,61,465,177,5.514147051144391e-05,5.215123859191654
05,62,465,177,6.441403820645064e-05,5.215123859191654
05,63,465,177,6.541922630276531e-05,5.215123859191654
05,64,465,177,6.559362373081967e-05,5.215123859191654
05,65,465,177,6.796768866479397e-05,5.215123859191654
05,66,465,177,7.127207209123299e-05,5.215123859191654
05,67,465,177,7.457920582965016e-05,5.215123859191654
05,68,465,177,7.314189133467153e-05,5.215123859191654
05,69,465,177,7.271858339663595e-05,5.215123859191654
05,70,465,177,7.479279156541452e-05,5.215123859191654
05,71,465,177,7.394140266114846e-05,5.215123859191654
05,72,465,177,7.009009277680889e-05,5.215123859191654
05,73,465,177,7.40319155738689e-05,5.215123859191654
05,74,465,177,6.783965363865718e-05,5.215123859191654
05,75,465,177,6.59006618661806e-05,5.215123859191654
05,76,465,177,6.95957787684165e-05,5.215123859191654
05,77,465,177,7.347192149609327e-05,5.215123859191654
05,78,465,177,7.013479626039043e-05,5.215123859191654
05,79,465,177,7.026945968391374e-05,5.215123859191654
05,80,465,177,7.193305646069348e-05,5.215123859191654
05,81,465,177,6.922472675796598e-05,5.215123859191654
05,82,465,177,7.261409336933866e-05,5.215123859191654
05,83,465,177,7.242828723974526e-05,5.215123859191654
05,84,465,177,7.10021922714077e-05,5.215123859191654
05,85,465,177,6.918222788954154e-05,5.215123859191654
05,86,465,177,6.851977377664298e-05,5.215123859191654
05,87,465,177,6.66514242766425e-05,5.215123859191654
05,88,465,177,6.351996853481978e-05,5.215123859191654
05,89,465,177,6.128774111857638e-05,5.215123859191654
05,90,465,177,5.884118945687078e-05,5.215123859191654
05,91,465,177,6.103681516833603e-05,5.215123859191654
05,92,465,177,5.891661567147821e-05,5.215123859191654
05,93,465,177,6.177101749926805e-05,5.215123859191654
05,94,465,177,6.235749606275931e-05,5.215123859191654
05,95,465,177,5.991223588353023e-05,5.215123859191654
05,96,465,177,6.226772529771551e-05,5.215123859191654
05,97,465,177,5.986900214338675e-05,5.215123859191654
05,98,465,177,6.168400432216004e-05,5.215123859191654
05,99,465,177,6.073106123949401e-05,5.215123859191654
05,100,465,177,6.301370012806728e-05,5.215123859191654
05,101,465,177,6.545491487486288e-05,5.215123859191654
05,102,465,177,6.183044024510309e-05,5.215123859191654
05,103,465,177,6.617532199015841e-05,5.215123859191654
05,104,465,177,7.113796164048836e-05,5.215123859191654
05,105,465,177,6.875469262013212e-05,5.215123859191654
05,106,465,177,7.10257445462048e-05,5.215123859191654
05,107,465,177,7.290438952622935e-05,5.215123859191654
05,108,465,177,6.656091136392206e-05,5.215123859191654
05,109,465,177,6.828098412370309e-05,5.215123859191654
05,110,465,177,6.736814975738525e-05,5.215123859191654
05,111,465,177,7.278444536495954e-05,5.215123859191654
05,112,465,177,7.036052556941286e-05,5.215123859191654
05,113,465,177,7.25241334293969e-05,5.215123859191654
05,114,465,177,7.399603782687336e-05,5.215123859191654
05,115,465,177,7.692052895436063e-05,5.215123859191654
05,116,465,177,9.740889072418213e-05,5.215123859191654
05,117,465,177,7.877618190832436e-05,5.215123859191654
05,118,465,177,9.39308520173654e-05,5.215123859191654
05,119,465,177,6.661168299615383e-05,5.215123859191654
05,120,465,177,6.612491415580735e-05,5.215123859191654
05,121,465,177,7.085612742230296e-05,5.215123859191654
05,122,465,177,7.901736535131931e-05,5.215123859191654
05,123,465,177,7.506083056796342e-05,5.215123859191654
05,124,465,177,9.674367174739018e-05,5.215123859191654
05,125,465,177,9.005047468235716e-05,5.215123859191654
05,126,465,177,9.861588478088379e-05,5.215123859191654
05,127,465,177,8.809382416075096e-05,5.215123859191654
05,128,465,177,9.611120185581967e-05,5.215123859191654
05,129,465,177,8.10411584097892e-05,5.215123859191654
05,130,465,177,9.56536823650822e-05,5.215123859191654
05,131,465,177,8.612871170043945e-05,5.215123859191654
05,132,465,177,9.485748159931973e-05,5.215123859191654
05,133,465,177,9.385781595483422e-05,5.215123859191654
05,134,465,177,9.247403068002313e-05,5.215123859191654
05,135,465,177,8.95684861461632e-05,5.215123859191654
05,136,465,177,9.07752983039245e-05,5.215123859191654
05,137,465,177,9.717911598272622e-05,5.215123859191654
05,138,465,177,9.553851850796491e-05,5.215123859191654
05,139,465,177,9.865175525192171e-05,5.215123859191654
05,140,465,177,0.00010036557796411216,5.215123859191654
05,141,465,177,0.00010088950511999428,5.215123859191654
05,142,465,177,9.689121361589059e-05,5.215123859191654
05,143,465,177,9.73294154391624e-05,5.215123859191654
05,144,465,177,8.979532140074298e-05,5.215123859191654
05,145,465,177,8.854564657667652e-05,5.215123859191654
05,146,465,177,9.016729745781049e-05,5.215123859191654
05,147,465,177,9.297036740463227e-05,5.215123859191654
05,148,465,177,9.055766713572666e-05,5.215123859191654
05,149,465,177,9.24315390875563e-05,5.215123859191654
05,150,465,177,9.05424021766521e-05,5.215123859191654
05,151,465,177,8.910471660783514e-05,5.215123859191654
05,152,465,177,9.061543096322566e-05,5.215123859191654
05,153,465,177,8.961981802713126e-05,5.215123859191654
05,154,465,177,8.844648982631043e-05,5.215123859191654
05,155,465,177,8.889407035894692e-05,5.215123859191654
05,156,465,177,8.907527808332816e-05,5.215123859191654
05,157,465,177,8.962257561506703e-05,5.215123859191654
05,158,465,177,8.921233529690653e-05,5.215123859191654
05,159,465,177,8.795861504040658e-05,5.215123859191654
05,160,465,177,8.302209607791156e-05,5.215123859191654
05,161,465,177,7.338803698075935e-05,5.215123859191654
05,162,465,177,7.614640344399959e-05,5.215123859191654
05,163,465,177,7.442173227900639e-05,5.215123859191654
05,164,465,177,7.11026368662715e-05,5.215123859191654
05,165,465,177,7.778295548632741e-05,5.215123859191654
05,166,465,177,8.153124508680776e-05,5.215123859191654
05,167,465,177,8.373330638278276e-05,5.215123859191654
05,168,465,177,9.148429671768099e-05,5.215123859191654
05,169,465,177,9.74765935097821e-05,5.215123859191654
05,170,465,177,9.502599277766421e-05,5.215123859191654
05,171,465,177,9.078964649233967e-05,5.215123859191654
05,172,465,177,8.455525676254183e-05,5.215123859191654
05,173,465,177,8.780039934208617e-05,5.215123859191654
05,174,465,177,8.34032689454034e-05,5.215123859191654
05,175,465,177,8.301179332192987e-05,5.215123859191654
05,176,465,177,8.097070531221107e-05,5.215123859191654
05,177,465,177,7.915110472822562e-05,5.215123859191654
05,178,465,177,8.243948104791343e-05,5.215123859191654
05,179,465,177,7.940608338685706e-05,5.215123859191654
05,180,465,177,7.70171100157313e-05,5.215123859191654
05,181,465,177,7.38611925044097e-05,5.215123859191654
05,182,465,177,7.473539153579623e-05,5.215123859191654
05,183,465,177,7.595526403747499e-05,5.215123859191654
05,184,465,177,7.676986570004374e-05,5.215123859191654
05,185,465,177,7.248917972901836e-05,5.215123859191654
05,186,465,177,7.732286030659452e-05,5.215123859191654
05,187,465,177,7.455161539837718e-05,5.215123859191654
05,188,465,177,7.356832065852359e-05,5.215123859191654
05,189,465,177,7.670363265788183e-05,5.215123859191654
05,190,465,177,7.554575859103352e-05,5.215123859191654
05,191,465,177,7.056380854919553e-05,5.215123859191654
05,192,465,177,7.008347165537998e-05,5.215123859191654
05,193,465,177,7.111257582437247e-05,5.215123859191654
05,194,465,177,7.128715515136719e-05,5.215123859191654
05,195,465,177,7.062046643113717e-05,5.215123859191654
05,196,465,177,7.24845813238062e-05,5.215123859191654
05,197,465,177,7.249709597090259e-05,5.215123859191654
05,198,465,177,7.099943468347192e-05,5.215123859191654
05,199,465,177,7.398095476673916e-05,5.215123859191654
05,200,465,177,7.547897985205054e-05,5.215123859191654
05,201,465,177,7.499092316720635e-05,5.215123859191654
05,202,465,177,7.643154822289944e-05,5.215123859191654
05,203,465,177,7.52440610085614e-05,5.215123859191654
05,204,465,177,7.631914922967553e-05,5.215123859191654
05,205,465,177,7.505089160986245e-05,5.215123859191654
05,206,465,177,7.64219876145944e-05,5.215123859191654
05,207,465,177,9.060512820724398e-05,5.215123859191654
05,208,465,177,0.00013271489297039807,5.215123859191654
05,209,465,177,0.00019321507716085762,5.215123859191654
05,210,465,177,0.00014498057134915143,5.215123859191654
05,211,465,177,0.0001531248854007572,5.215123859191654
05,212,465,177,0.00014496217772830278,5.215123859191654
05,213,465,177,0.00015320177772082388,5.215123859191654
05,214,465,177,0.00011651714885374531,5.215123859191654
05,215,465,177,0.00010428973473608494,5.215123859191654
05,216,465,177,0.00011702084157150239,5.215123859191654
05,217,465,177,9.64671780820936e-05,5.215123859191654
05,218,465,177,9.800089173950255e-05,5.215123859191654
05,219,465,177,9.992902778321877e-05,5.215123859191654
05,220,465,177,0.00010996965283993632,5.215123859191654
05,221,465,177,0.00012025200703646988,5.215123859191654
05,222,465,177,0.0001277132541872561,5.215123859191654
05,223,465,177,0.0001310873485635966,5.215123859191654
05,224,465,177,0.00013100419891998172,5.215123859191654
05,225,465,177,0.00012884610623586923,5.215123859191654
05,226,465,177,0.00013029777619522065,5.215123859191654
05,227,465,177,0.00013138813665136695,5.215123859191654
05,228,465,177,0.00012597422755789012,5.215123859191654
05,229,465,177,0.0001268802589038387,5.215123859191654
05,230,465,177,0.00012835308734793216,5.215123859191654
05,231,465,177,0.00012786999286618084,5.215123859191654
05,232,465,177,0.0001261153374798596,5.215123859191654
05,233,465,177,0.00012213581067044288,5.215123859191654
05,234,465,177,0.0001257733383681625,5.215123859191654
05,235,465,177,0.00012496592535171658,5.215123859191654
05,236,465,177,0.00012635743769351393,5.215123859191654
05,237,465,177,0.0001266909675905481,5.215123859191654
05,238,465,177,0.00013019383186474442,5.215123859191654
05,239,465,177,0.0001341954484814778,5.215123859191654
05,240,465,177,0.0001314115070272237,5.215123859191654
05,241,465,177,0.00012770203466061503,5.215123859191654
05,242,465,177,0.00013354494876693934,5.215123859191654
05,243,465,177,0.00013656620285473764,5.215123859191654
05,244,465,177,0.0001410078548360616,5.215123859191654
05,245,465,177,0.00013957126066088676,5.215123859191654
05,246,465,177,0.0001434619480278343,5.215123859191654
05,247,465,177,0.00014545336307492107,5.215123859191654
05,248,465,177,0.00014163737068884075,5.215123859191654
05,249,465,177,0.0001442601642338559,5.215123859191654
05,250,465,177,0.00014024953998159617,5.215123859191654
05,251,465,177,0.0001369929959764704,5.215123859191654
05,252,465,177,0.00013102554657962173,5.215123859191654
05,253,465,177,0.00012462466838769615,5.215123859191654
05,254,465,177,0.00012302877439651638,5.215123859191654
05,255,465,177,0.00013012705312576145,5.215123859191654
05,256,465,177,0.00012019607675028965,5.215123859191654
05,257,465,177,0.00012291286839172244,5.215123859191654
05,258,465,177,0.00012657027400564402,5.215123859191654
05,259,465,177,0.00013124814722687006,5.215123859191654
05,260,465,177,0.00015043218445498496,5.215123859191654
05,261,465,177,0.00015099163283593953,5.215123859191654
05,262,465,177,0.00012607191456481814,5.215123859191654
05,263,465,177,0.0001324968907283619,5.215123859191654
05,264,465,177,0.00010246848250972107,5.215123859191654
05,265,465,177,0.00011253761476837099,5.215123859191654
05,266,465,177,0.00010538451169850305,5.215123859191654
05,267,465,177,9.758788655744866e-05,5.215123859191654
05,268,465,177,9.987328667193651e-05,5.215123859191654
05,269,465,177,0.00010547722922638059,5.215123859191654
05,270,465,177,0.00010191658657277003,5.215123859191654
05,271,465,177,0.00010395234130555764,5.215123859191654
05,272,465,177,0.00010416537406854331,5.215123859191654
05,273,465,177,0.00010414421558380127,5.215123859191654
05,274,465,177,0.00010459548502694815,5.215123859191654
05,275,465,177,0.0001091500889742747,5.215123859191654
05,276,465,177,0.00010424061474623159,5.215123859191654
05,277,465,177,0.00010546821431489661,5.215123859191654
05,278,465,177,0.00010797841241583228,5.215123859191654
05,279,465,177,0.00011326004459988326,5.215123859191654
05,280,465,177,0.00011117903341073543,5.215123859191654
05,281,465,177,0.00010869035759242252,5.215123859191654
05,282,465,177,0.00011689519305946305,5.215123859191654
05,283,465,177,0.00011721529153874144,5.215123859191654
05,284,465,177,0.00010542111704126,5.215123859191654
05,285,465,177,9.817271347856149e-05,5.215123859191654
05,286,465,177,9.822937863646075e-05,5.215123859191654
05,287,465,177,0.00010589169687591493,5.215123859191654
05,288,465,177,0.00010543104872340336,5.215123859191654
05,289,465,177,0.00011093675129814073,5.215123859191654
05,290,465,177,0.00012132838310208172,5.215123859191654
05,291,465,177,0.00011927772720810026,5.215123859191654
05,292,465,177,0.00011685840581776574,5.215123859191654
05,293,465,177,0.00011110305786132812,5.215123859191654
05,294,465,177,0.00010039703192887828,5.215123859191654
05,295,465,177,0.00010065385140478611,5.215123859191654
05,296,465,177,9.90700937109068e-05,5.215123859191654
05,297,465,177,0.00010428605310153216,5.215123859191654
05,298,465,177,0.00010612551704980433,5.215123859191654
05,299,465,177,0.00010615293285809457,5.215123859191654
05,300,465,177,0.0001029456834658049,5.215123859191654
05,301,465,177,9.968214726541191e-05,5.215123859191654
05,302,465,177,0.00010293611558154225,5.215123859191654
05,303,465,177,0.00010547317651798949,5.215123859191654
05,304,465,177,0.00010722286970121786,5.215123859191654
05,305,465,177,0.00010360188753111288,5.215123859191654
05,306,465,177,9.92345594568178e-05,5.215123859191654
05,307,465,177,0.00010461645433679223,5.215123859191654
05,308,465,177,0.00010378971637692302,5.215123859191654
05,309,465,177,0.0001000960692181252,5.215123859191654
05,310,465,177,0.00010043327347375453,5.215123859191654
05,311,465,177,9.89247637335211e-05,5.215123859191654
05,312,465,177,9.930869418894872e-05,5.215123859191654
05,313,465,177,9.82979909167625e-05,5.215123859191654
05,314,465,177,9.902557212626562e-05,5.215123859191654
05,315,465,177,0.00010003002535086125,5.215123859191654
05,316,465,177,0.00010031038982560858,5.215123859191654
05,317,465,177,9.986960503738374e-05,5.215123859191654
05,318,465,177,9.910486551234499e-05,5.215123859191654
05,319,465,177,0.0001070786383934319,5.215123859191654
05,320,465,177,9.897111885948107e-05,5.215123859191654
05,321,465,177,9.887840133160353e-05,5.215123859191654
05,322,465,177,0.00010442973143653944,5.215123859191654
05,323,465,177,0.00010284983727615327,5.215123859191654
05,324,465,177,0.00010098958591697738,5.215123859191654
05,325,465,177,0.000106164334283676,5.215123859191654
05,326,465,177,0.00010797694267239422,5.215123859191654
05,327,465,177,0.0001175786237581633,5.215123859191654
05,328,465,177,0.00014040923269931227,5.215123859191654
05,329,465,177,0.00011770371929742396,5.215123859191654
05,330,465,177,0.00012596705346368253,5.215123859191654
05,331,465,177,0.00010758730786619708,5.215123859191654
05,332,465,177,0.00010626717266859487,5.215123859191654
05,333,465,177,0.00010574599582469091,5.215123859191654
05,334,465,177,0.00010274130181642249,5.215123859191654
05,335,465,177,0.00010149033914785832,5.215123859191654
05,336,465,177,0.00010311621736036614,5.215123859191654
05,337,465,177,0.00010361881140852347,5.215123859191654
05,338,465,177,0.00010202640987699851,5.215123859191654
05,339,465,177,0.00010410484537715092,5.215123859191654
05,340,465,177,0.00010047632531495765,5.215123859191654
05,341,465,177,0.00010299185669282451,5.215123859191654
05,342,465,177,0.00010613600170472637,5.215123859191654
05,343,465,177,0.00010826098150573671,5.215123859191654
05,344,465,177,0.0001095113912015222,5.215123859191654
05,345,465,177,0.00010587974247755483,5.215123859191654
05,346,465,177,0.00010410153481643647,5.215123859191654
05,347,465,177,0.00010205842409050092,5.215123859191654
05,348,465,177,0.00010064170783152804,5.215123859191654
05,349,465,177,0.00010149861918762326,5.215123859191654
05,350,465,177,0.000101277488283813,5.215123859191654
05,351,465,177,0.00010343392932554707,5.215123859191654
05,352,465,177,0.00010823983029695228,5.215123859191654
05,353,465,177,0.00011775504390243441,5.215123859191654
05,354,465,177,0.00012266616977285594,5.215123859191654
05,355,465,177,0.00012287552817724645,5.215123859191654
05,356,465,177,0.00012289613368920982,5.215123859191654
05,357,465,177,0.0001219121040776372,5.215123859191654
05,358,465,177,0.00012871844228357077,5.215123859191654
05,359,465,177,0.00012786465231329203,5.215123859191654
05,360,465,177,0.00013128953287377954,5.215123859191654
05,361,465,177,0.00012909906217828393,5.215123859191654
05,362,465,177,0.0001168736707768403,5.215123859191654
05,363,465,177,0.00011557211837498471,5.215123859191654
05,364,465,177,0.00011018857185263187,5.215123859191654
05,365,465,177,0.00010953512537525967,5.215123859191654
05,366,465,177,0.00012162640632595867,5.215123859191654
05,367,465,177,0.00011727250966941938,5.215123859191654
05,368,465,177,0.00011510853073559701,5.215123859191654
05,369,465,177,0.00010913518781308085,5.215123859191654
05,370,465,177,0.00011101953714387491,5.215123859191654
05,371,465,177,0.00011490064935060218,5.215123859191654
05,372,465,177,0.00010854134598048404,5.215123859191654
05,373,465,177,0.00011803743109339848,5.215123859191654
05,374,465,177,0.00013218249659985304,5.215123859191654
05,375,465,177,0.00013144093099981546,5.215123859191654
05,376,465,177,0.0001378745655529201,5.215123859191654
05,377,465,177,0.00013680719712283462,5.215123859191654
05,378,465,177,0.0001258592528756708,5.215123859191654
05,379,465,177,0.0001318772992817685,5.215123859191654
05,380,465,177,0.00012857494584750384,5.215123859191654
05,381,465,177,0.00013492100697476417,5.215123859191654
05,382,465,177,0.0001359622401650995,5.215123859191654
05,383,465,177,0.00013579281221609563,5.215123859191654
05,384,465,177,0.000135611611767672,5.215123859191654
05,385,465,177,0.0001352271210635081,5.215123859191654
05,386,465,177,0.0001385670038871467,5.215123859191654
05,387,465,177,0.00013595010386779904,5.215123859191654
05,388,465,177,0.00014103121066000313,5.215123859191654
05,389,465,177,0.0001404853828717023,5.215123859191654
05,390,465,177,0.00014216112322174013,5.215123859191654
05,391,465,177,0.0001394925347995013,5.215123859191654
05,392,465,177,0.00014208955690264702,5.215123859191654
05,393,465,177,0.0001402677589794621,5.215123859191654
05,394,465,177,0.0001397204614477232,5.215123859191654
05,395,465,177,0.0001369637466268614,5.215123859191654
05,396,465,177,0.00013365366612561047,5.215123859191654
05,397,465,177,0.00013546260015573353,5.215123859191654
05,398,465,177,0.00012724542466457933,5.215123859191654
05,399,465,177,0.0001254756934940815,5.215123859191654
05,400,465,177,0.0001188334499602206,5.215123859191654
05,401,465,177,0.00011528954928508028,5.215123859191654
05,402,465,177,0.00011119357077404857,5.215123859191654
05,403,465,177,0.0001130322998506017,5.215123859191654
05,404,465,177,0.00010698629193939269,5.215123859191654
05,405,465,177,0.00011382150842109695,5.215123859191654
05,406,465,177,0.00011771273420890793,5.215123859191654
05,407,465,177,0.00013276915706228465,5.215123859191654
05,408,465,177,0.00012416971730999649,5.215123859191654
05,409,465,177,0.00013320037396624684,5.215123859191654
05,410,465,177,0.00013412369298748672,5.215123859191654
05,411,465,177,0.000127837251056917,5.215123859191654
05,412,465,177,0.00012380436237435788,5.215123859191654
05,413,465,177,0.00012507574865594506,5.215123859191654
05,414,465,177,0.0001326863857684657,5.215123859191654
05,415,465,177,0.0001275199028896168,5.215123859191654
05,416,465,177,0.000124118581879884,5.215123859191654
05,417,465,177,0.00012362905545160174,5.215123859191654
05,418,465,177,0.00011682308104354888,5.215123859191654
05,419,465,177,0.00011972383799729869,5.215123859191654
05,420,465,177,0.00011576012911973521,5.215123859191654
05,421,465,177,0.00012412501382641494,5.215123859191654
05,422,465,177,0.00011831981828436255,5.215123859191654
05,423,465,177,0.0001377402659272775,5.215123859191654
05,424,465,177,0.00014068352174945176,5.215123859191654
05,425,465,177,0.00014138866390567273,5.215123859191654
05,426,465,177,0.00013924289669375867,5.215123859191654
05,427,465,177,0.00016087753465399146,5.215123859191654
05,428,465,177,0.00013903372746426612,5.215123859191654
05,429,465,177,0.00014782320067752153,5.215123859191654
05,430,465,177,0.00017109679174609482,5.215123859191654
05,431,465,177,0.00011111777712358162,5.215123859191654
05,432,465,177,0.00010570976155577227,5.215123859191654
05,433,465,177,0.00010656298400135711,5.215123859191654
05,434,465,177,0.00010512309381738305,5.215123859191654
05,435,465,177,0.00010125651897396892,5.215123859191654
05,436,465,177,9.85500228125602e-05,5.215123859191654
05,437,465,177,9.98835894279182e-05,5.215123859191654
05,438,465,177,0.00010463503713253886,5.215123859191654
05,439,465,177,0.00010225434380117804,5.215123859191654
05,440,465,177,0.00010786343773361295,5.215123859191654
05,441,465,177,0.00010621860565152019,5.215123859191654
05,442,465,177,0.00010414679127279669,5.215123859191654
05,443,465,177,0.00010472628491697833,5.215123859191654
05,444,465,177,0.00010234614455839619,5.215123859191654
05,445,465,177,9.235040488420054e-05,5.215123859191654
05,446,465,177,9.400222916156054e-05,5.215123859191654
05,447,465,177,9.250714356312528e-05,5.215123859191654
05,448,465,177,9.079112351173535e-05,5.215123859191654
05,449,465,177,9.275255433749408e-05,5.215123859191654
05,450,465,177,9.49616078287363e-05,5.215123859191654
05,451,465,177,9.276782657252625e-05,5.215123859191654
05,452,465,177,9.432894876226783e-05,5.215123859191654
05,453,465,177,9.2799098638352e-05,5.215123859191654
05,454,465,177,9.307633445132524e-05,5.215123859191654
05,455,465,177,9.228583803633228e-05,5.215123859191654
05,456,465,177,9.40432510105893e-05,5.215123859191654
05,457,465,177,9.484423935646191e-05,5.215123859191654
05,458,465,177,9.53727649175562e-05,5.215123859191654
05,459,465,177,9.372021304443479e-05,5.215123859191654
05,460,465,177,9.733971819514409e-05,5.215123859191654
05,461,465,177,9.476384002482519e-05,5.215123859191654
05,462,465,177,9.257171768695116e-05,5.215123859191654
05,463,465,177,9.687502461019903e-05,5.215123859191654
05,464,465,177,0.00010203229612670839,5.215123859191654
06,35,505,177,7.861539779696614e-05,5.215123859191654
06,36,505,177,7.937756890896708e-05,5.215123859191654
06,37,505,177,7.131935126380995e-05,5.215123859191654
06,38,505,177,8.342589717358351e-05,5.215123859191654
06,39,505,177,8.029904711293057e-05,5.215123859191654
06,40,505,177,8.258904563263059e-05,5.215123859191654
06,41,505,177,7.704985910095274e-05,5.215123859191654
06,42,505,177,6.66545529384166e-05,5.215123859191654
06,43,505,177,7.027976243989542e-05,5.215123859191654
06,44,505,177,6.64775725454092e-05,5.215123859191654
06,45,505,177,6.772062624804676e-05,5.215123859191654
06,46,505,177,6.0295617004157975e-05,5.215123859191654
06,47,505,177,5.955773303867318e-05,5.215123859191654
06,48,505,177,5.458387386170216e-05,5.215123859191654
06,49,505,177,5.609256913885474e-05,5.215123859191654
06,50,505,177,5.2342627895995975e-05,5.215123859191654
06,51,505,177,5.3448809921974316e-05,5.215123859191654
06,52,505,177,5.539166522794403e-05,5.215123859191654
06,53,505,177,5.5884138419060037e-05,5.215123859191654
06,54,505,177,5.789156421087682e-05,5.215123859191654
06,55,505,177,5.7250261306762695e-05,5.215123859191654
06,56,505,177,6.603992369491607e-05,5.215123859191654
06,57,505,177,5.9891262935707346e-05,5.215123859191654
06,58,505,177,5.8364537835586816e-05,5.215123859191654
06,59,505,177,5.504341970663518e-05,5.215123859191654
06,60,505,177,5.680341200786643e-05,5.215123859191654
06,61,505,177,5.827218774356879e-05,5.215123859191654
06,62,505,177,6.068838411010802e-05,5.215123859191654
06,63,505,177,6.497310823760927e-05,5.215123859191654
06,64,505,177,6.238895730348304e-05,5.215123859191654
06,65,505,177,6.70425288262777e-05,5.215123859191654
06,66,505,177,7.105628174031153e-05,5.215123859191654
06,67,505,177,7.115470361895859e-05,5.215123859191654
06,68,505,177,6.930567178642377e-05,5.215123859191654
06,69,505,177,6.757676601409912e-05,5.215123859191654
06,70,505,177,6.273701728787273e-05,5.215123859191654
06,71,505,177,6.440907600335777e-05,5.215123859191654
06,72,505,177,6.749379826942459e-05,5.215123859191654
06,73,505,177,6.0081300034653395e-05,5.215123859191654
06,74,505,177,6.105152715463191e-05,5.215123859191654
06,75,505,177,5.620846786769107e-05,5.215123859191654
06,76,505,177,5.535431773751043e-05,5.215123859191654
06,77,505,177,5.524743392015807e-05,5.215123859191654
06,78,505,177,5.2483730542007834e-05,5.215123859191654
06,79,505,177,5.306524326442741e-05,5.215123859191654
06,80,505,177,5.254296775092371e-05,5.215123859191654
06,81,505,177,5.5923504987731576e-05,5.215123859191654
06,82,505,177,5.60638727620244e-05,5.215123859191654
06,83,505,177,5.4572468798141927e-05,5.215123859191654
06,84,505,177,5.4366610129363835e-05,5.215123859191654
06,85,505,177,5.4715961596230045e-05,5.215123859191654
06,86,505,177,5.53024401597213e-05,5.215123859191654
06,87,505,177,5.483958375407383e-05,5.215123859191654
06,88,505,177,5.5380627600243315e-05,5.215123859191654
06,89,505,177,5.7607707276474684e-05,5.215123859191654
06,90,505,177,5.587420309893787e-05,5.215123859191654
06,91,505,177,5.3825384384253994e-05,5.215123859191654
06,92,505,177,5.331874490366317e-05,5.215123859191654
06,93,505,177,5.348928243620321e-05,5.215123859191654
06,94,505,177,5.460907777887769e-05,5.215123859191654
06,95,505,177,5.356397377909161e-05,5.215123859191654
06,96,505,177,5.540454003494233e-05,5.215123859191654
06,97,505,177,5.442952533485368e-05,5.215123859191654
06,98,505,177,5.657786823576316e-05,5.215123859191654
06,99,505,177,5.938922186032869e-05,5.215123859191654
06,100,505,177,5.925400910200551e-05,5.215123859191654
06,101,505,177,6.019627471687272e-05,5.215123859191654
06,102,505,177,6.282973481575027e-05,5.215123859191654
06,103,505,177,6.599815969821066e-05,5.215123859191654
06,104,505,177,6.788564496673644e-05,5.215123859191654
06,105,505,177,7.214737706817687e-05,5.215123859191654
06,106,505,177,7.237125828396529e-05,5.215123859191654
06,107,505,177,7.176656799856573e-05,5.215123859191654
06,108,505,177,6.987871893215925e-05,5.215123859191654
06,109,505,177,7.490059215342626e-05,5.215123859191654
06,110,505,177,7.696192187722772e-05,5.215123859191654
06,111,505,177,7.383838237728924e-05,5.215123859191654
06,112,505,177,8.004830306163058e-05,5.215123859191654
06,113,505,177,8.24657836346887e-05,5.215123859191654
06,114,505,177,7.451390411006287e-05,5.215123859191654
06,115,505,177,7.983030081959441e-05,5.215123859191654
06,116,505,177,8.11616555438377e-05,5.215123859191654
06,117,505,177,8.403426909353584e-05,5.215123859191654
06,118,505,177,7.991897291503847e-05,5.215123859191654
06,119,505,177,8.362145308637992e-05,5.215123859191654
06,120,505,177,8.500339754391462e-05,5.215123859191654
06,121,505,177,8.589562639826909e-05,5.215123859191654
06,122,505,177,8.848144352668896e-05,5.215123859191654
06,123,505,177,8.401642844546586e-05,5.215123859191654
06,124,505,177,0.0001028034821501933,5.215123859191654
06,125,505,177,7.905801612650976e-05,5.215123859191654
06,126,505,177,8.113001968013123e-05,5.215123859191654
06,127,505,177,8.589360368205234e-05,5.215123859191654
06,128,505,177,8.439502562396228e-05,5.215123859191654
06,129,505,177,8.753972360864282e-05,5.215123859191654
06,130,505,177,8.626079943496734e-05,5.215123859191654
06,131,505,177,7.79376714490354e-05,5.215123859191654
06,132,505,177,8.333814912475646e-05,5.215123859191654
06,133,505,177,8.381056977668777e-05,5.215123859191654
06,134,505,177,8.561710274079815e-05,5.215123859191654
06,135,505,177,8.953372162068263e-05,5.215123859191654
06,136,505,177,8.696979784872383e-05,5.215123859191654
06,137,505,177,9.309896267950535e-05,5.215123859191654
06,138,505,177,8.625895861769095e-05,5.215123859191654
06,139,505,177,7.772556273266673e-05,5.215123859191654
06,140,505,177,0.00010339602886233479,5.215123859191654
06,141,505,177,9.202129149343818e-05,5.215123859191654
06,142,505,177,9.32689436012879e-05,5.215123859191654
06,143,505,177,8.907638402888551e-05,5.215123859191654
06,144,505,177,8.795603935141116e-05,5.215123859191654
06,145,505,177,8.27814728836529e-05,5.215123859191654
06,146,505,177,8.59822757774964e-05,5.215123859191654
06,147,505,177,7.867757813073695e-05,5.215123859191654
06,148,505,177,7.51756233512424e-05,5.215123859191654
06,149,505,177,7.290089706657454e-05,5.215123859191654
06,150,505,177,6.903119356138632e-05,5.215123859191654
06,151,505,177,7.167440344346687e-05,5.215123859191654
06,152,505,177,7.212621858343482e-05,5.215123859191654
06,153,505,177,7.240051490953192e-05,5.215123859191654
06,154,505,177,7.423132774420083e-05,5.215123859191654
06,155,505,177,7.31584441382438e-05,5.215123859191654
06,156,505,177,7.607189763803035e-05,5.215123859191654
06,157,505,177,7.255890523083508e-05,5.215123859191654
06,158,505,177,7.213560456875712e-05,5.215123859191654
06,159,505,177,7.45105862733908e-05,5.215123859191654
06,160,505,177,7.229878247017041e-05,5.215123859191654
06,161,505,177,7.28477316442877e-05,5.215123859191654
06,162,505,177,7.169500895543024e-05,5.215123859191654
06,163,505,177,7.06874270690605e-05,5.215123859191654
06,164,505,177,6.928892980795354e-05,5.215123859191654
06,165,505,177,6.951815157663077e-05,5.215123859191654
06,166,505,177,7.005054067121819e-05,5.215123859191654
06,167,505,177,7.025474769761786e-05,5.215123859191654
06,168,505,177,7.120584632502869e-05,5.215123859191654
06,169,505,177,7.109012949513271e-05,5.215123859191654
06,170,505,177,7.544457912445068e-05,5.215123859191654
06,171,505,177,8.026207069633529e-05,5.215123859191654
06,172,505,177,8.115761011140421e-05,5.215123859191654
06,173,505,177,8.349322888534516e-05,5.215123859191654
06,174,505,177,8.623155008535832e-05,5.215123859191654
06,175,505,177,8.255629654740915e-05,5.215123859191654
06,176,505,177,8.249724487541243e-05,5.215123859191654
06,177,505,177,8.801913645584136e-05,5.215123859191654
06,178,505,177,8.426753629464656e-05,5.215123859191654
06,179,505,177,8.387421985389665e-05,5.215123859191654
06,180,505,177,8.002034155651927e-05,5.215123859191654
06,181,505,177,7.995907799340785e-05,5.215123859191654
06,182,505,177,8.347317634616047e-05,5.215123859191654
06,183,505,177,8.242751937359571e-05,5.215123859191654
06,184,505,177,8.293452992802486e-05,5.215123859191654
06,185,505,177,8.285984222311527e-05,5.215123859191654
06,186,505,177,8.248914673458785e-05,5.215123859191654
06,187,505,177,8.160979632521048e-05,5.215123859191654
06,188,505,177,8.349120616912842e-05,5.215123859191654
06,189,505,177,8.250276005128399e-05,5.215123859191654
06,190,505,177,8.032185724005103e-05,5.215123859191654
06,191,505,177,8.018333028303459e-05,5.215123859191654
06,192,505,177,8.000212983461097e-05,5.215123859191654
06,193,505,177,7.983545219758525e-05,5.215123859191654
06,194,505,177,8.051557233557105e-05,5.215123859191654
06,195,505,177,8.288467506645247e-05,5.215123859191654
06,196,505,177,8.260339382104576e-05,5.215123859191654
06,197,505,177,8.307673124363646e-05,5.215123859191654
06,198,505,177,8.2852115156129e-05,5.215123859191654
06,199,505,177,8.574220555601642e-05,5.215123859191654
06,200,505,177,8.591696678195149e-05,5.215123859191654
06,201,505,177,8.860156958689913e-05,5.215123859191654
06,202,505,177,8.771246939431876e-05,5.215123859191654
06,203,505,177,9.045354090631008e-05,5.215123859191654
06,204,505,177,9.248690912500024e-05,5.215123859191654
06,205,505,177,9.474379476159811e-05,5.215123859191654
06,206,505,177,9.355758811580017e-05,5.215123859191654
06,207,505,177,9.255295299226418e-05,5.215123859191654
06,208,505,177,9.159817273030058e-05,5.215123859191654
06,209,505,177,0.00010310095240129158,5.215123859191654
06,210,505,177,9.749204036779702e-05,5.215123859191654
06,211,505,177,9.092210530070588e-05,5.215123859191654
06,212,505,177,8.818820060696453e-05,5.215123859191654
06,213,505,177,8.058879029704258e-05,5.215123859191654
06,214,505,177,8.176561823347583e-05,5.215123859191654
06,215,505,177,8.397908095503226e-05,5.215123859191654
06,216,505,177,8.77923084772192e-05,5.215123859191654
06,217,505,177,9.310116729466245e-05,5.215123859191654
06,218,505,177,0.00010320433648303151,5.215123859191654
06,219,505,177,9.4874958449509e-05,5.215123859191654
06,220,505,177,0.00010051090794149786,5.215123859191654
06,221,505,177,9.735995990922675e-05,5.215123859191654
06,222,505,177,9.063070319825783e-05,5.215123859191654
06,223,505,177,9.614026930648834e-05,5.215123859191654
06,224,505,177,0.00010876652231672779,5.215123859191654
06,225,505,177,8.778586925473064e-05,5.215123859191654
06,226,505,177,9.188644617097452e-05,5.215123859191654
06,227,505,177,9.412990038981661e-05,5.215123859191654
06,228,505,177,8.800018986221403e-05,5.215123859191654
06,229,505,177,9.628744010115042e-05,5.215123859191654
06,230,505,177,8.837050700094551e-05,5.215123859191654
06,231,505,177,9.458595013711601e-05,5.215123859191654
06,232,505,177,9.301194222643971e-05,5.215123859191654
06,233,505,177,9.372259955853224e-05,5.215123859191654
06,234,505,177,9.846319153439254e-05,5.215123859191654
06,235,505,177,9.95217269519344e-05,5.215123859191654
06,236,505,177,9.965565550373867e-05,5.215123859191654
06,237,505,177,9.990989201469347e-05,5.215123859191654
06,238,505,177,0.00010139817459275946,5.215123859191654
06,239,505,177,0.0001050206265063025,5.215123859191654
06,240,505,177,8.995628741104156e-05,5.215123859191654
06,241,505,177,9.113844862440601e-05,5.215123859191654
06,242,505,177,9.45162246352993e-05,5.215123859191654
06,243,505,177,0.00010820432362379506,5.215123859191654
06,244,505,177,0.0001080600923160091,5.215123859191654
06,245,505,177,0.00010260185081278905,5.215123859191654
06,246,505,177,9.265100379707292e-05,5.215123859191654
06,247,505,177,9.040498116519302e-05,5.215123859191654
06,248,505,177,8.579371205996722e-05,5.215123859191654
06,249,505,177,8.385103865293786e-05,5.215123859191654
06,250,505,177,8.366744441445917e-05,5.215123859191654
06,251,505,177,8.240048191510141e-05,5.215123859191654
06,252,505,177,8.603819878771901e-05,5.215123859191654
06,253,505,177,8.442317630397156e-05,5.215123859191654
06,254,505,177,8.536066161468625e-05,5.215123859191654
06,255,505,177,8.549274207325652e-05,5.215123859191654
06,256,505,177,8.730093395570293e-05,5.215123859191654
06,257,505,177,8.40162392705679e-05,5.215123859191654
06,258,505,177,8.409258589381352e-05,5.215123859191654
06,259,505,177,8.759435877436772e-05,5.215123859191654
06,260,505,177,8.776968024903908e-05,5.215123859191654
06,261,505,177,8.662799518788233e-05,5.215123859191654
06,262,505,177,8.824798715068027e-05,5.215123859191654
06,263,505,177,9.615885210223496e-05,5.215123859191654
06,264,505,177,9.89536420092918e-05,5.215123859191654
06,265,505,177,8.974527736427262e-05,5.215123859191654
06,266,505,177,8.957437239587307e-05,5.215123859191654
06,267,505,177,9.141476039076224e-05,5.215123859191654
06,268,505,177,9.177735773846507e-05,5.215123859191654
06,269,505,177,0.0001020367126329802,5.215123859191654
06,270,505,177,0.0001029572740662843,5.215123859191654
06,271,505,177,0.00010165885032620281,5.215123859191654
06,272,505,177,0.00010263404692523181,5.215123859191654
06,273,505,177,9.573094575898722e-05,5.215123859191654
06,274,505,177,9.147123637376353e-05,5.215123859191654
06,275,505,177,9.286440763389692e-05,5.215123859191654
06,276,505,177,9.374136425321922e-05,5.215123859191654
06,277,505,177,9.32689436012879e-05,5.215123859191654
06,278,505,177,9.275439515477046e-05,5.215123859191654
06,279,505,177,9.282926475862041e-05,5.215123859191654
06,280,505,177,9.493732068222016e-05,5.215123859191654
06,281,505,177,9.390969353262335e-05,5.215123859191654
06,282,505,177,9.343065175926313e-05,5.215123859191654
06,283,505,177,9.249721188098192e-05,5.215123859191654
06,284,505,177,9.178986510960385e-05,5.215123859191654
06,285,505,177,9.359676914755255e-05,5.215123859191654
06,286,505,177,9.227258851751685e-05,5.215123859191654
06,287,505,177,8.937974052969366e-05,5.215123859191654
06,288,505,177,8.957769023254514e-05,5.215123859191654
06,289,505,177,8.926219015847892e-05,5.215123859191654
06,290,505,177,8.907307346817106e-05,5.215123859191654
06,291,505,177,8.881073881639168e-05,5.215123859191654
06,292,505,177,8.896784129319713e-05,5.215123859191654
06,293,505,177,8.984020678326488e-05,5.215123859191654
06,294,505,177,9.144309296971187e-05,5.215123859191654
06,295,505,177,9.32271868805401e-05,5.215123859191654
06,296,505,177,9.103983757086098e-05,5.215123859191654
06,297,505,177,9.09793161554262e-05,5.215123859191654
06,298,505,177,9.147160744760185e-05,5.215123859191654
06,299,505,177,9.266738197766244e-05,5.215123859191654
06,300,505,177,8.936852100305259e-05,5.215123859191654
06,301,505,177,8.961337880464271e-05,5.215123859191654
06,302,505,177,9.061966557055712e-05,5.215123859191654
06,303,505,177,8.706233347766101e-05,5.215123859191654
06,304,505,177,8.788888953858986e-05,5.215123859191654
06,305,505,177,8.658844308229163e-05,5.215123859191654
06,306,505,177,8.84118999238126e-05,5.215123859191654
06,307,505,177,8.940016414271668e-05,5.215123859191654
06,308,505,177,9.02436368050985e-05,5.215123859191654
06,309,505,177,9.07473367988132e-05,5.215123859191654
06,310,505,177,9.289034642279148e-05,5.215123859191654
06,311,505,177,9.868634515441954e-05,5.215123859191654
06,312,505,177,0.00010072909208247438,5.215123859191654
06,313,505,177,9.837728430284187e-05,5.215123859191654
06,314,505,177,0.0001018402399495244,5.215123859191654
06,315,505,177,9.48300730669871e-05,5.215123859191654
06,316,505,177,0.00010032271529780701,5.215123859191654
06,317,505,177,0.0001076285116141662,5.215123859191654
06,318,505,177,9.542887710267678e-05,5.215123859191654
06,319,505,177,9.721609967527911e-05,5.215123859191654
06,320,505,177,8.909808821044862e-05,5.215123859191654
06,321,505,177,9.338668314740062e-05,5.215123859191654
06,322,505,177,9.769385360414162e-05,5.215123859191654
06,323,505,177,0.0001028697079163976,5.215123859191654
06,324,505,177,0.00010756872507045045,5.215123859191654
06,325,505,177,0.00010554842447163537,5.215123859191654
06,326,505,177,0.00011017624638043344,5.215123859191654
06,327,505,177,0.00010470567940501496,5.215123859191654
06,328,505,177,9.406863682670519e-05,5.215123859191654
06,329,505,177,9.812175267143175e-05,5.215123859191654
06,330,505,177,0.00010958295752061531,5.215123859191654
06,331,505,177,0.00010981070226989686,5.215123859191654
06,332,505,177,0.00010693699005059898,5.215123859191654
06,333,505,177,0.00010528203711146489,5.215123859191654
06,334,505,177,0.00010843556810868904,5.215123859191654
06,335,505,177,0.00010217119415756315,5.215123859191654
06,336,505,177,9.486005728831515e-05,5.215123859191654
06,337,505,177,9.241939551429823e-05,5.215123859191654
06,338,505,177,9.812727512326092e-05,5.215123859191654
06,339,505,177,0.0001006516395136714,5.215123859191654
06,340,505,177,0.00011085635924246162,5.215123859191654
06,341,505,177,0.00010807094804476947,5.215123859191654
06,342,505,177,0.00011267927038716152,5.215123859191654
06,343,505,177,0.0001192477357108146,5.215123859191654
06,344,505,177,0.00010759613360278308,5.215123859191654
06,345,505,177,9.474728722125292e-05,5.215123859191654
06,346,505,177,9.912270616041496e-05,5.215123859191654
06,347,505,177,0.00010183417180087417,5.215123859191654
06,348,505,177,0.00010388372174929827,5.215123859191654
06,349,505,177,0.00010240630217595026,5.215123859191654
06,350,505,177,0.00010239912808174267,5.215123859191654
06,351,505,177,0.0001056700202752836,5.215123859191654
06,352,505,177,9.803676221054047e-05,5.215123859191654
06,353,505,177,9.572450653649867e-05,5.215123859191654
06,354,505,177,9.240467625204474e-05,5.215123859191654
06,355,505,177,8.752739813644439e-05,5.215123859191654
06,356,505,177,8.734509174246341e-05,5.215123859191654
06,357,505,177,9.34974304982461e-05,5.215123859191654
06,358,505,177,8.866209100233391e-05,5.215123859191654
06,359,505,177,9.23706465982832e-05,5.215123859191654
06,360,505,177,9.294682240579277e-05,5.215123859191654
06,361,505,177,9.185701492242515e-05,5.215123859191654
06,362,505,177,9.564282663632184e-05,5.215123859191654
06,363,505,177,9.400885028298944e-05,5.215123859191654
06,364,505,177,9.558763849781826e-05,5.215123859191654
06,365,505,177,9.315157512901351e-05,5.215123859191654
06,366,505,177,9.112317638937384e-05,5.215123859191654
06,367,505,177,9.583489008946344e-05,5.215123859191654
06,368,505,177,9.50638932408765e-05,5.215123859191654
06,369,505,177,9.085881902137771e-05,5.215123859191654
06,370,505,177,9.253327152691782e-05,5.215123859191654
06,371,505,177,8.890713797882199e-05,5.215123859191654
06,372,505,177,9.000596037367359e-05,5.215123859191654
06,373,505,177,8.621094457339495e-05,5.215123859191654
06,374,505,177,9.024437895277515e-05,5.215123859191654
06,375,505,177,9.40379177336581e-05,5.215123859191654
06,376,505,177,9.965436765924096e-05,5.215123859191654
06,377,505,177,9.341298573417589e-05,5.215123859191654
06,378,505,177,9.544009662931785e-05,5.215123859191654
06,379,505,177,0.00010146127169718966,5.215123859191654
06,380,505,177,9.615406452212483e-05,5.215123859191654
06,381,505,177,9.172860882245004e-05,5.215123859191654
06,382,505,177,9.189196862280369e-05,5.215123859191654
06,383,505,177,9.31587492232211e-05,5.215123859191654
06,384,505,177,9.271466115023941e-05,5.215123859191654
06,385,505,177,9.311496251029894e-05,5.215123859191654
06,386,505,177,9.619012416806072e-05,5.215123859191654
06,387,505,177,9.497558494331315e-05,5.215123859191654
06,388,505,177,9.400296403327957e-05,5.215123859191654
06,389,505,177,9.302372200181708e-05,5.215123859191654
06,390,505,177,9.347406739834696e-05,5.215123859191654
06,391,505,177,9.441909060114995e-05,5.215123859191654
06,392,505,177,9.29227244341746e-05,5.215123859191654
06,393,505,177,9.282981773139909e-05,5.215123859191654
06,394,505,177,9.239050996256992e-05,5.215123859191654
06,395,505,177,9.262929961550981e-05,5.215123859191654
06,396,505,177,9.241424413630739e-05,5.215123859191654
06,397,505,177,9.11126917344518e-05,5.215123859191654
06,398,505,177,8.993328810902312e-05,5.215123859191654
06,399,505,177,9.091897663893178e-05,5.215123859191654
06,400,505,177,9.140059410128742e-05,5.215123859191654
06,401,505,177,9.381108975503594e-05,5.215123859191654
06,402,505,177,9.22630206332542e-05,5.215123859191654
06,403,505,177,9.277849312638864e-05,5.215123859191654
06,404,505,177,9.338668314740062e-05,5.215123859191654
06,405,505,177,9.374835644848645e-05,5.215123859191654
06,406,505,177,9.337545634480193e-05,5.215123859191654
06,407,505,177,9.48090964811854e-05,5.215123859191654
06,408,505,177,9.540201426716521e-05,5.215123859191654
06,409,505,177,9.42566548474133e-05,5.215123859191654
06,410,505,177,9.461464651394635e-05,5.215123859191654
06,411,505,177,9.547449735691771e-05,5.215123859191654
06,412,505,177,9.656191832618788e-05,5.215123859191654
06,413,505,177,9.961039904737845e-05,5.215123859191654
06,414,505,177,0.00010413630661787465,5.215123859191654
06,415,505,177,0.00010188145097345114,5.215123859191654
06,416,505,177,9.998292807722464e-05,5.215123859191654
06,417,505,177,0.00010486499377293512,5.215123859191654
06,418,505,177,0.00010624951391946524,5.215123859191654
06,419,505,177,0.00010226556332781911,5.215123859191654
06,420,505,177,0.00010059369378723204,5.215123859191654
06,421,505,177,0.0001295952097279951,5.215123859191654
06,422,505,177,0.00011187369091203436,5.215123859191654
06,423,505,177,0.00010716124234022573,5.215123859191654
06,424,505,177,0.00010119176295120269,5.215123859191654
06,425,505,177,0.00010263533476972952,5.215123859191654
06,426,505,177,9.446527110412717e-05,5.215123859191654
06,427,505,177,9.432343358639628e-05,5.215123859191654
06,428,505,177,0.00010352020763093606,5.215123859191654
06,429,505,177,0.00010427998495288193,5.215123859191654
06,430,505,177,9.944869816536084e-05,5.215123859191654
06,431,505,177,0.00010102490341523662,5.215123859191654
06,432,505,177,0.00010740499419625849,5.215123859191654
06,433,505,177,0.00010233933426206931,5.215123859191654
06,434,505,177,0.00010399870370747522,5.215123859191654
06,435,505,177,0.00010784577170852572,5.215123859191654
06,436,505,177,0.0001160660685854964,5.215123859191654
06,437,505,177,0.00011686152720358223,5.215123859191654
06,438,505,177,0.00011436770000727847,5.215123859191654
06,439,505,177,0.00011109588376712054,5.215123859191654
06,440,505,177,0.00010819917224580422,5.215123859191654
06,441,505,177,0.00011442068353062496,5.215123859191654
06,442,505,177,0.00011699656170094386,5.215123859191654
06,443,505,177,0.00011255601566517726,5.215123859191654
06,444,505,177,0.0001205283188028261,5.215123859191654
06,445,505,177,0.00012108150258427486,5.215123859191654
06,446,505,177,0.00011321018973831087,5.215123859191654
06,447,505,177,0.00011622795136645436,5.215123859191654
06,448,505,177,0.00011272268602624536,5.215123859191654
06,449,505,177,0.00010859635222004727,5.215123859191654
06,450,505,177,0.00010039445623988286,5.215123859191654
06,451,505,177,0.00010500737698748708,5.215123859191654
06,452,505,177,0.00011259519669692963,5.215123859191654
06,453,505,177,0.00011048659507650882,5.215123859191654
06,454,505,177,0.00011391717271180823,5.215123859191654
06,455,505,177,0.00011662108590826392,5.215123859191654
06,456,505,177,0.00011315390293020755,5.215123859191654
06,457,505,177,0.00010854171705432236,5.215123859191654
06,458,505,177,0.00010319275315850973,5.215123859191654
06,459,505,177,0.00010140497761312872,5.215123859191654
06,460,505,177,0.00010105231922352687,5.215123859191654
06,461,505,177,0.00010084499081131071,5.215123859191654
06,462,505,177,9.908057836582884e-05,5.215123859191654
06,463,505,177,9.9559074442368e-05,5.215123859191654
06,464,505,177,0.00010058376210508868,5.215123859191654
06,465,505,177,0.0001006196325761266,5.215123859191654
06,466,505,177,0.0001001871278276667,5.215123859191654
06,467,505,177,0.00010419351747259498,5.215123859191654
06,468,505,177,0.0001069128920789808,5.215123859191654
06,469,505,177,0.00012136701843701303,5.215123859191654
06,470,505,177,0.00012887443881481886,5.215123859191654
06,471,505,177,0.00012370815966278315,5.215123859191654
06,472,505,177,0.00011560320854187012,5.215123859191654
06,473,505,177,0.0001387320226058364,5.215123859191654
06,474,505,177,0.00010870930418604985,5.215123859191654
06,475,505,177,0.00010872310667764395,5.215123859191654
06,476,505,177,0.00011235162673983723,5.215123859191654
06,477,505,177,0.0001069875797838904,5.215123859191654
06,478,505,177,0.00011170830111950636,5.215123859191654
06,479,505,177,0.0001121437453548424,5.215123859191654
06,480,505,177,0.00010792064858833328,5.215123859191654
06,481,505,177,0.00010749568900791928,5.215123859191654
06,482,505,177,0.00010653833305696025,5.215123859191654
06,483,505,177,0.00010154976189369336,5.215123859191654
06,484,505,177,0.00010030431440100074,5.215123859191654
06,485,505,177,9.4604714831803e-05,5.215123859191654
06,486,505,177,9.589890396455303e-05,5.215123859191654
06,487,505,177,9.667118865763769e-05,5.215123859191654
06,488,505,177,9.248084097635001e-05,5.215123859191654
06,489,505,177,9.358168608741835e-05,5.215123859191654
06,490,505,177,9.394979861099273e-05,5.215123859191654
06,491,505,177,9.356255031889305e-05,5.215123859191654
06,492,505,177,9.565975051373243e-05,5.215123859191654
06,493,505,177,9.54292481765151e-05,5.215123859191654
06,494,505,177,0.0001009347615763545,5.215123859191654
06,495,505,177,9.673263411968946e-05,5.215123859191654
06,496,505,177,9.91083579719998e-05,5.215123859191654
06,497,505,177,9.913669055094942e-05,5.215123859191654
06,498,505,177,9.693444735603407e-05,5.215123859191654
06,499,505,177,9.649329876992851e-05,5.215123859191654
06,500,505,177,9.834730008151382e-05,5.215123859191654
06,501,505,177,9.98626128421165e-05,5.215123859191654
06,502,505,177,9.962805779650807e-05,5.215123859191654
06,503,505,177,0.00010023808863479644,5.215123859191654
06,504,505,177,0.00010281304275849834,5.215123859191654
07,35,550,177,6.291472527664155e-05,5.215123859191654
07,36,550,177,6.753297930117697e-05,5.215123859191654
07,37,550,177,6.891602970426902e-05,5.215123859191654
07,38,550,177,7.742625166429207e-05,5.215123859191654
07,39,550,177,7.276402902789414e-05,5.215123859191654
07,40,550,177,7.019568874966353e-05,5.215123859191654
07,41,550,177,6.764170393580571e-05,5.215123859191654
07,42,550,177,6.979299359954894e-05,5.215123859191654
07,43,550,177,6.192076398292556e-05,5.215123859191654
07,44,550,177,5.789321949123405e-05,5.215123859191654
07,45,550,177,4.7573703341186047e-05,5.215123859191654
07,46,550,177,4.512421219260432e-05,5.215123859191654
07,47,550,177,4.389974128571339e-05,5.215123859191654
07,48,550,177,4.258053013472818e-05,5.215123859191654
07,49,550,177,4.265429743099958e-05,5.215123859191654
07,50,550,177,4.315541809774004e-05,5.215123859191654
07,51,550,177,4.093514507985674e-05,5.215123859191654
07,52,550,177,4.066821202286519e-05,5.215123859191654
07,53,550,177,4.5185472117736936e-05,5.215123859191654
07,54,550,177,4.503664604271762e-05,5.215123859191654
07,55,550,177,4.9108522944152355e-05,5.215123859191654
07,56,550,177,4.6916768042137846e-05,5.215123859191654
07,57,550,177,4.9404523451812565e-05,5.215123859191654
07,58,550,177,5.3329600632423535e-05,5.215123859191654
07,59,550,177,5.2726380090462044e-05,5.215123859191654
07,60,550,177,6.263068644329906e-05,5.215123859191654
07,61,550,177,6.377899262588471e-05,5.215123859191654
07,62,550,177,6.397583638317883e-05,5.215123859191654
07,63,550,177,6.574723374797031e-05,5.215123859191654
07,64,550,177,7.508989801863208e-05,5.215123859191654
07,65,550,177,7.895794260548428e-05,5.215123859191654
07,66,550,177,8.245585195254534e-05,5.215123859191654
07,67,550,177,8.022638212423772e-05,5.215123859191654
07,68,550,177,8.52710654726252e-05,5.215123859191654
07,69,550,177,8.360434731002897e-05,5.215123859191654
07,70,550,177,8.098081889329478e-05,5.215123859191654
07,71,550,177,8.540867565898225e-05,5.215123859191654
07,72,550,177,8.461872494081035e-05,5.215123859191654
07,73,550,177,7.679856207687408e-05,5.215123859191654
07,74,550,177,7.664495205972344e-05,5.215123859191654
07,75,550,177,7.760837615933269e-05,5.215123859191654
07,76,550,177,7.046501559671015e-05,5.215123859191654
07,77,550,177,6.318460509646684e-05,5.215123859191654
07,78,550,177,6.150702392915264e-05,5.215123859191654
07,79,550,177,6.016757834004238e-05,5.215123859191654
07,80,550,177,6.38021738268435e-05,5.215123859191654
07,81,550,177,6.218549242476001e-05,5.215123859191654
07,82,550,177,6.294747436186299e-05,5.215123859191654
07,83,550,177,6.27362824161537e-05,5.215123859191654
07,84,550,177,6.544111965922639e-05,5.215123859191654
07,85,550,177,5.9242971474304795e-05,5.215123859191654
07,86,550,177,5.716894884244539e-05,5.215123859191654
07,87,550,177,5.834650801261887e-05,5.215123859191654
07,88,550,177,5.867267827852629e-05,5.215123859191654
07,89,550,177,5.730747579946183e-05,5.215123859191654
07,90,550,177,5.63821304240264e-05,5.215123859191654
07,91,550,177,5.560543286264874e-05,5.215123859191654
07,92,550,177,5.0504084356362e-05,5.215123859191654
07,93,550,177,5.461661930894479e-05,5.215123859191654
07,94,550,177,5.4198651923798025e-05,5.215123859191654
07,95,550,177,5.528937981580384e-05,5.215123859191654
07,96,550,177,5.4226245993049815e-05,5.215123859191654
07,97,550,177,5.317764589563012e-05,5.215123859191654
07,98,550,177,5.886013968847692e-05,5.215123859191654
07,99,550,177,5.7135468523483723e-05,5.215123859191654
07,100,550,177,6.151438719825819e-05,5.215123859191654
07,101,550,177,6.131496775196865e-05,5.215123859191654
07,102,550,177,7.063187513267621e-05,5.215123859191654
07,103,550,177,7.007445674389601e-05,5.215123859191654
07,104,550,177,6.484267942141742e-05,5.215123859191654
07,105,550,177,6.240790389711037e-05,5.215123859191654
07,106,550,177,6.0698868765030056e-05,5.215123859191654
07,107,550,177,6.351942283799872e-05,5.215123859191654
07,108,550,177,6.50956280878745e-05,5.215123859191654
07,109,550,177,6.429446511901915e-05,5.215123859191654
07,110,550,177,6.463590398197994e-05,5.215123859191654
07,111,550,177,6.690474401693791e-05,5.215123859191654
07,112,550,177,7.1021328039933e-05,5.215123859191654
07,113,550,177,6.862739246571437e-05,5.215123859191654
07,114,550,177,6.493576802313328e-05,5.215123859191654
07,115,550,177,6.771658081561327e-05,5.215123859191654
07,116,550,177,7.350191299337894e-05,5.215123859191654
07,117,550,177,7.107669807737693e-05,5.215123859191654
07,118,550,177,7.507149712182581e-05,5.215123859191654
07,119,550,177,7.744997856207192e-05,5.215123859191654
07,120,550,177,7.99721383373253e-05,5.215123859191654
07,121,550,177,8.068095485214144e-05,5.215123859191654
07,122,550,177,8.193872781703249e-05,5.215123859191654
07,123,550,177,6.762956763850525e-05,5.215123859191654
07,124,550,177,7.219502003863454e-05,5.215123859191654
07,125,550,177,7.31229447410442e-05,5.215123859191654
07,126,550,177,7.704875315539539e-05,5.215123859191654
07,127,550,177,7.84746662247926e-05,5.215123859191654
07,128,550,177,7.92072169133462e-05,5.215123859191654
07,129,550,177,7.902214565547183e-05,5.215123859191654
07,130,550,177,7.811317482264712e-05,5.215123859191654
07,131,550,177,7.80314949224703e-05,5.215123859191654
07,132,550,177,7.983582327142358e-05,5.215123859191654
07,133,550,177,8.142196747940034e-05,5.215123859191654
07,134,550,177,8.116092067211866e-05,5.215123859191654
07,135,550,177,7.959004869917408e-05,5.215123859191654
07,136,550,177,8.050104224821553e-05,5.215123859191654
07,137,550,177,8.244867785833776e-05,5.215123859191654
07,138,550,177,8.260964386863634e-05,5.215123859191654
07,139,550,177,8.428409637417644e-05,5.215123859191654
07,140,550,177,8.495446672895923e-05,5.215123859191654
07,141,550,177,8.669606177136302e-05,5.215123859191654
07,142,550,177,8.79900690051727e-05,5.215123859191654
07,143,550,177,8.172514208126813e-05,5.215123859191654
07,144,550,177,7.771268428768963e-05,5.215123859191654
07,145,550,177,7.834828284103423e-05,5.215123859191654
07,146,550,177,8.155883551808074e-05,5.215123859191654
07,147,550,177,7.74634099798277e-05,5.215123859191654
07,148,550,177,7.572034519398585e-05,5.215123859191654
07,149,550,177,7.655683293705806e-05,5.215123859191654
07,150,550,177,7.93280778452754e-05,5.215123859191654
07,151,550,177,7.928153354441747e-05,5.215123859191654
07,152,550,177,7.899638876551762e-05,5.215123859191654
07,153,550,177,7.837403973098844e-05,5.215123859191654
07,154,550,177,7.485625974368304e-05,5.215123859191654
07,155,550,177,7.302672747755423e-05,5.215123859191654
07,156,550,177,7.878961332608014e-05,5.215123859191654
07,157,550,177,7.845203799661249e-05,5.215123859191654
07,158,550,177,8.112946670735255e-05,5.215123859191654
07,159,550,177,7.356096466537565e-05,5.215123859191654
07,160,550,177,7.227651803987101e-05,5.215123859191654
07,161,550,177,6.941052561160177e-05,5.215123859191654
07,162,550,177,7.225242006825283e-05,5.215123859191654
07,163,550,177,6.839559500804171e-05,5.215123859191654
07,164,550,177,7.022439240245149e-05,5.215123859191654
07,165,550,177,7.14186899131164e-05,5.215123859191654
07,166,550,177,7.044662197586149e-05,5.215123859191654
07,167,550,177,7.30570827727206e-05,5.215123859191654
07,168,550,177,7.239536353154108e-05,5.215123859191654
07,169,550,177,7.532665767939761e-05,5.215123859191654
07,170,550,177,7.467524119419977e-05,5.215123859191654
07,171,550,177,7.454848673660308e-05,5.215123859191654
07,172,550,177,7.626138540217653e-05,5.215123859191654
07,173,550,177,7.601413381053135e-05,5.215123859191654
07,174,550,177,7.482314686058089e-05,5.215123859191654
07,175,550,177,7.999016816029325e-05,5.215123859191654
07,176,550,177,8.543921285308897e-05,5.215123859191654
07,177,550,177,9.11651222850196e-05,5.215123859191654
07,178,550,177,9.105548087973148e-05,5.215123859191654
07,179,550,177,9.237358608515933e-05,5.215123859191654
07,180,550,177,9.212983422912657e-05,5.215123859191654
07,181,550,177,9.757556108525023e-05,5.215123859191654
07,182,550,177,9.91981360130012e-05,5.215123859191654
07,183,550,177,9.912418317981064e-05,5.215123859191654
07,184,550,177,0.00010151241440325975,5.215123859191654
07,185,550,177,0.0001020847266772762,5.215123859191654
07,186,550,177,0.00010374114935984835,5.215123859191654
07,187,550,177,0.00010464257502462715,5.215123859191654
07,188,550,177,0.00010183877020608634,5.215123859191654
07,189,550,177,0.00010457119788043201,5.215123859191654
07,190,550,177,0.00010454728180775419,5.215123859191654
07,191,550,177,0.0001084762261598371,5.215123859191654
07,192,550,177,0.00011221880413359031,5.215123859191654
07,193,550,177,0.00011186706251464784,5.215123859191654
07,194,550,177,0.00010830568498931825,5.215123859191654
07,195,550,177,0.00010279317939421162,5.215123859191654
07,196,550,177,9.465566836297512e-05,5.215123859191654
07,197,550,177,8.002825052244589e-05,5.215123859191654
07,198,550,177,7.349970110226423e-05,5.215123859191654
07,199,550,177,7.427493255818263e-05,5.215123859191654
07,200,550,177,7.049647683743387e-05,5.215123859191654
07,201,550,177,7.980289228726178e-05,5.215123859191654
07,202,550,177,9.300256351707503e-05,5.215123859191654
07,203,550,177,9.904470789479092e-05,5.215123859191654
07,204,550,177,8.665577479405329e-05,5.215123859191654
07,205,550,177,9.749001765158027e-05,5.215123859191654
07,206,550,177,9.671221778262407e-05,5.215123859191654
07,207,550,177,0.00012035281542921439,5.215123859191654
07,208,550,177,0.000129795735119842,5.215123859191654
07,209,550,177,0.00013189624587539583,5.215123859191654
07,210,550,177,0.00014841152005828917,5.215123859191654
07,211,550,177,0.00013060150376986712,5.215123859191654
07,212,550,177,0.00013297943223733455,5.215123859191654
07,213,550,177,0.00013328003115020692,5.215123859191654
07,214,550,177,0.00013782452151644975,5.215123859191654
07,215,550,177,0.00015163715579546988,5.215123859191654
07,216,550,177,0.00015954489936120808,5.215123859191654
07,217,550,177,0.00016328950005117804,5.215123859191654
07,218,550,177,0.00015553408593405038,5.215123859191654
07,219,550,177,0.00013898055476602167,5.215123859191654
07,220,550,177,0.00015101315511856228,5.215123859191654
07,221,550,177,0.00015812799392733723,5.215123859191654
07,222,550,177,0.00013575711636804044,5.215123859191654
07,223,550,177,0.00011867781722685322,5.215123859191654
07,224,550,177,0.00012130042159697041,5.215123859191654
07,225,550,177,0.0001238847617059946,5.215123859191654
07,226,550,177,0.00012764813436660916,5.215123859191654
07,227,550,177,0.00012993169366382062,5.215123859191654
07,228,550,177,0.00014224740152712911,5.215123859191654
07,229,550,177,0.00016490065900143236,5.215123859191654
07,230,550,177,0.00015842288848944008,5.215123859191654
07,231,550,177,0.00015056262782309204,5.215123859191654
07,232,550,177,0.00014935930084902793,5.215123859191654
07,233,550,177,0.00016444204084109515,5.215123859191654
07,234,550,177,0.00015808182070031762,5.215123859191654
07,235,550,177,0.00016260257689282298,5.215123859191654
07,236,550,177,0.00013965312973596156,5.215123859191654
07,237,550,177,0.00013101175136398524,5.215123859191654
07,238,550,177,0.00012314871128182858,5.215123859191654
07,239,550,177,0.00011741140042431653,5.215123859191654
07,240,550,177,0.00011889986490132287,5.215123859191654
07,241,550,177,0.00011585726315388456,5.215123859191654
07,242,550,177,0.00011011884635081515,5.215123859191654
07,243,550,177,0.00010864620708161965,5.215123859191654
07,244,550,177,0.00011425474804127589,5.215123859191654
07,245,550,177,0.000123538906336762,5.215123859191654
07,246,550,177,0.0001136964128818363,5.215123859191654
07,247,550,177,0.00010854024003492668,5.215123859191654
07,248,550,177,9.560162288835272e-05,5.215123859191654
07,249,550,177,9.384273289470002e-05,5.215123859191654
07,250,550,177,8.010109741007909e-05,5.215123859191654
07,251,550,177,7.371659739874303e-05,5.215123859191654
07,252,550,177,7.653714419575408e-05,5.215123859191654
07,253,550,177,7.481946522602811e-05,5.215123859191654
07,254,550,177,7.879807526478544e-05,5.215123859191654
07,255,550,177,7.91347338235937e-05,5.215123859191654
07,256,550,177,7.76918968767859e-05,5.215123859191654
07,257,550,177,8.089729817584157e-05,5.215123859191654
07,258,550,177,7.642327545909211e-05,5.215123859191654
07,259,550,177,7.509835995733738e-05,5.215123859191654
07,260,550,177,7.485257810913026e-05,5.215123859191654
07,261,550,177,9.329911699751392e-05,5.215123859191654
07,262,550,177,9.121203038375825e-05,5.215123859191654
07,263,550,177,8.50959331728518e-05,5.215123859191654
07,264,550,177,0.00010162371472688392,5.215123859191654
07,265,550,177,0.00010064961679745466,5.215123859191654
07,266,550,177,0.0001010521300486289,5.215123859191654
07,267,550,177,0.00010048699186882004,5.215123859191654
07,268,550,177,9.793687058845535e-05,5.215123859191654
07,269,550,177,9.89759064395912e-05,5.215123859191654
07,270,550,177,9.503390174359083e-05,5.215123859191654
07,271,550,177,9.538968879496679e-05,5.215123859191654
07,272,550,177,9.281160600949079e-05,5.215123859191654
07,273,550,177,9.314458293374628e-05,5.215123859191654
07,274,550,177,9.61875484790653e-05,5.215123859191654
07,275,550,177,9.60839752224274e-05,5.215123859191654
07,276,550,177,9.444208990316838e-05,5.215123859191654
07,277,550,177,8.91733288881369e-05,5.215123859191654
07,278,550,177,9.037057316163555e-05,5.215123859191654
07,279,550,177,8.963232539827004e-05,5.215123859191654
07,280,550,177,8.664896449772641e-05,5.215123859191654
07,281,550,177,8.690670074429363e-05,5.215123859191654
07,282,550,177,8.649351366329938e-05,5.215123859191654
07,283,550,177,8.551665814593434e-05,5.215123859191654
07,284,550,177,8.423865801887587e-05,5.215123859191654
07,285,550,177,8.366762631339952e-05,5.215123859191654
07,286,550,177,8.091919153230265e-05,5.215123859191654
07,287,550,177,7.846013613743708e-05,5.215123859191654
07,288,550,177,7.898351032054052e-05,5.215123859191654
07,289,550,177,7.794024713803083e-05,5.215123859191654
07,290,550,177,7.774726691422984e-05,5.215123859191654
07,291,550,177,7.463034853572026e-05,5.215123859191654
07,292,550,177,7.416712469421327e-05,5.215123859191654
07,293,550,177,7.358671427937225e-05,5.215123859191654
07,294,550,177,7.541717059211805e-05,5.215123859191654
07,295,550,177,7.840494072297588e-05,5.215123859191654
07,296,550,177,8.375023026019335e-05,5.215123859191654
07,297,550,177,8.716370211914182e-05,5.215123859191654
07,298,550,177,9.159192268270999e-05,5.215123859191654
07,299,550,177,8.840472582960501e-05,5.215123859191654
07,300,550,177,8.235301356762648e-05,5.215123859191654
07,301,550,177,8.802153024589643e-05,5.215123859191654
07,302,550,177,8.037521183723584e-05,5.215123859191654
07,303,550,177,7.809919043211266e-05,5.215123859191654
07,304,550,177,7.668082253076136e-05,5.215123859191654
07,305,550,177,7.283853483386338e-05,5.215123859191654
07,306,550,177,7.53649219404906e-05,5.215123859191654
07,307,550,177,7.560996164102107e-05,5.215123859191654
07,308,550,177,7.850777910789475e-05,5.215123859191654
07,309,550,177,8.086492016445845e-05,5.215123859191654
07,310,550,177,9.35583229875192e-05,5.215123859191654
07,311,550,177,9.118131129071116e-05,5.215123859191654
07,312,550,177,8.842275565257296e-05,5.215123859191654
07,313,550,177,9.042926103575155e-05,5.215123859191654
07,314,550,177,8.675271965330467e-05,5.215123859191654
07,315,550,177,9.51122710830532e-05,5.215123859191654
07,316,550,177,9.705365664558485e-05,5.215123859191654
07,317,550,177,0.00010018970351666212,5.215123859191654
07,318,550,177,9.356733789900318e-05,5.215123859191654
07,319,550,177,8.462811092613265e-05,5.215123859191654
07,320,550,177,9.0374807768967e-05,5.215123859191654
07,321,550,177,8.677939331391826e-05,5.215123859191654
07,322,550,177,8.613055251771584e-05,5.215123859191654
07,323,550,177,7.893163274275139e-05,5.215123859191654
07,324,550,177,8.219995652325451e-05,5.215123859191654
07,325,550,177,8.65334368427284e-05,5.215123859191654
07,326,550,177,9.023425809573382e-05,5.215123859191654
07,327,550,177,9.508596849627793e-05,5.215123859191654
07,328,550,177,0.000110510693048127,5.215123859191654
07,329,550,177,9.88820829661563e-05,5.215123859191654
07,330,550,177,8.939721737988293e-05,5.215123859191654
07,331,550,177,9.943231998477131e-05,5.215123859191654
07,332,550,177,0.00010627655137795955,5.215123859191654
07,333,550,177,0.00011186210031155497,5.215123859191654
07,334,550,177,0.00011357628682162613,5.215123859191654
07,335,550,177,0.0001303651079069823,5.215123859191654
07,336,550,177,0.00011808066483354196,5.215123859191654
07,337,550,177,0.00011060138785978779,5.215123859191654
07,338,550,177,0.00010578094952506945,5.215123859191654
07,339,550,177,0.00010669415496522561,5.215123859191654
07,340,550,177,0.00011086905578849837,5.215123859191654
07,341,550,177,0.00010902811482083052,5.215123859191654
07,342,550,177,0.0001051659564836882,5.215123859191654
07,343,550,177,0.00010824736818904057,5.215123859191654
07,344,550,177,0.00011177636770298705,5.215123859191654
07,345,550,177,0.00010929210839094594,5.215123859191654
07,346,550,177,0.00012187494576210156,5.215123859191654
07,347,550,177,0.00011404208635212854,5.215123859191654
07,348,550,177,0.000123885678476654,5.215123859191654
07,349,550,177,0.00011757880565710366,5.215123859191654
07,350,550,177,0.00012193178554298356,5.215123859191654
07,351,550,177,0.00012081934983143583,5.215123859191654
07,352,550,177,0.00011821312364190817,5.215123859191654
07,353,550,177,0.00011845061817439273,5.215123859191654
07,354,550,177,0.000127439881907776,5.215123859191654
07,355,550,177,0.00013293234223965555,5.215123859191654
07,356,550,177,0.00013153917097952217,5.215123859191654
07,357,550,177,0.0001347962679574266,5.215123859191654
07,358,550,177,0.0001367810764349997,5.215123859191654
07,359,550,177,0.00013380763994064182,5.215123859191654
07,360,550,177,0.00013118339120410383,5.215123859191654
07,361,550,177,0.0001275589020224288,5.215123859191654
07,362,550,177,0.00014180662401486188,5.215123859191654
07,363,550,177,0.00014257358270697296,5.215123859191654
07,364,550,177,0.000146995167597197,5.215123859191654
07,365,550,177,0.0001455940946470946,5.215123859191654
07,366,550,177,0.00016285240417346358,5.215123859191654
07,367,550,177,0.0001590167375979945,5.215123859191654
07,368,550,177,0.00014863780234009027,5.215123859191654
07,369,550,177,0.00014342699432745576,5.215123859191654
07,370,550,177,0.00013719260459765792,5.215123859191654
07,371,550,177,0.00012909778160974383,5.215123859191654
07,372,550,177,0.00013192385085858405,5.215123859191654
07,373,550,177,0.00013246193702798337,5.215123859191654
07,374,550,177,0.0001287355407839641,5.215123859191654
07,375,550,177,0.00012766414147336036,5.215123859191654
07,376,550,177,0.00012623546354006976,5.215123859191654
07,377,550,177,0.00012444621825125068,5.215123859191654
07,378,550,177,0.00012386986054480076,5.215123859191654
07,379,550,177,0.0001226948807016015,5.215123859191654
07,380,550,177,0.0001295779220527038,5.215123859191654
07,381,550,177,0.00012508899089880288,5.215123859191654
07,382,550,177,0.0001212435745401308,5.215123859191654
07,383,550,177,0.0001218311590491794,5.215123859191654
07,384,550,177,0.00012425177555996925,5.215123859191654
07,385,550,177,0.00012767351290676743,5.215123859191654
07,386,550,177,0.00012614329170901328,5.215123859191654
07,387,550,177,0.0001292022643610835,5.215123859191654
07,388,550,177,0.00013276474783197045,5.215123859191654
07,389,550,177,0.000143450713949278,5.215123859191654
07,390,550,177,0.00014800348435528576,5.215123859191654
07,391,550,177,0.00015072560927364975,5.215123859191654
07,392,550,177,0.00013701875286642462,5.215123859191654
07,393,550,177,0.000127884341054596,5.215123859191654
07,394,550,177,0.00012689405411947519,5.215123859191654
07,395,550,177,0.00012603770301211625,5.215123859191654
07,396,550,177,0.00012056805280735716,5.215123859191654
07,397,550,177,0.00010115865006810054,5.215123859191654
07,398,550,177,8.691369293956086e-05,5.215123859191654
07,399,550,177,0.00010556277266005054,5.215123859191654
07,400,550,177,0.00010530834697419778,5.215123859191654
07,401,550,177,9.438248525839299e-05,5.215123859191654
07,402,550,177,0.00010540676885284483,5.215123859191654
07,403,550,177,0.0001137275030487217,5.215123859191654
07,404,550,177,0.000124611979117617,5.215123859191654
07,405,550,177,0.00012039825378451496,5.215123859191654
07,406,550,177,0.00011957317474298179,5.215123859191654
07,407,550,177,0.00011186081246705726,5.215123859191654
07,408,550,177,0.00011190587974851951,5.215123859191654
07,409,550,177,0.000126523373182863,5.215123859191654
07,410,550,177,0.00012550788233056664,5.215123859191654
07,411,550,177,0.00013617730292025954,5.215123859191654
07,412,550,177,0.00013691297499462962,5.215123859191654
07,413,550,177,0.00013205630239099264,5.215123859191654
07,414,550,177,0.0001340379676548764,5.215123859191654
07,415,550,177,0.00013370296801440418,5.215123859191654
07,416,550,177,0.00013198381930124015,5.215123859191654
07,417,550,177,0.0001285782636841759,5.215123859191654
07,418,550,177,0.0001309541694354266,5.215123859191654
07,419,550,177,0.00013062891957815737,5.215123859191654
07,420,550,177,0.0001329117367276922,5.215123859191654
07,421,550,177,0.00012923998292535543,5.215123859191654
07,422,550,177,0.00013303830928634852,5.215123859191654
07,423,550,177,0.00013709123595617712,5.215123859191654
07,424,550,177,0.00013125292025506496,5.215123859191654
07,425,550,177,0.00013053417205810547,5.215123859191654
07,426,550,177,0.00012251587759237736,5.215123859191654
07,427,550,177,0.00012704987602774054,5.215123859191654
07,428,550,177,0.000124455415061675,5.215123859191654
07,429,550,177,0.00011637347051873803,5.215123859191654
07,430,550,177,0.00011190643272129819,5.215123859191654
07,431,550,177,0.00010444407962495461,5.215123859191654
07,432,550,177,0.00011867579451063648,5.215123859191654
07,433,550,177,0.00013318087439984083,5.215123859191654
07,434,550,177,0.00013123269309289753,5.215123859191654
07,435,550,177,0.00013328426575753838,5.215123859191654
07,436,550,177,0.00013588166621048003,5.215123859191654
07,437,550,177,0.00013482055510394275,5.215123859191654
07,438,550,177,0.00013448666140902787,5.215123859191654
07,439,550,177,0.00012762218830175698,5.215123859191654
07,440,550,177,0.00012421073915902525,5.215123859191654
07,441,550,177,0.00012323739065323025,5.215123859191654
07,442,550,177,0.00011455626372480765,5.215123859191654
07,443,550,177,0.00011483276466606185,5.215123859191654
07,444,550,177,0.0001122695830417797,5.215123859191654
07,445,550,177,0.00011058722157031298,5.215123859191654
07,446,550,177,0.00011144578456878662,5.215123859191654
07,447,550,177,0.0001110942248487845,5.215123859191654
07,448,550,177,0.00011035340139642358,5.215123859191654
07,449,550,177,0.00010912433208432049,5.215123859191654
07,450,550,177,0.00010958442726405337,5.215123859191654
07,451,550,177,0.00010675946396077052,5.215123859191654
07,452,550,177,0.00010826006473507732,5.215123859191654
07,453,550,177,0.00010824700439115986,5.215123859191654
07,454,550,177,0.00010651313641574234,5.215123859191654
07,455,550,177,0.00010668495815480128,5.215123859191654
07,456,550,177,0.0001092166785383597,5.215123859191654
07,457,550,177,0.00010892160207731649,5.215123859191654
07,458,550,177,0.00010516816837480292,5.215123859191654
07,459,550,177,0.00010786968778120354,5.215123859191654
07,460,550,177,0.00010485891834832728,5.215123859191654
07,461,550,177,0.00010657586244633421,5.215123859191654
07,462,550,177,0.00010664521687431261,5.215123859191654
07,463,550,177,0.00010742835729615763,5.215123859191654
07,464,550,177,0.00010817949078045785,5.215123859191654
07,465,550,177,0.00010961607040371746,5.215123859191654
07,466,550,177,0.00010684169683372602,5.215123859191654
07,467,550,177,0.00010770117660285905,5.215123859191654
07,468,550,177,0.00011018120858352631,5.215123859191654
07,469,550,177,0.0001129874144680798,5.215123859191654
07,470,550,177,0.00011139814159832895,5.215123859191654
07,471,550,177,0.00011977995018241927,5.215123859191654
07,472,550,177,0.00012841637362726033,5.215123859191654
07,473,550,177,0.00011784592788899317,5.215123859191654
07,474,550,177,0.00011534473742358387,5.215123859191654
07,475,550,177,0.00012155925651313737,5.215123859191654
07,476,550,177,0.0001026323952828534,5.215123859191654
07,477,550,177,9.320529352407902e-05,5.215123859191654
07,478,550,177,9.879838034976274e-05,5.215123859191654
07,479,550,177,0.00011988903861492872,5.215123859191654
07,480,550,177,0.000130598564282991,5.215123859191654
07,481,550,177,0.00014088072930462658,5.215123859191654
07,482,550,177,0.00012745569983962923,5.215123859191654
07,483,550,177,0.000144592224387452,5.215123859191654
07,484,550,177,0.0001133439363911748,5.215123859191654
07,485,550,177,0.00011940668628085405,5.215123859191654
07,486,550,177,0.00010918595944531262,5.215123859191654
07,487,550,177,0.00010966868285322562,5.215123859191654
07,488,550,177,0.00010664614092092961,5.215123859191654
07,489,550,177,0.00010916554310824722,5.215123859191654
07,490,550,177,0.00011191011435585096,5.215123859191654
07,491,550,177,0.00011094944784417748,5.215123859191654
07,492,550,177,0.0001097154090530239,5.215123859191654
07,493,550,177,0.00010234595538349822,5.215123859191654
07,494,550,177,9.648189006838948e-05,5.215123859191654
07,495,550,177,9.51922993408516e-05,5.215123859191654
07,496,550,177,0.00010318833665223792,5.215123859191654
07,497,550,177,0.00010119194485014305,5.215123859191654
07,498,550,177,0.00012285933189559728,5.215123859191654
07,499,550,177,0.00010075484897242859,5.215123859191654
07,500,550,177,9.730973397381604e-05,5.215123859191654
07,501,550,177,9.509976371191442e-05,5.215123859191654
07,502,550,177,0.00010662020213203505,5.215123859191654
07,503,550,177,0.00010250655759591609,5.215123859191654
07,504,550,177,0.00010044909868156537,5.215123859191654
07,505,550,177,0.00010311989899491891,5.215123859191654
07,506,550,177,9.751926700118929e-05,5.215123859191654
07,507,550,177,9.231747390003875e-05,5.215123859191654
07,508,550,177,9.443418093724176e-05,5.215123859191654
07,509,550,177,9.244680404663086e-05,5.215123859191654
07,510,550,177,9.470129589317366e-05,5.215123859191654
07,511,550,177,8.943327702581882e-05,5.215123859191654
07,512,550,177,8.6174339230638e-05,5.215123859191654
07,513,550,177,8.908080053515732e-05,5.215123859191654
07,514,550,177,9.27582586882636e-05,5.215123859191654
07,515,550,177,9.188865806208923e-05,5.215123859191654
07,516,550,177,9.021604637382552e-05,5.215123859191654
07,517,550,177,9.692303865449503e-05,5.215123859191654
07,518,550,177,9.795783989829943e-05,5.215123859191654
07,519,550,177,0.00010301559086656198,5.215123859191654
07,520,550,177,9.73965652519837e-05,5.215123859191654
07,521,550,177,9.757004590937868e-05,5.215123859191654
07,522,550,177,9.939791925717145e-05,5.215123859191654
07,523,550,177,9.635974129196256e-05,5.215123859191654
07,524,550,177,9.35454445425421e-05,5.215123859191654
07,525,550,177,9.746040450409055e-05,5.215123859191654
07,526,550,177,9.811972995521501e-05,5.215123859191654
07,527,550,177,9.647784463595599e-05,5.215123859191654
07,528,550,177,9.988211968448013e-05,5.215123859191654
07,529,550,177,9.987586236093193e-05,5.215123859191654
07,530,550,177,9.130088437814265e-05,5.215123859191654
07,531,550,177,8.237086149165407e-05,5.215123859191654
07,532,550,177,7.978155190357938e-05,5.215123859191654
07,533,550,177,8.139915735227987e-05,5.215123859191654
07,534,550,177,8.094310760498047e-05,5.215123859191654
07,535,550,177,8.326051465701312e-05,5.215123859191654
07,536,550,177,8.255629654740915e-05,5.215123859191654
07,537,550,177,8.477546361973509e-05,5.215123859191654
07,538,550,177,8.637577411718667e-05,5.215123859191654
07,539,550,177,8.577421249356121e-05,5.215123859191654
07,540,550,177,8.840748341754079e-05,5.215123859191654
07,541,550,177,8.900298416847363e-05,5.215123859191654
07,542,550,177,8.6279193055816e-05,5.215123859191654
07,543,550,177,8.732871356187388e-05,5.215123859191654
07,544,550,177,9.061874152394012e-05,5.215123859191654
07,545,550,177,8.926586451707408e-05,5.215123859191654
07,546,550,177,8.981003338703886e-05,5.215123859191654
07,547,550,177,9.05170090845786e-05,5.215123859191654
07,548,550,177,9.274684998672456e-05,5.215123859191654
07,549,550,177,9.260832302970812e-05,5.215123859191654
08,35,653,177,4.912710573989898e-05,5.215123859191654
08,36,653,177,4.781966708833352e-05,5.215123859191654
08,37,653,177,4.769457154907286e-05,5.215123859191654
08,38,653,177,4.870766497333534e-05,5.215123859191654
08,39,653,177,4.652584175346419e-05,5.215123859191654
08,40,653,177,4.808623270946555e-05,5.215123859191654
08,41,653,177,4.8973863158607855e-05,5.215123859191654
08,42,653,177,5.259134923107922e-05,5.215123859191654
08,43,653,177,5.76560887566302e-05,5.215123859191654
08,44,653,177,7.135816849768162e-05,5.215123859191654
08,45,653,177,7.651562191313133e-05,5.215123859191654
08,46,653,177,7.882254431024194e-05,5.215123859191654
08,47,653,177,7.607355655636638e-05,5.215123859191654
08,48,653,177,8.053470810409635e-05,5.215123859191654
08,49,653,177,8.194553083740175e-05,5.215123859191654
08,50,653,177,6.801074050599709e-05,5.215123859191654
08,51,653,177,6.919510633451864e-05,5.215123859191654
08,52,653,177,7.25881545804441e-05,5.215123859191654
08,53,653,177,6.942800246179104e-05,5.215123859191654
08,54,653,177,7.151674071792513e-05,5.215123859191654
08,55,653,177,6.58206336083822e-05,5.215123859191654
08,56,653,177,5.083687574369833e-05,5.215123859191654
08,57,653,177,4.9681024393066764e-05,5.215123859191654
08,58,653,177,4.471010834095068e-05,5.215123859191654
08,59,653,177,4.3471838580444455e-05,5.215123859191654
08,60,653,177,4.4411164708435535e-05,5.215123859191654
08,61,653,177,4.367971996543929e-05,5.215123859191654
08,62,653,177,4.485451790969819e-05,5.215123859191654
08,63,653,177,4.434548827703111e-05,5.215123859191654
08,64,653,177,4.9888534704223275e-05,5.215123859191654
08,65,653,177,5.269860048429109e-05,5.215123859191654
08,66,653,177,5.314802547218278e-05,5.215123859191654
08,67,653,177,4.9781283451011404e-05,5.215123859191654
08,68,653,177,4.738606003229506e-05,5.215123859191654
08,69,653,177,4.808126323041506e-05,5.215123859191654
08,70,653,177,5.595753827947192e-05,5.215123859191654
08,71,653,177,6.42572995275259e-05,5.215123859191654
08,72,653,177,6.444972677854821e-05,5.215123859191654
08,73,653,177,7.072256994433701e-05,5.215123859191654
08,74,653,177,6.908988143550232e-05,5.215123859191654
08,75,653,177,6.887942436151206e-05,5.215123859191654
08,76,653,177,7.260489655891433e-05,5.215123859191654
08,77,653,177,6.940721505088732e-05,5.215123859191654
08,78,653,177,7.534266478614882e-05,5.215123859191654
08,79,653,177,7.102721428964287e-05,5.215123859191654
08,80,653,177,7.805375207681209e-05,5.215123859191654
08,81,653,177,8.078581595327705e-05,5.215123859191654
08,82,653,177,8.386741683352739e-05,5.215123859191654
08,83,653,177,8.859825902618468e-05,5.215123859191654
08,84,653,177,9.570316615281627e-05,5.215123859191654
08,85,653,177,9.460968431085348e-05,5.215123859191654
08,86,653,177,8.928922761697322e-05,5.215123859191654
08,87,653,177,9.431166108697653e-05,5.215123859191654
08,88,653,177,9.093590051634237e-05,5.215123859191654
08,89,653,177,8.610590157331899e-05,5.215123859191654
08,90,653,177,8.11051795608364e-05,5.215123859191654
08,91,653,177,7.382182229775935e-05,5.215123859191654
08,92,653,177,7.33357883291319e-05,5.215123859191654
08,93,653,177,6.749784370185807e-05,5.215123859191654
08,94,653,177,6.561367627000436e-05,5.215123859191654
08,95,653,177,6.797725654905662e-05,5.215123859191654
08,96,653,177,6.788012251490727e-05,5.215123859191654
08,97,653,177,6.382627179846168e-05,5.215123859191654
08,98,653,177,6.554303399752825e-05,5.215123859191654
08,99,653,177,6.591132842004299e-05,5.215123859191654
08,100,653,177,6.413735536625609e-05,5.215123859191654
08,101,653,177,6.603274960070848e-05,5.215123859191654
08,102,653,177,6.341621337924153e-05,5.215123859191654
08,103,653,177,6.45466789137572e-05,5.215123859191654
08,104,653,177,6.212036532815546e-05,5.215123859191654
08,105,653,177,6.276129715843126e-05,5.215123859191654
08,106,653,177,6.229586870176718e-05,5.215123859191654
08,107,653,177,6.277638749452308e-05,5.215123859191654
08,108,653,177,6.099670645198785e-05,5.215123859191654
08,109,653,177,5.93327458773274e-05,5.215123859191654
08,110,653,177,6.21139261056669e-05,5.215123859191654
08,111,653,177,6.185343227116391e-05,5.215123859191654
08,112,653,177,5.8513182011665776e-05,5.215123859191654
08,113,653,177,6.090840543038212e-05,5.215123859191654
08,114,653,177,6.150224362500012e-05,5.215123859191654
08,115,653,177,6.275688792811707e-05,5.215123859191654
08,116,653,177,6.34230236755684e-05,5.215123859191654
08,117,653,177,6.550734542543069e-05,5.215123859191654
08,118,653,177,6.23019368504174e-05,5.215123859191654
08,119,653,177,6.517161091323942e-05,5.215123859191654
08,120,653,177,6.817116081947461e-05,5.215123859191654
08,121,653,177,6.893810495967045e-05,5.215123859191654
08,122,653,177,7.214167271740735e-05,5.215123859191654
08,123,653,177,7.465279486496001e-05,5.215123859191654
08,124,653,177,7.100550283212215e-05,5.215123859191654
08,125,653,177,7.12373002897948e-05,5.215123859191654
08,126,653,177,7.212327909655869e-05,5.215123859191654
08,127,653,177,7.280946738319471e-05,5.215123859191654
08,128,653,177,7.565834675915539e-05,5.215123859191654
08,129,653,177,7.805706263752654e-05,5.215123859191654
08,130,653,177,7.574941264465451e-05,5.215123859191654
08,131,653,177,7.716152322245762e-05,5.215123859191654
08,132,653,177,7.997876673471183e-05,5.215123859191654
08,133,653,177,8.244573109550402e-05,5.215123859191654
08,134,653,177,8.43643065309152e-05,5.215123859191654
08,135,653,177,8.460106619168073e-05,5.215123859191654
08,136,653,177,8.252815314335749e-05,5.215123859191654
08,137,653,177,8.703860657988116e-05,5.215123859191654
08,138,653,177,8.713721035746858e-05,5.215123859191654
08,139,653,177,8.50896758493036e-05,5.215123859191654
08,140,653,177,8.594750397605821e-05,5.215123859191654
08,141,653,177,8.800257637631148e-05,5.215123859191654
08,142,653,177,8.60378349898383e-05,5.215123859191654
08,143,653,177,8.854398765834048e-05,5.215123859191654
08,144,653,177,8.514523506164551e-05,5.215123859191654
08,145,653,177,8.764844824327156e-05,5.215123859191654
08,146,653,177,8.810633880784735e-05,5.215123859191654
08,147,653,177,8.704044012119994e-05,5.215123859191654
08,148,653,177,8.644439367344603e-05,5.215123859191654
08,149,653,177,8.679558231960982e-05,5.215123859191654
08,150,653,177,8.511892519891262e-05,5.215123859191654
08,151,653,177,8.634394907858223e-05,5.215123859191654
08,152,653,177,8.552328654332086e-05,5.215123859191654
08,153,653,177,8.766886458033696e-05,5.215123859191654
08,154,653,177,8.41967121232301e-05,5.215123859191654
08,155,653,177,8.416268246946856e-05,5.215123859191654
08,156,653,177,8.617305138614029e-05,5.215123859191654
08,157,653,177,8.557755063520744e-05,5.215123859191654
08,158,653,177,8.422871906077489e-05,5.215123859191654
08,159,653,177,8.591016376158223e-05,5.215123859191654
08,160,653,177,8.572527440264821e-05,5.215123859191654
08,161,653,177,8.653067925479263e-05,5.215123859191654
08,162,653,177,8.625012560514733e-05,5.215123859191654
08,163,653,177,8.699058525962755e-05,5.215123859191654
08,164,653,177,8.851418533595279e-05,5.215123859191654
08,165,653,177,8.634027471998706e-05,5.215123859191654
08,166,653,177,9.059299190994352e-05,5.215123859191654
08,167,653,177,9.186050738207996e-05,5.215123859191654
08,168,653,177,8.908300515031442e-05,5.215123859191654
08,169,653,177,9.138091263594106e-05,5.215123859191654
08,170,653,177,8.786239777691662e-05,5.215123859191654
08,171,653,177,9.08980073290877e-05,5.215123859191654
08,172,653,177,8.823787356959656e-05,5.215123859191654
08,173,653,177,8.887972217053175e-05,5.215123859191654
08,174,653,177,9.015386604005471e-05,5.215123859191654
08,175,653,177,8.741131750866771e-05,5.215123859191654
08,176,653,177,8.893105405149981e-05,5.215123859191654
08,177,653,177,8.968972542788833e-05,5.215123859191654
08,178,653,177,8.977158722700551e-05,5.215123859191654
08,179,653,177,8.758001058595255e-05,5.215123859191654
08,180,653,177,8.993328810902312e-05,5.215123859191654
08,181,653,177,8.850241283653304e-05,5.215123859191654
08,182,653,177,8.666975190863013e-05,5.215123859191654
08,183,653,177,9.009407949633896e-05,5.215123859191654
08,184,653,177,9.165281517198309e-05,5.215123859191654
08,185,653,177,8.781291398918256e-05,5.215123859191654
08,186,653,177,8.598944987170398e-05,5.215123859191654
08,187,653,177,8.671997784404084e-05,5.215123859191654
08,188,653,177,8.604188042227179e-05,5.215123859191654
08,189,653,177,8.985363820102066e-05,5.215123859191654
08,190,653,177,8.764660742599517e-05,5.215123859191654
08,191,653,177,8.984204760054126e-05,5.215123859191654
08,192,653,177,8.815287583274767e-05,5.215123859191654
08,193,653,177,8.808536222204566e-05,5.215123859191654
08,194,653,177,8.911538316169754e-05,5.215123859191654
08,195,653,177,9.16829812922515e-05,5.215123859191654
08,196,653,177,9.047378262039274e-05,5.215123859191654
08,197,653,177,9.070097439689562e-05,5.215123859191654
08,198,653,177,9.17322831810452e-05,5.215123859191654
08,199,653,177,9.066252823686227e-05,5.215123859191654
08,200,653,177,9.16807766770944e-05,5.215123859191654
08,201,653,177,8.837069617584348e-05,5.215123859191654
08,202,653,177,8.834862092044204e-05,5.215123859191654
08,203,653,177,9.012921509565786e-05,5.215123859191654
08,204,653,177,9.141568443737924e-05,5.215123859191654
08,205,653,177,8.99592341738753e-05,5.215123859191654
08,206,653,177,8.942186832427979e-05,5.215123859191654
08,207,653,177,9.116494038607925e-05,5.215123859191654
08,208,653,177,9.061984746949747e-05,5.215123859191654
08,209,653,177,8.978667028713971e-05,5.215123859191654
08,210,653,177,9.023297025123611e-05,5.215123859191654
08,211,653,177,9.14246920729056e-05,5.215123859191654
08,212,653,177,8.930560579756275e-05,5.215123859191654
08,213,653,177,9.11553725018166e-05,5.215123859191654
08,214,653,177,8.899985550669953e-05,5.215123859191654
08,215,653,177,8.919264655560255e-05,5.215123859191654
08,216,653,177,9.036799747264013e-05,5.215123859191654
08,217,653,177,9.211566793965176e-05,5.215123859191654
08,218,653,177,9.113127453019843e-05,5.215123859191654
08,219,653,177,9.084612247534096e-05,5.215123859191654
08,220,653,177,8.89222210389562e-05,5.215123859191654
08,221,653,177,8.753751899348572e-05,5.215123859191654
08,222,653,177,8.742971112951636e-05,5.215123859191654
08,223,653,177,8.945516310632229e-05,5.215123859191654
08,224,653,177,9.108215454034507e-05,5.215123859191654
08,225,653,177,9.066215716302395e-05,5.215123859191654
08,226,653,177,8.969450573204085e-05,5.215123859191654
08,227,653,177,8.897980296751484e-05,5.215123859191654
08,228,653,177,8.724464714759961e-05,5.215123859191654
08,229,653,177,8.811866428004578e-05,5.215123859191654
08,230,653,177,8.741922647459432e-05,5.215123859191654
08,231,653,177,9.019967546919361e-05,5.215123859191654
08,232,653,177,8.832010644255206e-05,5.215123859191654
08,233,653,177,8.761441131355241e-05,5.215123859191654
08,234,653,177,8.816446643322706e-05,5.215123859191654
08,235,653,177,8.842827082844451e-05,5.215123859191654
08,236,653,177,8.878718654159456e-05,5.215123859191654
08,237,653,177,8.698617602931336e-05,5.215123859191654
08,238,653,177,8.813392923912033e-05,5.215123859191654
08,239,653,177,8.917903323890641e-05,5.215123859191654
08,240,653,177,8.810449799057096e-05,5.215123859191654
08,241,653,177,8.860469824867323e-05,5.215123859191654
08,242,653,177,8.591770165367052e-05,5.215123859191654
08,243,653,177,7.922432268969715e-05,5.215123859191654
08,244,653,177,7.379294402198866e-05,5.215123859191654
08,245,653,177,7.361744064837694e-05,5.215123859191654
08,246,653,177,7.398353045573458e-05,5.215123859191654
08,247,653,177,7.649962208233774e-05,5.215123859191654
08,248,653,177,7.84724616096355e-05,5.215123859191654
08,249,653,177,7.883965008659288e-05,5.215123859191654
08,250,653,177,7.1725356974639e-05,5.215123859191654
08,251,653,177,7.412389823002741e-05,5.215123859191654
08,252,653,177,7.532058953074738e-05,5.215123859191654
08,253,653,177,7.380986789939925e-05,5.215123859191654
08,254,653,177,8.037741645239294e-05,5.215123859191654
08,255,653,177,8.853239705786109e-05,5.215123859191654
08,256,653,177,8.95876219146885e-05,5.215123859191654
08,257,653,177,9.092577965930104e-05,5.215123859191654
08,258,653,177,8.142160368151963e-05,5.215123859191654
08,259,653,177,7.963235839270055e-05,5.215123859191654
08,260,653,177,8.086584421107545e-05,5.215123859191654
08,261,653,177,9.782207780517638e-05,5.215123859191654
08,262,653,177,0.00010180970275541767,5.215123859191654
08,263,653,177,0.00010132163879461586,5.215123859191654
08,264,653,177,9.540845348965377e-05,5.215123859191654
08,265,653,177,9.397684334544465e-05,5.215123859191654
08,266,653,177,9.100709576159716e-05,5.215123859191654
08,267,653,177,9.680548828328028e-05,5.215123859191654
08,268,653,177,9.172934369416907e-05,5.215123859191654
08,269,653,177,9.294258779846132e-05,5.215123859191654
08,270,653,177,8.880926907295361e-05,5.215123859191654
08,271,653,177,8.971382339950651e-05,5.215123859191654
08,272,653,177,9.263003448722884e-05,5.215123859191654
08,273,653,177,9.026001498568803e-05,5.215123859191654
08,274,653,177,9.310429595643654e-05,5.215123859191654
08,275,653,177,0.00010046840907307342,5.215123859191654
08,276,653,177,8.846028504194692e-05,5.215123859191654
08,277,653,177,9.249537106370553e-05,5.215123859191654
08,278,653,177,9.13091644179076e-05,5.215123859191654
08,279,653,177,8.641532622277737e-05,5.215123859191654
08,280,653,177,7.617418305017054e-05,5.215123859191654
08,281,653,177,8.989576599560678e-05,5.215123859191654
08,282,653,177,8.413673640461639e-05,5.215123859191654
08,283,653,177,8.626779163023457e-05,5.215123859191654
08,284,653,177,8.644163608551025e-05,5.215123859191654
08,285,653,177,8.447725849691778e-05,5.215123859191654
08,286,653,177,8.193633402697742e-05,5.215123859191654
08,287,653,177,7.735781400697306e-05,5.215123859191654
08,288,653,177,7.660668779863045e-05,5.215123859191654
08,289,653,177,7.253314834088087e-05,5.215123859191654
08,290,653,177,7.361799362115562e-05,5.215123859191654
08,291,653,177,7.499147613998502e-05,5.215123859191654
08,292,653,177,7.36367583158426e-05,5.215123859191654
08,293,653,177,7.077168265823275e-05,5.215123859191654
08,294,653,177,7.375430868705735e-05,5.215123859191654
08,295,653,177,8.191057713702321e-05,5.215123859191654
08,296,653,177,8.724648068891838e-05,5.215123859191654
08,297,653,177,9.258091449737549e-05,5.215123859191654
08,298,653,177,8.666460053063929e-05,5.215123859191654
08,299,653,177,8.217162394430488e-05,5.215123859191654
08,300,653,177,7.709952478762716e-05,5.215123859191654
08,301,653,177,7.487263064831495e-05,5.215123859191654
08,302,653,177,7.654506043763831e-05,5.215123859191654
08,303,653,177,8.01393689471297e-05,5.215123859191654
08,304,653,177,8.088957110885531e-05,5.215123859191654
08,305,653,177,8.495225483784452e-05,5.215123859191654
08,306,653,177,9.106099605560303e-05,5.215123859191654
08,307,653,177,9.15580676519312e-05,5.215123859191654
08,308,653,177,9.550632239552215e-05,5.215123859191654
08,309,653,177,0.00010445622319821268,5.215123859191654
08,310,653,177,0.00010064133675768971,5.215123859191654
08,311,653,177,9.782612323760986e-05,5.215123859191654
08,312,653,177,0.00010932540317298844,5.215123859191654
08,313,653,177,0.00011616283154580742,5.215123859191654
08,314,653,177,0.00011653554247459397,5.215123859191654
08,315,653,177,9.2527930974029e-05,5.215123859191654
08,316,653,177,9.088402293855324e-05,5.215123859191654
08,317,653,177,8.568719931645319e-05,5.215123859191654
08,318,653,177,8.437001088168472e-05,5.215123859191654
08,319,653,177,8.433817856712267e-05,5.215123859191654
08,320,653,177,8.493643690599129e-05,5.215123859191654
08,321,653,177,9.50127505348064e-05,5.215123859191654
08,322,653,177,0.00010142300743609667,5.215123859191654
08,323,653,177,9.713588951854035e-05,5.215123859191654
08,324,653,177,9.607900574337691e-05,5.215123859191654
08,325,653,177,9.99018011498265e-05,5.215123859191654
08,326,653,177,9.75183502305299e-05,5.215123859191654
08,327,653,177,0.00010100338113261387,5.215123859191654
08,328,653,177,0.00010241016570944339,5.215123859191654
08,329,653,177,9.662483353167772e-05,5.215123859191654
08,330,653,177,9.8158918262925e-05,5.215123859191654
08,331,653,177,0.00010000684414990246,5.215123859191654
08,332,653,177,0.00010193295747740194,5.215123859191654
08,333,653,177,9.895217226585373e-05,5.215123859191654
08,334,653,177,9.375884110340849e-05,5.215123859191654
08,335,653,177,9.590589615982026e-05,5.215123859191654
08,336,653,177,9.449690696783364e-05,5.215123859191654
08,337,653,177,9.704169497126713e-05,5.215123859191654
08,338,653,177,9.59621902438812e-05,5.215123859191654
08,339,653,177,0.00010257241956423968,5.215123859191654
08,340,653,177,0.00010796848073368892,5.215123859191654
08,341,653,177,0.0001048112753778696,5.215123859191654
08,342,653,177,0.00010153025505132973,5.215123859191654
08,343,653,177,0.00010044946247944608,5.215123859191654
08,344,653,177,0.00010030320845544338,5.215123859191654
08,345,653,177,0.00010105894034495577,5.215123859191654
08,346,653,177,0.00010021306661656126,5.215123859191654
08,347,653,177,9.747107105795294e-05,5.215123859191654
08,348,653,177,0.00010085381654789671,5.215123859191654
08,349,653,177,0.00010036999447038397,5.215123859191654
08,350,653,177,9.785868314793333e-05,5.215123859191654
08,351,653,177,0.00010232259228359908,5.215123859191654
08,352,653,177,0.0001059465212165378,5.215123859191654
08,353,653,177,0.00010865871445275843,5.215123859191654
08,354,653,177,0.00010851393744815141,5.215123859191654
08,355,653,177,0.00010291312355548143,5.215123859191654
08,356,653,177,0.00010589924204396084,5.215123859191654
08,357,653,177,0.00011379409988876432,5.215123859191654
08,358,653,177,0.00010651129559846595,5.215123859191654
08,359,653,177,0.0001171875192085281,5.215123859191654
08,360,653,177,0.00011999132402706891,5.215123859191654
08,361,653,177,0.00011897951480932534,5.215123859191654
08,362,653,177,0.00012499996228143573,5.215123859191654
08,363,653,177,0.00011859669029945508,5.215123859191654
08,364,653,177,0.00010161782847717404,5.215123859191654
08,365,653,177,0.00010844899952644482,5.215123859191654
08,366,653,177,0.00012613373110070825,5.215123859191654
08,367,653,177,0.0001235714735230431,5.215123859191654
08,368,653,177,0.00013266871974337846,5.215123859191654
08,369,653,177,0.00014735721924807876,5.215123859191654
08,370,653,177,0.0001454230077797547,5.215123859191654
08,371,653,177,0.00015192027785815299,5.215123859191654
08,372,653,177,0.00017001618107315153,5.215123859191654
08,373,653,177,0.00017432740423828363,5.215123859191654
08,374,653,177,0.00017416311311535537,5.215123859191654
08,375,653,177,0.0001793503761291504,5.215123859191654
08,376,653,177,0.00017696067516226321,5.215123859191654
08,377,653,177,0.00017865664267446846,5.215123859191654
08,378,653,177,0.0001716845581540838,5.215123859191654
08,379,653,177,0.00016907943063415587,5.215123859191654
08,380,653,177,0.00016943908121902496,5.215123859191654
08,381,653,177,0.00016826667706482112,5.215123859191654
08,382,653,177,0.0001727077760733664,5.215123859191654
08,383,653,177,0.00016407521616201848,5.215123859191654
08,384,653,177,0.00016316735127475113,5.215123859191654
08,385,653,177,0.00016337173292413354,5.215123859191654
08,386,653,177,0.000163287841132842,5.215123859191654
08,387,653,177,0.00015996562433429062,5.215123859191654
08,388,653,177,0.00015700985386501998,5.215123859191654
08,389,653,177,0.00016507138207089156,5.215123859191654
08,390,653,177,0.00016563468670938164,5.215123859191654
08,391,653,177,0.00016879060422070324,5.215123859191654
08,392,653,177,0.0001707244518911466,5.215123859191654
08,393,653,177,0.00016572630556765944,5.215123859191654
08,394,653,177,0.00016649103781674057,5.215123859191654
08,395,653,177,0.0001768203073879704,5.215123859191654
08,396,653,177,0.0001765061024343595,5.215123859191654
08,397,653,177,0.0001771461102180183,5.215123859191654
08,398,653,177,0.00019010128744412214,5.215123859191654
08,399,653,177,0.000184004326001741,5.215123859191654
08,400,653,177,0.00018896292021963745,5.215123859191654
08,401,653,177,0.0001786218781489879,5.215123859191654
08,402,653,177,0.00017655926058068871,5.215123859191654
08,403,653,177,0.00017925618158187717,5.215123859191654
08,404,653,177,0.0001683174486970529,5.215123859191654
08,405,653,177,0.00017147815378848463,5.215123859191654
08,406,653,177,0.00016987508570309728,5.215123859191654
08,407,653,177,0.0001677600375842303,5.215123859191654
08,408,653,177,0.00015908351633697748,5.215123859191654
08,409,653,177,0.00016797802527435124,5.215123859191654
08,410,653,177,0.00016406123177148402,5.215123859191654
08,411,653,177,0.00015850659110583365,5.215123859191654
08,412,653,177,0.00015588896349072456,5.215123859191654
08,413,653,177,0.0001572120381752029,5.215123859191654
08,414,653,177,0.00015400222036987543,5.215123859191654
08,415,653,177,0.0001485531684011221,5.215123859191654
08,416,653,177,0.00013548227434512228,5.215123859191654
08,417,653,177,0.00011896278010681272,5.215123859191654
08,418,653,177,0.00012880729627795517,5.215123859191654
08,419,653,177,0.00013383929035626352,5.215123859191654
08,420,653,177,0.0001237532269442454,5.215123859191654
08,421,653,177,0.0001154575074906461,5.215123859191654
08,422,653,177,0.00010997038771165535,5.215123859191654
08,423,653,177,0.00011004709813278168,5.215123859191654
08,424,653,177,0.0001039760754792951,5.215123859191654
08,425,653,177,0.00010796608694363385,5.215123859191654
08,426,653,177,0.00010627692245179787,5.215123859191654
08,427,653,177,0.00010801594180520624,5.215123859191654
08,428,653,177,0.00010538451169850305,5.215123859191654
08,429,653,177,0.00010165738058276474,5.215123859191654
08,430,653,177,0.00010834211570909247,5.215123859191654
08,431,653,177,0.00010842011397471651,5.215123859191654
08,432,653,177,0.000118844116514083,5.215123859191654
08,433,653,177,0.00012622534995898604,5.215123859191654
08,434,653,177,0.0001148476658272557,5.215123859191654
08,435,653,177,0.00011143254232592881,5.215123859191654
08,436,653,177,0.00013080846110824496,5.215123859191654
08,437,653,177,0.00012220037751831114,5.215123859191654
08,438,653,177,0.00011724454816430807,5.215123859191654
08,439,653,177,0.00011869731679325923,5.215123859191654
08,440,653,177,0.00011778392945416272,5.215123859191654
08,441,653,177,0.00010834303247975186,5.215123859191654
08,442,653,177,0.00010527780978009105,5.215123859191654
08,443,653,177,0.00010624932474456728,5.215123859191654
08,444,653,177,0.00010835388820851222,5.215123859191654
08,445,653,177,0.00011046323197660968,5.215123859191654
08,446,653,177,0.00010635363287292421,5.215123859191654
08,447,653,177,0.00010666232992662117,5.215123859191654
08,448,653,177,0.00010921300417976454,5.215123859191654
08,449,653,177,0.00010710384231060743,5.215123859191654
08,450,653,177,0.00010871187987504527,5.215123859191654
08,451,653,177,0.00011615344556048512,5.215123859191654
08,452,653,177,0.00011023989645764232,5.215123859191654
08,453,653,177,0.00012076673738192767,5.215123859191654
08,454,653,177,0.00011701275070663542,5.215123859191654
08,455,653,177,0.0001167563023045659,5.215123859191654
08,456,653,177,0.00011366054241079837,5.215123859191654
08,457,653,177,0.00011784555681515485,5.215123859191654
08,458,653,177,0.00012183281796751544,5.215123859191654
08,459,653,177,0.0001327005447819829,5.215123859191654
08,460,653,177,0.00012997510202694684,5.215123859191654
08,461,653,177,0.0001339428563369438,5.215123859191654
08,462,653,177,0.00012928026262670755,5.215123859191654
08,463,653,177,0.000131274078739807,5.215123859191654
08,464,653,177,0.00013096722250338644,5.215123859191654
08,465,653,177,0.00012769558816216886,5.215123859191654
08,466,653,177,0.0001240194251295179,5.215123859191654
08,467,653,177,0.00012467618216760457,5.215123859191654
08,468,653,177,0.000130520187667571,5.215123859191654
08,469,653,177,0.00012827839236706495,5.215123859191654
08,470,653,177,0.00012749563029501587,5.215123859191654
08,471,653,177,0.00012655188038479537,5.215123859191654
08,472,653,177,0.00012952787801623344,5.215123859191654
08,473,653,177,0.00012656972103286535,5.215123859191654
08,474,653,177,0.00013181971735320985,5.215123859191654
08,475,653,177,0.00013074040180072188,5.215123859191654
08,476,653,177,0.00012895758845843375,5.215123859191654
08,477,653,177,0.0001276843686355278,5.215123859191654
08,478,653,177,0.00012785932631231844,5.215123859191654
08,479,653,177,0.00012793272617273033,5.215123859191654
08,480,653,177,0.0001270384673262015,5.215123859191654
08,481,653,177,0.00013311869406607002,5.215123859191654
08,482,653,177,0.000131883192807436,5.215123859191654
08,483,653,177,0.00013538864732254297,5.215123859191654
08,484,653,177,0.00013482902431860566,5.215123859191654
08,485,653,177,0.00013093797315377742,5.215123859191654
08,486,653,177,0.00013191923790145665,5.215123859191654
08,487,653,177,0.00013297962141223252,5.215123859191654
08,488,653,177,0.00013149925507605076,5.215123859191654
08,489,653,177,0.00013196560030337423,5.215123859191654
08,490,653,177,0.00013107853010296822,5.215123859191654
08,491,653,177,0.00012886726472061127,5.215123859191654
08,492,653,177,0.00013010940165258944,5.215123859191654
08,493,653,177,0.00013307381595950574,5.215123859191654
08,494,653,177,0.00013022971688769758,5.215123859191654
08,495,653,177,0.0001288556813960895,5.215123859191654
08,496,653,177,0.00012620657798834145,5.215123859191654
08,497,653,177,0.00012191375572001562,5.215123859191654
08,498,653,177,0.00011908971646334976,5.215123859191654
08,499,653,177,0.00012358231469988823,5.215123859191654
08,500,653,177,0.00012797540694009513,5.215123859191654
08,501,653,177,0.00012572569539770484,5.215123859191654
08,502,653,177,0.00012444953608792275,5.215123859191654
08,503,653,177,0.00012818806862924248,5.215123859191654
08,504,653,177,0.00012717607023660094,5.215123859191654
08,505,653,177,0.00012957811122760177,5.215123859191654
08,506,653,177,0.00012323389819357544,5.215123859191654
08,507,653,177,0.00012314743071328849,5.215123859191654
08,508,653,177,0.00012435423559509218,5.215123859191654
08,509,653,177,0.00012483586033340544,5.215123859191654
08,510,653,177,0.0001241430436493829,5.215123859191654
08,511,653,177,0.00012197391333756968,5.215123859191654
08,512,653,177,0.00012430163042154163,5.215123859191654
08,513,653,177,0.00012164075451437384,5.215123859191654
08,514,653,177,0.0001234669762197882,5.215123859191654
08,515,653,177,0.00012249452993273735,5.215123859191654
08,516,653,177,0.0001265927276108414,5.215123859191654
08,517,653,177,0.00012509763473644853,5.215123859191654
08,518,653,177,0.00012797871022485197,5.215123859191654
08,519,653,177,0.0001280821015825495,5.215123859191654
08,520,653,177,0.00012865000462625176,5.215123859191654
08,521,653,177,0.00012890792277175933,5.215123859191654
08,522,653,177,0.0001309799263253808,5.215123859191654
08,523,653,177,0.00013206273433752358,5.215123859191654
08,524,653,177,0.00013514819147530943,5.215123859191654
08,525,653,177,0.00013360619777813554,5.215123859191654
08,526,653,177,0.00013296747056301683,5.215123859191654
08,527,653,177,0.00013168211444281042,5.215123859191654
08,528,653,177,0.00013362662866711617,5.215123859191654
08,529,653,177,0.0001335740089416504,5.215123859191654
08,530,653,177,0.00013125219265930355,5.215123859191654
08,531,653,177,0.00012927732313983142,5.215123859191654
08,532,653,177,0.00012878281995654106,5.215123859191654
08,533,653,177,0.0001275193499168381,5.215123859191654
08,534,653,177,0.00012820867414120585,5.215123859191654
08,535,653,177,0.0001249951747013256,5.215123859191654
08,536,653,177,0.00012741026876028627,5.215123859191654
08,537,653,177,0.00012712898023892194,5.215123859191654
08,538,653,177,0.00012673731544055045,5.215123859191654
08,539,653,177,0.0001246035099029541,5.215123859191654
08,540,653,177,0.0001227410539286211,5.215123859191654
08,541,653,177,0.00012312167382333428,5.215123859191654
08,542,653,177,0.0001227118045790121,5.215123859191654
08,543,653,177,0.00012253721070010215,5.215123859191654
08,544,653,177,0.00012193675502203405,5.215123859191654
08,545,653,177,0.00012317502114456147,5.215123859191654
08,546,653,177,0.00012130152026657015,5.215123859191654
08,547,653,177,0.00012110817624488845,5.215123859191654
08,548,653,177,0.00012043284368701279,5.215123859191654
08,549,653,177,0.00012317906657699496,5.215123859191654
08,550,653,177,0.00012092623364878818,5.215123859191654
08,551,653,177,0.00012036201223963872,5.215123859191654
08,552,653,177,0.00012177100143162534,5.215123859191654
08,553,653,177,0.00012216376489959657,5.215123859191654
08,554,653,177,0.00012323260307312012,5.215123859191654
08,555,653,177,0.00012065930059179664,5.215123859191654
08,556,653,177,0.00012340130342636257,5.215123859191654
08,557,653,177,0.0001220988342538476,5.215123859191654
08,558,653,177,0.0001214155854540877,5.215123859191654
08,559,653,177,0.00012207491090521216,5.215123859191654
08,560,653,177,0.00012126988440286368,5.215123859191654
08,561,653,177,0.0001181435800390318,5.215123859191654
08,562,653,177,0.0001172506163129583,5.215123859191654
08,563,653,177,0.00011718383757397532,5.215123859191654
08,564,653,177,0.0001160842803074047,5.215123859191654
08,565,653,177,0.00011742225615307689,5.215123859191654
08,566,653,177,0.0001182289415737614,5.215123859191654
08,567,653,177,0.00012178921315353364,5.215123859191654
08,568,653,177,0.00012972785043530166,5.215123859191654
08,569,653,177,0.000128240862977691,5.215123859191654
08,570,653,177,0.0001333091058768332,5.215123859191654
08,571,653,177,0.0001334610569756478,5.215123859191654
08,572,653,177,0.00013440276961773634,5.215123859191654
08,573,653,177,0.00013012558338232338,5.215123859191654
08,574,653,177,0.00012428819900378585,5.215123859191654
08,575,653,177,0.00011508075112942606,5.215123859191654
08,576,653,177,0.00011466498835943639,5.215123859191654
08,577,653,177,0.0001239977136719972,5.215123859191654
08,578,653,177,0.00013096760085318238,5.215123859191654
08,579,653,177,0.00014778530749026686,5.215123859191654
08,580,653,177,0.0001376282307319343,5.215123859191654
08,581,653,177,0.0001482860534451902,5.215123859191654
08,582,653,177,0.0001257201802218333,5.215123859191654
08,583,653,177,0.00014706249930895865,5.215123859191654
08,584,653,177,0.00018462262232787907,5.215123859191654
08,585,653,177,0.00017839725478552282,5.215123859191654
08,586,653,177,0.00017045291315298527,5.215123859191654
08,587,653,177,0.0001533840986667201,5.215123859191654
08,588,653,177,0.0001568827428855002,5.215123859191654
08,589,653,177,0.0001570048916619271,5.215123859191654
08,590,653,177,0.00015190427075140178,5.215123859191654
08,591,653,177,0.00015995091234799474,5.215123859191654
08,592,653,177,0.00016187959408853203,5.215123859191654
08,593,653,177,0.0001591046602698043,5.215123859191654
08,594,653,177,0.00014464576088357717,5.215123859191654
08,595,653,177,0.00014364517119247466,5.215123859191654
08,596,653,177,0.0001280547003261745,5.215123859191654
08,597,653,177,0.00011885460844496265,5.215123859191654
08,598,653,177,0.00011708063539117575,5.215123859191654
08,599,653,177,0.00013343861792236567,5.215123859191654
08,600,653,177,0.0001407699892297387,5.215123859191654
08,601,653,177,0.00013824303459841758,5.215123859191654
08,602,653,177,0.0001395845174556598,5.215123859191654
08,603,653,177,0.00013231679622549564,5.215123859191654
08,604,653,177,0.00012406540918163955,5.215123859191654
08,605,653,177,0.00012783687270712107,5.215123859191654
08,606,653,177,0.00012154858995927498,5.215123859191654
08,607,653,177,0.000121211567602586,5.215123859191654
08,608,653,177,0.000123027857625857,5.215123859191654
08,609,653,177,0.00012120917381253093,5.215123859191654
08,610,653,177,0.0001176693185698241,5.215123859191654
08,611,653,177,0.00011566833563847467,5.215123859191654
08,612,653,177,0.00011328451364533976,5.215123859191654
08,613,653,177,0.0001128411604440771,5.215123859191654
08,614,653,177,0.00010756393749034032,5.215123859191654
08,615,653,177,0.00010759668657556176,5.215123859191654
08,616,653,177,0.00010851761180674657,5.215123859191654
08,617,653,177,0.00010949686111416668,5.215123859191654
08,618,653,177,0.00012132562551414594,5.215123859191654
08,619,653,177,0.00013682429562322795,5.215123859191654
08,620,653,177,0.00012075367703801021,5.215123859191654
08,621,653,177,0.00012263839016668499,5.215123859191654
08,622,653,177,0.00012078145664418116,5.215123859191654
08,623,653,177,0.00012030571815557778,5.215123859191654
08,624,653,177,0.0001159201783593744,5.215123859191654
08,625,653,177,0.00011988002370344475,5.215123859191654
08,626,653,177,0.00012280010560061783,5.215123859191654
08,627,653,177,0.00012690527364611626,5.215123859191654
08,628,653,177,0.0001250614004675299,5.215123859191654
08,629,653,177,0.0001227997272508219,5.215123859191654
08,630,653,177,0.00012109143426641822,5.215123859191654
08,631,653,177,0.00012443389277905226,5.215123859191654
08,632,653,177,0.00011838990758405998,5.215123859191654
08,633,653,177,0.0001148520823335275,5.215123859191654
08,634,653,177,0.00010991703311447054,5.215123859191654
08,635,653,177,0.00011091522901551798,5.215123859191654
08,636,653,177,0.0001112009267671965,5.215123859191654
08,637,653,177,0.00011023971455870196,5.215123859191654
08,638,653,177,0.00011340648052282631,5.215123859191654
08,639,653,177,0.00011447715951362625,5.215123859191654
08,640,653,177,0.00011653885303530842,5.215123859191654
08,641,653,177,0.00011717666347976774,5.215123859191654
08,642,653,177,0.00011714870197465643,5.215123859191654
08,643,653,177,0.00011749712575692683,5.215123859191654
08,644,653,177,0.00012087435607099906,5.215123859191654
08,645,653,177,0.00012070161756128073,5.215123859191654
08,646,653,177,0.0001210345872095786,5.215123859191654
08,647,653,177,0.00012159347534179688,5.215123859191654
08,648,653,177,0.00012391566997393966,5.215123859191654
08,649,653,177,0.00012082229659426957,5.215123859191654
08,650,653,177,0.0001208612957270816,5.215123859191654
08,651,653,177,0.00012287571735214442,5.215123859191654
08,652,653,177,0.00012206534302094951,5.215123859191654
09,35,334,177,9.330298053100705e-05,5.215123859191654
09,36,334,177,9.127568046096712e-05,5.215123859191654
09,37,334,177,8.054979116423056e-05,5.215123859191654
09,38,334,177,8.245364733738825e-05,5.215123859191654
09,39,334,177,8.970241469796747e-05,5.215123859191654
09,40,334,177,8.156711555784568e-05,5.215123859191654
09,41,334,177,7.636605732841417e-05,5.215123859191654
09,42,334,177,7.109399302862585e-05,5.215123859191654
09,43,334,177,6.91814930178225e-05,5.215123859191654
09,44,334,177,6.335201032925397e-05,5.215123859191654
09,45,334,177,5.907335435040295e-05,5.215123859191654
09,46,334,177,5.8226563851349056e-05,5.215123859191654
09,47,334,177,5.704881914425641e-05,5.215123859191654
09,48,334,177,5.472515840665437e-05,5.215123859191654
09,49,334,177,5.458957821247168e-05,5.215123859191654
09,50,334,177,5.546101965592243e-05,5.215123859191654
09,51,334,177,5.506365414476022e-05,5.215123859191654
09,52,334,177,5.5946133215911686e-05,5.215123859191654
09,53,334,177,5.500423503690399e-05,5.215123859191654
09,54,334,177,5.7978948461823165e-05,5.215123859191654
09,55,334,177,5.8642141084419563e-05,5.215123859191654
09,56,334,177,5.9861828049179167e-05,5.215123859191654
09,57,334,177,6.121286423876882e-05,5.215123859191654
09,58,334,177,6.0782942455261946e-05,5.215123859191654
09,59,334,177,5.989843702991493e-05,5.215123859191654
09,60,334,177,5.797802805318497e-05,5.215123859191654
09,61,334,177,5.661797331413254e-05,5.215123859191654
09,62,334,177,5.9581467212410644e-05,5.215123859191654
09,63,334,177,6.340996333165094e-05,5.215123859191654
09,64,334,177,0.00010654422658262774,5.215123859191654
09,65,334,177,6.83001198922284e-05,5.215123859191654
09,66,334,177,6.89570588292554e-05,5.215123859191654
09,67,334,177,7.203975837910548e-05,5.215123859191654
09,68,334,177,6.982573540881276e-05,5.215123859191654
09,69,334,177,6.965078500797972e-05,5.215123859191654
09,70,334,177,6.958180165383965e-05,5.215123859191654
09,71,334,177,6.919344741618261e-05,5.215123859191654
09,72,334,177,7.1503127401229e-05,5.215123859191654
09,73,334,177,8.345385867869481e-05,5.215123859191654
09,74,334,177,8.181363227777183e-05,5.215123859191654
09,75,334,177,7.955785258673131e-05,5.215123859191654
09,76,334,177,8.56297992868349e-05,5.215123859191654
09,77,334,177,8.942407293943688e-05,5.215123859191654
09,78,334,177,8.393566531594843e-05,5.215123859191654
09,79,334,177,7.424163050018251e-05,5.215123859191654
09,80,334,177,7.439616456395015e-05,5.215123859191654
09,81,334,177,6.816729728598148e-05,5.215123859191654
09,82,334,177,6.42550949123688e-05,5.215123859191654
09,83,334,177,6.398227560566738e-05,5.215123859191654
09,84,334,177,6.655484321527183e-05,5.215123859191654
09,85,334,177,6.390685302903876e-05,5.215123859191654
09,86,334,177,6.518136069644243e-05,5.215123859191654
09,87,334,177,6.499500159407035e-05,5.215123859191654
09,88,334,177,6.716063944622874e-05,5.215123859191654
09,89,334,177,6.683042010990903e-05,5.215123859191654
09,90,334,177,6.525825301650912e-05,5.215123859191654
09,91,334,177,6.39751015114598e-05,5.215123859191654
09,92,334,177,6.290093006100506e-05,5.215123859191654
09,93,334,177,6.474591646110639e-05,5.215123859191654
09,94,334,177,6.383675645338371e-05,5.215123859191654
09,95,334,177,6.350727926474065e-05,5.215123859191654
09,96,334,177,6.491589738288894e-05,5.215123859191654
09,97,334,177,6.465135811595246e-05,5.215123859191654
09,98,334,177,6.331356416922063e-05,5.215123859191654
09,99,334,177,6.587840471183881e-05,5.215123859191654
09,100,334,177,6.286855204962194e-05,5.215123859191654
09,101,334,177,6.488425424322486e-05,5.215123859191654
09,102,334,177,6.471261440310627e-05,5.215123859191654
09,103,334,177,6.401116115739569e-05,5.215123859191654
09,104,334,177,6.539622700074688e-05,5.215123859191654
09,105,334,177,6.429740460589528e-05,5.215123859191654
09,106,334,177,6.29883143119514e-05,5.215123859191654
09,107,334,177,6.462302553700283e-05,5.215123859191654
09,108,334,177,6.44396131974645e-05,5.215123859191654
09,109,334,177,6.252876482903957e-05,5.215123859191654
09,110,334,177,6.155154551379383e-05,5.215123859191654
09,111,334,177,6.088117879698984e-05,5.215123859191654
09,112,334,177,6.223497621249408e-05,5.215123859191654
09,113,334,177,6.223405944183469e-05,5.215123859191654
09,114,334,177,6.284224218688905e-05,5.215123859191654
09,115,334,177,6.062068496248685e-05,5.215123859191654
09,116,334,177,6.028292409610003e-05,5.215123859191654
09,117,334,177,6.28518100711517e-05,5.215123859191654
09,118,334,177,6.207198021002114e-05,5.215123859191654
09,119,334,177,6.193879380589351e-05,5.215123859191654
09,120,334,177,6.244230462471023e-05,5.215123859191654
09,121,334,177,6.378212128765881e-05,5.215123859191654
09,122,334,177,6.246769044082612e-05,5.215123859191654
09,123,334,177,6.302013935055584e-05,5.215123859191654
09,124,334,177,6.288933946052566e-05,5.215123859191654
09,125,334,177,6.600791675737128e-05,5.215123859191654
09,126,334,177,6.7216380557511e-05,5.215123859191654
09,127,334,177,6.816545646870509e-05,5.215123859191654
09,128,334,177,6.925195339135826e-05,5.215123859191654
09,129,334,177,6.773920904379338e-05,5.215123859191654
09,130,334,177,6.770554318791255e-05,5.215123859191654
09,131,334,177,7.099538925103843e-05,5.215123859191654
09,132,334,177,7.114071922842413e-05,5.215123859191654
09,133,334,177,6.978710734983906e-05,5.215123859191654
09,134,334,177,7.75607259129174e-05,5.215123859191654
09,135,334,177,8.484887075610459e-05,5.215123859191654
09,136,334,177,8.750992128625512e-05,5.215123859191654
09,137,334,177,9.33329647523351e-05,5.215123859191654
09,138,334,177,9.80007098405622e-05,5.215123859191654
09,139,334,177,0.0001072035520337522,5.215123859191654
09,140,334,177,0.00011617736163316295,5.215123859191654
09,141,334,177,0.00012040469300700352,5.215123859191654
09,142,334,177,0.00013037909229751676,5.215123859191654
09,143,334,177,0.00012686554691754282,5.215123859191654
09,144,334,177,0.00012500767479650676,5.215123859191654
09,145,334,177,0.0001323973701801151,5.215123859191654
09,146,334,177,0.00013029501133132726,5.215123859191654
09,147,334,177,0.00013447341916617006,5.215123859191654
09,148,334,177,0.00013350097287911922,5.215123859191654
09,149,334,177,0.0001337655121460557,5.215123859191654
09,150,334,177,0.00013612744805868715,5.215123859191654
09,151,334,177,0.00013661218690685928,5.215123859191654
09,152,334,177,0.00013129468425177038,5.215123859191654
09,153,334,177,0.00014007717254571617,5.215123859191654
09,154,334,177,0.00014569803897757083,5.215123859191654
09,155,334,177,0.00015187208191491663,5.215123859191654
09,156,334,177,0.00014967407332733274,5.215123859191654
09,157,334,177,0.0001496266049798578,5.215123859191654
09,158,334,177,0.00014572379586752504,5.215123859191654
09,159,334,177,0.00014358299085870385,5.215123859191654
09,160,334,177,0.0001467494003009051,5.215123859191654
09,161,334,177,0.000146127596963197,5.215123859191654
09,162,334,177,0.00014500669203698635,5.215123859191654
09,163,334,177,0.00014268193626776338,5.215123859191654
09,164,334,177,0.0001444321678718552,5.215123859191654
09,165,334,177,0.00014224684855435044,5.215123859191654
09,166,334,177,0.00013552035670727491,5.215123859191654
09,167,334,177,0.00012995339056942612,5.215123859191654
09,168,334,177,0.00013326219050213695,5.215123859191654
09,169,334,177,0.00013454534928314388,5.215123859191654
09,170,334,177,0.00013710392522625625,5.215123859191654
09,171,334,177,0.00013743875024374574,5.215123859191654
09,172,334,177,0.0001371931575704366,5.215123859191654
09,173,334,177,0.00014305408694781363,5.215123859191654
09,174,334,177,0.0001404818904120475,5.215123859191654
09,175,334,177,0.00014548114268109202,5.215123859191654
09,176,334,177,0.0001546197891002521,5.215123859191654
09,177,334,177,0.00015564907516818494,5.215123859191654
09,178,334,177,0.00013671227497979999,5.215123859191654
09,179,334,177,0.00012613998842425644,5.215123859191654
09,180,334,177,0.00012268309365026653,5.215123859191654
09,181,334,177,0.00012225501995999366,5.215123859191654
09,182,334,177,0.00011853708565467969,5.215123859191654
09,183,334,177,0.00012028879427816719,5.215123859191654
09,184,334,177,0.00012309334124438465,5.215123859191654
09,185,334,177,0.0001283159217564389,5.215123859191654
09,186,334,177,0.00015366464504040778,5.215123859191654
09,187,334,177,0.00014935084618628025,5.215123859191654
09,188,334,177,0.00014216535782907158,5.215123859191654
09,189,334,177,0.0001488793350290507,5.215123859191654
09,190,334,177,0.00013511287397705019,5.215123859191654
09,191,334,177,0.000140642499900423,5.215123859191654
09,192,334,177,0.0001240300916833803,5.215123859191654
09,193,334,177,0.00011231815005885437,5.215123859191654
09,194,334,177,0.00012081677414244041,5.215123859191654
09,195,334,177,0.000132644985569641,5.215123859191654
09,196,334,177,0.00012626250099856406,5.215123859191654
09,197,334,177,0.00012265605619177222,5.215123859191654
09,198,334,177,0.0001248134212801233,5.215123859191654
09,199,334,177,0.00012332735059317201,5.215123859191654
09,200,334,177,0.00012334610801190138,5.215123859191654
09,201,334,177,0.00011667793296510354,5.215123859191654
09,202,334,177,0.00012120126484660432,5.215123859191654
09,203,334,177,0.00011483902198961005,5.215123859191654
09,204,334,177,0.00011564184387680143,5.215123859191654
09,205,334,177,0.0001236540701938793,5.215123859191654
09,206,334,177,0.0001207395107485354,5.215123859191654
09,207,334,177,0.00011345486564096063,5.215123859191654
09,208,334,177,0.00012480899749789387,5.215123859191654
09,209,334,177,0.00011719929170794785,5.215123859191654
09,210,334,177,0.00011223462934140116,5.215123859191654
09,211,334,177,0.00012152007548138499,5.215123859191654
09,212,334,177,0.0001206582019221969,5.215123859191654
09,213,334,177,0.00012658002378884703,5.215123859191654
09,214,334,177,0.0001269709609914571,5.215123859191654
09,215,334,177,0.00012617972970474511,5.215123859191654
09,216,334,177,0.00011921554687432945,5.215123859191654
09,217,334,177,0.00012081125896656886,5.215123859191654
09,218,334,177,0.00011973193613812327,5.215123859191654
09,219,334,177,0.00011693548003677279,5.215123859191654
09,220,334,177,0.00012015247921226546,5.215123859191654
09,221,334,177,0.00012846327445004135,5.215123859191654
09,222,334,177,0.00012635816528927535,5.215123859191654
09,223,334,177,0.00012361120025161654,5.215123859191654
09,224,334,177,0.00012052942474838346,5.215123859191654
09,225,334,177,0.00012125258945161477,5.215123859191654
09,226,334,177,0.00012451667862478644,5.215123859191654
09,227,334,177,0.00012840956333093345,5.215123859191654
09,228,334,177,0.00012366603186819702,5.215123859191654
09,229,334,177,0.0001271269575227052,5.215123859191654
09,230,334,177,0.00011790994904004037,5.215123859191654
09,231,334,177,0.00011939012620132416,5.215123859191654
09,232,334,177,0.00011927146988455206,5.215123859191654
09,233,334,177,0.00012699358921963722,5.215123859191654
09,234,334,177,0.00012221638462506235,5.215123859191654
09,235,334,177,0.00011728519893949851,5.215123859191654
09,236,334,177,0.00012100699677830562,5.215123859191654
09,237,334,177,0.00012315166532061994,5.215123859191654
09,238,334,177,0.00012235160102136433,5.215123859191654
09,239,334,177,0.00012119427265133709,5.215123859191654
09,240,334,177,0.0001282502489630133,5.215123859191654
09,241,334,177,0.00013156235218048096,5.215123859191654
09,242,334,177,0.00013072365254629403,5.215123859191654
09,243,334,177,0.00013224872236605734,5.215123859191654
09,244,334,177,0.0001308616338064894,5.215123859191654
09,245,334,177,0.00012882164446637034,5.215123859191654
09,246,334,177,0.00012682322994805872,5.215123859191654
09,247,334,177,0.00012561808398459107,5.215123859191654
09,248,334,177,0.00012726898421533406,5.215123859191654
09,249,334,177,0.0001275785907637328,5.215123859191654
09,250,334,177,0.00013049996050540358,5.215123859191654
09,251,334,177,0.00012910255463793874,5.215123859191654
09,252,334,177,0.00012581069313455373,5.215123859191654
09,253,334,177,0.0001248439511982724,5.215123859191654
09,254,334,177,0.00012786943989340216,5.215123859191654
09,255,334,177,0.0001277914416277781,5.215123859191654
09,256,334,177,0.00013029924593865871,5.215123859191654
09,257,334,177,0.00012610889098141342,5.215123859191654
09,258,334,177,0.00012725353008136153,5.215123859191654
09,259,334,177,0.00012507096107583493,5.215123859191654
09,260,334,177,0.00012430163042154163,5.215123859191654
09,261,334,177,0.0001263005833607167,5.215123859191654
09,262,334,177,0.00013046445383224636,5.215123859191654
09,263,334,177,0.0001318436407018453,5.215123859191654
09,264,334,177,0.00012831481581088156,5.215123859191654
09,265,334,177,0.00013005273649469018,5.215123859191654
09,266,334,177,0.00012959411833435297,5.215123859191654
09,267,334,177,0.00012780634278897196,5.215123859191654
09,268,334,177,0.00012752358452416956,5.215123859191654
09,269,334,177,0.0001280986616620794,5.215123859191654
09,270,334,177,0.00012449313362594694,5.215123859191654
09,271,334,177,0.00012324216368142515,5.215123859191654
09,272,334,177,0.00012479667202569544,5.215123859191654
09,273,334,177,0.00012676234473474324,5.215123859191654
09,274,334,177,0.00012851312931161374,5.215123859191654
09,275,334,177,0.00012679857900366187,5.215123859191654
09,276,334,177,0.00012898611021228135,5.215123859191654
09,277,334,177,0.00012830010382458568,5.215123859191654
09,278,334,177,0.00013242827844806015,5.215123859191654
09,279,334,177,0.0001311710657319054,5.215123859191654
09,280,334,177,0.0001317614078288898,5.215123859191654
09,281,334,177,0.00013031727576162666,5.215123859191654
09,282,334,177,0.00012880140275228769,5.215123859191654
09,283,334,177,0.00012899364810436964,5.215123859191654
09,284,334,177,0.0001302637392655015,5.215123859191654
09,285,334,177,0.00013178348308429122,5.215123859191654
09,286,334,177,0.0001351656683254987,5.215123859191654
09,287,334,177,0.00012804991274606436,5.215123859191654
09,288,334,177,0.00012522531324066222,5.215123859191654
09,289,334,177,0.00013034744188189507,5.215123859191654
09,290,334,177,0.00013138556096237153,5.215123859191654
09,291,334,177,0.00012956449063494802,5.215123859191654
09,292,334,177,0.0001267490879399702,5.215123859191654
09,293,334,177,0.0001424764486728236,5.215123859191654
09,294,334,177,0.00016678980318829417,5.215123859191654
09,295,334,177,0.00015571860421914607,5.215123859191654
09,296,334,177,0.00016753890668042004,5.215123859191654
09,297,334,177,0.00017348593974020332,5.215123859191654
09,298,334,177,0.0001672889047767967,5.215123859191654
09,299,334,177,0.00015978644660208374,5.215123859191654
09,300,334,177,0.00014498757082037628,5.215123859191654
09,301,334,177,0.00013479002518579364,5.215123859191654
09,302,334,177,0.00013245844456832856,5.215123859191654
09,303,334,177,0.00012335568317212164,5.215123859191654
09,304,334,177,0.00012154730211477727,5.215123859191654
09,305,334,177,0.00012649338168557733,5.215123859191654
09,306,334,177,0.0001317084243055433,5.215123859191654
09,307,334,177,0.00012841563147958368,5.215123859191654
09,308,334,177,0.00012090544623788446,5.215123859191654
09,309,334,177,0.00013151783787179738,5.215123859191654
09,310,334,177,0.00012414065713528544,5.215123859191654
09,311,334,177,0.00011168126366101205,5.215123859191654
09,312,334,177,0.00010728633787948638,5.215123859191654
09,313,334,177,0.00010707054752856493,5.215123859191654
09,314,334,177,0.00010599342931527644,5.215123859191654
09,315,334,177,0.00010673444194253534,5.215123859191654
09,316,334,177,0.00010308458149665967,5.215123859191654
09,317,334,177,0.00010469464177731425,5.215123859191654
09,318,334,177,0.0001054446620400995,5.215123859191654
09,319,334,177,0.0001048712438205257,5.215123859191654
09,320,334,177,0.00010645867587300017,5.215123859191654
09,321,334,177,0.0001057767221936956,5.215123859191654
09,322,334,177,0.00010489331907592714,5.215123859191654
09,323,334,177,0.00010725027823355049,5.215123859191654
09,324,334,177,0.00010714376549003646,5.215123859191654
09,325,334,177,0.00010682955326046795,5.215123859191654
09,326,334,177,0.00010866000229725614,5.215123859191654
09,327,334,177,0.00010885133087867871,5.215123859191654
09,328,334,177,0.00010805438796523958,5.215123859191654
09,329,334,177,0.00010900310007855296,5.215123859191654
09,330,334,177,0.00010723170271376148,5.215123859191654
09,331,334,177,0.00010643991845427081,5.215123859191654
09,332,334,177,0.00010623902198858559,5.215123859191654
09,333,334,177,0.0001065927863237448,5.215123859191654
10,35,223,177,4.169510430074297e-05,5.215123859191654
10,36,223,177,4.1552531911293045e-05,5.215123859191654
10,37,223,177,4.1362680349266157e-05,5.215123859191654
10,38,223,177,4.7397465095855296e-05,5.215123859191654
10,39,223,177,5.5588137911399826e-05,5.215123859191654
10,40,223,177,6.989840767346323e-05,5.215123859191654
10,41,223,177,7.53102867747657e-05,5.215123859191654
10,42,223,177,7.717164407949895e-05,5.215123859191654
10,43,223,177,7.491034193662927e-05,5.215123859191654
10,44,223,177,7.678163819946349e-05,5.215123859191654
10,45,223,177,6.646653491770849e-05,5.215123859191654
10,46,223,177,6.885146285640076e-05,5.215123859191654
10,47,223,177,6.930971721885726e-05,5.215123859191654
10,48,223,177,7.196157093858346e-05,5.215123859191654
10,49,223,177,7.121761882444844e-05,5.215123859191654
10,50,223,177,6.315461359918118e-05,5.215123859191654
10,51,223,177,5.464531932375394e-05,5.215123859191654
10,52,223,177,4.846943193115294e-05,5.215123859191654
10,53,223,177,4.7500117943855e-05,5.215123859191654
10,54,223,177,4.547834396362305e-05,5.215123859191654
10,55,223,177,4.410099791130051e-05,5.215123859191654
10,56,223,177,4.443268699105829e-05,5.215123859191654
10,57,223,177,4.3848784116562456e-05,5.215123859191654
10,58,223,177,4.414294380694628e-05,5.215123859191654
10,59,223,177,4.402023841976188e-05,5.215123859191654
10,60,223,177,4.4214873923920095e-05,5.215123859191654
10,61,223,177,4.529787474893965e-05,5.215123859191654
10,62,223,177,4.346190326032229e-05,5.215123859191654
10,63,223,177,4.404268111102283e-05,5.215123859191654
10,64,223,177,4.5092569052940235e-05,5.215123859191654
10,65,223,177,4.585841452353634e-05,5.215123859191654
10,66,223,177,4.663842628360726e-05,5.215123859191654
10,67,223,177,4.6187346015358344e-05,5.215123859191654
10,68,223,177,4.6324581489898264e-05,5.215123859191654
10,69,223,177,5.071711348136887e-05,5.215123859191654
10,70,223,177,5.066063749836758e-05,5.215123859191654
10,71,223,177,4.891205026069656e-05,5.215123859191654
10,72,223,177,4.9433405365562066e-05,5.215123859191654
10,73,223,177,5.0317357818130404e-05,5.215123859191654
10,74,223,177,6.060284067643806e-05,5.215123859191654
10,75,223,177,6.300542008830234e-05,5.215123859191654
10,76,223,177,6.211852451087907e-05,5.215123859191654
10,77,223,177,6.055408812244423e-05,5.215123859191654
10,78,223,177,6.231720908544958e-05,5.215123859191654
10,79,223,177,7.529703725595027e-05,5.215123859191654
10,80,223,177,6.363752618199214e-05,5.215123859191654
10,81,223,177,7.292094960575923e-05,5.215123859191654
10,82,223,177,6.73337490297854e-05,5.215123859191654
10,83,223,177,7.27161968825385e-05,5.215123859191654
10,84,223,177,7.893899601185694e-05,5.215123859191654
10,85,223,177,7.897376053733751e-05,5.215123859191654
10,86,223,177,8.038569649215788e-05,5.215123859191654
10,87,223,177,8.379916107514873e-05,5.215123859191654
10,88,223,177,8.364665700355545e-05,5.215123859191654
10,89,223,177,8.58187340782024e-05,5.215123859191654
10,90,223,177,8.460106619168073e-05,5.215123859191654
10,91,223,177,8.561636786907911e-05,5.215123859191654
10,92,223,177,9.031538502313197e-05,5.215123859191654
10,93,223,177,8.734085713513196e-05,5.215123859191654
10,94,223,177,9.713386680232361e-05,5.215123859191654
10,95,223,177,9.645264071878046e-05,5.215123859191654
10,96,223,177,0.0001001209020614624,5.215123859191654
10,97,223,177,9.082037286134437e-05,5.215123859191654
10,98,223,177,8.952635835157707e-05,5.215123859191654
10,99,223,177,8.802226511761546e-05,5.215123859191654
10,100,223,177,9.033543756231666e-05,5.215123859191654
10,101,223,177,8.69063296704553e-05,5.215123859191654
10,102,223,177,8.470353350276127e-05,5.215123859191654
10,103,223,177,8.526168676326051e-05,5.215123859191654
10,104,223,177,8.596038242103532e-05,5.215123859191654
10,105,223,177,8.589397475589067e-05,5.215123859191654
10,106,223,177,8.726947999093682e-05,5.215123859191654
10,107,223,177,8.587318734498695e-05,5.215123859191654
10,108,223,177,8.802943921182305e-05,5.215123859191654
10,109,223,177,8.69916912051849e-05,5.215123859191654
10,110,223,177,8.83990214788355e-05,5.215123859191654
10,111,223,177,8.735318260733038e-05,5.215123859191654
10,112,223,177,8.695269207237288e-05,5.215123859191654
10,113,223,177,8.875426283339038e-05,5.215123859191654
10,114,223,177,8.885893475962803e-05,5.215123859191654
10,115,223,177,8.74131583259441e-05,5.215123859191654
10,116,223,177,8.815158798824996e-05,5.215123859191654
10,117,223,177,8.821891970001161e-05,5.215123859191654
10,118,223,177,8.757485920796171e-05,5.215123859191654
10,119,223,177,8.913948113331571e-05,5.215123859191654
10,120,223,177,8.585349860368297e-05,5.215123859191654
10,121,223,177,8.486395381623879e-05,5.215123859191654
10,122,223,177,8.042267290875316e-05,5.215123859191654
10,123,223,177,8.088791946647689e-05,5.215123859191654
10,124,223,177,8.16004176158458e-05,5.215123859191654
10,125,223,177,7.84435760579072e-05,5.215123859191654
10,126,223,177,7.830873073544353e-05,5.215123859191654
10,127,223,177,8.13879378256388e-05,5.215123859191654
10,128,223,177,8.187397179426625e-05,5.215123859191654
10,129,223,177,8.282782800961286e-05,5.215123859191654
10,130,223,177,8.294556755572557e-05,5.215123859191654
10,131,223,177,8.152829832397401e-05,5.215123859191654
10,132,223,177,8.037741645239294e-05,5.215123859191654
10,133,223,177,8.168853673851117e-05,5.215123859191654
10,134,223,177,8.246651850640774e-05,5.215123859191654
10,135,223,177,8.529295882908627e-05,5.215123859191654
10,136,223,177,8.679227175889537e-05,5.215123859191654
10,137,223,177,9.227001282852143e-05,5.215123859191654
10,138,223,177,9.513839904684573e-05,5.215123859191654
10,139,223,177,0.00010160108649870381,5.215123859191654
10,140,223,177,9.892770322039723e-05,5.215123859191654
10,141,223,177,9.459643479203805e-05,5.215123859191654
10,142,223,177,9.368783503305167e-05,5.215123859191654
10,143,223,177,8.563274604966864e-05,5.215123859191654
10,144,223,177,7.969858415890485e-05,5.215123859191654
10,145,223,177,7.20636744517833e-05,5.215123859191654
10,146,223,177,8.455396891804412e-05,5.215123859191654
10,147,223,177,8.500137482769787e-05,5.215123859191654
10,148,223,177,8.959130354924127e-05,5.215123859191654
10,149,223,177,9.52425180003047e-05,5.215123859191654
10,150,223,177,9.113991836784407e-05,5.215123859191654
10,151,223,177,8.914904901757836e-05,5.215123859191654
10,152,223,177,8.255997818196192e-05,5.215123859191654
10,153,223,177,7.929754065116867e-05,5.215123859191654
10,154,223,177,9.616510214982554e-05,5.215123859191654
10,155,223,177,7.810655370121822e-05,5.215123859191654
10,156,223,177,9.014908573590219e-05,5.215123859191654
10,157,223,177,9.627695544622838e-05,5.215123859191654
10,158,223,177,8.48128111101687e-05,5.215123859191654
10,159,223,177,8.504626021021977e-05,5.215123859191654
10,160,223,177,8.73770986800082e-05,5.215123859191654
10,161,223,177,8.70406292960979e-05,5.215123859191654
10,162,223,177,9.261660306947306e-05,5.215123859191654
10,163,223,177,9.31707036215812e-05,5.215123859191654
10,164,223,177,9.146810771198943e-05,5.215123859191654
10,165,223,177,9.830866474658251e-05,5.215123859191654
10,166,223,177,0.00010042536450782791,5.215123859191654
10,167,223,177,8.968511974671856e-05,5.215123859191654
10,168,223,177,8.583473390899599e-05,5.215123859191654
10,169,223,177,9.601590863894671e-05,5.215123859191654
10,170,223,177,9.657534974394366e-05,5.215123859191654
10,171,223,177,0.00010164431296288967,5.215123859191654
10,172,223,177,0.00010143624967895448,5.215123859191654
10,173,223,177,9.121129551203921e-05,5.215123859191654
10,174,223,177,9.260427759727463e-05,5.215123859191654
10,175,223,177,9.439462883165106e-05,5.215123859191654
10,176,223,177,8.967758185463026e-05,5.215123859191654
10,177,223,177,8.789477578829974e-05,5.215123859191654
10,178,223,177,8.823290409054607e-05,5.215123859191654
10,179,223,177,9.245158435078338e-05,5.215123859191654
10,180,223,177,8.882563997758552e-05,5.215123859191654
10,181,223,177,8.93377946340479e-05,5.215123859191654
10,182,223,177,9.481480083195493e-05,5.215123859191654
10,183,223,177,9.809691982809454e-05,5.215123859191654
10,184,223,177,9.934990521287546e-05,5.215123859191654
10,185,223,177,9.778326057130471e-05,5.215123859191654
10,186,223,177,0.00010494078742340207,5.215123859191654
10,187,223,177,0.00010384472261648625,5.215123859191654
10,188,223,177,0.00010608229058561847,5.215123859191654
10,189,223,177,0.00010040825873147696,5.215123859191654
10,190,223,177,8.75798286870122e-05,5.215123859191654
10,191,223,177,9.359070099890232e-05,5.215123859191654
10,192,223,177,9.853678056970239e-05,5.215123859191654
10,193,223,177,8.611767407273874e-05,5.215123859191654
10,194,223,177,9.073979163076729e-05,5.215123859191654
10,195,223,177,8.857507782522589e-05,5.215123859191654
10,196,223,177,9.888355270959437e-05,5.215123859191654
10,197,223,177,8.895128848962486e-05,5.215123859191654
10,198,223,177,8.510734187439084e-05,5.215123859191654
10,199,223,177,8.249779784819111e-05,5.215123859191654
10,200,223,177,7.834239659132436e-05,5.215123859191654
10,201,223,177,7.926111720735207e-05,5.215123859191654
10,202,223,177,8.134452218655497e-05,5.215123859191654
10,203,223,177,8.254544081864879e-05,5.215123859191654
10,204,223,177,8.376366167794913e-05,5.215123859191654
10,205,223,177,8.424325642408803e-05,5.215123859191654
10,206,223,177,8.609136421000585e-05,5.215123859191654
10,207,223,177,8.740083285374567e-05,5.215123859191654
10,208,223,177,8.5864907305222e-05,5.215123859191654
10,209,223,177,8.582793088862672e-05,5.215123859191654
10,210,223,177,8.43065427034162e-05,5.215123859191654
10,211,223,177,8.434664050582796e-05,5.215123859191654
10,212,223,177,8.622879249742255e-05,5.215123859191654
10,213,223,177,8.852228347677737e-05,5.215123859191654
10,214,223,177,8.694478310644627e-05,5.215123859191654
10,215,223,177,8.938378596212715e-05,5.215123859191654
10,216,223,177,8.989079651655629e-05,5.215123859191654
10,217,223,177,8.800625801086426e-05,5.215123859191654
10,218,223,177,8.904676360543817e-05,5.215123859191654
10,219,223,177,8.774392335908487e-05,5.215123859191654
10,220,223,177,8.887383592082188e-05,5.215123859191654
10,221,223,177,8.864369738148525e-05,5.215123859191654
10,222,223,177,8.972945943241939e-05,5.215123859191654
11,35,424,177,4.009644908364862e-05,5.215123859191654
11,36,424,177,3.868856583721936e-05,5.215123859191654
11,37,424,177,3.8566595321753994e-05,5.215123859191654
11,38,424,177,3.9015103538986295e-05,5.215123859191654
11,39,424,177,3.925683267880231e-05,5.215123859191654
11,40,424,177,3.865471444441937e-05,5.215123859191654
11,41,424,177,3.933906555175781e-05,5.215123859191654
11,42,424,177,3.9255177398445085e-05,5.215123859191654
11,43,424,177,4.025134694529697e-05,5.215123859191654
11,44,424,177,3.987660966231488e-05,5.215123859191654
11,45,424,177,3.883665704051964e-05,5.215123859191654
11,46,424,177,3.891649976139888e-05,5.215123859191654
11,47,424,177,4.072892261319794e-05,5.215123859191654
11,48,424,177,4.27444429078605e-05,5.215123859191654
11,49,424,177,5.252861592452973e-05,5.215123859191654
11,50,424,177,6.374643271556124e-05,5.215123859191654
11,51,424,177,6.722870602970943e-05,5.215123859191654
11,52,424,177,7.072826701914892e-05,5.215123859191654
11,53,424,177,7.060630014166236e-05,5.215123859191654
11,54,424,177,7.166170689743012e-05,5.215123859191654
11,55,424,177,6.401134305633605e-05,5.215123859191654
11,56,424,177,7.092879241099581e-05,5.215123859191654
11,57,424,177,6.780672265449539e-05,5.215123859191654
11,58,424,177,6.358583050314337e-05,5.215123859191654
11,59,424,177,5.991683428874239e-05,5.215123859191654
11,60,424,177,6.582413334399462e-05,5.215123859191654
11,61,424,177,5.931857958785258e-05,5.215123859191654
11,62,424,177,5.4850072046974674e-05,5.215123859191654
11,63,424,177,5.3575378842651844e-05,5.215123859191654
11,64,424,177,4.61897361674346e-05,5.215123859191654
11,65,424,177,4.671642818721011e-05,5.215123859191654
11,66,424,177,4.734135654871352e-05,5.215123859191654
11,67,424,177,4.224552685627714e-05,5.215123859191654
11,68,424,177,4.291276854928583e-05,5.215123859191654
11,69,424,177,4.524470932665281e-05,5.215123859191654
11,70,424,177,4.41668598796241e-05,5.215123859191654
11,71,424,177,4.2234674765495583e-05,5.215123859191654
11,72,424,177,4.366022039903328e-05,5.215123859191654
11,73,424,177,4.334416735218838e-05,5.215123859191654
11,74,424,177,4.503333184402436e-05,5.215123859191654
11,75,424,177,4.7961872041923925e-05,5.215123859191654
11,76,424,177,4.8851525207282975e-05,5.215123859191654
11,77,424,177,5.200762825552374e-05,5.215123859191654
11,78,424,177,5.1755228923866525e-05,5.215123859191654
11,79,424,177,5.249403329798952e-05,5.215123859191654
11,80,424,177,6.267354910960421e-05,5.215123859191654
11,81,424,177,7.00709642842412e-05,5.215123859191654
11,82,424,177,7.47754966141656e-05,5.215123859191654
11,83,424,177,7.417669257847592e-05,5.215123859191654
11,84,424,177,7.594699127366766e-05,5.215123859191654
11,85,424,177,7.127611752366647e-05,5.215123859191654
11,86,424,177,7.285141327884048e-05,5.215123859191654
11,87,424,177,7.56316730985418e-05,5.215123859191654
11,88,424,177,7.631675543962047e-05,5.215123859191654
11,89,424,177,8.149169298121706e-05,5.215123859191654
11,90,424,177,8.293784048873931e-05,5.215123859191654
11,91,424,177,8.933190838433802e-05,5.215123859191654
11,92,424,177,8.737820462556556e-05,5.215123859191654
11,93,424,177,8.296488522319123e-05,5.215123859191654
11,94,424,177,7.848165842005983e-05,5.215123859191654
11,95,424,177,7.447251118719578e-05,5.215123859191654
11,96,424,177,7.299066783161834e-05,5.215123859191654
11,97,424,177,7.259606354637071e-05,5.215123859191654
11,98,424,177,7.626138540217653e-05,5.215123859191654
11,99,424,177,7.495817408198491e-05,5.215123859191654
11,100,424,177,7.59778922656551e-05,5.215123859191654
11,101,424,177,7.486509275622666e-05,5.215123859191654
11,102,424,177,7.422581256832927e-05,5.215123859191654
11,103,424,177,7.956134504638612e-05,5.215123859191654
11,104,424,177,8.034319762373343e-05,5.215123859191654
11,105,424,177,7.53467102185823e-05,5.215123859191654
11,106,424,177,7.485147943953052e-05,5.215123859191654
11,107,424,177,7.06421778886579e-05,5.215123859191654
11,108,424,177,7.215749064926058e-05,5.215123859191654
11,109,424,177,7.400137110380456e-05,5.215123859191654
11,110,424,177,7.50711333239451e-05,5.215123859191654
11,111,424,177,7.863213977543637e-05,5.215123859191654
11,112,424,177,7.692439248785377e-05,5.215123859191654
11,113,424,177,7.51734187360853e-05,5.215123859191654
11,114,424,177,7.680131966480985e-05,5.215123859191654
11,115,424,177,7.578288932563737e-05,5.215123859191654
11,116,424,177,7.744703907519579e-05,5.215123859191654
11,117,424,177,7.534652831964195e-05,5.215123859191654
11,118,424,177,7.47666708775796e-05,5.215123859191654
11,119,424,177,7.663611904717982e-05,5.215123859191654
11,120,424,177,7.827304216334596e-05,5.215123859191654
11,121,424,177,8.19186752778478e-05,5.215123859191654
11,122,424,177,8.781474753050134e-05,5.215123859191654
11,123,424,177,8.662670734338462e-05,5.215123859191654
11,124,424,177,8.571166108595207e-05,5.215123859191654
11,125,424,177,8.060755499172956e-05,5.215123859191654
11,126,424,177,8.089307084446773e-05,5.215123859191654
11,127,424,177,7.863122300477698e-05,5.215123859191654
11,128,424,177,7.91764905443415e-05,5.215123859191654
11,129,424,177,7.899915362941101e-05,5.215123859191654
11,130,424,177,7.732690573902801e-05,5.215123859191654
11,131,424,177,8.159618300851434e-05,5.215123859191654
11,132,424,177,8.526333840563893e-05,5.215123859191654
11,133,424,177,8.338487532455474e-05,5.215123859191654
11,134,424,177,8.442409307463095e-05,5.215123859191654
11,135,424,177,8.799577335594222e-05,5.215123859191654
11,136,424,177,8.720270125195384e-05,5.215123859191654
11,137,424,177,8.204855112126097e-05,5.215123859191654
11,138,424,177,9.048500214703381e-05,5.215123859191654
11,139,424,177,9.115592547459528e-05,5.215123859191654
11,140,424,177,9.347075683763251e-05,5.215123859191654
11,141,424,177,0.00010642556298989803,5.215123859191654
11,142,424,177,0.00010390211537014693,5.215123859191654
11,143,424,177,0.0001031546707963571,5.215123859191654
11,144,424,177,0.00010423141793580726,5.215123859191654
11,145,424,177,0.0001011779677355662,5.215123859191654
11,146,424,177,0.00011350821296218783,5.215123859191654
11,147,424,177,0.00011591171642066911,5.215123859191654
11,148,424,177,0.00021931952505838126,5.215123859191654
11,149,424,177,0.00013407881488092244,5.215123859191654
11,150,424,177,0.00013154598127584904,5.215123859191654
11,151,424,177,0.00015534166595898569,5.215123859191654
11,152,424,177,0.00014088532770983875,5.215123859191654
11,153,424,177,0.0002469361643306911,5.215123859191654
11,154,424,177,0.0001757689460646361,5.215123859191654
11,155,424,177,0.00012906540359836072,5.215123859191654
11,156,424,177,0.00012678901839535683,5.215123859191654
11,157,424,177,0.00013625640713144094,5.215123859191654
11,158,424,177,0.00014040425594430417,5.215123859191654
11,159,424,177,0.00012812459317501634,5.215123859191654
11,160,424,177,0.0001249547058250755,5.215123859191654
11,161,424,177,0.00011103480937890708,5.215123859191654
11,162,424,177,0.000113687950943131,5.215123859191654
11,163,424,177,0.00010589519661152735,5.215123859191654
11,164,424,177,0.0001153379344032146,5.215123859191654
11,165,424,177,0.0001236376992892474,5.215123859191654
11,166,424,177,0.00011530555639183149,5.215123859191654
11,167,424,177,0.00010863994975807145,5.215123859191654
11,168,424,177,0.00011455865751486272,5.215123859191654
11,169,424,177,0.00011347160761943087,5.215123859191654
11,170,424,177,0.00011049946624552831,5.215123859191654
11,171,424,177,0.00011095533409388736,5.215123859191654
11,172,424,177,0.00011289671965641901,5.215123859191654
11,173,424,177,0.00011515543883433565,5.215123859191654
11,174,424,177,0.00011425639968365431,5.215123859191654
11,175,424,177,0.0001149757081293501,5.215123859191654
11,176,424,177,0.0001150570169556886,5.215123859191654
11,177,424,177,0.00011509325850056484,5.215123859191654
11,178,424,177,0.00011474666825961322,5.215123859191654
11,179,424,177,0.00011542365973582491,5.215123859191654
11,180,424,177,0.00011378342605894431,5.215123859191654
11,181,424,177,0.00011197671119589359,5.215123859191654
11,182,424,177,0.00011286746303085238,5.215123859191654
11,183,424,177,0.00011388644634280354,5.215123859191654
11,184,424,177,0.00011333197471685708,5.215123859191654
11,185,424,177,0.00011494204227346927,5.215123859191654
11,186,424,177,0.0001149556555901654,5.215123859191654
11,187,424,177,0.00011423340765759349,5.215123859191654
11,188,424,177,0.00011459839151939377,5.215123859191654
11,189,424,177,0.0001135737111326307,5.215123859191654
11,190,424,177,0.00011432060273364186,5.215123859191654
11,191,424,177,0.00011442969844210893,5.215123859191654
11,192,424,177,0.00011509509931784123,5.215123859191654
11,193,424,177,0.00011748186079785228,5.215123859191654
11,194,424,177,0.00011786745017161593,5.215123859191654
11,195,424,177,0.00012970044917892665,5.215123859191654
11,196,424,177,0.00013639916141983122,5.215123859191654
11,197,424,177,0.00013350723020266742,5.215123859191654
11,198,424,177,0.0001292605884373188,5.215123859191654
11,199,424,177,0.00012663760571740568,5.215123859191654
11,200,424,177,0.0001227473112521693,5.215123859191654
11,201,424,177,0.00012126031651860103,5.215123859191654
11,202,424,177,0.00011802455264842138,5.215123859191654
11,203,424,177,0.00011699141032295302,5.215123859191654
11,204,424,177,0.00011714593711076304,5.215123859191654
11,205,424,177,0.00011698404705384746,5.215123859191654
11,206,424,177,0.00011716764856828377,5.215123859191654
11,207,424,177,0.00011704089411068708,5.215123859191654
11,208,424,177,0.00011634569091256708,5.215123859191654
11,209,424,177,0.0001156690705101937,5.215123859191654
11,210,424,177,0.0001155344070866704,5.215123859191654
11,211,424,177,0.00010996486525982618,5.215123859191654
11,212,424,177,0.00011187828931724653,5.215123859191654
11,213,424,177,0.00011193384125363082,5.215123859191654
11,214,424,177,0.00011334375449223444,5.215123859191654
11,215,424,177,0.00011169193021487445,5.215123859191654
11,216,424,177,0.0001104231268982403,5.215123859191654
11,217,424,177,0.00011047076986869797,5.215123859191654
11,218,424,177,0.0001093114260584116,5.215123859191654
11,219,424,177,0.00010945399844786152,5.215123859191654
11,220,424,177,0.00010862983617698774,5.215123859191654
11,221,424,177,0.00010687425674404949,5.215123859191654
11,222,424,177,0.00010915615712292492,5.215123859191654
11,223,424,177,0.00011036315117962658,5.215123859191654
11,224,424,177,0.00011038246884709224,5.215123859191654
11,225,424,177,0.00011124765296699479,5.215123859191654
11,226,424,177,0.00011207733768969774,5.215123859191654
11,227,424,177,0.00011004949192283675,5.215123859191654
11,228,424,177,0.00011090014595538378,5.215123859191654
11,229,424,177,0.00010826779180206358,5.215123859191654
11,230,424,177,0.00010657347593223676,5.215123859191654
11,231,424,177,0.0001080588044715114,5.215123859191654
11,232,424,177,0.00010882999049499631,5.215123859191654
11,233,424,177,0.00010829317761817947,5.215123859191654
11,234,424,177,0.00010734116222010925,5.215123859191654
11,235,424,177,0.00010588158329483122,5.215123859191654
11,236,424,177,0.00010508538252906874,5.215123859191654
11,237,424,177,0.00010633082274580374,5.215123859191654
11,238,424,177,0.00010679772822186351,5.215123859191654
11,239,424,177,0.00010808547813212499,5.215123859191654
11,240,424,177,0.00011001729581039399,5.215123859191654
11,241,424,177,0.00010442218626849353,5.215123859191654
11,242,424,177,0.00010122469393536448,5.215123859191654
11,243,424,177,9.547523222863674e-05,5.215123859191654
11,244,424,177,9.229539864463732e-05,5.215123859191654
11,245,424,177,9.430963109480217e-05,5.215123859191654
11,246,424,177,0.00010471211862750351,5.215123859191654
11,247,424,177,0.00010435889998916537,5.215123859191654
11,248,424,177,0.00010615127393975854,5.215123859191654
11,249,424,177,0.00011004415864590555,5.215123859191654
11,250,424,177,0.00010448731336509809,5.215123859191654
11,251,424,177,0.00010885206575039774,5.215123859191654
11,252,424,177,0.00012130557297496125,5.215123859191654
11,253,424,177,0.00013020008918829262,5.215123859191654
11,254,424,177,0.0001291321823373437,5.215123859191654
11,255,424,177,0.00012837184476666152,5.215123859191654
11,256,424,177,0.000133533903863281,5.215123859191654
11,257,424,177,0.00012340681860223413,5.215123859191654
11,258,424,177,0.0001423430658178404,5.215123859191654
11,259,424,177,0.00013962204684503376,5.215123859191654
11,260,424,177,0.00012635780149139464,5.215123859191654
11,261,424,177,0.00012115490244468674,5.215123859191654
11,262,424,177,0.00012202634388813749,5.215123859191654
11,263,424,177,0.00011853266914840788,5.215123859191654
11,264,424,177,0.00011920524411834776,5.215123859191654
11,265,424,177,0.00012367650924716145,5.215123859191654
11,266,424,177,0.00012039218563586473,5.215123859191654
11,267,424,177,0.00012503104517236352,5.215123859191654
11,268,424,177,0.00012377787788864225,5.215123859191654
11,269,424,177,0.00012362684356048703,5.215123859191654
11,270,424,177,0.00011480958346510306,5.215123859191654
11,271,424,177,0.00011465082206996158,5.215123859191654
11,272,424,177,0.00012102079199394211,5.215123859191654
11,273,424,177,0.00012860915740020573,5.215123859191654
11,274,424,177,0.00012814998626708984,5.215123859191654
11,275,424,177,0.00013062487414572388,5.215123859191654
11,276,424,177,0.00013198105443734676,5.215123859191654
11,277,424,177,0.00013453357678372413,5.215123859191654
11,278,424,177,0.00013909699919167906,5.215123859191654
11,279,424,177,0.00013926716928835958,5.215123859191654
11,280,424,177,0.0001387875818181783,5.215123859191654
11,281,424,177,0.00013878683967050165,5.215123859191654
11,282,424,177,0.0001378495362587273,5.215123859191654
11,283,424,177,0.00013624278653878719,5.215123859191654
11,284,424,177,0.00013501703506335616,5.215123859191654
11,285,424,177,0.00014425648259930313,5.215123859191654
11,286,424,177,0.00014486357395071536,5.215123859191654
11,287,424,177,0.00013805466005578637,5.215123859191654
11,288,424,177,0.00014046496653463691,5.215123859191654
11,289,424,177,0.00014173396630212665,5.215123859191654
11,290,424,177,0.00013721927825827152,5.215123859191654
11,291,424,177,0.0001382075424771756,5.215123859191654
11,292,424,177,0.00013795973791275173,5.215123859191654
11,293,424,177,0.00013712895452044904,5.215123859191654
11,294,424,177,0.00013840547762811184,5.215123859191654
11,295,424,177,0.0001383843191433698,5.215123859191654
11,296,424,177,0.0001369367091683671,5.215123859191654
11,297,424,177,0.00013515831960830837,5.215123859191654
11,298,424,177,0.00013746302283834666,5.215123859191654
11,299,424,177,0.0001402335474267602,5.215123859191654
11,300,424,177,0.00014309787366073579,5.215123859191654
11,301,424,177,0.00014053819177206606,5.215123859191654
11,302,424,177,0.00014005086268298328,5.215123859191654
11,303,424,177,0.00014131065108813345,5.215123859191654
11,304,424,177,0.00014118243416305631,5.215123859191654
11,305,424,177,0.0001410549448337406,5.215123859191654
11,306,424,177,0.00014103655121289194,5.215123859191654
11,307,424,177,0.00013971237058285624,5.215123859191654
11,308,424,177,0.00013764404866378754,5.215123859191654
11,309,424,177,0.000144380668643862,5.215123859191654
11,310,424,177,0.00013946843682788312,5.215123859191654
11,311,424,177,0.00014136897516436875,5.215123859191654
11,312,424,177,0.00014144090528134257,5.215123859191654
11,313,424,177,0.0001407819363521412,5.215123859191654
11,314,424,177,0.00014039469533599913,5.215123859191654
11,315,424,177,0.00013978798233438283,5.215123859191654
11,316,424,177,0.0001394235441694036,5.215123859191654
11,317,424,177,0.00013887569366488606,5.215123859191654
11,318,424,177,0.0001381093024974689,5.215123859191654
11,319,424,177,0.0001365441275993362,5.215123859191654
11,320,424,177,0.00013935989409219474,5.215123859191654
11,321,424,177,0.00014027493307366967,5.215123859191654
11,322,424,177,0.00013922320795245469,5.215123859191654
11,323,424,177,0.00014011911116540432,5.215123859191654
11,324,424,177,0.00014169292990118265,5.215123859191654
11,325,424,177,0.0001414375874446705,5.215123859191654
11,326,424,177,0.00014157299301587045,5.215123859191654
11,327,424,177,0.00014118188119027764,5.215123859191654
11,328,424,177,0.00014345311501529068,5.215123859191654
11,329,424,177,0.0001451660064049065,5.215123859191654
11,330,424,177,0.0001432877324987203,5.215123859191654
11,331,424,177,0.00014482715050689876,5.215123859191654
11,332,424,177,0.00014270897372625768,5.215123859191654
11,333,424,177,0.00014361536887008697,5.215123859191654
11,334,424,177,0.00014348604599945247,5.215123859191654
11,335,424,177,0.00014176486001815647,5.215123859191654
11,336,424,177,0.00013735356333199888,5.215123859191654
11,337,424,177,0.00013950798893347383,5.215123859191654
11,338,424,177,0.0001374637649860233,5.215123859191654
11,339,424,177,0.00013179580855648965,5.215123859191654
11,340,424,177,0.00013190599565859884,5.215123859191654
11,341,424,177,0.00013227890303824097,5.215123859191654
11,342,424,177,0.00012101932225050405,5.215123859191654
11,343,424,177,0.0001239371922565624,5.215123859191654
11,344,424,177,0.00012953653640579432,5.215123859191654
11,345,424,177,0.00013875869626645,5.215123859191654
11,346,424,177,0.00013035333540756255,5.215123859191654
11,347,424,177,0.00012761171092279255,5.215123859191654
11,348,424,177,0.0001236945390701294,5.215123859191654
11,349,424,177,0.00012524555495474488,5.215123859191654
11,350,424,177,0.00012794283975381404,5.215123859191654
11,351,424,177,0.00013259991828817874,5.215123859191654
11,352,424,177,0.0001440086925867945,5.215123859191654
11,353,424,177,0.00013908302935305983,5.215123859191654
11,354,424,177,0.00013756679254584014,5.215123859191654
11,355,424,177,0.00013983728422317654,5.215123859191654
11,356,424,177,0.00011584052117541432,5.215123859191654
11,357,424,177,0.00011624211765592918,5.215123859191654
11,358,424,177,0.000112017551145982,5.215123859191654
11,359,424,177,0.00011472238838905469,5.215123859191654
11,360,424,177,0.00011537693353602663,5.215123859191654
11,361,424,177,0.00011837886995635927,5.215123859191654
11,362,424,177,0.00011619594442890957,5.215123859191654
11,363,424,177,0.00012203370715724304,5.215123859191654
11,364,424,177,0.00013251198106445372,5.215123859191654
11,365,424,177,0.00013153972395230085,5.215123859191654
11,366,424,177,0.00012754897761624306,5.215123859191654
11,367,424,177,0.00012301772949285805,5.215123859191654
11,368,424,177,0.00011679217277560383,5.215123859191654
11,369,424,177,0.00012214481830596924,5.215123859191654
11,370,424,177,0.00012806738959625363,5.215123859191654
11,371,424,177,0.00013478560140356421,5.215123859191654
11,372,424,177,0.00013563460379373282,5.215123859191654
11,373,424,177,0.0001394012797391042,5.215123859191654
11,374,424,177,0.00013662561832461506,5.215123859191654
11,375,424,177,0.00013774062972515821,5.215123859191654
11,376,424,177,0.00014475392526946962,5.215123859191654
11,377,424,177,0.00014149738126434386,5.215123859191654
11,378,424,177,0.00013688170292880386,5.215123859191654
11,379,424,177,0.000139520489028655,5.215123859191654
11,380,424,177,0.0001349154772469774,5.215123859191654
11,381,424,177,0.00013759455760009587,5.215123859191654
11,382,424,177,0.00013436266453936696,5.215123859191654
11,383,424,177,0.0001309896761085838,5.215123859191654
11,384,424,177,0.0001398058229824528,5.215123859191654
11,385,424,177,0.00014627273776568472,5.215123859191654
11,386,424,177,0.00014464060950558633,5.215123859191654
11,387,424,177,0.0001532470341771841,5.215123859191654
11,388,424,177,0.00015401803830172867,5.215123859191654
11,389,424,177,0.0001639469846850261,5.215123859191654
11,390,424,177,0.0001584966666996479,5.215123859191654
11,391,424,177,0.0001576899812789634,5.215123859191654
11,392,424,177,0.00016641782713122666,5.215123859191654
11,393,424,177,0.0001595189532963559,5.215123859191654
11,394,424,177,0.00015922020247671753,5.215123859191654
11,395,424,177,0.00016100244829431176,5.215123859191654
11,396,424,177,0.00015530524251516908,5.215123859191654
11,397,424,177,0.00014971841301303357,5.215123859191654
11,398,424,177,0.00014189677312970161,5.215123859191654
11,399,424,177,0.0001364383497275412,5.215123859191654
11,400,424,177,0.0001385612995363772,5.215123859191654
11,401,424,177,0.000136953080072999,5.215123859191654
11,402,424,177,0.00013649444736074656,5.215123859191654
11,403,424,177,0.00013711073552258313,5.215123859191654
11,404,424,177,0.00014245271449908614,5.215123859191654
11,405,424,177,0.00013952491281088442,5.215123859191654
11,406,424,177,0.00014092764467932284,5.215123859191654
11,407,424,177,0.00014098043902777135,5.215123859191654
11,408,424,177,0.00013961725926492363,5.215123859191654
11,409,424,177,0.0001429924595868215,5.215123859191654
11,410,424,177,0.00014048759476281703,5.215123859191654
11,411,424,177,0.00014082444249652326,5.215123859191654
11,412,424,177,0.00013927453255746514,5.215123859191654
11,413,424,177,0.00013822685286868364,5.215123859191654
11,414,424,177,0.0001412087440257892,5.215123859191654
11,415,424,177,0.00014057185035198927,5.215123859191654
11,416,424,177,0.00013706400932278484,5.215123859191654
11,417,424,177,0.00013886998931411654,5.215123859191654
11,418,424,177,0.00013983764802105725,5.215123859191654
11,419,424,177,0.00013955066970083863,5.215123859191654
11,420,424,177,0.0001402223133482039,5.215123859191654
11,421,424,177,0.00014260815805755556,5.215123859191654
11,422,424,177,0.00014327577082440257,5.215123859191654
11,423,424,177,0.00014224556798581034,5.215123859191654
12,35,686,177,4.046161848236807e-05,5.215123859191654
12,36,686,177,3.899174043908715e-05,5.215123859191654
12,37,686,177,3.995902807218954e-05,5.215123859191654
12,38,686,177,3.923972326447256e-05,5.215123859191654
12,39,686,177,4.019284824607894e-05,5.215123859191654
12,40,686,177,3.9690439734840766e-05,5.215123859191654
12,41,686,177,4.03703743359074e-05,5.215123859191654
12,42,686,177,4.008835458080284e-05,5.215123859191654
12,43,686,177,4.54154287581332e-05,5.215123859191654
12,44,686,177,5.264874562271871e-05,5.215123859191654
12,45,686,177,5.953621075605042e-05,5.215123859191654
12,46,686,177,6.188618135638535e-05,5.215123859191654
12,47,686,177,6.998045137152076e-05,5.215123859191654
12,48,686,177,6.56850534141995e-05,5.215123859191654
12,49,686,177,7.351442036451772e-05,5.215123859191654
12,50,686,177,6.834868690930307e-05,5.215123859191654
12,51,686,177,6.0989164921920747e-05,5.215123859191654
12,52,686,177,6.946222129045054e-05,5.215123859191654
12,53,686,177,6.565120565937832e-05,5.215123859191654
12,54,686,177,6.519073940580711e-05,5.215123859191654
12,55,686,177,6.760509859304875e-05,5.215123859191654
12,56,686,177,6.840350397396833e-05,5.215123859191654
12,57,686,177,6.181811477290466e-05,5.215123859191654
12,58,686,177,5.502594285644591e-05,5.215123859191654
12,59,686,177,4.8346173571189865e-05,5.215123859191654
12,60,686,177,4.483354859985411e-05,5.215123859191654
12,61,686,177,4.2745727114379406e-05,5.215123859191654
12,62,686,177,4.57581554655917e-05,5.215123859191654
12,63,686,177,4.3947020458290353e-05,5.215123859191654
12,64,686,177,4.417752643348649e-05,5.215123859191654
12,65,686,177,4.244862429914065e-05,5.215123859191654
12,66,686,177,4.243059811415151e-05,5.215123859191654
12,67,686,177,4.2163846956100315e-05,5.215123859191654
12,68,686,177,4.296998304198496e-05,5.215123859191654
12,69,686,177,4.363703919807449e-05,5.215123859191654
12,70,686,177,4.4322860048851e-05,5.215123859191654
12,71,686,177,4.605212961905636e-05,5.215123859191654
12,72,686,177,4.738661300507374e-05,5.215123859191654
12,73,686,177,4.924006134388037e-05,5.215123859191654
12,74,686,177,4.9681024393066764e-05,5.215123859191654
12,75,686,177,5.024690108257346e-05,5.215123859191654
12,76,686,177,5.438629523268901e-05,5.215123859191654
12,77,686,177,5.311785571393557e-05,5.215123859191654
12,78,686,177,5.3726413170807064e-05,5.215123859191654
12,79,686,177,6.0853031754959375e-05,5.215123859191654
12,80,686,177,6.0561997088370845e-05,5.215123859191654
12,81,686,177,6.184165977174416e-05,5.215123859191654
12,82,686,177,6.90094821038656e-05,5.215123859191654
12,83,686,177,7.0712820161134e-05,5.215123859191654
12,84,686,177,6.694411422358826e-05,5.215123859191654
12,85,686,177,6.442029552999884e-05,5.215123859191654
12,86,686,177,7.033476867945865e-05,5.215123859191654
12,87,686,177,8.252391853602603e-05,5.215123859191654
12,88,686,177,8.260339382104576e-05,5.215123859191654
12,89,686,177,7.70629194448702e-05,5.215123859191654
12,90,686,177,7.416271546389908e-05,5.215123859191654
12,91,686,177,8.092085045063868e-05,5.215123859191654
12,92,686,177,7.682192517677322e-05,5.215123859191654
12,93,686,177,7.750517397653311e-05,5.215123859191654
12,94,686,177,8.231677202275023e-05,5.215123859191654
12,95,686,177,8.235908899223432e-05,5.215123859191654
12,96,686,177,7.216209633043036e-05,5.215123859191654
12,97,686,177,6.681754166493192e-05,5.215123859191654
12,98,686,177,6.606255192309618e-05,5.215123859191654
12,99,686,177,6.626619870075956e-05,5.215123859191654
12,100,686,177,6.243623647606e-05,5.215123859191654
12,101,686,177,6.14205637248233e-05,5.215123859191654
12,102,686,177,6.488995859399438e-05,5.215123859191654
12,103,686,177,5.9798545407829806e-05,5.215123859191654
12,104,686,177,5.98945734964218e-05,5.215123859191654
12,105,686,177,5.8770732721313834e-05,5.215123859191654
12,106,686,177,6.183301593409851e-05,5.215123859191654
12,107,686,177,6.19801867287606e-05,5.215123859191654
12,108,686,177,6.241618393687531e-05,5.215123859191654
12,109,686,177,6.240772199817002e-05,5.215123859191654
12,110,686,177,6.119851605035365e-05,5.215123859191654
12,111,686,177,5.989788405713625e-05,5.215123859191654
12,112,686,177,6.238398782443255e-05,5.215123859191654
12,113,686,177,6.489989027613774e-05,5.215123859191654
12,114,686,177,6.599227344850078e-05,5.215123859191654
12,115,686,177,6.665565160801634e-05,5.215123859191654
12,116,686,177,6.778998067602515e-05,5.215123859191654
12,117,686,177,6.819286500103772e-05,5.215123859191654
12,118,686,177,6.747209408786148e-05,5.215123859191654
12,119,686,177,6.50774163659662e-05,5.215123859191654
12,120,686,177,6.213066808413714e-05,5.215123859191654
12,121,686,177,6.359521648846567e-05,5.215123859191654
12,122,686,177,6.33888048469089e-05,5.215123859191654
12,123,686,177,6.551672413479537e-05,5.215123859191654
12,124,686,177,6.655391916865483e-05,5.215123859191654
12,125,686,177,6.629728886764497e-05,5.215123859191654
12,126,686,177,6.431065412471071e-05,5.215123859191654
12,127,686,177,6.715585186611861e-05,5.215123859191654
12,128,686,177,6.615435268031433e-05,5.215123859191654
12,129,686,177,6.713193579344079e-05,5.215123859191654
12,130,686,177,6.849879719084129e-05,5.215123859191654
12,131,686,177,6.552132254000753e-05,5.215123859191654
12,132,686,177,6.513113476103172e-05,5.215123859191654
12,133,686,177,6.827987817814574e-05,5.215123859191654
12,134,686,177,6.414012023014948e-05,5.215123859191654
12,135,686,177,6.621009379159659e-05,5.215123859191654
12,136,686,177,6.518503505503759e-05,5.215123859191654
12,137,686,177,6.504540942842141e-05,5.215123859191654
12,138,686,177,6.505497731268406e-05,5.215123859191654
12,139,686,177,6.24321837676689e-05,5.215123859191654
12,140,686,177,6.316050712484866e-05,5.215123859191654
12,141,686,177,6.320852116914466e-05,5.215123859191654
12,142,686,177,6.688027497148141e-05,5.215123859191654
12,143,686,177,6.685728294542059e-05,5.215123859191654
12,144,686,177,6.808229954913259e-05,5.215123859191654
12,145,686,177,6.570492405444384e-05,5.215123859191654
12,146,686,177,6.958180165383965e-05,5.215123859191654
12,147,686,177,7.221801934065297e-05,5.215123859191654
12,148,686,177,7.313379319384694e-05,5.215123859191654
12,149,686,177,7.353023829637095e-05,5.215123859191654
12,150,686,177,7.997342618182302e-05,5.215123859191654
12,151,686,177,7.924842066131532e-05,5.215123859191654
12,152,686,177,7.841543265385553e-05,5.215123859191654
12,153,686,177,7.473980804206803e-05,5.215123859191654
12,154,686,177,7.806663052178919e-05,5.215123859191654
12,155,686,177,7.800206367392093e-05,5.215123859191654
12,156,686,177,7.628124876646325e-05,5.215123859191654
12,157,686,177,7.464451482519507e-05,5.215123859191654
12,158,686,177,7.552203169325367e-05,5.215123859191654
12,159,686,177,7.501649088226259e-05,5.215123859191654
12,160,686,177,7.612856279592961e-05,5.215123859191654
12,161,686,177,7.942245429148898e-05,5.215123859191654
12,162,686,177,7.889061089372262e-05,5.215123859191654
12,163,686,177,7.814868149580434e-05,5.215123859191654
12,164,686,177,7.779123552609235e-05,5.215123859191654
12,165,686,177,7.642916170880198e-05,5.215123859191654
12,166,686,177,7.565577107015997e-05,5.215123859191654
12,167,686,177,7.672681385884061e-05,5.215123859191654
12,168,686,177,7.697884575463831e-05,5.215123859191654
12,169,686,177,7.850060501368716e-05,5.215123859191654
12,170,686,177,7.512687443522736e-05,5.215123859191654
12,171,686,177,7.289997301995754e-05,5.215123859191654
12,172,686,177,7.604908751090989e-05,5.215123859191654
12,173,686,177,7.34117638785392e-05,5.215123859191654
12,174,686,177,6.803061114624143e-05,5.215123859191654
12,175,686,177,7.189754978753626e-05,5.215123859191654
12,176,686,177,7.082559022819623e-05,5.215123859191654
12,177,686,177,7.131401798687875e-05,5.215123859191654
12,178,686,177,7.235544035211205e-05,5.215123859191654
12,179,686,177,7.22912373021245e-05,5.215123859191654
12,180,686,177,7.392797124339268e-05,5.215123859191654
12,181,686,177,7.482241198886186e-05,5.215123859191654
12,182,686,177,7.697461842326447e-05,5.215123859191654
12,183,686,177,7.557446224382147e-05,5.215123859191654
12,184,686,177,7.66282100812532e-05,5.215123859191654
12,185,686,177,7.590007589897141e-05,5.215123859191654
12,186,686,177,7.842425839044154e-05,5.215123859191654
12,187,686,177,7.488017581636086e-05,5.215123859191654
12,188,686,177,7.887277024565265e-05,5.215123859191654
12,189,686,177,8.134323434205726e-05,5.215123859191654
12,190,686,177,8.552769577363506e-05,5.215123859191654
12,191,686,177,8.276491280412301e-05,5.215123859191654
12,192,686,177,8.105036249617115e-05,5.215123859191654
12,193,686,177,8.162800804711878e-05,5.215123859191654
12,194,686,177,8.42660665512085e-05,5.215123859191654
12,195,686,177,8.406131382798776e-05,5.215123859191654
12,196,686,177,8.145176980178803e-05,5.215123859191654
12,197,686,177,8.014175546122715e-05,5.215123859191654
12,198,686,177,7.668579200981185e-05,5.215123859191654
12,199,686,177,7.277764234459028e-05,5.215123859191654
12,200,686,177,7.437739986926317e-05,5.215123859191654
12,201,686,177,8.34490783745423e-05,5.215123859191654
12,202,686,177,8.241924660978839e-05,5.215123859191654
12,203,686,177,7.921144424472004e-05,5.215123859191654
12,204,686,177,7.917667971923947e-05,5.215123859191654
12,205,686,177,7.237309910124168e-05,5.215123859191654
12,206,686,177,6.717443466186523e-05,5.215123859191654
12,207,686,177,7.43363780202344e-05,5.215123859191654
12,208,686,177,7.54951688577421e-05,5.215123859191654
12,209,686,177,7.57565867388621e-05,5.215123859191654
12,210,686,177,7.987335266079754e-05,5.215123859191654
12,211,686,177,7.675017695873976e-05,5.215123859191654
12,212,686,177,8.292275742860511e-05,5.215123859191654
12,213,686,177,8.688848902238533e-05,5.215123859191654
12,214,686,177,8.85070112417452e-05,5.215123859191654
12,215,686,177,8.827760757412761e-05,5.215123859191654
12,216,686,177,8.877798973117024e-05,5.215123859191654
12,217,686,177,8.450172754237428e-05,5.215123859191654
12,218,686,177,7.96717285993509e-05,5.215123859191654
12,219,686,177,7.943275704747066e-05,5.215123859191654
12,220,686,177,7.134382030926645e-05,5.215123859191654
12,221,686,177,7.979995280038565e-05,5.215123859191654
12,222,686,177,8.148709457600489e-05,5.215123859191654
12,223,686,177,8.378297206945717e-05,5.215123859191654
12,224,686,177,8.31672441563569e-05,5.215123859191654
12,225,686,177,8.49101270432584e-05,5.215123859191654
12,226,686,177,7.321235170820728e-05,5.215123859191654
12,227,686,177,8.284088835353032e-05,5.215123859191654
12,228,686,177,8.545282616978511e-05,5.215123859191654
12,229,686,177,8.082426938926801e-05,5.215123859191654
12,230,686,177,8.173912647180259e-05,5.215123859191654
12,231,686,177,7.9625919170212e-05,5.215123859191654
12,232,686,177,7.51320258132182e-05,5.215123859191654
12,233,686,177,7.596667273901403e-05,5.215123859191654
12,234,686,177,8.13612641650252e-05,5.215123859191654
12,235,686,177,7.94827938079834e-05,5.215123859191654
12,236,686,177,7.956300396472216e-05,5.215123859191654
12,237,686,177,8.107777102850378e-05,5.215123859191654
12,238,686,177,7.982183888088912e-05,5.215123859191654
12,239,686,177,8.263393101515248e-05,5.215123859191654
12,240,686,177,8.289939432870597e-05,5.215123859191654
12,241,686,177,8.503448771080002e-05,5.215123859191654
12,242,686,177,8.837381756165996e-05,5.215123859191654
12,243,686,177,8.883796544978395e-05,5.215123859191654
12,244,686,177,8.96165074664168e-05,5.215123859191654
12,245,686,177,9.188000694848597e-05,5.215123859191654
12,246,686,177,8.387514390051365e-05,5.215123859191654
12,247,686,177,8.360783976968378e-05,5.215123859191654
12,248,686,177,9.68689564615488e-05,5.215123859191654
12,249,686,177,0.00010054383892565966,5.215123859191654
12,250,686,177,9.502765169600025e-05,5.215123859191654
12,251,686,177,8.827208512229845e-05,5.215123859191654
12,252,686,177,9.369647887069732e-05,5.215123859191654
12,253,686,177,9.03223772183992e-05,5.215123859191654
12,254,686,177,8.518680988345295e-05,5.215123859191654
12,255,686,177,8.288503886433318e-05,5.215123859191654
12,256,686,177,8.279986650450155e-05,5.215123859191654
12,257,686,177,8.440716919722036e-05,5.215123859191654
12,258,686,177,8.133642404573038e-05,5.215123859191654
12,259,686,177,8.509722101734951e-05,5.215123859191654
12,260,686,177,8.518110553268343e-05,5.215123859191654
12,261,686,177,8.377837366424501e-05,5.215123859191654
12,262,686,177,8.241077739512548e-05,5.215123859191654
12,263,686,177,8.373551099793985e-05,5.215123859191654
12,264,686,177,8.369945862796158e-05,5.215123859191654
12,265,686,177,8.338303450727835e-05,5.215123859191654
12,266,686,177,8.367590635316446e-05,5.215123859191654
12,267,686,177,8.332453580806032e-05,5.215123859191654
12,268,686,177,8.873861952451989e-05,5.215123859191654
12,269,686,177,8.599957072874531e-05,5.215123859191654
12,270,686,177,8.903352136258036e-05,5.215123859191654
12,271,686,177,9.343377314507961e-05,5.215123859191654
12,272,686,177,9.191919525619596e-05,5.215123859191654
12,273,686,177,9.798414976103231e-05,5.215123859191654
12,274,686,177,9.781857806956396e-05,5.215123859191654
12,275,686,177,0.00011098237882833928,5.215123859191654
12,276,686,177,0.00010582307731965557,5.215123859191654
12,277,686,177,9.572174894856289e-05,5.215123859191654
12,278,686,177,0.00010008374374592677,5.215123859191654
12,279,686,177,9.136876906268299e-05,5.215123859191654
12,280,686,177,9.732205944601446e-05,5.215123859191654
12,281,686,177,9.086507634492591e-05,5.215123859191654
12,282,686,177,9.31964605115354e-05,5.215123859191654
12,283,686,177,9.6110648883041e-05,5.215123859191654
12,284,686,177,0.00010633634519763291,5.215123859191654
12,285,686,177,9.562645573168993e-05,5.215123859191654
12,286,686,177,9.316279465565458e-05,5.215123859191654
12,287,686,177,9.252020390704274e-05,5.215123859191654
12,288,686,177,9.52189730014652e-05,5.215123859191654
12,289,686,177,0.00010065863170893863,5.215123859191654
12,290,686,177,9.525135101284832e-05,5.215123859191654
12,291,686,177,9.914239490171894e-05,5.215123859191654
12,292,686,177,0.00010187555744778365,5.215123859191654
12,293,686,177,9.897351264953613e-05,5.215123859191654
12,294,686,177,9.80713521130383e-05,5.215123859191654
12,295,686,177,9.461262379772961e-05,5.215123859191654
12,296,686,177,9.386314923176542e-05,5.215123859191654
12,297,686,177,9.176116873277351e-05,5.215123859191654
12,298,686,177,9.136361768469214e-05,5.215123859191654
12,299,686,177,9.343818965135142e-05,5.215123859191654
12,300,686,177,8.656379213789478e-05,5.215123859191654
12,301,686,177,7.626359001733363e-05,5.215123859191654
12,302,686,177,7.742017623968422e-05,5.215123859191654
12,303,686,177,7.536676275776699e-05,5.215123859191654
12,304,686,177,7.55707806092687e-05,5.215123859191654
12,305,686,177,7.787475624354556e-05,5.215123859191654
12,306,686,177,7.683774310862646e-05,5.215123859191654
12,307,686,177,7.77732057031244e-05,5.215123859191654
12,308,686,177,7.531524897785857e-05,5.215123859191654
12,309,686,177,7.794171688146889e-05,5.215123859191654
12,310,686,177,7.630056643392891e-05,5.215123859191654
12,311,686,177,7.698417903156951e-05,5.215123859191654
12,312,686,177,7.632908091181889e-05,5.215123859191654
12,313,686,177,7.643798744538799e-05,5.215123859191654
12,314,686,177,7.596391515107825e-05,5.215123859191654
12,315,686,177,8.395718759857118e-05,5.215123859191654
12,316,686,177,8.462222467642277e-05,5.215123859191654
12,317,686,177,8.671960677020252e-05,5.215123859191654
12,318,686,177,8.538769907318056e-05,5.215123859191654
12,319,686,177,9.248415153706446e-05,5.215123859191654
12,320,686,177,8.775257447268814e-05,5.215123859191654
12,321,686,177,8.880614041117951e-05,5.215123859191654
12,322,686,177,9.228564886143431e-05,5.215123859191654
12,323,686,177,8.928260649554431e-05,5.215123859191654
12,324,686,177,8.906313451007009e-05,5.215123859191654
12,325,686,177,8.317331230500713e-05,5.215123859191654
12,326,686,177,8.691185212228447e-05,5.215123859191654
12,327,686,177,8.304454240715131e-05,5.215123859191654
12,328,686,177,8.225974306697026e-05,5.215123859191654
12,329,686,177,8.144735329551622e-05,5.215123859191654
12,330,686,177,8.225937926908955e-05,5.215123859191654
12,331,686,177,8.173084643203765e-05,5.215123859191654
12,332,686,177,8.206271741073579e-05,5.215123859191654
12,333,686,177,8.364205859834328e-05,5.215123859191654
12,334,686,177,8.245272329077125e-05,5.215123859191654
12,335,686,177,8.236681605922058e-05,5.215123859191654
12,336,686,177,8.479202369926497e-05,5.215123859191654
12,337,686,177,8.454550697933882e-05,5.215123859191654
12,338,686,177,8.643243927508593e-05,5.215123859191654
12,339,686,177,8.575397805543616e-05,5.215123859191654
12,340,686,177,8.549384801881388e-05,5.215123859191654
12,341,686,177,8.624534530099481e-05,5.215123859191654
12,342,686,177,8.780481584835798e-05,5.215123859191654
12,343,686,177,8.319281914737076e-05,5.215123859191654
12,344,686,177,8.51270233397372e-05,5.215123859191654
12,345,686,177,8.597418491262943e-05,5.215123859191654
12,346,686,177,8.650878589833155e-05,5.215123859191654
12,347,686,177,8.676173456478864e-05,5.215123859191654
12,348,686,177,8.485365106025711e-05,5.215123859191654
12,349,686,177,8.506650192430243e-05,5.215123859191654
12,350,686,177,8.498867828166112e-05,5.215123859191654
12,351,686,177,8.432935283053666e-05,5.215123859191654
12,352,686,177,8.50843425723724e-05,5.215123859191654
12,353,686,177,8.415053889621049e-05,5.215123859191654
12,354,686,177,7.992136670509353e-05,5.215123859191654
12,355,686,177,8.402342064073309e-05,5.215123859191654
12,356,686,177,8.512095519108698e-05,5.215123859191654
12,357,686,177,8.475431241095066e-05,5.215123859191654
12,358,686,177,8.753732981858775e-05,5.215123859191654
12,359,686,177,8.933209755923599e-05,5.215123859191654
12,360,686,177,9.608692198526114e-05,5.215123859191654
12,361,686,177,9.473716636421159e-05,5.215123859191654
12,362,686,177,8.982953295344487e-05,5.215123859191654
12,363,686,177,9.620613127481192e-05,5.215123859191654
12,364,686,177,9.853071242105216e-05,5.215123859191654
12,365,686,177,0.00010616562212817371,5.215123859191654
12,366,686,177,9.489132935414091e-05,5.215123859191654
12,367,686,177,0.00010106427362188697,5.215123859191654
12,368,686,177,9.467940253671259e-05,5.215123859191654
12,369,686,177,9.711104939924553e-05,5.215123859191654
12,370,686,177,9.858792327577248e-05,5.215123859191654
12,371,686,177,9.128948295256123e-05,5.215123859191654
12,372,686,177,8.761569915805012e-05,5.215123859191654
12,373,686,177,9.585898806108162e-05,5.215123859191654
12,374,686,177,9.417202818440273e-05,5.215123859191654
12,375,686,177,9.56706062424928e-05,5.215123859191654
12,376,686,177,9.420845162821934e-05,5.215123859191654
12,377,686,177,9.048482024809346e-05,5.215123859191654
12,378,686,177,8.792825974524021e-05,5.215123859191654
12,379,686,177,8.257193258032203e-05,5.215123859191654
12,380,686,177,8.244923083111644e-05,5.215123859191654
12,381,686,177,8.578947745263577e-05,5.215123859191654
12,382,686,177,8.611712109996006e-05,5.215123859191654
12,383,686,177,8.66966147441417e-05,5.215123859191654
12,384,686,177,8.689253445481881e-05,5.215123859191654
12,385,686,177,8.660536695970222e-05,5.215123859191654
12,386,686,177,9.125158248934895e-05,5.215123859191654
12,387,686,177,9.161160414805636e-05,5.215123859191654
12,388,686,177,9.871301881503314e-05,5.215123859191654
12,389,686,177,0.00010104385728482157,5.215123859191654
12,390,686,177,0.00010554216714808717,5.215123859191654
12,391,686,177,9.294277697335929e-05,5.215123859191654
12,392,686,177,9.069876978173852e-05,5.215123859191654
12,393,686,177,9.264217806048691e-05,5.215123859191654
12,394,686,177,9.35818679863587e-05,5.215123859191654
12,395,686,177,9.504715126240626e-05,5.215123859191654
12,396,686,177,9.393636719323695e-05,5.215123859191654
12,397,686,177,9.793778735911474e-05,5.215123859191654
12,398,686,177,0.00010039500921266153,5.215123859191654
12,399,686,177,0.0001018308539642021,5.215123859191654
12,400,686,177,9.889551438391209e-05,5.215123859191654
12,401,686,177,0.00010287854092894122,5.215123859191654
12,402,686,177,0.00010408773960079998,5.215123859191654
12,403,686,177,0.00010410024697193876,5.215123859191654
12,404,686,177,0.00010506919352337718,5.215123859191654
12,405,686,177,0.00010404579370515421,5.215123859191654
12,406,686,177,9.955152927432209e-05,5.215123859191654
12,407,686,177,9.550338290864602e-05,5.215123859191654
12,408,686,177,9.809507901081815e-05,5.215123859191654
12,409,686,177,9.693628817331046e-05,5.215123859191654
12,410,686,177,0.00010480115452082828,5.215123859191654
12,411,686,177,0.00010408589878352359,5.215123859191654
12,412,686,177,0.00010613159247441217,5.215123859191654
12,413,686,177,9.832742944126949e-05,5.215123859191654
12,414,686,177,9.557825978845358e-05,5.215123859191654
12,415,686,177,9.842842700891197e-05,5.215123859191654
12,416,686,177,9.733236220199615e-05,5.215123859191654
12,417,686,177,9.715281339595094e-05,5.215123859191654
12,418,686,177,9.81984703685157e-05,5.215123859191654
12,419,686,177,9.725932613946497e-05,5.215123859191654
12,420,686,177,0.00010145612031919882,5.215123859191654
12,421,686,177,0.00010708728950703517,5.215123859191654
12,422,686,177,0.00010341258894186467,5.215123859191654
12,423,686,177,0.00010353124525863677,5.215123859191654
12,424,686,177,0.00010930130520137027,5.215123859191654
12,425,686,177,0.00010185421706410125,5.215123859191654
12,426,686,177,0.00011129493213957176,5.215123859191654
12,427,686,177,0.00011581826402107254,5.215123859191654
12,428,686,177,0.00012520249583758414,5.215123859191654
12,429,686,177,0.00011302346683805808,5.215123859191654
12,430,686,177,0.00010372385440859944,5.215123859191654
12,431,686,177,0.00010408773960079998,5.215123859191654
12,432,686,177,0.00010272860527038574,5.215123859191654
12,433,686,177,9.497742576058954e-05,5.215123859191654
12,434,686,177,9.31578324525617e-05,5.215123859191654
12,435,686,177,8.988675108412281e-05,5.215123859191654
12,436,686,177,9.012424561660737e-05,5.215123859191654
12,437,686,177,8.920938853407279e-05,5.215123859191654
12,438,686,177,9.345124999526888e-05,5.215123859191654
12,439,686,177,9.877777483779937e-05,5.215123859191654
12,440,686,177,0.00010309322533430532,5.215123859191654
12,441,686,177,0.00010117520287167281,5.215123859191654
12,442,686,177,0.00010345563350711018,5.215123859191654
12,443,686,177,9.69138418440707e-05,5.215123859191654
12,444,686,177,9.866187610896304e-05,5.215123859191654
12,445,686,177,0.00010300234862370417,5.215123859191654
12,446,686,177,0.00010447995009599254,5.215123859191654
12,447,686,177,0.00010379670857219025,5.215123859191654
12,448,686,177,0.00010574158659437671,5.215123859191654
12,449,686,177,9.575927833793685e-05,5.215123859191654
12,450,686,177,9.135000436799601e-05,5.215123859191654
12,451,686,177,9.481774759478867e-05,5.215123859191654
12,452,686,177,9.001533908303827e-05,5.215123859191654
12,453,686,177,9.223818778991699e-05,5.215123859191654
12,454,686,177,9.413965017301962e-05,5.215123859191654
12,455,686,177,9.337950905319303e-05,5.215123859191654
12,456,686,177,0.00010658193787094206,5.215123859191654
12,457,686,177,0.00010622118134051561,5.215123859191654
12,458,686,177,0.00010466704407008365,5.215123859191654
12,459,686,177,0.00010312670929124579,5.215123859191654
12,460,686,177,9.827518078964204e-05,5.215123859191654
12,461,686,177,9.950535604730248e-05,5.215123859191654
12,462,686,177,9.678635251475498e-05,5.215123859191654
12,463,686,177,9.991063416237012e-05,5.215123859191654
12,464,686,177,9.631025022827089e-05,5.215123859191654
12,465,686,177,9.63937709457241e-05,5.215123859191654
12,466,686,177,9.830535418586805e-05,5.215123859191654
12,467,686,177,9.809213952394202e-05,5.215123859191654
12,468,686,177,9.542464249534532e-05,5.215123859191654
12,469,686,177,9.520498861093074e-05,5.215123859191654
12,470,686,177,9.478904394200072e-05,5.215123859191654
12,471,686,177,9.453131497139111e-05,5.215123859191654
12,472,686,177,9.430319187231362e-05,5.215123859191654
12,473,686,177,9.504678018856794e-05,5.215123859191654
12,474,686,177,9.334032074548304e-05,5.215123859191654
12,475,686,177,9.340084943687543e-05,5.215123859191654
12,476,686,177,9.39983656280674e-05,5.215123859191654
12,477,686,177,9.516083810012788e-05,5.215123859191654
12,478,686,177,9.152477286988869e-05,5.215123859191654
12,479,686,177,9.136914013652131e-05,5.215123859191654
12,480,686,177,8.794187306193635e-05,5.215123859191654
12,481,686,177,8.761753997532651e-05,5.215123859191654
12,482,686,177,8.466030703857541e-05,5.215123859191654
12,483,686,177,8.71668235049583e-05,5.215123859191654
12,484,686,177,9.029128705151379e-05,5.215123859191654
12,485,686,177,9.113587293541059e-05,5.215123859191654
12,486,686,177,9.054350084625185e-05,5.215123859191654
12,487,686,177,8.790507854428142e-05,5.215123859191654
12,488,686,177,9.0374807768967e-05,5.215123859191654
12,489,686,177,9.479161963099614e-05,5.215123859191654
12,490,686,177,9.303880506195128e-05,5.215123859191654
12,491,686,177,9.83833524514921e-05,5.215123859191654
12,492,686,177,9.570960537530482e-05,5.215123859191654
12,493,686,177,9.592245623935014e-05,5.215123859191654
12,494,686,177,9.71241170191206e-05,5.215123859191654
12,495,686,177,9.844166925176978e-05,5.215123859191654
12,496,686,177,0.00010373066470492631,5.215123859191654
12,497,686,177,0.0001006623133434914,5.215123859191654
12,498,686,177,9.857946133706719e-05,5.215123859191654
12,499,686,177,0.00010095941252075136,5.215123859191654
12,500,686,177,9.76539304247126e-05,5.215123859191654
12,501,686,177,9.69854008872062e-05,5.215123859191654
12,502,686,177,0.00010015474981628358,5.215123859191654
12,503,686,177,0.00010210570326307788,5.215123859191654
12,504,686,177,9.986942313844338e-05,5.215123859191654
12,505,686,177,0.00010023220238508657,5.215123859191654
12,506,686,177,0.00010102453961735591,5.215123859191654
12,507,686,177,9.851967479335144e-05,5.215123859191654
12,508,686,177,9.958961163647473e-05,5.215123859191654
12,509,686,177,0.00010188641317654401,5.215123859191654
12,510,686,177,9.795858204597607e-05,5.215123859191654
12,511,686,177,0.00010080746142193675,5.215123859191654
12,512,686,177,0.00010346464841859415,5.215123859191654
12,513,686,177,0.00010120427032234147,5.215123859191654
12,514,686,177,0.00010339547588955611,5.215123859191654
12,515,686,177,0.00010209208994638175,5.215123859191654
12,516,686,177,0.0001001080236164853,5.215123859191654
12,517,686,177,0.00010001972259487957,5.215123859191654
12,518,686,177,9.896027040667832e-05,5.215123859191654
12,519,686,177,9.983428753912449e-05,5.215123859191654
12,520,686,177,9.957857400877401e-05,5.215123859191654
12,521,686,177,0.0001014570370898582,5.215123859191654
12,522,686,177,9.762927948031574e-05,5.215123859191654
12,523,686,177,9.868854976957664e-05,5.215123859191654
12,524,686,177,9.764804417500272e-05,5.215123859191654
12,525,686,177,9.835594391915947e-05,5.215123859191654
12,526,686,177,9.98208561213687e-05,5.215123859191654
12,527,686,177,9.928017971105874e-05,5.215123859191654
12,528,686,177,0.00010009331163018942,5.215123859191654
12,529,686,177,9.946800855686888e-05,5.215123859191654
12,530,686,177,0.00010241274139843881,5.215123859191654
12,531,686,177,0.00010300050780642778,5.215123859191654
12,532,686,177,0.00010578389628790319,5.215123859191654
12,533,686,177,0.00010642372944857925,5.215123859191654
12,534,686,177,0.00010477264004293829,5.215123859191654
12,535,686,177,0.000101606419775635,5.215123859191654
12,536,686,177,0.00010649510659277439,5.215123859191654
12,537,686,177,0.00010616322833811864,5.215123859191654
12,538,686,177,0.00010493342415429652,5.215123859191654
12,539,686,177,0.00010772601672215387,5.215123859191654
12,540,686,177,0.00011140789138153195,5.215123859191654
12,541,686,177,0.00011277824523858726,5.215123859191654
12,542,686,177,0.00011222708417335525,5.215123859191654
12,543,686,177,0.00011307957902317867,5.215123859191654
12,544,686,177,0.00011210438242414966,5.215123859191654
12,545,686,177,0.00011147632176289335,5.215123859191654
12,546,686,177,0.00011623512546066195,5.215123859191654
12,547,686,177,0.00011285790242254734,5.215123859191654
12,548,686,177,0.00011322637874400243,5.215123859191654
12,549,686,177,0.00011483993876026943,5.215123859191654
12,550,686,177,0.00011330420238664374,5.215123859191654
12,551,686,177,0.00011355843889759853,5.215123859191654
12,552,686,177,0.00011753742001019418,5.215123859191654
12,553,686,177,0.00011730672849807888,5.215123859191654
12,554,686,177,0.00011543487926246598,5.215123859191654
12,555,686,177,0.00011687293590512127,5.215123859191654
12,556,686,177,0.00011616853589657694,5.215123859191654
12,557,686,177,0.00011977001850027591,5.215123859191654
12,558,686,177,0.00012121726467739791,5.215123859191654
12,559,686,177,0.0001244327868334949,5.215123859191654
12,560,686,177,0.0001187236193800345,5.215123859191654
12,561,686,177,0.0001188601236208342,5.215123859191654
12,562,686,177,0.000110365726868622,5.215123859191654
12,563,686,177,0.0001099874934880063,5.215123859191654
12,564,686,177,9.963118645828217e-05,5.215123859191654
12,565,686,177,0.0001085735420929268,5.215123859191654
12,566,686,177,0.0001117530046030879,5.215123859191654
12,567,686,177,0.00010506036051083356,5.215123859191654
12,568,686,177,0.00010655599908204749,5.215123859191654
12,569,686,177,0.00010449191177031025,5.215123859191654
12,570,686,177,9.578448225511238e-05,5.215123859191654
12,571,686,177,0.0001167456284747459,5.215123859191654
12,572,686,177,9.507566574029624e-05,5.215123859191654
12,573,686,177,9.626849350752309e-05,5.215123859191654
12,574,686,177,0.00010360850865254179,5.215123859191654
12,575,686,177,0.00010872880375245586,5.215123859191654
12,576,686,177,0.0001129255979321897,5.215123859191654
12,577,686,177,0.00011489108146633953,5.215123859191654
12,578,686,177,0.00011372823792044073,5.215123859191654
12,579,686,177,0.00011460777750471607,5.215123859191654
12,580,686,177,0.00012475933181121945,5.215123859191654
12,581,686,177,0.00012319470988586545,5.215123859191654
12,582,686,177,0.00012312186299823225,5.215123859191654
12,583,686,177,0.00010717190889408812,5.215123859191654
12,584,686,177,0.00011291915870970115,5.215123859191654
12,585,686,177,0.00011332314898027107,5.215123859191654
12,586,686,177,0.00011882627586601302,5.215123859191654
12,587,686,177,0.00011380090290913358,5.215123859191654
12,588,686,177,0.00011304131476208568,5.215123859191654
12,589,686,177,0.00011799769708886743,5.215123859191654
12,590,686,177,0.00011868296860484406,5.215123859191654
12,591,686,177,0.00011395139154046774,5.215123859191654
12,592,686,177,0.00010495440074009821,5.215123859191654
12,593,686,177,0.00010320121509721503,5.215123859191654
12,594,686,177,0.0001091086960514076,5.215123859191654
12,595,686,177,0.00010729222412919626,5.215123859191654
12,596,686,177,0.00010769841901492327,5.215123859191654
12,597,686,177,0.00010715884855017066,5.215123859191654
12,598,686,177,0.0001083726529031992,5.215123859191654
12,599,686,177,0.00010846077202586457,5.215123859191654
12,600,686,177,0.00011394329339964315,5.215123859191654
12,601,686,177,0.00010681447020033374,5.215123859191654
12,602,686,177,0.00010877627209993079,5.215123859191654
12,603,686,177,0.0001080600923160091,5.215123859191654
12,604,686,177,0.000108414409623947,5.215123859191654
12,605,686,177,0.00011644227197393775,5.215123859191654
12,606,686,177,0.00011861692473758012,5.215123859191654
12,607,686,177,0.00011746088421205059,5.215123859191654
12,608,686,177,0.00011095937952632084,5.215123859191654
12,609,686,177,0.00010504306555958465,5.215123859191654
12,610,686,177,0.00010375402780482545,5.215123859191654
12,611,686,177,0.00010643292625900358,5.215123859191654
12,612,686,177,0.00010800122254295275,5.215123859191654
12,613,686,177,0.00010460762132424861,5.215123859191654
12,614,686,177,0.000105314415122848,5.215123859191654
12,615,686,177,0.00010625852883094922,5.215123859191654
12,616,686,177,0.00010692852811189368,5.215123859191654
12,617,686,177,0.0001123744368669577,5.215123859191654
12,618,686,177,0.00011641393939498812,5.215123859191654
12,619,686,177,0.00011648679355857894,5.215123859191654
12,620,686,177,0.00011625076876953244,5.215123859191654
12,621,686,177,0.00012130336108384654,5.215123859191654
12,622,686,177,0.0001160202591563575,5.215123859191654
12,623,686,177,0.00011363625526428223,5.215123859191654
12,624,686,177,0.00010776280396385118,5.215123859191654
12,625,686,177,0.00010275252134306356,5.215123859191654
12,626,686,177,0.00010601973917800933,5.215123859191654
12,627,686,177,0.00010815336281666532,5.215123859191654
12,628,686,177,0.00011298391473246738,5.215123859191654
12,629,686,177,0.00011131553765153512,5.215123859191654
12,630,686,177,0.0001104658076656051,5.215123859191654
12,631,686,177,0.00011157272092532367,5.215123859191654
12,632,686,177,0.00010670114716049284,5.215123859191654
12,633,686,177,0.00011065253056585789,5.215123859191654
12,634,686,177,0.00010469905828358606,5.215123859191654
12,635,686,177,0.00010599821689538658,5.215123859191654
12,636,686,177,0.00010424134961795062,5.215123859191654
12,637,686,177,0.00010364419722463936,5.215123859191654
12,638,686,177,0.00010392676631454378,5.215123859191654
12,639,686,177,0.00010530356667004526,5.215123859191654
12,640,686,177,0.00010299940186087042,5.215123859191654
12,641,686,177,0.0001039591443259269,5.215123859191654
12,642,686,177,0.00010292176739312708,5.215123859191654
12,643,686,177,0.00010604420822346583,5.215123859191654
12,644,686,177,0.00010804740304592997,5.215123859191654
12,645,686,177,0.00011034236376872286,5.215123859191654
12,646,686,177,0.00011208395881112665,5.215123859191654
12,647,686,177,0.000117782641609665,5.215123859191654
12,648,686,177,0.00011429963342379779,5.215123859191654
12,649,686,177,0.00012509616499301046,5.215123859191654
12,650,686,177,0.00012171673006378114,5.215123859191654
12,651,686,177,0.0001260566496057436,5.215123859191654
12,652,686,177,0.00012493446411099285,5.215123859191654
12,653,686,177,0.00012328816228546202,5.215123859191654
12,654,686,177,0.00011410058505134657,5.215123859191654
12,655,686,177,0.0001177186204586178,5.215123859191654
12,656,686,177,0.00010165351704927161,5.215123859191654
12,657,686,177,0.00011036627984140068,5.215123859191654
12,658,686,177,0.00011123017611680552,5.215123859191654
12,659,686,177,0.00010892326099565253,5.215123859191654
12,660,686,177,0.00011284667561994866,5.215123859191654
12,661,686,177,0.00010669654875528067,5.215123859191654
12,662,686,177,0.00010476086754351854,5.215123859191654
12,663,686,177,9.8438911663834e-05,5.215123859191654
12,664,686,177,9.567888628225774e-05,5.215123859191654
12,665,686,177,9.422850416740403e-05,5.215123859191654
12,666,686,177,9.568256791681051e-05,5.215123859191654
12,667,686,177,9.445846080780029e-05,5.215123859191654
12,668,686,177,9.44926796364598e-05,5.215123859191654
12,669,686,177,9.527342626824975e-05,5.215123859191654
12,670,686,177,9.553760173730552e-05,5.215123859191654
12,671,686,177,9.520848834654316e-05,5.215123859191654
12,672,686,177,9.552325354889035e-05,5.215123859191654
12,673,686,177,9.71231929725036e-05,5.215123859191654
12,674,686,177,9.703084651846439e-05,5.215123859191654
12,675,686,177,9.585236693965271e-05,5.215123859191654
12,676,686,177,9.591068373993039e-05,5.215123859191654
12,677,686,177,9.69489774433896e-05,5.215123859191654
12,678,686,177,9.741073154145852e-05,5.215123859191654
12,679,686,177,9.699772635940462e-05,5.215123859191654
12,680,686,177,9.51367401285097e-05,5.215123859191654
12,681,686,177,9.455320105189458e-05,5.215123859191654
12,682,686,177,9.38787852646783e-05,5.215123859191654
12,683,686,177,9.737798245623708e-05,5.215123859191654
12,684,686,177,9.606631647329777e-05,5.215123859191654
12,685,686,177,9.57475058385171e-05,5.215123859191654
13,35,464,177,6.371902418322861e-05,5.215123859191654
13,36,464,177,6.438571290345863e-05,5.215123859191654
13,37,464,177,6.857937842141837e-05,5.215123859191654
13,38,464,177,6.69878936605528e-05,5.215123859191654
13,39,464,177,7.077940972521901e-05,5.215123859191654
13,40,464,177,7.878281030571088e-05,5.215123859191654
13,41,464,177,6.265662523219362e-05,5.215123859191654
13,42,464,177,6.504430348286405e-05,5.215123859191654
13,43,464,177,6.401722930604592e-05,5.215123859191654
13,44,464,177,6.410406058421358e-05,5.215123859191654
13,45,464,177,6.451982335420325e-05,5.215123859191654
13,46,464,177,6.187146209413186e-05,5.215123859191654
13,47,464,177,5.826207052450627e-05,5.215123859191654
13,48,464,177,4.79602167615667e-05,5.215123859191654
13,49,464,177,4.8785666876938194e-05,5.215123859191654
13,50,464,177,4.180235555395484e-05,5.215123859191654
13,51,464,177,4.04356796934735e-05,5.215123859191654
13,52,464,177,4.062203879584558e-05,5.215123859191654
13,53,464,177,4.05979371862486e-05,5.215123859191654
13,54,464,177,3.979529719799757e-05,5.215123859191654
13,55,464,177,4.181045005680062e-05,5.215123859191654
13,56,464,177,4.3516356527106836e-05,5.215123859191654
13,57,464,177,4.576956052915193e-05,5.215123859191654
13,58,464,177,4.5210490497993305e-05,5.215123859191654
13,59,464,177,4.6494566049659625e-05,5.215123859191654
13,60,464,177,4.7630182962166145e-05,5.215123859191654
13,61,464,177,4.834838182432577e-05,5.215123859191654
13,62,464,177,5.016834620619193e-05,5.215123859191654
13,63,464,177,4.9287889851257205e-05,5.215123859191654
13,64,464,177,4.916352918371558e-05,5.215123859191654
13,65,464,177,5.272030830383301e-05,5.215123859191654
13,66,464,177,5.721401976188645e-05,5.215123859191654
13,67,464,177,6.344325811369345e-05,5.215123859191654
13,68,464,177,6.959761958569288e-05,5.215123859191654
13,69,464,177,7.964284304762259e-05,5.215123859191654
13,70,464,177,9.336460789199919e-05,5.215123859191654
13,71,464,177,0.00012249141582287848,5.215123859191654
13,72,464,177,0.00013562374806497246,5.215123859191654
13,73,464,177,0.00012250299914740026,5.215123859191654
13,74,464,177,0.0001161718464572914,5.215123859191654
13,75,464,177,9.897608833853155e-05,5.215123859191654
13,76,464,177,8.147145854309201e-05,5.215123859191654
13,77,464,177,8.080292900558561e-05,5.215123859191654
13,78,464,177,7.129138975869864e-05,5.215123859191654
13,79,464,177,6.129730900283903e-05,5.215123859191654
13,80,464,177,6.323040724964812e-05,5.215123859191654
13,81,464,177,6.804771692259237e-05,5.215123859191654
13,82,464,177,6.63749233353883e-05,5.215123859191654
13,83,464,177,6.614772428292781e-05,5.215123859191654
13,84,464,177,7.055424066493288e-05,5.215123859191654
13,85,464,177,6.724985723849386e-05,5.215123859191654
13,86,464,177,7.741079753031954e-05,5.215123859191654
13,87,464,177,8.639693260192871e-05,5.215123859191654
13,88,464,177,8.62067099660635e-05,5.215123859191654
13,89,464,177,9.339164535049349e-05,5.215123859191654
13,90,464,177,0.00011928692401852459,5.215123859191654
13,91,464,177,0.00013316137483343482,5.215123859191654
13,92,464,177,0.00015868227637838572,5.215123859191654
13,93,464,177,0.0001759810547810048,5.215123859191654
13,94,464,177,0.00018105462368112057,5.215123859191654
13,95,464,177,0.00017269157979171723,5.215123859191654
13,96,464,177,0.00017679344455245882,5.215123859191654
13,97,464,177,0.00017930290778167546,5.215123859191654
13,98,464,177,0.00017941163969226182,5.215123859191654
13,99,464,177,0.00017613668751437217,5.215123859191654
13,100,464,177,0.00018013922090176493,5.215123859191654
13,101,464,177,0.00017859133367892355,5.215123859191654
13,102,464,177,0.00017277472943533212,5.215123859191654
13,103,464,177,0.00017057395598385483,5.215123859191654
13,104,464,177,0.00017333932919427752,5.215123859191654
13,105,464,177,0.0001764716871548444,5.215123859191654
13,106,464,177,0.0001762214960763231,5.215123859191654
13,107,464,177,0.0001716978003969416,5.215123859191654
13,108,464,177,0.00017047995061147958,5.215123859191654
13,109,464,177,0.0001703857706161216,5.215123859191654
13,110,464,177,0.00017023271357174963,5.215123859191654
13,111,464,177,0.00016819989832583815,5.215123859191654
13,112,464,177,0.00017230378580279648,5.215123859191654
13,113,464,177,0.00016759078425820917,5.215123859191654
13,114,464,177,0.0001748044160194695,5.215123859191654
13,115,464,177,0.0001755520497681573,5.215123859191654
13,116,464,177,0.00017439527437090874,5.215123859191654
13,117,464,177,0.0001748756185406819,5.215123859191654
13,118,464,177,0.00017847893468569964,5.215123859191654
13,119,464,177,0.00017767978715710342,5.215123859191654
13,120,464,177,0.00017591759387869388,5.215123859191654
13,121,464,177,0.00017198479326907545,5.215123859191654
13,122,464,177,0.00017576692334841937,5.215123859191654
13,123,464,177,0.00017293257405981421,5.215123859191654
13,124,464,177,0.00017364231462124735,5.215123859191654
13,125,464,177,0.0001774731936166063,5.215123859191654
13,126,464,177,0.00018188302055932581,5.215123859191654
13,127,464,177,0.0001933506573550403,5.215123859191654
13,128,464,177,0.00019628086010925472,5.215123859191654
13,129,464,177,0.00019320422143209726,5.215123859191654
13,130,464,177,0.0002000826789299026,5.215123859191654
13,131,464,177,0.00019522545335348696,5.215123859191654
13,132,464,177,0.00019799338770098984,5.215123859191654
13,133,464,177,0.0001930414146045223,5.215123859191654
13,134,464,177,0.00018966951756738126,5.215123859191654
13,135,464,177,0.0001905770186567679,5.215123859191654
13,136,464,177,0.00018131254182662815,5.215123859191654
13,137,464,177,0.00018007465405389667,5.215123859191654
13,138,464,177,0.00016902074276003987,5.215123859191654
13,139,464,177,0.0001660811685724184,5.215123859191654
13,140,464,177,0.00016132033488247544,5.215123859191654
13,141,464,177,0.00016016540757846087,5.215123859191654
13,142,464,177,0.00016294236411340535,5.215123859191654
13,143,464,177,0.00016676128143444657,5.215123859191654
13,144,464,177,0.00016025885997805744,5.215123859191654
13,145,464,177,0.00014804358943365514,5.215123859191654
13,146,464,177,0.00014910542813595384,5.215123859191654
13,147,464,177,0.00015220635395962745,5.215123859191654
13,148,464,177,0.00015497005369979888,5.215123859191654
13,149,464,177,0.00015251798322424293,5.215123859191654
13,150,464,177,0.0001509561261627823,5.215123859191654
13,151,464,177,0.00015586301742587239,5.215123859191654
13,152,464,177,0.00015746738063171506,5.215123859191654
13,153,464,177,0.0001573755725985393,5.215123859191654
13,154,464,177,0.0001584574783919379,5.215123859191654
13,155,464,177,0.00015913337119854987,5.215123859191654
13,156,464,177,0.00015341756807174534,5.215123859191654
13,157,464,177,0.00017154382658191025,5.215123859191654
13,158,464,177,0.00016830935783218592,5.215123859191654
13,159,464,177,0.0001754400145728141,5.215123859191654
13,160,464,177,0.0001740163133945316,5.215123859191654
13,161,464,177,0.00017697153089102358,5.215123859191654
13,162,464,177,0.00015667485422454774,5.215123859191654
13,163,464,177,0.00017838309577200562,5.215123859191654
13,164,464,177,0.0001630630431463942,5.215123859191654
13,165,464,177,0.00016081480134744197,5.215123859191654
13,166,464,177,0.00015563784108962864,5.215123859191654
13,167,464,177,0.00014986410678829998,5.215123859191654
13,168,464,177,0.00014846982958260924,5.215123859191654
13,169,464,177,0.00014821173681411892,5.215123859191654
13,170,464,177,0.00015322808758355677,5.215123859191654
13,171,464,177,0.0001513952447567135,5.215123859191654
13,172,464,177,0.0001472854637540877,5.215123859191654
13,173,464,177,0.00014649092918261886,5.215123859191654
13,174,464,177,0.00014426661073230207,5.215123859191654
13,175,464,177,0.00014067634765524417,5.215123859191654
13,176,464,177,0.00013805337948724627,5.215123859191654
13,177,464,177,0.00013299801503308117,5.215123859191654
13,178,464,177,0.00013010810653213412,5.215123859191654
13,179,464,177,0.00014241131430026144,5.215123859191654
13,180,464,177,0.00015853143122512847,5.215123859191654
13,181,464,177,0.00017888237198349088,5.215123859191654
13,182,464,177,0.00017380586359649897,5.215123859191654
13,183,464,177,0.0001846358791226521,5.215123859191654
13,184,464,177,0.0001707181945675984,5.215123859191654
13,185,464,177,0.00016433994460385293,5.215123859191654
13,186,464,177,0.0001616397057659924,5.215123859191654
13,187,464,177,0.0001636097877053544,5.215123859191654
13,188,464,177,0.0001639284164411947,5.215123859191654
13,189,464,177,0.00016798263823147863,5.215123859191654
13,190,464,177,0.00016269694606307894,5.215123859191654
13,191,464,177,0.0001645027514314279,5.215123859191654
13,192,464,177,0.0001606168516445905,5.215123859191654
13,193,464,177,0.00015842748689465225,5.215123859191654
13,194,464,177,0.0001605418074177578,5.215123859191654
13,195,464,177,0.0001613249332876876,5.215123859191654
13,196,464,177,0.00016108210547827184,5.215123859191654
13,197,464,177,0.00016300141578540206,5.215123859191654
13,198,464,177,0.00015907302440609783,5.215123859191654
13,199,464,177,0.00014714877761434764,5.215123859191654
13,200,464,177,0.0001406494848197326,5.215123859191654
13,201,464,177,0.00013736975961364806,5.215123859191654
13,202,464,177,0.00013360491720959544,5.215123859191654
13,203,464,177,0.00017427184502594173,5.215123859191654
13,204,464,177,0.0001690396893536672,5.215123859191654
13,205,464,177,0.0001581046381033957,5.215123859191654
13,206,464,177,0.00014331660349853337,5.215123859191654
13,207,464,177,0.00024967503850348294,5.215123859191654
13,208,464,177,0.00017740788462106138,5.215123859191654
13,209,464,177,0.0001778733276296407,5.215123859191654
13,210,464,177,0.00018214645388070494,5.215123859191654
13,211,464,177,0.00018192644347436726,5.215123859191654
13,212,464,177,0.00019189604790881276,5.215123859191654
13,213,464,177,0.00017898483201861382,5.215123859191654
13,214,464,177,0.00017465135897509754,5.215123859191654
13,215,464,177,0.00017402495723217726,5.215123859191654
13,216,464,177,0.00017511716578155756,5.215123859191654
13,217,464,177,0.00018577554146759212,5.215123859191654
13,218,464,177,0.0001932950981426984,5.215123859191654
13,219,464,177,0.0002207518700743094,5.215123859191654
13,220,464,177,0.0001988767908187583,5.215123859191654
13,221,464,177,0.00020030232553835958,5.215123859191654
13,222,464,177,0.0001945856201928109,5.215123859191654
13,223,464,177,0.00019593151228036731,5.215123859191654
13,224,464,177,0.00019892130512744188,5.215123859191654
13,225,464,177,0.0001922564406413585,5.215123859191654
13,226,464,177,0.00019544050155673176,5.215123859191654
13,227,464,177,0.0001981065288418904,5.215123859191654
13,228,464,177,0.00020063898409716785,5.215123859191654
13,229,464,177,0.00019878683087881655,5.215123859191654
13,230,464,177,0.00020213867537677288,5.215123859191654
13,231,464,177,0.00020774739095941186,5.215123859191654
13,232,464,177,0.00020084834250155836,5.215123859191654
13,233,464,177,0.00019826454808935523,5.215123859191654
13,234,464,177,0.000198654000996612,5.215123859191654
13,235,464,177,0.00019717327086254954,5.215123859191654
13,236,464,177,0.0001940583752002567,5.215123859191654
13,237,464,177,0.0001959164219442755,5.215123859191654
13,238,464,177,0.0001927213161252439,5.215123859191654
13,239,464,177,0.0001943775569088757,5.215123859191654
13,240,464,177,0.0001961564994417131,5.215123859191654
13,241,464,177,0.00019576962222345173,5.215123859191654
13,242,464,177,0.00019208645971957594,5.215123859191654
13,243,464,177,0.00018676085164770484,5.215123859191654
13,244,464,177,0.0001868975377874449,5.215123859191654
13,245,464,177,0.00019351420633029193,5.215123859191654
13,246,464,177,0.00019665136642288417,5.215123859191654
13,247,464,177,0.00019894761499017477,5.215123859191654
13,248,464,177,0.00020577492250595242,5.215123859191654
13,249,464,177,0.000210879574296996,5.215123859191654
13,250,464,177,0.00021405352163128555,5.215123859191654
13,251,464,177,0.00020930042956024408,5.215123859191654
13,252,464,177,0.00020325809600763023,5.215123859191654
13,253,464,177,0.00020273029804229736,5.215123859191654
13,254,464,177,0.0002003801491810009,5.215123859191654
13,255,464,177,0.00019787950441241264,5.215123859191654
13,256,464,177,0.0001986501447390765,5.215123859191654
13,257,464,177,0.00019313541997689754,5.215123859191654
13,258,464,177,0.0001879185438156128,5.215123859191654
13,259,464,177,0.0001873780565802008,5.215123859191654
13,260,464,177,0.00017087197920773178,5.215123859191654
13,261,464,177,0.0001669251942075789,5.215123859191654
13,262,464,177,0.00016559089999645948,5.215123859191654
13,263,464,177,0.00017947988817468286,5.215123859191654
13,264,464,177,0.0001715822727419436,5.215123859191654
13,265,464,177,0.00018644351803231984,5.215123859191654
13,266,464,177,0.00017223553732037544,5.215123859191654
13,267,464,177,0.00019220162357669324,5.215123859191654
13,268,464,177,0.00019181400421075523,5.215123859191654
13,269,464,177,0.00021776833455078304,5.215123859191654
13,270,464,177,0.00023058590886648744,5.215123859191654
13,271,464,177,0.00023329864779952914,5.215123859191654
13,272,464,177,0.00017649965593591332,5.215123859191654
13,273,464,177,0.00018041259318124503,5.215123859191654
13,274,464,177,0.0002021695690928027,5.215123859191654
13,275,464,177,0.00018887479382101446,5.215123859191654
13,276,464,177,0.0002488808531779796,5.215123859191654
13,277,464,177,0.00022476966842077672,5.215123859191654
13,278,464,177,0.00029844249365851283,5.215123859191654
13,279,464,177,0.00031569821294397116,5.215123859191654
13,280,464,177,0.00033675943268463016,5.215123859191654
13,281,464,177,0.00034908397356048226,5.215123859191654
13,282,464,177,0.0003669479046948254,5.215123859191654
13,283,464,177,0.0003715679922606796,5.215123859191654
13,284,464,177,0.00032578298123553395,5.215123859191654
13,285,464,177,0.0003077695146203041,5.215123859191654
13,286,464,177,0.00022902569617144763,5.215123859191654
13,287,464,177,0.0002251107362098992,5.215123859191654
13,288,464,177,0.00021594965073745698,5.215123859191654
13,289,464,177,0.00023917302314657718,5.215123859191654
13,290,464,177,0.00023576414969284087,5.215123859191654
13,291,464,177,0.000232996215345338,5.215123859191654
13,292,464,177,0.00021878951520193368,5.215123859191654
13,293,464,177,0.00019857085135299712,5.215123859191654
13,294,464,177,0.0002157743292627856,5.215123859191654
13,295,464,177,0.0002075623197015375,5.215123859191654
13,296,464,177,0.0002024696150328964,5.215123859191654
13,297,464,177,0.00019640024402178824,5.215123859191654
13,298,464,177,0.00022023952624294907,5.215123859191654
13,299,464,177,0.00028021488105878234,5.215123859191654
13,300,464,177,0.0002877467486541718,5.215123859191654
13,301,464,177,0.0002695940202102065,5.215123859191654
13,302,464,177,0.00026294903364032507,5.215123859191654
13,303,464,177,0.00026596180396154523,5.215123859191654
13,304,464,177,0.0002676062867976725,5.215123859191654
13,305,464,177,0.00023573177168145776,5.215123859191654
13,306,464,177,0.00024335473426617682,5.215123859191654
13,307,464,177,0.00022999556676950306,5.215123859191654
13,308,464,177,0.00025059946347028017,5.215123859191654
13,309,464,177,0.0002480918192304671,5.215123859191654
13,310,464,177,0.00025588623248040676,5.215123859191654
13,311,464,177,0.0002559478743933141,5.215123859191654
13,312,464,177,0.0002471948100719601,5.215123859191654
13,313,464,177,0.00024340071831829846,5.215123859191654
13,314,464,177,0.00024713060702197254,5.215123859191654
13,315,464,177,0.00024074665270745754,5.215123859191654
13,316,464,177,0.0002676658914424479,5.215123859191654
13,317,464,177,0.00026649420033209026,5.215123859191654
13,318,464,177,0.00027952701202593744,5.215123859191654
13,319,464,177,0.00028910019318573177,5.215123859191654
13,320,464,177,0.0002668954257387668,5.215123859191654
13,321,464,177,0.0002685752115212381,5.215123859191654
13,322,464,177,0.00025058878236450255,5.215123859191654
13,323,464,177,0.00023766230151522905,5.215123859191654
13,324,464,177,0.00024053473316598684,5.215123859191654
13,325,464,177,0.00024024203594308347,5.215123859191654
13,326,464,177,0.0002433804766042158,5.215123859191654
13,327,464,177,0.0002472481573931873,5.215123859191654
13,328,464,177,0.00025541087961755693,5.215123859191654
13,329,464,177,0.00026816793251782656,5.215123859191654
13,330,464,177,0.0002654575800988823,5.215123859191654
13,331,464,177,0.0002824575931299478,5.215123859191654
13,332,464,177,0.0002805342373903841,5.215123859191654
13,333,464,177,0.0002843719266820699,5.215123859191654
13,334,464,177,0.0002956002135761082,5.215123859191654
13,335,464,177,0.00029279585578478873,5.215123859191654
13,336,464,177,0.0003069179365411401,5.215123859191654
13,337,464,177,0.0003083799092564732,5.215123859191654
13,338,464,177,0.00030205666553229094,5.215123859191654
13,339,464,177,0.0003167363174725324,5.215123859191654
13,340,464,177,0.0003090545069426298,5.215123859191654
13,341,464,177,0.00031582091469317675,5.215123859191654
13,342,464,177,0.00030993347172625363,5.215123859191654
13,343,464,177,0.0003071929677389562,5.215123859191654
13,344,464,177,0.00029725555214099586,5.215123859191654
13,345,464,177,0.0002917148813139647,5.215123859191654
13,346,464,177,0.0003014887624885887,5.215123859191654
13,347,464,177,0.0002953251823782921,5.215123859191654
13,348,464,177,0.0002978077973239124,5.215123859191654
13,349,464,177,0.0002998648851644248,5.215123859191654
13,350,464,177,0.00029383067158050835,5.215123859191654
13,351,464,177,0.00030222279019653797,5.215123859191654
13,352,464,177,0.0002881248074118048,5.215123859191654
13,353,464,177,0.000280859851045534,5.215123859191654
13,354,464,177,0.0002806812117341906,5.215123859191654
13,355,464,177,0.00028247819864191115,5.215123859191654
13,356,464,177,0.0003036924754269421,5.215123859191654
13,357,464,177,0.0003050731320399791,5.215123859191654
13,358,464,177,0.00028841252787970006,5.215123859191654
13,359,464,177,0.0002937740064226091,5.215123859191654
13,360,464,177,0.00027850913465954363,5.215123859191654
13,361,464,177,0.00030572290415875614,5.215123859191654
13,362,464,177,0.0003153001016471535,5.215123859191654
13,363,464,177,0.0003086584329139441,5.215123859191654
13,364,464,177,0.0002936212986242026,5.215123859191654
13,365,464,177,0.0002950185153167695,5.215123859191654
13,366,464,177,0.000284151901723817,5.215123859191654
13,367,464,177,0.0002804455580189824,5.215123859191654
13,368,464,177,0.0002890981559175998,5.215123859191654
13,369,464,177,0.00028403231408447027,5.215123859191654
13,370,464,177,0.0002893529599532485,5.215123859191654
13,371,464,177,0.00028054011636413634,5.215123859191654
13,372,464,177,0.00028660582029260695,5.215123859191654
13,373,464,177,0.00030307378619909286,5.215123859191654
13,374,464,177,0.0002673229610081762,5.215123859191654
13,375,464,177,0.0002374233299633488,5.215123859191654
13,376,464,177,0.00024054944515228271,5.215123859191654
13,377,464,177,0.0002319395134691149,5.215123859191654
13,378,464,177,0.00024506854242645204,5.215123859191654
13,379,464,177,0.0002443744451738894,5.215123859191654
13,380,464,177,0.0002731368294917047,5.215123859191654
13,381,464,177,0.00027322658570483327,5.215123859191654
13,382,464,177,0.0002797371125780046,5.215123859191654
13,383,464,177,0.0002736296446528286,5.215123859191654
13,384,464,177,0.0002734203008003533,5.215123859191654
13,385,464,177,0.00028130889404565096,5.215123859191654
13,386,464,177,0.0002832015452440828,5.215123859191654
13,387,464,177,0.00029707580688409507,5.215123859191654
13,388,464,177,0.0003041086019948125,5.215123859191654
13,389,464,177,0.00030211827834136784,5.215123859191654
13,390,464,177,0.0003139963373541832,5.215123859191654
13,391,464,177,0.00039754825411364436,5.215123859191654
13,392,464,177,0.0003731100005097687,5.215123859191654
13,393,464,177,0.00039166415808722377,5.215123859191654
13,394,464,177,0.00038904836401343346,5.215123859191654
13,395,464,177,0.000378291355445981,5.215123859191654
13,396,464,177,0.0002429159649182111,5.215123859191654
13,397,464,177,0.00023812736617401242,5.215123859191654
13,398,464,177,0.00023484174744226038,5.215123859191654
13,399,464,177,0.00022872694535180926,5.215123859191654
13,400,464,177,0.00023135874653235078,5.215123859191654
13,401,464,177,0.000233914572163485,5.215123859191654
13,402,464,177,0.00023819782654754817,5.215123859191654
13,403,464,177,0.00022887153318151832,5.215123859191654
13,404,464,177,0.00023161261924542487,5.215123859191654
13,405,464,177,0.00022089666163083166,5.215123859191654
13,406,464,177,0.00022001600882504135,5.215123859191654
13,407,464,177,0.0002072085626423359,5.215123859191654
13,408,464,177,0.0002442649856675416,5.215123859191654
13,409,464,177,0.00025868084048852324,5.215123859191654
13,410,464,177,0.00029308837838470936,5.215123859191654
13,411,464,177,0.0002600717998575419,5.215123859191654
13,412,464,177,0.0003024906327482313,5.215123859191654
13,413,464,177,0.0003076230641454458,5.215123859191654
13,414,464,177,0.0002660526952240616,5.215123859191654
13,415,464,177,0.0002505528973415494,5.215123859191654
13,416,464,177,0.00027145168860442936,5.215123859191654
13,417,464,177,0.00025988693232648075,5.215123859191654
13,418,464,177,0.00031121497158892453,5.215123859191654
13,419,464,177,0.000277893414022401,5.215123859191654
13,420,464,177,0.00028032856062054634,5.215123859191654
13,421,464,177,0.0002908147289417684,5.215123859191654
13,422,464,177,0.00027840796974487603,5.215123859191654
13,423,464,177,0.0002801243681460619,5.215123859191654
13,424,464,177,0.00027598754968494177,5.215123859191654
13,425,464,177,0.00028147007105872035,5.215123859191654
13,426,464,177,0.00030034303199499846,5.215123859191654
13,427,464,177,0.0002981904544867575,5.215123859191654
13,428,464,177,0.00028508479590527713,5.215123859191654
13,429,464,177,0.00024554337142035365,5.215123859191654
13,430,464,177,0.00033105709007941186,5.215123859191654
13,431,464,177,0.00030140357557684183,5.215123859191654
13,432,464,177,0.0002528848417568952,5.215123859191654
13,433,464,177,0.0002966056053992361,5.215123859191654
13,434,464,177,0.00027198923635296524,5.215123859191654
13,435,464,177,0.00025671260664239526,5.215123859191654
13,436,464,177,0.00025090391864068806,5.215123859191654
13,437,464,177,0.0002211729733971879,5.215123859191654
13,438,464,177,0.00024374289205297828,5.215123859191654
13,439,464,177,0.00022469001123681664,5.215123859191654
13,440,464,177,0.00023092108312994242,5.215123859191654
13,441,464,177,0.00024969360674731433,5.215123859191654
13,442,464,177,0.0002325445821043104,5.215123859191654
13,443,464,177,0.0002147636259905994,5.215123859191654
13,444,464,177,0.00018853960500564426,5.215123859191654
13,445,464,177,0.0001977352803805843,5.215123859191654
13,446,464,177,0.00018801751139108092,5.215123859191654
13,447,464,177,0.00019798491848632693,5.215123859191654
13,448,464,177,0.00020987274183426052,5.215123859191654
13,449,464,177,0.00020418527128640562,5.215123859191654
13,450,464,177,0.0002039538521785289,5.215123859191654
13,451,464,177,0.0002069697657134384,5.215123859191654
13,452,464,177,0.0002137426199624315,5.215123859191654
13,453,464,177,0.0002086063177557662,5.215123859191654
13,454,464,177,0.00021241532522253692,5.215123859191654
13,455,464,177,0.00021403972641564906,5.215123859191654
13,456,464,177,0.00019606506975833327,5.215123859191654
13,457,464,177,0.00018963144975714386,5.215123859191654
13,458,464,177,0.00019901126506738365,5.215123859191654
13,459,464,177,0.00020353238505776972,5.215123859191654
13,460,464,177,0.00020468032744247466,5.215123859191654
13,461,464,177,0.00019146446720696986,5.215123859191654
13,462,464,177,0.0001933933381224051,5.215123859191654
13,463,464,177,0.00020541693083941936,5.215123859191654
14,35,385,177,4.837284723180346e-05,5.215123859191654
14,36,385,177,4.4019132474204525e-05,5.215123859191654
14,37,385,177,4.437326788320206e-05,5.215123859191654
14,38,385,177,4.418065509526059e-05,5.215123859191654
14,39,385,177,4.246830940246582e-05,5.215123859191654
14,40,385,177,4.411424379213713e-05,5.215123859191654
14,41,385,177,4.4890024582855403e-05,5.215123859191654
14,42,385,177,4.482269287109375e-05,5.215123859191654
14,43,385,177,4.594561687554233e-05,5.215123859191654
14,44,385,177,4.853952123085037e-05,5.215123859191654
14,45,385,177,4.9024085456039757e-05,5.215123859191654
14,46,385,177,5.039738243795e-05,5.215123859191654
14,47,385,177,5.2481889724731445e-05,5.215123859191654
14,48,385,177,5.6030021369224414e-05,5.215123859191654
14,49,385,177,5.6938624766189605e-05,5.215123859191654
14,50,385,177,5.636152855004184e-05,5.215123859191654
14,51,385,177,5.9228987083770335e-05,5.215123859191654
14,52,385,177,6.06858084211126e-05,5.215123859191654
14,53,385,177,6.733871850883588e-05,5.215123859191654
14,54,385,177,6.805986049585044e-05,5.215123859191654
14,55,385,177,7.171413744799793e-05,5.215123859191654
14,56,385,177,7.391141843982041e-05,5.215123859191654
14,57,385,177,7.791099778842181e-05,5.215123859191654
14,58,385,177,7.781515159877017e-05,5.215123859191654
14,59,385,177,8.376697223866358e-05,5.215123859191654
14,60,385,177,7.828481466276571e-05,5.215123859191654
14,61,385,177,8.703069033799693e-05,5.215123859191654
14,62,385,177,9.321173274656758e-05,5.215123859191654
14,63,385,177,9.612849680706859e-05,5.215123859191654
14,64,385,177,0.00010137241770280525,5.215123859191654
14,65,385,177,0.00010411018593003973,5.215123859191654
14,66,385,177,0.00010464257502462715,5.215123859191654
14,67,385,177,0.00010468838445376605,5.215123859191654
14,68,385,177,0.0001170892792288214,5.215123859191654
14,69,385,177,0.00011930090840905905,5.215123859191654
14,70,385,177,0.00011719119356712326,5.215123859191654
14,71,385,177,0.00011359136988176033,5.215123859191654
14,72,385,177,0.00012801568664144725,5.215123859191654
14,73,385,177,0.00011468890443211421,5.215123859191654
14,74,385,177,0.00011008702131221071,5.215123859191654
14,75,385,177,0.00011875508062075824,5.215123859191654
14,76,385,177,0.0001275327813345939,5.215123859191654
14,77,385,177,0.0001268241467187181,5.215123859191654
14,78,385,177,0.00012725517444778234,5.215123859191654
14,79,385,177,0.0001344669726677239,5.215123859191654
14,80,385,177,0.00013142768875695765,5.215123859191654
14,81,385,177,0.00013799082080367953,5.215123859191654
14,82,385,177,0.00013409738312475383,5.215123859191654
14,83,385,177,0.00013063479855190963,5.215123859191654
14,84,385,177,0.00012929718650411814,5.215123859191654
14,85,385,177,0.00012951408280059695,5.215123859191654
14,86,385,177,0.00012627942487597466,5.215123859191654
14,87,385,177,0.00012395558587741107,5.215123859191654
14,88,385,177,0.00012252139276824892,5.215123859191654
14,89,385,177,0.00011936087685171515,5.215123859191654
14,90,385,177,0.00012115674326196313,5.215123859191654
14,91,385,177,0.00011580962018342689,5.215123859191654
14,92,385,177,0.00011530389747349545,5.215123859191654
14,93,385,177,0.0001137083672801964,5.215123859191654
14,94,385,177,0.00011287206871202216,5.215123859191654
14,95,385,177,0.00011093362991232425,5.215123859191654
14,96,385,177,0.00011540158448042348,5.215123859191654
14,97,385,177,0.00011662918404908851,5.215123859191654
14,98,385,177,0.00011626014747889712,5.215123859191654
14,99,385,177,0.00011613744572969154,5.215123859191654
14,100,385,177,0.00011889194865943864,5.215123859191654
14,101,385,177,0.00011565030581550673,5.215123859191654
14,102,385,177,0.00011452425678726286,5.215123859191654
14,103,385,177,0.00011542678839759901,5.215123859191654
14,104,385,177,0.00011601694859564304,5.215123859191654
14,105,385,177,0.00011657730647129938,5.215123859191654
14,106,385,177,0.00011503935820655897,5.215123859191654
14,107,385,177,0.000115793984150514,5.215123859191654
14,108,385,177,0.00011422604438848794,5.215123859191654
14,109,385,177,0.00011999592243228108,5.215123859191654
14,110,385,177,0.00012839189730584621,5.215123859191654
14,111,385,177,0.0001279047573916614,5.215123859191654
14,112,385,177,0.00012524242629297078,5.215123859191654
14,113,385,177,0.00013349822256714106,5.215123859191654
14,114,385,177,0.00013458305329550058,5.215123859191654
14,115,385,177,0.0001364076160825789,5.215123859191654
14,116,385,177,0.00013322172162588686,5.215123859191654
14,117,385,177,0.00013103823584970087,5.215123859191654
14,118,385,177,0.00012795111979357898,5.215123859191654
14,119,385,177,0.00012494108523242176,5.215123859191654
14,120,385,177,0.0001144685156759806,5.215123859191654
14,121,385,177,0.00011826978152384982,5.215123859191654
14,122,385,177,0.0001154672572738491,5.215123859191654
14,123,385,177,0.0001125184862758033,5.215123859191654
14,124,385,177,0.00011725337390089408,5.215123859191654
14,125,385,177,0.00010878454486373812,5.215123859191654
14,126,385,177,0.00012587913079187274,5.215123859191654
14,127,385,177,0.00011999739945167676,5.215123859191654
14,128,385,177,0.00011620973964454606,5.215123859191654
14,129,385,177,0.0001357666915282607,5.215123859191654
14,130,385,177,0.00011898356751771644,5.215123859191654
14,131,385,177,0.00011648697545751929,5.215123859191654
14,132,385,177,0.0001196682860609144,5.215123859191654
14,133,385,177,0.00012906172196380794,5.215123859191654
14,134,385,177,0.00012984761269763112,5.215123859191654
14,135,385,177,0.0001295063557336107,5.215123859191654
14,136,385,177,0.00011768900731112808,5.215123859191654
14,137,385,177,0.00011164593888679519,5.215123859191654
14,138,385,177,0.00011533609358593822,5.215123859191654
14,139,385,177,0.0001152130207628943,5.215123859191654
14,140,385,177,0.000115184135211166,5.215123859191654
14,141,385,177,0.00011255766730755568,5.215123859191654
14,142,385,177,0.00011113635991932824,5.215123859191654
14,143,385,177,0.0001120988599723205,5.215123859191654
14,144,385,177,0.00011012675531674176,5.215123859191654
14,145,385,177,0.00011015655763912946,5.215123859191654
14,146,385,177,9.736786887515336e-05,5.215123859191654
14,147,385,177,0.00010703228326747194,5.215123859191654
14,148,385,177,0.00011067478772019967,5.215123859191654
14,149,385,177,0.00012247338599991053,5.215123859191654
14,150,385,177,0.00012759974924847484,5.215123859191654
14,151,385,177,0.0001397370215272531,5.215123859191654
14,152,385,177,0.00012061864254064858,5.215123859191654
14,153,385,177,0.00010992991155944765,5.215123859191654
14,154,385,177,0.0001067666380549781,5.215123859191654
14,155,385,177,0.00010499247582629323,5.215123859191654
14,156,385,177,0.00010690736962715164,5.215123859191654
14,157,385,177,0.00010826024663401768,5.215123859191654
14,158,385,177,0.00010829023813130334,5.215123859191654
14,159,385,177,0.00010810737148858607,5.215123859191654
14,160,385,177,0.00010359765292378142,5.215123859191654
14,161,385,177,0.00010746386396931484,5.215123859191654
14,162,385,177,0.00010445916268508881,5.215123859191654
14,163,385,177,9.244238754035905e-05,5.215123859191654
14,164,385,177,9.544506610836834e-05,5.215123859191654
14,165,385,177,9.73356727627106e-05,5.215123859191654
14,166,385,177,0.00011719726899173111,5.215123859191654
14,167,385,177,9.829027112573385e-05,5.215123859191654
14,168,385,177,9.291058086091653e-05,5.215123859191654
14,169,385,177,9.396304085385054e-05,5.215123859191654
14,170,385,177,0.00010080709034809843,5.215123859191654
14,171,385,177,0.00010150137677555904,5.215123859191654
14,172,385,177,0.0001054509193636477,5.215123859191654
14,173,385,177,0.00010509384446777403,5.215123859191654
14,174,385,177,0.00011283950152574107,5.215123859191654
14,175,385,177,0.00010793646652018651,5.215123859191654
14,176,385,177,0.00011653830006252974,5.215123859191654
14,177,385,177,0.00011794619058491662,5.215123859191654
14,178,385,177,0.00011088211613241583,5.215123859191654
14,179,385,177,0.00010791991371661425,5.215123859191654
14,180,385,177,0.00010630046745063737,5.215123859191654
14,181,385,177,0.00010695611854316667,5.215123859191654
14,182,385,177,0.00010487713007023558,5.215123859191654
14,183,385,177,0.00010854336869670078,5.215123859191654
14,184,385,177,0.00010660143743734807,5.215123859191654
14,185,385,177,0.00010608338925521821,5.215123859191654
14,186,385,177,0.00010779003059724346,5.215123859191654
14,187,385,177,0.00010913574078585953,5.215123859191654
14,188,385,177,0.00011098826507804915,5.215123859191654
14,189,385,177,0.00011070882464991882,5.215123859191654
14,190,385,177,0.00010932890290860087,5.215123859191654
14,191,385,177,0.00010985779954353347,5.215123859191654
14,192,385,177,0.00010802716133184731,5.215123859191654
14,193,385,177,0.00011074911162722856,5.215123859191654
14,194,385,177,0.00010901247878791764,5.215123859191654
14,195,385,177,0.00010897789616137743,5.215123859191654
14,196,385,177,0.0001077480919775553,5.215123859191654
14,197,385,177,0.0001095687912311405,5.215123859191654
14,198,385,177,0.00010990507871611044,5.215123859191654
14,199,385,177,0.00011016667849617079,5.215123859191654
14,200,385,177,0.00011067754530813545,5.215123859191654
14,201,385,177,0.00011304351937724277,5.215123859191654
14,202,385,177,0.00010786086204461753,5.215123859191654
14,203,385,177,0.0001107200441765599,5.215123859191654
14,204,385,177,0.00011050498869735748,5.215123859191654
14,205,385,177,0.00011650427040876821,5.215123859191654
14,206,385,177,0.00011654492845991626,5.215123859191654
14,207,385,177,0.00011762075155274943,5.215123859191654
14,208,385,177,0.0001154788478743285,5.215123859191654
14,209,385,177,0.00010907796968240291,5.215123859191654
14,210,385,177,0.00011224125046283007,5.215123859191654
14,211,385,177,0.00011066650768043473,5.215123859191654
14,212,385,177,0.00011861950042657554,5.215123859191654
14,213,385,177,0.0001318603754043579,5.215123859191654
14,214,385,177,0.00013432881678454578,5.215123859191654
14,215,385,177,0.00013126598787494004,5.215123859191654
14,216,385,177,0.00012465042527765036,5.215123859191654
14,217,385,177,0.00012648124538827688,5.215123859191654
14,218,385,177,0.0001171577168861404,5.215123859191654
14,219,385,177,0.00010623405978549272,5.215123859191654
14,220,385,177,0.00010399226448498666,5.215123859191654
14,221,385,177,9.93497233139351e-05,5.215123859191654
14,222,385,177,0.00010256229870719835,5.215123859191654
14,223,385,177,0.00011228871153434739,5.215123859191654
14,224,385,177,0.00012410680938046426,5.215123859191654
14,225,385,177,0.0001080556758097373,5.215123859191654
14,226,385,177,0.00011193108366569504,5.215123859191654
14,227,385,177,0.0001225681189680472,5.215123859191654
14,228,385,177,0.0001083548049791716,5.215123859191654
14,229,385,177,0.00011367102706572041,5.215123859191654
14,230,385,177,0.0001045241006067954,5.215123859191654
14,231,385,177,0.00011224787158425897,5.215123859191654
14,232,385,177,0.00011307607928756624,5.215123859191654
14,233,385,177,0.000106714571302291,5.215123859191654
14,234,385,177,0.00011127378093078732,5.215123859191654
14,235,385,177,0.00010472886060597375,5.215123859191654
14,236,385,177,0.00011166084004798904,5.215123859191654
14,237,385,177,0.00011850488954223692,5.215123859191654
14,238,385,177,0.00011126219033030793,5.215123859191654
14,239,385,177,0.00010622283298289403,5.215123859191654
14,240,385,177,0.00013521828805096447,5.215123859191654
14,241,385,177,0.00010212777851847932,5.215123859191654
14,242,385,177,9.77757154032588e-05,5.215123859191654
14,243,385,177,0.00011146160977659747,5.215123859191654
14,244,385,177,0.00011258287122473121,5.215123859191654
14,245,385,177,0.00011528789036674425,5.215123859191654
14,246,385,177,0.00012829825573135167,5.215123859191654
14,247,385,177,0.00011708412785083055,5.215123859191654
14,248,385,177,0.00010796939750434831,5.215123859191654
14,249,385,177,0.0001072556187864393,5.215123859191654
14,250,385,177,0.00010516945621930063,5.215123859191654
14,251,385,177,0.00010246571764582768,5.215123859191654
14,252,385,177,0.0001011170752462931,5.215123859191654
14,253,385,177,0.00010010875848820433,5.215123859191654
14,254,385,177,9.954196866601706e-05,5.215123859191654
14,255,385,177,0.00010656243830453604,5.215123859191654
14,256,385,177,0.00010790170199470595,5.215123859191654
14,257,385,177,0.00011350325075909495,5.215123859191654
14,258,385,177,0.00011364489910192788,5.215123859191654
14,259,385,177,0.00010641287371981889,5.215123859191654
14,260,385,177,0.00011445324344094843,5.215123859191654
14,261,385,177,0.00010052249854197726,5.215123859191654
14,262,385,177,0.00011676310532493517,5.215123859191654
14,263,385,177,0.00011540802370291203,5.215123859191654
14,264,385,177,0.00013227503222879022,5.215123859191654
14,265,385,177,0.0001383469789288938,5.215123859191654
14,266,385,177,0.00011390852159820497,5.215123859191654
14,267,385,177,0.00011314212315483019,5.215123859191654
14,268,385,177,0.0001116864150390029,5.215123859191654
14,269,385,177,0.00011005243140971288,5.215123859191654
14,270,385,177,0.0001115703271352686,5.215123859191654
14,271,385,177,0.00011740771878976375,5.215123859191654
14,272,385,177,0.00011699453898472711,5.215123859191654
14,273,385,177,0.00011910148896276951,5.215123859191654
14,274,385,177,0.00012188321852590889,5.215123859191654
14,275,385,177,0.00012330085155554116,5.215123859191654
14,276,385,177,0.00011943298886762932,5.215123859191654
14,277,385,177,0.00012584969226736575,5.215123859191654
14,278,385,177,0.00012144777429057285,5.215123859191654
14,279,385,177,0.0001227485918207094,5.215123859191654
14,280,385,177,0.00012294120097067207,5.215123859191654
14,281,385,177,0.00011867302964674309,5.215123859191654
14,282,385,177,0.0001241066202055663,5.215123859191654
14,283,385,177,0.00012232399603817612,5.215123859191654
14,284,385,177,0.00011486348375910893,5.215123859191654
14,285,385,177,0.00011372363951522857,5.215123859191654
14,286,385,177,0.00011505444126669317,5.215123859191654
14,287,385,177,0.00011628608626779169,5.215123859191654
14,288,385,177,0.00011300249752821401,5.215123859191654
14,289,385,177,0.00011588264897000045,5.215123859191654
14,290,385,177,0.00011332351277815178,5.215123859191654
14,291,385,177,0.00011294362775515765,5.215123859191654
14,292,385,177,0.00011047960288124159,5.215123859191654
14,293,385,177,0.00010906068200711161,5.215123859191654
14,294,385,177,0.00011081294360337779,5.215123859191654
14,295,385,177,0.00011033887130906805,5.215123859191654
14,296,385,177,0.0001081143636838533,5.215123859191654
14,297,385,177,0.00010947552073048428,5.215123859191654
14,298,385,177,0.00011013852781616151,5.215123859191654
14,299,385,177,0.00011309153342153877,5.215123859191654
14,300,385,177,0.0001119535299949348,5.215123859191654
14,301,385,177,0.00010991041199304163,5.215123859191654
14,302,385,177,0.00011524300498422235,5.215123859191654
14,303,385,177,0.00011810274008894339,5.215123859191654
14,304,385,177,0.00012309278827160597,5.215123859191654
14,305,385,177,0.00012832954234909266,5.215123859191654
14,306,385,177,0.00012638411135412753,5.215123859191654
14,307,385,177,0.00012036551197525114,5.215123859191654
14,308,385,177,0.00012076600251020864,5.215123859191654
14,309,385,177,0.00012389027688186616,5.215123859191654
14,310,385,177,0.0001375437859678641,5.215123859191654
14,311,385,177,0.0001233313960256055,5.215123859191654
14,312,385,177,0.0001197860183310695,5.215123859191654
14,313,385,177,0.00012126215733587742,5.215123859191654
14,314,385,177,0.00011573106166906655,5.215123859191654
14,315,385,177,0.00011024210107279941,5.215123859191654
14,316,385,177,0.00011017734505003318,5.215123859191654
14,317,385,177,0.00011374847235856578,5.215123859191654
14,318,385,177,0.00011915612412849441,5.215123859191654
14,319,385,177,0.00012117146252421662,5.215123859191654
14,320,385,177,0.00012005957978544757,5.215123859191654
14,321,385,177,0.00011845687549794093,5.215123859191654
14,322,385,177,0.00013009339454583824,5.215123859191654
14,323,385,177,0.00012080610758857802,5.215123859191654
14,324,385,177,0.00014204099716152996,5.215123859191654
14,325,385,177,0.0001424039655830711,5.215123859191654
14,326,385,177,0.0001396915758959949,5.215123859191654
14,327,385,177,0.00012510702072177082,5.215123859191654
14,328,385,177,0.00012343349226284772,5.215123859191654
14,329,385,177,0.00012404812150634825,5.215123859191654
14,330,385,177,0.00012158814206486568,5.215123859191654
14,331,385,177,0.00012225095997564495,5.215123859191654
14,332,385,177,0.00012474515824578702,5.215123859191654
14,333,385,177,0.0001231744681717828,5.215123859191654
14,334,385,177,0.00012511953536886722,5.215123859191654
14,335,385,177,0.00012657101615332067,5.215123859191654
14,336,385,177,0.00012533973495010287,5.215123859191654
14,337,385,177,0.00012733023322653025,5.215123859191654
14,338,385,177,0.0001271398359676823,5.215123859191654
14,339,385,177,0.00012668709678109735,5.215123859191654
14,340,385,177,0.00013262420543469489,5.215123859191654
14,341,385,177,0.00013323588063940406,5.215123859191654
14,342,385,177,0.00013597769429907203,5.215123859191654
14,343,385,177,0.00013069789565633982,5.215123859191654
14,344,385,177,0.00012796767987310886,5.215123859191654
14,345,385,177,0.00012661829532589763,5.215123859191654
14,346,385,177,0.00013081471843179315,5.215123859191654
14,347,385,177,0.00013094533642288297,5.215123859191654
14,348,385,177,0.00012846769823227078,5.215123859191654
14,349,385,177,0.00012509616499301046,5.215123859191654
14,350,385,177,0.00013753790699411184,5.215123859191654
14,351,385,177,0.0001859387120930478,5.215123859191654
14,352,385,177,0.00018908966740127653,5.215123859191654
14,353,385,177,0.00014798490155953914,5.215123859191654
14,354,385,177,0.00013631416368298233,5.215123859191654
14,355,385,177,0.00012865313328802586,5.215123859191654
14,356,385,177,0.00012829311890527606,5.215123859191654
14,357,385,177,0.00012439140118658543,5.215123859191654
14,358,385,177,0.00011573713709367439,5.215123859191654
14,359,385,177,0.00011709958198480308,5.215123859191654
14,360,385,177,0.0001217018289025873,5.215123859191654
14,361,385,177,0.00011595715477596968,5.215123859191654
14,362,385,177,0.00011546744644874707,5.215123859191654
14,363,385,177,0.00011955992522416636,5.215123859191654
14,364,385,177,0.00011669632658595219,5.215123859191654
14,365,385,177,0.00010444794315844774,5.215123859191654
14,366,385,177,0.00010751169611467049,5.215123859191654
14,367,385,177,0.00010621345427352935,5.215123859191654
14,368,385,177,0.00010931032011285424,5.215123859191654
14,369,385,177,0.00010797345021273941,5.215123859191654
14,370,385,177,0.00010772730456665158,5.215123859191654
14,371,385,177,0.00010835020657395944,5.215123859191654
14,372,385,177,0.00010895544983213767,5.215123859191654
14,373,385,177,0.00010897825995925814,5.215123859191654
14,374,385,177,0.00010979193757520989,5.215123859191654
14,375,385,177,0.00010829115490196273,5.215123859191654
14,376,385,177,0.00010854171705432236,5.215123859191654
14,377,385,177,0.00010798779840115458,5.215123859191654
14,378,385,177,0.0001082904200302437,5.215123859191654
14,379,385,177,0.00010782351455418393,5.215123859191654
14,380,385,177,0.00010748483327915892,5.215123859191654
14,381,385,177,0.00010823559568962082,5.215123859191654
14,382,385,177,0.00011039626406272873,5.215123859191654
14,383,385,177,0.00011203631584066898,5.215123859191654
14,384,385,177,0.00011228282528463751,5.215123859191654
15,35,376,177,8.152517693815753e-05,5.215123859191654
15,36,376,177,7.090009603416547e-05,5.215123859191654
15,37,376,177,6.380125705618411e-05,5.215123859191654
15,38,376,177,6.17761688772589e-05,5.215123859191654
15,39,376,177,5.375676846597344e-05,5.215123859191654
15,40,376,177,5.509382390300743e-05,5.215123859191654
15,41,376,177,5.111355858389288e-05,5.215123859191654
15,42,376,177,5.0765866035362706e-05,5.215123859191654
15,43,376,177,5.414143743109889e-05,5.215123859191654
15,44,376,177,5.1551945944083855e-05,5.215123859191654
15,45,376,177,5.2167677495162934e-05,5.215123859191654
15,46,376,177,5.260017860564403e-05,5.215123859191654
15,47,376,177,5.43018541065976e-05,5.215123859191654
15,48,376,177,5.6856391893234104e-05,5.215123859191654
15,49,376,177,5.554196468438022e-05,5.215123859191654
15,50,376,177,5.821607919642702e-05,5.215123859191654
15,51,376,177,5.856432471773587e-05,5.215123859191654
15,52,376,177,6.550127727678046e-05,5.215123859191654
15,53,376,177,7.168764568632469e-05,5.215123859191654
15,54,376,177,7.057429320411757e-05,5.215123859191654
15,55,376,177,7.517782796639949e-05,5.215123859191654
15,56,376,177,7.090027793310583e-05,5.215123859191654
15,57,376,177,6.92784451530315e-05,5.215123859191654
15,58,376,177,7.052554428810254e-05,5.215123859191654
15,59,376,177,7.428265962516889e-05,5.215123859191654
15,60,376,177,7.751179509796202e-05,5.215123859191654
15,61,376,177,7.674944208702073e-05,5.215123859191654
15,62,376,177,8.38784544612281e-05,5.215123859191654
15,63,376,177,9.335135837318376e-05,5.215123859191654
15,64,376,177,8.99711885722354e-05,5.215123859191654
15,65,376,177,9.2779599071946e-05,5.215123859191654
15,66,376,177,8.635020640213042e-05,5.215123859191654
15,67,376,177,8.576151594752446e-05,5.215123859191654
15,68,376,177,8.389169670408592e-05,5.215123859191654
15,69,376,177,8.607885683886707e-05,5.215123859191654
15,70,376,177,8.819206414045766e-05,5.215123859191654
15,71,376,177,8.829655416775495e-05,5.215123859191654
15,72,376,177,9.570868860464543e-05,5.215123859191654
15,73,376,177,0.00010147139255423099,5.215123859191654
15,74,376,177,9.935560956364498e-05,5.215123859191654
15,75,376,177,9.989370300900191e-05,5.215123859191654
15,76,376,177,0.00010238753748126328,5.215123859191654
15,77,376,177,0.00010373011173214763,5.215123859191654
15,78,376,177,0.00010398416634416208,5.215123859191654
15,79,376,177,0.0001022705328068696,5.215123859191654
15,80,376,177,0.00010255880624754354,5.215123859191654
15,81,376,177,0.00010382742766523734,5.215123859191654
15,82,376,177,0.00010247528553009033,5.215123859191654
15,83,376,177,0.00010290153295500204,5.215123859191654
15,84,376,177,0.00010322016169084236,5.215123859191654
15,85,376,177,0.000106705745565705,5.215123859191654
15,86,376,177,0.00010337726416764781,5.215123859191654
15,87,376,177,0.00010164266132051125,5.215123859191654
15,88,376,177,0.00010226759331999347,5.215123859191654
15,89,376,177,0.00010459419718245044,5.215123859191654
15,90,376,177,0.0001077961060218513,5.215123859191654
15,91,376,177,0.00010474099690327421,5.215123859191654
15,92,376,177,0.00011017863289453089,5.215123859191654
15,93,376,177,0.00011108098260592669,5.215123859191654
15,94,376,177,0.00011476911458885297,5.215123859191654
15,95,376,177,0.00011383751552784815,5.215123859191654
15,96,376,177,0.00012311062891967595,5.215123859191654
15,97,376,177,0.00012261467054486275,5.215123859191654
15,98,376,177,0.0001264681777684018,5.215123859191654
15,99,376,177,0.00012796233932022005,5.215123859191654
15,100,376,177,0.0001317049318458885,5.215123859191654
15,101,376,177,0.00013712287181988358,5.215123859191654
15,102,376,177,0.000138034054543823,5.215123859191654
15,103,376,177,0.00013770144141744822,5.215123859191654
15,104,376,177,0.00014018386718817055,5.215123859191654
15,105,376,177,0.00014400611689779907,5.215123859191654
15,106,376,177,0.0001395552681060508,5.215123859191654
15,107,376,177,0.00014377119077835232,5.215123859191654
15,108,376,177,0.00014848621503915638,5.215123859191654
15,109,376,177,0.00014223213656805456,5.215123859191654
15,110,376,177,0.00013632612535730004,5.215123859191654
15,111,376,177,0.0001318728900514543,5.215123859191654
15,112,376,177,0.00013302396109793335,5.215123859191654
15,113,376,177,0.0001297436683671549,5.215123859191654
15,114,376,177,0.00012072865501977503,5.215123859191654
15,115,376,177,0.0001235024828929454,5.215123859191654
15,116,376,177,0.00011958181858062744,5.215123859191654
15,117,376,177,0.00012150682596256956,5.215123859191654
15,118,376,177,0.0001275478716706857,5.215123859191654
15,119,376,177,0.00013512096484191716,5.215123859191654
15,120,376,177,0.00012761299149133265,5.215123859191654
15,121,376,177,0.00012348464224487543,5.215123859191654
15,122,376,177,0.00018655849271453917,5.215123859191654
15,123,376,177,0.0001962151873158291,5.215123859191654
15,124,376,177,0.00014019821537658572,5.215123859191654
15,125,376,177,0.00013191316975280643,5.215123859191654
15,126,376,177,0.00013006561493966728,5.215123859191654
15,127,376,177,0.00013241705892141908,5.215123859191654
15,128,376,177,0.00013311336806509644,5.215123859191654
15,129,376,177,0.00012875982793048024,5.215123859191654
15,130,376,177,0.0001319689181400463,5.215123859191654
15,131,376,177,0.00014075820217840374,5.215123859191654
15,132,376,177,0.0001425310765625909,5.215123859191654
15,133,376,177,0.0001294423418585211,5.215123859191654
15,134,376,177,0.00013381463941186666,5.215123859191654
15,135,376,177,0.00013240271073300391,5.215123859191654
15,136,376,177,0.00011796458420576528,5.215123859191654
15,137,376,177,0.00011617111158557236,5.215123859191654
15,138,376,177,0.0001287876075366512,5.215123859191654
15,139,376,177,0.00012044424511259422,5.215123859191654
15,140,376,177,0.00013493259029928595,5.215123859191654
15,141,376,177,0.00013549883442465216,5.215123859191654
15,142,376,177,0.00013997250061947852,5.215123859191654
15,143,376,177,0.00013387184299062937,5.215123859191654
15,144,376,177,0.0001252943038707599,5.215123859191654
15,145,376,177,0.00012204768427181989,5.215123859191654
15,146,376,177,0.00012410938506945968,5.215123859191654
15,147,376,177,0.00011740275658667088,5.215123859191654
15,148,376,177,0.00011728998651960865,5.215123859191654
15,149,376,177,0.00011488353629829362,5.215123859191654
15,150,376,177,0.00011588210327317938,5.215123859191654
15,151,376,177,0.00011517457460286096,5.215123859191654
15,152,376,177,0.00011582396837184206,5.215123859191654
15,153,376,177,0.0001167252121376805,5.215123859191654
15,154,376,177,0.00011842596722999588,5.215123859191654
15,155,376,177,0.00011542274296516553,5.215123859191654
15,156,376,177,0.00011947144230362028,5.215123859191654
15,157,376,177,0.00012192571739433333,5.215123859191654
15,158,376,177,0.0001216142627527006,5.215123859191654
15,159,376,177,0.0001228370820172131,5.215123859191654
15,160,376,177,0.0001247127802344039,5.215123859191654
15,161,376,177,0.00015248045383486897,5.215123859191654
15,162,376,177,0.00015125800564419478,5.215123859191654
15,163,376,177,0.00013012447743676603,5.215123859191654
15,164,376,177,0.0001240994461113587,5.215123859191654
15,165,376,177,0.00012101876927772537,5.215123859191654
15,166,376,177,0.00012246491678524762,5.215123859191654
15,167,376,177,0.00011962523421971127,5.215123859191654
15,168,376,177,0.00012233044253662229,5.215123859191654
15,169,376,177,0.000122197438031435,5.215123859191654
15,170,376,177,0.00012981027248315513,5.215123859191654
15,171,376,177,0.00013851383118890226,5.215123859191654
15,172,376,177,0.00014078231470193714,5.215123859191654
15,173,376,177,0.00014361462672241032,5.215123859191654
15,174,376,177,0.0001499084464740008,5.215123859191654
15,175,376,177,0.00015192267892416567,5.215123859191654
15,176,376,177,0.00014476974320132285,5.215123859191654
15,177,376,177,0.00014517483941745013,5.215123859191654
15,178,376,177,0.00015067023923620582,5.215123859191654
15,179,376,177,0.00015191661077551544,5.215123859191654
15,180,376,177,0.00015867897309362888,5.215123859191654
15,181,376,177,0.000158014299813658,5.215123859191654
15,182,376,177,0.0001471552241127938,5.215123859191654
15,183,376,177,0.00014812435256317258,5.215123859191654
15,184,376,177,0.0001502066443208605,5.215123859191654
15,185,376,177,0.00014886866847518831,5.215123859191654
15,186,376,177,0.00014688257942907512,5.215123859191654
15,187,376,177,0.00015294809418264776,5.215123859191654
15,188,376,177,0.00015385376173071563,5.215123859191654
15,189,376,177,0.00014987275062594563,5.215123859191654
15,190,376,177,0.00015199129120446742,5.215123859191654
15,191,376,177,0.00015689524298068136,5.215123859191654
15,192,376,177,0.00015865689783822745,5.215123859191654
15,193,376,177,0.0001569368178024888,5.215123859191654
15,194,376,177,0.00015665848331991583,5.215123859191654
15,195,376,177,0.00015051754598971456,5.215123859191654
15,196,376,177,0.0001605701254447922,5.215123859191654
15,197,376,177,0.0001564474805491045,5.215123859191654
15,198,376,177,0.0001525753759779036,5.215123859191654
15,199,376,177,0.00015779024397488683,5.215123859191654
15,200,376,177,0.00015824426373001188,5.215123859191654
15,201,376,177,0.0001485016691731289,5.215123859191654
15,202,376,177,0.0001458203769288957,5.215123859191654
15,203,376,177,0.00014763169747311622,5.215123859191654
15,204,376,177,0.00014696206199005246,5.215123859191654
15,205,376,177,0.00014006393030285835,5.215123859191654
15,206,376,177,0.00013853536802344024,5.215123859191654
15,207,376,177,0.00012848462210968137,5.215123859191654
15,208,376,177,0.00012357735249679536,5.215123859191654
15,209,376,177,0.0001229095651069656,5.215123859191654
15,210,376,177,0.00013533566379919648,5.215123859191654
15,211,376,177,0.00013935584865976125,5.215123859191654
15,212,376,177,0.00014512902998831123,5.215123859191654
15,213,376,177,0.00014115207886788994,5.215123859191654
15,214,376,177,0.00013930101704318076,5.215123859191654
15,215,376,177,0.00013798272993881255,5.215123859191654
15,216,376,177,0.0001437827741028741,5.215123859191654
15,217,376,177,0.00015010878269094974,5.215123859191654
15,218,376,177,0.00013919781486038119,5.215123859191654
15,219,376,177,0.00013182965631131083,5.215123859191654
15,220,376,177,0.00013178955123294145,5.215123859191654
15,221,376,177,0.00013436451263260096,5.215123859191654
15,222,376,177,0.00013247370952740312,5.215123859191654
15,223,376,177,0.00012633130245376378,5.215123859191654
15,224,376,177,0.00012959245941601694,5.215123859191654
15,225,376,177,0.00013368310465011746,5.215123859191654
15,226,376,177,0.00013111697626300156,5.215123859191654
15,227,376,177,0.00014657629071734846,5.215123859191654
15,228,376,177,0.0001373855775455013,5.215123859191654
15,229,376,177,0.00014128950715530664,5.215123859191654
15,230,376,177,0.0001323191827395931,5.215123859191654
15,231,376,177,0.00012099448940716684,5.215123859191654
15,232,376,177,0.00011853910837089643,5.215123859191654
15,233,376,177,0.0001188001551781781,5.215123859191654
15,234,376,177,0.00011966258171014488,5.215123859191654
15,235,376,177,0.00012958473234903067,5.215123859191654
15,236,376,177,0.00015852351498324424,5.215123859191654
15,237,376,177,0.0001580133830429986,5.215123859191654
15,238,376,177,0.00016296921239700168,5.215123859191654
15,239,376,177,0.0001511215086793527,5.215123859191654
15,240,376,177,0.000142111093737185,5.215123859191654
15,241,376,177,0.00012545121717266738,5.215123859191654
15,242,376,177,0.00012733961921185255,5.215123859191654
15,243,376,177,0.00013062651851214468,5.215123859191654
15,244,376,177,0.00012816875823773444,5.215123859191654
15,245,376,177,0.00012642992078326643,5.215123859191654
15,246,376,177,0.00012663447705563158,5.215123859191654
15,247,376,177,0.00012284131662454456,5.215123859191654
15,248,376,177,0.00012603953655343503,5.215123859191654
15,249,376,177,0.00012539897579699755,5.215123859191654
15,250,376,177,0.00012830212654080242,5.215123859191654
15,251,376,177,0.00012715418415609747,5.215123859191654
15,252,376,177,0.0001259992568520829,5.215123859191654
15,253,376,177,0.00012592934945132583,5.215123859191654
15,254,376,177,0.0001267864427063614,5.215123859191654
15,255,376,177,0.00012494457769207656,5.215123859191654
15,256,376,177,0.00012538922601379454,5.215123859191654
15,257,376,177,0.00012125001376261935,5.215123859191654
15,258,376,177,0.00011870044545503333,5.215123859191654
15,259,376,177,0.00012192958092782646,5.215123859191654
15,260,376,177,0.00012464784958865494,5.215123859191654
15,261,376,177,0.00012586919183377177,5.215123859191654
15,262,376,177,0.0001286128390347585,5.215123859191654
15,263,376,177,0.00012998319289181381,5.215123859191654
15,264,376,177,0.00012973870616406202,5.215123859191654
15,265,376,177,0.00012890055950265378,5.215123859191654
15,266,376,177,0.000129544991068542,5.215123859191654
15,267,376,177,0.00013250774645712227,5.215123859191654
15,268,376,177,0.000126687838928774,5.215123859191654
15,269,376,177,0.0001277292612940073,5.215123859191654
15,270,376,177,0.00012971754767931998,5.215123859191654
15,271,376,177,0.0001272927038371563,5.215123859191654
15,272,376,177,0.00012968076043762267,5.215123859191654
15,273,376,177,0.00013206015864852816,5.215123859191654
15,274,376,177,0.00012911947851534933,5.215123859191654
15,275,376,177,0.00013238430256024003,5.215123859191654
15,276,376,177,0.00013197259977459908,5.215123859191654
15,277,376,177,0.00013152776227798313,5.215123859191654
15,278,376,177,0.0001291422959184274,5.215123859191654
15,279,376,177,0.00013199062959756702,5.215123859191654
15,280,376,177,0.00013459354522638023,5.215123859191654
15,281,376,177,0.00013468092947732657,5.215123859191654
15,282,376,177,0.00013209751341491938,5.215123859191654
15,283,376,177,0.0001329783262917772,5.215123859191654
15,284,376,177,0.0001344082847936079,5.215123859191654
15,285,376,177,0.00014046330761630088,5.215123859191654
15,286,376,177,0.00013819888408761472,5.215123859191654
15,287,376,177,0.00014436097990255803,5.215123859191654
15,288,376,177,0.00013731051876675338,5.215123859191654
15,289,376,177,0.00014315196312963963,5.215123859191654
15,290,376,177,0.00014514118083752692,5.215123859191654
15,291,376,177,0.0001498298952355981,5.215123859191654
15,292,376,177,0.0001527865679236129,5.215123859191654
15,293,376,177,0.00014885376731399447,5.215123859191654
15,294,376,177,0.00014892018225509673,5.215123859191654
15,295,376,177,0.0001520646910648793,5.215123859191654
15,296,376,177,0.00015566102229058743,5.215123859191654
15,297,376,177,0.00015368561435025185,5.215123859191654
15,298,376,177,0.0001428942196071148,5.215123859191654
15,299,376,177,0.00014302594354376197,5.215123859191654
15,300,376,177,0.00013715158274862915,5.215123859191654
15,301,376,177,0.00013205225695855916,5.215123859191654
15,302,376,177,0.00013355653209146112,5.215123859191654
15,303,376,177,0.00015420053387060761,5.215123859191654
15,304,376,177,0.00014304710202850401,5.215123859191654
15,305,376,177,0.00013749927165918052,5.215123859191654
15,306,376,177,0.00015514703409280628,5.215123859191654
15,307,376,177,0.00013490610581357032,5.215123859191654
15,308,376,177,0.00013969912833999842,5.215123859191654
15,309,376,177,0.00014559243572875857,5.215123859191654
15,310,376,177,0.00015656503092031926,5.215123859191654
15,311,376,177,0.00014092469064053148,5.215123859191654
15,312,376,177,0.0001393374550389126,5.215123859191654
15,313,376,177,0.00014068075688555837,5.215123859191654
15,314,376,177,0.0001365711650578305,5.215123859191654
15,315,376,177,0.00013502180809155107,5.215123859191654
15,316,376,177,0.0001343220064882189,5.215123859191654
15,317,376,177,0.0001373259729007259,5.215123859191654
15,318,376,177,0.00013865419896319509,5.215123859191654
15,319,376,177,0.00014471511531155556,5.215123859191654
15,320,376,177,0.00014380337961483747,5.215123859191654
15,321,376,177,0.00014267659571487457,5.215123859191654
15,322,376,177,0.00014144182205200195,5.215123859191654
15,323,376,177,0.00015018641715869308,5.215123859191654
15,324,376,177,0.00014784398081246763,5.215123859191654
15,325,376,177,0.00015081556921359152,5.215123859191654
15,326,376,177,0.00015305442502722144,5.215123859191654
15,327,376,177,0.00015216312021948397,5.215123859191654
15,328,376,177,0.0001524563558632508,5.215123859191654
15,329,376,177,0.00014543754514306784,5.215123859191654
15,330,376,177,0.0001449358678655699,5.215123859191654
15,331,376,177,0.0001397298474330455,5.215123859191654
15,332,376,177,0.00013946603576187044,5.215123859191654
15,333,376,177,0.0001415257138432935,5.215123859191654
15,334,376,177,0.0001376709114992991,5.215123859191654
15,335,376,177,0.00012635761231649667,5.215123859191654
15,336,376,177,0.00012362997222226113,5.215123859191654
15,337,376,177,0.0001273865345865488,5.215123859191654
15,338,376,177,0.00017363514052703977,5.215123859191654
15,339,376,177,0.00016547647828701884,5.215123859191654
15,340,376,177,0.00013698360999114811,5.215123859191654
15,341,376,177,0.00013185356510803103,5.215123859191654
15,342,376,177,0.00013656030932907015,5.215123859191654
15,343,376,177,0.00012752230395562947,5.215123859191654
15,344,376,177,0.00013148729340173304,5.215123859191654
15,345,376,177,0.00012338419037405401,5.215123859191654
15,346,376,177,0.0001286288461415097,5.215123859191654
15,347,376,177,0.00013207082520239055,5.215123859191654
15,348,376,177,0.00013011987903155386,5.215123859191654
15,349,376,177,0.00013035369920544326,5.215123859191654
15,350,376,177,0.00013069514534436166,5.215123859191654
15,351,376,177,0.00013130166917108,5.215123859191654
15,352,376,177,0.0001232931244885549,5.215123859191654
15,353,376,177,0.00011946518498007208,5.215123859191654
15,354,376,177,0.00011099323455709964,5.215123859191654
15,355,376,177,0.00010902039502980188,5.215123859191654
15,356,376,177,0.00011078333045588806,5.215123859191654
15,357,376,177,0.00011019077646778896,5.215123859191654
15,358,376,177,0.00011013595212716609,5.215123859191654
15,359,376,177,0.00010901009227382019,5.215123859191654
15,360,376,177,0.00010938666673609987,5.215123859191654
15,361,376,177,0.0001081294467439875,5.215123859191654
15,362,376,177,0.00011056017683586106,5.215123859191654
15,363,376,177,0.00011050517059629783,5.215123859191654
15,364,376,177,0.00011078921670559794,5.215123859191654
15,365,376,177,0.00010985283006448299,5.215123859191654
15,366,376,177,0.00011101677955593914,5.215123859191654
15,367,376,177,0.00010986148117808625,5.215123859191654
15,368,376,177,0.00011000147787854075,5.215123859191654
15,369,376,177,0.0001111302844947204,5.215123859191654
15,370,376,177,0.00011067883315263316,5.215123859191654
15,371,376,177,0.00011336692841723561,5.215123859191654
15,372,376,177,0.00011263658961979672,5.215123859191654
15,373,376,177,0.00011403711687307805,5.215123859191654
15,374,376,177,0.00011129769700346515,5.215123859191654
15,375,376,177,0.00011483368143672124,5.215123859191654
16,35,418,177,0.00010973343887599185,5.215123859191654
16,36,418,177,0.00011115309462184086,5.215123859191654
16,37,418,177,0.00012557687296066433,5.215123859191654
16,38,418,177,0.0001316074194619432,5.215123859191654
16,39,418,177,0.00012259111099410802,5.215123859191654
16,40,418,177,0.0001306042686337605,5.215123859191654
16,41,418,177,0.00012060208973707631,5.215123859191654
16,42,418,177,0.00012001192953903228,5.215123859191654
16,43,418,177,0.00011225026537431404,5.215123859191654
16,44,418,177,0.00011841989908134565,5.215123859191654
16,45,418,177,0.0001160353422164917,5.215123859191654
16,46,418,177,0.00011084973812103271,5.215123859191654
16,47,418,177,0.00011259372695349157,5.215123859191654
16,48,418,177,0.00011344235826982185,5.215123859191654
16,49,418,177,0.00011081754200858995,5.215123859191654
16,50,418,177,0.00010492698493180797,5.215123859191654
16,51,418,177,0.00011180819274159148,5.215123859191654
16,52,418,177,0.00011139335401821882,5.215123859191654
16,53,418,177,0.00011264321074122563,5.215123859191654
16,54,418,177,0.0001111965102609247,5.215123859191654
16,55,418,177,0.00010969002323690802,5.215123859191654
16,56,418,177,0.00010851651313714683,5.215123859191654
16,57,418,177,0.00010956492769764736,5.215123859191654
16,58,418,177,0.00011450530291767791,5.215123859191654
16,59,418,177,0.00011246310896240175,5.215123859191654
16,60,418,177,0.0001124579575844109,5.215123859191654
16,61,418,177,0.00011352477304171771,5.215123859191654
16,62,418,177,0.00011187405470991507,5.215123859191654
16,63,418,177,0.00012084988702554256,5.215123859191654
16,64,418,177,0.00012225574755575508,5.215123859191654
16,65,418,177,0.00012295242049731314,5.215123859191654
16,66,418,177,0.00011950786574743688,5.215123859191654
16,67,418,177,0.00012306887947488576,5.215123859191654
16,68,418,177,0.00012980254541616887,5.215123859191654
16,69,418,177,0.00013361153833102435,5.215123859191654
16,70,418,177,0.0001344509655609727,5.215123859191654
16,71,418,177,0.00014096719678491354,5.215123859191654
16,72,418,177,0.00014014891348779202,5.215123859191654
16,73,418,177,0.00014274429122451693,5.215123859191654
16,74,418,177,0.00013837935694027692,5.215123859191654
16,75,418,177,0.00013919708726461977,5.215123859191654
16,76,418,177,0.0001462885702494532,5.215123859191654
16,77,418,177,0.00014430118608288467,5.215123859191654
16,78,418,177,0.00014992481737863272,5.215123859191654
16,79,418,177,0.0001571706379763782,5.215123859191654
16,80,418,177,0.00015225472452584654,5.215123859191654
16,81,418,177,0.00015255385369528085,5.215123859191654
16,82,418,177,0.00015500040899496526,5.215123859191654
16,83,418,177,0.0001564084814162925,5.215123859191654
16,84,418,177,0.0001558253134135157,5.215123859191654
16,85,418,177,0.0001579605886945501,5.215123859191654
16,86,418,177,0.00015166806406341493,5.215123859191654
16,87,418,177,0.0001520038058515638,5.215123859191654
16,88,418,177,0.0001544098777230829,5.215123859191654
16,89,418,177,0.00015237633488141,5.215123859191654
16,90,418,177,0.00014752223796676844,5.215123859191654
16,91,418,177,0.00014495610957965255,5.215123859191654
16,92,418,177,0.0001475971075706184,5.215123859191654
16,93,418,177,0.0001501805236330256,5.215123859191654
16,94,418,177,0.0001445134839741513,5.215123859191654
16,95,418,177,0.00014750438276678324,5.215123859191654
16,96,418,177,0.00014663625916000456,5.215123859191654
16,97,418,177,0.0001511437731096521,5.215123859191654
16,98,418,177,0.0001508032437413931,5.215123859191654
16,99,418,177,0.00014868452853988856,5.215123859191654
16,100,418,177,0.00014878128422424197,5.215123859191654
16,101,418,177,0.00014427359565161169,5.215123859191654
16,102,418,177,0.00014960784756112844,5.215123859191654
16,103,418,177,0.0001443184883100912,5.215123859191654
16,104,418,177,0.00014381074288394302,5.215123859191654
16,105,418,177,0.00014931608166079968,5.215123859191654
16,106,418,177,0.00015259561769198626,5.215123859191654
16,107,418,177,0.00016056020103860646,5.215123859191654
16,108,418,177,0.00016051089914981276,5.215123859191654
16,109,418,177,0.00016393981059081852,5.215123859191654
16,110,418,177,0.00016499155026394874,5.215123859191654
16,111,418,177,0.00016357758431695402,5.215123859191654
16,112,418,177,0.00017175629909615964,5.215123859191654
16,113,418,177,0.0001654148509260267,5.215123859191654
16,114,418,177,0.00017040433885995299,5.215123859191654
16,115,418,177,0.00016196881188079715,5.215123859191654
16,116,418,177,0.00016586446145083755,5.215123859191654
16,117,418,177,0.0001626544544706121,5.215123859191654
16,118,418,177,0.00015700065705459565,5.215123859191654
16,119,418,177,0.00016021875489968807,5.215123859191654
16,120,418,177,0.0001633430365473032,5.215123859191654
16,121,418,177,0.00016227475134655833,5.215123859191654
16,122,418,177,0.0001647397002670914,5.215123859191654
16,123,418,177,0.00015978184819687158,5.215123859191654
16,124,418,177,0.00015821942361071706,5.215123859191654
16,125,418,177,0.00016134849283844233,5.215123859191654
16,126,418,177,0.0001622134877834469,5.215123859191654
16,127,418,177,0.00016673607751727104,5.215123859191654
16,128,418,177,0.00016742153093218803,5.215123859191654
16,129,418,177,0.00017442784155718982,5.215123859191654
16,130,418,177,0.0001748756185406819,5.215123859191654
16,131,418,177,0.00016339031571988016,5.215123859191654
16,132,418,177,0.0001632847124710679,5.215123859191654
16,133,418,177,0.00015991485270205885,5.215123859191654
16,134,418,177,0.00018146506045013666,5.215123859191654
16,135,418,177,0.00017864523397292942,5.215123859191654
16,136,418,177,0.00016961789515335113,5.215123859191654
16,137,418,177,0.00015803362475708127,5.215123859191654
16,138,418,177,0.00015634666488040239,5.215123859191654
16,139,418,177,0.00014887216093484312,5.215123859191654
16,140,418,177,0.00014308278332464397,5.215123859191654
16,141,418,177,0.00014563419972546399,5.215123859191654
16,142,418,177,0.00016059662448242307,5.215123859191654
16,143,418,177,0.0001373460254399106,5.215123859191654
16,144,418,177,0.00013806440983898938,5.215123859191654
16,145,418,177,0.00012829384650103748,5.215123859191654
16,146,418,177,0.00013354347902350128,5.215123859191654
16,147,418,177,0.00012527278158813715,5.215123859191654
16,148,418,177,0.00013324213796295226,5.215123859191654
16,149,418,177,0.00013348847278393805,5.215123859191654
16,150,418,177,0.0001257917465409264,5.215123859191654
16,151,418,177,0.00012831389904022217,5.215123859191654
16,152,418,177,0.00014983300934545696,5.215123859191654
16,153,418,177,0.00018409869517199695,5.215123859191654
16,154,418,177,0.00019035939476452768,5.215123859191654
16,155,418,177,0.000191024606465362,5.215123859191654
16,156,418,177,0.00019240968686062843,5.215123859191654
16,157,418,177,0.0001817831362131983,5.215123859191654
16,158,418,177,0.00018360842659603804,5.215123859191654
16,159,418,177,0.00017718768503982574,5.215123859191654
16,160,418,177,0.00016614592459518462,5.215123859191654
16,161,418,177,0.00017295409634243697,5.215123859191654
16,162,418,177,0.00015253748279064894,5.215123859191654
16,163,418,177,0.0001450918789487332,5.215123859191654
16,164,418,177,0.00015154664288274944,5.215123859191654
16,165,418,177,0.0001541729288874194,5.215123859191654
16,166,418,177,0.00016454634896945208,5.215123859191654
16,167,418,177,0.00019293693185318261,5.215123859191654
16,168,418,177,0.00016301355208270252,5.215123859191654
16,169,418,177,0.00018295498739462346,5.215123859191654
16,170,418,177,0.00020126943127252162,5.215123859191654
16,171,418,177,0.0001773670519469306,5.215123859191654
16,172,418,177,0.00017539641703478992,5.215123859191654
16,173,418,177,0.00016984969261102378,5.215123859191654
16,174,418,177,0.00017815534374676645,5.215123859191654
16,175,418,177,0.00016962396330200136,5.215123859191654
16,176,418,177,0.000170803556102328,5.215123859191654
16,177,418,177,0.00016983773093670607,5.215123859191654
16,178,418,177,0.00016801721358206123,5.215123859191654
16,179,418,177,0.00016861528274603188,5.215123859191654
16,180,418,177,0.00017712422413751483,5.215123859191654
16,181,418,177,0.00017854147881735116,5.215123859191654
16,182,418,177,0.0001756370475050062,5.215123859191654
16,183,418,177,0.0001769785158103332,5.215123859191654
16,184,418,177,0.00018054227984976023,5.215123859191654
16,185,418,177,0.00017217114509548992,5.215123859191654
16,186,418,177,0.0001797242002794519,5.215123859191654
16,187,418,177,0.00017334759468212724,5.215123859191654
16,188,418,177,0.00019069899281021208,5.215123859191654
16,189,418,177,0.00018766835273709148,5.215123859191654
16,190,418,177,0.0001782007748261094,5.215123859191654
16,191,418,177,0.0001836211304180324,5.215123859191654
16,192,418,177,0.00018783796986099333,5.215123859191654
16,193,418,177,0.00018986471695825458,5.215123859191654
16,194,418,177,0.00019504498050082475,5.215123859191654
16,195,418,177,0.00019288652401883155,5.215123859191654
16,196,418,177,0.00018615358567330986,5.215123859191654
16,197,418,177,0.00018440131680108607,5.215123859191654
16,198,418,177,0.00017964839935302734,5.215123859191654
16,199,418,177,0.0001823800994316116,5.215123859191654
16,200,418,177,0.00017147153266705573,5.215123859191654
16,201,418,177,0.00016937304462771863,5.215123859191654
16,202,418,177,0.0001728139177430421,5.215123859191654
16,203,418,177,0.0001732585660647601,5.215123859191654
16,204,418,177,0.00017042236868292093,5.215123859191654
16,205,418,177,0.00016926431271713227,5.215123859191654
16,206,418,177,0.00016834173584356904,5.215123859191654
16,207,418,177,0.0001668448094278574,5.215123859191654
16,208,418,177,0.00016607510042376816,5.215123859191654
16,209,418,177,0.00016487951506860554,5.215123859191654
16,210,418,177,0.00016903674986679107,5.215123859191654
16,211,418,177,0.00016725320892874151,5.215123859191654
16,212,418,177,0.00016794970724731684,5.215123859191654
16,213,418,177,0.00016530226275790483,5.215123859191654
16,214,418,177,0.00016746808250900358,5.215123859191654
16,215,418,177,0.0001663536240812391,5.215123859191654
16,216,418,177,0.00016769030480645597,5.215123859191654
16,217,418,177,0.0001697549450909719,5.215123859191654
16,218,418,177,0.00017293827841058373,5.215123859191654
16,219,418,177,0.00016929283447097987,5.215123859191654
16,220,418,177,0.00017083832062780857,5.215123859191654
16,221,418,177,0.00017351740098092705,5.215123859191654
16,222,418,177,0.00017279865278396755,5.215123859191654
16,223,418,177,0.0001696212129900232,5.215123859191654
16,224,418,177,0.00017359429330099374,5.215123859191654
16,225,418,177,0.00017377421318087727,5.215123859191654
16,226,418,177,0.00017392322479281574,5.215123859191654
16,227,418,177,0.00016934673476498574,5.215123859191654
16,228,418,177,0.0001689565397100523,5.215123859191654
16,229,418,177,0.00017343793297186494,5.215123859191654
16,230,418,177,0.00017358896730002016,5.215123859191654
16,231,418,177,0.00018210728012491018,5.215123859191654
16,232,418,177,0.00018592840933706611,5.215123859191654
16,233,418,177,0.00019432678527664393,5.215123859191654
16,234,418,177,0.00019431648252066225,5.215123859191654
16,235,418,177,0.00020085183496121317,5.215123859191654
16,236,418,177,0.00018321254174225032,5.215123859191654
16,237,418,177,0.00017015139746945351,5.215123859191654
16,238,418,177,0.00015664321836084127,5.215123859191654
16,239,418,177,0.00017825835675466806,5.215123859191654
16,240,418,177,0.00014894538617227226,5.215123859191654
16,241,418,177,0.0001377402659272775,5.215123859191654
16,242,418,177,0.000134027490275912,5.215123859191654
16,243,418,177,0.00014025451673660427,5.215123859191654
16,244,418,177,0.00014042026305105537,5.215123859191654
16,245,418,177,0.000134654066641815,5.215123859191654
16,246,418,177,0.0001372170663671568,5.215123859191654
16,247,418,177,0.00014065316645428538,5.215123859191654
16,248,418,177,0.0001332143583567813,5.215123859191654
16,249,418,177,0.0001395681465510279,5.215123859191654
16,250,418,177,0.0001338072761427611,5.215123859191654
16,251,418,177,0.00014351952995639294,5.215123859191654
16,252,418,177,0.0001538964279461652,5.215123859191654
16,253,418,177,0.00017005849804263562,5.215123859191654
16,254,418,177,0.00019045118824578822,5.215123859191654
16,255,418,177,0.00017537857638671994,5.215123859191654
16,256,418,177,0.00017301352636422962,5.215123859191654
16,257,418,177,0.00018474276294000447,5.215123859191654
16,258,418,177,0.0001798695302568376,5.215123859191654
16,259,418,177,0.00019302393775433302,5.215123859191654
16,260,418,177,0.0001614846260054037,5.215123859191654
16,261,418,177,0.0001434280857210979,5.215123859191654
16,262,418,177,0.00015756966604385525,5.215123859191654
16,263,418,177,0.00014807909610681236,5.215123859191654
16,264,418,177,0.00016718146798666567,5.215123859191654
16,265,418,177,0.0001619281538296491,5.215123859191654
16,266,418,177,0.00016731649520806968,5.215123859191654
16,267,418,177,0.00018310068116988987,5.215123859191654
16,268,418,177,0.0001880274503491819,5.215123859191654
16,269,418,177,0.00018948077922686934,5.215123859191654
16,270,418,177,0.00018944857583846897,5.215123859191654
16,271,418,177,0.00017845832917373627,5.215123859191654
16,272,418,177,0.00017414674221072346,5.215123859191654
16,273,418,177,0.00017169264901895076,5.215123859191654
16,274,418,177,0.00017090803885366768,5.215123859191654
16,275,418,177,0.00017297102021984756,5.215123859191654
16,276,418,177,0.00017047645815182477,5.215123859191654
16,277,418,177,0.000173235748661682,5.215123859191654
16,278,418,177,0.0001791055256035179,5.215123859191654
16,279,418,177,0.00018208060646429658,5.215123859191654
16,280,418,177,0.00018088906654156744,5.215123859191654
16,281,418,177,0.00017927182489074767,5.215123859191654
16,282,418,177,0.00018361836555413902,5.215123859191654
16,283,418,177,0.00019659653480630368,5.215123859191654
16,284,418,177,0.00020010439038742334,5.215123859191654
16,285,418,177,0.0001953665487235412,5.215123859191654
16,286,418,177,0.00018879587878473103,5.215123859191654
16,287,418,177,0.00017913845658767968,5.215123859191654
16,288,418,177,0.00017935092910192907,5.215123859191654
16,289,418,177,0.0001793792616808787,5.215123859191654
16,290,418,177,0.00018112233374267817,5.215123859191654
16,291,418,177,0.00017840811051428318,5.215123859191654
16,292,418,177,0.00018224469386041164,5.215123859191654
16,293,418,177,0.00017967820167541504,5.215123859191654
16,294,418,177,0.00018093247490469366,5.215123859191654
16,295,418,177,0.00017576490063220263,5.215123859191654
16,296,418,177,0.00017834243772085756,5.215123859191654
16,297,418,177,0.00017962393758352846,5.215123859191654
16,298,418,177,0.0001825094223022461,5.215123859191654
16,299,418,177,0.00018185892258770764,5.215123859191654
16,300,418,177,0.00018093302787747234,5.215123859191654
16,301,418,177,0.00017541408305987716,5.215123859191654
16,302,418,177,0.0001838065654737875,5.215123859191654
16,303,418,177,0.0001770651579136029,5.215123859191654
16,304,418,177,0.0001801668113330379,5.215123859191654
16,305,418,177,0.00018072219972964376,5.215123859191654
16,306,418,177,0.00018031914078164846,5.215123859191654
16,307,418,177,0.00018265309336129576,5.215123859191654
16,308,418,177,0.00018205097876489162,5.215123859191654
16,309,418,177,0.00018871143402066082,5.215123859191654
16,310,418,177,0.00018538664153311402,5.215123859191654
16,311,418,177,0.00018313233158551157,5.215123859191654
16,312,418,177,0.00018445668683853,5.215123859191654
16,313,418,177,0.000182776537258178,5.215123859191654
16,314,418,177,0.00018908028141595423,5.215123859191654
16,315,418,177,0.0001815791183616966,5.215123859191654
16,316,418,177,0.00018763818661682308,5.215123859191654
16,317,418,177,0.00018972507677972317,5.215123859191654
16,318,418,177,0.00019344485190231353,5.215123859191654
16,319,418,177,0.00019980911747552454,5.215123859191654
16,320,418,177,0.00019444746430963278,5.215123859191654
16,321,418,177,0.00019371711823623627,5.215123859191654
16,322,418,177,0.00020563823636621237,5.215123859191654
16,323,418,177,0.00020623354066628963,5.215123859191654
16,324,418,177,0.0002001099055632949,5.215123859191654
16,325,418,177,0.00019921509374398738,5.215123859191654
16,326,418,177,0.00019427674124017358,5.215123859191654
16,327,418,177,0.00020026866695843637,5.215123859191654
16,328,418,177,0.00019520282512530684,5.215123859191654
16,329,418,177,0.00019033713033422828,5.215123859191654
16,330,418,177,0.00018262164667248726,5.215123859191654
16,331,418,177,0.00018288489081896842,5.215123859191654
16,332,418,177,0.00016101311484817415,5.215123859191654
16,333,418,177,0.000159821764100343,5.215123859191654
16,334,418,177,0.00015446524776052684,5.215123859191654
16,335,418,177,0.00015631520363967866,5.215123859191654
16,336,418,177,0.000144619814818725,5.215123859191654
16,337,418,177,0.0001520091318525374,5.215123859191654
16,338,418,177,0.00015099420852493495,5.215123859191654
16,339,418,177,0.00015588491805829108,5.215123859191654
16,340,418,177,0.00015765245188958943,5.215123859191654
16,341,418,177,0.00014579683193005621,5.215123859191654
16,342,418,177,0.00014945626026019454,5.215123859191654
16,343,418,177,0.0001489737187512219,5.215123859191654
16,344,418,177,0.00014212580572348088,5.215123859191654
16,345,418,177,0.00015305572014767677,5.215123859191654
16,346,418,177,0.0001684200979070738,5.215123859191654
16,347,418,177,0.00020501790277194232,5.215123859191654
16,348,418,177,0.00017747927631717175,5.215123859191654
16,349,418,177,0.0001917643385240808,5.215123859191654
16,350,418,177,0.00018529410590417683,5.215123859191654
16,351,418,177,0.00017061222752090544,5.215123859191654
16,352,418,177,0.00017749214021023363,5.215123859191654
16,353,418,177,0.00018354164785705507,5.215123859191654
16,354,418,177,0.0001664527808316052,5.215123859191654
16,355,418,177,0.00015044028987176716,5.215123859191654
16,356,418,177,0.00015832888311706483,5.215123859191654
16,357,418,177,0.00015487273049075156,5.215123859191654
16,358,418,177,0.00015374577196780592,5.215123859191654
16,359,418,177,0.00016713915101718158,5.215123859191654
16,360,418,177,0.00018858596740756184,5.215123859191654
16,361,418,177,0.0002034702047239989,5.215123859191654
16,362,418,177,0.0002015615755226463,5.215123859191654
16,363,418,177,0.0001992070028791204,5.215123859191654
16,364,418,177,0.0001907841651700437,5.215123859191654
16,365,418,177,0.0001875651505542919,5.215123859191654
16,366,418,177,0.00018548910156823695,5.215123859191654
16,367,418,177,0.00018200241902377456,5.215123859191654
16,368,418,177,0.00018781240214593709,5.215123859191654
16,369,418,177,0.00018712399469222873,5.215123859191654
16,370,418,177,0.00019214421627111733,5.215123859191654
16,371,418,177,0.00019370442896615714,5.215123859191654
16,372,418,177,0.00018753809854388237,5.215123859191654
16,373,418,177,0.00018931704107671976,5.215123859191654
16,374,418,177,0.00019005934882443398,5.215123859191654
16,375,418,177,0.00019909368711523712,5.215123859191654
16,376,418,177,0.00018709861615207046,5.215123859191654
16,377,418,177,0.00018499938596505672,5.215123859191654
16,378,418,177,0.00018562818877398968,5.215123859191654
16,379,418,177,0.0002108155604219064,5.215123859191654
16,380,418,177,0.00020047543512191623,5.215123859191654
16,381,418,177,0.0001863623911049217,5.215123859191654
16,382,418,177,0.0002014379424508661,5.215123859191654
16,383,418,177,0.00018781387188937515,5.215123859191654
16,384,418,177,0.00018708665447775275,5.215123859191654
16,385,418,177,0.0001898899208754301,5.215123859191654
16,386,418,177,0.00018456284306012094,5.215123859191654
16,387,418,177,0.0001851318374974653,5.215123859191654
16,388,418,177,0.00019165247795172036,5.215123859191654
16,389,418,177,0.0001770541275618598,5.215123859191654
16,390,418,177,0.0001713013625703752,5.215123859191654
16,391,418,177,0.00016260221309494227,5.215123859191654
16,392,418,177,0.00015282318054232746,5.215123859191654
16,393,418,177,0.00014816850307397544,5.215123859191654
16,394,418,177,0.00015624548541381955,5.215123859191654
16,395,418,177,0.00016550904547329992,5.215123859191654
16,396,418,177,0.00015992183762136847,5.215123859191654
16,397,418,177,0.0001572716428199783,5.215123859191654
16,398,418,177,0.00015493197133764625,5.215123859191654
16,399,418,177,0.00015007585170678794,5.215123859191654
16,400,418,177,0.00015006573812570423,5.215123859191654
16,401,418,177,0.00015255845210049301,5.215123859191654
16,402,418,177,0.00015126813377719373,5.215123859191654
16,403,418,177,0.0001483059168094769,5.215123859191654
16,404,418,177,0.00014678876323159784,5.215123859191654
16,405,418,177,0.00014674663543701172,5.215123859191654
16,406,418,177,0.00014760317571926862,5.215123859191654
16,407,418,177,0.00014978923718445003,5.215123859191654
16,408,418,177,0.0001494742900831625,5.215123859191654
16,409,418,177,0.00015472446102648973,5.215123859191654
16,410,418,177,0.00015397131210193038,5.215123859191654
16,411,418,177,0.00015614448057021946,5.215123859191654
16,412,418,177,0.00015768555749673396,5.215123859191654
16,413,418,177,0.00015640829224139452,5.215123859191654
16,414,418,177,0.00015438577975146472,5.215123859191654
16,415,418,177,0.00015499746950808913,5.215123859191654
16,416,418,177,0.0001554411865072325,5.215123859191654
16,417,418,177,0.00016294732631649822,5.215123859191654
17,35,582,177,9.385064186062664e-05,5.215123859191654
17,36,582,177,0.00010036815365310758,5.215123859191654
17,37,582,177,7.734383689239621e-05,5.215123859191654
17,38,582,177,8.054537465795875e-05,5.215123859191654
17,39,582,177,8.717676246305928e-05,5.215123859191654
17,40,582,177,8.304527727887034e-05,5.215123859191654
17,41,582,177,8.148065535351634e-05,5.215123859191654
17,42,582,177,7.617786468472332e-05,5.215123859191654
17,43,582,177,7.302084122784436e-05,5.215123859191654
17,44,582,177,6.621395732508972e-05,5.215123859191654
17,45,582,177,6.496741116279736e-05,5.215123859191654
17,46,582,177,6.347655289573595e-05,5.215123859191654
17,47,582,177,6.726936408085749e-05,5.215123859191654
17,48,582,177,6.872507219668478e-05,5.215123859191654
17,49,582,177,6.834592204540968e-05,5.215123859191654
17,50,582,177,6.924587796675041e-05,5.215123859191654
17,51,582,177,7.104726682882756e-05,5.215123859191654
17,52,582,177,7.1252383349929e-05,5.215123859191654
17,53,582,177,7.285159517778084e-05,5.215123859191654
17,54,582,177,7.32384723960422e-05,5.215123859191654
17,55,582,177,8.195454574888572e-05,5.215123859191654
17,56,582,177,7.887644460424781e-05,5.215123859191654
17,57,582,177,7.577921496704221e-05,5.215123859191654
17,58,582,177,7.711976650170982e-05,5.215123859191654
17,59,582,177,7.829493551980704e-05,5.215123859191654
17,60,582,177,8.507441089022905e-05,5.215123859191654
17,61,582,177,8.547177276341245e-05,5.215123859191654
17,62,582,177,8.843305840855464e-05,5.215123859191654
17,63,582,177,9.544249041937292e-05,5.215123859191654
17,64,582,177,9.932028478942811e-05,5.215123859191654
17,65,582,177,0.00011111814092146233,5.215123859191654
17,66,582,177,0.00013070176646579057,5.215123859191654
17,67,582,177,0.00011716451990650967,5.215123859191654
17,68,582,177,0.00012032816448481753,5.215123859191654
17,69,582,177,0.00010736250260379165,5.215123859191654
17,70,582,177,0.00011045844439649954,5.215123859191654
17,71,582,177,0.00012286486162338406,5.215123859191654
17,72,582,177,0.00010648314491845667,5.215123859191654
17,73,582,177,0.00010570497397566214,5.215123859191654
17,74,582,177,0.00011177655687788501,5.215123859191654
17,75,582,177,0.00011461660324130207,5.215123859191654
17,76,582,177,0.00011750522389775142,5.215123859191654
17,77,582,177,0.00011925105354748666,5.215123859191654
17,78,582,177,0.0001340109301963821,5.215123859191654
17,79,582,177,0.00012912205420434475,5.215123859191654
17,80,582,177,0.00013587834837380797,5.215123859191654
17,81,582,177,0.0001348091464024037,5.215123859191654
17,82,582,177,0.00012826404417864978,5.215123859191654
17,83,582,177,0.0001310380466748029,5.215123859191654
17,84,582,177,0.00014023244148120284,5.215123859191654
17,85,582,177,0.00013084066449664533,5.215123859191654
17,86,582,177,0.00013455509906634688,5.215123859191654
17,87,582,177,0.00012858286208938807,5.215123859191654
17,88,582,177,0.00013312090595718473,5.215123859191654
17,89,582,177,0.0001261872675968334,5.215123859191654
17,90,582,177,0.00011677524889819324,5.215123859191654
17,91,582,177,0.00011907058069482446,5.215123859191654
17,92,582,177,0.00011563522275537252,5.215123859191654
17,93,582,177,0.00011453143088147044,5.215123859191654
17,94,582,177,0.00011387724953237921,5.215123859191654
17,95,582,177,0.00011626272316789255,5.215123859191654
17,96,582,177,0.00011189097858732566,5.215123859191654
17,97,582,177,0.0001083814786397852,5.215123859191654
17,98,582,177,0.00011126862955279648,5.215123859191654
17,99,582,177,0.00011873668699990958,5.215123859191654
17,100,582,177,0.00011608170461840928,5.215123859191654
17,101,582,177,0.00012205265375087038,5.215123859191654
17,102,582,177,0.00011480884859338403,5.215123859191654
17,103,582,177,0.00011573161464184523,5.215123859191654
17,104,582,177,0.00012075661652488634,5.215123859191654
17,105,582,177,0.00012178572069387883,5.215123859191654
17,106,582,177,0.00012025402975268662,5.215123859191654
17,107,582,177,0.00011887282016687095,5.215123859191654
17,108,582,177,0.00010301265137968585,5.215123859191654
17,109,582,177,0.00011092259228462353,5.215123859191654
17,110,582,177,0.00010249423212371767,5.215123859191654
17,111,582,177,0.00010449926776345819,5.215123859191654
17,112,582,177,9.953865082934499e-05,5.215123859191654
17,113,582,177,0.00010339915752410889,5.215123859191654
17,114,582,177,0.0001144195775850676,5.215123859191654
17,115,582,177,0.00011470785102574155,5.215123859191654
17,116,582,177,0.00011407133570173755,5.215123859191654
17,117,582,177,0.00011377717601135373,5.215123859191654
17,118,582,177,0.00011118106340290979,5.215123859191654
17,119,582,177,0.00010765353363240138,5.215123859191654
17,120,582,177,0.0001015238231047988,5.215123859191654
17,121,582,177,9.426382894162089e-05,5.215123859191654
17,122,582,177,9.091382526094094e-05,5.215123859191654
17,123,582,177,8.78042628755793e-05,5.215123859191654
17,124,582,177,8.839792280923575e-05,5.215123859191654
17,125,582,177,8.631691162008792e-05,5.215123859191654
17,126,582,177,8.475762297166511e-05,5.215123859191654
17,127,582,177,9.006464097183198e-05,5.215123859191654
17,128,582,177,8.881386747816578e-05,5.215123859191654
17,129,582,177,8.778458141023293e-05,5.215123859191654
17,130,582,177,8.414391777478158e-05,5.215123859191654
17,131,582,177,8.83425454958342e-05,5.215123859191654
17,132,582,177,9.031649096868932e-05,5.215123859191654
17,133,582,177,9.403423609910533e-05,5.215123859191654
17,134,582,177,8.852963946992531e-05,5.215123859191654
17,135,582,177,8.881496614776552e-05,5.215123859191654
17,136,582,177,8.863670518621802e-05,5.215123859191654
17,137,582,177,9.631890134187415e-05,5.215123859191654
17,138,582,177,9.58994569373317e-05,5.215123859191654
17,139,582,177,0.00010324867616873235,5.215123859191654
17,140,582,177,0.00010905884118983522,5.215123859191654
17,141,582,177,0.00011350287968525663,5.215123859191654
17,142,582,177,0.00011087347229477018,5.215123859191654
17,143,582,177,0.00011398597416700795,5.215123859191654
17,144,582,177,0.00011586425534915179,5.215123859191654
17,145,582,177,0.00010329264478059486,5.215123859191654
17,146,582,177,0.00010277533147018403,5.215123859191654
17,147,582,177,0.00010602948896121234,5.215123859191654
17,148,582,177,9.700085502117872e-05,5.215123859191654
17,149,582,177,8.864718984114006e-05,5.215123859191654
17,150,582,177,9.819184924708679e-05,5.215123859191654
17,151,582,177,0.00010153301991522312,5.215123859191654
17,152,582,177,0.00012541866453830153,5.215123859191654
17,153,582,177,0.00011606128100538626,5.215123859191654
17,154,582,177,0.00011516776430653408,5.215123859191654
17,155,582,177,0.00010934416786767542,5.215123859191654
17,156,582,177,0.00010735477553680539,5.215123859191654
17,157,582,177,0.00010183619451709092,5.215123859191654
17,158,582,177,0.00010112663585459813,5.215123859191654
17,159,582,177,9.9992859759368e-05,5.215123859191654
17,160,582,177,9.600229532225057e-05,5.215123859191654
17,161,582,177,0.00011723534407792613,5.215123859191654
17,162,582,177,9.850495553109795e-05,5.215123859191654
17,163,582,177,0.00010020755144068971,5.215123859191654
17,164,582,177,9.01987514225766e-05,5.215123859191654
17,165,582,177,9.190962737193331e-05,5.215123859191654
17,166,582,177,0.0001010988635243848,5.215123859191654
17,167,582,177,9.649182902649045e-05,5.215123859191654
17,168,582,177,0.00010203597776126117,5.215123859191654
17,169,582,177,0.0001006613892968744,5.215123859191654
17,170,582,177,0.00010721900616772473,5.215123859191654
17,171,582,177,0.00010154920892091468,5.215123859191654
17,172,582,177,9.393618529429659e-05,5.215123859191654
17,173,582,177,8.585165778640658e-05,5.215123859191654
17,174,582,177,7.96375097706914e-05,5.215123859191654
17,175,582,177,8.020264795050025e-05,5.215123859191654
17,176,582,177,7.59019167162478e-05,5.215123859191654
17,177,582,177,7.851458940422162e-05,5.215123859191654
17,178,582,177,7.654763612663373e-05,5.215123859191654
17,179,582,177,7.142881077015772e-05,5.215123859191654
17,180,582,177,7.088335405569524e-05,5.215123859191654
17,181,582,177,7.38345188437961e-05,5.215123859191654
17,182,582,177,7.740748696960509e-05,5.215123859191654
17,183,582,177,7.42252595955506e-05,5.215123859191654
17,184,582,177,7.553178147645667e-05,5.215123859191654
17,185,582,177,7.424365321639925e-05,5.215123859191654
17,186,582,177,7.42500924388878e-05,5.215123859191654
17,187,582,177,7.08003863110207e-05,5.215123859191654
17,188,582,177,7.148528675315902e-05,5.215123859191654
17,189,582,177,8.135114330798388e-05,5.215123859191654
17,190,582,177,7.393330452032387e-05,5.215123859191654
17,191,582,177,6.773810309823602e-05,5.215123859191654
17,192,582,177,6.670495349681005e-05,5.215123859191654
17,193,582,177,6.503363692900166e-05,5.215123859191654
17,194,582,177,6.443759048124775e-05,5.215123859191654
17,195,582,177,6.63331666146405e-05,5.215123859191654
17,196,582,177,6.694116746075451e-05,5.215123859191654
17,197,582,177,6.969457172090188e-05,5.215123859191654
17,198,582,177,6.87201099935919e-05,5.215123859191654
17,199,582,177,6.849107012385502e-05,5.215123859191654
17,200,582,177,7.517267658840865e-05,5.215123859191654
17,201,582,177,7.81711278250441e-05,5.215123859191654
17,202,582,177,7.404571078950539e-05,5.215123859191654
17,203,582,177,7.779307634336874e-05,5.215123859191654
17,204,582,177,7.766687485855073e-05,5.215123859191654
17,205,582,177,7.507757254643366e-05,5.215123859191654
17,206,582,177,7.934500172268599e-05,5.215123859191654
17,207,582,177,7.551981980213895e-05,5.215123859191654
17,208,582,177,7.904422091087326e-05,5.215123859191654
17,209,582,177,7.889465632615611e-05,5.215123859191654
17,210,582,177,8.127774344757199e-05,5.215123859191654
17,211,582,177,7.946071855258197e-05,5.215123859191654
17,212,582,177,8.187323692254722e-05,5.215123859191654
17,213,582,177,7.933562301332131e-05,5.215123859191654
17,214,582,177,7.906022801762447e-05,5.215123859191654
17,215,582,177,7.544329127995297e-05,5.215123859191654
17,216,582,177,7.719021959928796e-05,5.215123859191654
17,217,582,177,7.655940862605348e-05,5.215123859191654
17,218,582,177,7.475801976397634e-05,5.215123859191654
17,219,582,177,7.843603088986129e-05,5.215123859191654
17,220,582,177,7.785028719808906e-05,5.215123859191654
17,221,582,177,7.870204717619345e-05,5.215123859191654
17,222,582,177,7.538975478382781e-05,5.215123859191654
17,223,582,177,7.526061381213367e-05,5.215123859191654
17,224,582,177,7.163079862948507e-05,5.215123859191654
17,225,582,177,7.443700451403856e-05,5.215123859191654
17,226,582,177,7.810158422216773e-05,5.215123859191654
17,227,582,177,7.857842138037086e-05,5.215123859191654
17,228,582,177,8.342700311914086e-05,5.215123859191654
17,229,582,177,8.691534458193928e-05,5.215123859191654
17,230,582,177,8.497654198436067e-05,5.215123859191654
17,231,582,177,8.756897295825183e-05,5.215123859191654
17,232,582,177,8.288503886433318e-05,5.215123859191654
17,233,582,177,8.814294415060431e-05,5.215123859191654
17,234,582,177,9.26942375372164e-05,5.215123859191654
17,235,582,177,8.213042019633576e-05,5.215123859191654
17,236,582,177,8.330080163432285e-05,5.215123859191654
17,237,582,177,7.79514666646719e-05,5.215123859191654
17,238,582,177,7.838213059585541e-05,5.215123859191654
17,239,582,177,7.463127258233726e-05,5.215123859191654
17,240,582,177,6.999424658715725e-05,5.215123859191654
17,241,582,177,6.889874202897772e-05,5.215123859191654
17,242,582,177,8.794371387921274e-05,5.215123859191654
17,243,582,177,7.887846732046455e-05,5.215123859191654
17,244,582,177,7.976996130309999e-05,5.215123859191654
17,245,582,177,8.68975039338693e-05,5.215123859191654
17,246,582,177,8.953832002589479e-05,5.215123859191654
17,247,582,177,9.887932537822053e-05,5.215123859191654
17,248,582,177,0.00010004732030211017,5.215123859191654
17,249,582,177,0.00010048974945675582,5.215123859191654
17,250,582,177,0.0001071551741915755,5.215123859191654
17,251,582,177,0.00010329429642297328,5.215123859191654
17,252,582,177,9.830590715864673e-05,5.215123859191654
17,253,582,177,9.784562280401587e-05,5.215123859191654
17,254,582,177,9.960285387933254e-05,5.215123859191654
17,255,582,177,0.00010399575694464147,5.215123859191654
17,256,582,177,9.634189336793497e-05,5.215123859191654
17,257,582,177,9.579055040376261e-05,5.215123859191654
17,258,582,177,9.26333450479433e-05,5.215123859191654
17,259,582,177,7.801512401783839e-05,5.215123859191654
17,260,582,177,7.999569061212242e-05,5.215123859191654
17,261,582,177,8.864645496942103e-05,5.215123859191654
17,262,582,177,8.325904491357505e-05,5.215123859191654
17,263,582,177,9.15762793738395e-05,5.215123859191654
17,264,582,177,8.828202408039942e-05,5.215123859191654
17,265,582,177,9.584555664332584e-05,5.215123859191654
17,266,582,177,9.32667389861308e-05,5.215123859191654
17,267,582,177,8.470519242109731e-05,5.215123859191654
17,268,582,177,8.319097833009437e-05,5.215123859191654
17,269,582,177,8.183294994523749e-05,5.215123859191654
17,270,582,177,8.090079791145399e-05,5.215123859191654
17,271,582,177,7.93801445979625e-05,5.215123859191654
17,272,582,177,7.668045873288065e-05,5.215123859191654
17,273,582,177,7.571040623588488e-05,5.215123859191654
17,274,582,177,7.856811862438917e-05,5.215123859191654
17,275,582,177,7.95125961303711e-05,5.215123859191654
17,276,582,177,7.544697291450575e-05,5.215123859191654
17,277,582,177,7.735413237242028e-05,5.215123859191654
17,278,582,177,7.82075512688607e-05,5.215123859191654
17,279,582,177,7.721487781964242e-05,5.215123859191654
17,280,582,177,8.281182090286165e-05,5.215123859191654
17,281,582,177,8.024901035241783e-05,5.215123859191654
17,282,582,177,8.304159564431757e-05,5.215123859191654
17,283,582,177,8.705681830178946e-05,5.215123859191654
17,284,582,177,8.676008292241022e-05,5.215123859191654
17,285,582,177,8.509409235557541e-05,5.215123859191654
17,286,582,177,9.149754623649642e-05,5.215123859191654
17,287,582,177,9.310061432188377e-05,5.215123859191654
17,288,582,177,8.828238787828013e-05,5.215123859191654
17,289,582,177,9.284140833187848e-05,5.215123859191654
17,290,582,177,9.244735701940954e-05,5.215123859191654
17,291,582,177,8.465147402603179e-05,5.215123859191654
17,292,582,177,8.099443220999092e-05,5.215123859191654
17,293,582,177,7.815493881935254e-05,5.215123859191654
17,294,582,177,7.884737715357915e-05,5.215123859191654
17,295,582,177,7.768435170874e-05,5.215123859191654
17,296,582,177,7.83475479693152e-05,5.215123859191654
17,297,582,177,7.772629760438576e-05,5.215123859191654
17,298,582,177,7.909793930593878e-05,5.215123859191654
17,299,582,177,7.723860471742228e-05,5.215123859191654
17,300,582,177,7.888288382673636e-05,5.215123859191654
17,301,582,177,7.670271588722244e-05,5.215123859191654
17,302,582,177,7.663740689167753e-05,5.215123859191654
17,303,582,177,7.900742639321834e-05,5.215123859191654
17,304,582,177,8.113369403872639e-05,5.215123859191654
17,305,582,177,7.796894351486117e-05,5.215123859191654
17,306,582,177,8.137174881994724e-05,5.215123859191654
17,307,582,177,8.046314178500324e-05,5.215123859191654
17,308,582,177,8.29365526442416e-05,5.215123859191654
17,309,582,177,8.238723239628598e-05,5.215123859191654
17,310,582,177,8.192731911549345e-05,5.215123859191654
17,311,582,177,7.832694245735183e-05,5.215123859191654
17,312,582,177,8.121647988446057e-05,5.215123859191654
17,313,582,177,8.325646922457963e-05,5.215123859191654
17,314,582,177,8.52892771945335e-05,5.215123859191654
17,315,582,177,8.088423783192411e-05,5.215123859191654
17,316,582,177,8.131618960760534e-05,5.215123859191654
17,317,582,177,8.532773063052446e-05,5.215123859191654
17,318,582,177,8.225165220210329e-05,5.215123859191654
17,319,582,177,8.588440687162802e-05,5.215123859191654
17,320,582,177,8.546239405404776e-05,5.215123859191654
17,321,582,177,9.347149170935154e-05,5.215123859191654
17,322,582,177,9.32293914956972e-05,5.215123859191654
17,323,582,177,9.46860236581415e-05,5.215123859191654
17,324,582,177,9.036432311404496e-05,5.215123859191654
17,325,582,177,9.406403842149302e-05,5.215123859191654
17,326,582,177,9.708732250146568e-05,5.215123859191654
17,327,582,177,8.843802788760513e-05,5.215123859191654
17,328,582,177,9.079388109967113e-05,5.215123859191654
17,329,582,177,8.642066677566618e-05,5.215123859191654
17,330,582,177,8.89212969923392e-05,5.215123859191654
17,331,582,177,8.046811126405373e-05,5.215123859191654
17,332,582,177,8.880006498657167e-05,5.215123859191654
17,333,582,177,8.32984151202254e-05,5.215123859191654
17,334,582,177,9.524435881758109e-05,5.215123859191654
17,335,582,177,9.75361981545575e-05,5.215123859191654
17,336,582,177,9.553833660902455e-05,5.215123859191654
17,337,582,177,9.7936688689515e-05,5.215123859191654
17,338,582,177,0.00011387798440409824,5.215123859191654
17,339,582,177,0.00011009584704879671,5.215123859191654
17,340,582,177,0.00011335939052514732,5.215123859191654
17,341,582,177,0.00011256705329287797,5.215123859191654
17,342,582,177,0.00011663635814329609,5.215123859191654
17,343,582,177,0.00010959712381009012,5.215123859191654
17,344,582,177,0.00010795376147143543,5.215123859191654
17,345,582,177,0.00010473897418705747,5.215123859191654
17,346,582,177,0.00010447995009599254,5.215123859191654
17,347,582,177,0.00010551272862358019,5.215123859191654
17,348,582,177,0.00011895983334397897,5.215123859191654
17,349,582,177,0.00012220516509842128,5.215123859191654
17,350,582,177,0.00010995493357768282,5.215123859191654
17,351,582,177,9.739895904203877e-05,5.215123859191654
17,352,582,177,0.00010517147893551737,5.215123859191654
17,353,582,177,0.00010196478251600638,5.215123859191654
17,354,582,177,0.00010204590944340453,5.215123859191654
17,355,582,177,0.0001137510480475612,5.215123859191654
17,356,582,177,0.00010378751176176593,5.215123859191654
17,357,582,177,0.00012062636960763484,5.215123859191654
17,358,582,177,0.00011814431491075084,5.215123859191654
17,359,582,177,0.00010894901060964912,5.215123859191654
17,360,582,177,0.00010360593296354637,5.215123859191654
17,361,582,177,9.99476105789654e-05,5.215123859191654
17,362,582,177,9.762486297404394e-05,5.215123859191654
17,363,582,177,9.893653623294085e-05,5.215123859191654
17,364,582,177,9.701906674308702e-05,5.215123859191654
17,365,582,177,9.445846080780029e-05,5.215123859191654
17,366,582,177,9.565073560224846e-05,5.215123859191654
17,367,582,177,9.560364560456946e-05,5.215123859191654
17,368,582,177,9.201209468301386e-05,5.215123859191654
17,369,582,177,9.611561836209148e-05,5.215123859191654
17,370,582,177,9.437457629246637e-05,5.215123859191654
17,371,582,177,9.375774243380874e-05,5.215123859191654
17,372,582,177,9.51976326177828e-05,5.215123859191654
17,373,582,177,9.836109529715031e-05,5.215123859191654
17,374,582,177,9.919298463501036e-05,5.215123859191654
17,375,582,177,0.0001008619146887213,5.215123859191654
17,376,582,177,0.00010451030539115891,5.215123859191654
17,377,582,177,0.00011665843339869753,5.215123859191654
17,378,582,177,0.00012016572145512328,5.215123859191654
17,379,582,177,0.00011482172703836113,5.215123859191654
17,380,582,177,0.000112944733700715,5.215123859191654
17,381,582,177,0.00010879871115321293,5.215123859191654
17,382,582,177,0.00010444665531395003,5.215123859191654
17,383,582,177,0.00010530485451454297,5.215123859191654
17,384,582,177,0.0001041694195009768,5.215123859191654
17,385,582,177,0.0001021798379952088,5.215123859191654
17,386,582,177,0.00010333881800761446,5.215123859191654
17,387,582,177,0.00010232185741188005,5.215123859191654
17,388,582,177,0.00010504233068786561,5.215123859191654
17,389,582,177,0.00010169693268835545,5.215123859191654
17,390,582,177,0.00010329025099053979,5.215123859191654
17,391,582,177,0.00010260590352118015,5.215123859191654
17,392,582,177,0.00010202659905189648,5.215123859191654
17,393,582,177,0.00010069707786897197,5.215123859191654
17,394,582,177,0.00010390524403192103,5.215123859191654
17,395,582,177,0.0001048677513608709,5.215123859191654
17,396,582,177,0.00010464956721989438,5.215123859191654
17,397,582,177,0.00010181963443756104,5.215123859191654
17,398,582,177,0.0001028066108119674,5.215123859191654
17,399,582,177,0.00010306158219464123,5.215123859191654
17,400,582,177,0.00010393946286058053,5.215123859191654
17,401,582,177,0.00010432836279505864,5.215123859191654
17,402,582,177,0.00010713493247749284,5.215123859191654
17,403,582,177,0.00010568805009825155,5.215123859191654
17,404,582,177,0.00010816624126164243,5.215123859191654
17,405,582,177,0.000106222098111175,5.215123859191654
17,406,582,177,0.00010898966866079718,5.215123859191654
17,407,582,177,0.00010767174535430968,5.215123859191654
17,408,582,177,0.00010655691585270688,5.215123859191654
17,409,582,177,0.0001046147954184562,5.215123859191654
17,410,582,177,0.00010580174421193078,5.215123859191654
17,411,582,177,0.00010518747876631096,5.215123859191654
17,412,582,177,0.0001006258898996748,5.215123859191654
17,413,582,177,0.00010316460247850046,5.215123859191654
17,414,582,177,0.0001013606452033855,5.215123859191654
17,415,582,177,0.00010590218880679458,5.215123859191654
17,416,582,177,0.00010389660019427538,5.215123859191654
17,417,582,177,0.00010273522639181465,5.215123859191654
17,418,582,177,0.0001057327535818331,5.215123859191654
17,419,582,177,0.00010747600754257292,5.215123859191654
17,420,582,177,0.00011408586578909308,5.215123859191654
17,421,582,177,0.00011613505193963647,5.215123859191654
17,422,582,177,0.00011774437734857202,5.215123859191654
17,423,582,177,0.0001111418750951998,5.215123859191654
17,424,582,177,0.00011029913002857938,5.215123859191654
17,425,582,177,0.00012129158858442679,5.215123859191654
17,426,582,177,0.00011219801672268659,5.215123859191654
17,427,582,177,0.0001174301651190035,5.215123859191654
17,428,582,177,0.00011207273928448558,5.215123859191654
17,429,582,177,0.00010691638453863561,5.215123859191654
17,430,582,177,9.957139991456643e-05,5.215123859191654
17,431,582,177,0.00010607345757307485,5.215123859191654
17,432,582,177,0.0001139368541771546,5.215123859191654
17,433,582,177,0.00011254369019297883,5.215123859191654
17,434,582,177,0.00011134975648019463,5.215123859191654
17,435,582,177,0.00010512916196603328,5.215123859191654
17,436,582,177,0.00010720226418925449,5.215123859191654
17,437,582,177,0.00011125428136438131,5.215123859191654
17,438,582,177,0.0001109391450881958,5.215123859191654
17,439,582,177,0.00010985301923938096,5.215123859191654
17,440,582,177,0.00010927904804702848,5.215123859191654
17,441,582,177,0.00010899187327595428,5.215123859191654
17,442,582,177,0.00010282647417625412,5.215123859191654
17,443,582,177,0.00010336733248550445,5.215123859191654
17,444,582,177,0.00010355185077060014,5.215123859191654
17,445,582,177,0.00010442420898471028,5.215123859191654
17,446,582,177,0.00011316144082229584,5.215123859191654
17,447,582,177,0.00010754241520771757,5.215123859191654
17,448,582,177,0.00011043967970181257,5.215123859191654
17,449,582,177,0.00010852902050828561,5.215123859191654
17,450,582,177,0.0001131434109993279,5.215123859191654
17,451,582,177,0.00011958788672927767,5.215123859191654
17,452,582,177,0.00012237422924954444,5.215123859191654
17,453,582,177,0.0001308261271333322,5.215123859191654
17,454,582,177,0.00011567145702429116,5.215123859191654
17,455,582,177,0.00012468150816857815,5.215123859191654
17,456,582,177,0.00011534308578120545,5.215123859191654
17,457,582,177,0.00011540434206835926,5.215123859191654
17,458,582,177,0.00011019426892744377,5.215123859191654
17,459,582,177,0.0001087979762814939,5.215123859191654
17,460,582,177,0.00010950495197903365,5.215123859191654
17,461,582,177,0.00011254847049713135,5.215123859191654
17,462,582,177,0.00011477426596684381,5.215123859191654
17,463,582,177,0.00011272360279690474,5.215123859191654
17,464,582,177,0.00011620551231317222,5.215123859191654
17,465,582,177,0.00011417398491175845,5.215123859191654
17,466,582,177,0.00011586830078158528,5.215123859191654
17,467,582,177,0.0001139186424552463,5.215123859191654
17,468,582,177,0.00011306467786198482,5.215123859191654
17,469,582,177,0.00011245648784097284,5.215123859191654
17,470,582,177,0.00011157953122165054,5.215123859191654
17,471,582,177,0.00011176312546012923,5.215123859191654
17,472,582,177,0.00011029655433958396,5.215123859191654
17,473,582,177,0.00011193991667823866,5.215123859191654
17,474,582,177,0.00011394568718969822,5.215123859191654
17,475,582,177,0.00011470913887023926,5.215123859191654
17,476,582,177,0.0001159060193458572,5.215123859191654
17,477,582,177,0.00011594759416766465,5.215123859191654
17,478,582,177,0.00011466038995422423,5.215123859191654
17,479,582,177,0.00011594888201216236,5.215123859191654
17,480,582,177,0.00011588264897000045,5.215123859191654
17,481,582,177,0.00012097608851036057,5.215123859191654
17,482,582,177,0.00012927272473461926,5.215123859191654
17,483,582,177,0.0001372472324874252,5.215123859191654
17,484,582,177,0.00014642653695773333,5.215123859191654
17,485,582,177,0.00015425903256982565,5.215123859191654
17,486,582,177,0.000153523898916319,5.215123859191654
17,487,582,177,0.000146252874401398,5.215123859191654
17,488,582,177,0.0001454647717764601,5.215123859191654
17,489,582,177,0.00014909163292031735,5.215123859191654
17,490,582,177,0.00015407911268994212,5.215123859191654
17,491,582,177,0.00014182005543261766,5.215123859191654
17,492,582,177,0.00014117747195996344,5.215123859191654
17,493,582,177,0.00015215337043628097,5.215123859191654
17,494,582,177,0.00013838174345437437,5.215123859191654
17,495,582,177,0.00013726711040362716,5.215123859191654
17,496,582,177,0.00013590410526376218,5.215123859191654
17,497,582,177,0.00013440221664495766,5.215123859191654
17,498,582,177,0.000138247458380647,5.215123859191654
17,499,582,177,0.0001465494278818369,5.215123859191654
17,500,582,177,0.00014863669639453292,5.215123859191654
17,501,582,177,0.00014905061107128859,5.215123859191654
17,502,582,177,0.00014984239533077925,5.215123859191654
17,503,582,177,0.00014931883197277784,5.215123859191654
17,504,582,177,0.00015738036017864943,5.215123859191654
17,505,582,177,0.00017427827697247267,5.215123859191654
17,506,582,177,0.0001691877841949463,5.215123859191654
17,507,582,177,0.00017912262410391122,5.215123859191654
17,508,582,177,0.00017604525783099234,5.215123859191654
17,509,582,177,0.00016399739251937717,5.215123859191654
17,510,582,177,0.000179917537025176,5.215123859191654
17,511,582,177,0.00016469665570184588,5.215123859191654
17,512,582,177,0.00014578983245883137,5.215123859191654
17,513,582,177,0.00015258918574545532,5.215123859191654
17,514,582,177,0.0001631318446015939,5.215123859191654
17,515,582,177,0.0001617094239918515,5.215123859191654
17,516,582,177,0.00016921115457080305,5.215123859191654
17,517,582,177,0.0001533546601422131,5.215123859191654
17,518,582,177,0.0001461288775317371,5.215123859191654
17,519,582,177,0.00014824098616372794,5.215123859191654
17,520,582,177,0.0001412975980201736,5.215123859191654
17,521,582,177,0.00013754655083175749,5.215123859191654
17,522,582,177,0.00013114162720739841,5.215123859191654
17,523,582,177,0.00012332275218795985,5.215123859191654
17,524,582,177,0.0001429626572644338,5.215123859191654
17,525,582,177,0.00016428089293185622,5.215123859191654
17,526,582,177,0.00016123645764309913,5.215123859191654
17,527,582,177,0.00016115716425701976,5.215123859191654
17,528,582,177,0.00016783950559329242,5.215123859191654
17,529,582,177,0.00017770426347851753,5.215123859191654
17,530,582,177,0.00016746863548178226,5.215123859191654
17,531,582,177,0.0001674307422945276,5.215123859191654
17,532,582,177,0.00015808163152541965,5.215123859191654
17,533,582,177,0.00015714176697656512,5.215123859191654
17,534,582,177,0.0001476526667829603,5.215123859191654
17,535,582,177,0.00014243964687921107,5.215123859191654
17,536,582,177,0.00014862547686789185,5.215123859191654
17,537,582,177,0.0001524033723399043,5.215123859191654
17,538,582,177,0.00015166401863098145,5.215123859191654
17,539,582,177,0.00013600823876913637,5.215123859191654
17,540,582,177,0.0001706394541542977,5.215123859191654
17,541,582,177,0.00020910707826260477,5.215123859191654
17,542,582,177,0.00023485922429244965,5.215123859191654
17,543,582,177,0.0002551364013925195,5.215123859191654
17,544,582,177,0.00022082011855673045,5.215123859191654
17,545,582,177,0.00021248834673315287,5.215123859191654
17,546,582,177,0.00016042296192608774,5.215123859191654
17,547,582,177,0.00015457728295587003,5.215123859191654
17,548,582,177,0.00016913701256271452,5.215123859191654
17,549,582,177,0.00017451043822802603,5.215123859191654
17,550,582,177,0.00019882361812051386,5.215123859191654
17,551,582,177,0.00013071739522274584,5.215123859191654
17,552,582,177,0.00013056011812295765,5.215123859191654
17,553,582,177,0.00012877988046966493,5.215123859191654
17,554,582,177,0.00012135836732340977,5.215123859191654
17,555,582,177,0.00012954315752722323,5.215123859191654
17,556,582,177,0.0001262437435798347,5.215123859191654
17,557,582,177,0.0001291761436732486,5.215123859191654
17,558,582,177,0.00013976148329675198,5.215123859191654
17,559,582,177,0.00015039576101116836,5.215123859191654
17,560,582,177,0.00015673961024731398,5.215123859191654
17,561,582,177,0.00014001793169882149,5.215123859191654
17,562,582,177,0.0001445993984816596,5.215123859191654
17,563,582,177,0.00012817444803658873,5.215123859191654
17,564,582,177,0.00013261022104416043,5.215123859191654
17,565,582,177,0.0001364631752949208,5.215123859191654
17,566,582,177,0.00013667713210452348,5.215123859191654
17,567,582,177,0.00012950765085406601,5.215123859191654
17,568,582,177,0.0001377731969114393,5.215123859191654
17,569,582,177,0.00013992245658300817,5.215123859191654
17,570,582,177,0.0001362685434287414,5.215123859191654
17,571,582,177,0.0001348096993751824,5.215123859191654
17,572,582,177,0.00012834591325372458,5.215123859191654
17,573,582,177,0.00011954962246818468,5.215123859191654
17,574,582,177,0.00012130667164456099,5.215123859191654
17,575,582,177,0.00011909247405128554,5.215123859191654
17,576,582,177,0.00012505403719842434,5.215123859191654
17,577,582,177,0.00012182895443402231,5.215123859191654
17,578,582,177,0.00012010759382974356,5.215123859191654
17,579,582,177,0.00012153865827713162,5.215123859191654
17,580,582,177,0.00012754806084558368,5.215123859191654
17,581,582,177,0.00012083020556019619,5.215123859191654
18,35,243,177,4.674052615882829e-05,5.215123859191654
18,36,243,177,4.610014730133116e-05,5.215123859191654
18,37,243,177,4.379433084977791e-05,5.215123859191654
18,38,243,177,4.5771768782287836e-05,5.215123859191654
18,39,243,177,4.9798945838119835e-05,5.215123859191654
18,40,243,177,5.3120798838790506e-05,5.215123859191654
18,41,243,177,5.4767471738159657e-05,5.215123859191654
18,42,243,177,5.606239938060753e-05,5.215123859191654
18,43,243,177,5.717483509215526e-05,5.215123859191654
18,44,243,177,6.587288226000965e-05,5.215123859191654
18,45,243,177,6.380235572578385e-05,5.215123859191654
18,46,243,177,7.037303294055164e-05,5.215123859191654
18,47,243,177,7.435808220179752e-05,5.215123859191654
18,48,243,177,8.121887367451563e-05,5.215123859191654
18,49,243,177,8.289460674859583e-05,5.215123859191654
18,50,243,177,8.605052425991744e-05,5.215123859191654
18,51,243,177,8.608713687863201e-05,5.215123859191654
18,52,243,177,7.541257218690589e-05,5.215123859191654
18,53,243,177,7.12768523953855e-05,5.215123859191654
18,54,243,177,6.51947848382406e-05,5.215123859191654
18,55,243,177,6.69398796162568e-05,5.215123859191654
18,56,243,177,6.62295933580026e-05,5.215123859191654
18,57,243,177,6.507796933874488e-05,5.215123859191654
18,58,243,177,7.557575008831918e-05,5.215123859191654
18,59,243,177,6.85365084791556e-05,5.215123859191654
18,60,243,177,6.289522571023554e-05,5.215123859191654
18,61,243,177,5.8862347941612825e-05,5.215123859191654
18,62,243,177,6.349752948153764e-05,5.215123859191654
18,63,243,177,5.884579150006175e-05,5.215123859191654
18,64,243,177,6.114645657362416e-05,5.215123859191654
18,65,243,177,6.225024844752625e-05,5.215123859191654
18,66,243,177,6.190806743688881e-05,5.215123859191654
18,67,243,177,5.938002504990436e-05,5.215123859191654
18,68,243,177,6.369437323883176e-05,5.215123859191654
18,69,243,177,6.12115763942711e-05,5.215123859191654
18,70,243,177,6.874549580970779e-05,5.215123859191654
18,71,243,177,6.959927850402892e-05,5.215123859191654
18,72,243,177,7.27036822354421e-05,5.215123859191654
18,73,243,177,7.061604992486537e-05,5.215123859191654
18,74,243,177,7.373021071543917e-05,5.215123859191654
18,75,243,177,9.323307313024998e-05,5.215123859191654
18,76,243,177,8.914629142964259e-05,5.215123859191654
18,77,243,177,7.552736497018486e-05,5.215123859191654
18,78,243,177,7.304990867851302e-05,5.215123859191654
18,79,243,177,8.058125240495428e-05,5.215123859191654
18,80,243,177,7.24130222806707e-05,5.215123859191654
18,81,243,177,7.507186819566414e-05,5.215123859191654
18,82,243,177,6.999517063377425e-05,5.215123859191654
18,83,243,177,7.672387437196448e-05,5.215123859191654
18,84,243,177,0.00012128864909755066,5.215123859191654
18,85,243,177,9.715263149701059e-05,5.215123859191654
18,86,243,177,7.909058331279084e-05,5.215123859191654
18,87,243,177,7.788285438437015e-05,5.215123859191654
18,88,243,177,8.469120803056285e-05,5.215123859191654
18,89,243,177,9.097986912820488e-05,5.215123859191654
18,90,243,177,9.394244261784479e-05,5.215123859191654
18,91,243,177,9.19990343390964e-05,5.215123859191654
18,92,243,177,9.840910934144631e-05,5.215123859191654
18,93,243,177,0.0001107853531721048,5.215123859191654
18,94,243,177,0.00010194712376687676,5.215123859191654
18,95,243,177,0.00010820468742167577,5.215123859191654
18,96,243,177,9.52553964452818e-05,5.215123859191654
18,97,243,177,9.28213557926938e-05,5.215123859191654
18,98,243,177,8.850277663441375e-05,5.215123859191654
18,99,243,177,8.154338866006583e-05,5.215123859191654
18,100,243,177,7.76096640038304e-05,5.215123859191654
18,101,243,177,7.76692686486058e-05,5.215123859191654
18,102,243,177,7.302746234927326e-05,5.215123859191654
18,103,243,177,7.523982640122995e-05,5.215123859191654
18,104,243,177,7.596924842800945e-05,5.215123859191654
18,105,243,177,8.072345372056589e-05,5.215123859191654
18,106,243,177,9.201595821650699e-05,5.215123859191654
18,107,243,177,9.686472185421735e-05,5.215123859191654
18,108,243,177,9.359676914755255e-05,5.215123859191654
18,109,243,177,9.561137267155573e-05,5.215123859191654
18,110,243,177,9.284729458158836e-05,5.215123859191654
18,111,243,177,8.864222763804719e-05,5.215123859191654
18,112,243,177,8.488621097058058e-05,5.215123859191654
18,113,243,177,8.346913091372699e-05,5.215123859191654
18,114,243,177,8.179026917787269e-05,5.215123859191654
18,115,243,177,8.558307308703661e-05,5.215123859191654
18,116,243,177,8.745160448597744e-05,5.215123859191654
18,117,243,177,8.618739957455546e-05,5.215123859191654
18,118,243,177,8.856422209646553e-05,5.215123859191654
18,119,243,177,9.286293061450124e-05,5.215123859191654
18,120,243,177,0.0001145507485489361,5.215123859191654
18,121,243,177,9.907671483233571e-05,5.215123859191654
18,122,243,177,0.0001054051099345088,5.215123859191654
18,123,243,177,0.00010034717706730589,5.215123859191654
18,124,243,177,9.648336708778515e-05,5.215123859191654
18,125,243,177,9.836145909503102e-05,5.215123859191654
18,126,243,177,0.00010448326065670699,5.215123859191654
18,127,243,177,0.00010136247874470428,5.215123859191654
18,128,243,177,9.68827516771853e-05,5.215123859191654
18,129,243,177,9.438322013011202e-05,5.215123859191654
18,130,243,177,0.00011205562623217702,5.215123859191654
18,131,243,177,0.00012258467904757708,5.215123859191654
18,132,243,177,0.00011616889969445765,5.215123859191654
18,133,243,177,0.00010334690887248144,5.215123859191654
18,134,243,177,9.937823779182509e-05,5.215123859191654
18,135,243,177,0.00010519797069719061,5.215123859191654
18,136,243,177,0.00010595424828352407,5.215123859191654
18,137,243,177,0.00011010283924406394,5.215123859191654
18,138,243,177,0.0001311123778577894,5.215123859191654
18,139,243,177,0.00012531729589682072,5.215123859191654
18,140,243,177,0.00012759330275002867,5.215123859191654
18,141,243,177,0.00010883237700909376,5.215123859191654
18,142,243,177,0.00010705491149565205,5.215123859191654
18,143,243,177,0.00010698187543312088,5.215123859191654
18,144,243,177,0.0001032648651744239,5.215123859191654
18,145,243,177,0.00011453179467935115,5.215123859191654
18,146,243,177,0.00010713254596339539,5.215123859191654
18,147,243,177,0.00010173022747039795,5.215123859191654
18,148,243,177,9.838077676249668e-05,5.215123859191654
18,149,243,177,0.00010006736556533724,5.215123859191654
18,150,243,177,9.413873340236023e-05,5.215123859191654
18,151,243,177,8.985897147795185e-05,5.215123859191654
18,152,243,177,9.418692934559658e-05,5.215123859191654
18,153,243,177,9.452487574890256e-05,5.215123859191654
18,154,243,177,9.181378118228167e-05,5.215123859191654
18,155,243,177,9.285999112762511e-05,5.215123859191654
18,156,243,177,8.751304994802922e-05,5.215123859191654
18,157,243,177,8.504405559506267e-05,5.215123859191654
18,158,243,177,8.646739297546446e-05,5.215123859191654
18,159,243,177,8.665135828778148e-05,5.215123859191654
18,160,243,177,8.40055727167055e-05,5.215123859191654
18,161,243,177,8.532680658390746e-05,5.215123859191654
18,162,243,177,8.265305950772017e-05,5.215123859191654
18,163,243,177,8.160299330484122e-05,5.215123859191654
18,164,243,177,7.837826706236228e-05,5.215123859191654
18,165,243,177,7.709125202381983e-05,5.215123859191654
18,166,243,177,7.724393799435347e-05,5.215123859191654
18,167,243,177,7.995576743269339e-05,5.215123859191654
18,168,243,177,8.011379395611584e-05,5.215123859191654
18,169,243,177,8.194810652639717e-05,5.215123859191654
18,170,243,177,8.534538937965408e-05,5.215123859191654
18,171,243,177,8.527658792445436e-05,5.215123859191654
18,172,243,177,9.5270479505416e-05,5.215123859191654
18,173,243,177,9.394575317855924e-05,5.215123859191654
18,174,243,177,9.336810035165399e-05,5.215123859191654
18,175,243,177,8.82132226251997e-05,5.215123859191654
18,176,243,177,9.264364780392498e-05,5.215123859191654
18,177,243,177,8.13145306892693e-05,5.215123859191654
18,178,243,177,8.940292173065245e-05,5.215123859191654
18,179,243,177,9.136417065747082e-05,5.215123859191654
18,180,243,177,9.839236736297607e-05,5.215123859191654
18,181,243,177,9.015349496621639e-05,5.215123859191654
18,182,243,177,9.4614464615006e-05,5.215123859191654
18,183,243,177,9.250383300241083e-05,5.215123859191654
18,184,243,177,0.00010949373245239258,5.215123859191654
18,185,243,177,0.00012156165030319244,5.215123859191654
18,186,243,177,0.00012286854325793684,5.215123859191654
18,187,243,177,0.00010813073458848521,5.215123859191654
18,188,243,177,0.00010451380512677133,5.215123859191654
18,189,243,177,0.00010577763896435499,5.215123859191654
18,190,243,177,0.00010061687498819083,5.215123859191654
18,191,243,177,0.00010133507021237165,5.215123859191654
18,192,243,177,0.00011963314318563789,5.215123859191654
18,193,243,177,0.00011873907351400703,5.215123859191654
18,194,243,177,0.0001254201342817396,5.215123859191654
18,195,243,177,0.00010893301077885553,5.215123859191654
18,196,243,177,0.00011886674474226311,5.215123859191654
18,197,243,177,0.00012068248179275542,5.215123859191654
18,198,243,177,0.00011901336984010413,5.215123859191654
18,199,243,177,0.00011718365567503497,5.215123859191654
18,200,243,177,0.00010994150215992704,5.215123859191654
18,201,243,177,0.00010765555634861812,5.215123859191654
18,202,243,177,0.00010797841241583228,5.215123859191654
18,203,243,177,0.0001045859171426855,5.215123859191654
18,204,243,177,0.00010558815847616643,5.215123859191654
18,205,243,177,0.0001091259837266989,5.215123859191654
18,206,243,177,0.00010690037743188441,5.215123859191654
18,207,243,177,0.00011207973147975281,5.215123859191654
18,208,243,177,0.00010966941772494465,5.215123859191654
18,209,243,177,0.00011337226897012442,5.215123859191654
18,210,243,177,0.00011655890557449311,5.215123859191654
18,211,243,177,0.00011286489461781457,5.215123859191654
18,212,243,177,0.00011181720765307546,5.215123859191654
18,213,243,177,0.00010925991227850318,5.215123859191654
18,214,243,177,0.00012177688768133521,5.215123859191654
18,215,243,177,0.00010776262206491083,5.215123859191654
18,216,243,177,0.00011079491378040984,5.215123859191654
18,217,243,177,0.00011129659105790779,5.215123859191654
18,218,243,177,0.00010974392353091389,5.215123859191654
18,219,243,177,0.00011387485574232414,5.215123859191654
18,220,243,177,0.0001149600648204796,5.215123859191654
18,221,243,177,0.00010526033292990178,5.215123859191654
18,222,243,177,9.577013406669721e-05,5.215123859191654
18,223,243,177,9.670467261457816e-05,5.215123859191654
18,224,243,177,9.819056140258908e-05,5.215123859191654
18,225,243,177,0.00010101166117237881,5.215123859191654
18,226,243,177,9.787837188923731e-05,5.215123859191654
18,227,243,177,0.00010048221156466752,5.215123859191654
18,228,243,177,9.867291373666376e-05,5.215123859191654
18,229,243,177,9.938504081219435e-05,5.215123859191654
18,230,243,177,9.842640429269522e-05,5.215123859191654
18,231,243,177,0.00010120739898411557,5.215123859191654
18,232,243,177,0.00010248834587400779,5.215123859191654
18,233,243,177,9.997042070608586e-05,5.215123859191654
18,234,243,177,0.00010006810771301389,5.215123859191654
18,235,243,177,9.723706898512319e-05,5.215123859191654
18,236,243,177,9.972022962756455e-05,5.215123859191654
18,237,243,177,0.00010112737800227478,5.215123859191654
18,238,243,177,9.749498713063076e-05,5.215123859191654
18,239,243,177,0.00010051955177914351,5.215123859191654
18,240,243,177,9.964075434254482e-05,5.215123859191654
18,241,243,177,0.00010077581828227267,5.215123859191654
18,242,243,177,9.780055552255362e-05,5.215123859191654
19,35,277,177,5.4971118515823036e-05,5.215123859191654
19,36,277,177,4.5945431338623166e-05,5.215123859191654
19,37,277,177,4.038877159473486e-05,5.215123859191654
19,38,277,177,4.112095120945014e-05,5.215123859191654
19,39,277,177,4.079790960531682e-05,5.215123859191654
19,40,277,177,3.6449342587729916e-05,5.215123859191654
19,41,277,177,3.6423221899895e-05,5.215123859191654
19,42,277,177,3.5410495911492035e-05,5.215123859191654
19,43,277,177,3.607092730817385e-05,5.215123859191654
19,44,277,177,3.60889571311418e-05,5.215123859191654
19,45,277,177,3.798949910560623e-05,5.215123859191654
19,46,277,177,3.8358717574737966e-05,5.215123859191654
19,47,277,177,3.9862628909759223e-05,5.215123859191654
19,48,277,177,3.702092362800613e-05,5.215123859191654
19,49,277,177,3.821025529759936e-05,5.215123859191654
19,50,277,177,3.888595892931335e-05,5.215123859191654
19,51,277,177,3.8752215914428234e-05,5.215123859191654
19,52,277,177,4.8810132284415886e-05,5.215123859191654
19,53,277,177,5.488465467351489e-05,5.215123859191654
19,54,277,177,5.8211477153236046e-05,5.215123859191654
19,55,277,177,6.503197801066563e-05,5.215123859191654
19,56,277,177,6.605427188333124e-05,5.215123859191654
19,57,277,177,6.355511141009629e-05,5.215123859191654
19,58,277,177,6.828724144725129e-05,5.215123859191654
19,59,277,177,7.206201553344727e-05,5.215123859191654
19,60,277,177,7.756661216262728e-05,5.215123859191654
19,61,277,177,7.16035719960928e-05,5.215123859191654
19,62,277,177,6.671783194178715e-05,5.215123859191654
19,63,277,177,6.597425090149045e-05,5.215123859191654
19,64,277,177,6.663505337201059e-05,5.215123859191654
19,65,277,177,6.769524043193087e-05,5.215123859191654
19,66,277,177,6.612895958824083e-05,5.215123859191654
19,67,277,177,6.980550097068772e-05,5.215123859191654
19,68,277,177,6.555940490216017e-05,5.215123859191654
19,69,277,177,6.328412564471364e-05,5.215123859191654
19,70,277,177,6.212717562448233e-05,5.215123859191654
19,71,277,177,5.940099435974844e-05,5.215123859191654
19,72,277,177,5.954927109996788e-05,5.215123859191654
19,73,277,177,6.44462343188934e-05,5.215123859191654
19,74,277,177,6.573454447789118e-05,5.215123859191654
19,75,277,177,6.448946805903688e-05,5.215123859191654
19,76,277,177,6.319417298072949e-05,5.215123859191654
19,77,277,177,6.005352042848244e-05,5.215123859191654
19,78,277,177,6.228520214790478e-05,5.215123859191654
19,79,277,177,6.217059126356617e-05,5.215123859191654
19,80,277,177,6.432040390791371e-05,5.215123859191654
19,81,277,177,6.245168333407491e-05,5.215123859191654
19,82,277,177,6.316749204415828e-05,5.215123859191654
19,83,277,177,6.487928476417437e-05,5.215123859191654
19,84,277,177,6.906743510626256e-05,5.215123859191654
19,85,277,177,7.06692153471522e-05,5.215123859191654
19,86,277,177,7.184291462181136e-05,5.215123859191654
19,87,277,177,6.840423884568736e-05,5.215123859191654
19,88,277,177,6.893443060107529e-05,5.215123859191654
19,89,277,177,6.96246643201448e-05,5.215123859191654
19,90,277,177,7.353520777542144e-05,5.215123859191654
19,91,277,177,7.423703209497035e-05,5.215123859191654
19,92,277,177,8.310763951158151e-05,5.215123859191654
19,93,277,177,8.682888437760994e-05,5.215123859191654
19,94,277,177,8.162562153302133e-05,5.215123859191654
19,95,277,177,7.361688767559826e-05,5.215123859191654
19,96,277,177,7.720586290815845e-05,5.215123859191654
19,97,277,177,8.078545215539634e-05,5.215123859191654
19,98,277,177,7.735836697975174e-05,5.215123859191654
19,99,277,177,7.05741040292196e-05,5.215123859191654
19,100,277,177,7.368440128630027e-05,5.215123859191654
19,101,277,177,7.113759056665003e-05,5.215123859191654
19,102,277,177,7.425984222209081e-05,5.215123859191654
19,103,277,177,7.649409963050857e-05,5.215123859191654
19,104,277,177,8.509684994351119e-05,5.215123859191654
19,105,277,177,9.827683970797807e-05,5.215123859191654
19,106,277,177,8.778513438301161e-05,5.215123859191654
19,107,277,177,8.686493674758822e-05,5.215123859191654
19,108,277,177,9.963008778868243e-05,5.215123859191654
19,109,277,177,0.00010411956463940442,5.215123859191654
19,110,277,177,0.00010033393482444808,5.215123859191654
19,111,277,177,0.00010097284393850714,5.215123859191654
19,112,277,177,9.645595127949491e-05,5.215123859191654
19,113,277,177,9.115169086726382e-05,5.215123859191654
19,114,277,177,8.76171761774458e-05,5.215123859191654
19,115,277,177,8.671537943882868e-05,5.215123859191654
19,116,277,177,9.53620983636938e-05,5.215123859191654
19,117,277,177,9.957746806321666e-05,5.215123859191654
19,118,277,177,0.00010207461309619248,5.215123859191654
19,119,277,177,0.00010918209591181949,5.215123859191654
19,120,277,177,0.00011809354327851906,5.215123859191654
19,121,277,177,9.868450433714315e-05,5.215123859191654
19,122,277,177,0.00010493747686268762,5.215123859191654
19,123,277,177,0.00010025814117398113,5.215123859191654
19,124,277,177,0.00010250858758809045,5.215123859191654
19,125,277,177,0.00010531643783906475,5.215123859191654
19,126,277,177,9.86225059023127e-05,5.215123859191654
19,127,277,177,9.645374666433781e-05,5.215123859191654
19,128,277,177,9.325551218353212e-05,5.215123859191654
19,129,277,177,9.156174928648397e-05,5.215123859191654
19,130,277,177,8.520465780748054e-05,5.215123859191654
19,131,277,177,8.323531073983759e-05,5.215123859191654
19,132,277,177,8.148028427967802e-05,5.215123859191654
19,133,277,177,8.272076229332015e-05,5.215123859191654
19,134,277,177,8.323935617227107e-05,5.215123859191654
19,135,277,177,8.750808046897873e-05,5.215123859191654
19,136,277,177,8.239164890255779e-05,5.215123859191654
19,137,277,177,8.48954077810049e-05,5.215123859191654
19,138,277,177,8.267237717518583e-05,5.215123859191654
19,139,277,177,8.117122342810035e-05,5.215123859191654
19,140,277,177,8.239220187533647e-05,5.215123859191654
19,141,277,177,7.956613262649626e-05,5.215123859191654
19,142,277,177,8.164419705281034e-05,5.215123859191654
19,143,277,177,7.836760050849989e-05,5.215123859191654
19,144,277,177,7.736314728390425e-05,5.215123859191654
19,145,277,177,7.457313768099993e-05,5.215123859191654
19,146,277,177,7.578932854812592e-05,5.215123859191654
19,147,277,177,7.501299842260778e-05,5.215123859191654
19,148,277,177,8.10590063338168e-05,5.215123859191654
19,149,277,177,7.671779894735664e-05,5.215123859191654
19,150,277,177,8.748747495701537e-05,5.215123859191654
19,151,277,177,9.129923273576424e-05,5.215123859191654
19,152,277,177,9.760720422491431e-05,5.215123859191654
19,153,277,177,8.602200978202745e-05,5.215123859191654
19,154,277,177,8.633769903099164e-05,5.215123859191654
19,155,277,177,9.304634295403957e-05,5.215123859191654
19,156,277,177,8.823658572509885e-05,5.215123859191654
19,157,277,177,9.11585011635907e-05,5.215123859191654
19,158,277,177,8.698469900991768e-05,5.215123859191654
19,159,277,177,8.813061867840588e-05,5.215123859191654
19,160,277,177,8.347152470378205e-05,5.215123859191654
19,161,277,177,8.620726293884218e-05,5.215123859191654
19,162,277,177,8.135794632835314e-05,5.215123859191654
19,163,277,177,8.173176320269704e-05,5.215123859191654
19,164,277,177,8.704209903953597e-05,5.215123859191654
19,165,277,177,9.150858386419713e-05,5.215123859191654
19,166,277,177,0.00010135991033166647,5.215123859191654
19,167,277,177,9.75503571680747e-05,5.215123859191654
19,168,277,177,9.999562462326139e-05,5.215123859191654
19,169,277,177,0.00010278066474711522,5.215123859191654
19,170,277,177,0.00010148794535780326,5.215123859191654
19,171,277,177,0.00010053206642623991,5.215123859191654
19,172,277,177,9.481149027124047e-05,5.215123859191654
19,173,277,177,0.00010053555888589472,5.215123859191654
19,174,277,177,9.837029210757464e-05,5.215123859191654
19,175,277,177,9.980300819734111e-05,5.215123859191654
19,176,277,177,9.574308933224529e-05,5.215123859191654
19,177,277,177,9.467038762522861e-05,5.215123859191654
19,178,277,177,9.446674084756523e-05,5.215123859191654
19,179,277,177,9.333701018476859e-05,5.215123859191654
19,180,277,177,9.633545414544642e-05,5.215123859191654
19,181,277,177,9.57314987317659e-05,5.215123859191654
19,182,277,177,0.00010619303066050634,5.215123859191654
19,183,277,177,0.00010700082202674821,5.215123859191654
19,184,277,177,0.0001145689602708444,5.215123859191654
19,185,277,177,0.00011949351755902171,5.215123859191654
19,186,277,177,0.00011470656318124384,5.215123859191654
19,187,277,177,9.706064884085208e-05,5.215123859191654
19,188,277,177,9.847165347309783e-05,5.215123859191654
19,189,277,177,9.132792911259457e-05,5.215123859191654
19,190,277,177,8.428005094174296e-05,5.215123859191654
19,191,277,177,9.484000474913046e-05,5.215123859191654
19,192,277,177,9.411426435690373e-05,5.215123859191654
19,193,277,177,0.00012157508172094822,5.215123859191654
19,194,277,177,0.00011232017277507111,5.215123859191654
19,195,277,177,0.00010627912706695497,5.215123859191654
19,196,277,177,0.0001092326856451109,5.215123859191654
19,197,277,177,0.00010287632903782651,5.215123859191654
19,198,277,177,0.000103219055745285,5.215123859191654
19,199,277,177,9.435157699044794e-05,5.215123859191654
19,200,277,177,9.158805914921686e-05,5.215123859191654
19,201,277,177,9.634925663704053e-05,5.215123859191654
19,202,277,177,8.866834832588211e-05,5.215123859191654
19,203,277,177,9.282466635340825e-05,5.215123859191654
19,204,277,177,9.026350744534284e-05,5.215123859191654
19,205,277,177,0.00010205106082139537,5.215123859191654
19,206,277,177,0.00010038323671324179,5.215123859191654
19,207,277,177,9.856345423031598e-05,5.215123859191654
19,208,277,177,9.563694038661197e-05,5.215123859191654
19,209,277,177,9.487753413850442e-05,5.215123859191654
19,210,277,177,0.00010459548502694815,5.215123859191654
19,211,277,177,0.00011986494064331055,5.215123859191654
19,212,277,177,0.00011404520773794502,5.215123859191654
19,213,277,177,0.00011494020145619288,5.215123859191654
19,214,277,177,9.921874152496457e-05,5.215123859191654
19,215,277,177,9.908572974381968e-05,5.215123859191654
19,216,277,177,9.722124377731234e-05,5.215123859191654
19,217,277,177,9.784617577679455e-05,5.215123859191654
19,218,277,177,0.00010271627979818732,5.215123859191654
19,219,277,177,0.00010526217374717817,5.215123859191654
19,220,277,177,0.00010675707017071545,5.215123859191654
19,221,277,177,0.00010389715316705406,5.215123859191654
19,222,277,177,9.381587005918846e-05,5.215123859191654
19,223,277,177,0.00011445894779171795,5.215123859191654
19,224,277,177,8.987460751086473e-05,5.215123859191654
19,225,277,177,9.013620729092509e-05,5.215123859191654
19,226,277,177,8.74433244462125e-05,5.215123859191654
19,227,277,177,8.935306686908007e-05,5.215123859191654
19,228,277,177,9.23675179365091e-05,5.215123859191654
19,229,277,177,9.700877126306295e-05,5.215123859191654
19,230,277,177,0.0001024598313961178,5.215123859191654
19,231,277,177,0.0001102235255530104,5.215123859191654
19,232,277,177,0.00012699505896307528,5.215123859191654
19,233,277,177,0.00011365299724275246,5.215123859191654
19,234,277,177,9.780404798220843e-05,5.215123859191654
19,235,277,177,7.548302528448403e-05,5.215123859191654
19,236,277,177,7.417577580781654e-05,5.215123859191654
19,237,277,177,7.470117998309433e-05,5.215123859191654
19,238,277,177,7.363565237028524e-05,5.215123859191654
19,239,277,177,7.394231943180785e-05,5.215123859191654
19,240,277,177,7.742974412394688e-05,5.215123859191654
19,241,277,177,7.7907505328767e-05,5.215123859191654
19,242,277,177,7.957606430863962e-05,5.215123859191654
19,243,277,177,8.210061787394807e-05,5.215123859191654
19,244,277,177,8.248032099800184e-05,5.215123859191654
19,245,277,177,8.38282285258174e-05,5.215123859191654
19,246,277,177,8.717399759916589e-05,5.215123859191654
19,247,277,177,8.648836228530854e-05,5.215123859191654
19,248,277,177,8.683716441737488e-05,5.215123859191654
19,249,277,177,8.825663826428354e-05,5.215123859191654
19,250,277,177,9.184174268739298e-05,5.215123859191654
19,251,277,177,9.064854384632781e-05,5.215123859191654
19,252,277,177,9.02806204976514e-05,5.215123859191654
19,253,277,177,9.143279021373019e-05,5.215123859191654
19,254,277,177,9.333885100204498e-05,5.215123859191654
19,255,277,177,9.518457227386534e-05,5.215123859191654
19,256,277,177,9.563473577145487e-05,5.215123859191654
19,257,277,177,9.336534276371822e-05,5.215123859191654
19,258,277,177,9.562903142068535e-05,5.215123859191654
19,259,277,177,9.88456595223397e-05,5.215123859191654
19,260,277,177,9.642725490266457e-05,5.215123859191654
19,261,277,177,9.593147115083411e-05,5.215123859191654
19,262,277,177,9.975922876037657e-05,5.215123859191654
19,263,277,177,0.00010025152005255222,5.215123859191654
19,264,277,177,0.0001028662154567428,5.215123859191654
19,265,277,177,0.00010371539246989414,5.215123859191654
19,266,277,177,0.00010320894216420129,5.215123859191654
19,267,277,177,0.00010291017679264769,5.215123859191654
19,268,277,177,0.00010536169429542497,5.215123859191654
19,269,277,177,0.00010483463847776875,5.215123859191654
19,270,277,177,0.00010665184527169913,5.215123859191654
19,271,277,177,0.00010527155245654285,5.215123859191654
19,272,277,177,0.00010589298472041264,5.215123859191654
19,273,277,177,0.00010770982771646231,5.215123859191654
19,274,277,177,0.00010956363985314965,5.215123859191654
19,275,277,177,0.00010787814971990883,5.215123859191654
19,276,277,177,0.00010813496919581667,5.215123859191654
