video,frame,video_length,phase,appearance,temporal
01,35,720,10,0.032212994992733,0.5779872924779669
01,36,720,10,0.03283926472067833,0.6537541846006698
01,37,720,10,0.033095408231019974,0.7998906879825101
01,38,720,10,0.03212246298789978,1.0122976019676166
01,39,720,10,0.031562115997076035,1.1551547448247594
01,40,720,10,0.03364146128296852,1.3932499829199976
01,41,720,10,0.032321345061063766,1.5361071257771404
01,42,720,10,0.0321512371301651,1.6789642686342834
01,43,720,12,0.03194744884967804,0.5887818542050958
01,44,720,12,0.031300533562898636,0.585024253603879
01,45,720,12,0.03163299337029457,0.6632506661201056
01,46,720,12,0.03233782947063446,0.7928537268565952
01,47,720,12,0.032376550137996674,0.9497847919655664
01,48,720,12,0.03197970986366272,1.1340438614470176
01,49,720,12,0.032353855669498444,1.2503928400628541
01,50,720,12,0.032064713537693024,1.393249982919997
01,51,720,15,0.03223787248134613,1.3210357313657173
01,52,720,15,0.03277457132935524,1.0626494500239119
01,53,720,15,0.031905949115753174,0.8473047755687636
01,54,720,15,0.0318414606153965,0.701509872241579
01,55,720,15,0.031758472323417664,0.6376989820318364
01,56,720,15,0.03257124125957489,0.6057935369269658
01,57,720,15,0.032266855239868164,0.6285441005670556
01,58,720,19,0.03207569569349289,3.2734166837466696
01,59,720,19,0.032007914036512375,2.872173259547721
01,60,720,19,0.03178095445036888,2.4982578397212545
01,61,720,19,0.03209017962217331,2.151670424267268
01,62,720,19,0.03409954532980919,1.832411013185763
01,63,720,19,0.032900527119636536,1.540479606476738
01,64,720,20,0.03256567195057869,1.8738129398100714
01,65,720,20,0.032181404531002045,1.6162464985994396
01,66,720,20,0.032509945333004,1.4133360661337708
01,67,720,20,0.03296120837330818,1.2650816424130626
01,68,720,20,0.032476525753736496,1.1574093051854892
01,69,720,20,0.03237858787178993,1.0927785748445715
01,70,720,20,0.03244009241461754,1.0828038532486157
01,71,720,20,0.0323537215590477,1.1274851403976216
01,72,720,20,0.03221963346004486,1.271981963517113
01,73,720,20,0.031812168657779694,1.4438067910090862
01,74,720,20,0.03222133591771126,1.6429596228735395
01,75,720,20,0.03261255472898483,1.8694404591104732
01,76,720,20,0.03259609639644623,2.1075356972057113
01,77,720,21,0.03328315168619156,1.5398647263783565
01,78,720,25,0.032356973737478256,2.130559540889527
01,79,720,28,0.03290948271751404,4.701988112318098
01,80,720,28,0.03256751224398613,4.30074468811915
01,81,720,28,0.03152678906917572,3.9268292682926833
01,82,720,28,0.0322638638317585,3.5802418528386966
01,83,720,28,0.032475460320711136,3.2609824417571915
01,84,720,28,0.032970111817121506,2.9690510350481665
01,85,720,28,0.03346377983689308,2.7520666803306697
01,86,720,28,0.032422032207250595,2.562410329985653
01,87,720,28,0.03211507573723793,2.400081984013118
01,88,720,28,0.03270672634243965,2.2650816424130626
01,89,720,28,0.03232201561331749,2.172303067568491
01,90,720,28,0.03160670027136803,2.119286739085878
01,91,720,28,0.03220904991030693,2.0935984149757467
01,92,720,28,0.03266865387558937,2.0952380952380953
01,93,720,28,0.03244923800230026,2.1242057798729257
01,94,720,28,0.03183009847998619,2.180501468880236
01,95,720,28,0.03234179690480232,2.2641251622600267
01,96,720,28,0.03161324933171272,2.3750768600122973
01,97,720,28,0.032425303012132645,2.51335656213705
01,98,720,33,0.03344448655843735,2.094076655052265
01,99,720,33,0.03212417662143707,1.8108218897315018
01,100,720,33,0.03250366821885109,1.6273826603812243
01,101,720,33,0.03326389938592911,1.471271435403428
01,102,720,33,0.03222037851810455,1.3424882147981134
01,103,720,33,0.03444069251418114,1.241032998565279
01,104,720,33,0.033470723778009415,1.166905786704925
01,105,720,33,0.033247072249650955,1.120106579217051
01,106,720,33,0.03293266519904137,1.1006353761016587
01,107,720,33,0.03270622715353966,1.1084921773587464
01,108,720,33,0.03290145844221115,1.1436769829883158
01,109,720,33,0.03208363801240921,1.2061897929903656
01,110,720,33,0.032643355429172516,1.2960306073648953
01,111,720,33,0.03202034533023834,1.4131994261119065
01,112,720,33,0.032137975096702576,1.5576962492313982
01,113,720,33,0.03186732903122902,1.7295210767233713
01,114,720,33,0.03235887736082077,1.9286739085878246
01,115,720,33,0.03292039409279823,2.1551547448247583
01,116,720,33,0.0336233414709568,2.393249982919996
01,117,720,33,0.03345528990030289,2.631345221015234
01,118,720,33,0.0337940976023674,2.8694404591104723
01,119,720,33,0.03405080363154411,2.8694404591104723
01,120,720,33,0.03333836421370506,2.8694404591104723
01,121,720,33,0.03275563567876816,2.8694404591104723
01,122,720,33,0.03272939473390579,2.8694404591104723
01,123,720,33,0.032600145787000656,2.8694404591104723
01,124,720,33,0.03337207809090614,2.8694404591104723
01,125,720,33,0.033510878682136536,2.8694404591104723
01,126,720,33,0.03315554931759834,2.8694404591104723
01,127,720,33,0.03349466621875763,2.8694404591104723
01,128,720,33,0.033263057470321655,2.8694404591104723
01,129,720,33,0.03206741809844971,2.8694404591104723
01,130,720,33,0.032461438328027725,2.8694404591104723
01,131,720,33,0.03250366821885109,2.8694404591104723
01,132,720,33,0.03325079753994942,2.8694404591104723
01,133,720,33,0.03381342440843582,2.8694404591104723
01,134,720,33,0.03237141668796539,2.8694404591104723
01,135,720,33,0.03236851841211319,2.8694404591104723
01,136,720,33,0.032771240919828415,2.8694404591104723
01,137,720,33,0.03250359743833542,2.8694404591104723
01,138,720,38,0.03340592980384827,2.02158912345426
01,139,720,38,0.03301223739981651,1.8108218897315018
01,140,720,38,0.03228893131017685,1.6273826603812243
01,141,720,38,0.03247368708252907,1.471271435403428
01,142,720,38,0.0317949578166008,1.3424882147981134
01,143,720,38,0.03214689716696739,1.241032998565279
01,144,720,42,0.032240480184555054,4.273416683746669
01,145,720,42,0.033071402460336685,3.8721732595477207
01,146,720,42,0.03356324881315231,3.4982578397212527
01,147,720,42,0.03396068140864372,3.151670424267266
01,148,720,42,0.03351790830492973,2.832411013185761
01,149,720,42,0.033937688916921616,2.540479606476736
01,150,720,42,0.03456450253725052,2.2758762041401916
01,151,720,44,0.03430308774113655,3.1789984286397477
01,152,720,44,0.034975286573171616,2.710664753706359
01,153,720,44,0.034247398376464844,2.2969870875179326
01,154,720,45,0.03503350168466568,2.5591309694609548
01,155,720,45,0.03393230214715004,2.043998087039694
01,156,720,45,0.03549489751458168,1.6108492177358735
01,157,720,45,0.034301988780498505,1.2596843615494966
01,158,720,45,0.03581492602825165,0.9764295962287332
01,159,720,45,0.0351104736328125,0.985926077748171
01,160,720,45,0.034975163638591766,1.0500785680125706
01,161,720,48,0.03524181619286537,2.1305595408895264
01,162,720,48,0.03413950279355049,1.6816970690715303
01,163,720,48,0.03352184593677521,1.2601626016260146
01,164,720,48,0.03338088095188141,0.8659561385529803
01,165,720,51,0.03365931659936905,3.273416683746669
01,166,720,51,0.033191848546266556,2.8721732595477207
01,167,720,51,0.03380729258060455,2.4982578397212527
01,168,720,51,0.0347573421895504,2.151670424267266
01,169,720,51,0.03446349874138832,1.832411013185761
01,170,720,51,0.0341809056699276,1.540479606476736
01,171,720,51,0.034937068819999695,1.2758762041401914
01,172,720,51,0.03375130519270897,1.1487326637972242
01,173,720,51,0.03438061848282814,1.0762451321992188
01,174,720,51,0.03374587744474411,1.0584136093461765
01,175,720,51,0.0347919687628746,1.1428571428571421
01,176,720,51,0.03419334068894386,1.2670629227300676
01,177,720,51,0.034302033483982086,1.4185967069754735
01,178,720,51,0.033660706132650375,1.5974584955933593
01,179,720,51,0.03313944861292839,1.8036482885837255
01,180,720,51,0.03369395062327385,2.037166085946573
01,181,720,51,0.0329904668033123,2.2980118876819025
01,182,720,56,0.03426182642579079,2.3210357313657166
01,183,720,56,0.03388303890824318,1.9831249572999916
01,184,720,56,0.03462999314069748,1.6998701919792283
01,185,720,56,0.033906131982803345,1.471271435403428
01,186,720,56,0.03447612002491951,1.3424882147981134
01,187,720,56,0.03530840948224068,1.241032998565279
01,188,720,56,0.03472067415714264,1.166905786704925
01,189,720,56,0.034359198063611984,1.120106579217051
01,190,720,56,0.03356179967522621,1.1006353761016587
01,191,720,56,0.034442223608493805,1.1084921773587477
01,192,720,56,0.03454136848449707,1.143676982988317
01,193,720,56,0.0330067053437233,1.2061897929903669
01,194,720,56,0.034414391964673996,1.2960306073648966
01,195,720,56,0.03423728793859482,1.4131994261119079
01,196,720,56,0.03415314480662346,1.5576962492313995
01,197,720,56,0.034356724470853806,1.7295210767233726
01,198,720,56,0.03357361629605293,1.928673908587826
01,199,720,56,0.03429260477423668,2.1551547448247597
01,200,720,56,0.034113809466362,2.393249982919998
01,201,720,56,0.035696323961019516,2.6313452210152355
01,202,720,56,0.03438463434576988,2.8694404591104736
01,203,720,56,0.034468840807676315,2.8694404591104736
01,204,720,56,0.03448362275958061,2.8694404591104736
01,205,720,56,0.03546582907438278,2.8694404591104736
01,206,720,56,0.034848082810640335,2.8694404591104736
01,207,720,56,0.03419552370905876,2.8694404591104736
01,208,720,56,0.03421204909682274,2.8694404591104736
01,209,720,56,0.03458013758063316,2.8694404591104736
01,210,720,56,0.03513571247458458,2.8694404591104736
01,211,720,56,0.03423501178622246,2.8694404591104736
01,212,720,56,0.03358714282512665,2.8694404591104736
01,213,720,56,0.0331479050219059,2.8694404591104736
01,214,720,56,0.03102494217455387,2.8694404591104736
01,215,720,56,0.03343600407242775,2.8694404591104736
01,216,720,56,0.035887960344552994,2.8694404591104736
01,217,720,56,0.037735097110271454,2.8694404591104736
01,218,720,56,0.03883759304881096,2.8694404591104736
01,219,720,56,0.041220296174287796,2.8694404591104736
01,220,720,56,0.04393495246767998,2.8694404591104736
01,221,720,58,0.043791335076093674,1.533647605383618
01,222,720,58,0.04456888139247894,1.465737514518003
01,223,720,60,0.04181279242038727,1.3349730135956828
01,224,720,60,0.041859373450279236,1.1718248274919725
01,225,720,60,0.04047340154647827,1.0360046457607424
01,226,720,60,0.040618784725666046,0.9275124684019939
01,227,720,60,0.03817082569003105,0.846348295415727
01,228,720,60,0.03719877079129219,0.7933319669331139
01,229,720,60,0.03729117289185524,0.7949716471954625
01,230,720,60,0.03656740114092827,0.8504474960715994
01,231,720,62,0.03565645217895508,1.1595272255243552
01,232,720,62,0.03727323189377785,0.9566167930586864
01,233,720,62,0.03614167124032974,0.8083623693379781
01,234,720,62,0.03608047217130661,0.7147639543622316
01,235,720,63,0.03598201274871826,1.011272801803648
01,236,720,64,0.03573891147971153,1.5591309694609548
01,237,720,64,0.03602675348520279,1.2071462731434028
01,238,720,64,0.03815007954835892,0.9106374257019861
01,239,720,64,0.03784080222249031,0.7101865136298412
01,240,720,64,0.03651672974228859,0.6049736967957914
01,241,720,66,0.039382461458444595,1.5591309694609548
01,242,720,66,0.0352141410112381,1.205506592881054
01,243,720,66,0.0357503741979599,0.8800300608048085
01,244,720,66,0.03563454747200012,0.70444763271162
01,245,720,66,0.03564583137631416,0.585160893625742
01,246,720,66,0.03582877293229103,0.5627519300403092
01,247,720,66,0.03601844981312752,0.6347612215617954
01,248,720,66,0.035732194781303406,0.7879346860695498
01,249,720,66,0.03498123213648796,0.9941244790599159
01,250,720,66,0.03564000502228737,1.2276422764227637
01,251,720,66,0.03550577163696289,1.488488078158093
01,252,720,66,0.03571029007434845,1.6789642686342834
01,253,720,66,0.033446524292230606,1.8694404591104739
01,254,720,66,0.034673213958740234,2.0599166495866643
01,255,720,66,0.03363228961825371,2.2503928400628546
01,256,720,66,0.03317504748702049,2.393249982919998
01,257,720,66,0.03212568908929825,2.4884880781580927
01,258,720,66,0.031101027503609657,2.583726173396188
01,259,720,66,0.03318004310131073,2.6789642686342834
01,260,720,66,0.03535294160246849,2.7742023638723787
01,261,720,66,0.03460926190018654,2.8694404591104736
01,262,720,67,0.034013424068689346,2.038805766208923
01,263,720,67,0.035532914102077484,2.018514722962356
01,264,720,67,0.032354019582271576,2.0255516840882697
01,265,720,67,0.03278059884905815,2.0599166495866643
01,266,720,68,0.032715607434511185,1.3572453371592546
01,267,720,70,0.033047594130039215,1.2397349183575868
01,268,720,70,0.032945360988378525,1.0765867322538765
01,269,720,70,0.03272552788257599,0.9407665505226478
01,270,720,70,0.03266867250204086,0.8322743731638993
01,271,720,70,0.03374245762825012,0.751110200177631
01,272,720,70,0.033535558730363846,0.6972740315638443
01,273,720,70,0.032294150441884995,0.6864794698367147
01,274,720,70,0.031871892511844635,0.7568490810958521
01,275,720,70,0.03204838186502457,0.8818747010999514
01,276,720,70,0.033066462725400925,1.0599166495866637
01,277,720,70,0.03379647806286812,1.2503928400628541
01,278,720,70,0.033583659678697586,1.4408690305390446
01,279,720,70,0.03388968110084534,1.631345221015235
01,280,720,70,0.03389739990234375,1.8218214114914255
01,281,720,70,0.03385951370000839,2.012297601967616
01,282,720,70,0.035220950841903687,2.2027737924438062
01,283,720,70,0.035159457474946976,2.3456309353009495
01,284,720,70,0.03753097727894783,2.4884880781580923
01,285,720,70,0.036558158695697784,2.631345221015235
01,286,720,70,0.03472039848566055,2.774202363872378
01,287,720,70,0.03787948936223984,2.869440459110473
01,288,720,70,0.03538572043180466,2.869440459110473
01,289,720,70,0.036777954548597336,2.869440459110473
01,290,720,70,0.037376515567302704,2.869440459110473
01,291,720,70,0.03959545120596886,2.869440459110473
01,292,720,70,0.03765624389052391,2.869440459110473
01,293,720,70,0.03733869269490242,2.869440459110473
01,294,720,70,0.038378991186618805,2.869440459110473
01,295,720,70,0.035655632615089417,2.869440459110473
01,296,720,70,0.03607209399342537,2.869440459110473
01,297,720,70,0.03634132444858551,2.869440459110473
01,298,720,70,0.03655906394124031,2.869440459110473
01,299,720,70,0.036798302084207535,2.869440459110473
01,300,720,70,0.037644270807504654,2.869440459110473
01,301,720,70,0.03580218926072121,2.869440459110473
01,302,720,70,0.035645268857479095,2.869440459110473
01,303,720,70,0.035093557089567184,2.869440459110473
01,304,720,70,0.0353151373565197,2.869440459110473
01,305,720,70,0.037221480160951614,2.869440459110473
01,306,720,70,0.03668169304728508,2.869440459110473
01,307,720,70,0.03510415554046631,2.869440459110473
01,308,720,70,0.03929300606250763,2.869440459110473
01,309,720,70,0.03733173757791519,2.869440459110473
01,310,720,70,0.0359867587685585,2.869440459110473
01,311,720,70,0.03582850843667984,2.869440459110473
01,312,720,70,0.03725273907184601,2.869440459110473
01,313,720,70,0.034382451325654984,2.869440459110473
01,314,720,70,0.03389117494225502,2.869440459110473
01,315,720,70,0.03434816375374794,2.869440459110473
01,316,720,70,0.03498559445142746,2.869440459110473
01,317,720,70,0.03675990551710129,2.869440459110473
01,318,720,70,0.03589574992656708,2.869440459110473
01,319,720,70,0.03596844896674156,2.869440459110473
01,320,720,70,0.03715355321764946,2.869440459110473
01,321,720,70,0.03737962245941162,2.869440459110473
01,322,720,70,0.03724796324968338,2.869440459110473
01,323,720,70,0.0375031940639019,2.869440459110473
01,324,720,70,0.03724823519587517,2.869440459110473
01,325,720,70,0.03796177729964256,2.869440459110473
01,326,720,70,0.039170172065496445,2.869440459110473
01,327,720,70,0.03815857693552971,2.869440459110473
01,328,720,70,0.03961612656712532,2.869440459110473
01,329,720,70,0.03986705467104912,2.869440459110473
01,330,720,70,0.0394260548055172,2.869440459110473
01,331,720,70,0.03916921839118004,2.869440459110473
01,332,720,70,0.03763314336538315,2.869440459110473
01,333,720,70,0.03775547444820404,2.869440459110473
01,334,720,70,0.037528928369283676,2.869440459110473
01,335,720,91,0.036618802696466446,17.13055954088953
01,336,720,91,0.03709826618432999,16.15788754526201
01,337,720,91,0.03712323307991028,15.21254355400697
01,338,720,91,0.036503277719020844,14.294527567124414
01,339,720,94,0.03646841645240784,15.987702398032384
01,340,720,94,0.03621434420347214,14.872173259547724
01,341,720,94,0.0366838201880455,13.783972125435541
01,342,720,94,0.03592699393630028,12.723098995695842
01,343,720,94,0.035743966698646545,11.689553870328618
01,344,720,94,0.03586111590266228,10.68333674933388
01,345,720,94,0.03613767400383949,9.70444763271162
01,346,720,94,0.0367426797747612,8.767780282844845
01,347,720,94,0.03728429600596428,7.885768941723031
01,348,720,94,0.036854155361652374,7.058413609346177
01,349,720,94,0.03673961013555527,6.285714285714285
01,350,720,94,0.03787011280655861,5.552777208444352
01,351,720,94,0.03638961911201477,4.847168135546902
01,352,720,94,0.03647288680076599,4.16888706702193
01,353,720,94,0.03640955314040184,3.5179340028694406
01,354,720,94,0.03984230011701584,2.894308943089431
01,355,720,94,0.03886186331510544,2.2980118876819016
01,356,720,99,0.03985622152686119,2.3210357313657175
01,357,720,99,0.039259348064661026,1.9831249572999936
01,358,720,99,0.0392078161239624,1.6998701919792316
01,359,720,99,0.03941858187317848,1.47127143540343
01,360,720,99,0.03661521524190903,1.342488214798114
01,361,720,100,0.03701929748058319,1.709844913575186
01,362,720,100,0.03646934777498245,1.5201885632301693
01,363,720,100,0.03665648773312569,1.3851882216301157
01,364,720,100,0.03606921061873436,1.3048438887750224
01,365,720,100,0.036680981516838074,1.2650816424130626
01,366,720,100,0.03653663396835327,1.2526474004235844
01,367,720,102,0.036786243319511414,1.8597390175582431
01,368,720,102,0.03735260292887688,1.5491562478649996
01,369,720,102,0.03877986967563629,1.3205574912891993
01,370,720,102,0.03778553754091263,1.1739427478308397
01,371,720,103,0.037614885717630386,1.3180979708956744
01,372,720,103,0.03640709072351456,1.029445924711347
01,373,720,126,0.036845024675130844,22.32103573136572
01,374,720,126,0.03798868879675865,20.824554211928678
01,375,720,126,0.037526533007621765,19.355400696864113
01,376,720,126,0.036061450839042664,17.913575186172032
01,377,720,105,0.03585952892899513,4.7371729179476665
01,378,720,105,0.0381137952208519,4.603812256609961
01,379,720,105,0.03868208825588226,4.568149210903874
01,380,720,113,0.040622204542160034,8.77939468470315
01,381,720,113,0.04103807359933853,8.249368039898888
01,382,720,113,0.04046367108821869,7.79428844708615
01,383,720,121,0.03872372582554817,11.773997403839585
01,384,720,121,0.040097206830978394,10.910637425701989
01,385,720,113,0.03899126499891281,7.354922456787591
01,386,720,121,0.03910794109106064,9.619525859124138
01,387,720,121,0.03884728625416756,8.810821889731503
01,388,720,121,0.03984098881483078,8.12468401994944
01,389,720,121,0.03812615945935249,7.465874154539865
01,390,720,121,0.03924655541777611,6.834392293502765
01,391,720,121,0.03902239724993706,6.2302384368381505
01,392,720,121,0.037612251937389374,5.701031632165061
01,393,720,121,0.03885491564869881,5.1991528318644535
01,394,720,121,0.036335915327072144,4.769761563161851
01,395,720,121,0.037478718906641006,4.340370294459246
01,396,720,121,0.036452651023864746,3.9109790257566437
01,397,720,121,0.037722498178482056,3.4815877570540414
01,398,720,121,0.038994621485471725,3.1022750563640082
01,399,720,121,0.04001309350132942,2.750290360046457
01,400,720,121,0.04188057780265808,2.425633668101387
01,401,720,121,0.04096556827425957,2.5092573614811777
01,402,720,121,0.039326105266809464,2.6202090592334497
01,403,720,121,0.039750002324581146,2.7584887613582008
01,404,720,121,0.03994636982679367,2.731160756985721
01,405,720,122,0.03949276730418205,1.968436154949785
01,406,720,122,0.03859138488769531,2.018514722962355
01,407,720,122,0.038979388773441315,2.0255516840882692
01,408,720,122,0.03976701200008392,2.0599166495866634
01,409,720,122,0.03875365108251572,2.1075356972057113
01,410,720,122,0.03799569979310036,2.1551547448247588
01,411,720,122,0.03810091316699982,2.2027737924438062
01,412,720,122,0.03628106787800789,2.250392840062854
01,413,720,122,0.03562932461500168,2.2980118876819016
01,414,720,122,0.03750162571668625,2.3456309353009495
01,415,720,122,0.037135206162929535,2.393249982919997
01,416,720,122,0.037760477513074875,2.4408690305390444
01,417,720,122,0.03804081678390503,2.4884880781580923
01,418,720,122,0.03754274919629097,2.5361071257771397
01,419,720,122,0.03856728598475456,2.5837261733961876
01,420,720,122,0.03900913894176483,2.631345221015235
01,421,720,122,0.04087279736995697,2.6789642686342825
01,422,720,122,0.04127243533730507,2.7265833162533304
01,423,720,122,0.04086422175168991,2.774202363872378
01,424,720,122,0.04093364253640175,2.8218214114914253
01,425,720,122,0.039873071014881134,2.869440459110473
01,426,720,122,0.040511853992938995,2.869440459110473
01,427,720,122,0.04178100451827049,2.869440459110473
01,428,720,122,0.04079455882310867,2.869440459110473
01,429,720,122,0.03985455632209778,2.869440459110473
01,430,720,122,0.03981959447264671,2.869440459110473
01,431,720,122,0.04032597318291664,2.869440459110473
01,432,720,122,0.039889246225357056,2.869440459110473
01,433,720,122,0.03946013003587723,2.869440459110473
01,434,720,122,0.039724867790937424,2.869440459110473
01,435,720,122,0.04120723903179169,2.869440459110473
01,436,720,122,0.03837520629167557,2.869440459110473
01,437,720,122,0.04013093560934067,2.869440459110473
01,438,720,122,0.03947814926505089,2.869440459110473
01,439,720,122,0.040259990841150284,2.869440459110473
01,440,720,122,0.04173881188035011,2.869440459110473
01,441,720,125,0.0402078814804554,1.3664002186240347
01,442,720,125,0.03941603749990463,1.250871080139372
01,443,720,125,0.04230417311191559,1.162669946027191
01,444,720,125,0.04520833492279053,1.10179681628749
01,445,720,126,0.046572308987379074,0.9680945548951281
01,446,720,126,0.044651858508586884,0.8463482954157262
01,447,720,126,0.048571329563856125,0.7792580446812862
01,448,720,126,0.04782303050160408,0.766823802691808
01,449,720,126,0.050131697207689285,0.7949716471954632
01,450,720,126,0.04658983275294304,0.8504474960715986
01,451,720,126,0.04771255701780319,0.9332513493202157
01,452,720,126,0.04695302993059158,1.043383206941313
01,453,720,126,0.04431817680597305,1.1808430689348903
01,454,720,126,0.04251487925648689,1.3456309353009492
01,455,720,126,0.04300934448838234,1.5361071257771397
01,456,720,126,0.04131367430090904,1.7265833162533302
01,457,720,126,0.04800967872142792,1.9170595067295206
01,458,720,126,0.04312926158308983,2.1075356972057113
01,459,720,126,0.04291101172566414,2.2980118876819016
01,460,720,130,0.044069696217775345,1.4103983056637286
01,461,720,130,0.041317835450172424,1.1834392293502756
01,462,720,130,0.04104878008365631,1.0836236933797887
01,463,720,130,0.039185039699077606,1.022750563640089
01,464,720,130,0.03399423882365227,0.9892054382728698
01,465,720,130,0.03403544798493385,0.9829883172781306
01,466,720,130,0.03135557845234871,0.9564801530368241
01,467,720,130,0.03409557044506073,0.9572999931679992
01,468,720,130,0.03778235986828804,0.9854478376716544
01,469,720,130,0.041336484253406525,1.0409236865477898
01,470,720,132,0.03987007588148117,1.1073307371729184
01,471,720,133,0.04353969916701317,1.6216437794630043
01,472,720,134,0.052559252828359604,2.225797636127622
01,473,720,134,0.05062547326087952,1.8721732595477214
01,474,720,134,0.05746264010667801,1.547516567602651
01,475,720,134,0.05828394740819931,1.2915898066543718
01,476,720,134,0.05742299184203148,1.1035731365717052
01,477,720,134,0.0581275038421154,0.9710323153651724
01,478,720,136,0.060937292873859406,1.8448452551752412
01,479,720,139,0.06084473803639412,4.225797636127622
01,480,720,139,0.05774673447012901,3.6340780214524835
01,481,720,139,0.05894572660326958,3.260162601626015
01,482,720,139,0.055116742849349976,2.91357518617203
01,483,720,139,0.056129585951566696,2.594315775090525
01,484,720,139,0.056149672716856,2.3023843683815
01,485,720,148,0.051654964685440063,10.035321445651432
01,486,720,148,0.04785556346178055,9.205506592881054
01,487,720,148,0.045567065477371216,8.403019744483158
01,488,720,148,0.03980918601155281,7.627860900457744
01,489,720,139,0.040595147758722305,2.9818268770923004
01,490,720,139,0.04063327983021736,2.8969051035048157
01,491,720,139,0.042220588773489,2.961877433900386
01,492,720,139,0.04236483573913574,3.12912482065997
01,493,720,139,0.03964191675186157,3.3009496481519434
01,494,720,139,0.040121667087078094,3.500102480016397
01,495,720,139,0.03955352306365967,3.7265833162533304
01,496,720,139,0.03768293559551239,3.9646785543485685
01,497,720,139,0.03829560428857803,4.202773792443806
01,498,720,139,0.03987959772348404,4.440869030539044
01,499,720,139,0.03914756327867508,4.583726173396188
01,500,720,139,0.03732212632894516,4.583726173396188
01,501,720,139,0.03834938257932663,4.583726173396188
01,502,720,139,0.04029514268040657,4.583726173396188
01,503,720,139,0.03927995637059212,4.583726173396188
01,504,720,139,0.04009675234556198,4.583726173396188
01,505,720,139,0.04037901386618614,4.583726173396188
01,506,720,139,0.040669072419404984,4.155154744824759
01,507,720,139,0.04248691350221634,3.7265833162533304
01,508,720,139,0.040750887244939804,3.2980118876819016
01,509,720,139,0.04056530445814133,2.869440459110473
01,510,720,139,0.03942463546991348,2.869440459110473
01,511,720,139,0.038463376462459564,2.869440459110473
01,512,720,139,0.038207363337278366,2.869440459110473
01,513,720,139,0.03867851570248604,2.869440459110473
01,514,720,139,0.041191812604665756,2.869440459110473
01,515,720,139,0.04083952680230141,2.869440459110473
01,516,720,139,0.0392879955470562,2.869440459110473
01,517,720,139,0.03804076835513115,2.869440459110473
01,518,720,139,0.0400921106338501,2.869440459110473
01,519,720,139,0.04026460275053978,2.869440459110473
01,520,720,139,0.04063025116920471,2.869440459110473
01,521,720,139,0.040486447513103485,2.869440459110473
01,522,720,139,0.038875095546245575,2.869440459110473
01,523,720,139,0.03938760980963707,2.869440459110473
01,524,720,139,0.038248177617788315,2.869440459110473
01,525,720,139,0.03718318045139313,2.869440459110473
01,526,720,139,0.03559913858771324,2.869440459110473
01,527,720,148,0.03835902363061905,5.701988112318098
01,528,720,148,0.03682100027799606,5.30074468811915
01,529,720,148,0.036323707550764084,4.926829268292682
01,530,720,148,0.03693699464201927,4.580241852838697
01,531,720,148,0.03822599723935127,4.260982441757191
01,532,720,148,0.03755683824419975,3.9690510350481665
01,533,720,148,0.03663627803325653,3.7044476327116223
01,534,720,148,0.03557058051228523,3.4671722347475575
01,535,720,148,0.036541592329740524,3.257224841155973
01,536,720,148,0.036389876157045364,3.074605451936872
01,537,720,148,0.03667095676064491,2.919314067090251
01,538,720,148,0.03849418833851814,2.79135068661611
01,539,720,148,0.03620894253253937,2.6907153105144497
01,540,720,148,0.039685171097517014,2.617407938785269
01,541,720,148,0.03971993550658226,2.5714285714285716
01,542,720,148,0.03793506324291229,2.552777208444354
01,543,720,148,0.03816358372569084,2.561453849832617
01,544,720,151,0.038938459008932114,1.9515611122497787
01,545,720,151,0.03876001387834549,1.6136503381840537
01,546,720,151,0.03982808440923691,1.330395572863289
01,547,720,151,0.038379862904548645,1.10179681628749
01,548,720,151,0.03915371745824814,1.0682516909202708
01,549,720,153,0.03822517767548561,1.3073034091685447
01,550,720,153,0.037342142313718796,1.096536175445787
01,551,720,153,0.037983477115631104,0.9139167862266829
01,552,720,153,0.03987671434879303,0.785953405752542
01,553,720,153,0.03684646636247635,0.7126460340233642
01,554,720,153,0.03769179433584213,0.6939946710391469
01,555,720,153,0.04005565121769905,0.7299993167998899
01,556,720,153,0.04018717631697655,0.8198401311744197
01,557,720,153,0.03979000821709633,0.9370089499214297
01,558,720,153,0.040439847856760025,1.0815057730409225
01,559,720,153,0.03910129889845848,1.2533306005328957
01,560,720,153,0.0375911220908165,1.452483432397349
01,561,720,153,0.038067713379859924,1.6789642686342827
01,562,720,153,0.03597486764192581,1.9170595067295206
01,563,720,153,0.03729947656393051,2.1551547448247588
01,564,720,155,0.038155414164066315,1.0574571291931398
01,565,720,155,0.03865455090999603,1.08478513356562
01,566,720,155,0.0376090444624424,1.1394411423105804
01,567,720,155,0.037802331149578094,1.2214251554280238
01,568,720,155,0.036658551543951035,1.3307371729179474
01,569,720,155,0.039026565849781036,1.4673771947803511
01,570,720,155,0.03778006136417389,1.5361071257771397
01,571,720,155,0.037347692996263504,1.631345221015235
01,572,720,155,0.037489019334316254,1.7265833162533302
01,573,720,155,0.03782591596245766,1.8218214114914255
01,574,720,155,0.03504256531596184,1.9170595067295206
01,575,720,155,0.03511890396475792,2.012297601967616
01,576,720,155,0.03640329837799072,2.1075356972057113
01,577,720,155,0.036906179040670395,2.2027737924438062
01,578,720,155,0.03583917394280434,2.2980118876819016
01,579,720,155,0.03627043217420578,2.393249982919997
01,580,720,155,0.03514784201979637,2.4884880781580923
01,581,720,155,0.03546931594610214,2.5837261733961876
01,582,720,155,0.03546950966119766,2.6789642686342825
01,583,720,155,0.03638239577412605,2.774202363872378
01,584,720,155,0.03507400304079056,2.869440459110473
01,585,720,155,0.03577014058828354,2.869440459110473
01,586,720,155,0.03700649365782738,2.869440459110473
01,587,720,155,0.037028271704912186,2.869440459110473
01,588,720,155,0.03700897470116615,2.869440459110473
01,589,720,155,0.03545374423265457,2.869440459110473
01,590,720,155,0.03588710352778435,2.869440459110473
01,591,720,155,0.03728797659277916,2.869440459110473
01,592,720,155,0.036336373537778854,2.869440459110473
01,593,720,155,0.03692442551255226,2.869440459110473
01,594,720,155,0.03620634227991104,2.869440459110473
01,595,720,155,0.03622039034962654,2.869440459110473
01,596,720,155,0.03508025035262108,2.869440459110473
01,597,720,155,0.0351296067237854,2.869440459110473
01,598,720,158,0.03570122271776199,1.3664002186240347
01,599,720,158,0.03660646453499794,1.250871080139372
01,600,720,158,0.036572590470314026,1.1626699460271896
01,601,720,158,0.035999689251184464,1.10179681628749
01,602,720,158,0.03632679581642151,1.0682516909202708
01,603,720,158,0.03585471212863922,1.0620345699255316
01,604,720,158,0.03568369522690773,1.0831454533032727
01,605,720,158,0.034547582268714905,1.131584341053494
01,606,720,158,0.03453541547060013,1.2073512331761955
01,607,720,158,0.036587513983249664,1.3104461296713799
01,608,720,158,0.036160316318273544,1.4408690305390446
01,609,720,158,0.03560834378004074,1.5837261733961874
01,610,720,158,0.03478331118822098,1.7265833162533302
01,611,720,158,0.03478576987981796,1.8694404591104732
01,612,720,164,0.03338591009378433,3.7019881123180984
01,613,720,164,0.03371027484536171,3.30074468811915
01,614,720,164,0.03371123969554901,2.926829268292682
01,615,720,164,0.033259958028793335,2.5802418528386966
01,616,720,164,0.035473864525556564,2.2609824417571915
01,617,720,164,0.03666341304779053,1.9690510350481667
01,618,720,164,0.03567301854491234,1.704447632711622
01,619,720,164,0.0368601530790329,1.6100293776047006
01,620,720,164,0.035137973725795746,1.5429391268702592
01,621,720,164,0.034542832523584366,1.5031768805083008
01,622,720,164,0.035290300846099854,1.4907426385188225
01,623,720,164,0.03438126668334007,1.5056364009018244
01,624,720,164,0.03499612584710121,1.5478581676573067
01,625,720,164,0.03472676873207092,1.617407938785269
01,626,720,164,0.03316875174641609,1.7142857142857142
01,627,720,164,0.032567355781793594,1.8384914941586399
01,628,720,164,0.03269922733306885,1.9900252784040455
01,629,720,164,0.033390939235687256,2.1688870670219313
01,630,720,164,0.03302185609936714,2.3750768600122973
01,631,720,164,0.03280315920710564,2.6085946573751437
01,632,720,164,0.033004630357027054,2.869440459110473
01,633,720,164,0.03398260101675987,2.869440459110473
01,634,720,164,0.03310886025428772,2.869440459110473
01,635,720,164,0.03290505334734917,2.869440459110473
01,636,720,164,0.03292764350771904,2.869440459110473
01,637,720,164,0.03392039239406586,2.869440459110473
01,638,720,164,0.034242112189531326,2.869440459110473
01,639,720,164,0.0338016040623188,2.869440459110473
01,640,720,164,0.03422030806541443,2.869440459110473
01,641,720,172,0.03442365676164627,4.749607159937146
01,642,720,172,0.033826570957899094,4.395982783357245
01,643,720,172,0.034543320536613464,4.069686411149824
01,644,720,172,0.03378763794898987,3.7707180433148872
01,645,720,172,0.032883767038583755,3.4990776798524297
01,646,720,172,0.031946346163749695,3.2547653207624525
01,647,720,172,0.03213977441191673,3.0377809660449553
01,648,720,172,0.03320968151092529,2.8481246156999385
01,649,720,172,0.03312908485531807,2.685796269727402
01,650,720,172,0.03251186013221741,2.5507959281273482
01,651,720,172,0.0316697433590889,2.443123590899775
01,652,720,172,0.03066912107169628,2.3627792580446814
01,653,720,172,0.0321546271443367,2.3097629295620683
01,654,720,172,0.033075664192438126,2.2840746054519356
01,655,720,172,0.03295242786407471,2.2857142857142856
01,656,720,172,0.03241477906703949,2.314681970349116
01,657,720,172,0.03248581662774086,2.3709776593564262
01,658,720,172,0.033084359019994736,2.454601352736217
01,659,720,172,0.032425522804260254,2.565553050488488
01,660,720,180,0.03159293904900551,5.130559540889527
01,661,720,180,0.03219592198729515,4.395982783357245
01,662,720,180,0.03293350711464882,4.069686411149824
01,663,720,180,0.03165740892291069,3.7707180433148872
01,664,720,180,0.03320471569895744,3.4990776798524297
01,665,720,180,0.03365183621644974,3.2547653207624525
01,666,720,180,0.03235265240073204,3.0377809660449553
01,667,720,180,0.03241441771388054,2.8481246156999385
01,668,720,180,0.03254077956080437,2.685796269727402
01,669,720,180,0.03220325708389282,2.5507959281273482
01,670,720,180,0.03234775364398956,2.443123590899775
01,671,720,180,0.031687069684267044,2.3627792580446814
01,672,720,180,0.03190305456519127,2.3097629295620683
01,673,720,180,0.031102128326892853,2.2840746054519356
01,674,720,180,0.03381088748574257,2.2857142857142856
01,675,720,180,0.0326058529317379,2.314681970349116
01,676,720,180,0.03392251953482628,2.3709776593564262
01,677,720,180,0.036440350115299225,2.454601352736217
01,678,720,186,0.037240780889987946,3.606750017080003
01,679,720,186,0.03933663293719292,2.9674113547858165
01,680,720,186,0.038114033639431,2.3554006968641104
01,681,720,186,0.040730495005846024,2.151670424267268
01,682,720,188,0.0413464680314064,3.606750017080003
01,683,720,188,0.04190484434366226,3.2531256405001026
01,684,720,189,0.044528521597385406,3.7972262075561938
01,685,720,189,0.04851670190691948,3.3959827833572453
01,686,720,189,0.05200330913066864,3.0361412857826053
01,687,720,189,0.04589605703949928,2.730955796952929
01,688,720,189,0.042711589485406876,2.466352394616384
01,689,720,189,0.04655200615525246,2.2439707590353217
01,690,720,189,0.04639136418700218,2.0762451321992197
01,691,720,190,0.047621142119169235,2.053494568559131
01,692,720,190,0.046078771352767944,1.7843137254901973
01,693,720,191,0.04759577661752701,1.8489444558311123
01,694,720,191,0.05010076239705086,1.477488556398168
01,695,720,191,0.047669894993305206,1.1871968299514903
01,696,720,191,0.04755832999944687,0.9946027191364346
01,697,720,192,0.047217752784490585,0.7780966044954583
01,698,720,193,0.045683618634939194,0.9893420782947341
01,699,720,194,0.046484604477882385,1.606750017080003
01,700,720,194,0.04721510410308838,1.2531256405001023
01,701,720,194,0.04701618477702141,0.9268292682926818
01,702,720,194,0.04591907933354378,0.6576484252237481
01,703,720,194,0.046980828046798706,0.551615768258522
01,704,720,194,0.0482814647257328,0.5159527225524346
01,705,720,194,0.048118043690919876,0.5403429664548731
01,706,720,194,0.047221872955560684,0.6467172234747549
01,707,720,194,0.04696548357605934,0.83343581334973
01,708,720,194,0.04624657332897186,1.0599166495866637
01,709,720,194,0.04670414701104164,1.2980118876819016
01,710,720,194,0.04766242578625679,1.5361071257771397
01,711,720,194,0.0467071458697319,1.7742023638723778
01,712,720,194,0.04568786919116974,1.9646785543485683
01,713,720,194,0.04805915430188179,2.1551547448247588
01,714,720,194,0.04720408841967583,2.2980118876819016
01,715,720,194,0.04642113670706749,2.4408690305390444
01,716,720,194,0.04565766826272011,2.5837261733961876
01,717,720,194,0.04569516330957413,2.7265833162533304
01,718,720,194,0.047355785965919495,2.8218214114914253
01,719,720,194,0.048513878136873245,2.869440459110473
02,35,676,5,0.03139210864901543,4.393249982919997
02,36,676,5,0.03185536712408066,4.298011887681902
02,37,676,5,0.03170580789446831,4.298011887681902
02,38,676,7,0.03163771703839302,2.7866366058618572
02,39,676,7,0.032831333577632904,2.677324588371934
02,40,676,7,0.033067915588617325,2.568012570882012
02,41,676,7,0.03175251558423042,2.4595203935232632
02,42,676,7,0.0323089174926281,2.4735943157750904
02,43,676,7,0.03236335888504982,2.4197581471613034
02,44,676,7,0.031652260571718216,2.393249982919997
02,45,676,12,0.03143809735774994,2.4977795996447365
02,46,676,12,0.03177531436085701,2.2870123659219788
02,47,676,12,0.03129231184720993,2.1035731365717023
02,48,676,12,0.0311924796551466,1.9317483090797292
02,49,676,12,0.03040176071226597,1.7756370841019344
02,50,676,12,0.030786341056227684,1.6468538634966199
02,51,676,12,0.02962241880595684,1.547858167657308
02,52,676,12,0.030042007565498352,1.485345357655257
02,53,676,12,0.02986881136894226,1.4228325476532073
02,54,676,14,0.03060796856880188,2.119764979162396
02,55,676,14,0.029788788408041,1.8013254082120647
02,56,676,14,0.029838159680366516,1.537541846006695
02,57,676,14,0.031050797551870346,1.3284142925462858
02,58,676,14,0.029880588874220848,1.1739427478308397
02,59,676,14,0.030646659433841705,1.1693653070984493
02,60,676,14,0.03169854357838631,1.2194438751110208
02,61,676,14,0.03170864284038544,1.3233586117373788
02,62,676,14,0.0322871133685112,1.4546013527362172
02,63,676,14,0.03149298578500748,1.6131720981075357
02,64,676,14,0.031459178775548935,1.7990708478513358
02,65,676,19,0.032492466270923615,2.749607159937146
02,66,676,19,0.031542789191007614,2.443601830976293
02,67,676,19,0.030443167313933372,2.1649245063879214
02,68,676,19,0.031370244920253754,1.9135751861720298
02,69,676,19,0.0324268564581871,1.6895538703286201
02,70,676,21,0.03223676607012749,2.987702398032384
02,71,676,21,0.031432535499334335,2.5864589738334356
02,72,676,21,0.033094123005867004,2.2133633941381428
02,73,676,21,0.03218967095017433,1.8949238231878112
02,74,676,21,0.03295792639255524,1.6311402609824417
02,75,676,21,0.032504696398973465,1.517250802760129
02,76,676,21,0.03259529545903206,1.4580173532827767
02,77,676,21,0.03195061907172203,1.4526200724192113
02,78,676,21,0.03185831382870674,1.4745507959281274
02,79,676,21,0.03172251209616661,1.5238095238095237
02,80,676,21,0.03164433687925339,1.6003962560634017
02,81,676,21,0.030960584059357643,1.7043109926897597
02,82,676,21,0.03039250522851944,1.835553733688598
02,83,676,21,0.03138784319162369,1.9941244790599166
02,84,676,21,0.030523857101798058,2.1800232288037167
02,85,676,21,0.03053385019302368,2.393249982919997
02,86,676,21,0.030763084068894386,2.4884880781580923
02,87,676,21,0.030375150963664055,2.5837261733961876
02,88,676,21,0.031618282198905945,2.6789642686342825
02,89,676,21,0.03133542090654373,2.774202363872378
02,90,676,21,0.031371794641017914,2.869440459110473
02,91,676,21,0.03218661621212959,2.869440459110473
02,92,676,21,0.03179517388343811,2.869440459110473
02,93,676,21,0.031416989862918854,2.869440459110473
02,94,676,28,0.029972868040204048,3.7972262075561938
02,95,676,28,0.03010723926126957,3.4912208785953402
02,96,676,28,0.03157678619027138,3.212543554006969
02,97,676,28,0.031168648973107338,2.9611942337910775
02,98,676,28,0.03008921444416046,2.737172917947668
02,99,676,28,0.029935693368315697,2.540479606476738
02,100,676,28,0.02974720299243927,2.3711142993782888
02,101,676,28,0.029913324862718582,2.2290769966523194
02,102,676,28,0.029444389045238495,2.1143676982988318
02,103,676,28,0.029827406629920006,2.0269864043178245
02,104,676,28,0.030646050348877907,1.9669331147092985
02,105,676,28,0.0308094322681427,1.934207829473253
02,106,676,28,0.03078266978263855,1.9288105486096876
02,107,676,28,0.031304072588682175,1.9507412721186037
02,108,676,28,0.03176363557577133,2.0
02,109,676,28,0.03293607756495476,2.076586732253878
02,110,676,28,0.03165733069181442,2.180501468880236
02,111,676,28,0.03189460188150406,2.311744209879074
02,112,676,28,0.03230855241417885,2.4703149552503927
02,113,676,28,0.03186340630054474,2.656213704994193
02,114,676,28,0.03342514857649803,2.869440459110473
02,115,676,28,0.03298202157020569,2.869440459110473
02,116,676,28,0.032323479652404785,2.869440459110473
02,117,676,28,0.03304707258939743,2.869440459110473
02,118,676,28,0.03266899287700653,2.869440459110473
02,119,676,33,0.033025842159986496,2.02158912345426
02,120,676,33,0.03183881938457489,1.8108218897315018
02,121,676,33,0.03281994163990021,1.6273826603812243
02,122,676,33,0.03186789155006409,1.471271435403428
02,123,676,33,0.03176462650299072,1.3424882147981134
02,124,676,33,0.031827643513679504,1.241032998565279
02,125,676,33,0.030825985595583916,1.166905786704925
02,126,676,33,0.03208129107952118,1.120106579217051
02,127,676,33,0.031442832201719284,1.1006353761016587
02,128,676,33,0.031402092427015305,1.1084921773587464
02,129,676,33,0.03066292218863964,1.1436769829883158
02,130,676,33,0.031246580183506012,1.2061897929903656
02,131,676,33,0.030722958967089653,1.2960306073648953
02,132,676,33,0.03124351240694523,1.4131994261119065
02,133,676,33,0.030696740373969078,1.5576962492313982
02,134,676,33,0.03205935284495354,1.7295210767233713
02,135,676,33,0.03182544559240341,1.9286739085878246
02,136,676,33,0.029818007722496986,2.1551547448247583
02,137,676,33,0.030598405748605728,2.393249982919996
02,138,676,33,0.03135351464152336,2.631345221015234
02,139,676,33,0.030961979180574417,2.8694404591104723
02,140,676,33,0.030513528734445572,2.8694404591104723
02,141,676,33,0.031079469248652458,2.8694404591104723
02,142,676,33,0.031248634681105614,2.8694404591104723
02,143,676,33,0.03130532428622246,2.8694404591104723
02,144,676,42,0.03187108412384987,5.701988112318098
02,145,676,42,0.031823817640542984,5.300744688119149
02,146,676,42,0.03206669166684151,4.926829268292681
02,147,676,42,0.03191915154457092,4.580241852838695
02,148,676,42,0.03303447738289833,4.260982441757189
02,149,676,42,0.03144354745745659,3.9690510350481647
02,150,676,42,0.031151100993156433,3.70444763271162
02,151,676,42,0.03192573040723801,3.4671722347475558
02,152,676,42,0.03121430240571499,3.2572248411559728
02,153,676,42,0.031855508685112,3.0746054519368715
02,154,676,42,0.031379763036966324,2.91931406709025
02,155,676,42,0.03138231858611107,2.7913506866161093
02,156,676,42,0.031872283667325974,2.690715310514449
02,157,676,42,0.030967919155955315,2.6174079387852696
02,158,676,42,0.031866516917943954,2.5714285714285707
02,159,676,42,0.03148210048675537,2.552777208444353
02,160,676,45,0.032401349395513535,2.2012707522033206
02,161,676,45,0.03265123441815376,1.8360319737651154
02,162,676,45,0.03144482523202896,1.5254492040718706
02,163,676,51,0.031343862414360046,5.701988112318098
02,164,676,51,0.03157591447234154,4.87217325954772
02,165,676,51,0.031683649867773056,4.498257839721252
02,166,676,51,0.03179323673248291,4.151670424267266
02,167,676,51,0.031024804338812828,3.832411013185761
02,168,676,51,0.03149983286857605,3.540479606476736
02,169,676,51,0.031102333217859268,3.2758762041401916
02,170,676,51,0.031805459409952164,3.038600806176127
02,171,676,51,0.03211583197116852,2.8286534125845444
02,172,676,51,0.033709730952978134,2.6460340233654427
02,173,676,51,0.03276761621236801,2.490742638518822
02,174,676,51,0.03318565711379051,2.362779258044681
02,175,676,51,0.032276056706905365,2.2621438819430204
02,176,676,51,0.03126935288310051,2.188836510213841
02,177,676,51,0.03207237273454666,2.1428571428571423
02,178,676,51,0.03240283206105232,2.124205779872925
02,179,676,51,0.03319118171930313,2.1328824212611877
02,180,676,51,0.03235061839222908,2.168887067021931
02,181,676,51,0.03204267472028732,2.375076860012297
02,182,676,51,0.03267081081867218,2.6085946573751446
02,183,676,51,0.032557569444179535,2.8694404591104736
02,184,676,51,0.03178924694657326,2.8694404591104736
02,185,676,51,0.03145891800522804,2.8694404591104736
02,186,676,56,0.0323115736246109,2.02158912345426
02,187,676,56,0.032247159630060196,1.8108218897315018
02,188,676,56,0.03153852000832558,1.6273826603812243
02,189,676,56,0.03253636136651039,1.471271435403428
02,190,676,56,0.033165182918310165,1.3424882147981134
02,191,676,56,0.033967748284339905,1.241032998565279
02,192,676,56,0.032607484608888626,1.166905786704925
02,193,676,56,0.03353681042790413,1.120106579217051
02,194,676,56,0.032688941806554794,1.1006353761016587
02,195,676,56,0.03486532345414162,1.1084921773587477
02,196,676,56,0.032177526503801346,1.143676982988317
02,197,676,56,0.034201014786958694,1.2061897929903669
02,198,676,56,0.033433638513088226,1.2960306073648966
02,199,676,56,0.03344908356666565,1.4131994261119079
02,200,676,56,0.03314831107854843,1.5576962492313995
02,201,676,56,0.0327356792986393,1.7295210767233726
02,202,676,56,0.03270917385816574,1.928673908587826
02,203,676,56,0.03338148444890976,2.1551547448247597
02,204,676,56,0.03301236778497696,2.393249982919998
02,205,676,56,0.033529963344335556,2.6313452210152355
02,206,676,56,0.03203199431300163,2.8694404591104736
02,207,676,56,0.03261810913681984,2.8694404591104736
02,208,676,56,0.03353036940097809,2.8694404591104736
02,209,676,56,0.03550676256418228,2.8694404591104736
02,210,676,56,0.0402284599840641,2.8694404591104736
02,211,676,58,0.042657747864723206,1.533647605383618
02,212,676,58,0.04251639544963837,1.465737514518003
02,213,676,60,0.043699029833078384,1.3349730135956828
02,214,676,60,0.04488333314657211,1.1718248274919725
02,215,676,60,0.045874789357185364,1.0360046457607424
02,216,676,60,0.04448636248707771,0.9275124684019939
02,217,676,60,0.043407704681158066,0.846348295415727
02,218,676,60,0.04234684258699417,0.7933319669331139
02,219,676,60,0.04276984557509422,0.7949716471954625
02,220,676,60,0.041234422475099564,0.8504474960715994
02,221,676,60,0.04092967137694359,0.9332513493202164
02,222,676,60,0.04135081171989441,1.0433832069413136
02,223,676,62,0.041766341775655746,0.916854546696728
02,224,676,64,0.04128637537360191,2.3686547789847645
02,225,676,64,0.04245719313621521,2.0150304024048635
02,226,676,64,0.04113723710179329,1.688734030197443
02,227,676,64,0.04065908119082451,1.3914053426248527
02,228,676,64,0.037991754710674286,1.1487326637972255
02,229,676,64,0.038690533488988876,0.9607159937145588
02,230,676,64,0.038204312324523926,0.8281751725080262
02,231,676,64,0.04024465009570122,0.7767985242877619
02,232,676,64,0.0383746474981308,0.8753159800505559
02,233,676,66,0.03820057958364487,1.1197649791623967
02,234,676,66,0.03660878911614418,0.9441825510692082
02,235,676,66,0.03575658053159714,0.8232561317209814
02,236,676,66,0.03750062361359596,0.7569857211177151
02,237,676,66,0.03648467734456062,0.7470109995217593
02,238,676,66,0.036734260618686676,0.8173806107808981
02,239,676,66,0.035654958337545395,0.9424062307849972
02,240,676,66,0.03523784130811691,1.121268019402883
02,241,676,66,0.037407223135232925,1.3274578123932492
02,242,676,66,0.036071885377168655,1.560975609756097
02,243,676,66,0.035775113850831985,1.8218214114914262
02,244,676,66,0.036110229790210724,2.0122976019676164
02,245,676,66,0.03679891303181648,2.1075356972057118
02,246,676,66,0.03525518625974655,2.202773792443807
02,247,676,66,0.03501306474208832,2.2980118876819025
02,248,676,66,0.03821704536676407,2.393249982919998
02,249,676,66,0.03398168832063675,2.4884880781580927
02,250,676,66,0.031695347279310226,2.583726173396188
02,251,676,67,0.033684611320495605,1.8483295757327327
02,252,676,67,0.031848836690187454,1.9232766277242606
02,253,676,68,0.03263375535607338,1.4384095101455228
02,254,676,71,0.031501203775405884,1.83111293297807
02,255,676,71,0.03155023232102394,1.620345699255312
02,256,676,71,0.03188599646091461,1.4369064699050358
02,257,676,71,0.030953751876950264,1.2807952449272395
02,258,676,71,0.03228875622153282,1.1520120243219236
02,259,676,75,0.03415330871939659,4.3210357313657175
02,260,676,75,0.0326378270983696,3.919792307166769
02,261,676,75,0.03428901731967926,3.5458768873403024
02,262,676,75,0.03230517730116844,3.1992894718863156
02,263,676,75,0.0328805111348629,2.8800300608048093
02,264,676,75,0.03215040639042854,2.588098654095784
02,265,676,75,0.033202435821294785,2.3234952517592395
02,266,676,75,0.03413086757063866,2.0862198537951766
02,267,676,75,0.03356865420937538,1.8762724602035938
02,268,676,75,0.03224770724773407,1.6952927512468399
02,269,676,75,0.031627342104911804,1.5689690510350478
02,270,676,75,0.03313318267464638,1.4973013595682172
02,271,676,75,0.031365104019641876,1.4802896768463474
02,272,676,75,0.031367018818855286,1.565553050488488
02,273,676,75,0.030395137146115303,1.7038327526132404
02,274,676,75,0.031967904418706894,1.9170595067295206
02,275,676,75,0.03201732784509659,2.1075356972057113
02,276,676,75,0.03222157061100006,2.2980118876819016
02,277,676,75,0.03197813779115677,2.4884880781580923
02,278,676,75,0.03127293661236763,2.6789642686342825
02,279,676,75,0.03139007091522217,2.869440459110473
02,280,676,75,0.031286995857954025,2.869440459110473
02,281,676,75,0.03154939413070679,2.869440459110473
02,282,676,75,0.03162986412644386,2.869440459110473
02,283,676,75,0.031412456184625626,2.869440459110473
02,284,676,75,0.03364164009690285,2.869440459110473
02,285,676,75,0.031916294246912,2.869440459110473
02,286,676,75,0.03211645036935806,2.869440459110473
02,287,676,75,0.030858667567372322,2.869440459110473
02,288,676,75,0.03288984298706055,2.869440459110473
02,289,676,75,0.032310403883457184,2.869440459110473
02,290,676,75,0.03157157823443413,2.869440459110473
02,291,676,75,0.030907396227121353,2.869440459110473
02,292,676,75,0.032143235206604004,2.869440459110473
02,293,676,75,0.032047487795352936,2.869440459110473
02,294,676,75,0.03205029293894768,2.869440459110473
02,295,676,75,0.03253569081425667,2.869440459110473
02,296,676,75,0.03158941492438316,2.869440459110473
02,297,676,75,0.03183027356863022,2.869440459110473
02,298,676,75,0.03323512524366379,2.869440459110473
02,299,676,75,0.03230522945523262,2.869440459110473
02,300,676,75,0.03272739797830582,2.869440459110473
02,301,676,75,0.032126449048519135,2.869440459110473
02,302,676,75,0.031484946608543396,2.869440459110473
02,303,676,75,0.03148379921913147,2.869440459110473
02,304,676,75,0.03102368302643299,2.869440459110473
02,305,676,75,0.033017899841070175,2.869440459110473
02,306,676,75,0.03548665717244148,2.869440459110473
02,307,676,75,0.03439381718635559,2.869440459110473
02,308,676,75,0.0351133719086647,2.869440459110473
02,309,676,75,0.03467117249965668,2.869440459110473
02,310,676,75,0.03404742479324341,2.869440459110473
02,311,676,75,0.03494527190923691,2.869440459110473
02,312,676,75,0.033889275044202805,2.869440459110473
02,313,676,75,0.03493001312017441,2.869440459110473
02,314,676,75,0.033882010728120804,2.869440459110473
02,315,676,75,0.03415609896183014,2.869440459110473
02,316,676,75,0.03505862131714821,2.869440459110473
02,317,676,75,0.039075035601854324,2.869440459110473
02,318,676,75,0.03429468348622322,2.869440459110473
02,319,676,75,0.032986316829919815,2.869440459110473
02,320,676,75,0.03234148770570755,2.869440459110473
02,321,676,75,0.033684030175209045,2.869440459110473
02,322,676,75,0.032882578670978546,2.869440459110473
02,323,676,75,0.03237292915582657,2.869440459110473
02,324,676,75,0.032921481877565384,2.869440459110473
02,325,676,75,0.03334824740886688,2.869440459110473
02,326,676,75,0.033871449530124664,2.869440459110473
02,327,676,75,0.0322263278067112,2.869440459110473
02,328,676,75,0.033531706780195236,2.869440459110473
02,329,676,75,0.032678332179784775,2.869440459110473
02,330,676,75,0.03471234068274498,2.869440459110473
02,331,676,75,0.03327472135424614,2.869440459110473
02,332,676,75,0.03410455584526062,2.869440459110473
02,333,676,75,0.03389481455087662,2.869440459110473
02,334,676,75,0.03348429873585701,2.869440459110473
02,335,676,75,0.03262171894311905,2.869440459110473
02,336,676,75,0.03327803686261177,2.869440459110473
02,337,676,75,0.03457723185420036,2.869440459110473
02,338,676,75,0.03312959894537926,2.869440459110473
02,339,676,75,0.03231460228562355,2.869440459110473
02,340,676,75,0.03466381877660751,2.869440459110473
02,341,676,75,0.0358925424516201,2.869440459110473
02,342,676,75,0.03550535440444946,2.869440459110473
02,343,676,75,0.03488577529788017,2.869440459110473
02,344,676,75,0.03618510439991951,2.869440459110473
02,345,676,75,0.0338926687836647,2.869440459110473
02,346,676,75,0.036056485027074814,2.869440459110473
02,347,676,85,0.03562751039862633,6.6543690646990505
02,348,676,85,0.033893171697854996,6.205506592881055
02,349,676,85,0.032969649881124496,5.7839721254355405
02,350,676,85,0.0340079739689827,5.389765662362506
02,351,676,85,0.03436291590332985,5.022887203661952
02,352,676,85,0.03327270597219467,4.68333674933388
02,353,676,85,0.03524758666753769,4.371114299378287
02,354,676,88,0.03638767823576927,6.178178588508574
02,355,676,88,0.03420731797814369,5.586458973833436
02,356,676,88,0.03404778987169266,5.022067363530779
02,357,676,88,0.03537939116358757,4.485003757600602
02,358,676,88,0.03603249043226242,3.9901619184259065
02,359,676,88,0.035719309002161026,3.5499760879961735
02,360,676,88,0.03582781180739403,3.164446266311402
02,361,676,88,0.03590470924973488,2.8335724533715925
02,362,676,88,0.036489710211753845,2.557354649176743
02,363,676,88,0.03804761543869972,2.3357928537268555
02,364,676,88,0.03633934259414673,2.16888706702193
02,365,676,91,0.035902492702007294,2.240691398510624
02,366,676,91,0.03521415963768959,1.5483364077338246
02,367,676,91,0.03651806712150574,0.9106374257019881
02,368,676,91,0.03480236604809761,0.8037849286055884
02,369,676,91,0.03585876524448395,0.751588440254149
02,370,676,91,0.03585033491253853,0.7540479606476728
02,371,676,94,0.034611597657203674,2.4162738266038124
02,372,676,94,0.033792391419410706,2.0150304024048644
02,373,676,94,0.03476707637310028,1.6411149825783975
02,374,676,94,0.03264063596725464,1.2945275671244107
02,375,676,94,0.033479053527116776,1.1181252989000474
02,376,676,94,0.03459741547703743,0.9839447974311673
02,377,676,94,0.034308064728975296,0.9044203047072477
02,378,676,94,0.03350670635700226,0.8795518207282912
02,379,676,94,0.03327156603336334,0.9093393454942952
02,380,676,94,0.03481794148683548,0.9937828790052595
02,381,676,94,0.034358568489551544,1.132882421261187
02,382,676,121,0.034380193799734116,24.559130969460956
02,383,676,121,0.03533896058797836,23.015030402404868
02,384,676,121,0.03515351191163063,21.498257839721255
02,385,676,121,0.034278836101293564,20.008813281410127
02,386,676,121,0.03694434091448784,18.68955387032862
02,387,676,121,0.03697982802987099,17.397622463619594
02,388,676,121,0.034097492694854736,16.133019061283047
02,389,676,121,0.03468809276819229,14.895743663318983
02,390,676,121,0.03518863022327423,13.685796269727401
02,391,676,121,0.03537517040967941,12.503176880508297
02,392,676,121,0.03317190334200859,11.490742638518821
02,393,676,121,0.03547663986682892,10.505636400901823
02,394,676,121,0.035066310316324234,9.547858167657305
02,395,676,121,0.03549027442932129,8.61740793878527
02,396,676,121,0.03363651782274246,7.714285714285713
02,397,676,121,0.03526073694229126,6.838491494158639
02,398,676,121,0.03623122349381447,5.990025278404044
02,399,676,121,0.03584893420338631,5.16888706702193
02,400,676,121,0.03441506251692772,4.375076860012298
02,401,676,121,0.034186992794275284,3.608594657375145
02,402,676,121,0.03578426316380501,2.869440459110473
02,403,676,121,0.03599594905972481,2.869440459110473
02,404,676,121,0.03528696298599243,2.869440459110473
02,405,676,121,0.036521464586257935,2.869440459110473
02,406,676,121,0.036050133407115936,2.869440459110473
02,407,676,121,0.03457958251237869,2.869440459110473
02,408,676,121,0.036172717809677124,2.869440459110473
02,409,676,121,0.03616584837436676,2.869440459110473
02,410,676,121,0.03334106504917145,2.869440459110473
02,411,676,121,0.03473982959985733,2.869440459110473
02,412,676,121,0.03596726059913635,2.869440459110473
02,413,676,121,0.03669402748346329,2.869440459110473
02,414,676,121,0.034215815365314484,2.869440459110473
02,415,676,121,0.03562218323349953,2.869440459110473
02,416,676,121,0.03611251339316368,2.869440459110473
02,417,676,121,0.03523220866918564,2.869440459110473
02,418,676,121,0.03504444286227226,2.869440459110473
02,419,676,121,0.03426925837993622,2.869440459110473
02,420,676,121,0.03459291160106659,2.869440459110473
02,421,676,121,0.03494597598910332,2.869440459110473
02,422,676,121,0.03423164784908295,2.869440459110473
02,423,676,121,0.036148007959127426,2.869440459110473
02,424,676,121,0.041517771780490875,2.869440459110473
02,425,676,121,0.04154910519719124,2.869440459110473
02,426,676,121,0.04056607559323311,2.869440459110473
02,427,676,121,0.040839843451976776,2.869440459110473
02,428,676,121,0.04013386741280556,2.869440459110473
02,429,676,121,0.03870650753378868,2.869440459110473
02,430,676,121,0.04050041362643242,2.869440459110473
02,431,676,121,0.03992629051208496,2.869440459110473
02,432,676,122,0.044682979583740234,2.0388057662089225
02,433,676,126,0.04567038640379906,1.9739700758352128
02,434,676,126,0.0471145398914814,1.7632028421124548
02,435,676,126,0.04563228785991669,1.5797636127621786
02,436,676,126,0.04123935475945473,1.4236523877843825
02,437,676,126,0.041568540036678314,1.2948691671790666
02,438,676,126,0.042963169515132904,1.1934139509462323
02,439,676,126,0.042973458766937256,1.119286739085878
02,440,676,126,0.043768759816884995,1.0724875315980054
02,441,676,126,0.04516865685582161,1.053016328482613
02,442,676,126,0.04387030750513077,1.060873129739701
02,443,676,126,0.04493138939142227,1.0960579353692703
02,444,676,126,0.04504622891545296,1.1585707453713199
02,445,676,126,0.04532938450574875,1.2484115597458496
02,446,676,126,0.04583076387643814,1.3672200587552097
02,447,676,126,0.043937359005212784,1.5390448862471815
02,448,676,126,0.04422606900334358,1.7381977181116348
02,449,676,126,0.04573321342468262,1.9646785543485683
02,450,676,126,0.044662512838840485,2.2027737924438062
02,451,676,126,0.044381771236658096,2.4408690305390444
02,452,676,130,0.04112609848380089,1.5503176880508296
02,453,676,130,0.040735457092523575,1.3623010179681616
02,454,676,130,0.04100150987505913,1.2264808362369315
02,455,676,130,0.037300094962120056,1.1179886588781844
02,456,676,130,0.03260587155818939,1.0368244858919173
02,457,676,130,0.034693393856287,0.9829883172781306
02,458,676,130,0.032181620597839355,0.9564801530368241
02,459,676,130,0.03275703638792038,0.9572999931679992
02,460,676,130,0.032653920352458954,0.9854478376716544
02,461,676,130,0.03463409096002579,1.0409236865477898
02,462,676,130,0.034811221063137054,1.1237275397964068
02,463,676,130,0.03541330248117447,1.233859397417504
02,464,676,134,0.03672065958380699,2.4638928742228603
02,465,676,134,0.03628667816519737,2.1102684976429593
02,466,676,134,0.035848468542099,1.785611805697889
02,467,676,134,0.03588028997182846,1.5156111224977817
02,468,676,134,0.035646937787532806,1.3002664480426347
02,469,676,134,0.03510226681828499,1.1395777823324482
02,470,676,148,0.0362834557890892,13.511511921841908
02,471,676,148,0.03659616783261299,12.491220878595337
02,472,676,148,0.03632302209734917,11.498257839721253
02,473,676,148,0.03645831719040871,10.723098995695839
02,474,676,148,0.03520718216896057,9.975268156042906
02,475,676,148,0.0357755571603775,9.254765320762452
02,476,676,148,0.034552037715911865,8.56159048985448
02,477,676,148,0.034041959792375565,7.895743663318986
02,478,676,148,0.03499665856361389,7.257224841155973
02,479,676,148,0.03829582408070564,6.646034023365443
02,480,676,148,0.036597177386283875,6.062171209947394
02,481,676,148,0.035823073238134384,5.505636400901825
02,482,676,148,0.03688632324337959,4.976429596228735
02,483,676,148,0.03711720556020737,4.474550795928126
02,484,676,148,0.03724600747227669,4.0
02,485,676,148,0.03768681734800339,3.7432533989205448
02,486,676,148,0.03741701319813728,3.5138348022135695
02,487,676,148,0.03726279363036156,3.311744209879074
02,488,676,148,0.037083130329847336,3.1369816219170596
02,489,676,148,0.03637551888823509,2.9895470383275247
02,490,676,148,0.03673355653882027,2.869440459110473
02,491,676,148,0.03741926699876785,2.869440459110473
02,492,676,148,0.03674681857228279,2.869440459110473
02,493,676,148,0.036289580166339874,2.869440459110473
02,494,676,148,0.03814581781625748,2.869440459110473
02,495,676,148,0.03816987946629524,2.869440459110473
02,496,676,148,0.038691096007823944,2.869440459110473
02,497,676,148,0.03685528412461281,2.869440459110473
02,498,676,148,0.03460356220602989,2.869440459110473
02,499,676,148,0.033875297755002975,2.869440459110473
02,500,676,148,0.035148803144693375,2.869440459110473
02,501,676,148,0.03725505992770195,2.869440459110473
02,502,676,148,0.03833021596074104,2.869440459110473
02,503,676,148,0.03799853101372719,2.869440459110473
02,504,676,148,0.03697184473276138,2.869440459110473
02,505,676,148,0.03616371750831604,2.869440459110473
02,506,676,148,0.03618974983692169,2.869440459110473
02,507,676,148,0.03718266263604164,2.869440459110473
02,508,676,148,0.036703404039144516,2.869440459110473
02,509,676,148,0.03833705931901932,2.869440459110473
02,510,676,148,0.03827686980366707,2.869440459110473
02,511,676,148,0.04013822600245476,2.869440459110473
02,512,676,148,0.03876914829015732,2.869440459110473
02,513,676,148,0.038884758949279785,2.869440459110473
02,514,676,148,0.03907296434044838,2.869440459110473
02,515,676,151,0.039344221353530884,1.3664002186240347
02,516,676,151,0.03731551766395569,1.250871080139372
02,517,676,155,0.038495853543281555,3.5115119218419077
02,518,676,155,0.039798106998205185,3.2055065928810547
02,519,676,155,0.03874100744724274,2.926829268292682
02,520,676,155,0.03788558393716812,2.675479948076792
02,521,676,155,0.03882918506860733,2.451458632233382
02,522,676,155,0.0385245643556118,2.2547653207624525
02,523,676,155,0.03724029287695885,2.085400013664003
02,524,676,155,0.03768644109368324,1.9433627109380338
02,525,676,155,0.03612903505563736,1.8286534125845448
02,526,676,155,0.03661691024899483,1.7412721186035387
02,527,676,155,0.03856879100203514,1.681218828995013
02,528,676,155,0.037854067981243134,1.6484935437589674
02,529,676,155,0.03863830491900444,1.644735943157752
02,530,676,155,0.038952987641096115,1.6956343513014969
02,531,676,155,0.03653062880039215,1.799549087927855
02,532,676,155,0.03740324825048447,1.9307918289266932
02,533,676,155,0.03680302947759628,2.0893625742980118
02,534,676,155,0.040144409984350204,2.2752613240418107
02,535,676,155,0.04025842994451523,2.4884880781580923
02,536,676,157,0.03933084011077881,1.368039898886382
02,537,676,159,0.03682161867618561,1.4302111088337786
02,538,676,159,0.03773719444870949,1.2670629227300683
02,539,676,159,0.03748456388711929,1.1312427409988384
02,540,676,159,0.03600822761654854,1.022750563640091
02,541,676,159,0.035722967237234116,0.9415863906538242
02,542,676,159,0.03554920107126236,0.8877502220400375
02,543,676,164,0.03456205502152443,4.46389287422286
02,544,676,164,0.03482954204082489,4.062649450023912
02,545,676,164,0.033344462513923645,3.688734030197444
02,546,676,164,0.03345854952931404,3.3421466147434584
02,547,676,164,0.033228397369384766,3.0228872036619534
02,548,676,164,0.035121411085128784,2.730955796952929
02,549,676,164,0.03429195657372475,2.466352394616384
02,550,676,164,0.035521332174539566,2.2290769966523194
02,551,676,164,0.03517536446452141,2.0191296030607355
02,552,676,164,0.03621191531419754,1.836510213841634
02,553,676,164,0.03570348769426346,1.681218828995013
02,554,676,164,0.037043601274490356,1.553255448520872
02,555,676,164,0.03463219851255417,1.468333674933387
02,556,676,164,0.0328698456287384,1.4380679100908624
02,557,676,164,0.03301520273089409,1.5576962492313988
02,558,676,164,0.03387368842959404,1.729521076723372
02,559,676,164,0.03324534744024277,1.9286739085878253
02,560,676,164,0.033247776329517365,2.1551547448247588
02,561,676,164,0.03366205841302872,2.393249982919997
02,562,676,164,0.03416498377919197,2.631345221015235
02,563,676,164,0.03311089426279068,2.869440459110473
02,564,676,164,0.035708364099264145,2.869440459110473
02,565,676,164,0.03492438420653343,2.869440459110473
02,566,676,164,0.03357715904712677,2.869440459110473
02,567,676,164,0.03433693200349808,2.869440459110473
02,568,676,172,0.03297089785337448,4.749607159937146
02,569,676,172,0.03306020423769951,4.395982783357245
02,570,676,172,0.0334601104259491,4.069686411149824
02,571,676,172,0.03306560218334198,3.7707180433148872
02,572,676,172,0.03350405767560005,3.4990776798524297
02,573,676,180,0.033606063574552536,10.46389287422286
02,574,676,180,0.033691514283418655,9.729316116690578
02,575,676,180,0.033891208469867706,9.022067363530777
02,576,676,180,0.034761883318424225,8.34214661474346
02,577,676,180,0.035006266087293625,7.68955387032862
02,578,676,180,0.035130444914102554,7.064289130286262
02,579,676,180,0.03493121638894081,6.466352394616384
02,580,676,180,0.03330642357468605,5.895743663318986
02,581,676,180,0.0336846187710762,5.352462936394069
02,582,676,180,0.03367602080106735,4.836510213841634
02,583,676,180,0.03387439250946045,4.3478854956616795
02,584,676,186,0.03512164205312729,7.797226207556194
02,585,676,186,0.03590922802686691,6.776935164309626
02,586,676,186,0.034180060029029846,5.783972125435539
02,587,676,186,0.0343131497502327,4.818337090933935
02,588,676,186,0.03659667447209358,3.8800300608048106
02,589,676,186,0.03518477827310562,3.350003416000548
02,590,676,186,0.033210400491952896,2.847304775568765
02,591,676,186,0.03460008278489113,2.371934139509462
02,592,676,186,0.03482357785105705,1.9238915078226402
02,593,676,186,0.035079337656497955,1.5031768805083008
02,594,676,186,0.03298448398709297,1.4907426385188225
02,595,676,186,0.03400040790438652,1.5056364009018244
02,596,676,186,0.034121379256248474,1.5478581676573067
02,597,676,186,0.032739270478487015,1.617407938785269
02,598,676,186,0.03348920866847038,1.7142857142857142
02,599,676,186,0.03249066695570946,1.8384914941586399
02,600,676,186,0.03406878933310509,1.9900252784040455
02,601,676,186,0.03387074172496796,2.1688870670219313
02,602,676,186,0.03590524569153786,2.3750768600122973
02,603,676,186,0.035292260348796844,2.6085946573751437
02,604,676,186,0.035411980003118515,2.869440459110473
02,605,676,186,0.03519214689731598,2.869440459110473
02,606,676,186,0.03460698574781418,2.869440459110473
02,607,676,186,0.0343092679977417,2.869440459110473
02,608,676,186,0.03449644148349762,2.869440459110473
02,609,676,186,0.03439713269472122,2.869440459110473
02,610,676,186,0.03353970870375633,2.869440459110473
02,611,676,186,0.034458789974451065,2.869440459110473
02,612,676,186,0.03456607833504677,2.869440459110473
02,613,676,186,0.034166790544986725,2.869440459110473
02,614,676,186,0.03439348191022873,2.869440459110473
02,615,676,186,0.03349212557077408,2.869440459110473
02,616,676,186,0.03479912877082825,2.869440459110473
02,617,676,186,0.03380800038576126,2.869440459110473
02,618,676,186,0.033590856939554214,2.869440459110473
02,619,676,186,0.034600574523210526,2.869440459110473
02,620,676,186,0.034357551485300064,2.869440459110473
02,621,676,186,0.03542337939143181,2.869440459110473
02,622,676,186,0.035930681973695755,2.869440459110473
02,623,676,186,0.036025237292051315,2.869440459110473
02,624,676,186,0.03501402959227562,2.869440459110473
02,625,676,186,0.03564349561929703,2.869440459110473
02,626,676,186,0.03506825491786003,2.869440459110473
02,627,676,186,0.03492942824959755,2.869440459110473
02,628,676,186,0.035329293459653854,2.869440459110473
02,629,676,186,0.035258159041404724,2.869440459110473
02,630,676,186,0.0349673293530941,2.869440459110473
02,631,676,186,0.03444104641675949,2.869440459110473
02,632,676,186,0.03539339080452919,2.869440459110473
02,633,676,186,0.038402508944272995,2.869440459110473
02,634,676,186,0.035286881029605865,2.869440459110473
02,635,676,186,0.036911629140377045,2.869440459110473
02,636,676,186,0.03667234629392624,2.869440459110473
02,637,676,186,0.036894362419843674,2.869440459110473
02,638,676,186,0.039518196135759354,2.869440459110473
02,639,676,186,0.039843205362558365,2.869440459110473
02,640,676,186,0.040809184312820435,2.869440459110473
02,641,676,186,0.04194009304046631,2.869440459110473
02,642,676,186,0.04229504242539406,2.869440459110473
02,643,676,186,0.04255709424614906,2.869440459110473
02,644,676,188,0.04390672966837883,1.533647605383616
02,645,676,188,0.044253021478652954,1.465737514518001
02,646,676,189,0.04858376085758209,1.1759240281478442
02,647,676,189,0.05205651372671127,1.0603948896631816
02,648,676,189,0.047901302576065063,0.9862676778028274
02,649,676,189,0.04890945926308632,0.9667964746874363
02,650,676,189,0.05020421743392944,0.9879073580651775
02,651,676,189,0.05124630033969879,1.0363462458153987
02,652,676,189,0.052302900701761246,1.1121131379381002
02,653,676,189,0.051525164395570755,1.2152080344332847
02,654,676,189,0.05114610120654106,1.3456309353009492
02,655,676,189,0.050876498222351074,1.4884880781580923
02,656,676,191,0.050703756511211395,0.6269044203047055
02,657,676,191,0.053023699671030045,0.5809250529480052
02,658,676,191,0.050863996148109436,0.5896016943362681
02,659,676,191,0.05181296542286873,0.652934344469494
02,660,676,191,0.050762467086315155,0.7709230033476805
02,661,676,191,0.050796590745449066,0.9435676709708273
02,662,676,191,0.050723183900117874,1.1551547448247588
02,663,676,191,0.049910545349121094,1.393249982919997
02,664,676,194,0.05104539543390274,1.2415112386417977
02,665,676,194,0.05069603770971298,1.0261665641866482
02,666,676,194,0.051443587988615036,0.8654778984764616
02,667,676,194,0.051442280411720276,0.7242604358816688
02,668,676,194,0.051022469997406006,0.6376989820318364
02,669,676,194,0.05063995346426964,0.6057935369269645
02,670,676,194,0.05270417407155037,0.6285441005670556
02,671,676,194,0.051438748836517334,0.7059506729521071
02,672,676,194,0.051717065274715424,0.8380132540821191
02,673,676,194,0.050776492804288864,1.0247318439570943
02,674,676,194,0.05189044401049614,1.2503928400628541
02,675,676,194,0.05128905177116394,1.4884880781580923
03,35,674,7,0.03492695465683937,2.869440459110473
03,36,674,7,0.03421858325600624,2.869440459110473
03,37,674,7,0.03414146602153778,2.869440459110473
03,38,674,7,0.03452053666114807,2.869440459110473
03,39,674,7,0.03419935703277588,2.869440459110473
03,40,674,7,0.03554480895400047,2.869440459110473
03,41,674,7,0.03481332212686539,2.869440459110473
03,42,674,7,0.03459124267101288,2.869440459110473
03,43,674,10,0.03414115682244301,1.366400218624034
03,44,674,10,0.034219905734062195,1.2508710801393714
03,45,674,10,0.034034863114356995,1.1626699460271903
03,46,674,10,0.03422938287258148,1.1017968162874894
03,47,674,10,0.03441454470157623,1.06825169092027
03,48,674,10,0.034278035163879395,1.062034569925531
03,49,674,10,0.03417711332440376,1.083145453303272
03,50,674,10,0.03476172313094139,1.1315843410534947
03,51,674,10,0.03525390848517418,1.2073512331761975
03,52,674,10,0.034475356340408325,1.3104461296713805
03,53,674,14,0.034168779850006104,2.368654778984765
03,54,674,14,0.03210240975022316,2.062649450023912
03,55,674,14,0.032458242028951645,1.7839721254355403
03,56,674,14,0.03274350240826607,1.5326228052196489
03,57,674,14,0.033586349338293076,1.3102411696385878
03,58,674,14,0.03433454781770706,1.1425155428024885
03,59,674,14,0.034130413085222244,1.0294459247113497
03,60,674,14,0.034143153578042984,0.9710323153651711
03,61,674,14,0.033676628023386,0.9672747147639543
03,62,674,14,0.035335954278707504,1.0181731229076993
03,63,674,14,0.03397093340754509,1.1237275397964062
03,64,674,19,0.0330459326505661,3.606750017080003
03,65,674,19,0.03426263481378555,3.2055065928810547
03,66,674,19,0.034558892250061035,2.831591173054588
03,67,674,21,0.034691646695137024,4.225797636127622
03,68,674,21,0.03547820821404457,3.7293161166905784
03,69,674,21,0.03518466651439667,3.2601626016260163
03,70,674,21,0.03445793688297272,2.8183370909339347
03,71,674,21,0.034141916781663895,2.404659424745508
03,72,674,21,0.03373377025127411,2.0456377673020434
03,73,674,21,0.032981354743242264,1.7412721186035387
03,74,674,21,0.035353824496269226,1.681218828995013
03,75,674,21,0.03543549403548241,1.6484935437589674
03,76,674,21,0.03505993261933327,1.6430962628954018
03,77,674,21,0.03437228500843048,1.665026986404318
03,78,674,21,0.03501785546541214,1.7142857142857142
03,79,674,21,0.03450974449515343,1.7908724465395922
03,80,674,21,0.033272385597229004,1.8947871831659502
03,81,674,21,0.03426006808876991,2.0260299241647886
03,82,674,21,0.03376277908682823,2.184600669536107
03,83,674,21,0.03348693624138832,2.370499419279907
03,84,674,21,0.033140189945697784,2.5837261733961876
03,85,674,21,0.0334806814789772,2.6789642686342825
03,86,674,21,0.03200626000761986,2.774202363872378
03,87,674,21,0.03245962783694267,2.869440459110473
03,88,674,25,0.03394962474703789,1.5254492040718726
03,89,674,25,0.035302113741636276,1.3623010179681623
03,90,674,28,0.034399066120386124,3.4162738266038124
03,91,674,28,0.03421211242675781,3.1102684976429593
03,92,674,28,0.034724440425634384,2.831591173054588
03,93,674,28,0.03608480468392372,2.5802418528386966
03,94,674,28,0.03673944249749184,2.356220536995287
03,95,674,28,0.03545178472995758,2.159527225524357
03,96,674,28,0.0361856184899807,1.9901619184259078
03,97,674,28,0.0357692614197731,1.8481246156999387
03,98,674,28,0.03522612899541855,1.733415317346451
03,99,674,28,0.035637371242046356,1.6609277857484455
03,100,674,28,0.036377813667058945,1.6430962628954018
03,101,674,28,0.0372275710105896,1.665026986404318
03,102,674,28,0.03668103367090225,1.7142857142857142
03,103,674,28,0.036204319447278976,1.7908724465395922
03,104,674,28,0.03525526076555252,1.8947871831659502
03,105,674,28,0.03524511307477951,2.0260299241647886
03,106,674,28,0.03474642336368561,2.184600669536107
03,107,674,28,0.03402596712112427,2.370499419279907
03,108,674,28,0.036497812718153,2.5837261733961876
03,109,674,28,0.03489821031689644,2.7265833162533304
03,110,674,33,0.036334943026304245,2.02158912345426
03,111,674,33,0.037803374230861664,1.8108218897315018
03,112,674,33,0.0375840924680233,1.6273826603812243
03,113,674,33,0.03706129267811775,1.471271435403428
03,114,674,33,0.035876091569662094,1.3424882147981134
03,115,674,33,0.03781481832265854,1.241032998565279
03,116,674,33,0.03628047928214073,1.166905786704925
03,117,674,33,0.03537920489907265,1.120106579217051
03,118,674,33,0.03664048761129379,1.1006353761016587
03,119,674,33,0.03406335785984993,1.1084921773587464
03,120,674,33,0.03542962670326233,1.1436769829883158
03,121,674,33,0.03644752502441406,1.2061897929903656
03,122,674,33,0.03584727644920349,1.2960306073648953
03,123,674,33,0.03669954836368561,1.4131994261119065
03,124,674,33,0.03607335686683655,1.5576962492313982
03,125,674,33,0.03551727905869484,1.7295210767233713
03,126,674,33,0.03470345214009285,1.9286739085878246
03,127,674,33,0.03487987443804741,2.1551547448247583
03,128,674,33,0.03535457327961922,2.393249982919996
03,129,674,33,0.036472026258707047,2.631345221015234
03,130,674,33,0.036904457956552505,2.8694404591104723
03,131,674,33,0.03485105186700821,2.8694404591104723
03,132,674,33,0.03624739870429039,2.8694404591104723
03,133,674,33,0.03714410960674286,2.8694404591104723
03,134,674,33,0.03648601472377777,2.8694404591104723
03,135,674,33,0.03581973537802696,2.8694404591104723
03,136,674,33,0.03658853843808174,2.8694404591104723
03,137,674,33,0.03533194959163666,2.8694404591104723
03,138,674,33,0.03517894074320793,2.8694404591104723
03,139,674,33,0.03601186349987984,2.8694404591104723
03,140,674,33,0.03682424873113632,2.8694404591104723
03,141,674,33,0.03778471052646637,2.8694404591104723
03,142,674,33,0.03687422722578049,2.8694404591104723
03,143,674,38,0.03688894957304001,2.02158912345426
03,144,674,38,0.03715883195400238,1.8108218897315018
03,145,674,42,0.03649933636188507,5.225797636127622
03,146,674,42,0.03728184476494789,4.824554211928673
03,147,674,42,0.03773161768913269,4.450638792102205
03,148,674,42,0.03634464740753174,4.1040513766482185
03,149,674,42,0.03599713742733002,3.7847919655667135
03,150,674,42,0.037621717900037766,3.4928605588576884
03,151,674,42,0.03531493619084358,3.2282571565211438
03,152,674,42,0.03530338779091835,2.9909817585570795
03,153,674,42,0.03510896861553192,2.7810343649654965
03,154,674,42,0.035863351076841354,2.5984149757463952
03,155,674,42,0.03500000014901161,2.4431235908997744
03,156,674,42,0.035704467445611954,2.3151602104256335
03,157,674,45,0.03533846512436867,2.99719887955182
03,158,674,45,0.0380416139960289,2.522648083623692
03,159,674,48,0.03635138273239136,4.65436906469905
03,160,674,48,0.0359022282063961,3.967411354785816
03,161,674,51,0.03503439575433731,6.0829404932704785
03,162,674,51,0.03608749434351921,5.253125640500102
03,163,674,51,0.03598568215966225,4.450638792102205
03,164,674,51,0.036039844155311584,3.913575186172028
03,165,674,51,0.036364492028951645,3.4038395846143326
03,166,674,51,0.03619590774178505,3.1119081779053075
03,167,674,51,0.03532550856471062,2.847304775568763
03,168,674,51,0.03554322570562363,2.6100293776046986
03,169,674,51,0.035211965441703796,2.4000819840131156
03,170,674,51,0.03653581812977791,2.232356357177016
03,171,674,51,0.03678695857524872,2.119286739085877
03,172,674,51,0.039519596844911575,2.0459793673566984
03,173,674,51,0.038226813077926636,1.9999999999999993
03,174,674,51,0.03641139343380928,1.981348637015782
03,175,674,51,0.03647875040769577,1.9900252784040449
03,176,674,51,0.03724128007888794,2.0260299241647877
03,177,674,56,0.03634973242878914,2.7496071599371454
03,178,674,56,0.038156479597091675,2.2531256405001017
03,179,674,56,0.03746404871344566,1.7996857279497138
03,180,674,56,0.037160180509090424,1.5437589670014322
03,181,674,56,0.036546967923641205,1.3424882147981134
03,182,674,56,0.036830827593803406,1.241032998565279
03,183,674,56,0.03651927784085274,1.166905786704925
03,184,674,56,0.036986950784921646,1.120106579217051
03,185,674,56,0.03635438159108162,1.1006353761016587
03,186,674,56,0.03637971729040146,1.1084921773587477
03,187,674,56,0.03703756630420685,1.143676982988317
03,188,674,56,0.03655468299984932,1.2061897929903669
03,189,674,56,0.03609099239110947,1.2960306073648966
03,190,674,56,0.036041177809238434,1.4131994261119079
03,191,674,56,0.03537791594862938,1.5576962492313995
03,192,674,56,0.03437674790620804,1.7295210767233726
03,193,674,56,0.03427549824118614,1.928673908587826
03,194,674,56,0.03340977802872658,2.1551547448247597
03,195,674,56,0.03714590519666672,2.393249982919998
03,196,674,56,0.04199609160423279,2.6313452210152355
03,197,674,58,0.04056774079799652,1.533647605383618
03,198,674,58,0.042408209294080734,1.465737514518003
03,199,674,60,0.04496537521481514,1.3349730135956828
03,200,674,60,0.04758657515048981,1.1718248274919725
03,201,674,60,0.04554131254553795,1.0360046457607424
03,202,674,60,0.04395601525902748,0.9275124684019939
03,203,674,60,0.045725610107183456,0.846348295415727
03,204,674,60,0.04529770463705063,0.7933319669331139
03,205,674,60,0.043958503752946854,0.7949716471954625
03,206,674,60,0.04436931014060974,0.8504474960715994
03,207,674,60,0.04426033794879913,0.9332513493202164
03,208,674,60,0.04390717297792435,1.0433832069413136
03,209,674,62,0.04497764632105827,0.916854546696728
03,210,674,62,0.04509703814983368,0.7686001229760197
03,211,674,62,0.046402785927057266,0.6766413882626205
03,212,674,62,0.046626921743154526,0.666666666666666
03,213,674,63,0.046627774834632874,0.7967479674796749
03,214,674,63,0.045364443212747574,0.6563503450160558
03,215,674,64,0.043798960745334625,0.9317483090797299
03,216,674,64,0.04349367320537567,0.6625674660107935
03,217,674,64,0.04333379492163658,0.48944455831112743
03,218,674,64,0.04151604324579239,0.5208717633394814
03,219,674,64,0.04004447162151337,0.6475370636059307
03,220,674,66,0.03905990347266197,1.2257976361276215
03,221,674,66,0.03952818363904953,0.967411354785816
03,222,674,66,0.04269247502088547,0.7371729179476657
03,223,674,66,0.03889128565788269,0.5632301701168259
03,224,674,66,0.03816691040992737,0.48616519778643136
03,225,674,66,0.03839971497654915,0.518412242945959
03,226,674,66,0.03837943822145462,0.645077543212407
03,227,674,66,0.03777352720499039,0.8512673362027731
03,228,674,66,0.039645109325647354,1.0847851335656207
03,229,674,66,0.03880426660180092,1.34563093530095
03,230,674,66,0.04015091806650162,1.5361071257771404
03,231,674,66,0.03838946670293808,1.7265833162533308
03,232,674,66,0.0387108139693737,1.9170595067295213
03,233,674,66,0.038071803748607635,2.1075356972057118
03,234,674,66,0.03857513144612312,2.2503928400628546
03,235,674,66,0.03830356523394585,2.393249982919998
03,236,674,66,0.036935023963451385,2.4884880781580927
03,237,674,66,0.036609575152397156,2.583726173396188
03,238,674,66,0.03770781680941582,2.6789642686342834
03,239,674,66,0.037547364830970764,2.7742023638723787
03,240,674,66,0.0378745011985302,2.8694404591104736
03,241,674,66,0.039165232330560684,2.8694404591104736
03,242,674,66,0.03793647140264511,2.8694404591104736
03,243,674,66,0.037958212196826935,2.8694404591104736
03,244,674,66,0.039395175874233246,2.8694404591104736
03,245,674,66,0.037833426147699356,2.8694404591104736
03,246,674,75,0.03787022456526756,5.701988112318098
03,247,674,75,0.03622685745358467,5.30074468811915
03,248,674,75,0.03716319426894188,4.926829268292683
03,249,674,75,0.035895638167858124,4.580241852838697
03,250,674,75,0.038164373487234116,4.26098244175719
03,251,674,75,0.038055215030908585,3.969051035048165
03,252,674,75,0.0390959307551384,3.704447632711621
03,253,674,75,0.03966490551829338,3.4671722347475575
03,254,674,75,0.0390734039247036,3.257224841155975
03,255,674,75,0.03688373044133186,3.074605451936872
03,256,674,75,0.03737621009349823,2.919314067090251
03,257,674,75,0.03708663955330849,2.79135068661611
03,258,674,75,0.03822225332260132,2.6907153105144497
03,259,674,75,0.03723151981830597,2.6174079387852704
03,260,674,75,0.03774350509047508,2.5714285714285716
03,261,674,75,0.038114283233881,2.5527772084443527
03,262,674,75,0.03891745209693909,2.5614538498326156
03,263,674,75,0.03781505301594734,2.597458495593359
03,264,674,75,0.039113063365221024,2.6607911457265834
03,265,674,75,0.03921350836753845,2.751451800232288
03,266,674,75,0.038605909794569016,2.869440459110473
03,267,674,75,0.03983362391591072,2.869440459110473
03,268,674,75,0.0395958349108696,2.869440459110473
03,269,674,75,0.03755992650985718,2.869440459110473
03,270,674,75,0.03869757428765297,2.869440459110473
03,271,674,75,0.03758605197072029,2.869440459110473
03,272,674,75,0.03772557154297829,2.869440459110473
03,273,674,75,0.036917079240083694,2.869440459110473
03,274,674,75,0.03844320774078369,2.869440459110473
03,275,674,75,0.03929798677563667,2.869440459110473
03,276,674,75,0.037870921194553375,2.869440459110473
03,277,674,75,0.039650462567806244,2.869440459110473
03,278,674,75,0.03798549622297287,2.869440459110473
03,279,674,75,0.038029853254556656,2.869440459110473
03,280,674,75,0.0380215160548687,2.869440459110473
03,281,674,75,0.03762642666697502,2.869440459110473
03,282,674,75,0.038508303463459015,2.869440459110473
03,283,674,75,0.0374588817358017,2.869440459110473
03,284,674,75,0.03887500241398811,2.869440459110473
03,285,674,75,0.03893863409757614,2.869440459110473
03,286,674,75,0.038740288466215134,2.869440459110473
03,287,674,75,0.03863466903567314,2.869440459110473
03,288,674,75,0.038238994777202606,2.869440459110473
03,289,674,75,0.038370050489902496,2.869440459110473
03,290,674,75,0.03972066938877106,2.869440459110473
03,291,674,75,0.03812390938401222,2.869440459110473
03,292,674,75,0.03809962421655655,2.869440459110473
03,293,674,75,0.037863656878471375,2.869440459110473
03,294,674,75,0.037890370935201645,2.869440459110473
03,295,674,85,0.0381256639957428,6.6543690646990505
03,296,674,85,0.03903404250741005,6.205506592881055
03,297,674,85,0.03703359514474869,5.7839721254355405
03,298,674,85,0.039742108434438705,5.389765662362506
03,299,674,85,0.039714764803647995,5.022887203661952
03,300,674,85,0.037221819162368774,4.68333674933388
03,301,674,85,0.03803888335824013,4.371114299378287
03,302,674,85,0.03967795521020889,4.086219853795177
03,303,674,85,0.03716664761304855,3.828653412584546
03,304,674,85,0.03921569138765335,3.598414975746396
03,305,674,88,0.038643285632133484,4.749607159937146
03,306,674,88,0.038161568343639374,4.172781307645009
03,307,674,88,0.03867784142494202,3.650611464097834
03,308,674,88,0.04040564224123955,3.1830976292956206
03,309,674,88,0.03979161009192467,2.7702398032383675
03,310,674,88,0.03901803120970726,2.4120379859260765
03,311,674,88,0.03973349928855896,2.1084921773587473
03,312,674,88,0.03798726946115494,1.8596023775363795
03,313,674,88,0.03751187399029732,1.6653685864589736
03,314,674,88,0.0370698980987072,1.5257908041265282
03,315,674,88,0.037198808044195175,1.4408690305390446
03,316,674,91,0.037330374121665955,1.2883104461296717
03,317,674,91,0.03675469756126404,1.0721459315433484
03,318,674,91,0.03650984168052673,0.9106374257019881
03,319,674,91,0.038280755281448364,0.8037849286055884
03,320,674,91,0.03753514960408211,0.751588440254149
03,321,674,91,0.037086013704538345,0.7540479606476728
03,322,674,91,0.03725089505314827,0.8111634897861568
03,323,674,94,0.036566492170095444,2.130559540889527
03,324,674,94,0.037083957344293594,1.7293161166905786
03,325,674,94,0.03781050816178322,1.3554006968641117
03,326,674,94,0.03915877267718315,1.151670424267268
03,327,674,94,0.040505651384592056,0.9901619184259064
03,328,674,94,0.03931362181901932,0.8833094213295066
03,329,674,94,0.03973807767033577,0.8311129329780685
03,330,674,94,0.04008067026734352,0.8335724533715924
03,331,674,94,0.038285031914711,0.8906879825100764
03,332,674,94,0.03651547059416771,1.0024595203935225
03,333,674,94,0.036989662796258926,1.16888706702193
03,334,674,94,0.03761303052306175,1.3750768600122976
03,335,674,94,0.03854808211326599,1.6085946573751453
03,336,674,94,0.03813348710536957,1.8694404591104732
03,337,674,94,0.038051147013902664,2.012297601967616
03,338,674,100,0.03655528277158737,3.5591309694609556
03,339,674,100,0.03739684820175171,3.157887545262007
03,340,674,113,0.03700070455670357,15.08294049327048
03,341,674,113,0.03596304729580879,14.062649450023915
03,342,674,113,0.037428680807352066,13.069686411149828
03,343,674,113,0.03830704465508461,12.104051376648222
03,344,674,113,0.038465116173028946,11.308601489376239
03,345,674,113,0.03661571815609932,10.540479606476737
03,346,674,113,0.03932284191250801,9.799685727949717
03,347,674,113,0.039831049740314484,9.086219853795175
03,348,674,113,0.03825349733233452,8.400081984013118
03,349,674,113,0.03862174227833748,7.741272118603537
03,350,674,113,0.03872120752930641,7.1097902575664405
03,351,674,113,0.03838531672954559,6.505636400901823
03,352,674,113,0.039051126688718796,5.928810548609688
03,353,674,113,0.03810791298747063,5.379312700690032
03,354,674,113,0.03800109028816223,4.857142857142857
03,355,674,113,0.03922650218009949,4.3623010179681625
03,356,674,113,0.03742105886340141,3.894787183165949
03,357,674,113,0.03722447529435158,3.4546013527362156
03,358,674,113,0.036683157086372375,3.0417435266789643
03,359,674,113,0.03899451717734337,2.9419279907084785
03,360,674,113,0.039373140782117844,2.869440459110473
03,361,674,113,0.038489434868097305,2.869440459110473
03,362,674,113,0.03922441229224205,2.869440459110473
03,363,674,113,0.03790019080042839,2.869440459110473
03,364,674,113,0.03785622492432594,2.869440459110473
03,365,674,113,0.03691175952553749,2.869440459110473
03,366,674,113,0.03579665347933769,2.869440459110473
03,367,674,113,0.03779876232147217,2.869440459110473
03,368,674,113,0.03743985295295715,2.869440459110473
03,369,674,113,0.036707255989313126,2.869440459110473
03,370,674,113,0.03811877965927124,2.869440459110473
03,371,674,113,0.037297170609235764,2.869440459110473
03,372,674,113,0.03789491951465607,2.869440459110473
03,373,674,113,0.03672967851161957,2.869440459110473
03,374,674,113,0.037458255887031555,2.869440459110473
03,375,674,113,0.03706129267811775,2.869440459110473
03,376,674,113,0.038237158209085464,2.869440459110473
03,377,674,113,0.03827822953462601,2.869440459110473
03,378,674,113,0.037460487335920334,2.869440459110473
03,379,674,113,0.039313267916440964,2.869440459110473
03,380,674,113,0.03721984103322029,2.869440459110473
03,381,674,121,0.03683994337916374,4.749607159937146
03,382,674,121,0.03760359063744545,4.395982783357245
03,383,674,121,0.0373137928545475,4.069686411149826
03,384,674,121,0.037888992577791214,3.7707180433148872
03,385,674,121,0.036549162119627,3.4990776798524283
03,386,674,121,0.03767196089029312,3.254765320762451
03,387,674,121,0.03886127099394798,3.037780966044954
03,388,674,121,0.038105957210063934,2.8481246156999385
03,389,674,121,0.03831985220313072,2.6857962697274034
03,390,674,121,0.03753427416086197,2.5507959281273482
03,391,674,121,0.03595316410064697,2.443123590899775
03,392,674,121,0.035709261894226074,2.3627792580446814
03,393,674,121,0.03536316379904747,2.3097629295620683
03,394,674,121,0.03568132594227791,2.284074605451937
03,395,674,121,0.036369454115629196,2.2857142857142856
03,396,674,121,0.0378873310983181,2.3146819703491146
03,397,674,121,0.03816361352801323,2.370977659356425
03,398,674,121,0.0376180000603199,2.4546013527362156
03,399,674,121,0.037833720445632935,2.565553050488488
03,400,674,121,0.03839915990829468,2.7038327526132404
03,401,674,121,0.036725278943777084,2.869440459110473
03,402,674,121,0.037236228585243225,2.869440459110473
03,403,674,121,0.038671817630529404,2.869440459110473
03,404,674,121,0.03841240704059601,2.869440459110473
03,405,674,121,0.03819351643323898,2.869440459110473
03,406,674,121,0.0370110459625721,2.869440459110473
03,407,674,121,0.037888579070568085,2.869440459110473
03,408,674,121,0.03776194900274277,2.869440459110473
03,409,674,121,0.03683992847800255,2.869440459110473
03,410,674,121,0.03856634348630905,2.869440459110473
03,411,674,121,0.041092827916145325,2.869440459110473
03,412,674,121,0.04199156537652016,2.869440459110473
03,413,674,121,0.04263453930616379,2.869440459110473
03,414,674,121,0.03980511426925659,2.869440459110473
03,415,674,121,0.03993793949484825,2.869440459110473
03,416,674,121,0.04298589751124382,2.869440459110473
03,417,674,121,0.045351725071668625,2.869440459110473
03,418,674,126,0.045148879289627075,2.0215891234542602
03,419,674,126,0.0454220287501812,1.8108218897315025
03,420,674,126,0.05200565606355667,1.6273826603812263
03,421,674,126,0.05071616545319557,1.47127143540343
03,422,674,126,0.04191465675830841,1.342488214798114
03,423,674,126,0.04296693578362465,1.2410329985652797
03,424,674,126,0.04296056926250458,1.1669057867049257
03,425,674,126,0.04469195753335953,1.120106579217053
03,426,674,126,0.04097790643572807,1.1006353761016607
03,427,674,126,0.042669981718063354,1.1084921773587486
03,428,674,126,0.043372780084609985,1.143676982988318
03,429,674,126,0.04295530542731285,1.2061897929903675
03,430,674,126,0.04268583282828331,1.2960306073648973
03,431,674,126,0.042268600314855576,1.4131994261119085
03,432,674,126,0.042015764862298965,1.5576962492314002
03,433,674,126,0.043549731373786926,1.729521076723372
03,434,674,126,0.04383529722690582,1.9286739085878253
03,435,674,130,0.04228406399488449,1.8248958119833287
03,436,674,130,0.04114004224538803,1.5346040855366527
03,437,674,130,0.041119810193777084,1.2989683678349369
03,438,674,130,0.04099291190505028,1.1179886588781844
03,439,674,130,0.03905325382947922,1.0368244858919173
03,440,674,130,0.037840936332941055,0.9829883172781306
03,441,674,130,0.03878006339073181,0.9564801530368241
03,442,674,130,0.03331085667014122,0.9572999931679992
03,443,674,130,0.03177950903773308,0.9854478376716544
03,444,674,130,0.0292056817561388,1.0409236865477898
03,445,674,130,0.03015114925801754,1.1237275397964068
03,446,674,130,0.03306075558066368,1.233859397417504
03,447,674,130,0.0331278070807457,1.3713192594110815
03,448,674,130,0.03523556515574455,1.5361071257771404
03,449,674,130,0.034039054065942764,1.7265833162533308
03,450,674,132,0.034307532012462616,0.9788891166222569
03,451,674,134,0.036233071237802505,1.693653070984494
03,452,674,134,0.03702327236533165,1.4236523877843839
03,453,674,134,0.03797842562198639,1.2083077133292341
03,454,674,134,0.03813692927360535,1.0476190476190477
03,455,674,134,0.03785005584359169,0.9415863906538242
03,456,674,134,0.03763491287827492,0.8877502220400375
03,457,674,134,0.03726325184106827,0.8620618979299046
03,458,674,137,0.038155656307935715,2.368654778984765
03,459,674,145,0.03720676898956299,9.65436906469905
03,460,674,145,0.03671078756451607,8.967411354785817
03,461,674,139,0.037517230957746506,3.7363530778164913
03,462,674,145,0.03686612844467163,7.933866229418597
03,463,674,145,0.03783364221453667,7.301564528250326
03,464,674,145,0.03688867390155792,6.696590831454533
03,465,674,145,0.03703997656702995,6.118945139031222
03,466,674,145,0.03708624094724655,5.568627450980392
03,467,674,145,0.036121927201747894,5.045637767302042
03,468,674,145,0.037863269448280334,4.549976087996175
03,469,674,145,0.036775313317775726,4.081642413062788
03,470,674,145,0.03680437430739403,3.640636742501878
03,471,674,145,0.03801990672945976,3.322197171551547
03,472,674,148,0.03840987756848335,3.9089977454396383
03,473,674,148,0.03915109857916832,3.3392088542734166
03,474,674,148,0.0380033440887928,2.8240759718521558
03,475,674,148,0.04050145298242569,2.3635990981758552
03,476,674,148,0.037310097366571426,1.9577782332445177
03,477,674,148,0.03783252090215683,1.6066133770581408
03,478,674,148,0.036648448556661606,1.3101045296167242
03,479,674,148,0.03698229044675827,1.2111088337774136
03,480,674,148,0.037064794450998306,1.259547721527635
03,481,674,148,0.03551540896296501,1.3353146136503364
03,482,674,148,0.03419525921344757,1.4408690305390446
03,483,674,148,0.034915607422590256,1.5837261733961874
03,484,674,148,0.036179784685373306,1.7265833162533302
03,485,674,148,0.03531307727098465,1.8694404591104732
03,486,674,148,0.03494968265295029,2.012297601967616
03,487,674,148,0.03430790826678276,2.1551547448247588
03,488,674,148,0.036430589854717255,2.2980118876819016
03,489,674,148,0.036437228322029114,2.4408690305390444
03,490,674,148,0.03680385276675224,2.5837261733961876
03,491,674,148,0.037477899342775345,2.7265833162533304
03,492,674,148,0.03634791076183319,2.869440459110473
03,493,674,148,0.03524650260806084,2.869440459110473
03,494,674,148,0.0350290946662426,2.869440459110473
03,495,674,148,0.035583000630140305,2.869440459110473
03,496,674,148,0.03707405552268028,2.869440459110473
03,497,674,148,0.03710769861936569,2.869440459110473
03,498,674,148,0.037748415023088455,2.869440459110473
03,499,674,148,0.036883577704429626,2.869440459110473
03,500,674,148,0.036483921110630035,2.869440459110473
03,501,674,148,0.03622071072459221,2.869440459110473
03,502,674,148,0.037244707345962524,2.869440459110473
03,503,674,148,0.03664494305849075,2.869440459110473
03,504,674,151,0.035324033349752426,1.3664002186240347
03,505,674,151,0.035780973732471466,1.250871080139372
03,506,674,151,0.03478129580616951,1.1626699460271896
03,507,674,151,0.034797921776771545,1.10179681628749
03,508,674,151,0.03439702093601227,1.0682516909202708
03,509,674,151,0.03497973084449768,1.0620345699255316
03,510,674,153,0.03540641814470291,1.164446266311402
03,511,674,153,0.03601710498332977,0.9544988727198177
03,512,674,155,0.03705212473869324,2.4638928742228603
03,513,674,155,0.03603486344218254,2.157887545262007
03,514,674,155,0.03691874071955681,1.879210220673634
03,515,674,155,0.037515897303819656,1.6278609004577442
03,516,674,155,0.03796118125319481,1.4038395846143343
03,517,674,155,0.038851890712976456,1.2079661132745785
03,518,674,155,0.03537733480334282,1.068388330942133
03,519,674,155,0.03835256025195122,1.0099747215959571
03,520,674,155,0.035982415080070496,1.006217120994742
03,521,674,155,0.03675253689289093,1.0571155291384868
03,522,674,155,0.036670662462711334,1.1626699460271923
03,523,674,155,0.03782442957162857,1.3228803716608581
03,524,674,155,0.037374116480350494,1.5361071257771397
03,525,674,155,0.03647070378065109,1.7265833162533302
03,526,674,155,0.036283768713474274,1.9170595067295206
03,527,674,155,0.036460116505622864,2.1075356972057113
03,528,674,155,0.03601127117872238,2.2980118876819016
03,529,674,155,0.03449535369873047,2.4884880781580923
03,530,674,155,0.03700391948223114,2.6789642686342825
03,531,674,155,0.03537996858358383,2.774202363872378
03,532,674,155,0.03564974293112755,2.869440459110473
03,533,674,155,0.03579636290669441,2.869440459110473
03,534,674,155,0.03624669462442398,2.869440459110473
03,535,674,155,0.035534221678972244,2.869440459110473
03,536,674,157,0.03533605858683586,1.533647605383616
03,537,674,157,0.034977201372385025,1.465737514518001
03,538,674,157,0.035504866391420364,1.4251554280248662
03,539,674,157,0.03538251668214798,1.4119013459042142
03,540,674,159,0.0374474823474884,1.144496823119493
03,541,674,159,0.036843057721853256,0.9813486370157827
03,542,674,159,0.03672977536916733,0.8455284552845526
03,543,674,159,0.037345338612794876,0.7378561180569791
03,544,674,159,0.036317694932222366,0.6848397895743661
03,545,674,159,0.03585877642035484,0.6864794698367161
03,546,674,159,0.03547019883990288,0.7427751588440266
03,547,674,159,0.03552207723259926,0.8529070164651238
03,548,674,159,0.03520805016160011,0.9903668784587012
03,549,674,159,0.03530785068869591,1.1551547448247588
03,550,674,159,0.03559081256389618,1.3456309353009492
03,551,674,164,0.03516741096973419,3.225797636127622
03,552,674,164,0.03594182804226875,2.8245542119286737
03,553,674,164,0.036812737584114075,2.4506387921022057
03,554,674,164,0.03616936504840851,2.1040513766482203
03,555,674,164,0.03489341959357262,1.7847919655667153
03,556,674,164,0.03567181155085564,1.4928605588576904
03,557,674,164,0.03476452827453613,1.323495251759241
03,558,674,164,0.03542883321642876,1.1971715515474475
03,559,674,164,0.03580605983734131,1.1255038600806144
03,560,674,164,0.03507291153073311,1.108492177358747
03,561,674,164,0.033936675637960434,1.1436769829883164
03,562,674,164,0.034191690385341644,1.2061897929903662
03,563,674,164,0.03527373448014259,1.296030607364896
03,564,674,164,0.03642769157886505,1.4131994261119059
03,565,674,164,0.03550770506262779,1.5576962492313988
03,566,674,164,0.03487180173397064,1.729521076723372
03,567,674,164,0.035170868039131165,1.9286739085878253
03,568,674,164,0.03424137085676193,2.1551547448247588
03,569,674,164,0.034178733825683594,2.393249982919997
03,570,674,164,0.03610725328326225,2.631345221015235
03,571,674,164,0.035504378378391266,2.869440459110473
03,572,674,164,0.03642001003026962,2.869440459110473
03,573,674,164,0.03539200872182846,2.869440459110473
03,574,674,172,0.035842206329107285,4.749607159937146
03,575,674,172,0.036297157406806946,4.395982783357245
03,576,674,172,0.03646440431475639,4.069686411149824
03,577,674,172,0.03817811608314514,3.7707180433148872
03,578,674,172,0.03717334195971489,3.4990776798524297
03,579,674,172,0.036518123000860214,3.2547653207624525
03,580,674,172,0.03470299765467644,3.0377809660449553
03,581,674,172,0.03629543259739876,2.8481246156999385
03,582,674,172,0.03365040570497513,2.685796269727402
03,583,674,172,0.03527979925274849,2.5507959281273482
03,584,674,172,0.03459009528160095,2.443123590899775
03,585,674,180,0.03488188609480858,8.178178588508574
03,586,674,180,0.035160768777132034,7.443601830976293
03,587,674,180,0.03604739531874657,6.736353077816491
03,588,674,180,0.033268000930547714,6.056432329029173
03,589,674,180,0.03454022482037544,5.403839584614334
03,590,674,180,0.03365621343255043,4.778574844571976
03,591,674,180,0.033948685973882675,4.180638108902098
03,592,674,180,0.03418390452861786,3.6100293776047003
03,593,674,180,0.03390314057469368,3.066748650679783
03,594,674,180,0.03411136195063591,2.5507959281273482
03,595,674,180,0.033795662224292755,2.443123590899775
03,596,674,180,0.03462933748960495,2.3627792580446814
03,597,674,180,0.035554539412260056,2.3097629295620683
03,598,674,180,0.034211017191410065,2.2840746054519356
03,599,674,180,0.03448348492383957,2.2857142857142856
03,600,674,180,0.034791771322488785,2.314681970349116
03,601,674,180,0.03294817730784416,2.3709776593564262
03,602,674,180,0.03459478169679642,2.454601352736217
03,603,674,180,0.03565696254372597,2.565553050488488
03,604,674,180,0.03579116612672806,2.703832752613239
03,605,674,180,0.034890931099653244,2.869440459110473
03,606,674,180,0.032544948160648346,2.869440459110473
03,607,674,180,0.03286321833729744,2.869440459110473
03,608,674,180,0.03439098969101906,2.869440459110473
03,609,674,180,0.03380480408668518,2.869440459110473
03,610,674,180,0.03374229744076729,2.869440459110473
03,611,674,180,0.03340153768658638,2.869440459110473
03,612,674,180,0.03377674147486687,2.869440459110473
03,613,674,180,0.03422714024782181,2.869440459110473
03,614,674,180,0.033870041370391846,2.869440459110473
03,615,674,180,0.0341254360973835,2.869440459110473
03,616,674,180,0.03284473344683647,2.869440459110473
03,617,674,180,0.03391032665967941,2.869440459110473
03,618,674,180,0.03390677273273468,2.869440459110473
03,619,674,180,0.0335891917347908,2.869440459110473
03,620,674,180,0.03320004791021347,2.869440459110473
03,621,674,180,0.03466468304395676,2.869440459110473
03,622,674,180,0.033526524901390076,2.869440459110473
03,623,674,180,0.03732050955295563,2.869440459110473
03,624,674,180,0.03539222478866577,2.869440459110473
03,625,674,185,0.03881048783659935,2.021589123454259
03,626,674,185,0.038322508335113525,1.8108218897315012
03,627,674,186,0.036697350442409515,2.368654778984765
03,628,674,186,0.04202330484986305,2.1102684976429593
03,629,674,186,0.041212063282728195,1.8932841429254625
03,630,674,186,0.04033881053328514,1.7309557969529286
03,631,674,186,0.04257629066705704,1.609209537473527
03,632,674,189,0.04397997632622719,3.7972262075561938
03,633,674,189,0.04442537575960159,3.3959827833572453
03,634,674,189,0.050446052104234695,3.022067363530777
03,635,674,189,0.05219079181551933,2.675479948076792
03,636,674,189,0.04961179941892624,2.356220536995287
03,637,674,189,0.04801363870501518,2.064289130286262
03,638,674,189,0.05106456205248833,1.8145794903327193
03,639,674,189,0.05410915985703468,1.621165539386487
03,640,674,189,0.0493120513856411,1.5097356015576955
03,641,674,189,0.053217533975839615,1.4786499965839999
03,642,674,190,0.0536985881626606,1.1669057867049284
03,643,674,190,0.053479135036468506,0.9954225592676109
03,644,674,190,0.051281075924634933,0.9332513493202144
03,645,674,191,0.051978833973407745,0.5830429732868733
03,646,674,191,0.05291889235377312,0.5738880918220924
03,647,674,191,0.05362630635499954,0.6740452278472352
03,648,674,191,0.05206422507762909,0.83343581334973
03,649,674,191,0.054253797978162766,1.0599166495866637
03,650,674,191,0.054389696568250656,1.2980118876819016
03,651,674,194,0.05248326435685158,1.379790940766549
03,652,674,194,0.0526113286614418,1.096536175445787
03,653,674,194,0.053523216396570206,0.9130969460955092
03,654,674,194,0.051972270011901855,0.7569857211177144
03,655,674,195,0.05145806446671486,1.1922525107604027
03,656,674,195,0.051624976098537445,0.9752681560429058
03,657,674,195,0.051742419600486755,0.8129398100703692
03,658,674,195,0.052075620740652084,0.7052674728427958
03,659,674,195,0.051471151411533356,0.6398169023707044
03,660,674,195,0.05460086837410927,0.644735943157752
03,661,674,195,0.05195223167538643,0.73163899706224
03,662,674,195,0.05248028412461281,0.9005260640841714
03,663,674,195,0.052223071455955505,1.0856049736967965
03,664,674,195,0.05320959910750389,1.2980118876819016
03,665,674,195,0.052254818379879,1.5361071257771397
03,666,674,195,0.05253967270255089,1.7265833162533302
03,667,674,195,0.05155165493488312,1.9170595067295206
03,668,674,195,0.052044808864593506,2.1075356972057113
03,669,674,195,0.051534004509449005,2.2980118876819016
03,670,674,195,0.051272280514240265,2.4884880781580923
03,671,674,195,0.050804220139980316,2.6789642686342825
03,672,674,195,0.05180993676185608,2.7265833162533304
03,673,674,195,0.05199824646115303,2.774202363872378
04,35,683,9,0.03700898587703705,2.869440459110473
04,36,683,9,0.03695695102214813,2.869440459110473
04,37,683,9,0.036800168454647064,2.869440459110473
04,38,683,9,0.0363963320851326,2.869440459110473
04,39,683,9,0.03635941818356514,2.869440459110473
04,40,683,9,0.03647063300013542,2.869440459110473
04,41,683,9,0.035875219851732254,2.869440459110473
04,42,683,9,0.035479798913002014,2.869440459110473
04,43,683,9,0.03617279604077339,2.869440459110473
04,44,683,9,0.03683473542332649,2.869440459110473
04,45,683,9,0.03727971389889717,2.869440459110473
04,46,683,12,0.037269774824380875,1.3664002186240347
04,47,683,12,0.037669677287340164,1.250871080139372
04,48,683,12,0.03757842257618904,1.162669946027191
04,49,683,12,0.037118006497621536,1.10179681628749
04,50,683,12,0.03679906576871872,1.0682516909202708
04,51,683,12,0.037077195942401886,1.0620345699255316
04,52,683,12,0.03763320669531822,1.0831454533032727
04,53,683,12,0.037974704056978226,1.131584341053494
04,54,683,12,0.03765105456113815,1.2073512331761969
04,55,683,12,0.037223897874355316,1.3104461296713799
04,56,683,20,0.0367739237844944,6.178178588508574
04,57,683,20,0.03666120767593384,5.6816970690715305
04,58,683,20,0.036244459450244904,5.2125435540069684
04,59,683,20,0.03640217334032059,4.770718043314887
04,60,683,20,0.0377953015267849,4.356220536995287
04,61,683,20,0.03769167140126228,3.9690510350481665
04,62,683,20,0.036714114248752594,3.609209537473527
04,63,683,20,0.03721841797232628,3.2766960442713673
04,64,683,20,0.03749903291463852,2.971510555441689
04,65,683,20,0.037357866764068604,2.693653070984491
04,66,683,20,0.036137744784355164,2.443123590899775
04,67,683,20,0.03544474393129349,2.3627792580446814
04,68,683,20,0.0344841293990612,2.3097629295620683
04,69,683,20,0.03418029844760895,2.284074605451937
04,70,683,20,0.034790221601724625,2.2857142857142856
04,71,683,20,0.03483567014336586,2.314681970349116
04,72,683,20,0.03534340858459473,2.3709776593564262
04,73,683,20,0.03579108417034149,2.454601352736217
04,74,683,20,0.03516422584652901,2.565553050488488
04,75,683,20,0.0358264334499836,2.7038327526132404
04,76,683,20,0.03622651472687721,2.869440459110473
04,77,683,20,0.03630151227116585,2.869440459110473
04,78,683,20,0.037147026509046555,2.869440459110473
04,79,683,21,0.03461809083819389,2.0388057662089225
04,80,683,21,0.03545505926012993,2.018514722962355
04,81,683,21,0.03542252629995346,2.0255516840882692
04,82,683,21,0.036624837666749954,2.0599166495866634
04,83,683,21,0.036044616252183914,2.1075356972057113
04,84,683,21,0.035862136632204056,2.1551547448247588
04,85,683,26,0.03516557067632675,2.5591309694609556
04,86,683,26,0.03636722266674042,2.30074468811915
04,87,683,26,0.03654232248663902,2.069686411149826
04,88,683,26,0.036286771297454834,1.8659561385529824
04,89,683,28,0.03523137420415878,3.3210357313657175
04,90,683,28,0.035015907138586044,2.9674113547858165
04,91,683,28,0.03461778536438942,2.6411149825783973
04,92,683,28,0.034709323197603226,2.3429664548746323
04,93,683,28,0.03497140854597092,2.09947393591583
04,94,683,28,0.035107340663671494,1.9106374257019882
04,95,683,28,0.03509584069252014,1.776456924233108
04,96,683,28,0.03621058166027069,1.6961125913780148
04,97,683,28,0.03581308573484421,1.6430962628954018
04,98,683,28,0.03606969490647316,1.6174079387852704
04,99,683,28,0.03603927791118622,1.619047619047619
04,100,683,28,0.03600618243217468,1.6956343513014969
04,101,683,28,0.03618781641125679,1.799549087927855
04,102,683,28,0.0361144095659256,1.9307918289266932
04,103,683,28,0.03708554059267044,2.0893625742980118
04,104,683,28,0.03695855289697647,2.275261324041812
04,105,683,28,0.03586281090974808,2.4884880781580923
04,106,683,28,0.03600596636533737,2.5837261733961876
04,107,683,28,0.03606519475579262,2.6789642686342825
04,108,683,28,0.03676001727581024,2.774202363872378
04,109,683,28,0.03691116347908974,2.869440459110473
04,110,683,28,0.03715198487043381,2.869440459110473
04,111,683,28,0.03611860051751137,2.869440459110473
04,112,683,28,0.037124089896678925,2.869440459110473
04,113,683,28,0.037492476403713226,2.869440459110473
04,114,683,28,0.03859775513410568,2.869440459110473
04,115,683,28,0.038674838840961456,2.869440459110473
04,116,683,28,0.03866035118699074,2.869440459110473
04,117,683,28,0.0384206660091877,2.869440459110473
04,118,683,28,0.03899167850613594,2.869440459110473
04,119,683,33,0.037009116262197495,2.02158912345426
04,120,683,33,0.03757329285144806,1.8108218897315018
04,121,683,33,0.03792561590671539,1.6273826603812243
04,122,683,33,0.03690136969089508,1.471271435403428
04,123,683,33,0.036173757165670395,1.3424882147981134
04,124,683,33,0.03661847487092018,1.241032998565279
04,125,683,33,0.03840791806578636,1.166905786704925
04,126,683,33,0.03702965006232262,1.120106579217051
04,127,683,33,0.03686776012182236,1.1006353761016587
04,128,683,33,0.03744717687368393,1.1084921773587464
04,129,683,33,0.03782017156481743,1.1436769829883158
04,130,683,33,0.03860171511769295,1.2061897929903656
04,131,683,33,0.03707614913582802,1.2960306073648953
04,132,683,33,0.03757544979453087,1.4131994261119065
04,133,683,33,0.03685655817389488,1.5576962492313982
04,134,683,33,0.037146519869565964,1.7295210767233713
04,135,683,33,0.037629950791597366,1.9286739085878246
04,136,683,33,0.03748524934053421,2.1551547448247583
04,137,683,33,0.03760109841823578,2.393249982919996
04,138,683,33,0.03765884041786194,2.631345221015234
04,139,683,33,0.037817999720573425,2.8694404591104723
04,140,683,33,0.03765633702278137,2.8694404591104723
04,141,683,33,0.03713931888341904,2.8694404591104723
04,142,683,33,0.03742218762636185,2.8694404591104723
04,143,683,33,0.03669134899973869,2.8694404591104723
04,144,683,33,0.03757113590836525,2.8694404591104723
04,145,683,33,0.03760261461138725,2.8694404591104723
04,146,683,33,0.03811221197247505,2.8694404591104723
04,147,683,33,0.03851384297013283,2.8694404591104723
04,148,683,33,0.038888197392225266,2.8694404591104723
04,149,683,42,0.039225220680236816,5.701988112318098
04,150,683,42,0.03949703276157379,5.300744688119149
04,151,683,42,0.03712199628353119,4.926829268292681
04,152,683,42,0.03803475573658943,4.580241852838695
04,153,683,42,0.038130659610033035,4.260982441757189
04,154,683,42,0.038022175431251526,3.9690510350481647
04,155,683,42,0.03796432912349701,3.70444763271162
04,156,683,42,0.03829498589038849,3.4671722347475558
04,157,683,42,0.038356587290763855,3.2572248411559728
04,158,683,42,0.03798193857073784,3.0746054519368715
04,159,683,42,0.037938155233860016,2.91931406709025
04,160,683,44,0.03719814866781235,3.169843547174968
04,161,683,44,0.03791762515902519,2.810821889731502
04,162,683,44,0.03878431022167206,2.5064562410329976
04,163,683,44,0.039340656250715256,2.256746601079455
04,164,683,45,0.038333646953105927,2.111429937828791
04,165,683,45,0.038984909653663635,1.760265081642414
04,166,683,45,0.03648986294865608,1.4910842385734775
04,167,683,45,0.0377744697034359,1.3038874086219832
04,168,683,45,0.03657407686114311,1.184600669536105
04,169,683,45,0.03777832165360451,1.11996993919519
04,170,683,45,0.03757232055068016,1.2503928400628548
04,171,683,45,0.03683986887335777,1.3932499829199976
04,172,683,45,0.037281349301338196,1.5361071257771404
04,173,683,47,0.037598952651023865,0.5660312905650067
04,174,683,47,0.038393352180719376,0.5349456855913097
04,175,683,47,0.03873169422149658,0.5709503313520528
04,176,683,51,0.03849959373474121,3.3210357313657166
04,177,683,51,0.03877533972263336,2.919792307166768
04,178,683,51,0.038878798484802246,2.5458768873403
04,179,683,51,0.03799605742096901,2.1992894718863134
04,180,683,51,0.03975621610879898,1.8800300608048086
04,181,683,51,0.03897012025117874,1.683336749333879
04,182,683,51,0.0390942320227623,1.5139714422354296
04,183,683,51,0.03930368646979332,1.3719341395094604
04,184,683,51,0.04001692309975624,1.2572248411559728
04,185,683,51,0.04067298024892807,1.2174625947940143
04,186,683,51,0.04008569195866585,1.205028352804536
04,187,683,51,0.03924030810594559,1.2215617954498867
04,188,683,51,0.040156878530979156,1.2927512468401992
04,189,683,51,0.03855904936790466,1.4185967069754735
04,190,683,51,0.03723249211907387,1.5974584955933593
04,191,683,51,0.036945994943380356,1.8036482885837255
04,192,683,51,0.037938524037599564,2.037166085946573
04,193,683,55,0.03843218460679054,1.6820386691261873
04,194,683,55,0.043366409838199615,1.4393659902985574
04,195,683,55,0.04666636511683464,1.2513493202158894
04,196,683,57,0.047591228038072586,2.273416683746669
04,197,683,58,0.049093324691057205,2.9400833504133357
04,198,683,60,0.051335737109184265,4.511511921841907
04,199,683,60,0.052141450345516205,4.110268497642958
04,200,683,60,0.0499948225915432,3.736353077816491
04,201,683,60,0.05197587609291077,3.389765662362504
04,202,683,60,0.05077360197901726,3.070506251280999
04,203,683,60,0.05195765942335129,2.778574844571974
04,204,683,60,0.052205316722393036,2.514791282366603
04,205,683,60,0.0523710772395134,2.30484388877502
04,206,683,60,0.05186397209763527,2.122224499555919
04,207,683,60,0.05096407234668732,1.9818268770923
04,208,683,60,0.050533659756183624,1.8811915009906393
04,209,683,60,0.04952038824558258,1.8078841292614602
04,210,683,62,0.05241098627448082,1.6882557901209263
04,211,683,62,0.05215916782617569,1.3582018173122905
04,212,683,62,0.050158947706222534,1.1084921773587477
04,213,683,64,0.0489712692797184,1.6373573819771814
04,214,683,64,0.04821155592799187,1.2924096467855435
04,215,683,64,0.04911592975258827,1.002117920338866
04,216,683,64,0.04861145466566086,0.7664822026371503
04,217,683,64,0.04406404495239258,0.6815604290496666
04,218,683,64,0.042696040123701096,0.7262417161986738
04,219,683,66,0.04381930083036423,1.416273826603812
04,220,683,66,0.043097224086523056,1.1587073853931802
04,221,683,66,0.045211561024188995,0.9557969529275114
04,222,683,66,0.04327750205993652,0.8075425292068045
04,223,683,66,0.04427187144756317,0.7139441142310579
04,224,683,66,0.043181244283914566,0.6766413882626219
04,225,683,66,0.044237833470106125,0.7213226754116278
04,226,683,66,0.041155267506837845,0.847168135546902
04,227,683,66,0.03953465819358826,1.0260299241647879
04,228,683,66,0.04271697625517845,1.232219717155154
04,229,683,66,0.04348938167095184,1.4657375145180016
04,230,683,66,0.04276766628026962,1.7265833162533308
04,231,683,66,0.04184046387672424,1.9170595067295213
04,232,683,66,0.04282188042998314,2.1075356972057118
04,233,683,66,0.044855136424303055,2.2980118876819025
04,234,683,66,0.04045536741614342,2.393249982919998
04,235,683,67,0.03978171944618225,1.6578533852565422
04,236,683,67,0.04090305417776108,1.73280043724807
04,237,683,67,0.042317066341638565,1.8350754936120794
04,238,683,67,0.041945137083530426,1.964678554348569
04,239,683,67,0.041017837822437286,2.1075356972057118
04,240,683,67,0.03979252651333809,2.1551547448247597
04,241,683,67,0.04014388471841812,2.202773792443807
04,242,683,70,0.0399760864675045,1.192115870738539
04,243,683,70,0.042213305830955505,1.028967684634829
04,244,683,70,0.03894035518169403,0.8931475029036002
04,245,683,75,0.04034744203090668,4.797226207556194
04,246,683,75,0.04295539855957031,4.395982783357245
04,247,683,75,0.04318361356854439,4.022067363530779
04,248,683,75,0.04439549520611763,3.675479948076792
04,249,683,75,0.04250626638531685,3.3562205369952856
04,250,683,75,0.044127583503723145,3.0642891302862605
04,251,683,75,0.04205143079161644,2.799685727949716
04,252,683,75,0.043406322598457336,2.562410329985653
04,253,683,75,0.042865678668022156,2.35246293639407
04,254,683,75,0.04441746324300766,2.1698435471749673
04,255,683,75,0.04611425846815109,2.0145521623283464
04,256,683,75,0.04360306262969971,1.934207829473253
04,257,683,75,0.04488449543714523,1.88119150099064
04,258,683,75,0.04334742948412895,1.8555031768805084
04,259,683,75,0.04191786050796509,1.8571428571428572
04,260,683,75,0.04616732895374298,1.901824144291863
04,261,683,75,0.04532668739557266,2.0011614401858306
04,262,683,75,0.043076902627944946,2.1551547448247588
04,263,683,75,0.04356100410223007,2.393249982919997
04,264,683,75,0.04369992017745972,2.631345221015235
04,265,683,75,0.04373834282159805,2.869440459110473
04,266,683,75,0.04385659098625183,2.869440459110473
04,267,683,75,0.04277689754962921,2.869440459110473
04,268,683,75,0.042823828756809235,2.869440459110473
04,269,683,75,0.043925363570451736,2.869440459110473
04,270,683,75,0.04152699559926987,2.869440459110473
04,271,683,75,0.04146752133965492,2.869440459110473
04,272,683,75,0.04068457707762718,2.869440459110473
04,273,683,75,0.04073197767138481,2.869440459110473
04,274,683,75,0.04278634861111641,2.869440459110473
04,275,683,75,0.0407099649310112,2.869440459110473
04,276,683,75,0.041426122188568115,2.869440459110473
04,277,683,75,0.04180002212524414,2.869440459110473
04,278,683,75,0.042232125997543335,2.869440459110473
04,279,683,75,0.041168320924043655,2.869440459110473
04,280,683,75,0.04285644739866257,2.869440459110473
04,281,683,75,0.04347174987196922,2.869440459110473
04,282,683,75,0.04189165309071541,2.869440459110473
04,283,683,75,0.0433712936937809,2.869440459110473
04,284,683,75,0.043084125965833664,2.869440459110473
04,285,683,75,0.04500429332256317,2.869440459110473
04,286,683,75,0.04261493682861328,2.869440459110473
04,287,683,75,0.0426919050514698,2.869440459110473
04,288,683,81,0.04313661903142929,2.8448452551752412
04,289,683,81,0.04245281219482422,2.5864589738334356
04,290,683,82,0.04218100756406784,3.225797636127622
04,291,683,82,0.0419161431491375,2.919792307166769
04,292,683,82,0.04127068445086479,2.6551889048302244
04,293,683,82,0.043408118188381195,2.4452415112386414
04,294,683,82,0.04254508018493652,2.275876204140192
04,295,683,82,0.04399947077035904,2.1338389014142245
04,296,683,82,0.04327201470732689,2.019129603060737
04,297,683,82,0.041796259582042694,1.9317483090797292
04,298,683,82,0.04318981617689133,1.8716950194712034
04,299,683,82,0.044642042368650436,1.8389697342351579
04,300,683,82,0.04467921704053879,1.8335724533715922
04,301,683,82,0.04443966969847679,1.8555031768805084
04,302,683,82,0.04406747594475746,1.9047619047619047
04,303,683,82,0.045077599585056305,1.9813486370157813
04,304,683,82,0.042639605700969696,2.0852633736421393
04,305,683,82,0.04281316697597504,2.2165061146409775
04,306,683,82,0.045222241431474686,2.3750768600122973
04,307,683,82,0.04309452325105667,2.5609756097560976
04,308,683,82,0.043555036187171936,2.774202363872378
04,309,683,82,0.044251762330532074,2.8218214114914253
04,310,683,82,0.0445488765835762,2.869440459110473
04,311,683,82,0.04459162801504135,2.869440459110473
04,312,683,82,0.04529688507318497,2.869440459110473
04,313,683,82,0.04367641359567642,2.869440459110473
04,314,683,82,0.043702371418476105,2.869440459110473
04,315,683,82,0.04269993305206299,2.869440459110473
04,316,683,91,0.04235588386654854,5.701988112318098
04,317,683,91,0.042829614132642746,5.30074468811915
04,318,683,91,0.04390330985188484,4.926829268292683
04,319,683,91,0.04292065277695656,4.580241852838697
04,320,683,91,0.045281391590833664,4.26098244175719
04,321,683,91,0.04332586005330086,3.969051035048165
04,322,683,91,0.044509537518024445,3.704447632711621
04,323,683,91,0.04132804274559021,3.4671722347475575
04,324,683,91,0.04302782565355301,3.257224841155975
04,325,683,91,0.04445016011595726,3.074605451936872
04,326,683,91,0.04246796667575836,2.919314067090251
04,327,683,91,0.04285966604948044,2.79135068661611
04,328,683,91,0.04229069873690605,2.6907153105144497
04,329,683,91,0.0406850166618824,2.6174079387852704
04,330,683,91,0.04191095381975174,2.5714285714285716
04,331,683,91,0.03964722529053688,2.5527772084443527
04,332,683,91,0.041146889328956604,2.5614538498326156
04,333,683,91,0.041304223239421844,2.597458495593359
04,334,683,91,0.04014816880226135,2.6607911457265834
04,335,683,91,0.038770467042922974,2.751451800232288
04,336,683,91,0.03908783569931984,2.869440459110473
04,337,683,91,0.0404217429459095,2.869440459110473
04,338,683,91,0.039609409868717194,2.869440459110473
04,339,683,91,0.04046722874045372,2.869440459110473
04,340,683,98,0.041563909500837326,3.7972262075561938
04,341,683,91,0.04285173490643501,3.2027737924438062
04,342,683,91,0.04173020273447037,3.2027737924438062
04,343,683,91,0.04173823818564415,3.2027737924438062
04,344,683,94,0.04255439713597298,1.5233312837330044
04,345,683,98,0.04289036616683006,3.4576757532281213
04,346,683,98,0.041339121758937836,3.178998428639748
04,347,683,98,0.04318466782569885,2.927649108423858
04,348,683,100,0.04383581131696701,4.253945480631278
04,349,683,100,0.04275714233517647,3.8800300608048093
04,350,683,100,0.043265342712402344,3.533442645350824
04,351,683,100,0.04393164440989494,3.2141832342693175
04,352,683,100,0.04198635369539261,2.9230716676914663
04,353,683,100,0.04255549609661102,2.6866161098585786
04,354,683,100,0.04215604439377785,2.5048165607706494
04,355,683,100,0.04405168816447258,2.3768531802965085
04,356,683,100,0.04506237059831619,2.2762178041948493
04,357,683,100,0.043355222791433334,2.2029104324656688
04,358,683,100,0.04539615660905838,2.1569310651089713
04,359,683,100,0.04252052307128906,2.1382797021247524
04,360,683,100,0.04616142809391022,2.146956343513014
04,361,683,113,0.04638826102018356,11.368654778984766
04,362,683,113,0.04635785520076752,10.348363735738198
04,363,683,113,0.04782944172620773,9.355400696864113
04,364,683,113,0.043188635259866714,8.389765662362507
04,365,683,113,0.04611504077911377,7.594315775090523
04,366,683,113,0.04412440210580826,7.016670082667213
04,367,683,113,0.04351846128702164,6.466352394616383
04,368,683,113,0.04505190625786781,5.943362710938034
04,369,683,113,0.04640832915902138,5.542939126870261
04,370,683,113,0.04793114215135574,5.169843547174968
04,371,683,113,0.04830862581729889,4.824075971852156
04,372,683,113,0.044560160487890244,4.505636400901825
04,373,683,113,0.04540116712450981,4.214524834323973
04,374,683,113,0.04829078167676926,3.9507412721186035
04,375,683,113,0.04947283864021301,3.7142857142857144
04,376,683,113,0.05529257655143738,3.5051581608253053
04,377,683,113,0.055306728929281235,3.3233586117373775
04,378,683,113,0.04893175885081291,3.16888706702193
04,379,683,113,0.04480583965778351,3.0417435266789643
04,380,683,113,0.04634404182434082,2.9419279907084785
04,381,683,113,0.046366553753614426,2.869440459110473
04,382,683,113,0.04494573920965195,2.869440459110473
04,383,683,113,0.04518337547779083,2.869440459110473
04,384,683,113,0.046273086220026016,2.869440459110473
04,385,683,113,0.04591347277164459,2.869440459110473
04,386,683,113,0.04484580457210541,2.869440459110473
04,387,683,113,0.045500755310058594,2.869440459110473
04,388,683,113,0.04458528012037277,2.869440459110473
04,389,683,113,0.04655742645263672,2.869440459110473
04,390,683,113,0.04811960831284523,2.869440459110473
04,391,683,113,0.047399766743183136,2.869440459110473
04,392,683,113,0.04481006786227226,2.869440459110473
04,393,683,113,0.04639328271150589,2.869440459110473
04,394,683,113,0.04571012780070305,2.869440459110473
04,395,683,113,0.04745372757315636,2.869440459110473
04,396,683,113,0.046598173677921295,2.869440459110473
04,397,683,113,0.04535800591111183,2.869440459110473
04,398,683,113,0.04641681909561157,2.869440459110473
04,399,683,113,0.04664871096611023,2.869440459110473
04,400,683,113,0.04755409434437752,2.869440459110473
04,401,683,113,0.04850700497627258,2.869440459110473
04,402,683,116,0.0474577471613884,1.3664002186240347
04,403,683,116,0.04769173637032509,1.250871080139372
04,404,683,116,0.04708879068493843,1.162669946027191
04,405,683,116,0.04569625481963158,1.10179681628749
04,406,683,116,0.04861171543598175,1.0682516909202693
04,407,683,116,0.04866666719317436,1.0620345699255302
04,408,683,116,0.0478060245513916,1.0831454533032714
04,409,683,116,0.046775560826063156,1.131584341053494
04,410,683,116,0.04836723580956459,1.2073512331761969
04,411,683,116,0.0484628900885582,1.3104461296713799
04,412,683,116,0.046597033739089966,1.4408690305390446
04,413,683,116,0.04726073145866394,1.5837261733961874
04,414,683,116,0.04742173105478287,1.7265833162533302
04,415,683,116,0.04751802235841751,1.8694404591104732
04,416,683,116,0.045772433280944824,2.012297601967616
04,417,683,116,0.04605347290635109,2.1551547448247588
04,418,683,116,0.046635303646326065,2.2980118876819016
04,419,683,116,0.04695747420191765,2.4408690305390444
04,420,683,116,0.047253385186195374,2.5837261733961876
04,421,683,116,0.0462438203394413,2.7265833162533304
04,422,683,116,0.04201490059494972,2.869440459110473
04,423,683,117,0.04851093888282776,2.0388057662089225
04,424,683,117,0.04638801887631416,2.018514722962355
04,425,683,117,0.04622400552034378,2.0255516840882692
04,426,683,121,0.046510569751262665,1.8787319805971177
04,427,683,121,0.05046732723712921,1.6679647468743597
04,428,683,121,0.052647992968559265,1.4845255175240832
04,429,683,121,0.051438577473163605,1.3284142925462872
04,430,683,121,0.04522206634283066,1.1996310719409713
04,431,683,121,0.04765947535634041,1.098175855708137
04,432,683,121,0.049841009080410004,1.0240486438477827
04,433,683,121,0.048911791294813156,0.9772494363599102
04,434,683,121,0.047639429569244385,0.9577782332445178
04,435,683,121,0.048287391662597656,0.9656350345016056
04,436,683,121,0.04940960183739662,1.000819840131175
04,437,683,125,0.04768387973308563,2.9400833504133366
04,438,683,125,0.05017032101750374,2.538839926214388
04,439,683,126,0.04793984070420265,3.0353214456514315
04,440,683,126,0.053621046245098114,2.5864589738334356
04,441,683,126,0.053597308695316315,2.178998428639748
04,442,683,126,0.054879095405340195,1.8261938921910226
04,443,683,126,0.051098670810461044,1.5139714422354302
04,444,683,126,0.05897676199674606,1.2924096467855442
04,445,683,126,0.057400599122047424,1.1255038600806184
04,446,683,126,0.0502268522977829,1.0132540821206533
04,447,683,126,0.04883178696036339,1.0484388877502226
04,448,683,126,0.04786880686879158,1.1109516977522722
04,449,683,126,0.04912162199616432,1.200792512126802
04,450,683,126,0.04327758029103279,1.3179613308738134
04,451,683,126,0.043069060891866684,1.462458153993305
04,452,683,126,0.03591250628232956,1.6342829814852766
04,453,683,126,0.03346538543701172,1.83343581334973
04,454,683,126,0.032013826072216034,2.0599166495866634
04,455,683,130,0.031322915107011795,1.6141285782605723
04,456,683,130,0.0335376113653183,1.3395504543280718
04,457,683,130,0.033447686582803726,1.1312427409988364
04,458,683,130,0.03649711608886719,1.0703696112591368
04,459,683,130,0.034360870718955994,1.0368244858919173
04,460,683,130,0.037047043442726135,0.9829883172781306
04,461,683,132,0.03769621253013611,1.701988112318099
04,462,683,132,0.03589222580194473,1.444421671107467
04,463,683,134,0.0367920882999897,3.0353214456514315
04,464,683,134,0.037248313426971436,2.681697069071531
04,465,683,134,0.03749465197324753,2.3554006968641104
04,466,683,134,0.03708546236157417,2.056432329029173
04,467,683,134,0.037003304809331894,1.7847919655667153
04,468,683,135,0.0364958718419075,2.1384163421466162
04,469,683,136,0.03721471503376961,2.606750017080003
04,470,683,136,0.03603752329945564,2.1587073853931806
04,471,683,136,0.03452552109956741,1.765320762451319
04,472,683,136,0.03472873196005821,1.440664070506251
04,473,683,136,0.03575154393911362,1.1839174694267958
04,474,683,136,0.03428354486823082,0.9818268770923007
04,475,683,136,0.033800940960645676,0.8352121336339424
04,476,683,136,0.033223703503608704,0.933729589396735
04,477,683,137,0.03267582133412361,0.753228120516499
04,478,683,137,0.03277478367090225,0.7494705199152837
04,479,683,137,0.03327896073460579,0.8285167725626825
04,480,683,137,0.03439584746956825,0.9895470383275248
04,481,683,137,0.0349382609128952,1.2027737924438064
04,482,683,137,0.0349266454577446,1.4408690305390446
04,483,683,137,0.034762248396873474,1.6789642686342827
04,484,683,137,0.03667725995182991,1.8218214114914255
04,485,683,137,0.0377928651869297,1.9646785543485683
04,486,683,137,0.036998167634010315,2.1075356972057113
04,487,683,137,0.035588204860687256,2.250392840062854
04,488,683,137,0.03548577055335045,2.393249982919997
04,489,683,137,0.03546036407351494,2.4884880781580923
04,490,683,137,0.03724544867873192,2.5361071257771397
04,491,683,148,0.03704191744327545,7.892464302794289
04,492,683,148,0.03710649162530899,7.3483637357381975
04,493,683,148,0.03578438609838486,6.831591173054586
04,494,683,148,0.035454731434583664,6.342146614743458
04,495,683,148,0.03421749174594879,5.880030060804811
04,496,683,148,0.035695966333150864,5.445241511238643
04,497,683,148,0.03550653159618378,5.037780966044956
04,498,683,148,0.0342399962246418,4.705267472842796
04,499,683,148,0.03523947298526764,4.4000819840131165
04,500,683,148,0.03484128415584564,4.122224499555919
04,501,683,148,0.03459778055548668,3.871695019471203
04,502,683,148,0.03345362842082977,3.6484935437589674
04,503,683,148,0.033210307359695435,3.4526200724192115
04,504,683,148,0.03399084880948067,3.2840746054519356
04,505,683,148,0.03534471243619919,3.142857142857143
04,506,683,148,0.03489932417869568,3.0289676846348303
04,507,683,148,0.034869007766246796,2.942406230784998
04,508,683,148,0.03485063090920448,2.8831727813076458
04,509,683,148,0.03523634001612663,2.8512673362027736
04,510,683,148,0.03483846038579941,2.846689895470382
04,511,683,148,0.035841844975948334,2.869440459110473
04,512,683,148,0.03948642313480377,2.869440459110473
04,513,683,151,0.037270933389663696,1.3664002186240347
04,514,683,151,0.03783252090215683,1.250871080139372
04,515,683,151,0.03751382231712341,1.1626699460271896
04,516,683,151,0.03765556588768959,1.10179681628749
04,517,683,151,0.038286324590444565,1.0682516909202708
04,518,683,153,0.03917933627963066,1.3073034091685447
04,519,683,153,0.03914380446076393,1.096536175445787
04,520,683,153,0.040267232805490494,0.9139167862266829
04,521,683,153,0.039926961064338684,0.785953405752542
04,522,683,153,0.03945831209421158,0.7126460340233642
04,523,683,155,0.039024848490953445,1.892464302794289
04,524,683,155,0.03796493262052536,1.5864589738334356
04,525,683,155,0.03799290582537651,1.3086014893762363
04,526,683,155,0.03720327094197273,1.0854000136640003
04,527,683,155,0.0377030149102211,0.9184942269590773
04,528,683,155,0.03737139329314232,0.833572453371595
04,529,683,155,0.036492832005023956,0.8306346929015533
04,530,683,155,0.039171140640974045,0.9088611054177785
04,531,683,155,0.03926211968064308,1.0417435266789643
04,532,683,155,0.03748943656682968,1.2276422764227628
04,533,683,155,0.038382284343242645,1.4408690305390446
04,534,683,155,0.03828183561563492,1.631345221015235
04,535,683,155,0.03638741001486778,1.8218214114914255
04,536,683,155,0.037728436291217804,2.012297601967616
04,537,683,155,0.037834975868463516,2.2027737924438062
04,538,683,155,0.039913780987262726,2.393249982919997
04,539,683,155,0.04016441851854324,2.4884880781580923
04,540,683,155,0.04002702608704567,2.5837261733961876
04,541,683,155,0.040117889642715454,2.6789642686342825
04,542,683,155,0.04034792259335518,2.774202363872378
04,543,683,155,0.042620252817869186,2.869440459110473
04,544,683,155,0.03958264738321304,2.869440459110473
04,545,683,157,0.03975899517536163,1.533647605383616
04,546,683,157,0.03785000368952751,1.465737514518001
04,547,683,157,0.03775566443800926,1.4251554280248662
04,548,683,157,0.03746899217367172,1.4119013459042142
04,549,683,157,0.03649057447910309,1.4259752681560425
04,550,683,157,0.035516124218702316,1.4673771947803511
04,551,683,159,0.037212736904621124,0.9540206326433024
04,552,683,159,0.03819623962044716,0.7916922866707659
04,553,683,159,0.036961786448955536,0.6840199494431897
04,554,683,159,0.03602762147784233,0.6310036209605793
04,555,683,159,0.034535884857177734,0.6326433012229293
04,556,683,159,0.03494813293218613,0.6889389902302399
04,557,683,159,0.03542712330818176,0.7998906879825107
04,558,683,164,0.0348406657576561,3.7972262075561938
04,559,683,164,0.03545650839805603,3.3959827833572453
04,560,683,164,0.03679173067212105,3.022067363530777
04,561,683,164,0.036118943244218826,2.675479948076792
04,562,683,164,0.035380903631448746,2.356220536995287
04,563,683,164,0.03518030419945717,2.064289130286262
04,564,683,164,0.034608710557222366,1.7996857279497174
04,565,683,164,0.03702003136277199,1.5624103299856529
04,566,683,164,0.034877125173807144,1.447701031632164
04,567,683,164,0.03567317873239517,1.3603197376511578
04,568,683,164,0.03550025448203087,1.300266448042632
04,569,683,164,0.0366823673248291,1.283254765320762
04,570,683,164,0.035247571766376495,1.3208990913438523
04,571,683,164,0.0355706587433815,1.4131994261119059
04,572,683,172,0.03683421015739441,6.178178588508574
04,573,683,172,0.03681252524256706,5.586458973833436
04,574,683,172,0.037925392389297485,5.022067363530777
04,575,683,172,0.0380912646651268,4.485003757600602
04,576,683,172,0.03738902136683464,3.975268156042906
04,577,683,172,0.03722693398594856,3.4928605588576906
04,578,683,172,0.03620519861578941,3.0377809660449553
04,579,683,172,0.03697159141302109,2.8481246156999385
04,580,683,172,0.03512396290898323,2.685796269727402
04,581,683,172,0.036138810217380524,2.5507959281273482
04,582,683,180,0.036032043397426605,8.559130969460956
04,583,683,180,0.037980929017066956,7.824554211928674
04,584,683,180,0.03841981664299965,7.117305458768873
04,585,683,180,0.03881613165140152,6.437384709981553
04,586,683,180,0.03898930177092552,5.784791965566716
04,587,683,180,0.03905625268816948,5.159527225524357
04,588,683,180,0.03763885423541069,4.5615904898544795
04,589,683,180,0.038407500833272934,3.9909817585570813
04,590,683,180,0.0382402166724205,3.447701031632164
04,591,683,180,0.03628817945718765,2.931748309079729
04,592,683,180,0.0364672876894474,2.443123590899775
04,593,683,180,0.03815390169620514,2.3627792580446814
04,594,683,180,0.03762945905327797,2.3097629295620683
04,595,683,180,0.03802467882633209,2.2840746054519356
04,596,683,180,0.03601729869842529,2.2857142857142856
04,597,683,180,0.03597152233123779,2.314681970349116
04,598,683,180,0.037196312099695206,2.3709776593564262
04,599,683,180,0.03656512871384621,2.454601352736217
04,600,683,180,0.03574753180146217,2.565553050488488
04,601,683,180,0.035907305777072906,2.703832752613239
04,602,683,180,0.035564277321100235,2.869440459110473
04,603,683,180,0.036952678114175797,2.869440459110473
04,604,683,180,0.034125398844480515,2.869440459110473
04,605,683,180,0.03447727859020233,2.869440459110473
04,606,683,180,0.034808624535799026,2.869440459110473
04,607,683,180,0.03469342738389969,2.869440459110473
04,608,683,180,0.03618088737130165,2.869440459110473
04,609,683,180,0.035854462534189224,2.869440459110473
04,610,683,180,0.035607513040304184,2.869440459110473
04,611,683,180,0.03577467426657677,2.869440459110473
04,612,683,180,0.0350109338760376,2.869440459110473
04,613,683,180,0.034919314086437225,2.869440459110473
04,614,683,180,0.035820089280605316,2.869440459110473
04,615,683,186,0.03632374852895737,2.8448452551752412
04,616,683,186,0.03515280783176422,2.5864589738334356
04,617,683,186,0.03594927862286568,2.3554006968641104
04,618,683,186,0.035200897604227066,2.151670424267268
04,619,683,186,0.03642408922314644,1.9752681560429057
04,620,683,186,0.036342911422252655,1.826193892191024
04,621,683,186,0.03584679216146469,1.704447632711622
04,622,683,186,0.037450239062309265,1.6100293776047006
04,623,683,186,0.035931624472141266,1.5429391268702592
04,624,683,186,0.036530956625938416,1.5031768805083008
04,625,683,186,0.03449825569987297,1.4907426385188225
04,626,683,186,0.034652452915906906,1.5056364009018244
04,627,683,186,0.03468684107065201,1.5478581676573067
04,628,683,186,0.035357892513275146,1.617407938785269
04,629,683,186,0.03564039245247841,1.7142857142857142
04,630,683,186,0.03690097853541374,1.8384914941586399
04,631,683,186,0.03699696063995361,1.9900252784040455
04,632,683,186,0.03976600989699364,2.1688870670219313
04,633,683,186,0.042970821261405945,2.3750768600122973
04,634,683,186,0.040869466960430145,2.6085946573751437
04,635,683,186,0.04155556857585907,2.869440459110473
04,636,683,186,0.04256358742713928,2.869440459110473
04,637,683,186,0.043019358068704605,2.869440459110473
04,638,683,186,0.043437276035547256,2.869440459110473
04,639,683,186,0.04452532157301903,2.869440459110473
04,640,683,188,0.04981255158782005,1.533647605383616
04,641,683,188,0.05011219531297684,1.465737514518001
04,642,683,189,0.0557505302131176,1.1759240281478442
04,643,683,189,0.05898526310920715,1.0603948896631816
04,644,683,189,0.058141354471445084,0.9862676778028274
04,645,683,189,0.0538347102701664,0.9667964746874363
04,646,683,189,0.051316648721694946,0.9879073580651775
04,647,683,189,0.05303170531988144,1.0363462458153987
04,648,683,189,0.05479202792048454,1.1121131379381002
04,649,683,189,0.052772097289562225,1.2152080344332847
04,650,683,189,0.05641067400574684,1.3456309353009492
04,651,683,189,0.05589748173952103,1.4884880781580923
04,652,683,189,0.05551757290959358,1.631345221015235
04,653,683,191,0.05508265271782875,0.6488351438136203
04,654,683,191,0.058266133069992065,0.630183780829403
04,655,683,191,0.058497264981269836,0.666188426590146
04,656,683,191,0.05626847967505455,0.7568490810958521
04,657,683,192,0.05483680218458176,0.6323017011682737
04,658,683,192,0.05606165528297424,0.6215071394411428
04,659,683,194,0.05510486289858818,1.4638928742228603
04,660,683,194,0.05516263097524643,1.125982100157135
04,661,683,194,0.05659588426351547,0.9379654300744656
04,662,683,194,0.055821843445301056,0.804604768736762
04,663,683,194,0.056443437933921814,0.6758215481314475
04,664,683,194,0.05722834914922714,0.5900799344127888
04,665,683,194,0.055310074239969254,0.5863223338115707
04,666,683,194,0.0577518455684185,0.6637289061966223
04,667,683,194,0.05709534138441086,0.795791487326637
04,668,683,194,0.05630320683121681,0.9676163148186101
04,669,683,194,0.05720335245132446,1.1667691466830634
04,670,683,194,0.05842392519116402,1.393249982919997
04,671,683,194,0.058370448648929596,1.631345221015235
04,672,683,194,0.05625203251838684,1.8694404591104732
04,673,683,194,0.055745091289281845,2.1075356972057113
04,674,683,194,0.05672643706202507,2.250392840062854
04,675,683,194,0.05632144957780838,2.393249982919997
04,676,683,194,0.05693085864186287,2.5361071257771397
04,677,683,194,0.05679633468389511,2.6789642686342825
04,678,683,194,0.05720125511288643,2.774202363872378
04,679,683,194,0.058374639600515366,2.869440459110473
04,680,683,194,0.05621109530329704,2.869440459110473
04,681,683,194,0.055689387023448944,2.869440459110473
04,682,683,194,0.05760421231389046,2.869440459110473
05,35,574,7,0.038543593138456345,2.869440459110473
05,36,574,7,0.0390545092523098,2.869440459110473
05,37,574,7,0.038355808705091476,2.869440459110473
05,38,574,7,0.038597702980041504,2.869440459110473
05,39,574,7,0.03803778067231178,2.869440459110473
05,40,574,7,0.03913692757487297,2.869440459110473
05,41,574,7,0.039007965475320816,2.869440459110473
05,42,574,7,0.03915698453783989,2.869440459110473
05,43,574,7,0.037432365119457245,2.869440459110473
05,44,574,10,0.03715713694691658,1.366400218624034
05,45,574,10,0.037215474992990494,1.2508710801393714
05,46,574,10,0.036008112132549286,1.1626699460271903
05,47,574,10,0.03530597314238548,1.1017968162874894
05,48,574,10,0.03621278330683708,1.06825169092027
05,49,574,10,0.035581182688474655,1.062034569925531
05,50,574,10,0.03552844747900963,1.083145453303272
05,51,574,10,0.0359237864613533,1.1315843410534947
05,52,574,15,0.036850713193416595,3.606750017080003
05,53,574,15,0.03690977394580841,3.2531256405001026
05,54,574,15,0.03912930563092232,2.9268292682926833
05,55,574,15,0.03720521181821823,2.627860900457744
05,56,574,15,0.03780568018555641,2.356220536995287
05,57,574,15,0.03702953830361366,2.1119081779053097
05,58,574,15,0.03647792339324951,1.8949238231878125
05,59,574,15,0.03602288290858269,1.7052674728427957
05,60,574,15,0.0370713546872139,1.5429391268702606
05,61,574,15,0.03632330149412155,1.4079387852702054
05,62,574,15,0.037208326160907745,1.3159800505568076
05,63,574,15,0.03749716654419899,1.2786773245883716
05,64,574,15,0.03650900349020958,1.296030607364896
05,65,574,19,0.03653715178370476,2.606750017080003
05,66,574,19,0.037496309727430344,2.2071462731434033
05,67,574,19,0.036462828516960144,1.862198537951767
05,68,574,19,0.03682338073849678,1.5719068115050907
05,69,574,19,0.0366416797041893,1.3362710938033764
05,70,574,19,0.036278415471315384,1.1552913848466224
05,71,574,19,0.03701210767030716,1.0289676846348303
05,72,574,19,0.03729615360498428,0.9572999931679985
05,73,574,19,0.03682437166571617,0.9854478376716538
05,74,574,21,0.036430101841688156,1.2150030744004912
05,75,574,21,0.03660442680120468,1.0394206463073028
05,76,574,21,0.036830879747867584,0.918494226959076
05,77,574,21,0.035950008779764175,0.8522238163558097
05,78,574,21,0.03673146292567253,0.8406094144975065
05,79,574,21,0.03597244247794151,0.8836510213841636
05,80,574,21,0.03695248067378998,0.9813486370157827
05,81,574,21,0.036492977291345596,1.1328824212611883
05,82,574,21,0.03639489412307739,1.3117442098790744
05,83,574,21,0.03597152978181839,1.5179340028694404
05,84,574,21,0.03636828809976578,1.751451800232288
05,85,574,21,0.03625919669866562,2.012297601967616
05,86,574,21,0.03747967258095741,2.1075356972057113
05,87,574,21,0.03843902051448822,2.2027737924438062
05,88,574,21,0.03635634109377861,2.2980118876819016
05,89,574,21,0.03678111732006073,2.393249982919997
05,90,574,21,0.034893400967121124,2.4884880781580923
05,91,574,21,0.03470614552497864,2.5837261733961876
05,92,574,28,0.03494074568152428,3.987702398032384
05,93,574,28,0.034641265869140625,3.5864589738334356
05,94,574,28,0.03510095551609993,3.212543554006969
05,95,574,28,0.034844379872083664,2.9611942337910775
05,96,574,28,0.03510952740907669,2.737172917947668
05,97,574,28,0.035210005939006805,2.540479606476738
05,98,574,28,0.03493870794773102,2.3711142993782888
05,99,574,28,0.03652608394622803,2.2290769966523194
05,100,574,28,0.035889361053705215,2.1143676982988318
05,101,574,28,0.03502456843852997,2.0269864043178245
05,102,574,28,0.03647582232952118,1.9669331147092985
05,103,574,28,0.037397272884845734,1.934207829473253
05,104,574,28,0.0365864634513855,1.9288105486096876
05,105,574,33,0.03626541793346405,4.225797636127623
05,106,574,33,0.03535217046737671,3.6816970690715314
05,107,574,33,0.03620816767215729,3.1649245063879206
05,108,574,33,0.03640242666006088,2.675479948076791
05,109,574,33,0.03633403033018112,2.213363394138143
05,110,574,33,0.03677891939878464,1.794288447086151
05,111,574,33,0.03697246313095093,1.429869508779121
05,112,574,33,0.03569355607032776,1.120106579217051
05,113,574,33,0.036971740424633026,1.1006353761016587
05,114,574,33,0.03523268550634384,1.1084921773587464
05,115,574,33,0.03670184686779976,1.1436769829883158
05,116,574,33,0.03598086163401604,1.2061897929903656
05,117,574,33,0.035724468529224396,1.2960306073648953
05,118,574,33,0.034867990761995316,1.4131994261119065
05,119,574,33,0.03676849976181984,1.5576962492313982
05,120,574,33,0.035415567457675934,1.7295210767233713
05,121,574,33,0.035821251571178436,1.9286739085878246
05,122,574,33,0.03544033318758011,2.1551547448247583
05,123,574,33,0.036324914544820786,2.393249982919996
05,124,574,33,0.03527691960334778,2.631345221015234
05,125,574,33,0.036398746073246,2.8694404591104723
05,126,574,33,0.034991294145584106,2.8694404591104723
05,127,574,33,0.03525068610906601,2.8694404591104723
05,128,574,33,0.03671988099813461,2.8694404591104723
05,129,574,33,0.035429954528808594,2.8694404591104723
05,130,574,33,0.03578467294573784,2.8694404591104723
05,131,574,33,0.03502361848950386,2.8694404591104723
05,132,574,33,0.036380644887685776,2.8694404591104723
05,133,574,33,0.03532720357179642,2.8694404591104723
05,134,574,33,0.03689292445778847,2.8694404591104723
05,135,574,33,0.03603069856762886,2.8694404591104723
05,136,574,33,0.03598891571164131,2.8694404591104723
05,137,574,38,0.03622208908200264,2.02158912345426
05,138,574,42,0.03650493919849396,5.46389287422286
05,139,574,42,0.0349920280277729,5.062649450023911
05,140,574,42,0.03548816591501236,4.688734030197443
05,141,574,42,0.036023497581481934,4.342146614743457
05,142,574,42,0.035404056310653687,4.022887203661951
05,143,574,42,0.03649664670228958,3.7309557969529266
05,144,574,44,0.03574768826365471,4.797226207556193
05,145,574,44,0.03444366902112961,4.3015645282503225
05,146,574,44,0.0344795323908329,3.8605588576894148
05,147,574,44,0.03613409027457237,3.4742091958734695
05,148,574,44,0.03625441715121269,3.1425155428024865
05,149,574,44,0.03510751947760582,2.8654778984764637
05,150,574,44,0.036568619310855865,2.6430962628954013
05,151,574,44,0.03685225173830986,2.4745507959281268
05,152,574,44,0.03792605549097061,2.3333333333333326
05,153,574,44,0.03764715790748596,2.21944387511102
05,154,574,44,0.03531884402036667,2.1328824212611877
05,155,574,44,0.03595077246427536,2.0736489717838356
05,156,574,44,0.03679891303181648,2.0417435266789634
05,157,574,44,0.03613801673054695,2.037166085946573
05,158,574,44,0.0353042334318161,2.2980118876819025
05,159,574,47,0.03609929233789444,0.9407665505226485
05,160,574,47,0.03654196858406067,0.8815331010452964
05,161,574,47,0.03799699991941452,0.8769556603129045
05,162,574,47,0.03369126096367836,0.9113206258112989
05,163,574,47,0.03525083512067795,0.9730135956821748
05,164,574,47,0.03461357206106186,1.062034569925531
05,165,574,47,0.03412312641739845,1.083145453303272
05,166,574,47,0.03497513011097908,1.1315843410534934
05,167,574,47,0.03560543805360794,1.2073512331761962
05,168,574,47,0.03629928082227707,1.3104461296713805
05,169,574,47,0.03667262941598892,1.4408690305390452
05,170,574,47,0.036781493574380875,1.583726173396188
05,171,574,47,0.03672439604997635,1.7265833162533308
05,172,574,47,0.0368385910987854,1.8694404591104739
05,173,574,47,0.036962710320949554,2.0122976019676164
05,174,574,47,0.03749927505850792,2.1551547448247597
05,175,574,51,0.03727260231971741,1.5984149757463966
05,176,574,51,0.03706729784607887,1.3760333401653342
05,177,574,51,0.03701665252447128,1.2083077133292321
05,178,574,51,0.03743356093764305,1.0952380952380931
05,179,574,51,0.036046817898750305,1.0368244858919173
05,180,574,51,0.03699573501944542,0.9829883172781306
05,181,574,51,0.03620632737874985,0.9564801530368241
05,182,574,51,0.03695537522435188,0.9572999931679979
05,183,574,51,0.036638058722019196,0.985447837671653
05,184,574,51,0.037786636501550674,1.0409236865477898
05,185,574,51,0.037964969873428345,1.1237275397964068
05,186,574,51,0.03776609152555466,1.233859397417504
05,187,574,51,0.037201207131147385,1.3713192594110815
05,188,574,51,0.0369839072227478,1.5361071257771404
05,189,574,51,0.03765811026096344,1.7265833162533308
05,190,574,51,0.03720128536224365,1.9170595067295213
05,191,574,51,0.0361151248216629,2.1075356972057118
05,192,574,51,0.03827395290136337,2.2980118876819025
05,193,574,51,0.0366155281662941,2.4884880781580927
05,194,574,51,0.03579190373420715,2.6789642686342834
05,195,574,51,0.034744229167699814,2.8694404591104736
05,196,574,54,0.03602181747555733,1.3664002186240354
05,197,574,54,0.03689786419272423,1.2508710801393728
05,198,574,54,0.035284072160720825,1.1626699460271903
05,199,574,54,0.03613927960395813,1.1017968162874894
05,200,574,52,0.036992378532886505,2.4884880781580927
05,201,574,52,0.03652609884738922,2.5361071257771406
05,202,574,54,0.037944670766592026,1.1916376306620218
05,203,574,56,0.03834812343120575,1.212885154061624
05,204,574,56,0.03947893902659416,1.0302657648425213
05,205,574,58,0.04094807803630829,2.5115119218419073
05,206,574,58,0.04330569878220558,2.205506592881054
05,207,574,60,0.04388948902487755,3.7496071599371454
05,208,574,60,0.041182078421115875,3.348363735738197
05,209,574,60,0.041035380214452744,2.9744483159117285
05,210,574,60,0.041316110640764236,2.6278609004577422
05,211,574,60,0.041339728981256485,2.308601489376237
05,212,574,60,0.04203209653496742,2.017489922798386
05,213,574,60,0.041479386389255524,1.7810343649654965
05,214,574,60,0.04165739566087723,1.5984149757463952
05,215,574,60,0.04207446426153183,1.4431235908997742
05,216,574,60,0.04207330942153931,1.3151602104256332
05,217,574,62,0.041843678802251816,1.6787593086014898
05,218,574,62,0.04193675145506859,1.4352667896426863
05,219,574,62,0.04132650047540665,1.248069959691192
05,220,574,63,0.0386350192129612,1.4477010316321646
05,221,574,63,0.038409274071455,1.0621712099473932
05,222,574,63,0.04133019968867302,0.7586254013800638
05,223,574,64,0.03905625641345978,0.8841292614606824
05,224,574,64,0.03949899971485138,0.6290223406435742
05,225,574,64,0.03993827477097511,0.4832274373163883
05,226,574,64,0.03526334837079048,0.5419826467172225
05,227,574,66,0.03702528029680252,1.3686547789847643
05,228,574,66,0.030802208930253983,1.1102684976429589
05,229,574,66,0.031537074595689774,0.8792102206736349
05,230,574,66,0.0351666696369648,0.6762997882079648
05,231,574,66,0.033773645758628845,0.5445788071326072
05,232,574,66,0.03399267792701721,0.5221698435471744
05,233,574,66,0.03416403383016586,0.6090728974516638
05,234,574,66,0.034597232937812805,0.7879346860695498
05,235,574,66,0.03410578891634941,0.9941244790599159
05,236,574,67,0.034828025847673416,0.516294322607091
05,237,574,67,0.03416305035352707,0.6375623420099747
05,238,574,67,0.034934431314468384,0.8350754936120794
05,239,574,70,0.03428232669830322,1.7972262075561936
05,240,574,70,0.03502197563648224,1.4436018309762928
05,241,574,70,0.033961500972509384,1.16656418665027
05,242,574,75,0.03511941060423851,5.511511921841908
05,243,574,75,0.03467627614736557,4.967411354785817
05,244,574,75,0.034811388701200485,4.498257839721255
05,245,574,75,0.034385841339826584,4.056432329029173
05,246,574,75,0.03508579358458519,3.641934822709571
05,247,574,75,0.035812076181173325,3.254765320762451
05,248,574,75,0.036904990673065186,2.9901619184259065
05,249,574,75,0.03828274831175804,2.7528865204618436
05,250,574,75,0.03869220241904259,2.5429391268702606
05,251,574,75,0.038931846618652344,2.360319737651158
05,252,574,75,0.04261250048875809,2.2050283528045367
05,253,574,75,0.041415389627218246,2.0770649723303958
05,254,574,75,0.039220452308654785,1.9764295962287353
05,255,574,75,0.03977363929152489,1.903122224499556
05,256,574,75,0.03904243931174278,1.8571428571428572
05,257,574,75,0.037409115582704544,1.901824144291863
05,258,574,75,0.03917860612273216,2.0011614401858306
05,259,574,75,0.03956328704953194,2.1551547448247588
05,260,574,75,0.040418170392513275,2.393249982919997
05,261,574,75,0.039695534855127335,2.631345221015235
05,262,574,75,0.03938676789402962,2.869440459110473
05,263,574,75,0.03866787999868393,2.869440459110473
05,264,574,75,0.03890426829457283,2.869440459110473
05,265,574,75,0.03830797225236893,2.869440459110473
05,266,574,75,0.037516456097364426,2.869440459110473
05,267,574,75,0.03759850189089775,2.869440459110473
05,268,574,75,0.03734246641397476,2.869440459110473
05,269,574,75,0.03533511981368065,2.869440459110473
05,270,574,75,0.03515126183629036,2.869440459110473
05,271,574,75,0.037365809082984924,2.869440459110473
05,272,574,75,0.03619907423853874,2.869440459110473
05,273,574,75,0.03624026104807854,2.869440459110473
05,274,574,75,0.03506152331829071,2.869440459110473
05,275,574,79,0.03590197116136551,1.5254492040718726
05,276,574,81,0.03763703256845474,2.6543690646990505
05,277,574,81,0.036030255258083344,2.3959827833572453
05,278,574,85,0.03665291145443916,5.892464302794289
05,279,574,85,0.03619823232293129,5.443601830976293
05,280,574,85,0.0352853462100029,5.022067363530779
05,281,574,85,0.036023158580064774,4.627860900457744
05,282,574,85,0.0381411574780941,4.26098244175719
05,283,574,85,0.036698903888463974,3.9214319874291177
05,284,574,85,0.03733539208769798,3.6092095374735256
05,285,574,85,0.037171680480241776,3.3243150918904147
05,286,574,85,0.03756206855177879,3.0667486506797843
05,287,574,85,0.036066215485334396,2.836510213841634
05,288,574,85,0.03767050802707672,2.6335997813759655
05,289,574,85,0.03832365199923515,2.4580173532827767
05,290,574,85,0.03686582297086716,2.3114026098244174
05,291,574,88,0.04081697762012482,2.6857962697274034
05,292,574,88,0.038284216076135635,2.1909544305527087
05,293,574,88,0.04042630270123482,1.7507686001229754
05,294,574,88,0.03603129833936691,1.3652387784382038
05,295,574,88,0.035685617476701736,1.034364965498393
05,296,574,88,0.038109827786684036,0.9486233517797357
05,297,574,88,0.037870991975069046,1.012775842044134
05,298,574,88,0.03654218465089798,1.131584341053494
05,299,574,91,0.03766053542494774,1.7019881123180984
05,300,574,91,0.03542952984571457,1.4436018309762928
05,301,574,91,0.03399495407938957,1.212543554006969
05,302,574,94,0.03603114187717438,3.7019881123180984
05,303,574,94,0.03674149140715599,3.30074468811915
05,304,574,94,0.03650791570544243,2.9268292682926833
05,305,574,94,0.03715967759490013,2.5802418528386966
05,306,574,94,0.037266917526721954,2.26098244175719
05,307,574,94,0.03758718818426132,1.9690510350481654
05,308,574,94,0.04122971370816231,1.7044476327116207
05,309,574,94,0.03869982808828354,1.4671722347475575
05,310,574,94,0.037373945116996765,1.2721186035389767
05,311,574,94,0.03786379471421242,1.1317209810753563
05,312,574,94,0.03821050003170967,1.1888365102138418
05,313,574,94,0.039900604635477066,1.2857142857142858
05,314,574,94,0.039654601365327835,1.40992006558721
05,315,574,94,0.03740696981549263,1.5614538498326156
05,316,574,94,0.03819357976317406,1.7403156384505014
05,317,574,94,0.03982197865843773,1.946505431440869
05,318,574,94,0.03875264525413513,2.1800232288037167
05,319,574,94,0.039341527968645096,2.4408690305390444
05,320,574,94,0.038213301450014114,2.5837261733961876
05,321,574,94,0.04164956510066986,2.7265833162533304
05,322,574,94,0.03641565889120102,2.869440459110473
05,323,574,94,0.03672851622104645,2.869440459110473
05,324,574,98,0.038034480065107346,1.5254492040718726
05,325,574,98,0.0381622314453125,1.3623010179681623
05,326,574,98,0.03889833763241768,1.2264808362369335
05,327,574,98,0.03845176473259926,1.117988658878185
05,328,574,98,0.040095340460538864,1.0368244858919167
05,329,574,98,0.03836654871702194,0.98298831727813
05,330,574,98,0.039360854774713516,0.9564801530368234
05,331,574,98,0.03674580156803131,0.9572999931679985
05,332,574,98,0.036333661526441574,0.9854478376716538
05,333,574,98,0.03698709234595299,1.040923686547789
05,334,574,98,0.03928041458129883,1.1237275397964062
05,335,574,98,0.03728799521923065,1.2338593974175034
05,336,574,100,0.03607040271162987,0.9739700758352128
05,337,574,100,0.0383322574198246,0.8803716608594663
05,338,574,100,0.03755560517311096,0.8414292546286815
05,339,574,100,0.03754812851548195,0.8571428571428571
05,340,574,105,0.037984855473041534,4.178178588508574
05,341,574,105,0.03803424537181854,3.681697069071531
05,342,574,105,0.03686298429965973,3.212543554006969
05,343,574,105,0.0376184843480587,2.7707180433148872
05,344,574,105,0.03611238673329353,2.3562205369952856
05,345,574,105,0.03757281228899956,2.159527225524356
05,346,574,105,0.03643008694052696,1.9901619184259065
05,347,574,105,0.03801179677248001,1.8481246156999387
05,348,574,105,0.03667943924665451,1.733415317346451
05,349,574,113,0.039480872452259064,8.035321445651434
05,350,574,113,0.03758940473198891,7.348363735738199
05,351,574,113,0.03930962085723877,6.688734030197445
05,352,574,113,0.03711651265621185,6.056432329029173
05,353,574,105,0.038506586104631424,3.0935984149757467
05,354,574,113,0.038583580404520035,5.227437316389971
05,355,574,113,0.037690240889787674,4.649791623966659
05,356,574,113,0.03312680125236511,4.09947393591583
05,357,574,113,0.03258896991610527,3.6717223474755762
05,358,574,121,0.03737359121441841,9.797226207556195
05,359,574,121,0.03220926970243454,8.824554211928675
05,360,574,121,0.03725234046578407,7.879210220673635
05,361,574,121,0.04007905349135399,7.199289471886317
05,362,574,121,0.04257165268063545,6.546696727471476
05,363,574,121,0.04535350576043129,5.921431987429118
05,364,574,121,0.046882834285497665,5.3234952517592395
05,365,574,121,0.04812021180987358,4.752886520461844
05,366,574,126,0.04609155282378197,7.987702398032385
05,367,574,126,0.04758061468601227,7.015030402404865
05,368,574,126,0.046555954962968826,6.069686411149826
05,369,574,126,0.04794962331652641,5.151670424267268
05,370,574,126,0.05294313654303551,4.641934822709571
05,371,574,126,0.05153282731771469,4.159527225524355
05,372,574,126,0.05286039412021637,3.704447632711621
05,373,574,126,0.05374354124069214,3.2766960442713673
05,374,574,126,0.058091357350349426,2.4953200792512127
05,375,574,126,0.05732814222574234,2.12222449955592
05,376,574,126,0.051492419093847275,1.7921705267472852
05,377,574,126,0.05283964425325394,1.516772562683611
05,378,574,126,0.05294802039861679,1.2960306073648973
05,379,574,126,0.049312617629766464,1.4131994261119085
05,380,574,126,0.04638674110174179,1.5576962492314002
05,381,574,126,0.04355473816394806,1.729521076723372
05,382,574,126,0.04221201315522194,1.9286739085878253
05,383,574,126,0.038959603756666183,2.1551547448247588
05,384,574,130,0.030246440321207047,1.697752271640363
05,385,574,130,0.029412634670734406,1.434788549566167
05,386,574,130,0.031969159841537476,1.2264808362369315
05,387,574,130,0.03305106610059738,1.1179886588781844
05,388,574,130,0.03413829579949379,1.0368244858919173
05,389,574,130,0.03376157581806183,0.9829883172781306
05,390,574,130,0.03361336886882782,0.9564801530368241
05,391,574,130,0.03610725328326225,0.9572999931679992
05,392,574,151,0.03470635786652565,19.416273826603813
05,393,574,151,0.03330640867352486,18.253125640500105
05,394,574,151,0.033074621111154556,17.117305458768875
05,395,574,153,0.03331412374973297,17.749607159937145
05,396,574,153,0.03556062653660774,16.491220878595342
05,397,574,153,0.03576802462339401,15.260162601626018
05,398,574,153,0.0343572236597538,14.056432329029175
05,399,574,153,0.034097135066986084,12.880849900935985
05,400,574,153,0.03350495547056198,11.759923481587757
05,401,574,153,0.03454706445336342,10.69365307098449
05,402,574,153,0.033560022711753845,9.681218828995013
05,403,574,153,0.035018760710954666,8.696112591378014
05,404,574,153,0.03506378456950188,7.738334358133497
05,405,574,153,0.03561606630682945,6.99836031973765
05,406,574,153,0.035240840166807175,6.285714285714286
05,407,574,153,0.0343075655400753,5.6003962560634015
05,408,574,153,0.03563791885972023,4.942406230784998
05,409,574,153,0.03553533926606178,4.311744209879074
05,410,574,154,0.03462963551282883,3.068251690920271
05,411,574,153,0.036380376666784286,3.1800232288037154
05,412,574,153,0.03434468060731888,2.631345221015235
05,413,574,153,0.03489091992378235,2.7265833162533304
05,414,574,153,0.03497147932648659,2.8218214114914253
05,415,574,154,0.0351833812892437,2.08642481382797
05,416,574,154,0.03468973934650421,2.066133770581403
05,417,574,154,0.034456923604011536,2.0731707317073154
05,418,574,154,0.03586491942405701,2.1075356972057113
05,419,574,158,0.03546374663710594,1.783493885359021
05,420,574,158,0.0365556925535202,1.572726651636263
05,421,574,158,0.03404395282268524,1.3892874222859855
05,422,574,158,0.03497429937124252,1.2331761973081907
05,423,574,158,0.036052823066711426,1.1043929767028762
05,424,574,158,0.035403527319431305,1.0045774407323917
05,425,574,158,0.034251585602760315,0.9577782332445178
05,426,574,159,0.03270755335688591,1.1603470656555308
05,427,574,159,0.03316573426127434,1.0253467240554746
05,428,574,159,0.033188097178936005,0.9607159937145568
05,429,574,159,0.034116826951503754,0.9623556739769069
05,430,574,159,0.03474424406886101,1.0045774407323917
05,431,574,159,0.03259819373488426,1.0240486438477827
05,432,574,159,0.03219950571656227,1.0935984149757452
05,433,574,159,0.032621096819639206,1.2061897929903662
05,434,574,159,0.03322402387857437,1.3734371797499474
05,435,574,158,0.03280787542462349,2.5361071257771397
05,436,574,158,0.03213854879140854,2.7265833162533304
05,437,574,158,0.03219505771994591,2.9170595067295206
05,438,574,164,0.03441212698817253,2.606750017080003
05,439,574,164,0.034530412405729294,2.157887545262007
05,440,574,164,0.036337897181510925,1.9268292682926818
05,441,574,164,0.03661351278424263,1.7230989956958394
05,442,574,164,0.03642713651061058,1.5466967274714771
05,443,574,164,0.03448253124952316,1.3976224636195953
05,444,574,164,0.0358235239982605,1.2915898066543692
05,445,574,164,0.03445180878043175,1.2402131584341034
05,446,574,164,0.03416191041469574,1.2434925189588009
05,447,574,164,0.034154366701841354,1.25134932021589
05,448,574,164,0.03317859023809433,1.2865341258454595
05,449,574,164,0.034974630922079086,1.349046935847509
05,450,574,164,0.03478127345442772,1.4388877502220387
05,451,574,164,0.03533903509378433,1.5560565689690489
05,452,574,164,0.03463220223784447,1.7005533920885416
05,453,574,164,0.03534476086497307,1.8566646170663392
05,454,574,164,0.034065064042806625,2.0127758420441366
05,455,574,164,0.035651665180921555,2.1688870670219313
05,456,574,164,0.035271551460027695,2.3750768600122973
05,457,574,164,0.03542737290263176,2.6085946573751437
05,458,574,164,0.03522442653775215,2.869440459110473
05,459,574,164,0.03472047299146652,2.869440459110473
05,460,574,164,0.035233352333307266,2.869440459110473
05,461,574,164,0.034739285707473755,2.869440459110473
05,462,574,164,0.034683555364608765,2.869440459110473
05,463,574,164,0.03483433648943901,2.869440459110473
05,464,574,164,0.03604917973279953,2.869440459110473
05,465,574,164,0.03670104965567589,2.869440459110473
05,466,574,164,0.03493514657020569,2.869440459110473
05,467,574,164,0.03491535410284996,2.869440459110473
05,468,574,164,0.034098654985427856,2.869440459110473
05,469,574,164,0.03349323570728302,2.869440459110473
05,470,574,164,0.032634563744068146,2.869440459110473
05,471,574,164,0.03248307481408119,2.869440459110473
05,472,574,164,0.03401952236890793,2.869440459110473
05,473,574,164,0.03334978222846985,2.869440459110473
05,474,574,164,0.03251875936985016,2.869440459110473
05,475,574,164,0.032850928604602814,2.869440459110473
05,476,574,164,0.03245800361037254,2.869440459110473
05,477,574,164,0.032993339002132416,2.869440459110473
05,478,574,164,0.03305815905332565,2.869440459110473
05,479,574,172,0.03361684828996658,4.749607159937146
05,480,574,172,0.03363256901502609,4.395982783357245
05,481,574,172,0.03345111012458801,4.069686411149824
05,482,574,172,0.03475749120116234,3.7707180433148872
05,483,574,172,0.03405473753809929,3.4990776798524297
05,484,574,172,0.03401012718677521,3.2547653207624525
05,485,574,172,0.03291597217321396,3.0377809660449553
05,486,574,172,0.03396156057715416,2.8481246156999385
05,487,574,172,0.03419990465044975,2.685796269727402
05,488,574,172,0.03509635850787163,2.5507959281273482
05,489,574,172,0.03338932991027832,2.443123590899775
05,490,574,172,0.033800750970840454,2.3627792580446814
05,491,574,172,0.03527671471238136,2.3097629295620683
05,492,574,172,0.03656957298517227,2.2840746054519356
05,493,574,172,0.03438890725374222,2.2857142857142856
05,494,574,172,0.0345267616212368,2.314681970349116
05,495,574,172,0.03453350067138672,2.3709776593564262
05,496,574,172,0.034118253737688065,2.454601352736217
05,497,574,172,0.03441544994711876,2.565553050488488
05,498,574,172,0.03592809662222862,2.703832752613239
05,499,574,172,0.03611735254526138,2.869440459110473
05,500,574,172,0.035207461565732956,2.869440459110473
05,501,574,175,0.035401493310928345,1.3664002186240347
05,502,574,180,0.036799196153879166,4.606750017080003
05,503,574,180,0.03492344170808792,4.2531256405001026
05,504,574,180,0.03512454405426979,3.926829268292682
05,505,574,180,0.035702843219041824,3.627860900457744
05,506,574,180,0.035154927521944046,3.356220536995287
05,507,574,180,0.034261304885149,3.1119081779053097
05,508,574,180,0.03536815568804741,2.8949238231878125
05,509,574,180,0.036085035651922226,2.7052674728427957
05,510,574,180,0.03612649068236351,2.5429391268702592
05,511,574,180,0.03434425964951515,2.4079387852702054
05,512,574,180,0.036984577775001526,2.300266448042632
05,513,574,180,0.03589298576116562,2.2199221151875386
05,514,574,180,0.03505871817469597,2.1669057867049255
05,515,574,180,0.035643063485622406,2.141217462594793
05,516,574,180,0.03502468392252922,2.142857142857143
05,517,574,180,0.03552863746881485,2.171824827491973
05,518,574,180,0.035495467483997345,2.2281205164992834
05,519,574,180,0.036376070231199265,2.32745781239325
05,520,574,180,0.034219346940517426,2.465737514518001
05,521,574,180,0.03477715700864792,2.631345221015235
05,522,574,180,0.034259550273418427,2.869440459110473
05,523,574,180,0.03533546254038811,2.869440459110473
05,524,574,180,0.033702824264764786,2.869440459110473
05,525,574,180,0.03658232465386391,2.869440459110473
05,526,574,180,0.03530878573656082,2.869440459110473
05,527,574,180,0.036789316684007645,2.869440459110473
05,528,574,186,0.04065067321062088,2.8448452551752412
05,529,574,186,0.03918600454926491,2.5864589738334356
05,530,574,186,0.040540341287851334,2.3554006968641104
05,531,574,186,0.04406939074397087,2.151670424267268
05,532,574,186,0.04402667656540871,1.9752681560429057
05,533,574,188,0.043894242495298386,3.3210357313657175
05,534,574,189,0.04393874481320381,3.8924643027942887
05,535,574,189,0.044703807681798935,3.4912208785953402
05,536,574,189,0.0509905181825161,3.117305458768872
05,537,574,189,0.05209464952349663,2.7847919655667153
05,538,574,189,0.047850895673036575,2.4928605588576906
05,539,574,189,0.04831516370177269,2.243150918904148
05,540,574,189,0.05013202130794525,2.0480972876955654
05,541,574,190,0.05076322332024574,2.0932568149210895
05,542,574,190,0.0499323271214962,1.7967479674796756
05,543,574,190,0.05149411782622337,1.5822231331557024
05,544,574,190,0.05049997568130493,1.4496823119491724
05,545,574,191,0.04918859899044037,1.2261392361822778
05,546,574,191,0.052557673305273056,0.951561112249776
05,547,574,191,0.05272245034575462,0.7862950058071977
05,548,574,191,0.05203466862440109,0.729521076723372
05,549,574,192,0.052371036261320114,0.4824075971852153
05,550,574,193,0.051139313727617264,0.7888911662225891
05,551,574,194,0.05329783633351326,1.3210357313657173
05,552,574,194,0.051671817898750305,0.9831249572999923
05,553,574,194,0.05231720581650734,0.6998701919792276
05,554,574,194,0.05197349190711975,0.5805834528933522
05,555,574,194,0.0535806305706501,0.48076791692286797
05,556,574,196,0.05171611160039902,1.7019881123180984
05,557,574,196,0.053075920790433884,1.3959827833572451
05,558,574,196,0.05303246155381203,1.1181252989000459
05,559,574,196,0.05234719440340996,0.8949238231878098
05,560,574,196,0.051559802144765854,0.7263783562205368
05,561,574,196,0.050657808780670166,0.6273826603812263
05,562,574,196,0.04942745715379715,0.6430962628954019
05,563,574,196,0.0506315603852272,0.7299993167998899
05,564,574,196,0.05024169385433197,0.8972467035594713
05,565,574,196,0.05093589425086975,1.1191500990640157
05,566,574,196,0.052658189088106155,1.3456309353009492
05,567,574,196,0.0531047061085701,1.5837261733961874
05,568,574,196,0.05166149139404297,1.8218214114914255
05,569,574,196,0.05102130025625229,2.0599166495866634
05,570,574,196,0.05027835816144943,2.250392840062854
05,571,574,196,0.05187510326504707,2.393249982919997
05,572,574,196,0.05140101909637451,2.4884880781580923
05,573,574,196,0.051810141652822495,2.5837261733961876
06,35,582,5,0.03315368667244911,2.869440459110473
06,36,582,5,0.032558951526880264,2.869440459110473
06,37,582,5,0.032209362834692,2.869440459110473
06,38,582,5,0.03259746730327606,2.869440459110473
06,39,582,5,0.03175400570034981,2.869440459110473
06,40,582,5,0.03166849538683891,2.869440459110473
06,41,582,5,0.03143004700541496,2.869440459110473
06,42,582,5,0.03322172909975052,2.869440459110473
06,43,582,5,0.03285282105207443,2.869440459110473
06,44,582,5,0.03234339505434036,2.869440459110473
06,45,582,5,0.03162525221705437,2.869440459110473
06,46,582,5,0.03233667090535164,2.869440459110473
06,47,582,7,0.03324130177497864,1.5336476053836174
06,48,582,7,0.03174838423728943,1.4657375145180023
06,49,582,7,0.032568324357271194,1.4251554280248688
06,50,582,7,0.03285209834575653,1.4119013459042156
06,51,582,7,0.03282127156853676,1.4259752681560425
06,52,582,7,0.0335974283516407,1.4673771947803511
06,53,582,7,0.034271106123924255,1.5361071257771397
06,54,582,7,0.03374546766281128,1.631345221015235
06,55,582,7,0.03264370560646057,1.7265833162533302
06,56,582,7,0.03340389207005501,1.8218214114914255
06,57,582,7,0.032674264162778854,1.9170595067295206
06,58,582,7,0.03233594447374344,2.012297601967616
06,59,582,7,0.030696745961904526,2.1075356972057113
06,60,582,7,0.03235530108213425,2.2027737924438062
06,61,582,12,0.030847396701574326,2.4638928742228603
06,62,582,12,0.03178368881344795,2.157887545262007
06,63,582,12,0.031518783420324326,1.8792102206736356
06,64,582,12,0.031691182404756546,1.6278609004577442
06,65,582,12,0.031438782811164856,1.4195531871285114
06,66,582,12,0.031281713396310806,1.265901482544239
06,67,582,14,0.03222786262631416,2.368654778984765
06,68,582,14,0.03214424103498459,2.0634692901550857
06,69,582,14,0.03150797635316849,1.8129398100703693
06,70,582,14,0.030988911166787148,1.6170663387306132
06,71,582,14,0.03002706542611122,1.4758488761358204
06,72,582,14,0.03112819232046604,1.3892874222859881
06,73,582,14,0.03223257139325142,1.3573819771811162
06,74,582,14,0.0316505990922451,1.3793127006900323
06,75,582,14,0.031186074018478394,1.4285714285714286
06,76,582,15,0.03093661554157734,1.1631481861037103
06,77,582,19,0.0314316563308239,3.749607159937146
06,78,582,19,0.03233638033270836,3.2055065928810547
06,79,582,19,0.03217403590679169,2.688734030197445
06,80,582,19,0.03188292682170868,2.1992894718863156
06,81,582,20,0.03221316263079643,2.430347748855641
06,82,582,20,0.03152543678879738,2.1181252989000487
06,83,582,20,0.03186390921473503,1.860558857689418
06,84,582,20,0.03169117867946625,1.6576484252237482
06,85,582,20,0.030986644327640533,1.495320079251213
06,86,582,20,0.03086288832128048,1.3603197376511578
06,87,582,20,0.03135426715016365,1.2526474004235844
06,88,582,20,0.03213058412075043,1.2675411628065862
06,89,582,20,0.032077547162771225,1.3097629295620685
06,90,582,20,0.03274135664105415,1.3793127006900323
06,91,582,20,0.030419060960412025,1.4761904761904763
06,92,582,20,0.030645741149783134,1.6003962560634017
06,93,582,20,0.030496621504426003,1.7519300403088074
06,94,582,20,0.03129284828901291,1.946505431440869
06,95,582,20,0.0304628387093544,2.1800232288037167
06,96,582,20,0.031117798760533333,2.4408690305390444
06,97,582,20,0.0321318693459034,2.6789642686342825
06,98,582,20,0.03187215328216553,2.7265833162533304
06,99,582,20,0.033056605607271194,2.774202363872378
06,100,582,20,0.03248748183250427,2.8218214114914253
06,101,582,20,0.03201644495129585,2.869440459110473
06,102,582,20,0.03424704819917679,2.869440459110473
06,103,582,20,0.03253430128097534,2.869440459110473
06,104,582,21,0.03223259001970291,2.0388057662089225
06,105,582,21,0.03197416290640831,2.018514722962355
06,106,582,21,0.031131835654377937,2.0255516840882692
06,107,582,21,0.030959418043494225,2.0599166495866634
06,108,582,21,0.031308483332395554,2.1075356972057113
06,109,582,21,0.03159131109714508,2.1551547448247588
06,110,582,21,0.031991247087717056,2.2027737924438062
06,111,582,21,0.03126009926199913,2.250392840062854
06,112,582,21,0.032030463218688965,2.2980118876819016
06,113,582,21,0.03086814284324646,2.3456309353009495
06,114,582,21,0.03086966648697853,2.393249982919997
06,115,582,21,0.02987351268529892,2.4408690305390444
06,116,582,28,0.030830789357423782,4.178178588508574
06,117,582,28,0.030795032158493996,3.8245542119286737
06,118,582,28,0.03049962967634201,3.4982578397212545
06,119,582,28,0.03136132284998894,3.1992894718863156
06,120,582,28,0.03223995864391327,2.927649108423858
06,121,582,28,0.03141940012574196,2.683336749333881
06,122,582,28,0.031374335289001465,2.466352394616384
06,123,582,28,0.030887816101312637,2.2766960442713673
06,124,582,28,0.029840996488928795,2.1143676982988318
06,125,582,28,0.03087819740176201,2.0269864043178245
06,126,582,33,0.029411453753709793,5.225797636127623
06,127,582,33,0.030466489493846893,4.681697069071531
06,128,582,33,0.030840061604976654,4.164924506387921
06,129,582,33,0.03006800077855587,3.675479948076791
06,130,582,33,0.030275503173470497,3.213363394138143
06,131,582,33,0.030002005398273468,2.7785748445719753
06,132,582,33,0.030887579545378685,2.371114299378288
06,133,582,33,0.030453428626060486,1.9909817585570808
06,134,582,33,0.03041568584740162,1.6538908246225308
06,135,582,33,0.03102537989616394,1.3714558994329424
06,136,582,33,0.03062460757791996,1.1436769829883158
06,137,582,33,0.030265243723988533,1.2061897929903656
06,138,582,33,0.03065691515803337,1.2960306073648953
06,139,582,33,0.02987832762300968,1.4131994261119065
06,140,582,33,0.030753735452890396,1.5576962492313982
06,141,582,33,0.03136171028017998,1.7295210767233713
06,142,582,33,0.03170079365372658,1.9286739085878246
06,143,582,33,0.031103752553462982,2.1551547448247583
06,144,582,33,0.0305206049233675,2.393249982919996
06,145,582,33,0.030642548575997353,2.631345221015234
06,146,582,33,0.030819470062851906,2.8694404591104723
06,147,582,33,0.030159255489706993,2.8694404591104723
06,148,582,33,0.02984309010207653,2.8694404591104723
06,149,582,33,0.030487632378935814,2.8694404591104723
06,150,582,33,0.030638495460152626,2.8694404591104723
06,151,582,33,0.030751051381230354,2.8694404591104723
06,152,582,33,0.031118858605623245,2.8694404591104723
06,153,582,33,0.030785636976361275,2.8694404591104723
06,154,582,33,0.030252298340201378,2.8694404591104723
06,155,582,33,0.03066503256559372,2.8694404591104723
06,156,582,33,0.031040271744132042,2.8694404591104723
06,157,582,33,0.032256919890642166,2.8694404591104723
06,158,582,33,0.03288261964917183,2.8694404591104723
06,159,582,33,0.032950762659311295,2.8694404591104723
06,160,582,33,0.03536859154701233,2.8694404591104723
06,161,582,33,0.037632301449775696,2.8694404591104723
06,162,582,33,0.04107987880706787,2.8694404591104723
06,163,582,33,0.04099007323384285,2.8694404591104723
06,164,582,28,0.04268624633550644,7.631345221015233
06,165,582,28,0.04320184513926506,7.393249982919995
06,166,582,28,0.04450398311018944,7.155154744824758
06,167,582,28,0.045603200793266296,6.91705950672952
06,168,582,28,0.04398031160235405,6.678964268634282
06,169,582,28,0.04366709664463997,6.4408690305390435
06,170,582,28,0.042265914380550385,6.202773792443805
06,171,582,28,0.04251212999224663,5.964678554348568
06,172,582,28,0.04105842486023903,5.72658331625333
06,173,582,28,0.04164588451385498,5.488488078158092
06,174,582,28,0.04132634773850441,5.250392840062854
06,175,582,28,0.04111843556165695,5.0122976019676155
06,176,582,28,0.04075669124722481,4.774202363872378
06,177,582,28,0.04176449030637741,4.53610712577714
06,178,582,63,0.04058624058961868,29.03532144565143
06,179,582,63,0.04346490651369095,27.63407802145248
06,180,582,63,0.04227032512426376,26.260162601626007
06,181,582,63,0.04535376653075218,24.91357518617202
06,182,582,63,0.0451839417219162,23.594315775090525
06,183,582,63,0.04301401972770691,22.3023843683815
06,184,582,62,0.04607267305254936,20.656828585092573
06,185,582,62,0.04473435878753662,19.229076996652317
06,186,582,62,0.04645815119147301,17.828653412584544
06,187,582,63,0.046353887766599655,16.67254218760675
06,188,582,63,0.046244606375694275,15.211245473799279
06,189,582,63,0.046015605330467224,13.804604768736763
06,190,582,63,0.04562579095363617,12.452620072419212
06,191,582,63,0.04635519161820412,11.141217462594792
06,192,582,63,0.04530930146574974,9.857142857142856
06,193,582,63,0.0463215708732605,8.6003962560634
06,194,582,63,0.04678646847605705,7.370977659356425
06,195,582,64,0.04614562913775444,5.623966659834667
06,196,582,64,0.044999271631240845,4.333674933387989
06,197,582,64,0.0441654734313488,3.098039215686274
06,198,582,64,0.04412444308400154,1.9170595067295213
06,199,582,64,0.04327557608485222,1.964678554348569
06,200,582,64,0.03994517773389816,2.0122976019676164
06,201,582,66,0.0407724492251873,0.9378287900526068
06,202,582,66,0.04102374613285065,0.8231194916991178
06,203,582,66,0.04141005873680115,0.763066202090592
06,204,582,66,0.042466241866350174,0.7576689212270279
06,205,582,66,0.042141206562519073,0.8545466967274719
06,206,582,66,0.0420273020863533,0.9911867185898755
06,207,582,66,0.04153823480010033,1.1551547448247594
06,208,582,67,0.04245873913168907,0.5866639338662297
06,209,582,67,0.04227011278271675,0.6421397827423652
06,210,582,67,0.04203921929001808,0.7522716403634624
06,211,582,67,0.04259708151221275,0.9170595067295214
06,212,582,67,0.04326588287949562,1.1075356972057118
06,213,582,67,0.03921448811888695,1.2980118876819025
06,214,582,67,0.03590194135904312,1.488488078158093
06,215,582,67,0.03481628745794296,1.6789642686342834
06,216,582,67,0.036587100476026535,1.8218214114914262
06,217,582,67,0.034797728061676025,1.964678554348569
06,218,582,67,0.0351799875497818,2.1075356972057118
06,219,582,67,0.03517436236143112,2.2503928400628546
06,220,582,67,0.03920407220721245,2.393249982919998
06,221,582,67,0.039745040237903595,2.5361071257771406
06,222,582,70,0.04034345597028732,1.080685932909749
06,223,582,70,0.04040344059467316,1.012775842044134
06,224,582,70,0.041844725608825684,0.9721937555510005
06,225,582,71,0.043463319540023804,0.9540206326433011
06,226,582,71,0.04172050952911377,0.8525654164104653
06,227,582,73,0.041685499250888824,2.0829404932704794
06,228,582,73,0.04157968610525131,1.776935164309626
06,229,582,73,0.04125586897134781,1.5458768873403022
06,230,582,73,0.042073193937540054,1.3421466147434584
06,231,582,73,0.04102340340614319,1.1657443465190949
06,232,582,73,0.041672926396131516,1.017489922798388
06,233,582,126,0.04207738861441612,50.79722620755619
06,234,582,126,0.040938038378953934,48.01503040240486
06,235,582,126,0.039592236280441284,45.26016260162602
06,236,582,126,0.041487157344818115,42.53262280521965
06,237,582,126,0.04091302305459976,39.83241101318576
06,238,582,126,0.04154043644666672,37.15952722552436
06,239,582,126,0.04173679277300835,34.51397144223544
06,240,582,126,0.04086148738861084,31.89574366331899
06,241,582,126,0.041892386972904205,29.30484388877502
06,242,582,126,0.04114784300327301,26.74127211860354
06,243,582,126,0.042039915919303894,24.34788549566168
06,244,582,126,0.041721589863300323,21.9818268770923
06,245,582,126,0.04170478507876396,19.6430962628954
06,246,582,126,0.04317032918334007,17.379312700690033
06,247,582,126,0.04189100116491318,15.142857142857142
06,248,582,126,0.040444184094667435,13.02896768463483
06,249,582,126,0.04113949090242386,10.942406230784997
06,250,582,126,0.039494067430496216,8.883172781307644
06,251,582,126,0.04030291736125946,6.851267336202772
06,252,582,126,0.039089880883693695,4.846689895470384
06,253,582,126,0.03952473774552345,2.869440459110473
06,254,582,126,0.03976692631840706,2.869440459110473
06,255,582,126,0.04003887623548508,2.869440459110473
06,256,582,126,0.03930376097559929,2.869440459110473
06,257,582,126,0.03762461617588997,2.869440459110473
06,258,582,126,0.039726775139570236,2.869440459110473
06,259,582,126,0.03949291259050369,2.869440459110473
06,260,582,126,0.04059755057096481,2.869440459110473
06,261,582,126,0.03944365307688713,2.869440459110473
06,262,582,126,0.03931019827723503,2.869440459110473
06,263,582,126,0.038441650569438934,2.869440459110473
06,264,582,126,0.0406712144613266,2.869440459110473
06,265,582,126,0.04051313176751137,2.869440459110473
06,266,582,126,0.040047697722911835,2.869440459110473
06,267,582,126,0.03944798558950424,2.869440459110473
06,268,582,126,0.04094938933849335,2.869440459110473
06,269,582,126,0.04050697013735771,2.869440459110473
06,270,582,126,0.04233540967106819,2.869440459110473
06,271,582,126,0.04181970655918121,2.869440459110473
06,272,582,126,0.04020516574382782,2.869440459110473
06,273,582,126,0.04096909612417221,2.869440459110473
06,274,582,126,0.04226026311516762,2.869440459110473
06,275,582,126,0.04290836676955223,2.869440459110473
06,276,582,126,0.042149804532527924,2.869440459110473
06,277,582,126,0.04274972155690193,2.869440459110473
06,278,582,126,0.04089969024062157,2.869440459110473
06,279,582,126,0.0412333682179451,2.869440459110473
06,280,582,126,0.04105755686759949,2.869440459110473
06,281,582,126,0.04168100282549858,2.869440459110473
06,282,582,126,0.041165050119161606,2.869440459110473
06,283,582,126,0.04106779396533966,2.869440459110473
06,284,582,126,0.0420239232480526,2.869440459110473
06,285,582,126,0.04094305634498596,2.869440459110473
06,286,582,126,0.04081190377473831,2.869440459110473
06,287,582,126,0.041596490889787674,2.869440459110473
06,288,582,126,0.041462499648332596,2.869440459110473
06,289,582,126,0.04205178841948509,2.869440459110473
06,290,582,126,0.04189170524477959,2.869440459110473
06,291,582,126,0.04145783185958862,2.869440459110473
06,292,582,126,0.04183537885546684,2.869440459110473
06,293,582,126,0.04164049029350281,2.869440459110473
06,294,582,126,0.04103628173470497,2.869440459110473
06,295,582,126,0.041329678148031235,2.869440459110473
06,296,582,126,0.04228769242763519,2.869440459110473
06,297,582,126,0.04229859635233879,2.869440459110473
06,298,582,126,0.041518233716487885,2.869440459110473
06,299,582,126,0.040865980088710785,2.869440459110473
06,300,582,126,0.04052412509918213,2.869440459110473
06,301,582,126,0.04198489338159561,2.869440459110473
06,302,582,126,0.04054534435272217,2.869440459110473
06,303,582,126,0.040958862751722336,2.869440459110473
06,304,582,126,0.040029603987932205,2.869440459110473
06,305,582,126,0.03965431824326515,2.869440459110473
06,306,582,126,0.04105103015899658,2.869440459110473
06,307,582,126,0.041863806545734406,2.869440459110473
06,308,582,126,0.040964141488075256,2.869440459110473
06,309,582,126,0.04132015258073807,2.869440459110473
06,310,582,126,0.040799837559461594,2.869440459110473
06,311,582,126,0.039821673184633255,2.869440459110473
06,312,582,126,0.0401703342795372,2.869440459110473
06,313,582,126,0.040207576006650925,2.869440459110473
06,314,582,126,0.04005017876625061,2.869440459110473
06,315,582,126,0.03910653293132782,2.869440459110473
06,316,582,126,0.04069601744413376,2.869440459110473
06,317,582,126,0.040877457708120346,2.869440459110473
06,318,582,126,0.041947487741708755,2.869440459110473
06,319,582,126,0.04302673041820526,2.869440459110473
06,320,582,126,0.04355974495410919,2.869440459110473
06,321,582,126,0.04200739786028862,2.869440459110473
06,322,582,126,0.04402719438076019,2.869440459110473
06,323,582,126,0.04334424063563347,2.869440459110473
06,324,582,126,0.04281251132488251,2.869440459110473
06,325,582,122,0.043694496154785156,6.678964268634282
06,326,582,122,0.04316727817058563,6.488488078158091
06,327,582,122,0.0436263307929039,6.2980118876819
06,328,582,122,0.043217260390520096,6.107535697205711
06,329,582,122,0.04282955452799797,5.917059506729521
06,330,582,122,0.0445944182574749,5.72658331625333
06,331,582,122,0.04504624009132385,5.53610712577714
06,332,582,127,0.04476158320903778,3.1518753843000615
06,333,582,127,0.04642569646239281,3.0081984013117435
06,334,582,127,0.04555870220065117,2.864521418323427
06,335,582,127,0.04813453555107117,2.720844435335109
06,336,582,127,0.047669705003499985,2.5771674523467913
06,337,582,126,0.04651394113898277,2.7192047550727603
06,338,582,126,0.04705313965678215,2.527908724465395
06,339,582,127,0.04653921723365784,2.1593905855024937
06,340,582,127,0.04851216450333595,1.9610575937692152
06,341,582,127,0.04879096895456314,1.776798524287764
06,342,582,127,0.0416266992688179,1.619867459178794
06,343,582,14,0.04071256145834923,81.84484525517524
06,344,582,14,0.04018176347017288,77.68169706907153
06,345,582,7,0.039090074598789215,68.21254355400696
06,346,582,5,0.035901039838790894,62.913575186172025
06,347,582,5,0.035112686455249786,59.07050625128099
06,348,582,5,0.034569934010505676,55.254765320762445
06,349,582,5,0.03502800315618515,51.46635239461638
06,350,582,5,0.03494642302393913,47.7052674728428
06,351,582,5,0.03502190485596657,43.97151055544169
06,352,582,10,0.03446054458618164,43.118945139031226
06,353,582,5,0.03535556048154831,37.062171209947394
06,354,582,10,0.03425801172852516,35.616246498599445
06,355,582,10,0.035990551114082336,31.773177563708405
06,356,582,10,0.03375035151839256,27.97233039557286
06,357,582,10,0.0343543142080307,24.211245473799277
06,358,582,10,0.03359776362776756,20.429869508779127
06,359,582,10,0.03538365289568901,16.67582154813145
06,360,582,7,0.03405042365193367,13.7403156384505
06,361,582,7,0.03453165665268898,10.422695907631343
06,362,582,7,0.03400257229804993,7.132404181184667
06,363,582,7,0.03258952498435974,3.869440459110473
06,364,582,7,0.03323139250278473,3.5361071257771397
06,365,582,7,0.03384363278746605,3.2027737924438062
06,366,582,7,0.032907016575336456,3.2027737924438062
06,367,582,7,0.03343029320240021,3.2980118876819016
06,368,582,7,0.03649184852838516,3.393249982919997
06,369,582,7,0.035835426300764084,3.4884880781580923
06,370,582,7,0.037531524896621704,3.5837261733961867
06,371,582,7,0.03739627078175545,3.6789642686342825
06,372,582,7,0.038178473711013794,3.7742023638723774
06,373,582,7,0.03748827055096626,3.631345221015234
06,374,582,7,0.0391690693795681,3.7265833162533295
06,375,582,7,0.03868437930941582,3.5837261733961867
06,376,582,7,0.03897996246814728,3.440869030539044
06,377,582,7,0.0377117358148098,3.298011887681901
06,378,582,7,0.03819642215967178,3.1551547448247588
06,379,582,7,0.0380210280418396,3.012297601967616
06,380,582,7,0.03716491907835007,2.869440459110473
06,381,582,7,0.03777135908603668,2.869440459110473
06,382,582,7,0.03675327077507973,2.869440459110473
06,383,582,7,0.03761264309287071,2.869440459110473
06,384,582,7,0.036896903067827225,2.869440459110473
06,385,582,7,0.03794309124350548,2.869440459110473
06,386,582,7,0.03757335618138313,2.869440459110473
06,387,582,7,0.037286434322595596,2.869440459110473
06,388,582,7,0.03734767436981201,2.869440459110473
06,389,582,7,0.03686279058456421,2.869440459110473
06,390,582,7,0.03650946170091629,2.869440459110473
06,391,582,7,0.03860181197524071,2.869440459110473
06,392,582,7,0.037993256002664566,2.869440459110473
06,393,582,10,0.037428561598062515,1.366400218624034
06,394,582,10,0.0372619703412056,1.2508710801393714
06,395,582,10,0.03663766384124756,1.1626699460271903
06,396,582,10,0.03762628510594368,1.1017968162874894
06,397,582,10,0.03776462748646736,1.06825169092027
06,398,582,10,0.03695251792669296,1.062034569925531
06,399,582,14,0.03611684963107109,2.9400833504133366
06,400,582,14,0.03638911619782448,2.6340780214524835
06,401,582,14,0.03721362724900246,2.3554006968641117
06,402,582,14,0.03663031384348869,2.1040513766482203
06,403,582,14,0.035648226737976074,1.8800300608048106
06,404,582,15,0.03624491021037102,2.281273485003759
06,405,582,15,0.03674682229757309,1.9963790394206469
06,406,582,15,0.03645666316151619,1.7661406025824966
06,407,582,15,0.037709105759859085,1.590558174489308
06,408,582,15,0.03760223835706711,1.4555578328892531
06,409,582,15,0.03803861141204834,1.3478854956616797
06,410,582,15,0.036928772926330566,1.2675411628065862
06,411,582,15,0.03766327723860741,1.230238436838149
06,412,582,17,0.03671528026461601,1.2385734781717561
06,413,582,17,0.037792276591062546,0.9420646307303395
06,414,582,17,0.03733047470450401,0.8703969392635104
06,415,582,17,0.03742466866970062,0.86581949853112
06,416,582,17,0.03784121572971344,0.9158980665436913
06,417,582,17,0.036770038306713104,1.0206326433012232
06,418,582,19,0.036425042897462845,0.9052401448384227
06,419,582,19,0.036623746156692505,0.6041538566646157
06,420,582,19,0.03709140792489052,0.5051581608253051
06,421,582,19,0.036516424268484116,0.4881464781034351
06,422,582,19,0.038087762892246246,0.5374052059848328
06,423,582,19,0.03773549199104309,0.6413199426111909
06,424,582,19,0.037283722311258316,0.7998906879825094
06,425,582,19,0.03675885871052742,0.9646785543485683
06,426,582,19,0.03629513084888458,1.1551547448247588
06,427,582,19,0.03665972501039505,1.3456309353009492
06,428,582,21,0.037130799144506454,0.6228052196488358
06,429,582,21,0.03707287088036537,0.5581744893079181
06,430,582,21,0.03868213668465614,0.5755277720844425
06,431,582,21,0.03730194643139839,0.6748650679784102
06,432,582,21,0.03768223896622658,0.8545466967274711
06,433,582,21,0.03914918377995491,0.9911867185898748
06,434,582,21,0.038929637521505356,1.1551547448247588
06,435,582,21,0.038768090307712555,1.3456309353009492
06,436,582,21,0.039030276238918304,1.5361071257771397
06,437,582,21,0.038552869111299515,1.7265833162533302
06,438,582,21,0.03714122995734215,1.9170595067295206
06,439,582,21,0.03754626214504242,2.012297601967616
06,440,582,21,0.03778032585978508,2.1075356972057113
06,441,582,21,0.03764118254184723,2.2027737924438062
06,442,582,21,0.036523908376693726,2.2980118876819016
06,443,582,21,0.03730861842632294,2.393249982919997
06,444,582,28,0.03662286698818207,4.178178588508574
06,445,582,28,0.038264404982328415,3.7769351643096263
06,446,582,28,0.03691829368472099,3.403019744483159
06,447,582,28,0.03741057217121124,3.056432329029173
06,448,582,28,0.03599906712770462,2.737172917947668
06,449,582,28,0.03584028407931328,2.540479606476738
06,450,582,33,0.036970656365156174,6.5591309694609565
06,451,582,33,0.03616611659526825,6.015030402404865
06,452,582,33,0.03547324612736702,5.498257839721254
06,453,582,33,0.03633759543299675,5.0088132814101245
06,454,582,33,0.03594766557216644,4.546696727471477
06,455,582,33,0.03664132580161095,4.111908177905309
06,456,582,33,0.03641454130411148,3.7044476327116214
06,457,582,33,0.037692852318286896,3.3243150918904143
06,458,582,33,0.037534669041633606,2.9715105554416885
06,459,582,33,0.03770841285586357,2.6460340233654427
06,460,582,33,0.037748683243989944,2.347885495661679
06,461,582,33,0.03834817185997963,2.0770649723303953
06,462,582,33,0.03663212060928345,1.8492860558857673
06,463,582,33,0.03727991133928299,1.6761631481861026
06,464,582,33,0.03816428780555725,1.5576962492313982
06,465,582,33,0.03739571571350098,1.7295210767233713
06,466,582,33,0.03821183368563652,1.9286739085878246
06,467,582,33,0.03950035572052002,2.1551547448247583
06,468,582,33,0.037032969295978546,2.393249982919996
06,469,582,33,0.037327732890844345,2.631345221015234
06,470,582,33,0.035539716482162476,2.8694404591104723
06,471,582,33,0.03628174960613251,2.8694404591104723
06,472,582,33,0.0369674414396286,2.8694404591104723
06,473,582,33,0.0355641171336174,2.8694404591104723
06,474,582,33,0.03668177127838135,2.8694404591104723
06,475,582,33,0.03656964749097824,2.8694404591104723
06,476,582,33,0.03625671565532684,2.8694404591104723
06,477,582,33,0.03564860299229622,2.8694404591104723
06,478,582,33,0.03675375133752823,2.8694404591104723
06,479,582,33,0.03808562457561493,2.8694404591104723
06,480,582,33,0.036928027868270874,2.8694404591104723
06,481,582,33,0.037233613431453705,2.8694404591104723
06,482,582,33,0.03836054727435112,2.8694404591104723
06,483,582,33,0.0374925397336483,2.8694404591104723
06,484,582,33,0.04061343893408775,2.8694404591104723
06,485,582,42,0.0385974645614624,5.701988112318098
06,486,582,42,0.03816794604063034,5.300744688119149
06,487,582,42,0.03918423876166344,4.926829268292681
06,488,582,42,0.03961091861128807,4.580241852838695
06,489,582,42,0.0402006097137928,4.260982441757189
06,490,582,42,0.03926181048154831,3.9690510350481647
06,491,582,42,0.039282891899347305,3.70444763271162
06,492,582,42,0.0394413135945797,3.4671722347475558
06,493,582,42,0.03940391540527344,3.2572248411559728
06,494,582,42,0.03987380117177963,3.0746054519368715
06,495,582,42,0.03829512372612953,2.91931406709025
06,496,582,42,0.03954889625310898,2.7913506866161093
06,497,582,42,0.03994128480553627,2.690715310514449
06,498,582,44,0.04003867506980896,2.614948418391747
06,499,582,44,0.04133113846182823,2.310582769693243
06,500,582,44,0.04126165434718132,2.0608731297397003
06,501,582,44,0.040600553154945374,1.8658194985311194
06,502,582,48,0.038559578359127045,3.7496071599371454
06,503,582,48,0.03896098583936691,3.062649450023911
06,504,582,48,0.039127472788095474,2.4030197444831574
06,505,582,48,0.03819906711578369,1.770718043314885
06,506,582,48,0.038547832518815994,1.5943157750905228
06,507,582,48,0.039560239762067795,1.4452415112386408
06,508,582,48,0.039179977029561996,1.323495251759239
06,509,582,48,0.03823007270693779,1.2290769966523176
06,510,582,51,0.037380900233983994,3.035321445651431
06,511,582,51,0.03866708278656006,2.6340780214524826
06,512,582,51,0.037968896329402924,2.2601626016260146
06,513,582,51,0.0373288132250309,1.92846894855503
06,514,582,51,0.03762239217758179,1.651431304229007
06,515,582,51,0.03772835433483124,1.429049668647946
06,516,582,51,0.038816846907138824,1.2613240418118452
06,517,582,51,0.03702691197395325,1.1482544237207062
06,518,582,51,0.037505853921175,1.089840814374529
06,519,582,51,0.03741639479994774,1.181321309011409
06,520,582,51,0.037699270993471146,1.3274578123932492
06,521,582,51,0.037300556898117065,1.5133565621370493
06,522,582,51,0.03790285065770149,1.7265833162533308
06,523,582,51,0.039044298231601715,1.8694404591104739
06,524,582,51,0.03690730407834053,2.0122976019676164
06,525,582,51,0.03727243095636368,2.1551547448247597
06,526,582,51,0.038192443549633026,2.2980118876819025
06,527,582,51,0.03884465619921684,2.4408690305390452
06,528,582,51,0.037967633455991745,2.583726173396188
06,529,582,51,0.03824874386191368,2.726583316253331
06,530,582,184,0.038891274482011795,66.67896426863429
06,531,582,184,0.03820184990763664,63.48848807815809
06,532,582,54,0.038954805582761765,7.747352599576415
06,533,582,54,0.038133904337882996,7.631823461091753
06,534,582,54,0.038051169365644455,7.543622326979571
06,535,582,54,0.03941750526428223,7.48274919723987
06,536,582,54,0.03734569251537323,7.44920407187265
06,537,582,54,0.03780722990632057,7.442986950877911
06,538,582,54,0.03784400597214699,7.464097834255652
06,539,582,184,0.03742218762636185,61.2980118876819
06,540,582,184,0.038866668939590454,58.10753569720571
06,541,582,184,0.04050442948937416,54.91705950672952
06,542,582,184,0.04035302624106407,51.72658331625333
06,543,582,184,0.04001660272479057,48.53610712577714
06,544,582,184,0.042205046862363815,45.345630935300946
06,545,582,184,0.04260386526584625,42.155154744824756
06,546,582,184,0.045687925070524216,38.964678554348566
06,547,582,184,0.043499257415533066,35.77420236387238
06,548,582,186,0.0455264151096344,31.247933319669333
06,549,582,186,0.0464974083006382,27.989547038327526
06,550,582,186,0.04811616614460945,24.758488761358194
06,551,582,186,0.048874255269765854,24.74523467923754
06,552,582,186,0.056116387248039246,24.75930860148937
06,553,582,186,0.05722403898835182,21.467377194780347
06,554,582,186,0.05612458288669586,18.202773792443807
06,555,582,186,0.058531101793050766,14.964678554348568
06,556,582,186,0.062208421528339386,11.72658331625333
06,557,582,186,0.06180138140916824,8.488488078158092
06,558,582,188,0.06302101165056229,4.073648971783836
06,559,582,188,0.06113624572753906,0.6872993099678898
06,560,582,188,0.06011112779378891,0.6889389902302371
06,561,582,188,0.06271328777074814,0.7452346792375476
06,562,582,188,0.06445571035146713,0.8545466967274711
06,563,582,188,0.06380122900009155,0.9911867185898748
06,564,582,189,0.0638870894908905,0.5498394479743124
06,565,582,189,0.06535796821117401,0.6139919382387093
06,566,582,189,0.06519686430692673,0.7444148391063712
06,567,582,189,0.06366565823554993,0.9294937487189989
06,568,582,189,0.0631060004234314,1.1551547448247588
06,569,582,189,0.0645972341299057,1.2980118876819016
06,570,582,189,0.06384953111410141,1.4408690305390446
06,571,582,189,0.06427556276321411,1.5837261733961874
06,572,582,189,0.06417545676231384,1.7265833162533302
06,573,582,189,0.06353775411844254,1.8694404591104732
06,574,582,189,0.06564697623252869,2.012297601967616
06,575,582,189,0.06502412259578705,2.1551547448247588
06,576,582,191,0.06591439992189407,0.9622190339550446
06,577,582,191,0.0657375231385231,1.0371660859465723
06,578,582,191,0.06735418736934662,1.1394411423105804
06,579,582,191,0.06638547033071518,1.173806107808976
06,580,582,191,0.06589009612798691,1.235499077679852
06,581,582,191,0.06641744077205658,1.324520051923208
07,35,686,5,0.03373894840478897,3.631345221015235
07,36,686,5,0.03422190248966217,3.5361071257771397
07,37,686,5,0.034730542451143265,3.4408690305390444
07,38,686,5,0.03319784626364708,3.3456309353009495
07,39,686,5,0.03471739962697029,3.250392840062854
07,40,686,7,0.03389010578393936,1.819361891097903
07,41,686,7,0.034146908670663834,1.6562137049941927
07,42,686,7,0.03350892663002014,1.5203935232629642
07,43,686,7,0.03328068554401398,1.4119013459042156
07,44,686,7,0.03316149488091469,1.4259752681560425
07,45,686,7,0.03355995938181877,1.4673771947803511
07,46,686,7,0.03257656842470169,1.5361071257771397
07,47,686,7,0.03286416456103325,1.631345221015235
07,48,686,7,0.033330533653497696,1.7265833162533302
07,49,686,7,0.03194895386695862,1.8218214114914255
07,50,686,7,0.03231009095907211,1.9170595067295206
07,51,686,7,0.03233925998210907,2.012297601967616
07,52,686,7,0.03339226543903351,2.1075356972057113
07,53,686,7,0.03215155377984047,2.2027737924438062
07,54,686,10,0.031942058354616165,0.9117988658878182
07,55,686,10,0.03308996558189392,0.8252374120379845
07,56,686,10,0.031005913391709328,0.7933319669331139
07,57,686,12,0.03201252594590187,1.7496071599371459
07,58,686,12,0.031830523163080215,1.4593154334904699
07,59,686,12,0.03160440921783447,1.2236797157887556
07,60,686,14,0.03237951546907425,2.6543690646990505
07,61,686,14,0.03264046460390091,2.3483637357381975
07,62,686,14,0.03288678824901581,2.069686411149826
07,63,686,14,0.03225911408662796,1.8183370909339347
07,64,686,14,0.03233404457569122,1.5951356152216984
07,65,686,14,0.032838575541973114,1.426590148254424
07,66,686,15,0.03273266926407814,1.7309557969529286
07,67,686,15,0.03298541530966759,1.4733893557422968
07,68,686,15,0.03212466463446617,1.28537268565963
07,69,686,15,0.031849417835474014,1.1793400286944038
07,70,686,15,0.03126295283436775,1.1412174625947942
07,71,686,15,0.0317152664065361,1.1428571428571428
07,72,686,15,0.032236866652965546,1.1875384300061487
07,73,686,15,0.031497303396463394,1.2868757259001165
07,74,686,15,0.03072439879179001,1.4408690305390446
07,75,686,15,0.03119884990155697,1.6789642686342827
07,76,686,15,0.03229479119181633,1.9170595067295206
07,77,686,15,0.03188541531562805,2.1551547448247588
07,78,686,15,0.031663164496421814,2.2980118876819016
07,79,686,15,0.03214959055185318,2.4408690305390444
07,80,686,15,0.03149865195155144,2.5837261733961876
07,81,686,19,0.032074738293886185,1.3379107740657237
07,82,686,19,0.03205154091119766,1.1834392293502762
07,83,686,19,0.03191513568162918,1.0836236933797907
07,84,686,19,0.032623667269945145,1.0227505636400898
07,85,686,19,0.03215719759464264,0.9892054382728704
07,86,686,19,0.03162503242492676,0.9829883172781313
07,87,686,20,0.032056454569101334,1.0029377604700418
07,88,686,20,0.031923893839120865,0.8882284621165527
07,89,686,20,0.03203854709863663,0.8281751725080269
07,90,686,20,0.032989248633384705,0.8227778916444615
07,91,686,20,0.03182798996567726,0.8579626972740308
07,92,686,20,0.03254275768995285,0.9204755072760804
07,93,686,20,0.032576315104961395,1.0103163216506101
07,94,686,20,0.03142329677939415,1.1274851403976216
07,95,686,20,0.03157470002770424,1.271981963517113
07,96,686,20,0.030886685475707054,1.4438067910090862
07,97,686,20,0.03046102076768875,1.6429596228735395
07,98,686,20,0.03119482286274433,1.8694404591104732
07,99,686,20,0.03216179087758064,2.1075356972057113
07,100,686,19,0.03239879012107849,3.2980118876819016
07,101,686,19,0.03311271220445633,3.4884880781580923
07,102,686,19,0.03323676437139511,3.4884880781580923
07,103,686,19,0.03311847150325775,3.4884880781580923
07,104,686,19,0.03273887187242508,3.4884880781580923
07,105,686,21,0.032124295830726624,2.1261870601899284
07,106,686,21,0.031653884798288345,2.08478513356562
07,107,686,21,0.031962618231773376,2.044203047072487
07,108,686,21,0.031377580016851425,1.9833299173327856
07,109,686,21,0.03191510587930679,1.9497847919655664
07,110,686,21,0.031525541096925735,1.9435676709708272
07,111,686,21,0.03257650136947632,1.9646785543485683
07,112,686,28,0.031107835471630096,4.6543690646990505
07,113,686,28,0.03152194619178772,4.30074468811915
07,114,686,28,0.030914494767785072,3.9744483159117308
07,115,686,28,0.031078215688467026,3.675479948076792
07,116,686,28,0.030659740790724754,3.4038395846143343
07,117,686,28,0.03200970217585564,3.159527225524357
07,118,686,28,0.031239667907357216,2.94254287080686
07,119,686,28,0.030927352607250214,2.7528865204618436
07,120,686,28,0.031852226704359055,2.590558174489308
07,121,686,33,0.03238162770867348,5.940083350413337
07,122,686,33,0.03199102729558945,5.300744688119151
07,123,686,33,0.03144770860671997,4.688734030197445
07,124,686,33,0.03165062516927719,4.104051376648219
07,125,686,33,0.03113909810781479,3.5466967274714767
07,126,686,33,0.03137151151895523,3.111908177905309
07,127,686,33,0.03137889504432678,2.7044476327116214
07,128,686,33,0.03155135735869408,2.3243150918904143
07,129,686,33,0.03108895942568779,1.9715105554416883
07,130,686,33,0.032991327345371246,1.6617476258796184
07,131,686,33,0.03156643360853195,1.4066407050625118
07,132,686,33,0.031224878504872322,1.2061897929903656
07,133,686,33,0.031622424721717834,1.2960306073648953
07,134,686,33,0.03183425962924957,1.4131994261119065
07,135,686,33,0.03161190077662468,1.5576962492313982
07,136,686,33,0.033944081515073776,1.7295210767233713
07,137,686,33,0.03150421753525734,1.9286739085878246
07,138,686,33,0.03123447671532631,2.1551547448247583
07,139,686,33,0.030167976394295692,2.393249982919996
07,140,686,33,0.0327116958796978,2.631345221015234
07,141,686,33,0.032794609665870667,2.8694404591104723
07,142,686,33,0.031738992780447006,2.8694404591104723
07,143,686,33,0.03144055977463722,2.8694404591104723
07,144,686,33,0.03277285769581795,2.8694404591104723
07,145,686,33,0.03112403303384781,2.8694404591104723
07,146,686,33,0.03068675845861435,2.8694404591104723
07,147,686,33,0.030437985435128212,2.8694404591104723
07,148,686,33,0.031404346227645874,2.8694404591104723
07,149,686,33,0.03139811009168625,2.8694404591104723
07,150,686,33,0.03175034373998642,2.8694404591104723
07,151,686,33,0.031874921172857285,2.8694404591104723
07,152,686,42,0.03219852223992348,5.701988112318098
07,153,686,44,0.03251919522881508,7.178178588508573
07,154,686,44,0.03394272178411484,6.68169706907153
07,155,686,44,0.03428322449326515,6.212543554006966
07,156,686,44,0.03273683041334152,5.770718043314885
07,157,686,48,0.033232253044843674,8.892464302794288
07,158,686,48,0.03409956768155098,8.205506592881054
07,159,686,48,0.033149417489767075,7.5458768873403
07,160,686,48,0.03198397159576416,6.913575186172029
07,161,686,48,0.0331428088247776,6.308601489376238
07,162,686,48,0.03288767859339714,5.730955796952927
07,163,686,48,0.03386806696653366,5.180638108902096
07,164,686,48,0.03447984158992767,4.657648425223746
07,165,686,48,0.034397248178720474,4.161986745917877
07,166,686,48,0.034945450723171234,3.6936530709844906
07,167,686,48,0.03412565961480141,3.2542870806859323
07,168,686,48,0.033350870013237,2.869577099132336
07,169,686,48,0.03436356037855148,2.5395231263237
07,170,686,48,0.035603635013103485,2.264125162260026
07,171,686,48,0.03658357262611389,2.0417435266789634
07,172,686,48,0.03660327568650246,1.8466898954703825
07,173,686,48,0.033991552889347076,2.1075356972057118
07,174,686,48,0.034388285130262375,2.2980118876819025
07,175,686,48,0.03461753576993942,2.4884880781580927
07,176,686,51,0.033771492540836334,1.2960306073648966
07,177,686,51,0.03426025062799454,1.2508710801393728
07,178,686,51,0.034411873668432236,1.1626699460271903
07,179,686,51,0.03531745448708534,1.1017968162874894
07,180,686,51,0.035337183624506,1.06825169092027
07,181,686,51,0.034139495342969894,1.062034569925531
07,182,686,51,0.03521506115794182,1.083145453303272
07,183,686,51,0.033170558512210846,1.1315843410534934
07,184,686,51,0.035080574452877045,1.2073512331761962
07,185,686,51,0.035547785460948944,1.3104461296713805
07,186,686,51,0.035706788301467896,1.4408690305390452
07,187,686,51,0.03511550650000572,1.583726173396188
07,188,686,51,0.035655677318573,1.7265833162533308
07,189,686,51,0.0358390212059021,1.8694404591104739
07,190,686,51,0.0356520377099514,2.0122976019676164
07,191,686,51,0.0351499505341053,2.1551547448247597
07,192,686,51,0.03543763607740402,2.2980118876819025
07,193,686,51,0.034899741411209106,2.4408690305390452
07,194,686,52,0.034405190497636795,1.7530914804946387
07,195,686,52,0.0343562513589859,1.8756575801052142
07,196,686,52,0.03401569649577141,2.0255516840882697
07,197,686,52,0.035668160766363144,2.0599166495866643
07,198,686,52,0.0351378433406353,2.1075356972057118
07,199,686,52,0.03476830571889877,2.1551547448247597
07,200,686,52,0.03390800952911377,2.202773792443807
07,201,686,52,0.03298196196556091,2.2503928400628546
07,202,686,52,0.03424721211194992,2.2980118876819025
07,203,686,52,0.03152250498533249,2.34563093530095
07,204,686,52,0.03199928626418114,2.393249982919998
07,205,686,52,0.031394168734550476,2.4408690305390452
07,206,686,52,0.03411633148789406,2.4884880781580927
07,207,686,52,0.03633798658847809,2.5361071257771406
07,208,686,55,0.03953278064727783,1.0806859329097496
07,209,686,55,0.03904725983738899,1.0127758420441346
07,210,686,60,0.04331113398075104,4.65436906469905
07,211,686,60,0.041933491826057434,4.253125640500102
07,212,686,60,0.04324262961745262,3.8792102206736336
07,213,686,60,0.04493372142314911,3.532622805219647
07,214,686,60,0.04401831701397896,3.213363394138142
07,215,686,60,0.04315020143985748,2.9690510350481647
07,216,686,60,0.04219219833612442,2.7520666803306675
07,217,686,60,0.04261723905801773,2.5624103299856507
07,218,686,60,0.04262755438685417,2.4000819840131156
07,219,686,60,0.04329901188611984,2.2650816424130618
07,220,686,60,0.04365694150328636,2.1574093051854883
07,221,686,60,0.04290948063135147,2.0770649723303953
07,222,686,62,0.04228479415178299,2.21206531393045
07,223,686,62,0.04235296696424484,1.9279907084785133
07,224,686,62,0.03901202976703644,1.6985721117715367
07,225,686,63,0.037500545382499695,1.668784587005534
07,226,686,63,0.03747033327817917,1.3379107740657243
07,227,686,63,0.03753715753555298,1.0890209742433554
07,228,686,63,0.03664505481719971,0.9221151875384285
07,229,686,63,0.03687676042318344,0.9659766345562593
07,230,686,63,0.037483099848032,1.0644940903190534
07,231,686,63,0.037665121257305145,1.1675889868142377
07,232,686,63,0.037210188806056976,1.2980118876819025
07,233,686,63,0.0377269983291626,1.4408690305390452
07,234,686,63,0.03808356076478958,1.583726173396188
07,235,686,63,0.037675969302654266,1.7265833162533308
07,236,686,63,0.03874525800347328,1.8694404591104739
07,237,686,63,0.03946784883737564,2.0122976019676164
07,238,686,63,0.037260785698890686,2.1551547448247597
07,239,686,63,0.03751225024461746,2.2980118876819025
07,240,686,63,0.03907112404704094,2.4408690305390452
07,241,686,63,0.03902176767587662,2.583726173396188
07,242,686,63,0.040140751749277115,2.726583316253331
07,243,686,63,0.0392754040658474,2.7742023638723787
07,244,686,63,0.03986481577157974,2.821821411491426
07,245,686,63,0.03938212990760803,2.8694404591104736
07,246,686,63,0.04031224176287651,2.8694404591104736
07,247,686,63,0.03910091891884804,2.8694404591104736
07,248,686,63,0.03985410928726196,2.8694404591104736
07,249,686,64,0.03972255438566208,2.0388057662089247
07,250,686,64,0.03976506367325783,2.0185147229623572
07,251,686,64,0.04000989720225334,2.0255516840882697
07,252,686,64,0.041138097643852234,2.0599166495866643
07,253,686,64,0.03993787243962288,2.1075356972057118
07,254,686,64,0.03945770859718323,2.1551547448247597
07,255,686,64,0.03948989510536194,2.202773792443807
07,256,686,64,0.039334993809461594,2.2503928400628546
07,257,686,64,0.039434585720300674,2.2980118876819025
07,258,686,64,0.03882119059562683,2.34563093530095
07,259,686,64,0.03669067099690437,2.393249982919998
07,260,686,64,0.03782353177666664,2.4408690305390452
07,261,686,64,0.03821777552366257,2.4884880781580927
07,262,686,64,0.03726183995604515,2.5361071257771406
07,263,686,64,0.03767216578125954,2.583726173396188
07,264,686,64,0.03856014832854271,2.6313452210152355
07,265,686,64,0.03867703676223755,2.6789642686342834
07,266,686,64,0.03978516161441803,2.726583316253331
07,267,686,64,0.04049808159470558,2.7742023638723787
07,268,686,64,0.04003651812672615,2.821821411491426
07,269,686,64,0.03927288576960564,2.8694404591104736
07,270,686,64,0.0391339510679245,2.8694404591104736
07,271,686,64,0.03879721835255623,2.8694404591104736
07,272,686,64,0.04045647010207176,2.8694404591104736
07,273,686,64,0.039318643510341644,2.8694404591104736
07,274,686,64,0.03938353434205055,2.8694404591104736
07,275,686,64,0.03974595665931702,2.8694404591104736
07,276,686,64,0.03929329663515091,2.8694404591104736
07,277,686,64,0.03956038877367973,2.8694404591104736
07,278,686,64,0.03887547552585602,2.8694404591104736
07,279,686,64,0.039048973470926285,2.8694404591104736
07,280,686,64,0.04056131839752197,2.8694404591104736
07,281,686,64,0.03982669860124588,2.8694404591104736
07,282,686,64,0.03998982906341553,2.8694404591104736
07,283,686,64,0.039365481585264206,2.8694404591104736
07,284,686,64,0.03913166746497154,2.8694404591104736
07,285,686,64,0.03965793922543526,2.8694404591104736
07,286,686,64,0.03874645009636879,2.8694404591104736
07,287,686,66,0.039148349314928055,1.533647605383618
07,288,686,66,0.03944804519414902,1.465737514518003
07,289,686,66,0.040477439761161804,1.4251554280248695
07,290,686,66,0.04109743610024452,1.4119013459042162
07,291,686,66,0.04207627475261688,1.4259752681560431
07,292,686,66,0.0431477427482605,1.4673771947803518
07,293,686,66,0.043049849569797516,1.5361071257771404
07,294,686,66,0.042551010847091675,1.6313452210152357
07,295,686,66,0.043196093291044235,1.7265833162533308
07,296,686,64,0.04339919239282608,3.726583316253331
07,297,686,64,0.04382262006402016,3.726583316253331
07,298,686,64,0.0448959618806839,3.726583316253331
07,299,686,64,0.04477376490831375,3.726583316253331
07,300,686,64,0.04443931207060814,3.726583316253331
07,301,686,64,0.04469270631670952,3.726583316253331
07,302,686,64,0.04580017551779747,3.726583316253331
07,303,686,64,0.045585013926029205,3.726583316253331
07,304,686,64,0.046083539724349976,3.726583316253331
07,305,686,66,0.045596905052661896,2.3907904625264753
07,306,686,66,0.04579165577888489,2.3228803716608604
07,307,686,67,0.045667942613363266,2.033066885290702
07,308,686,64,0.04771003499627113,3.964678554348569
07,309,686,67,0.04590504616498947,1.7684634829541575
07,310,686,67,0.04567219689488411,1.6264261802281883
07,311,686,67,0.047140952199697495,1.524970963995354
07,312,686,67,0.045860838145017624,1.450843752135001
07,313,686,67,0.04747381806373596,1.404044544647127
07,314,686,67,0.04682958871126175,1.3845733415317347
07,315,686,67,0.0454460084438324,1.3924301427888226
07,316,686,67,0.046852365136146545,1.4127211860353899
07,317,686,67,0.04758044704794884,1.5282503245200527
07,318,686,67,0.04621534422039986,1.643779463004714
07,319,686,67,0.04737519100308418,1.7742023638723785
07,320,686,67,0.04579678177833557,1.9170595067295213
07,321,686,67,0.045507170259952545,2.0599166495866643
07,322,686,67,0.04617765173316002,2.202773792443807
07,323,686,67,0.04647812992334366,2.34563093530095
07,324,686,67,0.04798692837357521,2.4884880781580927
07,325,686,67,0.04705878347158432,2.6313452210152355
07,326,686,67,0.0455254465341568,2.6789642686342834
07,327,686,67,0.04610178992152214,2.726583316253331
07,328,686,67,0.04622158408164978,2.726583316253331
07,329,686,67,0.04587038606405258,2.8694404591104736
07,330,686,67,0.04548066481947899,2.8694404591104736
07,331,686,67,0.046093422919511795,2.8694404591104736
07,332,686,67,0.046932391822338104,2.8694404591104736
07,333,686,67,0.046816445887088776,2.8694404591104736
07,334,686,67,0.04809453338384628,2.8694404591104736
07,335,686,67,0.04825261980295181,2.8694404591104736
07,336,686,67,0.047864485532045364,2.8694404591104736
07,337,686,67,0.04875384643673897,2.8694404591104736
07,338,686,67,0.04982249438762665,2.8694404591104736
07,339,686,67,0.04920584335923195,2.8694404591104736
07,340,686,63,0.049441833049058914,6.678964268634284
07,341,686,63,0.05002352595329285,6.488488078158094
07,342,686,63,0.04907379671931267,6.298011887681903
07,343,686,63,0.048721835017204285,6.107535697205711
07,344,686,63,0.048217274248600006,5.9170595067295215
07,345,686,63,0.047589730471372604,5.726583316253331
07,346,686,63,0.047972436994314194,5.53610712577714
07,347,686,63,0.047430068254470825,5.34563093530095
07,348,686,63,0.047817159444093704,5.15515474482476
07,349,686,63,0.04831487685441971,4.964678554348569
07,350,686,63,0.04779018461704254,4.774202363872378
07,351,686,63,0.04795833304524422,4.5837261733961885
07,352,686,63,0.04821347817778587,4.393249982919998
07,353,686,63,0.049055688083171844,4.202773792443807
07,354,686,63,0.04731101542711258,4.012297601967616
07,355,686,63,0.04736774414777756,3.821821411491426
07,356,686,63,0.04686195030808449,3.6313452210152355
07,357,686,63,0.04712844267487526,3.4408690305390452
07,358,686,63,0.04661811143159866,3.2503928400628546
07,359,686,63,0.04706389084458351,3.0599166495866643
07,360,686,63,0.04719981923699379,2.8694404591104736
07,361,686,63,0.047561317682266235,2.8694404591104736
07,362,686,63,0.04826858639717102,2.8694404591104736
07,363,686,63,0.048318296670913696,2.8694404591104736
07,364,686,63,0.04769924655556679,2.8694404591104736
07,365,686,63,0.047126177698373795,2.8694404591104736
07,366,686,63,0.04625555872917175,2.8694404591104736
07,367,686,63,0.046862926334142685,2.8694404591104736
07,368,686,63,0.0494176484644413,2.8694404591104736
07,369,686,63,0.047054607421159744,2.8694404591104736
07,370,686,63,0.04867871478199959,2.8694404591104736
07,371,686,63,0.04835737496614456,2.8694404591104736
07,372,686,63,0.046990253031253815,2.8694404591104736
07,373,686,63,0.04732552170753479,2.8694404591104736
07,374,686,63,0.047852613031864166,2.8694404591104736
07,375,686,63,0.046676330268383026,2.8694404591104736
07,376,686,63,0.04640845209360123,2.8694404591104736
07,377,686,63,0.046489447355270386,2.8694404591104736
07,378,686,63,0.04472115635871887,2.8694404591104736
07,379,686,63,0.0453176274895668,2.8694404591104736
07,380,686,63,0.04542241990566254,2.8694404591104736
07,381,686,63,0.04534251242876053,2.8694404591104736
07,382,686,63,0.047077976167201996,2.8694404591104736
07,383,686,63,0.04680033028125763,2.8694404591104736
07,384,686,63,0.047021836042404175,2.8694404591104736
07,385,686,63,0.046299438923597336,2.8694404591104736
07,386,686,63,0.04619034007191658,2.8694404591104736
07,387,686,63,0.04680310934782028,2.8694404591104736
07,388,686,63,0.04590120539069176,2.8694404591104736
07,389,686,63,0.04587491229176521,2.8694404591104736
07,390,686,63,0.045896273106336594,2.8694404591104736
07,391,686,63,0.04598119109869003,2.8694404591104736
07,392,686,63,0.04690207540988922,2.8694404591104736
07,393,686,63,0.04696350544691086,2.8694404591104736
07,394,686,63,0.047125570476055145,2.8694404591104736
07,395,686,63,0.046488434076309204,2.8694404591104736
07,396,686,63,0.04660395160317421,2.8694404591104736
07,397,686,63,0.04688890278339386,2.8694404591104736
07,398,686,63,0.04632842168211937,2.8694404591104736
07,399,686,63,0.04640578106045723,2.8694404591104736
07,400,686,63,0.04673285409808159,2.8694404591104736
07,401,686,63,0.04637778177857399,2.8694404591104736
07,402,686,63,0.04739972576498985,2.8694404591104736
07,403,686,63,0.04676879942417145,2.8694404591104736
07,404,686,63,0.047511253505945206,2.8694404591104736
07,405,686,63,0.046555038541555405,2.8694404591104736
07,406,686,63,0.046877626329660416,2.8694404591104736
07,407,686,63,0.047252826392650604,2.8694404591104736
07,408,686,63,0.04655684530735016,2.8694404591104736
07,409,686,63,0.04708884656429291,2.8694404591104736
07,410,686,63,0.04851392284035683,2.8694404591104736
07,411,686,63,0.049190767109394073,2.8694404591104736
07,412,686,63,0.04735766723752022,2.8694404591104736
07,413,686,63,0.0470220148563385,2.8694404591104736
07,414,686,63,0.04626309499144554,2.8694404591104736
07,415,686,63,0.047307148575782776,2.8694404591104736
07,416,686,63,0.0480184331536293,2.8694404591104736
07,417,686,63,0.048250868916511536,2.8694404591104736
07,418,686,63,0.04724499583244324,2.8694404591104736
07,419,686,63,0.048721231520175934,2.8694404591104736
07,420,686,63,0.04786018282175064,2.8694404591104736
07,421,686,63,0.04758475348353386,2.8694404591104736
07,422,686,63,0.04797041416168213,2.8694404591104736
07,423,686,63,0.049193594604730606,2.8694404591104736
07,424,686,63,0.04884657636284828,2.8694404591104736
07,425,686,63,0.048021815717220306,2.8694404591104736
07,426,686,63,0.048173096030950546,2.8694404591104736
07,427,686,63,0.04882297292351723,2.8694404591104736
07,428,686,63,0.048007577657699585,2.8694404591104736
07,429,686,63,0.048305340111255646,2.8694404591104736
07,430,686,63,0.048561204224824905,2.8694404591104736
07,431,686,63,0.047938186675310135,2.8694404591104736
07,432,686,63,0.04797718673944473,2.8694404591104736
07,433,686,63,0.04779504984617233,2.8694404591104736
07,434,686,63,0.047685738652944565,2.8694404591104736
07,435,686,14,0.04749465361237526,49.53610712577714
07,436,686,14,0.04848853498697281,47.20277379244381
07,437,686,14,0.04918729141354561,44.86944045911047
07,438,686,14,0.04732552170753479,42.53610712577714
07,439,686,14,0.04787047579884529,40.20277379244381
07,440,686,14,0.04827859625220299,37.86944045911047
07,441,686,14,0.04756161570549011,35.53610712577714
07,442,686,14,0.0487930029630661,33.20277379244381
07,443,686,14,0.04855112358927727,30.86944045911047
07,444,686,14,0.050211649388074875,28.53610712577714
07,445,686,14,0.05170606076717377,26.202773792443807
07,446,686,14,0.04937196522951126,23.86944045911047
07,447,686,14,0.04538785666227341,21.53610712577714
07,448,686,8,0.0529179573059082,24.917059506729515
07,449,686,8,0.050015684217214584,22.298011887681902
07,450,686,8,0.04329107329249382,19.67896426863428
07,451,686,8,0.04298445209860802,17.059916649586665
07,452,686,5,0.03659350797533989,17.298011887681902
07,453,686,5,0.03604999557137489,14.53610712577714
07,454,686,5,0.033760346472263336,11.774202363872377
07,455,686,5,0.03304387256503105,9.012297601967614
07,456,686,5,0.03431609645485878,8.583726173396187
07,457,686,5,0.036710068583488464,8.155154744824758
07,458,686,5,0.03958899527788162,7.726583316253329
07,459,686,5,0.037981852889060974,7.2980118876819
07,460,686,5,0.039169613271951675,6.869440459110471
07,461,686,5,0.03910224139690399,6.4408690305390435
07,462,686,5,0.03912151977419853,6.0122976019676155
07,463,686,5,0.03849473595619202,5.583726173396187
07,464,686,5,0.038614172488451004,5.155154744824758
07,465,686,5,0.03852317854762077,4.72658331625333
07,466,686,5,0.038278672844171524,4.298011887681901
07,467,686,5,0.03841814398765564,3.8694404591104723
07,468,686,5,0.03856377676129341,3.440869030539044
07,469,686,5,0.03925095871090889,3.298011887681901
07,470,686,5,0.03854798153042793,3.1551547448247588
07,471,686,5,0.03920546546578407,3.012297601967616
07,472,686,5,0.037784747779369354,2.869440459110473
07,473,686,5,0.03878800570964813,2.869440459110473
07,474,686,5,0.03910466656088829,2.869440459110473
07,475,686,5,0.03828531503677368,2.869440459110473
07,476,686,5,0.03928259760141373,2.869440459110473
07,477,686,5,0.039940640330314636,2.869440459110473
07,478,686,5,0.041571781039237976,2.869440459110473
07,479,686,5,0.039985425770282745,2.869440459110473
07,480,686,5,0.041141461580991745,2.869440459110473
07,481,686,5,0.041005298495292664,2.869440459110473
07,482,686,5,0.040017783641815186,2.869440459110473
07,483,686,5,0.039142534136772156,2.869440459110473
07,484,686,5,0.037836771458387375,2.869440459110473
07,485,686,7,0.03871968388557434,1.5336476053836174
07,486,686,7,0.03792130947113037,1.4657375145180023
07,487,686,7,0.03732436150312424,1.4251554280248688
07,488,686,7,0.038540344685316086,1.4119013459042156
07,489,686,7,0.03880549594759941,1.4259752681560425
07,490,686,7,0.0377376563847065,1.4673771947803511
07,491,686,7,0.03787219524383545,1.5361071257771397
07,492,686,7,0.03924056887626648,1.631345221015235
07,493,686,7,0.0392143540084362,1.7265833162533302
07,494,686,7,0.038266658782958984,1.8218214114914255
07,495,686,7,0.03908394277095795,1.9170595067295206
07,496,686,7,0.037466809153556824,2.012297601967616
07,497,686,7,0.036995694041252136,2.1075356972057113
07,498,686,10,0.03617321327328682,0.9101591856254695
07,499,686,10,0.036382418125867844,0.7962697274031556
07,500,686,10,0.03717666119337082,0.7370362779258034
07,501,686,10,0.03668428212404251,0.732458837193413
07,502,686,10,0.03857875242829323,0.7825374052059844
07,503,686,10,0.03734569251537323,0.8715583794493404
07,504,686,10,0.03685254231095314,0.9879073580651768
07,505,686,10,0.037759192287921906,1.1315843410534947
07,506,686,15,0.036571696400642395,3.606750017080003
07,507,686,15,0.036737196147441864,3.2531256405001026
07,508,686,15,0.03705985099077225,2.9268292682926833
07,509,686,15,0.037670332938432693,2.627860900457744
07,510,686,15,0.0369977205991745,2.356220536995287
07,511,686,15,0.037249140441417694,2.1119081779053097
07,512,686,15,0.03746027871966362,1.8949238231878125
07,513,686,15,0.0373849980533123,1.7052674728427957
07,514,686,15,0.037802036851644516,1.5429391268702606
07,515,686,15,0.03691915050148964,1.4079387852702054
07,516,686,15,0.038216207176446915,1.3159800505568076
07,517,686,15,0.03795752674341202,1.2786773245883716
07,518,686,15,0.03874337673187256,1.296030607364896
07,519,686,17,0.038175392895936966,1.2816150850584134
07,520,686,17,0.037716396152973175,1.1677256268360994
07,521,686,17,0.037719808518886566,1.1084921773587486
07,522,686,17,0.03763264790177345,1.1039147366263582
07,523,686,17,0.03742773458361626,1.1539933046389295
07,524,686,17,0.03732234984636307,1.2587278813964613
07,525,686,17,0.03747531399130821,1.4181184668989548
07,526,686,19,0.037646301090717316,0.8596023775363795
07,527,686,19,0.03772655129432678,0.7246020359363244
07,528,686,19,0.03810572624206543,0.6442577030812312
07,529,686,19,0.03795389458537102,0.6185693789710998
07,530,686,19,0.03800506144762039,0.64753706360593
07,531,686,19,0.03743460401892662,0.7311607569857207
07,532,686,19,0.036787744611501694,0.8694404591104731
07,533,686,19,0.03579453378915787,1.0599166495866637
07,534,686,19,0.03727233409881592,1.2503928400628541
07,535,686,19,0.037359144538640976,1.4408690305390446
07,536,686,19,0.038182999938726425,1.631345221015235
07,537,686,21,0.03752070292830467,0.6417981826877088
07,538,686,21,0.03808530047535896,0.6591514654642332
07,539,686,21,0.03736165910959244,0.7584887613582009
07,540,686,21,0.038403306156396866,0.8404727744756428
07,541,686,21,0.03789671137928963,0.9497847919655664
07,542,686,21,0.038183584809303284,1.0864248138279702
07,543,686,21,0.03970247507095337,1.2503928400628541
07,544,686,21,0.038586776703596115,1.4408690305390446
07,545,686,21,0.03842179477214813,1.631345221015235
07,546,686,21,0.03726991266012192,1.8218214114914255
07,547,686,21,0.03682241588830948,1.9170595067295206
07,548,686,21,0.03608640655875206,2.012297601967616
07,549,686,21,0.03721054643392563,2.1075356972057113
07,550,686,21,0.03689402714371681,2.2027737924438062
07,551,686,21,0.03790104389190674,2.2980118876819016
07,552,686,21,0.037715934216976166,2.393249982919997
07,553,686,21,0.03825283795595169,2.4884880781580923
07,554,686,21,0.03820953890681267,2.5837261733961876
07,555,686,21,0.038460470736026764,2.6789642686342825
07,556,686,28,0.037118446081876755,3.8924643027942887
07,557,686,28,0.03628838062286377,3.4912208785953402
07,558,686,28,0.035530004650354385,3.212543554006969
07,559,686,28,0.03660047799348831,2.9611942337910775
07,560,686,28,0.03577011451125145,2.737172917947668
07,561,686,28,0.0358123853802681,2.540479606476738
07,562,686,33,0.036006685346364975,6.5591309694609565
07,563,686,33,0.03570324555039406,6.015030402404865
07,564,686,33,0.03661906719207764,5.498257839721254
07,565,686,33,0.03646140545606613,5.0088132814101245
07,566,686,33,0.03554854169487953,4.546696727471477
07,567,686,33,0.035960033535957336,4.111908177905309
07,568,686,33,0.03669167682528496,3.7044476327116214
07,569,686,33,0.03738374635577202,3.3243150918904143
07,570,686,33,0.036300159990787506,2.9715105554416885
07,571,686,33,0.03573089838027954,2.6460340233654427
07,572,686,33,0.03561055660247803,2.347885495661679
07,573,686,33,0.03695650026202202,2.0770649723303953
07,574,686,33,0.035632021725177765,1.8492860558857673
07,575,686,33,0.037723466753959656,1.6761631481861026
07,576,686,33,0.03594158962368965,1.5576962492313982
07,577,686,33,0.03609480708837509,1.7295210767233713
07,578,686,33,0.0374378077685833,1.9286739085878246
07,579,686,33,0.03712546080350876,2.1551547448247583
07,580,686,33,0.03761555999517441,2.393249982919996
07,581,686,33,0.038111455738544464,2.631345221015234
07,582,686,33,0.03849159553647041,2.8694404591104723
07,583,686,33,0.03919409215450287,2.8694404591104723
07,584,686,33,0.037271466106176376,2.8694404591104723
07,585,686,33,0.03911079466342926,2.8694404591104723
07,586,686,33,0.03770001605153084,2.8694404591104723
07,587,686,33,0.03836468607187271,2.8694404591104723
07,588,686,33,0.03811066970229149,2.8694404591104723
07,589,686,33,0.03842642158269882,2.8694404591104723
07,590,686,33,0.03936938941478729,2.8694404591104723
07,591,686,33,0.04003453627228737,2.8694404591104723
07,592,686,33,0.0388481430709362,2.8694404591104723
07,593,686,33,0.03868155926465988,2.8694404591104723
07,594,686,33,0.03799266740679741,2.8694404591104723
07,595,686,42,0.03996601700782776,5.701988112318098
07,596,686,42,0.037445519119501114,5.300744688119149
07,597,686,42,0.03811870887875557,4.926829268292681
07,598,686,42,0.038511089980602264,4.580241852838695
07,599,686,42,0.038197245448827744,4.260982441757189
07,600,686,42,0.039815980941057205,3.9690510350481647
07,601,686,42,0.03938841074705124,3.70444763271162
07,602,686,42,0.0401746965944767,3.4671722347475558
07,603,686,42,0.039322808384895325,3.2572248411559728
07,604,686,42,0.038821034133434296,3.0746054519368715
07,605,686,42,0.03869560733437538,2.91931406709025
07,606,686,42,0.038876935839653015,2.7913506866161093
07,607,686,42,0.03935243934392929,2.690715310514449
07,608,686,44,0.03866584599018097,2.614948418391747
07,609,686,44,0.038424260914325714,2.310582769693243
07,610,686,44,0.040672529488801956,2.0608731297397003
07,611,686,44,0.039648063480854034,1.8658194985311194
07,612,686,186,0.040301691740751266,55.2980118876819
07,613,686,186,0.0392460823059082,53.05991664958666
07,614,686,186,0.03914801776409149,50.82182141149143
07,615,686,186,0.038868702948093414,48.58372617339619
07,616,686,186,0.0400594100356102,45.91705950672952
07,617,686,186,0.03936539962887764,43.25039284006285
07,618,686,186,0.03942535072565079,40.58372617339619
07,619,686,186,0.03869357705116272,37.91705950672952
07,620,686,186,0.03851556032896042,35.25039284006285
07,621,686,186,0.03953002393245697,32.58372617339619
07,622,686,186,0.038251765072345734,29.917059506729522
07,623,686,186,0.03981202468276024,27.250392840062855
07,624,686,186,0.037811119109392166,24.583726173396187
07,625,686,184,0.03853383660316467,23.821821411491424
07,626,686,184,0.039064519107341766,21.059916649586665
07,627,686,184,0.03877460956573486,18.298011887681902
07,628,686,184,0.03865307196974754,15.53610712577714
07,629,686,184,0.038813602179288864,12.678964268634283
07,630,686,184,0.03844548016786575,9.821821411491426
07,631,686,184,0.037633128464221954,6.964678554348568
07,632,686,184,0.03888159245252609,4.107535697205711
07,633,686,184,0.03947172686457634,4.0122976019676155
07,634,686,184,0.0391528457403183,3.9170595067295206
07,635,686,184,0.03812193125486374,3.8218214114914253
07,636,686,184,0.038474276661872864,3.7265833162533304
07,637,686,184,0.03915822505950928,3.631345221015235
07,638,686,184,0.0387142039835453,3.5361071257771397
07,639,686,184,0.03965935483574867,3.4408690305390444
07,640,686,184,0.04062804952263832,3.3456309353009495
07,641,686,184,0.03883897140622139,3.250392840062854
07,642,686,184,0.039610933512449265,3.1551547448247588
07,643,686,184,0.03910268843173981,3.0599166495866634
07,644,686,184,0.03916122391819954,2.9646785543485685
07,645,686,184,0.040276214480400085,2.869440459110473
07,646,686,184,0.039425428956747055,2.869440459110473
07,647,686,184,0.04065706208348274,2.869440459110473
07,648,686,184,0.04092440754175186,2.869440459110473
07,649,686,184,0.04160134494304657,2.869440459110473
07,650,686,184,0.042441681027412415,2.869440459110473
07,651,686,184,0.045029494911432266,2.869440459110473
07,652,686,186,0.04544828459620476,1.533647605383616
07,653,686,186,0.0444638766348362,1.465737514518001
07,654,686,186,0.04840490594506264,1.4251554280248662
07,655,686,186,0.04899509623646736,1.4119013459042142
07,656,686,186,0.049657899886369705,1.4259752681560425
07,657,686,186,0.05035907402634621,1.4673771947803511
07,658,686,186,0.05828623101115227,1.5361071257771397
07,659,686,186,0.05714299902319908,1.631345221015235
07,660,686,186,0.05574943497776985,1.7265833162533302
07,661,686,186,0.0564093291759491,1.8218214114914255
07,662,686,186,0.060385074466466904,1.9170595067295206
07,663,686,188,0.06240038201212883,0.7552094008335049
07,664,686,188,0.061750054359436035,0.729521076723372
07,665,686,188,0.06458654999732971,0.7584887613581995
07,666,686,188,0.06772911548614502,0.8404727744756428
07,667,686,188,0.06871123611927032,0.9497847919655664
07,668,686,189,0.06706171482801437,0.5763476122156189
07,669,686,189,0.06828764081001282,0.6131720981075356
07,670,686,189,0.06488118320703506,0.7162669946027174
07,671,686,189,0.06748191267251968,0.8740178998428622
07,672,686,189,0.07017725706100464,1.0723508915761417
07,673,686,189,0.06963691115379333,1.2027737924438064
07,674,686,189,0.06852736324071884,1.3456309353009492
07,675,686,191,0.07083328813314438,0.6033340165334407
07,676,686,191,0.07194601744413376,0.4902643984422991
07,677,686,191,0.07128815352916718,0.45917879346860346
07,678,686,191,0.07128800451755524,0.5100772016123513
07,679,686,191,0.07232969999313354,0.6280658604905376
07,680,686,191,0.07206250727176666,0.8007105281136844
07,681,686,191,0.07274586707353592,1.012297601967616
07,682,686,194,0.07253555208444595,1.606750017080003
07,683,686,194,0.0724087581038475,1.2531256405001023
07,684,686,195,0.07236364483833313,1.892464302794289
07,685,686,195,0.07279189676046371,1.5864589738334356
08,35,695,12,0.029062975198030472,0.9481451117032177
08,36,695,15,0.02905445732176304,1.8448452551752412
08,37,695,15,0.029795601963996887,1.5864589738334356
08,38,695,15,0.02947711944580078,1.3554006968641117
08,39,695,15,0.028119457885622978,1.151670424267268
08,40,695,15,0.02927662432193756,0.9752681560429058
08,41,695,15,0.029937103390693665,0.8410876545740258
08,42,695,15,0.029052186757326126,0.7615631618501062
08,43,695,15,0.028044862672686577,0.7366946778711484
08,44,695,15,0.02916715480387211,0.7664822026371523
08,45,695,15,0.028894171118736267,0.8666393386622937
08,46,695,15,0.028989868238568306,1.0487804878048783
08,47,695,15,0.029290687292814255,1.2980118876819016
08,48,695,15,0.028673464432358742,1.5361071257771397
08,49,695,15,0.030670402571558952,1.7742023638723778
08,50,695,15,0.030527815222740173,2.012297601967616
08,51,695,19,0.030138975009322166,1.6849764295962297
08,52,695,19,0.02947831153869629,1.435266789642687
08,53,695,19,0.029356196522712708,1.240213158434106
08,54,695,19,0.02952456846833229,1.0998155359704858
08,55,695,20,0.028910277411341667,1.3462458153993309
08,56,695,20,0.029433591291308403,1.1043929767028762
08,57,695,20,0.02956974320113659,0.9896836783493884
08,58,695,20,0.028225166723132133,0.9296303887408612
08,59,695,20,0.02781670168042183,0.9101591856254688
08,60,695,20,0.02923322655260563,0.9180159868825567
08,61,695,20,0.02836301550269127,0.9532007925121261
08,62,695,20,0.029539167881011963,1.0157136025141758
08,63,695,20,0.029135098680853844,1.1055544168887055
08,64,695,20,0.029168153181672096,1.2227232356357167
08,65,695,20,0.028228631243109703,1.3672200587552084
08,66,695,20,0.028735708445310593,1.5390448862471815
08,67,695,20,0.028302576392889023,1.7381977181116348
08,68,695,20,0.02820342220366001,1.9646785543485683
08,69,695,20,0.029339725151658058,2.2027737924438062
08,70,695,20,0.029508505016565323,2.4408690305390444
08,71,695,20,0.029662126675248146,2.6789642686342825
08,72,695,20,0.028501717373728752,2.7265833162533304
08,73,695,21,0.028271649032831192,1.9435676709708272
08,74,695,21,0.029139481484889984,1.9708956753433076
08,75,695,25,0.028274478390812874,1.9263510282161638
08,76,695,25,0.029605800285935402,1.715583794493406
08,77,695,25,0.029114799574017525,1.5321445651431296
08,78,695,25,0.028818286955356598,1.3760333401653335
08,79,695,25,0.02929483912885189,1.247250119560019
08,80,695,25,0.02908129245042801,1.1457949033271846
08,81,695,25,0.029701391234993935,1.0716676914668304
08,82,695,25,0.029008500277996063,1.0248684839789566
08,83,695,25,0.02900998666882515,1.005397280863564
08,84,695,25,0.029102908447384834,1.013254082120652
08,85,695,25,0.029855266213417053,1.0484388877502213
08,86,695,25,0.030716970562934875,1.1109516977522709
08,87,695,25,0.03003886714577675,1.2024321923891494
08,88,695,25,0.030102455988526344,1.348568695770991
08,89,695,28,0.03121243603527546,1.5445788071326092
08,90,695,28,0.029134221374988556,1.315160210425634
08,91,695,28,0.0289298165589571,1.1403976224636205
08,92,695,28,0.028447510674595833,1.0202910432465675
08,93,695,28,0.028297359123826027,0.9548404727744761
08,94,695,28,0.02829863131046295,0.9916649586663941
08,95,695,28,0.028953917324543,1.0831454533032727
08,96,695,28,0.029102133587002754,1.131584341053494
08,97,695,28,0.029674630612134933,1.2073512331761969
08,98,695,28,0.029295986518263817,1.3104461296713799
08,99,695,33,0.02861683815717697,3.321035731365718
08,100,695,33,0.02902335301041603,2.9674113547858174
08,101,695,33,0.02932743914425373,2.641114982578397
08,102,695,33,0.028958570212125778,2.342146614743458
08,103,695,33,0.030189208686351776,2.0705062512810004
08,104,695,33,0.028911534696817398,1.8261938921910232
08,105,695,33,0.02972504496574402,1.6092095374735262
08,106,695,33,0.027943652123212814,1.4195531871285094
08,107,695,33,0.028505614027380943,1.2729384436701499
08,108,695,33,0.029019538313150406,1.180979708956752
08,109,695,33,0.030191615223884583,1.1436769829883158
08,110,695,33,0.029430339112877846,1.2061897929903656
08,111,695,33,0.029721619561314583,1.2960306073648953
08,112,695,33,0.03008974902331829,1.4131994261119065
08,113,695,33,0.030361266806721687,1.5576962492313982
08,114,695,33,0.029388608410954475,1.7295210767233713
08,115,695,33,0.029787234961986542,1.9286739085878246
08,116,695,33,0.02937808260321617,2.1551547448247583
08,117,695,33,0.029211588203907013,2.393249982919996
08,118,695,33,0.029256217181682587,2.631345221015234
08,119,695,33,0.02887408621609211,2.8694404591104723
08,120,695,33,0.03012797236442566,2.8694404591104723
08,121,695,33,0.02966495230793953,2.8694404591104723
08,122,695,33,0.029494568705558777,2.8694404591104723
08,123,695,33,0.030259614810347557,2.8694404591104723
08,124,695,33,0.0293351449072361,2.8694404591104723
08,125,695,33,0.029963970184326172,2.8694404591104723
08,126,695,33,0.028898315504193306,2.8694404591104723
08,127,695,33,0.029661037027835846,2.8694404591104723
08,128,695,33,0.028364641591906548,2.8694404591104723
08,129,695,33,0.02890116721391678,2.8694404591104723
08,130,695,33,0.029411401599645615,2.8694404591104723
08,131,695,33,0.02848222851753235,2.8694404591104723
08,132,695,33,0.02911967784166336,2.8694404591104723
08,133,695,33,0.02964784763753414,2.8694404591104723
08,134,695,33,0.030237404629588127,2.8694404591104723
08,135,695,33,0.02916613593697548,2.8694404591104723
08,136,695,33,0.029137510806322098,2.8694404591104723
08,137,695,33,0.029377896338701248,2.8694404591104723
08,138,695,33,0.02813205122947693,2.8694404591104723
08,139,695,38,0.02799101173877716,2.02158912345426
08,140,695,42,0.028831208124756813,5.46389287422286
08,141,695,42,0.02719786763191223,5.062649450023911
08,142,695,42,0.029455920681357384,4.688734030197443
08,143,695,42,0.02842343971133232,4.342146614743457
08,144,695,42,0.02943991683423519,4.022887203661951
08,145,695,42,0.03006228804588318,3.7309557969529266
08,146,695,44,0.029144110158085823,4.797226207556193
08,147,695,44,0.02865595370531082,4.3015645282503225
08,148,695,44,0.029846666380763054,3.8605588576894148
08,149,695,45,0.030174225568771362,4.178178588508574
08,150,695,45,0.029859771952033043,3.648151943704311
08,151,695,45,0.030370615422725677,3.1876750700280105
08,152,695,45,0.029120663180947304,2.8091822094691516
08,153,695,45,0.030037226155400276,2.498599439775908
08,154,695,45,0.028954653069376945,2.2426726788276263
08,155,695,45,0.02896738052368164,2.041401926624308
08,156,695,45,0.02906283736228943,1.8947871831659495
08,157,695,45,0.028794147074222565,1.7879346860695498
08,158,695,45,0.028923846781253815,1.7084101933456302
08,159,695,45,0.02939225174486637,1.656213704994192
08,160,695,45,0.028445720672607422,1.8694404591104739
08,161,695,45,0.02849707007408142,2.0122976019676164
08,162,695,48,0.029279768466949463,0.915556466489035
08,163,695,48,0.029572516679763794,0.8360319737651154
08,164,695,48,0.030520951375365257,0.8111634897861562
08,165,695,48,0.030307723209261894,0.8409510145521601
08,166,695,48,0.030305426567792892,0.9253945480631272
08,167,695,48,0.03002055175602436,0.9667964746874357
08,168,695,51,0.03118698112666607,2.035321445651431
08,169,695,51,0.02964772656559944,1.729316116690578
08,170,695,51,0.03004671074450016,1.4982578397212525
08,171,695,52,0.029828503727912903,2.0829404932704785
08,172,695,52,0.030885672196745872,1.7910090865614539
08,173,695,52,0.029867954552173615,1.5537336885973894
08,174,695,52,0.030438732355833054,1.3711142993782868
08,175,695,52,0.03014160692691803,1.2290769966523176
08,176,695,52,0.031100526452064514,1.1160073785611786
08,177,695,52,0.03134527802467346,1.0575937692150028
08,178,695,52,0.030742250382900238,1.0538361686137874
08,179,695,52,0.0294119231402874,1.1047345767575325
08,180,695,52,0.02987673319876194,1.210288993646238
08,181,695,52,0.03031337447464466,1.3704994192799065
08,182,695,52,0.030743861570954323,1.583726173396188
08,183,695,52,0.03130393475294113,1.7742023638723785
08,184,695,52,0.029462767764925957,1.964678554348569
08,185,695,52,0.031564969569444656,2.1551547448247597
08,186,695,56,0.032922592014074326,1.5102138416342141
08,187,695,56,0.033700574189424515,1.2559267609482812
08,188,695,56,0.03525214642286301,1.08362369337979
08,189,695,56,0.03738345205783844,1.022750563640089
08,190,695,56,0.04221328720450401,0.9892054382728698
08,191,695,56,0.041149526834487915,0.9829883172781306
08,192,695,60,0.04086064547300339,3.606750017080002
08,193,695,60,0.04053423926234245,3.2531256405001017
08,194,695,60,0.04085978865623474,2.926829268292681
08,195,695,60,0.03859163820743561,2.6278609004577422
08,196,695,60,0.038687869906425476,2.3562205369952847
08,197,695,60,0.037675388157367706,2.1119081779053075
08,198,695,60,0.039050713181495667,1.8949238231878105
08,199,695,60,0.0385255292057991,1.7052674728427937
08,200,695,60,0.03921402990818024,1.5445788071326072
08,201,695,60,0.03896867483854294,1.4385461501673837
08,202,695,60,0.03923192620277405,1.3871695019471209
08,203,695,60,0.03908521309494972,1.390448862471818
08,204,695,62,0.04069705307483673,1.354922456787593
08,205,695,62,0.039337608963251114,1.070847851335656
08,206,695,62,0.037735715508461,0.8414292546286795
08,207,695,62,0.03814994543790817,0.8571428571428564
08,208,695,63,0.03982372581958771,0.8820113411218157
08,209,695,63,0.03637323155999184,0.7962697274031569
08,210,695,63,0.038536474108695984,0.7925121268019388
08,211,695,63,0.03723222389817238,0.870738539318164
08,212,695,63,0.03579893335700035,1.0168750427000057
08,213,695,63,0.036828018724918365,1.11996993919519
08,214,695,63,0.03678562492132187,1.2503928400628548
08,215,695,63,0.035941679030656815,1.3932499829199976
08,216,695,63,0.03599417582154274,1.5361071257771404
08,217,695,63,0.035612914711236954,1.6789642686342834
08,218,695,63,0.03599002584815025,1.8218214114914262
08,219,695,63,0.03564319387078285,1.964678554348569
08,220,695,63,0.03478442505002022,2.1075356972057118
08,221,695,64,0.03604765236377716,1.4197581471613054
08,222,695,64,0.03472049906849861,1.542324246771881
08,223,695,64,0.03497178480029106,1.6922183507549367
08,224,695,64,0.033369533717632294,1.8694404591104739
08,225,695,64,0.03201208636164665,1.964678554348569
08,226,695,66,0.027801604941487312,1.0330668852907021
08,227,695,66,0.028768733143806458,0.965156794425087
08,228,695,66,0.03062128834426403,0.9253945480631272
08,229,695,66,0.03060881979763508,0.8926692628270816
08,230,695,66,0.030396314337849617,0.9145999863359977
08,231,695,66,0.03076332062482834,0.9911867185898755
08,232,695,66,0.03182040899991989,1.1075356972057118
08,233,695,67,0.03178064525127411,0.5647332103573136
08,234,695,70,0.031246939674019814,2.368654778984765
08,235,695,70,0.0310946274548769,2.062649450023912
08,236,695,70,0.030946142971515656,1.7839721254355403
08,237,695,75,0.031380195170640945,6.130559540889527
08,238,695,75,0.031830720603466034,5.586458973833436
08,239,695,75,0.03123782016336918,5.069686411149826
08,240,695,75,0.032647594809532166,4.580241852838697
08,241,695,75,0.032422564923763275,4.118125298900047
08,242,695,75,0.030469367280602455,3.7309557969529275
08,243,695,75,0.0284891314804554,3.3711142993782874
08,244,695,75,0.02446308545768261,3.038600806176129
08,245,695,75,0.026891572400927544,2.733415317346451
08,246,695,75,0.030546993017196655,2.455557832889253
08,247,695,75,0.030908269807696342,2.300266448042632
08,248,695,75,0.027904514223337173,2.172303067568491
08,249,695,75,0.027584046125411987,2.0716676914668306
08,250,695,75,0.02699865587055683,1.9983603197376514
08,251,695,75,0.026845425367355347,1.9523809523809523
08,252,695,75,0.028295688331127167,1.9494431919109108
08,253,695,75,0.028275828808546066,2.0011614401858306
08,254,695,75,0.027822239324450493,2.1551547448247588
08,255,695,75,0.028459422290325165,2.393249982919997
08,256,695,75,0.02786831744015217,2.631345221015235
08,257,695,75,0.028174342587590218,2.869440459110473
08,258,695,75,0.029409367591142654,2.869440459110473
08,259,695,75,0.029727108776569366,2.869440459110473
08,260,695,71,0.02981053851544857,6.678964268634282
08,261,695,71,0.029712406918406487,6.488488078158091
08,262,695,71,0.029214471578598022,6.2980118876819
08,263,695,75,0.03214424476027489,3.2769010043041606
08,264,695,75,0.03248603269457817,3.1949169911867186
08,265,695,75,0.03312462195754051,3.1129329780692765
08,266,695,75,0.03348831087350845,3.030948964951835
08,267,695,75,0.03302912041544914,2.9489649518343914
08,268,695,75,0.03337746113538742,2.8669809387169494
08,269,695,75,0.032967459410429,2.7849969255995073
08,270,695,75,0.03318851813673973,2.703012912482065
08,271,695,75,0.03298794478178024,2.6210288993646236
08,272,695,75,0.033634770661592484,2.5390448862471815
08,273,695,75,0.03461562469601631,2.4570608731297394
08,274,695,75,0.0336526520550251,2.3767165402746464
08,275,695,66,0.03338705748319626,10.869440459110475
08,276,695,66,0.03442054241895676,10.440869030539046
08,277,695,66,0.03491866588592529,10.012297601967617
08,278,695,66,0.034694820642471313,9.583726173396188
08,279,695,66,0.03542564436793327,9.15515474482476
08,280,695,66,0.034637439996004105,8.72658331625333
08,281,695,66,0.03484593704342842,8.488488078158094
08,282,695,66,0.034448955208063126,8.250392840062855
08,283,695,66,0.033427249640226364,8.012297601967617
08,284,695,66,0.03308430314064026,7.5837261733961885
08,285,695,66,0.03435034304857254,7.1551547448247605
08,286,695,66,0.03363077715039253,6.726583316253332
08,287,695,66,0.03333995118737221,6.298011887681903
08,288,695,66,0.03403516858816147,5.869440459110474
08,289,695,66,0.032695889472961426,5.440869030539045
08,290,695,66,0.03221200034022331,5.012297601967616
08,291,695,66,0.03211621195077896,4.5837261733961885
08,292,695,66,0.03209621086716652,4.15515474482476
08,293,695,66,0.032389286905527115,3.726583316253331
08,294,695,66,0.03367044776678085,3.2980118876819025
08,295,695,66,0.03358817845582962,2.8694404591104736
08,296,695,66,0.034013308584690094,2.8694404591104736
08,297,695,66,0.033899370580911636,2.8694404591104736
08,298,695,66,0.03457258269190788,2.8694404591104736
08,299,695,73,0.0345192588865757,3.7972262075561938
08,300,695,73,0.03549696505069733,3.4912208785953402
08,301,695,73,0.03609272837638855,3.212543554006969
08,302,695,73,0.03587843477725983,2.9611942337910775
08,303,695,73,0.036202989518642426,2.7371729179476665
08,304,695,73,0.037290140986442566,2.5404796064767368
08,305,695,73,0.037322234362363815,2.3711142993782874
08,306,695,73,0.036131810396909714,2.2290769966523194
08,307,695,73,0.03563491255044937,2.1143676982988318
08,308,695,73,0.037360597401857376,2.0269864043178245
08,309,695,73,0.03685251623392105,1.9669331147092985
08,310,695,91,0.03732778877019882,17.27341668374667
08,311,695,91,0.03734573721885681,16.110268497642963
08,312,695,91,0.03754246607422829,14.974448315911733
08,313,695,126,0.037013135850429535,47.035321445651434
08,314,695,126,0.037296682596206665,44.20550659288105
08,315,695,126,0.0380781851708889,41.40301974448316
08,316,695,126,0.037970297038555145,38.62786090045775
08,317,695,126,0.03708233684301376,35.88003006080481
08,318,695,91,0.03650348260998726,17.066748650679784
08,319,695,91,0.035985998809337616,16.122224499555916
08,320,695,91,0.037680733948946,15.538361686137867
08,321,695,91,0.037320248782634735,14.9818268770923
08,322,695,91,0.037234965711832047,14.452620072419212
08,323,695,91,0.03750433027744293,13.950741272118606
08,324,695,91,0.03789711371064186,13.476190476190476
08,325,695,91,0.03685269504785538,13.02896768463483
08,326,695,91,0.03542327880859375,12.609072897451663
08,327,695,91,0.03708866611123085,12.216506114640977
08,328,695,91,0.03622771427035332,11.851267336202776
08,329,695,94,0.03683482110500336,10.296030607364898
08,330,695,94,0.03639888018369675,9.584204413472706
08,331,695,94,0.03726617619395256,9.496003279360524
08,332,695,94,0.037157200276851654,9.435130149620825
08,333,695,94,0.0369587279856205,9.401585024253603
08,334,695,94,0.03544100001454353,7.7287012365921965
08,335,695,94,0.03525473177433014,6.083145453303272
08,336,695,94,0.036529917269945145,4.464917674386827
08,337,695,99,0.03541800007224083,5.058072009291522
08,338,695,99,0.03660375252366066,3.2531256405001026
08,339,695,99,0.03610483929514885,2.9268292682926833
08,340,695,99,0.03681899979710579,2.627860900457744
08,341,695,99,0.03636766970157623,2.3562205369952856
08,342,695,99,0.03692999109625816,2.1119081779053084
08,343,695,99,0.03685515746474266,1.8949238231878112
08,344,695,99,0.0369916632771492,1.7052674728427957
08,345,695,99,0.037079669535160065,1.5429391268702606
08,346,695,99,0.037464290857315063,1.4079387852702054
08,347,695,99,0.03842182084918022,1.315980050556809
08,348,695,99,0.03924122452735901,1.278677324588373
08,349,695,99,0.03825419768691063,1.2960306073648973
08,350,695,99,0.03707551211118698,1.4131994261119085
08,351,695,99,0.03810210898518562,1.5576962492314002
08,352,695,99,0.03810818865895271,1.729521076723372
08,353,695,99,0.03785625100135803,1.9286739085878253
08,354,695,99,0.03716550022363663,2.1551547448247588
08,355,695,100,0.03858289122581482,1.6396802623488422
08,356,695,100,0.03741203248500824,1.8052879688460748
08,357,695,100,0.03817025199532509,2.0255516840882692
08,358,695,100,0.039191316813230515,2.0599166495866634
08,359,695,100,0.03902624920010567,2.1075356972057113
08,360,695,100,0.04001587629318237,2.1551547448247588
08,361,695,100,0.04025023803114891,2.2027737924438062
08,362,695,126,0.037003885954618454,22.511511921841908
08,363,695,126,0.03720396012067795,21.253125640500105
08,364,695,126,0.038786470890045166,20.02206736353078
08,365,695,126,0.03726504370570183,18.818337090933937
08,366,695,126,0.036771852523088455,17.641934822709572
08,367,695,126,0.03683042526245117,16.49286055885769
08,368,695,126,0.037129707634449005,15.371114299378286
08,369,695,126,0.037731293588876724,14.276696044271365
08,370,695,126,0.03848749399185181,13.209605793536927
08,371,695,126,0.038719166070222855,12.169843547174967
08,372,695,126,0.03769393637776375,11.157409305185487
08,373,695,126,0.03735217824578285,10.172303067568489
08,374,695,126,0.03773672506213188,9.214524834323973
08,375,695,126,0.03814342990517616,8.284074605451938
08,376,695,126,0.038159094750881195,7.428571428571427
08,377,695,126,0.038694389164447784,6.600396256063401
08,378,695,126,0.03928899019956589,5.799549087927853
08,379,695,126,0.039281923323869705,5.026029924164787
08,380,695,126,0.04066931828856468,4.279838764774202
08,381,695,126,0.04101768508553505,3.5609756097560976
08,382,695,126,0.04138466715812683,2.869440459110473
08,383,695,126,0.040986791253089905,2.869440459110473
08,384,695,126,0.04062671586871147,2.869440459110473
08,385,695,126,0.040649350732564926,2.869440459110473
08,386,695,126,0.03946186602115631,2.869440459110473
08,387,695,126,0.03883928805589676,2.869440459110473
08,388,695,126,0.03809649869799614,2.869440459110473
08,389,695,126,0.03843504562973976,2.869440459110473
08,390,695,126,0.03743116930127144,2.869440459110473
08,391,695,126,0.037101879715919495,2.869440459110473
08,392,695,126,0.03722256422042847,2.869440459110473
08,393,695,126,0.03733370825648308,2.869440459110473
08,394,695,126,0.038123395293951035,2.869440459110473
08,395,695,126,0.03719920292496681,2.869440459110473
08,396,695,126,0.03774159774184227,2.869440459110473
08,397,695,126,0.03991420939564705,2.869440459110473
08,398,695,126,0.03906684368848801,2.869440459110473
08,399,695,126,0.03860453516244888,2.869440459110473
08,400,695,126,0.039239589124917984,2.869440459110473
08,401,695,126,0.038287773728370667,2.869440459110473
08,402,695,126,0.03888595104217529,2.869440459110473
08,403,695,126,0.03901611641049385,2.869440459110473
08,404,695,126,0.03836898133158684,2.869440459110473
08,405,695,126,0.03954629600048065,2.869440459110473
08,406,695,126,0.03896119445562363,2.869440459110473
08,407,695,126,0.03776777908205986,2.869440459110473
08,408,695,126,0.037477996200323105,2.869440459110473
08,409,695,126,0.037954844534397125,2.869440459110473
08,410,695,126,0.037985894829034805,2.869440459110473
08,411,695,121,0.038144372403621674,7.631345221015233
08,412,695,121,0.03840252757072449,7.393249982919995
08,413,695,121,0.03861125931143761,7.155154744824758
08,414,695,121,0.04000459983944893,6.91705950672952
08,415,695,121,0.03950972110033035,6.678964268634282
08,416,695,121,0.038530997931957245,6.4408690305390435
08,417,695,121,0.038319818675518036,6.202773792443805
08,418,695,121,0.0386020690202713,5.964678554348568
08,419,695,121,0.03902491182088852,5.72658331625333
08,420,695,121,0.03912622481584549,5.488488078158092
08,421,695,121,0.04002000764012337,5.250392840062854
08,422,695,121,0.03896341100335121,5.0122976019676155
08,423,695,121,0.039758943021297455,4.774202363872378
08,424,695,121,0.04189391806721687,4.53610712577714
08,425,695,126,0.04100871458649635,3.3333333333333335
08,426,695,121,0.041242048144340515,4.298011887681902
08,427,695,121,0.03937959298491478,4.059916649586664
08,428,695,121,0.04238799214363098,3.8218214114914253
08,429,695,122,0.0411137193441391,2.753091480494637
08,430,695,121,0.040652841329574585,3.393249982919997
08,431,695,122,0.041483692824840546,2.283937965430075
08,432,695,122,0.04079899936914444,2.2909749265559873
08,433,695,126,0.04309813678264618,1.8592607774817251
08,434,695,126,0.04230717197060585,1.6758215481314476
08,435,695,126,0.040603697299957275,1.5197103231536526
08,436,695,126,0.04078023135662079,1.3909271025483367
08,437,695,126,0.03940408676862717,1.289471886315501
08,438,695,126,0.04020055755972862,1.2153446744551484
08,439,695,126,0.041875019669532776,1.1685454669672743
08,440,695,126,0.042959053069353104,1.149074263851882
08,441,695,126,0.043643612414598465,1.1569310651089713
08,442,695,126,0.04427182674407959,1.192115870738539
08,443,695,126,0.048635613173246384,1.2405547584887617
08,444,695,126,0.04675934836268425,1.3303955728632917
08,445,695,126,0.047372881323099136,1.4492040718726518
08,446,695,126,0.0467536486685276,1.384573341531734
08,447,695,126,0.04653993621468544,1.595340575254492
08,448,695,126,0.04542919620871544,1.8218214114914255
08,449,695,127,0.0436108261346817,1.2930928468948555
08,450,695,127,0.0428629107773304,1.4243355878936939
08,451,695,130,0.04363482818007469,1.5072760811641726
08,452,695,130,0.043929509818553925,1.2919314067090242
08,453,695,130,0.044148243963718414,1.1312427409988364
08,454,695,130,0.04691705107688904,1.022750563640089
08,455,695,130,0.04844718426465988,0.9415863906538222
08,456,695,130,0.049594879150390625,0.8877502220400354
08,457,695,130,0.04662597179412842,0.8612420577987289
08,458,695,130,0.04768522456288338,0.862061897929904
08,459,695,130,0.04484296962618828,0.8902097424335592
08,460,695,130,0.04714151471853256,0.9605793536926965
08,461,695,130,0.04716750979423523,1.0856049736967956
08,462,695,130,0.04311244189739227,1.2503928400628548
08,463,695,130,0.040725935250520706,1.4408690305390452
08,464,695,130,0.03768867254257202,1.6313452210152357
08,465,695,130,0.03451715037226677,1.8218214114914262
08,466,695,130,0.03218863531947136,2.0122976019676164
08,467,695,132,0.031154580414295197,0.9556603129056491
08,468,695,132,0.03126148506999016,1.014415522306482
08,469,695,132,0.029762977734208107,1.1394411423105797
08,470,695,132,0.030693495646119118,1.2690442030470708
08,471,695,134,0.029368188232183456,1.144496823119493
08,472,695,134,0.0307000782340765,0.9813486370157827
08,473,695,134,0.03077005408704281,0.8455284552845526
08,474,695,134,0.030862178653478622,0.7378561180569791
08,475,695,134,0.030565662309527397,0.6848397895743661
08,476,695,134,0.029970530420541763,0.6864794698367161
08,477,695,134,0.030228782445192337,0.7427751588440266
08,478,695,134,0.030520834028720856,0.8529070164651238
08,479,695,143,0.0301576666533947,7.606750017080003
08,480,695,143,0.030649997293949127,7.015030402404864
08,481,695,143,0.030528396368026733,6.450638792102206
08,482,695,143,0.032639652490615845,5.91357518617203
08,483,695,143,0.03229135274887085,5.403839584614334
08,484,695,143,0.03469165042042732,4.921431987429119
08,485,695,143,0.03484540805220604,4.466352394616384
08,486,695,143,0.0313556045293808,4.038600806176129
08,487,695,143,0.03183798864483833,3.6381772221083546
08,488,695,143,0.031238123774528503,3.360319737651158
08,489,695,143,0.032523877918720245,3.1097902575664413
08,490,695,139,0.032514240592718124,3.326296372207418
08,491,695,139,0.03288659453392029,3.391268702602991
08,492,695,139,0.03302741423249245,3.508437521350001
08,493,695,139,0.032694391906261444,3.652934344469494
08,494,695,137,0.03242537006735802,5.6789642686342825
08,495,695,139,0.031894247978925705,4.091822094691535
08,496,695,137,0.03330346941947937,6.059916649586664
08,497,695,139,0.034498389810323715,4.569652251144359
08,498,695,139,0.03292696177959442,4.7530914804946365
08,499,695,139,0.03296966478228569,4.936530709844912
08,500,695,139,0.03188643231987953,4.691398510623761
08,501,695,139,0.03095230646431446,4.447086151533783
08,502,695,139,0.030855700373649597,4.229281956685113
08,503,695,139,0.03076351061463356,4.0122976019676155
08,504,695,139,0.03161700442433357,3.8218214114914253
08,505,695,139,0.03134085237979889,3.631345221015235
08,506,695,139,0.03133245185017586,3.4408690305390444
08,507,695,139,0.03100086748600006,3.250392840062854
08,508,695,139,0.031336165964603424,3.0599166495866634
08,509,695,139,0.03197876363992691,2.869440459110473
08,510,695,139,0.03189219534397125,2.6789642686342825
08,511,695,139,0.03107541985809803,2.6789642686342825
08,512,695,139,0.030682021751999855,2.6789642686342825
08,513,695,145,0.03020562417805195,3.0353214456514315
08,514,695,145,0.029455265030264854,2.7769351643096263
08,515,695,145,0.030579155310988426,2.4506387921022057
08,516,695,145,0.0314512774348259,2.246908519505363
08,517,695,145,0.03174784407019615,1.9752681560429057
08,518,695,145,0.030441485345363617,1.826193892191024
08,519,695,145,0.031654346734285355,1.704447632711622
08,520,695,145,0.03150685504078865,1.6100293776047006
08,521,695,147,0.031399425119161606,2.492860558857688
08,522,695,147,0.031238829717040062,2.194712031153924
08,523,695,147,0.03096631169319153,1.9512195121951204
08,524,695,147,0.031177561730146408,1.7623830019812798
08,525,695,147,0.03227240964770317,1.6282025005124
08,526,695,147,0.031386762857437134,1.5486780077884803
08,527,695,151,0.030245475471019745,3.987702398032384
08,528,695,151,0.029431067407131195,3.443601830976293
08,529,695,151,0.029249809682369232,2.926829268292682
08,530,695,151,0.029615750536322594,2.4373847099815538
08,531,695,151,0.02964393049478531,1.9752681560429057
08,532,695,151,0.029364442452788353,1.540479606476738
08,533,695,151,0.029506387189030647,1.1330190612830506
08,534,695,151,0.02915346994996071,1.0386008061761292
08,535,695,151,0.029231613501906395,0.9731502357040378
08,536,695,151,0.028267601504921913,0.9623556739769096
08,537,695,151,0.02999083139002323,1.006217120994742
08,538,695,151,0.029295168817043304,1.1047345767575345
08,539,695,151,0.02948593907058239,1.2579080412652874
08,540,695,151,0.02976280450820923,1.465737514518001
08,541,695,151,0.031203605234622955,1.7265833162533302
08,542,695,151,0.02940191514790058,1.9170595067295206
08,543,695,151,0.029763028025627136,2.1075356972057113
08,544,695,151,0.029699821025133133,2.2980118876819016
08,545,695,151,0.030306292697787285,2.4884880781580923
08,546,695,151,0.030382145196199417,2.6789642686342825
08,547,695,151,0.029398087412118912,2.869440459110473
08,548,695,151,0.030038990080356598,2.869440459110473
08,549,695,151,0.029652360826730728,2.869440459110473
08,550,695,151,0.029228193685412407,2.869440459110473
08,551,695,151,0.0290779247879982,2.869440459110473
08,552,695,151,0.02874932996928692,2.869440459110473
08,553,695,151,0.028943853452801704,2.869440459110473
08,554,695,151,0.0287929754704237,2.869440459110473
08,555,695,151,0.029444117099046707,2.869440459110473
08,556,695,151,0.029614701867103577,2.869440459110473
08,557,695,151,0.02872479148209095,2.869440459110473
08,558,695,151,0.029965411871671677,2.869440459110473
08,559,695,151,0.03005753643810749,2.869440459110473
08,560,695,151,0.02946390025317669,2.869440459110473
08,561,695,151,0.030931564047932625,2.869440459110473
08,562,695,151,0.03013600781559944,2.869440459110473
08,563,695,151,0.02989320084452629,2.869440459110473
08,564,695,158,0.028895631432533264,3.7972262075561938
08,565,695,158,0.028314433991909027,3.4912208785953402
08,566,695,158,0.028925135731697083,3.2125435540069676
08,567,695,158,0.028888579457998276,2.9611942337910775
08,568,695,158,0.029616674408316612,2.737172917947668
08,569,695,158,0.02854098007082939,2.540479606476738
08,570,695,158,0.029558982700109482,2.3711142993782888
08,571,695,158,0.028850341215729713,2.2290769966523194
08,572,695,158,0.02972899191081524,2.1143676982988304
08,573,695,158,0.028474071994423866,2.0269864043178245
08,574,695,158,0.0293621513992548,1.9669331147092985
08,575,695,164,0.029271453619003296,5.844845255175241
08,576,695,164,0.030051996931433678,5.2531256405001026
08,577,695,165,0.028534771874547005,5.559130969460956
08,578,695,165,0.02946639060974121,4.919792307166769
08,579,695,165,0.02900826185941696,4.321855571496891
08,580,695,165,0.028864767402410507,3.7785748445719762
08,581,695,165,0.028583161532878876,3.2758762041401934
08,582,695,165,0.029058177024126053,2.800505568080891
08,583,695,165,0.029595477506518364,2.3524629363940686
08,584,695,165,0.029871493577957153,1.9317483090797292
08,585,695,165,0.031072957441210747,1.8716950194712034
08,586,695,165,0.029901418834924698,1.8389697342351579
08,587,695,167,0.029372872784733772,2.021589123454259
08,588,695,167,0.029626687988638878,1.7851335656213683
08,589,695,167,0.02971605956554413,1.6033340165334407
08,590,695,167,0.029690995812416077,1.4761904761904763
08,591,695,167,0.028658920899033546,1.403702944592472
08,592,695,167,0.02969193272292614,1.3858714217394283
08,593,695,167,0.02958274446427822,1.4226959076313452
08,594,695,167,0.02911718748509884,1.5133565621370486
08,595,695,167,0.029513243585824966,1.631345221015235
08,596,695,167,0.030305320397019386,1.7742023638723778
08,597,695,167,0.03034067526459694,1.9170595067295206
08,598,695,167,0.030309144407510757,2.012297601967616
08,599,695,167,0.02991681732237339,2.1075356972057113
08,600,695,167,0.02941019833087921,2.2027737924438062
08,601,695,167,0.029224272817373276,2.2980118876819016
08,602,695,167,0.03016376867890358,2.393249982919997
08,603,695,167,0.03031296283006668,2.4884880781580923
08,604,695,167,0.030429551377892494,2.5837261733961876
08,605,695,167,0.03132915496826172,2.6789642686342825
08,606,695,167,0.031200027093291283,2.774202363872378
08,607,695,167,0.03213703632354736,2.869440459110473
08,608,695,167,0.030939562246203423,2.869440459110473
08,609,695,167,0.031163392588496208,2.869440459110473
08,610,695,167,0.031355246901512146,2.869440459110473
08,611,695,172,0.031513288617134094,2.021589123454259
08,612,695,186,0.03142901510000229,14.987702398032384
08,613,695,186,0.030457880347967148,14.110268497642963
08,614,695,186,0.02997947670519352,13.260162601626018
08,615,695,186,0.030792072415351868,12.437384709981556
08,616,695,186,0.030781881883740425,11.641934822709572
08,617,695,186,0.030207835137844086,10.87381293981007
08,618,695,186,0.03018283285200596,10.13301906128305
08,619,695,186,0.029894929379224777,9.41955318712851
08,620,695,186,0.03109520487487316,8.73341531734645
08,621,695,186,0.03098984807729721,8.074605451936872
08,622,695,186,0.031701717525720596,7.443123590899775
08,623,695,186,0.030706629157066345,6.838969734235158
08,624,695,186,0.029256556183099747,6.262143881943021
08,625,695,186,0.03065839223563671,5.712646034023364
08,626,695,186,0.030976075679063797,5.190476190476191
08,627,695,186,0.03032059222459793,4.695634351301497
08,628,695,186,0.029596805572509766,4.228120516499284
08,629,695,186,0.03020283579826355,3.7879346860695504
08,630,695,186,0.030808502808213234,3.3750768600122973
08,631,695,186,0.030826563015580177,2.9895470383275247
08,632,695,186,0.029573241248726845,2.869440459110473
08,633,695,186,0.03088741935789585,2.869440459110473
08,634,695,186,0.029597420245409012,2.869440459110473
08,635,695,186,0.02970222756266594,2.869440459110473
08,636,695,186,0.03054007887840271,2.869440459110473
08,637,695,186,0.030468327924609184,2.869440459110473
08,638,695,186,0.03013521619141102,2.869440459110473
08,639,695,186,0.030687585473060608,2.869440459110473
08,640,695,186,0.0308221485465765,2.869440459110473
08,641,695,186,0.029978016391396523,2.869440459110473
08,642,695,186,0.03046535514295101,2.869440459110473
08,643,695,186,0.02919100597500801,2.869440459110473
08,644,695,186,0.030640196055173874,2.869440459110473
08,645,695,186,0.030719121918082237,2.869440459110473
08,646,695,186,0.03050103597342968,2.869440459110473
08,647,695,186,0.030515016987919807,2.869440459110473
08,648,695,186,0.03037150762975216,2.869440459110473
08,649,695,186,0.03087582439184189,2.869440459110473
08,650,695,186,0.032393354922533035,2.869440459110473
08,651,695,186,0.031859882175922394,2.869440459110473
08,652,695,186,0.03583068773150444,2.869440459110473
08,653,695,186,0.03489844873547554,2.869440459110473
08,654,695,186,0.03573942929506302,2.869440459110473
08,655,695,186,0.035428695380687714,2.869440459110473
08,656,695,186,0.037525326013565063,2.869440459110473
08,657,695,188,0.03846289962530136,1.533647605383616
08,658,695,188,0.03864824026823044,1.465737514518001
08,659,695,189,0.038957927376031876,1.1759240281478442
08,660,695,189,0.040820565074682236,1.0603948896631816
08,661,695,189,0.04295738413929939,0.9862676778028274
08,662,695,189,0.047445569187402725,0.9667964746874363
08,663,695,189,0.05042019486427307,0.9879073580651775
08,664,695,190,0.04815568029880524,0.6769829883172795
08,665,695,190,0.04733782261610031,0.6107125777140119
08,666,695,190,0.043098121881484985,0.6256063400970139
08,667,695,190,0.04362700879573822,0.695156111224979
08,668,695,190,0.04378550127148628,0.8052879688460761
08,669,695,190,0.04461805894970894,0.9427478308396535
08,670,695,191,0.042963907122612,0.48732663797226006
08,671,695,192,0.04391675069928169,0.6187060189929634
08,672,695,192,0.04308970272541046,0.4869850379176044
08,673,695,192,0.04358156770467758,0.46293639406982157
08,674,695,193,0.0449850894510746,0.6849764295962311
08,675,695,193,0.04410748556256294,0.47994807679169427
08,676,695,194,0.04371539503335953,0.9400833504133365
08,677,695,194,0.042134739458560944,0.6021725763476113
08,678,695,194,0.043228939175605774,0.4306893489102939
08,679,695,194,0.04437389597296715,0.3958461433353829
08,680,695,194,0.04707281291484833,0.433490469358476
08,681,695,194,0.04701213538646698,0.5671927307508381
08,682,695,194,0.04852858930826187,0.7522716403634631
08,683,695,194,0.04704296961426735,0.9646785543485683
08,684,695,194,0.04634720832109451,1.2027737924438064
08,685,695,194,0.045712970197200775,1.393249982919997
08,686,695,194,0.04537609592080116,1.5837261733961874
08,687,695,194,0.04577716067433357,1.7742023638723778
08,688,695,194,0.04689239710569382,1.9646785543485683
08,689,695,194,0.045878373086452484,2.1551547448247588
08,690,695,194,0.046035442501306534,2.3456309353009495
08,691,695,194,0.046135056763887405,2.4884880781580923
08,692,695,194,0.046277109533548355,2.5837261733961876
08,693,695,194,0.04671970009803772,2.6789642686342825
08,694,695,194,0.05089642107486725,2.774202363872378
09,35,712,7,0.032670680433511734,3.7265833162533304
09,36,712,7,0.03286027908325195,3.631345221015235
09,37,712,7,0.03220406174659729,3.5361071257771397
09,38,712,9,0.032138481736183167,2.105076176812189
09,39,712,9,0.03219692036509514,1.9419279907084785
09,40,712,12,0.031199607998132706,2.1731229076996663
09,41,712,12,0.031078895553946495,1.8944455831112932
09,42,712,12,0.031236805021762848,1.6273826603812263
09,43,712,12,0.03149616718292236,1.3760333401653349
09,44,712,12,0.03156311810016632,1.2472501195600203
09,45,712,12,0.032137636095285416,1.0505568080890906
09,46,712,12,0.03056964837014675,0.9764295962287365
09,47,712,12,0.031021518632769585,0.9296303887408626
09,48,712,12,0.03075738064944744,0.9101591856254702
09,49,712,12,0.030916959047317505,0.93290974926556
09,50,712,15,0.03181562200188637,2.1781785885085747
09,51,712,15,0.031112436205148697,1.8394479743116758
09,52,712,15,0.031213020905852318,1.5553733688597386
09,53,712,15,0.03194176033139229,1.3259547721527636
09,54,712,15,0.032312680035829544,1.15119218419075
09,55,712,15,0.03209379315376282,1.0310856049736983
09,56,712,19,0.03259149193763733,3.7019881123180984
09,57,712,19,0.03030179813504219,3.157887545262007
09,58,712,20,0.032772988080978394,3.5115119218419077
09,59,712,20,0.031930070370435715,3.0150304024048644
09,60,712,20,0.03381269797682762,2.5599508095921304
09,61,712,20,0.03272388502955437,2.3023843683815
09,62,712,20,0.031658709049224854,2.085400013664003
09,63,712,20,0.032404180616140366,1.8957436633189861
09,64,712,20,0.03326394408941269,1.733415317346451
09,65,712,20,0.033048078417778015,1.598414975746396
09,66,712,20,0.033174172043800354,1.4907426385188225
09,67,712,20,0.032313793897628784,1.4103983056637293
09,68,712,20,0.032097138464450836,1.3730955796952917
09,69,712,20,0.03271375596523285,1.3904488624718174
09,70,712,20,0.03304936736822128,1.4624581539933037
09,71,712,20,0.03191256895661354,1.6342829814852766
09,72,712,20,0.032636240124702454,1.83343581334973
09,73,712,20,0.031728681176900864,2.0599166495866634
09,74,712,25,0.032416921108961105,2.4638928742228603
09,75,712,25,0.032871924340724945,2.0150304024048644
09,76,712,25,0.03226489946246147,1.6092095374735256
09,77,712,25,0.03183392062783241,1.4485208717633389
09,78,712,28,0.032766249030828476,3.7972262075561938
09,79,712,28,0.032940346747636795,3.443601830976293
09,80,712,28,0.032603733241558075,3.1173054587688735
09,81,712,28,0.03238563984632492,2.8183370909339347
09,82,712,28,0.03235289454460144,2.546696727471477
09,83,712,28,0.03260761871933937,2.3023843683815
09,84,712,28,0.032838061451911926,2.085400013664003
09,85,712,28,0.0329846628010273,1.9106374257019882
09,86,712,28,0.03302270546555519,1.7905308464849352
09,87,712,28,0.03271288797259331,1.7250802760128439
09,88,712,28,0.03203186020255089,1.7142857142857142
09,89,712,28,0.032506197690963745,1.7432533989205445
09,90,712,28,0.032923806458711624,1.799549087927855
09,91,712,28,0.032288409769535065,1.8831727813076458
09,92,712,28,0.03306731954216957,1.9941244790599166
09,93,712,28,0.03189168870449066,2.1324041811846692
09,94,712,28,0.03231170400977135,2.2980118876819016
09,95,712,33,0.03196203336119652,2.321035731365718
09,96,712,33,0.0319225937128067,1.983124957299993
09,97,712,33,0.031170032918453217,1.6998701919792296
09,98,712,33,0.031509630382061005,1.471271435403428
09,99,712,33,0.03111039288341999,1.3424882147981134
09,100,712,33,0.0327596478164196,1.241032998565279
09,101,712,33,0.03248338773846626,1.166905786704925
09,102,712,33,0.032659031450748444,1.120106579217051
09,103,712,33,0.032167039811611176,1.1006353761016587
09,104,712,33,0.03237161040306091,1.1084921773587464
09,105,712,33,0.03252582624554634,1.1436769829883158
09,106,712,33,0.03251300007104874,1.2061897929903656
09,107,712,33,0.03329291567206383,1.2960306073648953
09,108,712,33,0.03337317332625389,1.4131994261119065
09,109,712,33,0.0328451544046402,1.5576962492313982
09,110,712,33,0.03253018110990524,1.7295210767233713
09,111,712,33,0.0322098545730114,1.9286739085878246
09,112,712,33,0.032258182764053345,2.1551547448247583
09,113,712,33,0.03156194090843201,2.393249982919996
09,114,712,33,0.03233145549893379,2.631345221015234
09,115,712,33,0.032254889607429504,2.8694404591104723
09,116,712,33,0.03339582309126854,2.8694404591104723
09,117,712,33,0.03291701152920723,2.8694404591104723
09,118,712,33,0.03230481222271919,2.8694404591104723
09,119,712,33,0.03198303282260895,2.8694404591104723
09,120,712,33,0.03271022439002991,2.8694404591104723
09,121,712,33,0.03287693113088608,2.8694404591104723
09,122,712,33,0.03378487750887871,2.8694404591104723
09,123,712,33,0.032941896468400955,2.8694404591104723
09,124,712,33,0.03324569761753082,2.8694404591104723
09,125,712,33,0.032936278730630875,2.8694404591104723
09,126,712,33,0.03270091116428375,2.8694404591104723
09,127,712,33,0.03239124268293381,2.8694404591104723
09,128,712,33,0.03291749581694603,2.8694404591104723
09,129,712,33,0.0329531691968441,2.8694404591104723
09,130,712,33,0.03329430893063545,2.8694404591104723
09,131,712,33,0.03310012072324753,2.8694404591104723
09,132,712,33,0.032974544912576675,2.8694404591104723
09,133,712,33,0.03300020843744278,2.8694404591104723
09,134,712,33,0.03254074975848198,2.8694404591104723
09,135,712,38,0.03270407021045685,2.02158912345426
09,136,712,38,0.03222993016242981,1.8108218897315018
09,137,712,38,0.032312601804733276,1.6273826603812243
09,138,712,38,0.0329226516187191,1.471271435403428
09,139,712,38,0.032841023057699203,1.3424882147981134
09,140,712,42,0.03258085623383522,4.511511921841907
09,141,712,42,0.03297525644302368,4.110268497642958
09,142,712,42,0.032990578562021255,3.736353077816491
09,143,712,42,0.03159064054489136,3.389765662362504
09,144,712,42,0.03232353553175926,3.070506251280999
09,145,712,42,0.031439464539289474,2.778574844571974
09,146,712,45,0.03212303668260574,4.797226207556193
09,147,712,45,0.032459747046232224,4.253125640500102
09,148,712,45,0.03273846209049225,3.736353077816491
09,149,712,45,0.03267437592148781,3.2469085195053613
09,150,712,45,0.03239428251981735,2.7847919655667135
09,151,712,45,0.03275821730494499,2.3648971783835475
09,152,712,45,0.032948095351457596,1.9996583999453423
09,153,712,45,0.03245267644524574,1.6890756302520988
09,154,712,45,0.033104944974184036,1.433148869303817
09,155,712,45,0.032838888466358185,1.2318781171004982
09,156,712,45,0.03223362937569618,1.3233586117373781
09,157,712,45,0.03219832479953766,1.4546013527362165
09,158,712,45,0.0321538932621479,1.613172098107535
09,159,712,45,0.03229652717709541,1.799070847851335
09,160,712,45,0.032542429864406586,2.0122976019676164
09,161,712,51,0.03325238823890686,3.5591309694609548
09,162,712,51,0.03328806161880493,3.1578875452620063
09,163,712,52,0.03386344388127327,3.65436906469905
09,164,712,52,0.03274618089199066,3.205506592881054
09,165,712,52,0.032879527658224106,2.7980460476873668
09,166,712,52,0.032315444201231,2.445241511238641
09,167,712,52,0.033480435609817505,2.2758762041401916
09,168,712,52,0.03437118977308273,2.1338389014142223
09,169,712,52,0.03438896685838699,2.0191296030607346
09,170,712,52,0.03403686732053757,1.9317483090797285
09,171,712,52,0.033730391412973404,1.8716950194712028
09,172,712,52,0.03303832188248634,1.8389697342351572
09,173,712,52,0.03416020795702934,1.8335724533715916
09,174,712,52,0.03435688093304634,1.8555031768805077
09,175,712,52,0.03465518727898598,1.904761904761904
09,176,712,52,0.03402717784047127,1.981348637015782
09,177,712,52,0.03342002257704735,2.08526337364214
09,178,712,52,0.034013573080301285,2.2165061146409784
09,179,712,52,0.03342367336153984,2.375076860012297
09,180,712,52,0.033580031245946884,2.5609756097560967
09,181,712,52,0.033485837280750275,2.7742023638723787
09,182,712,52,0.03340525180101395,2.821821411491426
09,183,712,54,0.03365378826856613,1.533647605383618
09,184,712,54,0.03308362141251564,1.465737514518003
09,185,712,56,0.03285713121294975,1.3349730135956828
09,186,712,56,0.03265858814120293,1.1718248274919725
09,187,712,56,0.03335711359977722,1.0360046457607424
09,188,712,56,0.034903634339571,0.9275124684019939
09,189,712,56,0.03695115074515343,0.846348295415727
09,190,712,56,0.038221824914216995,0.7933319669331139
09,191,712,56,0.043630000203847885,0.7949716471954625
09,192,712,56,0.04320933669805527,0.8504474960715994
09,193,712,60,0.041846439242362976,3.035321445651431
09,194,712,60,0.041087087243795395,2.68169706907153
09,195,712,60,0.04360342025756836,2.35540069686411
09,196,712,60,0.03901224210858345,2.0564323290291706
09,197,712,60,0.04055263474583626,1.7847919655667133
09,198,712,60,0.03980530798435211,1.540479606476736
09,199,712,60,0.04056769236922264,1.3251349320215877
09,200,712,60,0.04053546115756035,1.1644462663114012
09,201,712,60,0.041716381907463074,1.0584136093461765
09,202,712,60,0.0418582409620285,1.0070369611259136
09,203,712,60,0.04175080731511116,1.0103163216506108
09,204,712,60,0.04061252623796463,1.1634897861583653
09,205,712,60,0.04086465388536453,1.3713192594110815
09,206,712,62,0.039995741099119186,0.9482817517250807
09,207,712,62,0.04019857570528984,0.8820113411218143
09,208,712,63,0.04149757698178291,1.0973560155769626
09,209,712,63,0.04039270058274269,0.9428844708615152
09,210,712,63,0.039010241627693176,0.8571428571428564
09,211,712,63,0.039948299527168274,0.8533852565416398
09,212,712,63,0.03916534408926964,0.9175377468060381
09,213,712,63,0.03850628063082695,1.036346245815398
09,214,712,63,0.038121990859508514,1.1121131379381008
09,215,712,63,0.03666551038622856,1.2152080344332854
09,216,712,64,0.0351576991379261,0.6740452278472385
09,217,712,64,0.03550054877996445,0.7162669946027207
09,218,712,64,0.033977996557950974,0.8131447701031633
09,219,712,64,0.035447169095277786,0.964678554348569
09,220,712,64,0.03402736037969589,1.1551547448247594
09,221,712,64,0.03360012546181679,1.34563093530095
09,222,712,64,0.03238094598054886,1.5361071257771404
09,223,712,64,0.03324677422642708,1.7265833162533308
09,224,712,66,0.03320644795894623,0.7105281136844969
09,225,712,66,0.03356720507144928,0.7411354785816758
09,226,712,66,0.03332674875855446,0.8537268565962981
09,227,712,66,0.03324824571609497,0.9357108697137401
09,228,712,66,0.033540718257427216,1.0450228872036622
09,229,712,66,0.03281201049685478,1.1340438614470183
09,230,712,66,0.028495950624346733,1.2503928400628548
09,231,712,66,0.02731330320239067,1.3932499829199976
09,232,712,66,0.026871103793382645,1.5361071257771404
09,233,712,66,0.028061378747224808,1.6789642686342834
09,234,712,66,0.028949595987796783,1.8218214114914262
09,235,712,67,0.029360203072428703,1.1340438614470183
09,236,712,67,0.03051402047276497,1.2566099610575938
09,237,712,67,0.03162502869963646,1.3588850174216032
09,238,712,68,0.031603265553712845,0.8193618910979038
09,239,712,71,0.031239598989486694,2.130559540889527
09,240,712,71,0.03242725506424904,1.8245542119286737
09,241,712,71,0.031392473727464676,1.5458768873403022
09,242,712,75,0.02790149673819542,4.940083350413336
09,243,712,75,0.029544301331043243,4.443601830976293
09,244,712,75,0.030146019533276558,3.9744483159117308
09,245,712,75,0.03315752372145653,3.627860900457744
09,246,712,75,0.032314762473106384,3.3086014893762377
09,247,712,75,0.03310207277536392,3.016670082667213
09,248,712,75,0.03382846340537071,2.7520666803306684
09,249,712,75,0.03408525511622429,2.5147912823666054
09,250,712,75,0.0333760529756546,2.3048438887750224
09,251,712,75,0.033578094094991684,2.12222449955592
09,252,712,75,0.03265286237001419,1.9669331147092985
09,253,712,75,0.03247198089957237,1.8406094144975065
09,254,712,75,0.032681938260793686,1.7689417230306748
09,255,712,75,0.033375371247529984,1.751930040308806
09,256,712,75,0.034042198210954666,1.8355537336885968
09,257,712,75,0.032370440661907196,1.946505431440869
09,258,712,75,0.033397939056158066,2.0847851335656213
09,259,712,75,0.03297979384660721,2.2980118876819016
09,260,712,75,0.03318694233894348,2.4884880781580923
09,261,712,75,0.03250528872013092,2.6789642686342825
09,262,712,75,0.03387948498129845,2.869440459110473
09,263,712,75,0.032953474670648575,2.869440459110473
09,264,712,75,0.031946174800395966,2.869440459110473
09,265,712,75,0.03284826502203941,2.869440459110473
09,266,712,75,0.0337115116417408,2.869440459110473
09,267,712,75,0.032458070665597916,2.869440459110473
09,268,712,75,0.032785188406705856,2.869440459110473
09,269,712,75,0.033974699676036835,2.869440459110473
09,270,712,75,0.03245503082871437,2.869440459110473
09,271,712,75,0.03236054256558418,2.869440459110473
09,272,712,75,0.03283851966261864,2.869440459110473
09,273,712,75,0.03364971652626991,2.869440459110473
09,274,712,75,0.032611869275569916,2.869440459110473
09,275,712,75,0.03256389871239662,2.869440459110473
09,276,712,75,0.03173309937119484,2.869440459110473
09,277,712,75,0.03249460831284523,2.869440459110473
09,278,712,75,0.032629501074552536,2.869440459110473
09,279,712,75,0.03254766762256622,2.869440459110473
09,280,712,75,0.033344827592372894,2.869440459110473
09,281,712,75,0.032095540314912796,2.869440459110473
09,282,712,75,0.03213963657617569,2.869440459110473
09,283,712,75,0.03192920237779617,2.869440459110473
09,284,712,75,0.0327509306371212,2.869440459110473
09,285,712,75,0.033329810947179794,2.869440459110473
09,286,712,75,0.031864941120147705,2.869440459110473
09,287,712,75,0.033004067838191986,2.869440459110473
09,288,712,75,0.03183447942137718,2.869440459110473
09,289,712,75,0.03164196014404297,2.869440459110473
09,290,712,75,0.03350174427032471,2.869440459110473
09,291,712,85,0.031678903847932816,6.6543690646990505
09,292,712,85,0.031428322196006775,6.205506592881055
09,293,712,85,0.032187409698963165,5.7839721254355405
09,294,712,85,0.032092541456222534,5.389765662362506
09,295,712,85,0.032046616077423096,5.022887203661952
09,296,712,85,0.032446492463350296,4.68333674933388
09,297,712,85,0.032065633684396744,4.371114299378287
09,298,712,85,0.03275051712989807,4.086219853795177
09,299,712,85,0.033735327422618866,3.828653412584546
09,300,712,85,0.0346914641559124,3.598414975746396
09,301,712,85,0.03571471944451332,3.3955045432807274
09,302,712,85,0.03480987995862961,3.2199221151875386
09,303,712,85,0.03577364236116409,3.0716676914668306
09,304,712,85,0.0348898209631443,2.9507412721186035
09,305,712,85,0.03393998742103577,2.857142857142857
09,306,712,85,0.034306108951568604,2.790872446539591
09,307,712,85,0.03407534956932068,2.751930040308806
09,308,712,85,0.033906299620866776,2.7403156384505016
09,309,712,85,0.03523557633161545,2.7560292409646783
09,310,712,85,0.034906793385744095,2.7990708478513358
09,311,712,85,0.0341300368309021,2.869440459110473
09,312,712,85,0.035698991268873215,2.869440459110473
09,313,712,85,0.03481302782893181,2.869440459110473
09,314,712,85,0.03364764526486397,2.869440459110473
09,315,712,85,0.03459566459059715,2.869440459110473
09,316,712,85,0.034515708684921265,2.869440459110473
09,317,712,85,0.03554876893758774,2.869440459110473
09,318,712,85,0.03596816956996918,2.869440459110473
09,319,712,85,0.033799778670072556,2.869440459110473
09,320,712,85,0.03439692407846451,2.869440459110473
09,321,712,85,0.03463980555534363,2.869440459110473
09,322,712,85,0.03411535546183586,2.869440459110473
09,323,712,85,0.0332319401204586,2.869440459110473
09,324,712,85,0.03366750478744507,2.869440459110473
09,325,712,88,0.03477044776082039,1.3664002186240347
09,326,712,88,0.03284250572323799,1.250871080139372
09,327,712,94,0.034587353467941284,5.416273826603812
09,328,712,94,0.03362589702010155,5.015030402404864
09,329,712,94,0.03265491500496864,4.641114982578397
09,330,712,94,0.03222992643713951,4.294527567124411
09,331,712,94,0.03336097300052643,3.9752681560429046
09,332,712,94,0.03210663050413132,3.6833367493338796
09,333,712,94,0.03256018087267876,3.418733346997335
09,334,712,94,0.032937344163656235,3.181457949033272
09,335,712,94,0.033501602709293365,2.971510555441689
09,336,712,94,0.03403124585747719,2.7888911662225864
09,337,712,94,0.03381543606519699,2.6335997813759655
09,338,712,94,0.03425271064043045,2.5056364009018246
09,339,712,94,0.03571067005395889,2.4050010248001636
09,340,712,94,0.03635001927614212,2.3316936530709844
09,341,712,98,0.03776876628398895,3.227437316389971
09,342,712,98,0.03446812555193901,2.664685386349661
09,343,712,98,0.03522982820868492,2.156589465054314
09,344,712,98,0.034092117100954056,1.7031495525039277
09,345,712,98,0.034615807235240936,1.3043656486985031
09,346,712,98,0.034143004566431046,1.103094896495183
09,347,712,98,0.03519117087125778,0.9564801530368234
09,348,712,98,0.03542013466358185,0.9572999931679985
09,349,712,98,0.03490854799747467,0.9854478376716538
09,350,712,98,0.03504859283566475,1.040923686547789
09,351,712,98,0.03494173660874367,1.1237275397964062
09,352,712,98,0.032836344093084335,1.2338593974175034
09,353,712,98,0.03200183063745499,1.3713192594110808
09,354,712,98,0.031084932386875153,1.5361071257771397
09,355,712,98,0.032444074749946594,1.7265833162533302
09,356,712,98,0.032553426921367645,1.9170595067295206
09,357,712,113,0.034396279603242874,12.178178588508576
09,358,712,113,0.033940743654966354,11.300744688119151
09,359,712,113,0.033820852637290955,10.450638792102207
09,360,712,113,0.033341825008392334,9.627860900457746
09,361,712,113,0.034224770963191986,8.832411013185762
09,362,712,113,0.035484980791807175,8.25476532076245
09,363,712,113,0.03448638319969177,7.704447632711621
09,364,712,113,0.03551632538437843,7.181457949033271
09,365,712,113,0.035571418702602386,6.685796269727403
09,366,712,113,0.034766826778650284,6.217462594794013
09,367,712,113,0.03531273454427719,5.776456924233108
09,368,712,113,0.03741556778550148,5.362779258044681
09,369,712,113,0.03756638988852501,4.976429596228735
09,370,712,113,0.0342152938246727,4.61740793878527
09,371,712,113,0.03416549786925316,4.285714285714286
09,372,712,113,0.035510215908288956,3.981348637015781
09,373,712,113,0.034969594329595566,3.7043109926897584
09,374,712,113,0.0338631346821785,3.4546013527362156
09,375,712,113,0.03387414291501045,3.2322197171551545
09,376,712,113,0.03348221629858017,3.037166085946574
09,377,712,113,0.03408820554614067,2.869440459110473
09,378,712,113,0.033747993409633636,2.869440459110473
09,379,712,113,0.03416665270924568,2.869440459110473
09,380,712,113,0.03423779830336571,2.869440459110473
09,381,712,113,0.03332341089844704,2.869440459110473
09,382,712,113,0.03400416299700737,2.869440459110473
09,383,712,113,0.03484072536230087,2.869440459110473
09,384,712,113,0.03484277427196503,2.869440459110473
09,385,712,113,0.034888558089733124,2.869440459110473
09,386,712,113,0.0360979363322258,2.869440459110473
09,387,712,116,0.03571285307407379,1.3664002186240347
09,388,712,116,0.03527553007006645,1.250871080139372
09,389,712,116,0.03663945198059082,1.162669946027191
09,390,712,116,0.03725835308432579,1.10179681628749
09,391,712,116,0.03574226424098015,1.0682516909202693
09,392,712,116,0.03468088433146477,1.0620345699255302
09,393,712,116,0.03408754616975784,1.0831454533032714
09,394,712,116,0.03537284582853317,1.131584341053494
09,395,712,116,0.03519710153341293,1.2073512331761969
09,396,712,116,0.034488506615161896,1.3104461296713799
09,397,712,116,0.03404894471168518,1.4408690305390446
09,398,712,121,0.03391518443822861,3.1781785885085747
09,399,712,121,0.03291425481438637,2.8245542119286737
09,400,712,121,0.03450896218419075,2.4982578397212545
09,401,712,121,0.03401419520378113,2.1992894718863156
09,402,712,121,0.03357455134391785,1.9276491084238567
09,403,712,121,0.03403857350349426,1.6833367493338796
09,404,712,121,0.032924238592386246,1.4663523946163826
09,405,712,121,0.035540707409381866,1.2924096467855442
09,406,712,121,0.035980843007564545,1.173122907699666
09,407,712,121,0.03682240843772888,1.1084921773587486
09,408,712,121,0.03594639152288437,1.143676982988318
09,409,712,121,0.03668627887964249,1.2061897929903675
09,410,712,121,0.03992664813995361,1.2960306073648973
09,411,712,121,0.039763644337654114,1.4131994261119085
09,412,712,121,0.038086842745542526,1.5576962492314002
09,413,712,121,0.04002509266138077,1.729521076723372
09,414,712,121,0.03830073028802872,1.9286739085878253
09,415,712,121,0.03940964490175247,2.1551547448247588
09,416,712,121,0.03823342174291611,2.393249982919997
09,417,712,121,0.03918459266424179,2.631345221015235
09,418,712,121,0.038361676037311554,2.869440459110473
09,419,712,121,0.038129378110170364,2.869440459110473
09,420,712,121,0.03640732541680336,2.869440459110473
09,421,712,121,0.03479038178920746,2.869440459110473
09,422,712,121,0.031649891287088394,2.869440459110473
09,423,712,121,0.036806948482990265,2.869440459110473
09,424,712,121,0.040167186409235,2.869440459110473
09,425,712,121,0.04074978828430176,2.869440459110473
09,426,712,121,0.040085844695568085,2.869440459110473
09,427,712,121,0.041677750647068024,2.869440459110473
09,428,712,121,0.044478870928287506,2.869440459110473
09,429,712,122,0.04460758715867996,2.0388057662089225
09,430,712,122,0.04432208463549614,2.018514722962355
09,431,712,122,0.0456053726375103,2.0255516840882692
09,432,712,126,0.047264013439416885,1.8787319805971177
09,433,712,126,0.04256201907992363,1.6679647468743597
09,434,712,126,0.049187518656253815,1.4845255175240832
09,435,712,126,0.046436652541160583,1.3284142925462872
09,436,712,126,0.043842658400535583,1.1996310719409713
09,437,712,130,0.03719818964600563,4.368654778984764
09,438,712,130,0.040069982409477234,3.967411354785816
09,439,712,130,0.03590851649641991,3.5934959349593476
09,440,712,130,0.03204893320798874,3.2469085195053626
09,441,712,130,0.03261445462703705,2.9276491084238576
09,442,712,130,0.03345698490738869,2.6357177017148326
09,443,712,132,0.03273145109415054,3.701988112318099
09,444,712,132,0.032953307032585144,3.206326433012229
09,445,712,132,0.03340579941868782,2.7653207624513194
09,446,712,134,0.03458333760499954,4.035321445651432
09,447,712,134,0.0354219414293766,3.443601830976293
09,448,712,134,0.03681960701942444,2.879210220673634
09,449,712,134,0.03710382804274559,2.3421466147434584
09,450,712,134,0.03724110871553421,1.8808499009359843
09,451,712,134,0.03692049905657768,1.4758488761358204
09,452,712,137,0.03706422820687294,3.3210357313657175
09,453,712,139,0.037145111709833145,4.701988112318098
09,454,712,139,0.03661259636282921,4.110268497642959
09,455,712,139,0.03726615384221077,3.545876887340301
09,456,712,139,0.036817051470279694,3.008813281410125
09,457,712,139,0.036714378744363785,2.4990776798524297
09,458,712,143,0.03578954190015793,5.606750017080003
09,459,712,143,0.035928595811128616,5.015030402404864
09,460,712,143,0.03755348548293114,4.450638792102206
09,461,712,143,0.03766264766454697,3.91357518617203
09,462,712,143,0.037405967712402344,3.4038395846143343
09,463,712,143,0.03656487911939621,2.921431987429119
09,464,712,145,0.03783562779426575,3.8924643027942887
09,465,712,145,0.038569722324609756,3.3015645282503234
09,466,712,145,0.03898366913199425,2.765320762451319
09,467,712,145,0.03777196258306503,2.378971100635375
09,468,712,145,0.0370459146797657,2.047277447564392
09,469,712,145,0.03780481591820717,1.770239803238369
09,470,712,145,0.036368828266859055,1.5478581676573067
09,471,712,145,0.03688612952828407,1.379312700690031
09,472,712,145,0.036453813314437866,1.2380952380952381
09,473,712,145,0.036217402666807175,1.2670629227300683
09,474,712,148,0.03778884559869766,1.7019881123180984
09,475,712,148,0.037527572363615036,1.315638450502152
09,476,712,148,0.03630834445357323,0.9996583999453416
09,477,712,148,0.03621158003807068,0.7656623625059746
09,478,712,148,0.03800513595342636,0.6136503381840536
09,479,712,148,0.03745031729340553,0.6364009018241448
09,480,712,148,0.03809594362974167,0.7138074742091963
09,481,712,148,0.03803108632564545,0.8458700553392082
09,482,712,148,0.03747835010290146,1.016875042700005
09,483,712,148,0.03741046413779259,1.2152080344332847
09,484,712,148,0.038722630590200424,1.4408690305390446
09,485,712,148,0.03751806542277336,1.5837261733961874
09,486,712,148,0.0375794842839241,1.7265833162533302
09,487,712,148,0.03754106163978577,1.8694404591104732
09,488,712,148,0.03719072788953781,2.012297601967616
09,489,712,148,0.03693405166268349,2.1551547448247588
09,490,712,151,0.036139484494924545,1.0584136093461785
09,491,712,151,0.03657360002398491,0.9788891166222589
09,492,712,151,0.03508809208869934,0.9540206326432997
09,493,712,151,0.034898098558187485,0.9838081574093037
09,494,712,151,0.034772396087646484,1.0682516909202708
09,495,712,151,0.035088226199150085,1.0620345699255316
09,496,712,151,0.034156449139118195,1.0831454533032727
09,497,712,151,0.034547630697488785,1.131584341053494
09,498,712,151,0.03477353975176811,1.2073512331761955
09,499,712,151,0.035222072154283524,1.3104461296713799
09,500,712,151,0.036509811878204346,1.4408690305390446
09,501,712,151,0.034629251807928085,1.5837261733961874
09,502,712,151,0.03441666066646576,1.7265833162533302
09,503,712,151,0.035288941115140915,1.8694404591104732
09,504,712,151,0.035723961889743805,2.012297601967616
09,505,712,151,0.03572070226073265,2.1551547448247588
09,506,712,151,0.034851256757974625,2.2980118876819016
09,507,712,151,0.03528754785656929,2.4408690305390444
09,508,712,151,0.03592073544859886,2.5837261733961876
09,509,712,153,0.0362665168941021,1.390790462526473
09,510,712,153,0.03674447163939476,1.465737514518001
09,511,712,153,0.03696950152516365,1.4251554280248662
09,512,712,153,0.03455266356468201,1.4119013459042142
09,513,712,153,0.03473382070660591,1.4259752681560425
09,514,712,153,0.03548204526305199,1.4673771947803511
09,515,712,153,0.03509967029094696,1.5361071257771397
09,516,712,153,0.03459310531616211,1.631345221015235
09,517,712,153,0.033837154507637024,1.7265833162533302
09,518,712,153,0.03430427610874176,1.8218214114914255
09,519,712,153,0.03252040222287178,1.9170595067295206
09,520,712,155,0.03393890708684921,0.7552094008335049
09,521,712,155,0.034420356154441833,0.729521076723372
09,522,712,155,0.03337361663579941,0.7584887613581995
09,523,712,155,0.03414718061685562,0.8404727744756428
09,524,712,155,0.0340610072016716,0.9497847919655664
09,525,712,155,0.035214535892009735,1.0864248138279702
09,526,712,155,0.033743735402822495,1.2503928400628541
09,527,712,158,0.034959860146045685,1.4319874291179882
09,528,712,158,0.03465116769075394,1.169023707043791
09,529,712,158,0.034645628184080124,0.9607159937145568
09,530,712,158,0.0350043922662735,0.804604768736762
09,531,712,158,0.03437650948762894,0.6907153105144495
09,532,712,158,0.03795935958623886,0.6314818610370972
09,533,712,158,0.0355641208589077,0.6269044203047055
09,534,712,158,0.03458293899893761,0.6769829883172769
09,535,712,158,0.035809148102998734,0.7817175650748086
09,536,712,158,0.03550932928919792,0.9411081505773036
09,537,712,158,0.03403792530298233,1.1551547448247588
09,538,712,158,0.03527453541755676,1.393249982919997
09,539,712,158,0.035834964364767075,1.631345221015235
09,540,712,158,0.03504803776741028,1.8694404591104732
09,541,712,158,0.03436945006251335,2.012297601967616
09,542,712,158,0.03369326516985893,2.1551547448247588
09,543,712,158,0.03418760001659393,2.2980118876819016
09,544,712,158,0.03542851656675339,2.4408690305390444
09,545,712,158,0.03431252762675285,2.5837261733961876
09,546,712,164,0.033509511500597,2.987702398032384
09,547,712,164,0.0337580181658268,2.5864589738334356
09,548,712,164,0.03479588031768799,2.3554006968641104
09,549,712,164,0.03442257270216942,2.151670424267268
09,550,712,164,0.034405309706926346,1.9752681560429057
09,551,712,164,0.033705346286296844,1.826193892191024
09,552,712,164,0.034978143870830536,1.704447632711622
09,553,712,164,0.03467245772480965,1.6100293776047006
09,554,712,164,0.035289645195007324,1.5429391268702592
09,555,712,164,0.03570336848497391,1.5031768805083008
09,556,712,164,0.03535924106836319,1.4907426385188225
09,557,712,164,0.03418070077896118,1.5056364009018244
09,558,712,164,0.033503249287605286,1.5478581676573067
09,559,712,164,0.034515127539634705,1.617407938785269
09,560,712,164,0.034637726843357086,1.7142857142857142
09,561,712,164,0.03409474343061447,1.8384914941586399
09,562,712,164,0.0339525081217289,1.9900252784040455
09,563,712,164,0.03321387991309166,2.1688870670219313
09,564,712,164,0.032820720225572586,2.3750768600122973
09,565,712,164,0.03323235362768173,2.6085946573751437
09,566,712,164,0.03362439572811127,2.869440459110473
09,567,712,164,0.03280065581202507,2.869440459110473
09,568,712,164,0.03315050154924393,2.869440459110473
09,569,712,164,0.03342139720916748,2.869440459110473
09,570,712,164,0.03329680487513542,2.869440459110473
09,571,712,164,0.032818153500556946,2.869440459110473
09,572,712,164,0.03346918895840645,2.869440459110473
09,573,712,164,0.033649343997240067,2.869440459110473
09,574,712,164,0.03335022181272507,2.869440459110473
09,575,712,164,0.03391149640083313,2.869440459110473
09,576,712,164,0.033046942204236984,2.869440459110473
09,577,712,164,0.03287316486239433,2.869440459110473
09,578,712,172,0.0362875834107399,4.749607159937146
09,579,712,172,0.035766977816820145,4.395982783357245
09,580,712,172,0.03529312461614609,4.069686411149824
09,581,712,172,0.034160926938056946,3.7707180433148872
09,582,712,172,0.03504620119929314,3.4990776798524297
09,583,712,172,0.03460444509983063,3.2547653207624525
09,584,712,172,0.03564287722110748,3.0377809660449553
09,585,712,172,0.034611038863658905,2.8481246156999385
09,586,712,172,0.03571842238306999,2.685796269727402
09,587,712,172,0.0359559990465641,2.5507959281273482
09,588,712,172,0.03608613461256027,2.443123590899775
09,589,712,172,0.03592260554432869,2.3627792580446814
09,590,712,175,0.0362059585750103,3.0924369747899156
09,591,712,175,0.03617554157972336,2.6655052264808345
09,592,712,175,0.03524129092693329,2.2932294869167165
09,593,712,175,0.03577529639005661,1.9756097560975614
09,594,712,175,0.03559555113315582,1.712646034023367
09,595,712,175,0.03559395298361778,1.5043383206941328
09,596,712,180,0.03632023558020592,4.6543690646990505
09,597,712,180,0.03655266389250755,3.919792307166769
09,598,712,180,0.03702576458454132,3.2125435540069676
09,599,712,180,0.03629579022526741,2.91357518617203
09,600,712,180,0.03637950122356415,2.6419348227095725
09,601,712,180,0.03566034883260727,2.3976224636195953
09,602,712,180,0.035087551921606064,2.180638108902098
09,603,712,180,0.0347762405872345,1.9909817585570815
09,604,712,180,0.036256201565265656,1.8286534125845448
09,605,712,180,0.03498562052845955,1.6936530709844912
09,606,712,186,0.03553900867700577,5.797226207556194
09,607,712,186,0.03571305051445961,5.157887545262007
09,608,712,180,0.035962726920843124,2.0397622463619585
09,609,712,180,0.034996867179870605,2.0571155291384815
09,610,712,180,0.03583109751343727,2.12912482065997
09,611,712,180,0.03591601550579071,2.3009496481519434
09,612,712,180,0.034813933074474335,2.500102480016397
09,613,712,180,0.03557787090539932,2.7265833162533304
09,614,712,180,0.035452019423246384,2.9646785543485685
09,615,712,180,0.034506652504205704,3.2027737924438062
09,616,712,180,0.034281402826309204,3.4408690305390444
09,617,712,180,0.03545035421848297,3.4408690305390444
09,618,712,180,0.03465886786580086,3.4408690305390444
09,619,712,180,0.03549756854772568,3.4408690305390444
09,620,712,180,0.03537622094154358,3.4408690305390444
09,621,712,186,0.03518567234277725,3.0659288105486118
09,622,712,186,0.036594096571207047,2.862198537951767
09,623,712,186,0.03550274297595024,2.685796269727402
09,624,712,186,0.034644823521375656,2.53672200587552
09,625,712,180,0.034988656640052795,4.583726173396188
09,626,712,186,0.03441166505217552,2.5789437726310047
09,627,712,186,0.035676419734954834,2.1963517114162765
09,628,712,186,0.03564011678099632,1.813759650201543
09,629,712,186,0.0353313572704792,1.7193413950946212
09,630,712,186,0.03534795716404915,1.6522511443601826
09,631,712,186,0.03549150377511978,1.6124888979982241
09,632,712,186,0.0354544036090374,1.600054656008746
09,633,712,186,0.036368727684020996,1.614948418391748
09,634,712,186,0.0359368696808815,1.6571701851472274
09,635,712,186,0.03463330864906311,1.7267199562751925
09,636,712,186,0.03684726357460022,1.8235977317756378
09,637,712,186,0.03630223125219345,1.9478035116485632
09,638,712,186,0.03534100577235222,2.099337295893969
09,639,712,186,0.036378130316734314,2.278199084511852
09,640,712,186,0.035934459418058395,2.4843888775022185
09,641,712,180,0.0357685461640358,8.298011887681902
09,642,712,180,0.035828638821840286,8.012297601967616
09,643,712,180,0.035687241703271866,7.72658331625333
09,644,712,180,0.035958051681518555,7.440869030539044
09,645,712,180,0.0358881801366806,7.155154744824759
09,646,712,180,0.035471122711896896,7.155154744824759
09,647,712,180,0.035325292497873306,6.869440459110473
09,648,712,180,0.035180721431970596,6.583726173396188
09,649,712,180,0.03481704369187355,6.298011887681902
09,650,712,180,0.03481925651431084,6.0122976019676155
09,651,712,186,0.03421841561794281,4.223543075766892
09,652,712,186,0.03477858379483223,3.950263032042084
09,653,712,186,0.03488137200474739,3.6769829883172767
09,654,712,186,0.03520806133747101,3.4037029445924722
09,655,712,180,0.03461217135190964,5.72658331625333
09,656,712,180,0.034073635935783386,5.440869030539044
09,657,712,180,0.033543720841407776,5.155154744824759
09,658,712,186,0.03450385853648186,3.003757600601215
09,659,712,186,0.034373436123132706,2.6484935437589647
09,660,712,186,0.034529197961091995,2.2932294869167165
09,661,712,186,0.034396663308143616,1.9379654300744684
09,662,712,186,0.03332420811057091,1.8708751793400298
09,663,712,186,0.03367510065436363,1.8311129329780713
09,664,712,186,0.03405958414077759,1.8186786909885904
09,665,712,186,0.03458882495760918,1.8335724533715922
09,666,712,186,0.03506327047944069,1.8757942201270745
09,667,712,186,0.03500434756278992,1.9453439912550397
09,668,712,186,0.035702869296073914,2.042221766755485
09,669,712,186,0.035541996359825134,2.1664275466284075
09,670,712,186,0.03438595309853554,2.3179613308738105
09,671,712,186,0.03477633371949196,2.4968231194916966
09,672,712,186,0.035401396453380585,2.414839106374256
09,673,712,186,0.03513100743293762,2.3328550932568155
09,674,712,186,0.03388969600200653,2.2508710801393748
09,675,712,186,0.0354163683950901,2.1688870670219313
09,676,712,186,0.03551197424530983,2.3750768600122973
09,677,712,180,0.03564980626106262,8.298011887681902
09,678,712,180,0.03539568558335304,8.298011887681902
09,679,712,180,0.03533927723765373,8.012297601967616
09,680,712,180,0.03526081144809723,7.72658331625333
09,681,712,180,0.035309139639139175,7.440869030539044
09,682,712,180,0.036342959851026535,7.155154744824759
09,683,712,180,0.03595694154500961,6.869440459110473
09,684,712,180,0.035177383571863174,6.583726173396188
09,685,712,180,0.035616811364889145,6.298011887681902
09,686,712,180,0.0356358177959919,6.0122976019676155
09,687,712,180,0.035818684846162796,5.72658331625333
09,688,712,180,0.03495165705680847,5.440869030539044
09,689,712,180,0.034556034952402115,5.155154744824759
09,690,712,180,0.03592437505722046,4.869440459110473
09,691,712,180,0.03429931402206421,4.583726173396188
09,692,712,180,0.035161614418029785,4.298011887681902
09,693,712,180,0.034272897988557816,4.0122976019676155
09,694,712,180,0.035344865173101425,3.7265833162533304
09,695,712,180,0.035252612084150314,3.4408690305390444
09,696,712,180,0.03503842279314995,3.1551547448247588
09,697,712,180,0.03581999987363815,2.869440459110473
09,698,712,180,0.03532932326197624,2.869440459110473
09,699,712,180,0.03560337424278259,2.869440459110473
09,700,712,180,0.03543778508901596,2.869440459110473
09,701,712,180,0.034378618001937866,2.869440459110473
09,702,712,180,0.03409460559487343,2.869440459110473
09,703,712,180,0.03438660502433777,2.869440459110473
09,704,712,180,0.03483869880437851,2.869440459110473
09,705,712,180,0.03471626341342926,2.869440459110473
09,706,712,180,0.035256966948509216,2.869440459110473
09,707,712,180,0.03393585979938507,2.869440459110473
09,708,712,180,0.03511618450284004,2.869440459110473
09,709,712,180,0.03411596640944481,2.869440459110473
09,710,712,180,0.03544454649090767,2.869440459110473
09,711,712,180,0.036578599363565445,2.869440459110473
10,35,647,7,0.03595228120684624,2.4884880781580923
10,36,647,7,0.036114733666181564,2.4884880781580923
10,37,647,7,0.03508206456899643,2.4884880781580923
10,38,647,7,0.035288482904434204,2.5837261733961876
10,39,647,7,0.03552532196044922,2.5837261733961876
10,40,647,7,0.035734016448259354,2.5837261733961876
10,41,647,7,0.03671373799443245,2.5837261733961876
10,42,647,10,0.03509216755628586,1.0923003347680529
10,43,647,10,0.03504866734147072,0.9651567944250856
10,44,647,12,0.03571421653032303,1.8129398100703706
10,45,647,15,0.03535998985171318,4.3210357313657175
10,46,647,15,0.03452479839324951,3.872173259547721
10,47,647,15,0.0350029356777668,3.5458768873403024
10,48,647,15,0.03387171030044556,3.246908519505363
10,49,647,15,0.034281473606824875,2.975268156042906
10,50,647,15,0.03380222246050835,2.730955796952929
10,51,647,15,0.03428085520863533,2.5139714422354316
10,52,647,15,0.03391358628869057,2.3243150918904147
10,53,647,15,0.034640226513147354,2.1619867459178796
10,54,647,15,0.03399718180298805,2.0269864043178245
10,55,647,15,0.034794073551893234,1.934207829473253
10,56,647,15,0.033980756998062134,1.88119150099064
10,57,647,15,0.0347188375890255,1.8555031768805084
10,58,647,15,0.034813787788152695,1.8571428571428572
10,59,647,15,0.035336319357156754,1.8861105417776873
10,60,647,15,0.03617214038968086,1.9581198332991736
10,61,647,15,0.03596607595682144,2.0847851335656213
10,62,647,15,0.0349847637116909,2.250392840062854
10,63,647,15,0.035038117319345474,2.4884880781580923
10,64,647,15,0.035565972328186035,2.7265833162533304
10,65,647,15,0.03628883510828018,2.869440459110473
10,66,647,19,0.03469505533576012,1.5254492040718726
10,67,647,19,0.03497101739048958,1.3623010179681623
10,68,647,19,0.03400681912899017,1.2264808362369335
10,69,647,19,0.03424537926912308,1.117988658878185
10,70,647,19,0.033931657671928406,1.036824485891918
10,71,647,19,0.03494465723633766,0.9829883172781313
10,72,647,19,0.035171028226614,0.9564801530368248
10,73,647,19,0.034880902618169785,0.9572999931679985
10,74,647,19,0.03632986173033714,0.9854478376716538
10,75,647,19,0.03622008487582207,1.040923686547789
10,76,647,19,0.03491492569446564,1.1237275397964062
10,77,647,21,0.03580624237656593,1.0269864043178245
10,78,647,21,0.035840533673763275,0.9060599849695964
10,79,647,21,0.036577437072992325,0.8397895743663314
10,80,647,21,0.036853909492492676,0.8281751725080269
10,81,647,21,0.035890061408281326,0.8712167793946854
10,82,647,21,0.03576607257127762,0.9689143950263044
10,83,647,21,0.036045726388692856,1.121268019402884
10,84,647,21,0.037662751972675323,1.32745781239325
10,85,647,21,0.037245169281959534,1.5609756097560976
10,86,647,21,0.03562649339437485,1.8218214114914255
10,87,647,21,0.036491263657808304,1.9170595067295206
10,88,647,21,0.03656208515167236,2.012297601967616
10,89,647,21,0.036557361483573914,2.1075356972057113
10,90,647,21,0.03570514917373657,2.2027737924438062
10,91,647,21,0.03726257011294365,2.2980118876819016
10,92,647,21,0.03633565083146095,2.393249982919997
10,93,647,21,0.03726247698068619,2.4884880781580923
10,94,647,28,0.035333454608917236,4.082940493270479
10,95,647,28,0.03534679859876633,3.681697069071531
10,96,647,28,0.0357784740626812,3.3077816492450642
10,97,647,28,0.03554730862379074,2.9611942337910775
10,98,647,28,0.03541853278875351,2.737172917947668
10,99,647,28,0.034886594861745834,2.540479606476738
10,100,647,28,0.03449350968003273,2.3711142993782888
10,101,647,28,0.03469254821538925,2.2290769966523194
10,102,647,28,0.03440581634640694,2.1143676982988318
10,103,647,28,0.03511488437652588,2.0269864043178245
10,104,647,33,0.035745300352573395,5.225797636127623
10,105,647,33,0.0354696661233902,4.681697069071531
10,106,647,33,0.03538096323609352,4.164924506387921
10,107,647,33,0.03547431156039238,3.675479948076791
10,108,647,33,0.03544783964753151,3.213363394138143
10,109,647,33,0.036755092442035675,2.7785748445719753
10,110,647,33,0.03655659779906273,2.371114299378288
10,111,647,33,0.035887472331523895,1.9909817585570808
10,112,647,33,0.03465916961431503,1.6538908246225308
10,113,647,33,0.03482818603515625,1.3714558994329424
10,114,647,33,0.03465256839990616,1.1436769829883158
10,115,647,33,0.035220760852098465,1.2061897929903656
10,116,647,33,0.03532800078392029,1.2960306073648953
10,117,647,33,0.034780774265527725,1.4131994261119065
10,118,647,33,0.03442735597491264,1.5576962492313982
10,119,647,33,0.03521930053830147,1.7295210767233713
10,120,647,33,0.03525600954890251,1.9286739085878246
10,121,647,33,0.03571045771241188,2.1551547448247583
10,122,647,33,0.034813955426216125,2.393249982919996
10,123,647,33,0.03643670678138733,2.631345221015234
10,124,647,33,0.03668169677257538,2.8694404591104723
10,125,647,33,0.03643061965703964,2.8694404591104723
10,126,647,33,0.03633894771337509,2.8694404591104723
10,127,647,33,0.035563740879297256,2.8694404591104723
10,128,647,33,0.03475920855998993,2.8694404591104723
10,129,647,33,0.035792652517557144,2.8694404591104723
10,130,647,33,0.036463577300310135,2.8694404591104723
10,131,647,33,0.03598528727889061,2.8694404591104723
10,132,647,33,0.03493622690439224,2.8694404591104723
10,133,647,33,0.03488325700163841,2.8694404591104723
10,134,647,33,0.035558056086301804,2.8694404591104723
10,135,647,33,0.03616953641176224,2.8694404591104723
10,136,647,33,0.03650570660829544,2.8694404591104723
10,137,647,33,0.03655913099646568,2.8694404591104723
10,138,647,33,0.03611942008137703,2.8694404591104723
10,139,647,33,0.03626057133078575,2.8694404591104723
10,140,647,33,0.03761974722146988,2.8694404591104723
10,141,647,33,0.037786778062582016,2.8694404591104723
10,142,647,42,0.036533892154693604,5.701988112318098
10,143,647,42,0.03697957098484039,5.300744688119149
10,144,647,42,0.03746664524078369,4.926829268292681
10,145,647,42,0.037492942065000534,4.580241852838695
10,146,647,42,0.03633306547999382,4.260982441757189
10,147,647,42,0.036802731454372406,3.9690510350481647
10,148,647,42,0.03723486140370369,3.70444763271162
10,149,647,42,0.03599347546696663,3.4671722347475558
10,150,647,42,0.03488757461309433,3.2572248411559728
10,151,647,48,0.035349439829587936,7.559130969460954
10,152,647,48,0.036361534148454666,6.87217325954772
10,153,647,48,0.03640588000416756,6.212543554006966
10,154,647,48,0.035858552902936935,5.580241852838695
10,155,647,48,0.036436133086681366,4.975268156042904
10,156,647,52,0.037581637501716614,7.797226207556192
10,157,647,52,0.0369863323867321,6.919792307166768
10,158,647,52,0.03703922778367996,6.069686411149824
10,159,647,52,0.036201395094394684,5.246908519505361
10,160,647,52,0.03572731465101242,4.45145863223338
10,161,647,52,0.03640336915850639,3.683336749333879
10,162,647,52,0.03682286664843559,2.942542870806858
10,163,647,52,0.03639400005340576,2.657648425223746
10,164,647,52,0.03508048504590988,2.4000819840131156
10,165,647,52,0.036926236003637314,2.1714832274373155
10,166,647,52,0.03612606227397919,1.9975404796064768
10,167,647,52,0.037210699170827866,1.878253740520599
10,168,647,52,0.03862648829817772,1.8136230101796813
10,169,647,52,0.03821449726819992,1.8036482885837255
10,170,647,52,0.03805150091648102,1.8466898954703825
10,171,647,52,0.038118988275527954,1.9170595067295213
10,172,647,52,0.03832656517624855,2.1075356972057118
10,173,647,52,0.03750564903020859,2.2980118876819025
10,174,647,52,0.03738737106323242,2.4884880781580927
10,175,647,52,0.03764175623655319,2.6789642686342834
10,176,647,52,0.03830428048968315,2.8694404591104736
10,177,647,52,0.03731437399983406,2.8694404591104736
10,178,647,52,0.03769795596599579,2.8694404591104736
10,179,647,52,0.03773937746882439,2.8694404591104736
10,180,647,52,0.03831903263926506,2.8694404591104736
10,181,647,52,0.03935039043426514,2.8694404591104736
10,182,647,56,0.03818727284669876,1.5254492040718732
10,183,647,56,0.038778673857450485,1.362301017968163
10,184,647,56,0.037865787744522095,1.2264808362369328
10,185,647,56,0.03855390474200249,1.1179886588781844
10,186,647,56,0.039916422218084335,1.0368244858919173
10,187,647,56,0.03788205236196518,0.9829883172781306
10,188,647,56,0.03725369647145271,0.9564801530368241
10,189,647,56,0.037987444549798965,0.9572999931679979
10,190,647,56,0.038080986589193344,0.985447837671653
10,191,647,56,0.03912141174077988,1.0409236865477898
10,192,647,56,0.0384555459022522,1.1237275397964068
10,193,647,56,0.03723377734422684,1.233859397417504
10,194,647,56,0.037657029926776886,1.3713192594110815
10,195,647,56,0.0379101037979126,1.5361071257771404
10,196,647,56,0.03640243038535118,1.7265833162533308
10,197,647,56,0.03807276859879494,1.9170595067295213
10,198,647,56,0.039151132106781006,2.1075356972057118
10,199,647,56,0.04032429680228233,2.2980118876819025
10,200,647,56,0.04288315400481224,2.4884880781580927
10,201,647,56,0.04588618874549866,2.6789642686342834
10,202,647,56,0.04465077072381973,2.8694404591104736
10,203,647,60,0.044056519865989685,1.5254492040718732
10,204,647,60,0.043856024742126465,1.362301017968163
10,205,647,60,0.0440230593085289,1.2264808362369328
10,206,647,60,0.045409031212329865,1.1179886588781844
10,207,647,60,0.04601917043328285,1.0368244858919173
10,208,647,60,0.04651826620101929,0.9829883172781306
10,209,647,60,0.04698599874973297,0.9564801530368241
10,210,647,60,0.046764105558395386,0.9572999931679979
10,211,647,60,0.04561462998390198,0.985447837671653
10,212,647,60,0.046058494597673416,1.0409236865477898
10,213,647,60,0.046146806329488754,1.1237275397964068
10,214,647,60,0.0448080450296402,1.233859397417504
10,215,647,60,0.04333530366420746,1.3713192594110815
10,216,647,60,0.041691821068525314,1.5361071257771404
10,217,647,60,0.04396767169237137,1.7265833162533308
10,218,647,60,0.04410668835043907,1.9170595067295213
10,219,647,60,0.04242490231990814,2.1075356972057118
10,220,647,62,0.042759478092193604,1.1188084990093607
10,221,647,62,0.04232237860560417,1.1618501058960167
10,222,647,62,0.041729751974344254,1.2595477215276343
10,223,647,62,0.04032076150178909,1.411901345904215
10,224,647,62,0.04032501205801964,1.4259752681560431
10,225,647,63,0.04063837602734566,0.945685591309696
10,226,647,63,0.04000924155116081,0.8988863838218221
10,227,647,64,0.03841857612133026,0.764364282298285
10,228,647,64,0.03820996731519699,0.6293639406982299
10,229,647,64,0.037495601922273636,0.563093530094965
10,230,647,64,0.0366704948246479,0.578807132609142
10,231,647,64,0.03753504157066345,0.6624308259889327
10,232,647,66,0.03712969273328781,1.1305595408895261
10,233,647,66,0.03666510060429573,0.8721732595477207
10,234,647,66,0.0376984179019928,0.6435745029719191
10,235,647,66,0.03657979518175125,0.4969597595135609
10,236,647,66,0.03788702189922333,0.4472227915556466
10,237,647,66,0.03738825023174286,0.5067978410876545
10,238,647,66,0.03760523721575737,0.6607911457265826
10,239,647,66,0.036904316395521164,0.8943089430894302
10,240,647,66,0.03810271993279457,1.1551547448247594
10,241,647,66,0.03995899856090546,1.34563093530095
10,242,647,66,0.0374244786798954,1.5361071257771404
10,243,647,66,0.03695369511842728,1.7265833162533308
10,244,647,66,0.03853351250290871,1.9170595067295213
10,245,647,66,0.038316719233989716,2.1075356972057118
10,246,647,66,0.036184053868055344,2.2503928400628546
10,247,647,66,0.03843804448843002,2.393249982919998
10,248,647,66,0.03735226020216942,2.4884880781580927
10,249,647,67,0.03763701766729355,1.7530914804946374
10,250,647,67,0.037693146616220474,1.8280385324861652
10,251,647,67,0.03702240809798241,1.9303135888501746
10,252,647,67,0.037781402468681335,2.0599166495866643
10,253,647,67,0.03845876455307007,2.1075356972057118
10,254,647,68,0.03910021111369133,1.3510282161645155
10,255,647,70,0.038193587213754654,1.192115870738539
10,256,647,70,0.0374094657599926,1.028967684634829
10,257,647,70,0.03771144524216652,0.8931475029036002
10,258,647,70,0.038843490183353424,0.7846553255448517
10,259,647,70,0.03950332850217819,0.7034911525585834
10,260,647,70,0.03801652416586876,0.6645487463277986
10,261,647,70,0.03895074501633644,0.6810821889731493
10,262,647,70,0.0372605137526989,0.7787798046047683
10,263,647,70,0.03755555674433708,0.9294937487189989
10,264,647,70,0.03656565025448799,1.107535697205711
10,265,647,70,0.036792684346437454,1.2980118876819016
10,266,647,70,0.0380682535469532,1.4884880781580923
10,267,647,70,0.037580762058496475,1.6789642686342827
10,268,647,70,0.03836274519562721,1.8694404591104732
10,269,647,70,0.03906557336449623,2.0599166495866634
10,270,647,70,0.03962080553174019,2.2027737924438062
10,271,647,70,0.04000326618552208,2.3456309353009495
10,272,647,70,0.04113928601145744,2.4884880781580923
10,273,647,70,0.040735479444265366,2.631345221015235
10,274,647,70,0.04076511040329933,2.774202363872378
10,275,647,70,0.040554746985435486,2.869440459110473
10,276,647,70,0.04032888635993004,2.869440459110473
10,277,647,70,0.040218669921159744,2.869440459110473
10,278,647,70,0.03892672434449196,2.869440459110473
10,279,647,70,0.04092516750097275,2.869440459110473
10,280,647,70,0.04007567837834358,2.869440459110473
10,281,647,70,0.03935170918703079,2.869440459110473
10,282,647,70,0.03826358541846275,2.869440459110473
10,283,647,70,0.038137149065732956,2.869440459110473
10,284,647,70,0.038704678416252136,2.869440459110473
10,285,647,70,0.04006534814834595,2.869440459110473
10,286,647,70,0.039876680821180344,2.869440459110473
10,287,647,70,0.040894683450460434,2.869440459110473
10,288,647,70,0.04209405928850174,2.869440459110473
10,289,647,70,0.04223884642124176,2.869440459110473
10,290,647,70,0.04158733785152435,2.869440459110473
10,291,647,70,0.04183337837457657,2.869440459110473
10,292,647,70,0.0432235412299633,2.869440459110473
10,293,647,70,0.041744980961084366,2.869440459110473
10,294,647,71,0.04146454855799675,2.0388057662089225
10,295,647,71,0.040715672075748444,2.018514722962355
10,296,647,71,0.04223237931728363,2.0255516840882692
10,297,647,71,0.042204566299915314,2.0599166495866634
10,298,647,71,0.04162305220961571,2.1075356972057113
10,299,647,71,0.04273363575339317,2.1551547448247588
10,300,647,73,0.04195944964885712,1.080685932909749
10,301,647,73,0.043797582387924194,0.9659766345562614
10,302,647,73,0.043532390147447586,0.9059233449477355
10,303,647,73,0.04442523419857025,0.90052606408417
10,304,647,73,0.04531868174672127,0.9497847919655664
10,305,647,73,0.04411572590470314,1.0388057662089225
10,306,647,73,0.0433574803173542,1.1551547448247588
10,307,647,73,0.04227089509367943,1.2980118876819016
10,308,647,73,0.0426267609000206,1.4408690305390446
10,309,647,73,0.04299952834844589,1.5837261733961874
10,310,647,73,0.043851710855960846,1.7265833162533302
10,311,647,70,0.044198423624038696,4.72658331625333
10,312,647,70,0.047366850078105927,4.72658331625333
10,313,647,70,0.04723375663161278,4.72658331625333
10,314,647,73,0.046381719410419464,2.5626152900184462
10,315,647,73,0.04636148363351822,2.5758693721390995
10,316,647,73,0.04265716299414635,2.5891234542597528
10,317,647,91,0.04282890260219574,14.987702398032384
10,318,647,91,0.04198075085878372,14.062649450023908
10,319,647,91,0.04195570573210716,13.164924506387917
10,320,647,91,0.043875087052583694,12.294527567124414
10,321,647,91,0.0430244505405426,11.546696727471476
10,322,647,91,0.040878862142562866,10.826193892191023
10,323,647,91,0.04205026477575302,10.133019061283049
10,324,647,99,0.04483239725232124,16.32103573136572
10,325,647,99,0.04479898512363434,15.110268497642963
10,326,647,126,0.044553350657224655,39.55913096946095
10,327,647,126,0.044122934341430664,37.06264945002391
10,328,647,126,0.042618051171302795,34.59349593495935
10,329,647,126,0.04122830182313919,32.15167042426727
10,330,647,126,0.040258023887872696,29.737172917947667
10,331,647,126,0.03935464099049568,27.350003416000547
10,332,647,126,0.04060181975364685,24.847304775568766
10,333,647,126,0.0401800312101841,22.371934139509467
10,334,647,126,0.04196387529373169,19.92389150782264
10,335,647,126,0.04163140803575516,17.64603402336544
10,336,647,126,0.04168148338794708,15.395504543280724
10,337,647,126,0.04193330183625221,13.17230306756849
10,338,647,126,0.040555935353040695,11.833572453371591
10,339,647,126,0.040027983486652374,10.522169843547175
10,340,647,126,0.03992622345685959,9.238095238095237
10,341,647,126,0.04068822041153908,7.981348637015781
10,342,647,126,0.04035837948322296,6.751930040308806
10,343,647,126,0.040602635592222214,5.549839447974311
10,344,647,126,0.04003521427512169,4.375076860012298
10,345,647,126,0.04036905989050865,3.608594657375145
10,346,647,126,0.04059639200568199,2.869440459110473
10,347,647,126,0.04131877422332764,2.869440459110473
10,348,647,126,0.04079209640622139,2.869440459110473
10,349,647,126,0.04029941186308861,2.869440459110473
10,350,647,126,0.040582749992609024,2.869440459110473
10,351,647,126,0.039534907788038254,2.869440459110473
10,352,647,126,0.03784852474927902,2.869440459110473
10,353,647,126,0.038289573043584824,2.869440459110473
10,354,647,126,0.038128562271595,2.869440459110473
10,355,647,126,0.03713139891624451,2.869440459110473
10,356,647,126,0.0370660126209259,2.869440459110473
10,357,647,126,0.03673386201262474,2.869440459110473
10,358,647,126,0.03848155215382576,2.869440459110473
10,359,647,126,0.03786608204245567,2.869440459110473
10,360,647,126,0.03886549174785614,2.869440459110473
10,361,647,126,0.038069918751716614,2.869440459110473
10,362,647,126,0.03736552223563194,2.869440459110473
10,363,647,126,0.037448860704898834,2.869440459110473
10,364,647,126,0.03820411488413811,2.869440459110473
10,365,647,126,0.03611580654978752,2.869440459110473
10,366,647,126,0.038209475576877594,2.869440459110473
10,367,647,126,0.037123389542102814,2.869440459110473
10,368,647,126,0.03655485063791275,2.869440459110473
10,369,647,126,0.03807061165571213,2.869440459110473
10,370,647,126,0.03803059086203575,2.869440459110473
10,371,647,126,0.03804771974682808,2.869440459110473
10,372,647,126,0.037262678146362305,2.869440459110473
10,373,647,126,0.03786420077085495,2.869440459110473
10,374,647,126,0.03790845349431038,2.869440459110473
10,375,647,126,0.036408230662345886,2.869440459110473
10,376,647,126,0.036994073539972305,2.869440459110473
10,377,647,126,0.036964159458875656,2.869440459110473
10,378,647,126,0.0375773049890995,2.869440459110473
10,379,647,126,0.036984462291002274,2.869440459110473
10,380,647,126,0.03509486839175224,2.869440459110473
10,381,647,126,0.03577961027622223,2.869440459110473
10,382,647,126,0.036653295159339905,2.869440459110473
10,383,647,126,0.03707791119813919,2.869440459110473
10,384,647,126,0.036688968539237976,2.869440459110473
10,385,647,126,0.037729501724243164,2.869440459110473
10,386,647,126,0.0393606536090374,2.869440459110473
10,387,647,126,0.03792419657111168,2.869440459110473
10,388,647,126,0.03925904631614685,2.869440459110473
10,389,647,126,0.038443684577941895,2.869440459110473
10,390,647,126,0.03921401873230934,2.869440459110473
10,391,647,126,0.03854268789291382,2.869440459110473
10,392,647,126,0.04153207316994667,2.869440459110473
10,393,647,126,0.041767437011003494,2.869440459110473
10,394,647,126,0.039801355451345444,2.869440459110473
10,395,647,126,0.04100143909454346,2.869440459110473
10,396,647,126,0.042940739542245865,2.869440459110473
10,397,647,126,0.04254816845059395,2.869440459110473
10,398,647,126,0.04245220869779587,2.869440459110473
10,399,647,126,0.040843650698661804,2.869440459110473
10,400,647,126,0.04072654992341995,2.869440459110473
10,401,647,126,0.04061824455857277,2.869440459110473
10,402,647,121,0.04027971997857094,7.631345221015233
10,403,647,121,0.04050714150071144,7.393249982919995
10,404,647,121,0.04058694466948509,7.155154744824758
10,405,647,121,0.0405944399535656,6.91705950672952
10,406,647,126,0.03909240663051605,3.5485413677666195
10,407,647,126,0.03950554504990578,3.4392293502766957
10,408,647,126,0.03886495903134346,3.3299173327867737
10,409,647,126,0.038397785276174545,3.22060531529685
10,410,647,126,0.04151827469468117,3.1112932978069265
10,411,647,126,0.04078973829746246,3.0019812803170045
10,412,647,126,0.04298017919063568,2.8926692628270807
10,413,647,126,0.043676070868968964,2.7833572453371587
10,414,647,126,0.04389742389321327,2.6740452278472366
10,415,647,126,0.045253388583660126,2.564733210357313
10,416,647,126,0.04408326745033264,2.455421192867391
10,417,647,126,0.044753298163414,2.3461091753774688
10,418,647,126,0.04493551328778267,2.236797157887545
10,419,647,126,0.04525059834122658,2.127485140397623
10,420,647,126,0.04535690322518349,2.033886725421876
10,421,647,126,0.04503357782959938,1.96761631481861
10,422,647,126,0.0450206957757473,1.9286739085878253
10,423,647,126,0.04635954275727272,2.1551547448247588
10,424,647,126,0.05073011666536331,2.393249982919997
10,425,647,126,0.04826665669679642,2.631345221015235
10,426,647,126,0.04379473626613617,2.869440459110473
10,427,647,126,0.042165033519268036,2.869440459110473
10,428,647,126,0.0452314130961895,2.869440459110473
10,429,647,126,0.045635055750608444,2.869440459110473
10,430,647,126,0.05036585032939911,2.869440459110473
10,431,647,130,0.047740086913108826,1.525449204071872
10,432,647,130,0.04676716402173042,1.3623010179681616
10,433,647,130,0.0460486076772213,1.2264808362369315
10,434,647,130,0.04542829096317291,1.1179886588781844
10,435,647,130,0.046731919050216675,1.0368244858919173
10,436,647,130,0.04761757701635361,0.9829883172781306
10,437,647,130,0.046466533094644547,0.9564801530368241
10,438,647,130,0.04802209138870239,0.9572999931679992
10,439,647,130,0.04697473719716072,0.9854478376716544
10,440,647,130,0.046850137412548065,1.0409236865477898
10,441,647,130,0.04557109624147415,1.1237275397964068
10,442,647,130,0.0458613857626915,1.233859397417504
10,443,647,130,0.04786990210413933,1.3713192594110815
10,444,647,130,0.048403140157461166,1.5361071257771404
10,445,647,130,0.046646907925605774,1.7265833162533308
10,446,647,130,0.04581873491406441,1.9170595067295213
10,447,647,130,0.04601466655731201,2.1075356972057118
10,448,647,130,0.04661183804273605,2.2980118876819025
10,449,647,130,0.04693741351366043,2.4884880781580927
10,450,647,130,0.047411080449819565,2.6789642686342834
10,451,647,130,0.0461050346493721,2.8694404591104736
10,452,647,130,0.044518157839775085,2.8694404591104736
10,453,647,130,0.045087460428476334,2.8694404591104736
10,454,647,130,0.04786038026213646,2.8694404591104736
10,455,647,130,0.045166049152612686,2.8694404591104736
10,456,647,130,0.04370120167732239,2.8694404591104736
10,457,647,130,0.0444013811647892,2.8694404591104736
10,458,647,130,0.04608479142189026,2.8694404591104736
10,459,647,130,0.045290663838386536,2.8694404591104736
10,460,647,130,0.04718371853232384,2.8694404591104736
10,461,647,130,0.043551549315452576,2.8694404591104736
10,462,647,130,0.044575903564691544,2.8694404591104736
10,463,647,130,0.045378945767879486,2.8694404591104736
10,464,647,130,0.04529986530542374,2.8694404591104736
10,465,647,130,0.04510601609945297,2.8694404591104736
10,466,647,130,0.04408147186040878,2.8694404591104736
10,467,647,130,0.045036233961582184,2.8694404591104736
10,468,647,130,0.045639026910066605,2.8694404591104736
10,469,647,130,0.04499024152755737,2.8694404591104736
10,470,647,130,0.045221634209156036,2.8694404591104736
10,471,647,130,0.04647223651409149,2.8694404591104736
10,472,647,130,0.04577956348657608,2.8694404591104736
10,473,647,130,0.046947963535785675,2.8694404591104736
10,474,647,130,0.0460217259824276,2.8694404591104736
10,475,647,130,0.04574058577418327,2.8694404591104736
10,476,647,130,0.04745684191584587,2.8694404591104736
10,477,647,130,0.0470895953476429,2.8694404591104736
10,478,647,130,0.047373879700899124,2.8694404591104736
10,479,647,130,0.04862415790557861,2.8694404591104736
10,480,647,130,0.04983501881361008,2.8694404591104736
10,481,647,130,0.05014050006866455,2.8694404591104736
10,482,647,130,0.049646295607089996,2.8694404591104736
10,483,647,130,0.049908120185136795,2.8694404591104736
10,484,647,130,0.048890527337789536,2.8694404591104736
10,485,647,130,0.051436055451631546,2.8694404591104736
10,486,647,130,0.05230803042650223,2.8694404591104736
10,487,647,130,0.0529927983880043,2.8694404591104736
10,488,647,130,0.05611789971590042,2.8694404591104736
10,489,647,130,0.05505554750561714,2.8694404591104736
10,490,647,130,0.05686652287840843,2.8694404591104736
10,491,647,130,0.056844864040613174,2.8694404591104736
10,492,647,130,0.05343769118189812,2.8694404591104736
10,493,647,130,0.05237206071615219,2.8694404591104736
10,494,647,130,0.0532548651099205,2.8694404591104736
10,495,647,130,0.05245140567421913,2.8694404591104736
10,496,647,130,0.05238256976008415,2.8694404591104736
10,497,647,130,0.05282841995358467,2.8694404591104736
10,498,647,130,0.0531882718205452,2.8694404591104736
10,499,647,130,0.052973292768001556,2.8694404591104736
10,500,647,130,0.05239718779921532,2.8694404591104736
10,501,647,130,0.05280207470059395,2.8694404591104736
10,502,647,130,0.05047672986984253,2.8694404591104736
10,503,647,130,0.05030481889843941,2.8694404591104736
10,504,647,130,0.05248864367604256,2.8694404591104736
10,505,647,130,0.051871441304683685,2.8694404591104736
10,506,647,130,0.05377485230565071,2.8694404591104736
10,507,647,126,0.05411414057016373,6.678964268634282
10,508,647,126,0.05353059992194176,6.488488078158091
10,509,647,126,0.05547498166561127,6.2980118876819
10,510,647,126,0.05315078794956207,6.107535697205711
10,511,647,126,0.052916210144758224,5.917059506729521
10,512,647,126,0.0542086660861969,5.72658331625333
10,513,647,126,0.05261469632387161,5.53610712577714
10,514,647,126,0.051413677632808685,5.3456309353009495
10,515,647,126,0.051641546189785004,5.155154744824759
10,516,647,126,0.05228419229388237,4.964678554348568
10,517,647,126,0.05198057368397713,4.774202363872378
10,518,647,126,0.05032407119870186,4.583726173396188
10,519,647,126,0.050678182393312454,4.393249982919997
10,520,647,126,0.05273933336138725,4.202773792443806
10,521,647,126,0.05240859463810921,4.0122976019676155
10,522,647,126,0.05449126288294792,3.8218214114914253
10,523,647,126,0.05291489139199257,3.631345221015235
10,524,647,126,0.05382602661848068,3.4408690305390444
10,525,647,126,0.05475424602627754,3.250392840062854
10,526,647,126,0.054900094866752625,3.0599166495866634
10,527,647,126,0.05520426109433174,2.869440459110473
10,528,647,126,0.054385699331760406,2.869440459110473
10,529,647,126,0.05518624931573868,2.869440459110473
10,530,647,60,0.05513165518641472,65.72658331625333
10,531,647,60,0.055499590933322906,62.58372617339619
10,532,647,60,0.05768784135580063,59.44086903053905
10,533,647,60,0.05736574903130531,56.2980118876819
10,534,647,60,0.058355990797281265,53.155154744824756
10,535,647,60,0.05862308293581009,50.01229760196762
10,536,647,60,0.05921439081430435,46.86944045911047
10,537,647,60,0.057479094713926315,43.72658331625333
10,538,647,60,0.0592942051589489,40.58372617339619
10,539,647,60,0.058701951056718826,37.44086903053905
10,540,647,60,0.05834987014532089,34.2980118876819
10,541,647,60,0.05785368010401726,31.15515474482476
10,542,647,60,0.05637380853295326,28.012297601967617
10,543,647,60,0.05461391434073448,24.86944045911046
10,544,647,60,0.05420869588851929,21.72658331625333
10,545,647,60,0.0561039075255394,18.583726173396187
10,546,647,60,0.05612580105662346,15.440869030539044
10,547,647,60,0.05567491799592972,12.298011887681902
10,548,647,60,0.05798082798719406,9.155154744824758
10,549,647,60,0.05674876272678375,6.012297601967616
10,550,647,60,0.05727245286107063,2.8694404591104736
10,551,647,60,0.05871371179819107,2.8694404591104736
10,552,647,60,0.05729100853204727,2.8694404591104736
10,553,647,60,0.05669544264674187,2.8694404591104736
10,554,647,60,0.05741157755255699,2.8694404591104736
10,555,647,60,0.05825125053524971,2.8694404591104736
10,556,647,60,0.059493307024240494,2.8694404591104736
10,557,647,60,0.0576031431555748,2.8694404591104736
10,558,647,60,0.057830192148685455,2.8694404591104736
10,559,647,60,0.05759494751691818,2.8694404591104736
10,560,647,60,0.0552690252661705,2.8694404591104736
10,561,647,60,0.05622415244579315,2.8694404591104736
10,562,647,60,0.05795059725642204,2.8694404591104736
10,563,647,60,0.05936925858259201,2.8694404591104736
10,564,647,60,0.05816343054175377,2.8694404591104736
10,565,647,60,0.0580432154238224,2.8694404591104736
10,566,647,60,0.061230599880218506,2.8694404591104736
10,567,647,60,0.05931366980075836,2.8694404591104736
10,568,647,60,0.05957898497581482,2.8694404591104736
10,569,647,60,0.060386668890714645,2.8694404591104736
10,570,647,60,0.06010274589061737,2.8694404591104736
10,571,647,60,0.06185680627822876,2.8694404591104736
10,572,647,60,0.06199796870350838,2.8694404591104736
10,573,647,60,0.06303685158491135,2.8694404591104736
10,574,647,60,0.06258032470941544,2.8694404591104736
10,575,647,60,0.05939861759543419,2.8694404591104736
10,576,647,60,0.059418514370918274,2.8694404591104736
10,577,647,60,0.058258675038814545,2.8694404591104736
10,578,647,60,0.05952886864542961,2.8694404591104736
10,579,647,60,0.05955614149570465,2.8694404591104736
10,580,647,60,0.05997471883893013,2.8694404591104736
10,581,647,60,0.060643598437309265,2.8694404591104736
10,582,647,60,0.05869954451918602,2.8694404591104736
10,583,647,60,0.058902181684970856,2.8694404591104736
10,584,647,60,0.059656284749507904,2.8694404591104736
10,585,647,60,0.058939747512340546,2.8694404591104736
10,586,647,60,0.058902375400066376,2.8694404591104736
10,587,647,60,0.05842111259698868,2.8694404591104736
10,588,647,60,0.05827851966023445,2.8694404591104736
10,589,647,60,0.0601675845682621,2.8694404591104736
10,590,647,60,0.058897290378808975,2.8694404591104736
10,591,647,60,0.059577010571956635,2.8694404591104736
10,592,647,60,0.05905495211482048,2.8694404591104736
10,593,647,60,0.059811852872371674,2.8694404591104736
10,594,647,60,0.057869020849466324,2.8694404591104736
10,595,647,60,0.057611171156167984,2.8694404591104736
10,596,647,60,0.05870771035552025,2.8694404591104736
10,597,647,60,0.05778764933347702,2.8694404591104736
10,598,647,60,0.05781254917383194,2.8694404591104736
10,599,647,60,0.05782415717840195,2.8694404591104736
10,600,647,60,0.05711974576115608,2.8694404591104736
10,601,647,60,0.05812065675854683,2.8694404591104736
10,602,647,60,0.058333154767751694,2.8694404591104736
10,603,647,60,0.058293603360652924,2.8694404591104736
10,604,647,60,0.05836758762598038,2.8694404591104736
10,605,647,60,0.0574551522731781,2.8694404591104736
10,606,647,60,0.05840758979320526,2.8694404591104736
10,607,647,60,0.05730356276035309,2.8694404591104736
10,608,647,60,0.05573834478855133,2.8694404591104736
10,609,647,60,0.05402035638689995,2.8694404591104736
10,610,647,60,0.052636463195085526,2.8694404591104736
10,611,647,60,0.05269093066453934,2.8694404591104736
10,612,647,60,0.051365770399570465,2.8694404591104736
10,613,647,60,0.05153926834464073,2.8694404591104736
10,614,647,60,0.0522686243057251,2.8694404591104736
10,615,647,60,0.05191856995224953,2.8694404591104736
10,616,647,60,0.05304357782006264,2.8694404591104736
10,617,647,60,0.05467129498720169,2.8694404591104736
10,618,647,60,0.0604553185403347,2.8694404591104736
10,619,647,55,0.06298399716615677,7.631345221015236
10,620,647,53,0.0674583688378334,9.298011887681904
10,621,647,186,0.06800783425569534,72.77420236387238
10,622,647,186,0.06922978907823563,69.25039284006286
10,623,647,186,0.07117024064064026,65.72658331625333
10,624,647,186,0.07323689758777618,62.20277379244381
10,625,647,186,0.07382960617542267,58.67896426863428
10,626,647,188,0.07251089811325073,53.7928537268566
10,627,647,188,0.07362019270658493,50.22764227642276
10,628,647,188,0.0780654102563858,46.6632506661201
10,629,647,188,0.07768001407384872,43.12618706018992
10,630,647,189,0.07821415364742279,39.1775637084102
10,631,647,189,0.08100982755422592,35.592061214729796
10,632,647,189,0.08156850934028625,32.048780487804876
10,633,647,189,0.08334733545780182,28.560155769624924
10,634,647,189,0.08199569582939148,25.1121131379381
10,635,647,190,0.08309782296419144,21.141559062649453
10,636,647,190,0.0828632339835167,17.606135136981624
10,637,647,190,0.08362909406423569,14.151875384300059
10,638,647,190,0.08261439204216003,10.752271640363464
10,639,647,190,0.08438479900360107,7.393249982919997
10,640,647,190,0.08233868330717087,4.298011887681902
10,641,647,192,0.08413391560316086,0.6522511443601854
10,642,647,192,0.08282838016748428,0.4932021589123462
10,643,647,192,0.08372856676578522,0.4434651909544278
10,644,647,192,0.08260694891214371,0.5014005602240884
10,645,647,192,0.08273734152317047,0.6413199426111895
10,646,647,192,0.08423953503370285,0.848329575732732
11,35,706,7,0.029971163719892502,2.869440459110473
11,36,706,7,0.02957809343934059,2.869440459110473
11,37,706,7,0.02935827523469925,2.869440459110473
11,38,706,7,0.029684491455554962,2.869440459110473
11,39,706,7,0.029827503487467766,2.869440459110473
11,40,706,7,0.030517837032675743,2.869440459110473
11,41,706,7,0.03035072050988674,2.869440459110473
11,42,706,7,0.02853591926395893,2.869440459110473
11,43,706,7,0.029528211802244186,2.869440459110473
11,44,706,7,0.029058678075671196,2.869440459110473
11,45,706,10,0.029337918385863304,1.366400218624034
11,46,706,10,0.02825082466006279,1.2508710801393714
11,47,706,10,0.028302958235144615,1.1626699460271903
11,48,706,12,0.028064951300621033,1.5930176948828318
11,49,706,12,0.027160562574863434,1.3822504611600739
11,50,706,12,0.028547164052724838,1.1988112318097977
11,51,706,15,0.02734507992863655,3.606750017080003
11,52,706,15,0.02877011150121689,3.2531256405001026
11,53,706,15,0.028535300865769386,2.9268292682926833
11,54,706,15,0.028226887807250023,2.627860900457744
11,55,706,15,0.02803182043135166,2.356220536995287
11,56,706,15,0.028212329372763634,2.1119081779053097
11,57,706,15,0.027541249990463257,1.8949238231878125
11,58,706,15,0.027276642620563507,1.7052674728427957
11,59,706,15,0.02674323506653309,1.5578328892532625
11,60,706,15,0.0283170398324728,1.4650543144086896
11,61,706,15,0.02780652418732643,1.4269317483090798
11,62,706,15,0.028437461704015732,1.4285714285714286
11,63,706,15,0.02836010232567787,1.4732527157204345
11,64,706,15,0.028259169310331345,1.5725900116144023
11,65,706,15,0.028778547421097755,1.7265833162533302
11,66,706,15,0.028647134080529213,1.9646785543485683
11,67,706,15,0.028117844834923744,2.2027737924438062
11,68,706,15,0.02801593765616417,2.4408690305390444
11,69,706,15,0.028333140537142754,2.5837261733961876
11,70,706,19,0.02788943238556385,1.5026986404317828
11,71,706,19,0.028553156182169914,1.3623010179681623
11,72,706,19,0.02762674354016781,1.2264808362369335
11,73,706,19,0.028274638578295708,1.117988658878185
11,74,706,19,0.02910768613219261,1.036824485891918
11,75,706,19,0.028415044769644737,0.9829883172781313
11,76,706,19,0.029448265209794044,0.9564801530368248
11,77,706,20,0.028783392161130905,0.9085195053631201
11,78,706,20,0.02828371338546276,0.8211382113821127
11,79,706,20,0.029909245669841766,0.7884129261460671
11,80,706,21,0.02898239903151989,0.964473594315775
11,81,706,21,0.02856966108083725,0.8302930928468949
11,82,706,21,0.028067735955119133,0.7780966044954569
11,83,706,21,0.029543500393629074,0.8078841292614608
11,84,706,21,0.028735430911183357,0.9047619047619048
11,85,706,21,0.028610456734895706,1.0289676846348303
11,86,706,21,0.02885560132563114,1.180501468880236
11,87,706,28,0.029070353135466576,5.46389287422286
11,88,706,28,0.02877294085919857,4.872173259547721
11,89,706,28,0.028526995331048965,4.307781649245064
11,90,706,28,0.028292372822761536,3.7707180433148872
11,91,706,28,0.029269136488437653,3.451458632233382
11,92,706,28,0.0289701409637928,3.159527225524357
11,93,706,28,0.028586693108081818,2.8949238231878125
11,94,706,28,0.028595739975571632,2.6576484252237482
11,95,706,28,0.029262490570545197,2.4477010316321652
11,96,706,28,0.02887117676436901,2.2650816424130626
11,97,706,28,0.029327616095542908,2.1097902575664413
11,98,706,28,0.02933509647846222,2.0294459247113483
11,99,706,28,0.028435127809643745,1.9764295962287353
11,100,706,28,0.02917315624654293,1.9507412721186037
11,101,706,28,0.029002215713262558,2.0
11,102,706,28,0.02922072634100914,2.076586732253878
11,103,706,28,0.029150869697332382,2.180501468880236
11,104,706,28,0.028727978467941284,2.311744209879074
11,105,706,28,0.028754131868481636,2.4703149552503927
11,106,706,28,0.028569810092449188,2.656213704994193
11,107,706,33,0.02809261716902256,2.02158912345426
11,108,706,33,0.02777537703514099,1.8108218897315018
11,109,706,33,0.027388902381062508,1.6273826603812243
11,110,706,33,0.02825896255671978,1.471271435403428
11,111,706,33,0.02839396335184574,1.3424882147981134
11,112,706,33,0.028732111677527428,1.241032998565279
11,113,706,33,0.02965518645942211,1.166905786704925
11,114,706,33,0.02953379601240158,1.120106579217051
11,115,706,33,0.028838029131293297,1.1006353761016587
11,116,706,33,0.02945082262158394,1.1084921773587464
11,117,706,33,0.029419686645269394,1.1436769829883158
11,118,706,33,0.029973596334457397,1.2061897929903656
11,119,706,33,0.029359623789787292,1.2960306073648953
11,120,706,33,0.028678711503744125,1.4131994261119065
11,121,706,33,0.029252540320158005,1.5576962492313982
11,122,706,33,0.029075199738144875,1.7295210767233713
11,123,706,33,0.02897241897881031,1.9286739085878246
11,124,706,33,0.029403315857052803,2.1551547448247583
11,125,706,33,0.029285820201039314,2.393249982919996
11,126,706,33,0.028491871431469917,2.631345221015234
11,127,706,33,0.028345126658678055,2.8694404591104723
11,128,706,33,0.02959495782852173,2.8694404591104723
11,129,706,33,0.02820289507508278,2.8694404591104723
11,130,706,33,0.027962354943156242,2.8694404591104723
11,131,706,33,0.029047206044197083,2.8694404591104723
11,132,706,33,0.027331378310918808,2.8694404591104723
11,133,706,33,0.02762220799922943,2.8694404591104723
11,134,706,33,0.028986625373363495,2.8694404591104723
11,135,706,33,0.027605675160884857,2.8694404591104723
11,136,706,33,0.02861609309911728,2.8694404591104723
11,137,706,33,0.028738752007484436,2.8694404591104723
11,138,706,33,0.02833707258105278,2.8694404591104723
11,139,706,33,0.02921249531209469,2.8694404591104723
11,140,706,33,0.028524884954094887,2.8694404591104723
11,141,706,33,0.028697622939944267,2.8694404591104723
11,142,706,33,0.028256457298994064,2.8694404591104723
11,143,706,33,0.027750110253691673,2.8694404591104723
11,144,706,33,0.028837747871875763,2.8694404591104723
11,145,706,33,0.028662454336881638,2.8694404591104723
11,146,706,33,0.027860179543495178,2.8694404591104723
11,147,706,33,0.02824159897863865,2.8694404591104723
11,148,706,33,0.02804306335747242,2.8694404591104723
11,149,706,33,0.02862217091023922,2.8694404591104723
11,150,706,33,0.028264431282877922,2.8694404591104723
11,151,706,33,0.029523925855755806,2.8694404591104723
11,152,706,33,0.030875718221068382,2.8694404591104723
11,153,706,38,0.03065437823534012,2.02158912345426
11,154,706,38,0.03041192889213562,1.8108218897315018
11,155,706,38,0.030435258522629738,1.6273826603812243
11,156,706,38,0.029186684638261795,1.471271435403428
11,157,706,38,0.029579967260360718,1.3424882147981134
11,158,706,38,0.02891763672232628,1.241032998565279
11,159,706,42,0.02910051867365837,4.273416683746669
11,160,706,42,0.0288382638245821,3.8721732595477207
11,161,706,42,0.029438825324177742,3.4982578397212527
11,162,706,42,0.028857123106718063,3.151670424267266
11,163,706,42,0.02870098128914833,2.832411013185761
11,164,706,42,0.028721559792757034,2.540479606476736
11,165,706,42,0.028745030984282494,2.2758762041401916
11,166,706,42,0.028621450066566467,2.038600806176127
11,167,706,42,0.029446549713611603,1.8302930928468928
11,168,706,48,0.02907399833202362,6.130559540889527
11,169,706,51,0.028571071103215218,8.27341668374667
11,170,706,51,0.029151465743780136,7.4436018309762915
11,171,706,51,0.029410995543003082,6.641114982578395
11,172,706,51,0.03027392365038395,5.86595613855298
11,173,706,51,0.029979031533002853,5.118125298900047
11,174,706,51,0.029089368879795074,4.635717701714832
11,175,706,51,0.02931651473045349,4.180638108902096
11,176,706,51,0.03060067817568779,3.7528865204618413
11,177,706,51,0.030290348455309868,3.352462936394068
11,178,706,51,0.030482303351163864,2.979367356698776
11,179,706,51,0.030543474480509758,2.6484935437589665
11,180,706,51,0.03101348876953125,2.547858167657306
11,181,706,51,0.02976989559829235,2.4745507959281268
11,182,706,51,0.03111026994884014,2.428571428571428
11,183,706,51,0.030074343085289,2.4099200655872104
11,184,706,51,0.032198306173086166,2.4185967069754732
11,185,706,52,0.031774863600730896,1.909680945548953
11,186,706,52,0.031548578292131424,1.8574844571975135
11,187,706,52,0.03156298026442528,1.8599439775910358
11,188,706,54,0.031473759561777115,1.1055544168887061
11,189,706,54,0.030826840549707413,1.1080139372822297
11,190,706,54,0.03139618784189224,1.0198128031700473
11,191,706,54,0.030677147209644318,0.9589396734303465
11,192,706,54,0.03153972327709198,0.9262143881943009
11,193,706,54,0.0325230248272419,0.948145111703217
11,194,706,54,0.03250421583652496,1.024731843957095
11,195,706,54,0.03233373165130615,1.1551547448247594
11,196,706,54,0.03181466832756996,1.2980118876819025
11,197,706,54,0.03137130290269852,1.4408690305390452
11,198,706,54,0.03132842108607292,1.583726173396188
11,199,706,54,0.031226137652993202,1.7265833162533308
11,200,706,54,0.0316806361079216,1.8694404591104739
11,201,706,54,0.03070910833775997,2.0122976019676164
11,202,706,56,0.030324043706059456,0.8193618910979038
11,203,706,56,0.032803505659103394,0.8943089430894317
11,204,706,56,0.03532658889889717,0.9965839994534397
11,205,706,56,0.035916365683078766,1.1261870601899293
11,206,706,56,0.04129905253648758,1.2354990776798527
11,207,706,56,0.04546264559030533,1.3721390995422564
11,208,706,56,0.04245314374566078,1.5361071257771404
11,209,706,58,0.042722396552562714,0.8596023775363802
11,210,706,60,0.041638463735580444,1.9877023980323834
11,211,706,60,0.03999738395214081,1.729316116690578
11,212,706,60,0.04187453165650368,1.4982578397212525
11,213,706,60,0.038416121155023575,1.2945275671244088
11,214,706,60,0.03885918855667114,1.1181252989000465
11,215,706,60,0.03789393603801727,0.9690510350481647
11,216,706,60,0.03511311113834381,0.8497642959622853
11,217,706,60,0.03594548627734184,0.8116417298626756
11,218,706,60,0.03600918874144554,0.8281751725080275
11,219,706,62,0.03768916055560112,1.4054792648766825
11,220,706,62,0.037832342088222504,1.1346587415453986
11,221,706,62,0.03869347646832466,0.9184942269590753
11,222,706,62,0.037831246852874756,0.7569857211177138
11,223,706,62,0.03796147182583809,0.7470109995217593
11,224,706,63,0.03853198513388634,0.8381498941039834
11,225,706,63,0.038032952696084976,0.7250802760128445
11,226,706,63,0.034135859459638596,0.6939946710391462
11,227,706,63,0.03479694947600365,0.7606066816970669
11,228,706,64,0.03383129462599754,0.5581744893079188
11,229,706,64,0.03538588434457779,0.46703559472569606
11,230,706,64,0.03322514891624451,0.5804468128714907
11,231,706,64,0.03289378061890602,0.7046525927444148
11,232,706,66,0.02673410438001156,1.035321445651431
11,233,706,66,0.025202734395861626,0.7785748445719742
11,234,706,66,0.028003646060824394,0.5764842522374805
11,235,706,66,0.028830695897340775,0.4447632711621229
11,236,706,66,0.029226403683423996,0.4223543075766874
11,237,706,66,0.02884843572974205,0.5092573614811768
11,238,706,66,0.027954766526818275,0.7038327526132397
11,239,706,66,0.02920028381049633,0.964678554348569
11,240,706,66,0.029807867482304573,1.1551547448247594
11,241,706,70,0.0302974171936512,2.4638928742228603
11,242,706,75,0.030050653964281082,6.844845255175242
11,243,706,75,0.030308404937386513,6.2531256405001026
11,244,706,75,0.028907308354973793,5.688734030197445
11,245,706,75,0.0283966064453125,5.199289471886315
11,246,706,85,0.02923732064664364,13.987702398032384
11,247,706,85,0.03063233382999897,12.967411354785819
11,248,706,85,0.029581187292933464,11.974448315911731
11,249,706,85,0.029182525351643562,11.056432329029175
11,250,706,85,0.02913842350244522,10.165744346519094
11,251,706,85,0.029292242601513863,9.3023843683815
11,252,706,85,0.02819470502436161,8.466352394616383
11,253,706,85,0.029676856473088264,7.752886520461842
11,254,706,85,0.02746928110718727,7.066748650679784
11,255,706,75,0.027510976418852806,6.712646034023366
11,256,706,75,0.027695324271917343,6.666666666666665
11,257,706,75,0.029070725664496422,6.648015303682448
11,258,706,75,0.027292652055621147,6.656691945070711
11,259,706,75,0.027356963604688644,6.70841019334563
11,260,706,75,0.027843521907925606,6.799070847851335
11,261,706,75,0.02818705514073372,6.91705950672952
11,262,706,75,0.029489004984498024,7.155154744824758
11,263,706,75,0.029050959274172783,7.155154744824758
11,264,706,75,0.028581742197275162,7.155154744824758
11,265,706,75,0.029287075623869896,7.155154744824758
11,266,706,75,0.029361160472035408,7.155154744824758
11,267,706,75,0.02840643748641014,6.678964268634282
11,268,706,75,0.028217405080795288,6.202773792443805
11,269,706,75,0.02916656993329525,5.72658331625333
11,270,706,85,0.0296686589717865,6.732937077269933
11,271,706,85,0.02879922278225422,6.323017011682722
11,272,706,85,0.02787478268146515,5.913096946095512
11,273,706,85,0.028225239366292953,5.503176880508301
11,274,706,85,0.027819368988275528,5.093256814921089
11,275,706,85,0.02813752554357052,4.68333674933388
11,276,706,85,0.028204988688230515,4.371114299378287
11,277,706,85,0.029038166627287865,4.086219853795177
11,278,706,85,0.02876238152384758,3.828653412584546
11,279,706,85,0.02845577523112297,3.598414975746396
11,280,706,85,0.029141079634428024,3.3955045432807274
11,281,706,85,0.02910345047712326,3.2199221151875386
11,282,706,85,0.030335156247019768,3.0716676914668306
11,283,706,88,0.028572995215654373,3.4477010316321652
11,284,706,88,0.028713814914226532,2.9528591924574705
11,285,706,88,0.028747711330652237,2.512673362027737
11,286,706,88,0.02879568375647068,2.1271435403429657
11,287,706,88,0.029200730845332146,1.796269727403155
11,288,706,88,0.028764206916093826,1.5200519232083072
11,289,706,88,0.028701329603791237,1.2984901277584195
11,290,706,88,0.028564898297190666,1.131584341053494
11,291,706,88,0.028895331546664238,1.2073512331761969
11,292,706,88,0.02931070141494274,1.3104461296713799
11,293,706,88,0.029498770833015442,1.4408690305390446
11,294,706,88,0.029173308983445168,1.5837261733961874
11,295,706,88,0.02924060821533203,1.7265833162533302
11,296,706,88,0.03017391450703144,1.8694404591104732
11,297,706,88,0.03031046688556671,2.012297601967616
11,298,706,88,0.0292890053242445,2.1551547448247588
11,299,706,88,0.030409416183829308,2.2980118876819016
11,300,706,88,0.028749806806445122,2.4408690305390444
11,301,706,88,0.029879402369260788,2.5837261733961876
11,302,706,88,0.03183168172836304,2.7265833162533304
11,303,706,88,0.029659507796168327,2.869440459110473
11,304,706,88,0.02985967881977558,2.869440459110473
11,305,706,88,0.030473405495285988,2.869440459110473
11,306,706,88,0.029527956619858742,2.869440459110473
11,307,706,88,0.030544305220246315,2.869440459110473
11,308,706,94,0.029656998813152313,2.8448452551752412
11,309,706,94,0.02880442515015602,2.5864589738334356
11,310,706,94,0.029563598334789276,2.3554006968641117
11,311,706,94,0.029499389231204987,2.151670424267268
11,312,706,94,0.03032122738659382,1.9752681560429044
11,313,706,94,0.030756091699004173,1.8261938921910226
11,314,706,94,0.029808415099978447,1.7044476327116207
11,315,706,94,0.02906079590320587,1.6100293776047006
11,316,706,94,0.029801445081830025,1.5429391268702606
11,317,706,94,0.02997664548456669,1.5031768805083008
11,318,706,94,0.030196964740753174,1.4907426385188225
11,319,706,94,0.030718356370925903,1.5056364009018244
11,320,706,99,0.030920252203941345,4.178178588508574
11,321,706,99,0.029667677357792854,3.681697069071531
11,322,706,99,0.028704943135380745,3.212543554006969
11,323,706,100,0.03081640787422657,3.5591309694609556
11,324,706,100,0.031394388526678085,3.029104324656691
11,325,706,100,0.030568163841962814,2.55373368859739
11,326,706,100,0.03155394643545151,2.1330190612830493
11,327,706,103,0.03189585730433464,4.130559540889527
11,328,706,103,0.03160473704338074,3.443601830976293
11,329,706,103,0.032055649906396866,3.069686411149826
11,330,706,103,0.030457744374871254,2.7230989956958394
11,331,706,103,0.02978961542248726,2.403839584614333
11,332,706,103,0.029643870890140533,2.1119081779053084
11,333,706,103,0.029992753639817238,1.8473047755687635
11,334,706,105,0.03196157142519951,2.750427000068321
11,335,706,105,0.030900467187166214,2.2820933251349325
11,336,706,105,0.0316639207303524,1.868415658946506
11,337,706,105,0.031844574958086014,1.5093940015030411
11,338,706,105,0.03143497556447983,1.2050283528045367
11,339,706,105,0.031638145446777344,0.9553187128509941
11,340,706,105,0.032124925404787064,0.7602650816424132
11,341,706,105,0.031643372029066086,0.8728564596570342
11,342,706,105,0.03142239898443222,1.0401038464166155
11,343,706,105,0.030076157301664352,1.2620072419211585
11,344,706,105,0.030976679176092148,1.4884880781580923
11,345,706,105,0.03165150433778763,1.7265833162533302
11,346,706,105,0.03017522394657135,1.9646785543485683
11,347,706,105,0.031043311581015587,2.2027737924438062
11,348,706,105,0.031237060204148293,2.2980118876819016
11,349,706,105,0.030532140284776688,2.393249982919997
11,350,706,105,0.030654486268758774,2.4884880781580923
11,351,706,108,0.02923852950334549,1.080685932909749
11,352,706,113,0.029949508607387543,4.797226207556194
11,353,706,113,0.02982981689274311,4.3483637357381975
11,354,706,113,0.030987657606601715,3.9268292682926833
11,355,706,113,0.0317441001534462,3.627860900457744
11,356,706,113,0.031535033136606216,3.3562205369952856
11,357,706,113,0.030760880559682846,3.1119081779053084
11,358,706,113,0.030589528381824493,2.894923823187811
11,359,706,121,0.030137624591588974,9.559130969460957
11,360,706,121,0.030595222488045692,8.824554211928675
11,361,706,121,0.03084012120962143,8.117305458768874
11,362,706,121,0.03026868775486946,7.437384709981555
11,363,706,113,0.030320938676595688,3.7437316389970627
11,364,706,113,0.03021709993481636,3.6907153105144497
11,365,706,113,0.02941916696727276,3.665026986404318
11,366,706,113,0.028988072648644447,3.6666666666666665
11,367,706,113,0.0291763823479414,3.6956343513014955
11,368,706,113,0.027925094589591026,3.751930040308806
11,369,706,113,0.028422173112630844,3.8512673362027736
11,370,706,113,0.028136450797319412,3.989547038327526
11,371,706,113,0.028455156832933426,4.155154744824759
11,372,706,113,0.028623318299651146,4.393249982919997
11,373,706,113,0.029455382376909256,4.393249982919997
11,374,706,113,0.028994495049118996,4.393249982919997
11,375,706,113,0.029209410771727562,4.393249982919997
11,376,706,113,0.03008473664522171,4.393249982919997
11,377,706,113,0.02905094437301159,4.393249982919997
11,378,706,113,0.02993425726890564,4.393249982919997
11,379,706,113,0.029960108920931816,4.393249982919997
11,380,706,113,0.026834381744265556,4.0122976019676155
11,381,706,113,0.027404215186834335,3.631345221015235
11,382,706,113,0.027610139921307564,3.250392840062854
11,383,706,121,0.027599219232797623,4.749607159937146
11,384,706,121,0.02843097783625126,4.395982783357245
11,385,706,121,0.030200157314538956,4.069686411149826
11,386,706,121,0.032195501029491425,3.7707180433148872
11,387,706,121,0.030525261536240578,3.4990776798524283
11,388,706,121,0.030982965603470802,3.254765320762451
11,389,706,121,0.02975148893892765,3.037780966044954
11,390,706,121,0.028393451124429703,2.8481246156999385
11,391,706,121,0.028553053736686707,2.6857962697274034
11,392,706,121,0.029370838776230812,2.5507959281273482
11,393,706,121,0.029772629961371422,2.443123590899775
11,394,706,121,0.03109329752624035,2.3627792580446814
11,395,706,121,0.03123573027551174,2.3097629295620683
11,396,706,121,0.03100750781595707,2.284074605451937
11,397,706,121,0.03092554584145546,2.2857142857142856
11,398,706,121,0.0314810611307621,2.3146819703491146
11,399,706,121,0.03117353469133377,2.370977659356425
11,400,706,121,0.03229885920882225,2.4546013527362156
11,401,706,121,0.03304794803261757,2.565553050488488
11,402,706,121,0.03295038640499115,2.7038327526132404
11,403,706,121,0.03163008764386177,2.869440459110473
11,404,706,121,0.032654132694005966,2.869440459110473
11,405,706,121,0.03292665258049965,2.869440459110473
11,406,706,121,0.03309326991438866,2.869440459110473
11,407,706,121,0.03324369341135025,2.869440459110473
11,408,706,121,0.0340547077357769,2.869440459110473
11,409,706,121,0.03439727798104286,2.869440459110473
11,410,706,121,0.03596033155918121,2.869440459110473
11,411,706,121,0.03604889661073685,2.869440459110473
11,412,706,121,0.03608552739024162,2.869440459110473
11,413,706,121,0.035933881998062134,2.869440459110473
11,414,706,121,0.036441974341869354,2.869440459110473
11,415,706,121,0.036316074430942535,2.869440459110473
11,416,706,121,0.03637048229575157,2.869440459110473
11,417,706,121,0.03602612391114235,2.869440459110473
11,418,706,121,0.03580065444111824,2.869440459110473
11,419,706,121,0.03588645160198212,2.869440459110473
11,420,706,121,0.0365811288356781,2.869440459110473
11,421,706,121,0.03653302788734436,2.869440459110473
11,422,706,121,0.03648645058274269,2.869440459110473
11,423,706,121,0.03547722473740578,2.869440459110473
11,424,706,121,0.03581683710217476,2.869440459110473
11,425,706,121,0.037296418100595474,2.869440459110473
11,426,706,121,0.04131263494491577,2.869440459110473
11,427,706,121,0.03819864243268967,2.869440459110473
11,428,706,121,0.039171747863292694,2.869440459110473
11,429,706,121,0.04030546918511391,2.869440459110473
11,430,706,121,0.04286123812198639,2.869440459110473
11,431,706,122,0.04283474013209343,2.0388057662089225
11,432,706,122,0.04479428008198738,2.018514722962355
11,433,706,126,0.04213599115610123,1.926351028216165
11,434,706,126,0.04745092615485191,1.7155837944934074
11,435,706,126,0.048817530274391174,1.532144565143131
11,436,706,126,0.04794788360595703,1.3760333401653349
11,437,706,126,0.04745710641145706,1.247250119560019
11,438,706,126,0.048565808683633804,1.1457949033271846
11,439,706,130,0.04456634819507599,4.178178588508574
11,440,706,130,0.044682033360004425,3.7769351643096254
11,441,706,130,0.042582783848047256,3.4030197444831574
11,442,706,130,0.04193431884050369,3.056432329029172
11,443,706,130,0.04092750698328018,2.737172917947667
11,444,706,130,0.03806896135210991,2.4452415112386423
11,445,706,130,0.03942447528243065,2.1806381089020976
11,446,706,130,0.03959785774350166,1.9433627109380345
11,447,706,130,0.040500614792108536,1.7350549976088003
11,448,706,130,0.04154886305332184,1.5814032930245265
11,449,706,130,0.04054896533489227,1.482407597185216
11,450,706,130,0.03814949095249176,1.4380679100908658
11,451,706,130,0.03841300681233406,1.4483842317414772
11,452,706,130,0.03738031163811684,1.5609756097560983
11,453,706,130,0.03562118858098984,1.7265833162533308
11,454,706,132,0.03350885957479477,0.9788891166222569
11,455,706,132,0.03439713642001152,0.9672747147639523
11,456,706,132,0.03264809027314186,1.0103163216506081
11,457,706,133,0.03303191438317299,0.967274714763955
11,458,706,133,0.03344785422086716,0.9088611054177779
11,459,706,133,0.03394182398915291,0.9324315091890414
11,460,706,134,0.03338312357664108,0.8111634897861596
11,461,706,134,0.032872430980205536,0.6629090660654513
11,462,706,135,0.031879082322120667,0.9263510282161638
11,463,706,135,0.03228915110230446,0.7155837944934059
11,464,706,135,0.03216957673430443,0.5470383275261302
11,465,706,135,0.03308267518877983,0.4753706360592998
11,466,706,135,0.03209449723362923,0.49894103983056465
11,467,706,136,0.031918324530124664,0.6154266584682659
11,468,706,139,0.03389819338917732,3.130559540889527
11,469,706,139,0.032785359770059586,2.7293161166905784
11,470,706,139,0.034371521323919296,2.3554006968641104
11,471,706,138,0.03917284309864044,1.3421466147434584
11,472,706,138,0.037333566695451736,1.070506251281001
11,473,706,138,0.034349557012319565,0.8410876545740258
11,474,706,138,0.03550489619374275,0.6687845870055347
11,475,706,138,0.034690938889980316,0.7159253945480616
11,476,706,138,0.03441866487264633,0.8707385393181648
11,477,706,139,0.036126382648944855,0.6555305048848827
11,478,706,139,0.03467893600463867,0.6620892259342777
11,479,706,139,0.03501385077834129,0.7903942064630715
11,480,706,139,0.03448415547609329,1.012297601967616
11,481,706,139,0.034351978451013565,1.2503928400628541
11,482,706,139,0.03462358936667442,1.4884880781580923
11,483,706,139,0.03432172164320946,1.6789642686342827
11,484,706,139,0.03454487398266792,1.8694404591104732
11,485,706,139,0.03369184955954552,2.0599166495866634
11,486,706,139,0.03499509021639824,2.250392840062854
11,487,706,139,0.035387106239795685,2.4408690305390444
11,488,706,139,0.034881480038166046,2.5837261733961876
11,489,706,139,0.0346100777387619,2.5837261733961876
11,490,706,139,0.03440583869814873,2.5837261733961876
11,491,706,139,0.03423798456788063,2.5837261733961876
11,492,706,139,0.035141922533512115,2.631345221015235
11,493,706,139,0.033943068236112595,2.6789642686342825
11,494,706,139,0.03412126377224922,2.7265833162533304
11,495,706,139,0.03336765244603157,2.774202363872378
11,496,706,139,0.03443446382880211,2.8218214114914253
11,497,706,139,0.03418267145752907,2.869440459110473
11,498,706,139,0.03412502631545067,2.869440459110473
11,499,706,139,0.035109344869852066,2.869440459110473
11,500,706,139,0.03517261520028114,2.869440459110473
11,501,706,139,0.03412175551056862,2.869440459110473
11,502,706,139,0.03494792431592941,2.869440459110473
11,503,706,139,0.034417811781167984,2.869440459110473
11,504,706,139,0.03486758843064308,2.869440459110473
11,505,706,139,0.03598633408546448,2.869440459110473
11,506,706,139,0.03458111360669136,2.869440459110473
11,507,706,139,0.03409676253795624,2.869440459110473
11,508,706,139,0.03411547839641571,2.869440459110473
11,509,706,139,0.033840931951999664,2.869440459110473
11,510,706,139,0.03450385481119156,2.869440459110473
11,511,706,139,0.033955592662096024,2.869440459110473
11,512,706,139,0.03435944393277168,2.869440459110473
11,513,706,139,0.03525538742542267,2.869440459110473
11,514,706,139,0.03519623726606369,2.869440459110473
11,515,706,139,0.03574719652533531,2.869440459110473
11,516,706,139,0.035810962319374084,2.869440459110473
11,517,706,139,0.034136053174734116,2.869440459110473
11,518,706,139,0.03406421095132828,2.869440459110473
11,519,706,139,0.0347224585711956,2.869440459110473
11,520,706,139,0.03461776673793793,2.869440459110473
11,521,706,139,0.035093389451503754,2.869440459110473
11,522,706,139,0.03402448445558548,2.869440459110473
11,523,706,139,0.0351594015955925,2.869440459110473
11,524,706,139,0.03443347290158272,2.869440459110473
11,525,706,139,0.03430696204304695,2.869440459110473
11,526,706,139,0.03450014442205429,2.869440459110473
11,527,706,139,0.03458966314792633,2.869440459110473
11,528,706,139,0.03451422601938248,2.869440459110473
11,529,706,139,0.035153262317180634,2.869440459110473
11,530,706,139,0.036169517785310745,2.869440459110473
11,531,706,139,0.03536612167954445,2.869440459110473
11,532,706,139,0.03384619206190109,2.869440459110473
11,533,706,139,0.0351664237678051,2.869440459110473
11,534,706,139,0.03340698033571243,2.869440459110473
11,535,706,139,0.03423263877630234,2.869440459110473
11,536,706,139,0.03411135450005531,2.869440459110473
11,537,706,139,0.033463023602962494,2.869440459110473
11,538,706,139,0.034822288900613785,2.869440459110473
11,539,706,139,0.033933959901332855,2.869440459110473
11,540,706,139,0.035307615995407104,2.869440459110473
11,541,706,139,0.035207752138376236,2.869440459110473
11,542,706,139,0.03514401987195015,2.869440459110473
11,543,706,139,0.03486066311597824,2.869440459110473
11,544,706,139,0.0346822552382946,2.869440459110473
11,545,706,139,0.0338277593255043,2.869440459110473
11,546,706,139,0.03536408767104149,2.869440459110473
11,547,706,139,0.03490154445171356,2.869440459110473
11,548,706,139,0.036273397505283356,2.869440459110473
11,549,706,139,0.035208810120821,2.869440459110473
11,550,706,139,0.0354931578040123,2.869440459110473
11,551,706,139,0.03503995016217232,2.869440459110473
11,552,706,139,0.034349240362644196,2.869440459110473
11,553,706,139,0.03454483300447464,2.869440459110473
11,554,706,139,0.03525672107934952,2.869440459110473
11,555,706,139,0.03591208904981613,2.869440459110473
11,556,706,139,0.035923950374126434,2.869440459110473
11,557,706,139,0.03578649461269379,2.869440459110473
11,558,706,139,0.035530731081962585,2.869440459110473
11,559,706,139,0.036433327943086624,2.869440459110473
11,560,706,139,0.03450779989361763,2.869440459110473
11,561,706,139,0.03470019996166229,2.869440459110473
11,562,706,139,0.03466368466615677,2.869440459110473
11,563,706,139,0.03423897922039032,2.869440459110473
11,564,706,139,0.034324709326028824,2.869440459110473
11,565,706,139,0.03449646383523941,2.869440459110473
11,566,706,139,0.033602047711610794,2.869440459110473
11,567,706,139,0.033595580607652664,2.869440459110473
11,568,706,139,0.033643629401922226,2.869440459110473
11,569,706,139,0.03369267284870148,2.869440459110473
11,570,706,139,0.03415313735604286,2.869440459110473
11,571,706,139,0.034251660108566284,2.869440459110473
11,572,706,139,0.034855179488658905,2.869440459110473
11,573,706,139,0.0344197116792202,2.869440459110473
11,574,706,139,0.03486411273479462,2.869440459110473
11,575,706,139,0.034279029816389084,2.869440459110473
11,576,706,139,0.03418317437171936,2.869440459110473
11,577,706,139,0.03520510718226433,2.869440459110473
11,578,706,139,0.03416462987661362,2.869440459110473
11,579,706,139,0.033771414309740067,2.869440459110473
11,580,706,139,0.03453192114830017,2.869440459110473
11,581,706,139,0.033387936651706696,2.869440459110473
11,582,706,139,0.033600591123104095,2.869440459110473
11,583,706,139,0.03427228331565857,2.869440459110473
11,584,706,139,0.03452858701348305,2.869440459110473
11,585,706,139,0.03364479914307594,2.869440459110473
11,586,706,139,0.03405625745654106,2.869440459110473
11,587,706,139,0.034184858202934265,2.869440459110473
11,588,706,139,0.03363429009914398,2.869440459110473
11,589,706,139,0.03528803214430809,2.869440459110473
11,590,706,139,0.034650180488824844,2.869440459110473
11,591,706,139,0.03550240024924278,2.869440459110473
11,592,706,139,0.03473765403032303,2.869440459110473
11,593,706,139,0.035426896065473557,2.869440459110473
11,594,706,139,0.03480760008096695,2.869440459110473
11,595,706,139,0.03545404225587845,2.869440459110473
11,596,706,139,0.03428420424461365,2.869440459110473
11,597,706,139,0.03470154106616974,2.869440459110473
11,598,706,139,0.035024501383304596,2.869440459110473
11,599,706,139,0.034645285457372665,2.869440459110473
11,600,706,139,0.03400710970163345,2.869440459110473
11,601,706,139,0.03351936861872673,2.869440459110473
11,602,706,139,0.03439855948090553,2.869440459110473
11,603,706,139,0.034504372626543045,2.869440459110473
11,604,706,139,0.033568479120731354,2.869440459110473
11,605,706,139,0.03428289666771889,2.869440459110473
11,606,706,139,0.03430628031492233,2.869440459110473
11,607,706,139,0.03474356234073639,2.869440459110473
11,608,706,139,0.03428855910897255,2.869440459110473
11,609,706,139,0.03449411690235138,2.869440459110473
11,610,706,139,0.0336647666990757,2.869440459110473
11,611,706,139,0.0348382443189621,2.869440459110473
11,612,706,139,0.03465064987540245,2.869440459110473
11,613,706,139,0.034256476908922195,2.869440459110473
11,614,706,139,0.034454379230737686,2.869440459110473
11,615,706,139,0.034195996820926666,2.869440459110473
11,616,706,139,0.03437420353293419,2.869440459110473
11,617,706,139,0.03280574828386307,2.869440459110473
11,618,706,139,0.03330300748348236,2.869440459110473
11,619,706,139,0.03447065129876137,2.869440459110473
11,620,706,139,0.03527694195508957,2.869440459110473
11,621,706,139,0.03431059047579765,2.869440459110473
11,622,706,139,0.03437114134430885,2.869440459110473
11,623,706,139,0.03563426062464714,2.869440459110473
11,624,706,139,0.03498401120305061,2.869440459110473
11,625,706,139,0.034767188131809235,2.869440459110473
11,626,706,139,0.035199567675590515,2.869440459110473
11,627,706,139,0.035259708762168884,2.869440459110473
11,628,706,139,0.036594126373529434,2.869440459110473
11,629,706,139,0.03628627583384514,2.869440459110473
11,630,706,139,0.035207659006118774,2.869440459110473
11,631,706,139,0.03440267592668533,2.869440459110473
11,632,706,139,0.03463224321603775,2.869440459110473
11,633,706,139,0.036147307604551315,2.869440459110473
11,634,706,139,0.03438940644264221,2.869440459110473
11,635,706,139,0.03465482220053673,2.869440459110473
11,636,706,139,0.03495503216981888,2.869440459110473
11,637,706,139,0.036062367260456085,2.869440459110473
11,638,706,139,0.03440897539258003,2.869440459110473
11,639,706,139,0.035339225083589554,2.869440459110473
11,640,706,139,0.03422866016626358,2.869440459110473
11,641,706,139,0.03413185849785805,2.869440459110473
11,642,706,139,0.03406727313995361,2.869440459110473
11,643,706,139,0.03358251228928566,2.869440459110473
11,644,706,139,0.03386656939983368,2.869440459110473
11,645,706,139,0.034413378685712814,2.869440459110473
11,646,706,139,0.03458721563220024,2.869440459110473
11,647,706,139,0.034341610968112946,2.869440459110473
11,648,706,139,0.033620670437812805,2.869440459110473
11,649,706,139,0.03256223723292351,2.869440459110473
11,650,706,139,0.033809106796979904,2.869440459110473
11,651,706,139,0.03383972495794296,2.869440459110473
11,652,706,139,0.03346491977572441,2.869440459110473
11,653,706,139,0.034010518342256546,2.869440459110473
11,654,706,139,0.032875631004571915,2.869440459110473
11,655,706,139,0.033512573689222336,2.869440459110473
11,656,706,139,0.03385203704237938,2.869440459110473
11,657,706,139,0.0335809700191021,2.869440459110473
11,658,706,139,0.03442823514342308,2.869440459110473
11,659,706,139,0.034167319536209106,2.869440459110473
11,660,706,139,0.033618126064538956,2.869440459110473
11,661,706,139,0.035348884761333466,2.869440459110473
11,662,706,139,0.03583972156047821,2.869440459110473
11,663,706,139,0.0343720018863678,2.869440459110473
11,664,706,139,0.03490414097905159,2.869440459110473
11,665,706,139,0.036889754235744476,2.869440459110473
11,666,706,139,0.03713720664381981,2.869440459110473
11,667,706,139,0.03648514673113823,2.869440459110473
11,668,706,139,0.03890662640333176,2.869440459110473
11,669,706,139,0.04218995198607445,2.869440459110473
11,670,706,139,0.046030446887016296,2.869440459110473
11,671,706,139,0.04776662215590477,2.869440459110473
11,672,706,139,0.05471854656934738,2.869440459110473
11,673,706,138,0.054422661662101746,3.8218214114914253
11,674,706,138,0.056596219539642334,3.774202363872378
11,675,706,138,0.05919022113084793,3.7265833162533304
11,676,706,138,0.0650697648525238,3.6789642686342825
11,677,706,138,0.06376533955335617,3.631345221015235
11,678,706,138,0.06851160526275635,3.5837261733961876
11,679,706,138,0.0692853108048439,3.5361071257771397
11,680,706,138,0.06766029447317123,3.4884880781580923
11,681,706,138,0.06864535808563232,3.4408690305390444
11,682,706,138,0.07812326401472092,3.393249982919997
11,683,706,138,0.07758823037147522,3.3456309353009495
11,684,706,138,0.07705403119325638,3.2980118876819016
11,685,706,196,0.07394351810216904,51.98770239803238
11,686,706,196,0.07748857885599136,49.300744688119146
11,687,706,196,0.07721883058547974,46.6411149825784
11,688,706,196,0.08117853850126266,44.00881328141013
11,689,706,196,0.07957132160663605,41.40383958461433
11,690,706,196,0.07858889549970627,38.82619389219102
11,691,706,196,0.08021031320095062,36.27587620414019
11,692,706,196,0.0800333023071289,33.75288652046184
11,693,706,196,0.07841329276561737,31.257224841155967
11,694,706,196,0.07757741212844849,28.741272118603536
11,695,706,196,0.0767364650964737,26.25264740042358
11,696,706,196,0.07512030750513077,23.79135068661611
11,697,706,196,0.07837876677513123,21.357381977181117
11,698,706,195,0.07723262906074524,19.23645555783289
11,699,706,195,0.07858911156654358,16.904761904761905
11,700,706,195,0.07641159743070602,14.600396256063402
11,701,706,195,0.07489955425262451,12.323358611737381
11,702,706,195,0.0776948556303978,10.073648971783836
11,703,706,195,0.07665847986936569,7.851267336202774
11,704,706,195,0.0777938961982727,5.656213704994191
11,705,706,195,0.07869172096252441,3.4884880781580923
12,35,841,7,0.03139186650514603,2.869440459110473
12,36,841,7,0.030413292348384857,2.869440459110473
12,37,841,7,0.032275933772325516,2.869440459110473
12,38,841,9,0.03136586397886276,1.5336476053836174
12,39,841,7,0.031059853732585907,2.9646785543485685
12,40,841,9,0.03061218000948429,1.493065518890484
12,41,841,9,0.03136129304766655,1.452483432397349
12,42,841,9,0.031115608289837837,1.4392293502766957
12,43,841,9,0.03031657636165619,1.4533032725285242
12,44,841,9,0.030072912573814392,1.4947051991528313
12,45,841,9,0.029481932520866394,1.5626152900184462
12,46,841,9,0.03020007163286209,1.631345221015235
12,47,841,9,0.029620612040162086,1.7265833162533302
12,48,841,12,0.03012235090136528,1.1644462663114032
12,49,841,12,0.029993321746587753,0.9685727949716474
12,50,841,12,0.028691204264760017,0.8124615699938512
12,51,841,15,0.029325658455491066,3.1781785885085747
12,52,841,15,0.02874736487865448,2.8245542119286737
12,53,841,15,0.028307944536209106,2.4982578397212545
12,54,841,15,0.029150856658816338,2.1992894718863156
12,55,841,15,0.02917509712278843,1.9276491084238583
12,56,841,15,0.029632868245244026,1.6833367493338809
12,57,841,15,0.029176015406847,1.466352394616384
12,58,841,15,0.028556903824210167,1.276696044271367
12,59,841,15,0.029373042285442352,1.2244995559199292
12,60,841,15,0.029541462659835815,1.1317209810753563
12,61,841,15,0.029363002628087997,1.1888365102138418
12,62,841,15,0.030386177822947502,1.2857142857142858
12,63,841,15,0.029800210148096085,1.4099200655872113
12,64,841,19,0.02961355447769165,2.5115119218419077
12,65,841,19,0.02939954772591591,2.0642891302862605
12,66,841,19,0.029673052951693535,1.6717223474755765
12,67,841,19,0.028949320316314697,1.3338115734098526
12,68,841,19,0.029507987201213837,1.0505568080890906
12,69,841,20,0.029101965948939323,1.2969870875179346
12,70,841,20,0.029151931405067444,1.0551342488214797
12,71,841,20,0.029294978827238083,0.8952654232424668
12,72,841,20,0.028640765696763992,0.8625401380064213
12,73,841,20,0.02911202795803547,0.870396939263509
12,74,841,20,0.029917651787400246,0.9055817448930784
12,75,841,20,0.02847614511847496,0.9680945548951281
12,76,841,20,0.028836853802204132,1.0579353692696578
12,77,841,20,0.02961716055870056,1.1751041880166693
12,78,841,20,0.028602300211787224,1.3196010111361607
12,79,841,20,0.029927466064691544,1.4914258386281338
12,80,841,20,0.030140293762087822,1.6905786704925871
12,81,841,20,0.030629316344857216,1.9170595067295206
12,82,841,20,0.029430119320750237,2.1551547448247588
12,83,841,20,0.029654016718268394,2.393249982919997
12,84,841,21,0.030015073716640472,1.8007105281136844
12,85,841,25,0.029771946370601654,2.0353214456514315
12,86,841,28,0.03070332109928131,4.606750017080003
12,87,841,28,0.029904011636972427,4.205506592881055
12,88,841,28,0.03007320687174797,3.831591173054588
12,89,841,28,0.029323330149054527,3.485003757600601
12,90,841,28,0.030149372294545174,3.213363394138144
12,91,841,28,0.029902076348662376,2.9690510350481665
12,92,841,28,0.029754573479294777,2.7520666803306697
12,93,841,28,0.028719695284962654,2.562410329985653
12,94,841,28,0.029470596462488174,2.400081984013118
12,95,841,28,0.028964027762413025,2.2650816424130626
12,96,841,28,0.02969006635248661,2.172303067568491
12,97,841,28,0.029593851417303085,2.119286739085878
12,98,841,28,0.028946667909622192,2.0935984149757467
12,99,841,28,0.03025350160896778,2.0952380952380953
12,100,841,28,0.029818687587976456,2.1242057798729257
12,101,841,28,0.02932525798678398,2.180501468880236
12,102,841,28,0.029137397184967995,2.2641251622600267
12,103,841,28,0.029311610385775566,2.3750768600122973
12,104,841,28,0.029423661530017853,2.51335656213705
12,105,841,28,0.02913331426680088,2.7265833162533304
12,106,841,28,0.030049258843064308,2.869440459110473
12,107,841,28,0.03074013814330101,2.869440459110473
12,108,841,28,0.030483482405543327,2.869440459110473
12,109,841,28,0.030386704951524734,2.869440459110473
12,110,841,28,0.029402367770671844,2.869440459110473
12,111,841,28,0.029196085408329964,2.869440459110473
12,112,841,28,0.028954068198800087,2.869440459110473
12,113,841,28,0.029695505276322365,2.869440459110473
12,114,841,28,0.02928962931036949,2.869440459110473
12,115,841,28,0.028445620089769363,2.869440459110473
12,116,841,28,0.03007303737103939,2.869440459110473
12,117,841,28,0.029030194506049156,2.869440459110473
12,118,841,28,0.02918527089059353,2.869440459110473
12,119,841,28,0.030290041118860245,2.869440459110473
12,120,841,28,0.02920919843018055,2.869440459110473
12,121,841,28,0.028675097972154617,2.869440459110473
12,122,841,28,0.0289976354688406,2.869440459110473
12,123,841,28,0.029274392873048782,2.869440459110473
12,124,841,28,0.02920396253466606,2.869440459110473
12,125,841,28,0.02971806935966015,2.869440459110473
12,126,841,28,0.029323862865567207,2.869440459110473
12,127,841,28,0.029191387817263603,2.869440459110473
12,128,841,28,0.030352160334587097,2.869440459110473
12,129,841,28,0.029454296454787254,2.869440459110473
12,130,841,28,0.02934197522699833,2.869440459110473
12,131,841,28,0.02894015423953533,2.869440459110473
12,132,841,28,0.02844472974538803,2.869440459110473
12,133,841,28,0.029665958136320114,2.869440459110473
12,134,841,28,0.028932815417647362,2.869440459110473
12,135,841,28,0.028195299208164215,2.869440459110473
12,136,841,28,0.029153848066926003,2.869440459110473
12,137,841,28,0.0300473403185606,2.869440459110473
12,138,841,28,0.030048741027712822,2.869440459110473
12,139,841,28,0.029681701213121414,2.869440459110473
12,140,841,28,0.029602322727441788,2.869440459110473
12,141,841,28,0.02880406193435192,2.869440459110473
12,142,841,28,0.029963793233036995,2.869440459110473
12,143,841,28,0.02909231185913086,2.869440459110473
12,144,841,28,0.029284222051501274,2.869440459110473
12,145,841,28,0.028699031099677086,2.869440459110473
12,146,841,28,0.029157597571611404,2.869440459110473
12,147,841,28,0.03016527183353901,2.869440459110473
12,148,841,28,0.03024258464574814,2.869440459110473
12,149,841,28,0.028929216787219048,2.869440459110473
12,150,841,28,0.02845582365989685,2.869440459110473
12,151,841,28,0.02917153760790825,2.869440459110473
12,152,841,28,0.029105525463819504,2.869440459110473
12,153,841,28,0.028562381863594055,2.869440459110473
12,154,841,28,0.029455270618200302,2.869440459110473
12,155,841,28,0.029075725004076958,2.869440459110473
12,156,841,28,0.0297286007553339,2.869440459110473
12,157,841,28,0.0291771087795496,2.869440459110473
12,158,841,28,0.0289983581751585,2.869440459110473
12,159,841,28,0.029611486941576004,2.869440459110473
12,160,841,28,0.029735147953033447,2.869440459110473
12,161,841,28,0.029267670586705208,2.869440459110473
12,162,841,28,0.029940534383058548,2.869440459110473
12,163,841,28,0.029834667220711708,2.869440459110473
12,164,841,28,0.029766183346509933,2.869440459110473
12,165,841,28,0.029995765537023544,2.869440459110473
12,166,841,28,0.029061079025268555,2.869440459110473
12,167,841,28,0.030206304043531418,2.869440459110473
12,168,841,28,0.030047904700040817,2.869440459110473
12,169,841,28,0.03020671010017395,2.869440459110473
12,170,841,28,0.02989085018634796,2.869440459110473
12,171,841,28,0.030529970303177834,2.869440459110473
12,172,841,28,0.030040010809898376,2.869440459110473
12,173,841,28,0.02958395518362522,2.869440459110473
12,174,841,28,0.030273890122771263,2.869440459110473
12,175,841,28,0.030007703229784966,2.869440459110473
12,176,841,28,0.030157703906297684,2.869440459110473
12,177,841,28,0.029752813279628754,2.869440459110473
12,178,841,28,0.030032547190785408,2.869440459110473
12,179,841,28,0.03044782392680645,2.869440459110473
12,180,841,28,0.030309652909636497,2.869440459110473
12,181,841,28,0.030891412869095802,2.869440459110473
12,182,841,28,0.03080020658671856,2.869440459110473
12,183,841,28,0.030017735436558723,2.869440459110473
12,184,841,28,0.0298928190022707,2.869440459110473
12,185,841,28,0.030596798285841942,2.869440459110473
12,186,841,28,0.029514353722333908,2.869440459110473
12,187,841,28,0.02967783249914646,2.869440459110473
12,188,841,28,0.031119178980588913,2.869440459110473
12,189,841,28,0.030188467353582382,2.869440459110473
12,190,841,28,0.030398910865187645,2.869440459110473
12,191,841,28,0.029708951711654663,2.869440459110473
12,192,841,28,0.030119337141513824,2.869440459110473
12,193,841,28,0.03062894009053707,2.869440459110473
12,194,841,28,0.02989724837243557,2.869440459110473
12,195,841,28,0.029213320463895798,2.869440459110473
12,196,841,28,0.02950400486588478,2.869440459110473
12,197,841,28,0.030293209478259087,2.869440459110473
12,198,841,28,0.03025265783071518,2.869440459110473
12,199,841,28,0.030221445485949516,2.869440459110473
12,200,841,28,0.029810046777129173,2.869440459110473
12,201,841,28,0.02993723563849926,2.869440459110473
12,202,841,28,0.030152535066008568,2.869440459110473
12,203,841,28,0.029984906315803528,2.869440459110473
12,204,841,28,0.028968563303351402,2.869440459110473
12,205,841,28,0.030463680624961853,2.869440459110473
12,206,841,28,0.030816959217190742,2.869440459110473
12,207,841,28,0.030945606529712677,2.869440459110473
12,208,841,28,0.029938505962491035,2.869440459110473
12,209,841,28,0.02983805537223816,2.869440459110473
12,210,841,28,0.029736483469605446,2.869440459110473
12,211,841,33,0.029665859416127205,2.02158912345426
12,212,841,33,0.03006209246814251,1.8108218897315018
12,213,841,33,0.0289459228515625,1.6273826603812243
12,214,841,33,0.029046006500720978,1.471271435403428
12,215,841,33,0.02892352268099785,1.3424882147981134
12,216,841,33,0.02806982956826687,1.241032998565279
12,217,841,33,0.02922259457409382,1.166905786704925
12,218,841,33,0.028831081464886665,1.120106579217051
12,219,841,33,0.02942214161157608,1.1006353761016587
12,220,841,33,0.029210632666945457,1.1084921773587464
12,221,841,33,0.030126966536045074,1.1436769829883158
12,222,841,33,0.02851700782775879,1.2061897929903656
12,223,841,33,0.029580434784293175,1.2960306073648953
12,224,841,33,0.03036257065832615,1.4131994261119065
12,225,841,33,0.030585503205657005,1.5576962492313982
12,226,841,33,0.030363665893673897,1.7295210767233713
12,227,841,33,0.029831407591700554,1.9286739085878246
12,228,841,33,0.029646385461091995,2.1551547448247583
12,229,841,33,0.030559686943888664,2.393249982919996
12,230,841,33,0.029974479228258133,2.631345221015234
12,231,841,33,0.02998488023877144,2.8694404591104723
12,232,841,33,0.029350604861974716,2.8694404591104723
12,233,841,33,0.02880563959479332,2.8694404591104723
12,234,841,33,0.029272932559251785,2.8694404591104723
12,235,841,33,0.029966343194246292,2.8694404591104723
12,236,841,33,0.029364444315433502,2.8694404591104723
12,237,841,33,0.030332254245877266,2.8694404591104723
12,238,841,33,0.02986934408545494,2.8694404591104723
12,239,841,33,0.030177738517522812,2.8694404591104723
12,240,841,33,0.030824214220046997,2.8694404591104723
12,241,841,33,0.030400022864341736,2.8694404591104723
12,242,841,33,0.02999301254749298,2.8694404591104723
12,243,841,33,0.02991599217057228,2.8694404591104723
12,244,841,33,0.02976706624031067,2.8694404591104723
12,245,841,33,0.029134608805179596,2.8694404591104723
12,246,841,33,0.029692115262150764,2.8694404591104723
12,247,841,33,0.02943139709532261,2.8694404591104723
12,248,841,33,0.028367657214403152,2.8694404591104723
12,249,841,33,0.028373636305332184,2.8694404591104723
12,250,841,33,0.03000819869339466,2.8694404591104723
12,251,841,33,0.02940036728978157,2.8694404591104723
12,252,841,33,0.029496051371097565,2.8694404591104723
12,253,841,33,0.02918301336467266,2.8694404591104723
12,254,841,33,0.029356615617871284,2.8694404591104723
12,255,841,33,0.029661385342478752,2.8694404591104723
12,256,841,33,0.03073718771338463,2.8694404591104723
12,257,841,33,0.030705375596880913,2.8694404591104723
12,258,841,38,0.03031400963664055,2.02158912345426
12,259,841,38,0.030870920047163963,1.8108218897315018
12,260,841,38,0.03002835437655449,1.6273826603812243
12,261,841,38,0.030244600027799606,1.471271435403428
12,262,841,38,0.03158710524439812,1.3424882147981134
12,263,841,38,0.03087422624230385,1.241032998565279
12,264,841,38,0.03074394352734089,1.166905786704925
12,265,841,42,0.029819512739777565,4.035321445651431
12,266,841,42,0.030259521678090096,3.6340780214524826
12,267,841,42,0.030100097879767418,3.2601626016260146
12,268,841,42,0.029431242495775223,2.913575186172028
12,269,841,42,0.03025095909833908,2.594315775090523
12,270,841,42,0.030900098383426666,2.302384368381498
12,271,841,42,0.029468907043337822,2.0377809660449535
12,272,841,44,0.030357660725712776,2.9409031905445095
12,273,841,45,0.03038000501692295,3.3686547789847645
12,274,841,45,0.02981548197567463,2.8245542119286733
12,275,841,45,0.029869744554162025,2.307781649245062
12,276,841,45,0.029565399512648582,1.8473047755687628
12,277,841,48,0.02989724837243557,3.9400833504133357
12,278,841,48,0.03091387078166008,3.2531256405001017
12,279,841,48,0.03048829920589924,2.8315911730545857
12,280,841,48,0.030642462894320488,2.4373847099815515
12,281,841,48,0.03159010037779808,2.070506251280999
12,282,841,48,0.030425990000367165,1.7309557969529266
12,283,841,48,0.030582908540964127,1.4187333469973342
12,284,841,52,0.030332306399941444,4.178178588508574
12,285,841,52,0.030792992562055588,3.5388399262143873
12,286,841,52,0.02993471920490265,3.1173054587688718
12,287,841,52,0.031099814921617508,2.7230989956958376
12,288,841,52,0.030309665948152542,2.3562205369952847
12,289,841,52,0.030142201110720634,2.016670082667212
12,290,841,52,0.030755620449781418,1.70444763271162
12,291,841,52,0.0315118245780468,1.4211928673908567
12,292,841,52,0.0311514250934124,1.1925941108150564
12,293,841,52,0.031588248908519745,1.1138894582223133
12,294,841,52,0.03195042535662651,1.137459861993578
12,295,841,52,0.031856078654527664,1.2156862745098034
12,296,841,52,0.0320093147456646,1.3485686957709904
12,297,841,52,0.03196609020233154,1.5361071257771404
12,298,841,52,0.031635597348213196,1.7265833162533308
12,299,841,52,0.03186294063925743,1.9170595067295213
12,300,841,52,0.03232572600245476,2.1075356972057118
12,301,841,52,0.03338003158569336,2.2980118876819025
12,302,841,52,0.03311951085925102,2.4884880781580927
12,303,841,52,0.03278997540473938,2.6789642686342834
12,304,841,56,0.03277845308184624,1.5254492040718732
12,305,841,56,0.03259303420782089,1.362301017968163
12,306,841,56,0.03293679282069206,1.2264808362369328
12,307,841,56,0.03287746012210846,1.1179886588781844
12,308,841,56,0.0328897088766098,1.0368244858919173
12,309,841,56,0.03287777677178383,0.9829883172781306
12,310,841,56,0.03209630027413368,0.9564801530368241
12,311,841,56,0.032173968851566315,0.9572999931679979
12,312,841,56,0.03159768506884575,0.985447837671653
12,313,841,56,0.03163551166653633,1.0409236865477898
12,314,841,56,0.034656986594200134,1.1237275397964068
12,315,841,56,0.03487042337656021,1.233859397417504
12,316,841,56,0.038877345621585846,1.3713192594110815
12,317,841,56,0.039203595370054245,1.5361071257771404
12,318,841,56,0.04111591726541519,1.7265833162533308
12,319,841,60,0.04145665466785431,1.9230716676914672
12,320,841,60,0.03983214497566223,1.6257429801188767
12,321,841,60,0.04214700683951378,1.3830703012912469
12,322,841,60,0.04050810635089874,1.1950536312085789
12,323,841,60,0.04004014655947685,1.061692969870874
12,324,841,60,0.038635097444057465,0.9829883172781306
12,325,841,60,0.03977646678686142,0.9564801530368241
12,326,841,60,0.04030539095401764,0.9572999931679979
12,327,841,60,0.04111073911190033,0.985447837671653
12,328,841,60,0.03958583623170853,1.0409236865477898
12,329,841,60,0.04012684151530266,1.1237275397964068
12,330,841,60,0.039827100932598114,1.233859397417504
12,331,841,60,0.039168842136859894,1.3713192594110815
12,332,841,60,0.04156660661101341,1.5361071257771404
12,333,841,60,0.042551204562187195,1.7265833162533308
12,334,841,60,0.04182210564613342,1.9170595067295213
12,335,841,60,0.03906453028321266,2.1075356972057118
12,336,841,60,0.034088872373104095,2.2980118876819025
12,337,841,60,0.0350705049932003,2.4884880781580927
12,338,841,60,0.031450044363737106,2.6789642686342834
12,339,841,60,0.03082343190908432,2.8694404591104736
12,340,841,60,0.032567400485277176,2.8694404591104736
12,341,841,60,0.03178437799215317,2.8694404591104736
12,342,841,55,0.033578455448150635,7.631345221015236
12,343,841,55,0.03474843502044678,7.393249982919999
12,344,841,55,0.03529665991663933,7.1551547448247605
12,345,841,55,0.034513749182224274,6.917059506729522
12,346,841,52,0.03474130854010582,9.536107125777141
12,347,841,52,0.03282199800014496,9.15515474482476
12,348,841,52,0.03382148593664169,8.77420236387238
12,349,841,52,0.03308679163455963,8.393249982919999
12,350,841,52,0.033075593411922455,8.012297601967617
12,351,841,56,0.03337212651968002,5.316663250666121
12,352,841,56,0.03201857581734657,4.989547038327527
12,353,841,56,0.03162752091884613,4.662430825988933
12,354,841,56,0.03357718512415886,4.335314613650338
12,355,841,56,0.03500800579786301,4.008198401311744
12,356,841,56,0.038426175713539124,3.68108218897315
12,357,841,56,0.04178507253527641,3.353965976634556
12,358,841,56,0.0413033552467823,3.0268497642959615
12,359,841,56,0.03970018029212952,2.6997335519573675
12,360,841,58,0.04054572433233261,1.9892054382728712
12,361,841,60,0.0405566431581974,2.4025415044066407
12,362,841,60,0.04043702036142349,1.9536790325886446
12,363,841,60,0.041323222219944,1.770239803238367
12,364,841,60,0.041261427104473114,1.5984149757463952
12,365,841,60,0.03942526876926422,1.4282298285167723
12,366,841,60,0.04018154740333557,1.2853726856596293
12,367,841,60,0.039497312158346176,1.1255038600806164
12,368,841,60,0.040188029408454895,1.0467992074878718
12,369,841,60,0.040127258747816086,1.022750563640089
12,370,841,60,0.03982146084308624,1.053357928537268
12,371,841,60,0.0395682193338871,1.1386213021794087
12,372,841,60,0.03966275602579117,1.2760811641729863
12,373,841,60,0.04153580963611603,1.4408690305390452
12,374,841,60,0.03962033614516258,1.6313452210152357
12,375,841,60,0.04081759229302406,1.8218214114914262
12,376,841,60,0.039287470281124115,2.0122976019676164
12,377,841,60,0.04062623158097267,2.202773792443807
12,378,841,60,0.042642392218112946,2.393249982919998
12,379,841,60,0.041163403540849686,2.583726173396188
12,380,841,60,0.040724076330661774,2.7742023638723787
12,381,841,60,0.04108734428882599,2.8694404591104736
12,382,841,60,0.040520913898944855,2.8694404591104736
12,383,841,60,0.04264135658740997,2.8694404591104736
12,384,841,60,0.04122757911682129,2.8694404591104736
12,385,841,60,0.042640555649995804,2.8694404591104736
12,386,841,60,0.0420590378344059,2.8694404591104736
12,387,841,60,0.03941666707396507,2.8694404591104736
12,388,841,60,0.04087989777326584,2.8694404591104736
12,389,841,60,0.04029276221990585,2.8694404591104736
12,390,841,60,0.03987815976142883,2.8694404591104736
12,391,841,60,0.0376821905374527,2.8694404591104736
12,392,841,60,0.041384633630514145,2.8694404591104736
12,393,841,60,0.03965495526790619,2.8694404591104736
12,394,841,62,0.03908698260784149,1.533647605383618
12,395,841,62,0.03807764872908592,1.465737514518003
12,396,841,62,0.03618042916059494,1.4251554280248682
12,397,841,62,0.03575461730360985,1.411901345904215
12,398,841,62,0.03570957109332085,1.4259752681560431
12,399,841,62,0.03680453449487686,1.4673771947803518
12,400,841,62,0.03750067204236984,1.5361071257771404
12,401,841,62,0.03754505515098572,1.6313452210152357
12,402,841,62,0.037590593099594116,1.7265833162533308
12,403,841,62,0.03601280599832535,1.8218214114914262
12,404,841,63,0.03708157688379288,1.0864248138279722
12,405,841,63,0.037933021783828735,1.1613718658195
12,406,841,63,0.03601056709885597,1.263646922183508
12,407,841,63,0.03365147113800049,1.3932499829199976
12,408,841,64,0.03471707925200462,0.7858167657306845
12,409,841,64,0.03332735598087311,0.8545466967274732
12,410,841,64,0.03316689655184746,0.9779326364692222
12,411,841,64,0.03130115568637848,1.1551547448247594
12,412,841,64,0.03171711415052414,1.34563093530095
12,413,841,64,0.032949239015579224,1.5361071257771404
12,414,841,66,0.03210004046559334,0.7635444421671113
12,415,841,66,0.030775632709264755,0.6161098585775766
12,416,841,66,0.030257320031523705,0.5506592881054854
12,417,841,66,0.03105510026216507,0.5671927307508374
12,418,841,66,0.030625727027654648,0.6640705062512813
12,419,841,66,0.030777469277381897,0.800710528113685
12,420,841,66,0.03214936703443527,0.964678554348569
12,421,841,66,0.03231634199619293,1.1551547448247594
12,422,841,66,0.031092222779989243,1.34563093530095
12,423,841,66,0.0314471572637558,1.5361071257771404
12,424,841,66,0.03177405521273613,1.7265833162533308
12,425,841,66,0.03083029016852379,1.8694404591104739
12,426,841,73,0.030202236026525497,4.6543690646990505
12,427,841,73,0.0314348079264164,4.205506592881055
12,428,841,73,0.030613001435995102,3.7839721254355405
12,429,841,73,0.03053555078804493,3.4373847099815538
12,430,841,73,0.03153640404343605,3.1181252989000474
12,431,841,73,0.03225352615118027,2.8261938921910223
12,432,841,73,0.02998781017959118,2.5615904898544777
12,433,841,73,0.029853379353880882,2.3243150918904147
12,434,841,73,0.030580317601561546,2.1143676982988318
12,435,841,73,0.030017493292689323,2.0269864043178245
12,436,841,73,0.030052656307816505,1.9669331147092985
12,437,841,73,0.031343236565589905,1.934207829473253
12,438,841,73,0.03073137439787388,1.9288105486096876
12,439,841,73,0.030666563659906387,1.9507412721186037
12,440,841,73,0.031822655349969864,2.0
12,441,841,73,0.031940218061208725,2.0765867322538765
12,442,841,73,0.030128179118037224,2.1805014688802347
12,443,841,73,0.03114350140094757,2.311744209879073
12,444,841,73,0.031437210738658905,2.4703149552503927
12,445,841,73,0.030866410583257675,2.656213704994193
12,446,841,73,0.03205791115760803,2.869440459110473
12,447,841,73,0.031059183180332184,2.869440459110473
12,448,841,73,0.032128144055604935,2.869440459110473
12,449,841,73,0.032513219863176346,2.869440459110473
12,450,841,73,0.03325590118765831,2.869440459110473
12,451,841,73,0.03282314911484718,2.869440459110473
12,452,841,73,0.033119913190603256,2.869440459110473
12,453,841,73,0.03339700028300285,2.869440459110473
12,454,841,73,0.03393084928393364,2.869440459110473
12,455,841,73,0.03341410681605339,2.869440459110473
12,456,841,73,0.034072376787662506,2.869440459110473
12,457,841,73,0.03446350619196892,2.869440459110473
12,458,841,73,0.033982038497924805,2.869440459110473
12,459,841,73,0.03500773757696152,2.869440459110473
12,460,841,73,0.035192567855119705,2.869440459110473
12,461,841,73,0.035610511898994446,2.869440459110473
12,462,841,73,0.036195117980241776,2.869440459110473
12,463,841,73,0.0349431075155735,2.869440459110473
12,464,841,73,0.03456103056669235,2.869440459110473
12,465,841,73,0.035873353481292725,2.869440459110473
12,466,841,73,0.034775715321302414,2.869440459110473
12,467,841,73,0.033607520163059235,2.869440459110473
12,468,841,73,0.032536666840314865,2.869440459110473
12,469,841,73,0.034396592527627945,2.869440459110473
12,470,841,73,0.03303556516766548,2.869440459110473
12,471,841,73,0.032968565821647644,2.869440459110473
12,472,841,73,0.032901689410209656,2.869440459110473
12,473,841,73,0.033992744982242584,2.869440459110473
12,474,841,73,0.03360565006732941,2.869440459110473
12,475,841,73,0.03203607350587845,2.869440459110473
12,476,841,73,0.03366683050990105,2.869440459110473
12,477,841,73,0.034400373697280884,2.869440459110473
12,478,841,73,0.03421202301979065,2.869440459110473
12,479,841,73,0.032627563923597336,2.869440459110473
12,480,841,73,0.03354136273264885,2.869440459110473
12,481,841,73,0.03317539393901825,2.869440459110473
12,482,841,73,0.03534968942403793,2.869440459110473
12,483,841,73,0.03678188845515251,2.869440459110473
12,484,841,73,0.03458625450730324,2.869440459110473
12,485,841,73,0.035460297018289566,2.869440459110473
12,486,841,73,0.03405638039112091,2.869440459110473
12,487,841,73,0.034312594681978226,2.869440459110473
12,488,841,73,0.03357555344700813,2.869440459110473
12,489,841,73,0.033253662288188934,2.869440459110473
12,490,841,73,0.03467424958944321,2.869440459110473
12,491,841,91,0.034163687378168106,14.27341668374667
12,492,841,91,0.033430807292461395,13.443601830976295
12,493,841,91,0.03239944577217102,12.641114982578399
12,494,841,126,0.032544974237680435,45.035321445651434
12,495,841,126,0.03218734264373779,42.538839926214386
12,496,841,126,0.0333818718791008,40.069686411149824
12,497,841,126,0.033829446882009506,37.62786090045775
12,498,841,126,0.03262032940983772,35.21336339413814
12,499,841,126,0.03383033722639084,32.82619389219102
12,500,841,126,0.031987059861421585,30.466352394616386
12,501,841,126,0.033409394323825836,28.133838901414226
12,502,841,126,0.03392549231648445,25.828653412584544
12,503,841,126,0.033752456307411194,23.550795928127346
12,504,841,126,0.0346309095621109,21.300266448042628
12,505,841,126,0.03333437070250511,19.077064972330398
12,506,841,126,0.03439681977033615,16.88119150099064
12,507,841,126,0.03573375195264816,14.712646034023367
12,508,841,126,0.034840453416109085,12.571428571428571
12,509,841,126,0.033373311161994934,10.457539113206257
12,510,841,126,0.0329500213265419,8.370977659356425
12,511,841,126,0.03304397314786911,6.311744209879073
12,512,841,126,0.032826200127601624,5.13698162191706
12,513,841,126,0.033137012273073196,3.989547038327526
12,514,841,126,0.03259297460317612,2.869440459110473
12,515,841,126,0.033035214990377426,2.869440459110473
12,516,841,126,0.03162853419780731,2.869440459110473
12,517,841,126,0.03206475079059601,2.869440459110473
12,518,841,126,0.03216461092233658,2.869440459110473
12,519,841,126,0.032329052686691284,2.869440459110473
12,520,841,126,0.031298715621232986,2.869440459110473
12,521,841,126,0.0331590510904789,2.869440459110473
12,522,841,126,0.03243947774171829,2.869440459110473
12,523,841,126,0.03248921036720276,2.869440459110473
12,524,841,126,0.03339971601963043,2.869440459110473
12,525,841,126,0.03361782804131508,2.869440459110473
12,526,841,126,0.03272482752799988,2.869440459110473
12,527,841,126,0.03298947215080261,2.869440459110473
12,528,841,126,0.03453841060400009,2.869440459110473
12,529,841,126,0.034237366169691086,2.869440459110473
12,530,841,126,0.03461645916104317,2.869440459110473
12,531,841,126,0.03499675914645195,2.869440459110473
12,532,841,126,0.0340837687253952,2.869440459110473
12,533,841,126,0.03182530030608177,2.869440459110473
12,534,841,126,0.031881626695394516,2.869440459110473
12,535,841,126,0.03198371082544327,2.869440459110473
12,536,841,126,0.03276541084051132,2.869440459110473
12,537,841,126,0.03331258147954941,2.869440459110473
12,538,841,126,0.03242462873458862,2.869440459110473
12,539,841,126,0.031651124358177185,2.869440459110473
12,540,841,126,0.03450731188058853,2.869440459110473
12,541,841,126,0.033643171191215515,2.869440459110473
12,542,841,126,0.033976681530475616,2.869440459110473
12,543,841,126,0.03571366146206856,2.869440459110473
12,544,841,126,0.03615018352866173,2.869440459110473
12,545,841,126,0.036668673157691956,2.869440459110473
12,546,841,126,0.037497784942388535,2.869440459110473
12,547,841,126,0.036971040070056915,2.869440459110473
12,548,841,126,0.035209737718105316,2.869440459110473
12,549,841,126,0.035834815353155136,2.869440459110473
12,550,841,126,0.036040231585502625,2.869440459110473
12,551,841,126,0.0355415865778923,2.869440459110473
12,552,841,126,0.03551042824983597,2.869440459110473
12,553,841,126,0.03546680510044098,2.869440459110473
12,554,841,126,0.035130396485328674,2.869440459110473
12,555,841,126,0.035705290734767914,2.869440459110473
12,556,841,126,0.03485811501741409,2.869440459110473
12,557,841,126,0.03543010726571083,2.869440459110473
12,558,841,126,0.03309689089655876,2.869440459110473
12,559,841,126,0.033974334597587585,2.869440459110473
12,560,841,126,0.0340101383626461,2.869440459110473
12,561,841,126,0.03318420797586441,2.869440459110473
12,562,841,126,0.034206438809633255,2.869440459110473
12,563,841,126,0.03465544059872627,2.869440459110473
12,564,841,126,0.03537743166089058,2.869440459110473
12,565,841,126,0.03504094481468201,2.869440459110473
12,566,841,126,0.035871345549821854,2.869440459110473
12,567,841,126,0.03613632544875145,2.869440459110473
12,568,841,126,0.03720131143927574,2.869440459110473
12,569,841,126,0.03874564915895462,2.869440459110473
12,570,841,126,0.03759017959237099,2.869440459110473
12,571,841,126,0.036304544657468796,2.869440459110473
12,572,841,126,0.037074360996484756,2.869440459110473
12,573,841,126,0.037996165454387665,2.869440459110473
12,574,841,126,0.03656358644366264,2.869440459110473
12,575,841,126,0.035518817603588104,2.869440459110473
12,576,841,126,0.0352998785674572,2.869440459110473
12,577,841,126,0.0363430455327034,2.869440459110473
12,578,841,126,0.03565993160009384,2.869440459110473
12,579,841,126,0.03480900079011917,2.869440459110473
12,580,841,126,0.03552905097603798,2.869440459110473
12,581,841,126,0.03442411869764328,2.869440459110473
12,582,841,126,0.035000625997781754,2.869440459110473
12,583,841,126,0.03426814451813698,2.869440459110473
12,584,841,126,0.03643599525094032,2.869440459110473
12,585,841,126,0.036728326231241226,2.869440459110473
12,586,841,126,0.0368289090692997,2.869440459110473
12,587,841,126,0.03630651533603668,2.869440459110473
12,588,841,126,0.037562280893325806,2.869440459110473
12,589,841,126,0.03686882555484772,2.869440459110473
12,590,841,126,0.03597504273056984,2.869440459110473
12,591,841,126,0.03485172614455223,2.869440459110473
12,592,841,126,0.03630349412560463,2.869440459110473
12,593,841,126,0.034430913627147675,2.869440459110473
12,594,841,126,0.03513285145163536,2.869440459110473
12,595,841,126,0.03834723308682442,2.869440459110473
12,596,841,126,0.03841888904571533,2.869440459110473
12,597,841,126,0.03931478410959244,2.869440459110473
12,598,841,126,0.03842935711145401,2.869440459110473
12,599,841,126,0.037877485156059265,2.869440459110473
12,600,841,126,0.0415959432721138,2.869440459110473
12,601,841,126,0.04020138084888458,2.869440459110473
12,602,841,126,0.041308917105197906,2.869440459110473
12,603,841,126,0.042143240571022034,2.869440459110473
12,604,841,126,0.04268686845898628,2.869440459110473
12,605,841,126,0.04211411252617836,2.869440459110473
12,606,841,126,0.0449243001639843,2.869440459110473
12,607,841,126,0.045155394822359085,2.869440459110473
12,608,841,126,0.04590385779738426,2.869440459110473
12,609,841,126,0.04586467891931534,2.869440459110473
12,610,841,126,0.045229192823171616,2.869440459110473
12,611,841,126,0.04330989345908165,2.869440459110473
12,612,841,126,0.04565569758415222,2.869440459110473
12,613,841,126,0.044502053409814835,2.869440459110473
12,614,841,130,0.04599229618906975,1.525449204071872
12,615,841,130,0.04176262393593788,1.3623010179681616
12,616,841,130,0.04699520021677017,1.2264808362369315
12,617,841,130,0.045226868242025375,1.1179886588781844
12,618,841,130,0.04433456063270569,1.0368244858919173
12,619,841,130,0.042560264468193054,0.9829883172781306
12,620,841,130,0.04177049547433853,0.9564801530368241
12,621,841,130,0.04278210550546646,0.9572999931679992
12,622,841,130,0.04020983725786209,0.9854478376716544
12,623,841,130,0.03621922805905342,1.0409236865477898
12,624,841,130,0.032959092408418655,1.1237275397964068
12,625,841,130,0.03496618568897247,1.233859397417504
12,626,841,130,0.03369591385126114,1.3713192594110815
12,627,841,132,0.036578625440597534,0.9482817517250792
12,628,841,132,0.03441240265965462,0.8820113411218129
12,629,841,134,0.03600257262587547,1.7325954772152787
12,630,841,134,0.036526042968034744,1.4352667896426883
12,631,841,134,0.037208300083875656,1.1925941108150586
12,632,841,134,0.03662465512752533,1.0045774407323917
12,633,841,134,0.03764595836400986,0.8712167793946854
12,634,841,134,0.03903135284781456,0.7933319669331159
12,635,841,136,0.03813859075307846,1.5115119218419077
12,636,841,136,0.03895613178610802,1.253945480631276
12,637,841,138,0.038114383816719055,2.8448452551752412
12,638,841,138,0.03819010779261589,2.4912208785953402
12,639,841,138,0.0364031046628952,2.16492450638792
12,640,841,138,0.036847345530986786,1.8659561385529824
12,641,841,139,0.0374220609664917,2.287490605998498
12,642,841,139,0.037894658744335175,1.9276491084238583
12,643,841,139,0.037688739597797394,1.6224636195941788
12,644,841,139,0.03648422285914421,1.3719341395094624
12,645,841,139,0.03552743047475815,1.161986745917878
12,646,841,139,0.03794253244996071,0.9942611190817788
12,647,841,139,0.03683178126811981,0.8969051035048156
12,648,841,139,0.03713732585310936,0.9618774339003862
12,649,841,139,0.03857273608446121,1.0815057730409225
12,650,841,139,0.0358063168823719,1.2533306005328957
12,651,841,139,0.03571299836039543,1.452483432397349
12,652,841,139,0.03405497968196869,1.6789642686342827
12,653,841,139,0.03502652794122696,1.9170595067295206
12,654,841,139,0.036344870924949646,2.1551547448247588
12,655,841,139,0.0369124598801136,2.393249982919997
12,656,841,143,0.038169752806425095,1.3627792580446816
12,657,841,143,0.03868144750595093,1.1834392293502778
12,658,841,143,0.038098111748695374,1.0836236933797907
12,659,841,145,0.038951385766267776,2.368654778984765
12,660,841,145,0.038864731788635254,2.062649450023912
12,661,841,145,0.037013426423072815,1.783972125435539
12,662,841,145,0.03881517052650452,1.5802418528386966
12,663,841,145,0.0373496375977993,1.404659424745508
12,664,841,145,0.03708457946777344,1.28373300539728
12,665,841,145,0.035041604191064835,1.217462594794015
12,666,841,145,0.03513168543577194,1.2050283528045367
12,667,841,145,0.03465995565056801,1.2199221151875388
12,668,841,145,0.034845020622015,1.2621438819430209
12,669,841,145,0.036138612776994705,1.3316936530709833
12,670,841,145,0.0361127108335495,1.4285714285714286
12,671,841,148,0.03558918461203575,1.7591036414565824
12,672,841,148,0.03660842776298523,1.4274099883855964
12,673,841,148,0.03664760664105415,1.1503723440595737
12,674,841,148,0.03771703690290451,0.9437043109926895
12,675,841,148,0.03713347762823105,0.819020291043246
12,676,841,148,0.0412764847278595,0.7763202842112459
12,677,841,148,0.04069327935576439,0.8926692628270823
12,678,841,148,0.03547794371843338,1.0363462458153987
12,679,841,148,0.033985383808612823,1.2073512331761955
12,680,841,148,0.03639934957027435,1.3104461296713799
12,681,841,148,0.035797178745269775,1.4408690305390446
12,682,841,151,0.03496622294187546,1.2883104461296717
12,683,841,151,0.03504181653261185,1.0721459315433484
12,684,841,151,0.034432314336299896,0.9106374257019855
12,685,841,151,0.0347331166267395,0.8037849286055884
12,686,841,151,0.035911377519369125,0.7515884402541517
12,687,841,151,0.0356970876455307,0.7540479606476754
12,688,841,151,0.0367533303797245,0.8111634897861596
12,689,841,151,0.03583889827132225,0.9229350276696041
12,690,841,151,0.03578007221221924,1.089362574298009
12,691,841,151,0.03671031445264816,1.3104461296713799
12,692,841,151,0.038398079574108124,1.4408690305390446
12,693,841,151,0.0381794348359108,1.5837261733961874
12,694,841,151,0.03717543184757233,1.7265833162533302
12,695,841,151,0.03765837103128433,1.8694404591104732
12,696,841,151,0.03611484169960022,2.012297601967616
12,697,841,151,0.03726242110133171,2.1551547448247588
12,698,841,151,0.03606516495347023,2.2980118876819016
12,699,841,151,0.03576026111841202,2.4408690305390444
12,700,841,151,0.03346049413084984,2.5837261733961876
12,701,841,151,0.03382572531700134,2.7265833162533304
12,702,841,151,0.03395410254597664,2.869440459110473
12,703,841,151,0.03439897298812866,2.869440459110473
12,704,841,153,0.03321211412549019,1.533647605383616
12,705,841,153,0.03397122398018837,1.465737514518001
12,706,841,153,0.03432683274149895,1.4251554280248662
12,707,841,153,0.03473135828971863,1.4119013459042142
12,708,841,153,0.03484445810317993,1.4259752681560425
12,709,841,153,0.035225559026002884,1.4673771947803511
12,710,841,153,0.034543633460998535,1.5361071257771397
12,711,841,153,0.03516736999154091,1.631345221015235
12,712,841,153,0.033805001527071,1.7265833162533302
12,713,841,158,0.03546249866485596,2.9400833504133366
12,714,841,158,0.033897850662469864,2.6340780214524835
12,715,841,158,0.03480488061904907,2.3554006968641104
12,716,841,158,0.03466120362281799,2.1040513766482203
12,717,841,158,0.03440219536423683,1.8800300608048106
12,718,841,158,0.03612113371491432,1.6833367493338809
12,719,841,158,0.03567482903599739,1.5139714422354316
12,720,841,158,0.033990584313869476,1.3719341395094624
12,721,841,158,0.03328671306371689,1.2572248411559734
12,722,841,158,0.0339135080575943,1.185557149689143
12,723,841,158,0.03389773890376091,1.168545466967273
12,724,841,158,0.033394988626241684,1.2061897929903662
12,725,841,164,0.03414469212293625,4.749607159937146
12,726,841,164,0.03397855535149574,4.2531256405001026
12,727,841,164,0.03475666791200638,3.7839721254355387
12,728,841,164,0.03262908384203911,3.3421466147434584
12,729,841,164,0.03298403322696686,2.927649108423858
12,730,841,164,0.03247307986021042,2.540479606476738
12,731,841,164,0.03289984166622162,2.180638108902098
12,732,841,164,0.03365430608391762,1.8481246156999387
12,733,841,164,0.0339774452149868,1.5429391268702592
12,734,841,164,0.032473836094141006,1.5031768805083008
12,735,841,164,0.0338708721101284,1.4907426385188225
12,736,841,164,0.033697426319122314,1.5056364009018244
12,737,841,164,0.033347081393003464,1.5478581676573067
12,738,841,164,0.03389739990234375,1.617407938785269
12,739,841,164,0.032319217920303345,1.7142857142857142
12,740,841,164,0.033312905579805374,1.8384914941586399
12,741,841,164,0.032050106674432755,1.9900252784040455
12,742,841,164,0.033384423702955246,2.1688870670219313
12,743,841,164,0.03373866155743599,2.3750768600122973
12,744,841,164,0.03332551196217537,2.6085946573751437
12,745,841,164,0.03306301683187485,2.869440459110473
12,746,841,164,0.032425761222839355,2.869440459110473
12,747,841,164,0.032151415944099426,2.869440459110473
12,748,841,164,0.03184698149561882,2.869440459110473
12,749,841,164,0.0312365610152483,2.869440459110473
12,750,841,167,0.031904514878988266,1.3664002186240347
12,751,841,167,0.03148209676146507,1.250871080139372
12,752,841,167,0.03167523443698883,1.1626699460271896
12,753,841,167,0.031250353902578354,1.10179681628749
12,754,841,167,0.03171780705451965,1.0682516909202708
12,755,841,167,0.03201543539762497,1.0620345699255316
12,756,841,167,0.03231954574584961,1.0831454533032727
12,757,841,167,0.03156932815909386,1.131584341053494
12,758,841,167,0.032366082072257996,1.2073512331761955
12,759,841,167,0.03215642645955086,1.3104461296713799
12,760,841,167,0.03219844028353691,1.4408690305390446
12,761,841,167,0.03256993740797043,1.5837261733961874
12,762,841,167,0.03186947479844093,1.7265833162533302
12,763,841,172,0.03158154338598251,2.8924643027942887
12,764,841,172,0.031675923615694046,2.538839926214388
12,765,841,172,0.031630128622055054,2.2125435540069676
12,766,841,172,0.03153059259057045,1.9135751861720298
12,767,841,172,0.03271837159991264,1.6419348227095725
12,768,841,172,0.032089632004499435,1.4133360661337708
12,769,841,172,0.03140638768672943,1.2393933183029298
12,770,841,186,0.031678684055805206,13.559130969460956
12,771,841,186,0.03299373388290405,12.681697069071529
12,772,841,186,0.03144591674208641,11.831591173054587
12,773,841,186,0.03337765485048294,11.008813281410125
12,774,841,186,0.031412530690431595,10.213363394138144
12,775,841,186,0.03197206184267998,9.445241511238644
12,776,841,186,0.033116236329078674,8.704447632711622
12,777,841,186,0.03334290534257889,7.990981758557082
12,778,841,186,0.0330534465610981,7.304843888775021
12,779,841,186,0.03238188847899437,6.646034023365443
12,780,841,186,0.03376847878098488,6.014552162328346
12,781,841,186,0.03400157392024994,5.410398305663729
12,782,841,186,0.034068718552589417,4.833572453371592
12,783,841,186,0.0331965833902359,4.284074605451936
12,784,841,186,0.033772435039281845,4.0
12,785,841,186,0.03393365815281868,3.7432533989205448
12,786,841,186,0.0336725078523159,3.5138348022135695
12,787,841,186,0.034311890602111816,3.311744209879074
12,788,841,186,0.033997200429439545,3.1369816219170596
12,789,841,186,0.03320024907588959,2.9895470383275247
12,790,841,186,0.0347893051803112,2.869440459110473
12,791,841,186,0.035555195063352585,2.869440459110473
12,792,841,186,0.033918965607881546,2.869440459110473
12,793,841,186,0.03350137919187546,2.869440459110473
12,794,841,186,0.03399057313799858,2.869440459110473
12,795,841,186,0.033717188984155655,2.869440459110473
12,796,841,186,0.03194212540984154,2.869440459110473
12,797,841,186,0.03204246237874031,2.869440459110473
12,798,841,186,0.03267249837517738,2.869440459110473
12,799,841,186,0.03338605910539627,2.869440459110473
12,800,841,186,0.035785969346761703,2.869440459110473
12,801,841,186,0.035461198538541794,2.869440459110473
12,802,841,186,0.03409513086080551,2.869440459110473
12,803,841,186,0.03556979447603226,2.869440459110473
12,804,841,186,0.03751073405146599,2.869440459110473
12,805,841,186,0.0370338037610054,2.869440459110473
12,806,841,186,0.03805745020508766,2.869440459110473
12,807,841,186,0.03931188955903053,2.869440459110473
12,808,841,186,0.03838212788105011,2.869440459110473
12,809,841,186,0.04187443107366562,2.869440459110473
12,810,841,186,0.04186970368027687,2.869440459110473
12,811,841,189,0.042004846036434174,1.3664002186240347
12,812,841,189,0.042548950761556625,1.250871080139372
12,813,841,189,0.043050143867731094,1.1626699460271896
12,814,841,189,0.04597457870841026,1.10179681628749
12,815,841,189,0.0470377653837204,1.0682516909202708
12,816,841,189,0.04977073147892952,1.0620345699255316
12,817,841,189,0.04684995114803314,1.0831454533032727
12,818,841,189,0.04578447341918945,1.131584341053494
12,819,841,190,0.044739458709955215,0.7262417161986745
12,820,841,190,0.047012194991111755,0.7138074742091963
12,821,841,190,0.04681500047445297,0.7560292409646785
12,822,841,191,0.04730896279215813,0.5846826535492233
12,823,841,191,0.04780133068561554,0.5254492040718711
12,824,841,191,0.046895526349544525,0.5481997677119596
12,825,841,191,0.048847004771232605,0.652934344469494
12,826,841,192,0.048109401017427444,0.5408212065313938
12,827,841,192,0.05029165744781494,0.5035184805629564
12,828,841,194,0.04826829582452774,1.5115119218419077
12,829,841,194,0.04714714363217354,1.1736011477761827
12,830,841,194,0.0489775687456131,0.8903463824554181
12,831,841,194,0.04857701435685158,0.6617476258796192
12,832,841,194,0.048915114253759384,0.5329644052743047
12,833,841,194,0.04849990829825401,0.448862471817996
12,834,841,194,0.047870099544525146,0.4740725558516082
12,835,841,194,0.047873884439468384,0.6077748172439702
12,836,841,194,0.049212098121643066,0.8218214114914255
12,837,841,194,0.049753088504076004,1.0599166495866637
12,838,841,194,0.048308394849300385,1.2980118876819016
12,839,841,196,0.04907473549246788,0.6460340233654436
12,840,841,194,0.04946029931306839,1.8218214114914255
13,35,766,7,0.03100602701306343,2.6578533852565416
13,36,766,7,0.029957188293337822,2.5899432943909266
13,37,766,7,0.030026370659470558,2.549361207897793
13,38,766,6,0.029772300273180008,3.4884880781580923
13,39,766,7,0.02966746874153614,2.556398169023707
13,40,766,7,0.02971813641488552,2.5290701646512255
13,41,766,7,0.030230162665247917,2.5017421602787455
13,42,766,7,0.029413405805826187,2.4884880781580923
13,43,766,7,0.029066327959299088,2.5361071257771397
13,44,766,12,0.02944495715200901,2.3073034091685463
13,45,766,12,0.028832286596298218,2.096536175445788
13,46,766,12,0.02911958657205105,1.9130969460955118
13,47,766,15,0.028475197032094002,4.3210357313657175
13,48,766,15,0.029137834906578064,3.9674113547858165
13,49,766,15,0.028905121609568596,3.6411149825783973
13,50,766,15,0.028767600655555725,3.294527567124411
13,51,766,15,0.029292218387126923,2.975268156042906
13,52,766,15,0.028337974101305008,2.730955796952929
13,53,766,15,0.02919786609709263,2.466352394616384
13,54,766,15,0.027832385152578354,2.2290769966523194
13,55,766,15,0.02840283513069153,2.0340233654437387
13,56,766,15,0.027996396645903587,1.9412447905991659
13,57,766,15,0.028435731306672096,1.903122224499556
13,58,766,15,0.027993084862828255,1.9047619047619047
13,59,766,15,0.028055250644683838,1.8861105417776873
13,60,766,15,0.028155021369457245,1.9424062307849979
13,61,766,15,0.02866746112704277,2.0260299241647886
13,62,766,17,0.028544249013066292,1.2326979572316727
13,63,766,17,0.027859516441822052,1.073648971783835
13,64,766,17,0.028280729427933693,0.996583999453439
13,65,766,17,0.028458306565880775,1.1261870601899286
13,66,766,17,0.02911248616874218,1.2831181252988997
13,67,766,17,0.028651395812630653,1.4673771947803511
13,68,766,17,0.028335100039839745,1.5361071257771397
13,69,766,19,0.028213119134306908,0.8596023775363795
13,70,766,19,0.02864125370979309,0.7246020359363244
13,71,766,19,0.028428148478269577,0.6442577030812312
13,72,766,19,0.028629180043935776,0.6185693789710998
13,73,766,19,0.028686169534921646,0.64753706360593
13,74,766,19,0.028781505301594734,0.7311607569857207
13,75,766,19,0.028382012620568275,0.8694404591104731
13,76,766,19,0.02817893587052822,1.0599166495866637
13,77,766,19,0.02768624946475029,1.2503928400628541
13,78,766,21,0.028429456055164337,0.635239461638314
13,79,766,21,0.029439881443977356,0.5432807269249162
13,80,766,21,0.029462726786732674,0.5333060053289603
13,81,766,21,0.03000110760331154,0.6053152968504465
13,82,766,21,0.030081668868660927,0.7593086014893758
13,83,766,21,0.02929154969751835,0.8959486233517796
13,84,766,21,0.028817662969231606,1.0599166495866637
13,85,766,21,0.029607731848955154,1.2503928400628541
13,86,766,21,0.0294120404869318,1.4408690305390446
13,87,766,25,0.029219545423984528,2.1781785885085747
13,88,766,25,0.02827993407845497,1.8245542119286737
13,89,766,25,0.02889968454837799,1.4982578397212545
13,90,766,28,0.028686268255114555,3.987702398032384
13,91,766,28,0.029282575473189354,3.5864589738334356
13,92,766,28,0.02816515602171421,3.212543554006969
13,93,766,28,0.02771008387207985,2.865956138552982
13,94,766,28,0.028843119740486145,2.546696727471477
13,95,766,28,0.028971746563911438,2.2547653207624525
13,96,766,28,0.029011962935328484,1.9901619184259078
13,97,766,28,0.028913715854287148,1.7528865204618433
13,98,766,28,0.0285942442715168,1.5578328892532625
13,99,766,28,0.02899392507970333,1.5126733620277373
13,100,766,28,0.028785116970539093,1.522169843547175
13,101,766,28,0.028166837990283966,1.5714285714285714
13,102,766,28,0.02845689468085766,1.6480153036824494
13,103,766,28,0.028447920456528664,1.7519300403088074
13,104,766,28,0.02867634780704975,1.8831727813076458
13,105,766,28,0.029210591688752174,2.0417435266789643
13,106,766,28,0.02939440868794918,2.227642276422764
13,107,766,28,0.028037289157509804,2.4408690305390444
13,108,766,28,0.02801939845085144,2.5837261733961876
13,109,766,33,0.028406893834471703,2.094076655052265
13,110,766,33,0.028701452538371086,1.8108218897315018
13,111,766,33,0.02940988540649414,1.6273826603812243
13,112,766,33,0.02899729460477829,1.471271435403428
13,113,766,33,0.029474105685949326,1.3424882147981134
13,114,766,33,0.029296044260263443,1.241032998565279
13,115,766,33,0.029423514381051064,1.166905786704925
13,116,766,33,0.028561023995280266,1.120106579217051
13,117,766,33,0.028999049216508865,1.1006353761016587
13,118,766,33,0.028430720791220665,1.1084921773587464
13,119,766,33,0.029345795512199402,1.1436769829883158
13,120,766,33,0.030024198815226555,1.2061897929903656
13,121,766,33,0.030146483331918716,1.2960306073648953
13,122,766,33,0.02931763231754303,1.4131994261119065
13,123,766,33,0.0294612068682909,1.5576962492313982
13,124,766,33,0.02973189763724804,1.7295210767233713
13,125,766,33,0.030125854536890984,1.9286739085878246
13,126,766,33,0.02996944449841976,2.1551547448247583
13,127,766,33,0.029247578233480453,2.393249982919996
13,128,766,33,0.02923082374036312,2.631345221015234
13,129,766,33,0.029210202395915985,2.8694404591104723
13,130,766,33,0.030804745852947235,2.8694404591104723
13,131,766,33,0.032051246613264084,2.8694404591104723
13,132,766,33,0.03073297254741192,2.8694404591104723
13,133,766,33,0.030559180304408073,2.8694404591104723
13,134,766,33,0.03002707101404667,2.8694404591104723
13,135,766,33,0.0304882675409317,2.8694404591104723
13,136,766,33,0.030466170981526375,2.8694404591104723
13,137,766,33,0.030183563008904457,2.8694404591104723
13,138,766,33,0.02894042432308197,2.8694404591104723
13,139,766,33,0.029550977051258087,2.8694404591104723
13,140,766,33,0.029887976124882698,2.8694404591104723
13,141,766,33,0.029842067509889603,2.8694404591104723
13,142,766,33,0.029049372300505638,2.8694404591104723
13,143,766,33,0.028720788657665253,2.8694404591104723
13,144,766,33,0.029525188729166985,2.8694404591104723
13,145,766,33,0.029349371790885925,2.8694404591104723
13,146,766,33,0.02902112528681755,2.8694404591104723
13,147,766,33,0.030253831297159195,2.8694404591104723
13,148,766,33,0.029164358973503113,2.8694404591104723
13,149,766,33,0.029412567615509033,2.8694404591104723
13,150,766,33,0.029342487454414368,2.8694404591104723
13,151,766,33,0.030245060101151466,2.8694404591104723
13,152,766,33,0.0304122157394886,2.8694404591104723
13,153,766,33,0.030759193003177643,2.8694404591104723
13,154,766,33,0.03125207871198654,2.8694404591104723
13,155,766,38,0.02957317791879177,2.02158912345426
13,156,766,42,0.029506342485547066,5.46389287422286
13,157,766,42,0.030570892617106438,5.062649450023911
13,158,766,42,0.03047993779182434,4.688734030197443
13,159,766,42,0.028935102745890617,4.342146614743457
13,160,766,42,0.02900409698486328,4.022887203661951
13,161,766,42,0.030220694839954376,3.7309557969529266
13,162,766,42,0.029684914276003838,3.466352394616382
13,163,766,42,0.029198819771409035,3.2290769966523176
13,164,766,42,0.029693875461816788,3.0191296030607346
13,165,766,42,0.02989855594933033,2.8365102138416334
13,166,766,42,0.0290033258497715,2.681218828995012
13,167,766,51,0.028843792155385017,9.321035731365717
13,168,766,51,0.030017681419849396,8.491220878595339
13,169,766,51,0.03118859976530075,7.688734030197442
13,170,766,51,0.030362579971551895,6.913575186172029
13,171,766,51,0.030563324689865112,6.165744346519095
13,172,766,51,0.02994314208626747,5.445241511238641
13,173,766,51,0.03003653883934021,4.7520666803306675
13,174,766,51,0.03045749105513096,4.086219853795175
13,175,766,51,0.02976806089282036,3.447701031632163
13,176,766,51,0.030452227219939232,3.0746054519368715
13,177,766,51,0.029899438843131065,2.91931406709025
13,178,766,51,0.029825899749994278,2.7913506866161093
13,179,766,51,0.029549939557909966,2.690715310514449
13,180,766,51,0.02962803654372692,2.6174079387852696
13,181,766,51,0.029590165242552757,2.5714285714285707
13,182,766,51,0.0304497592151165,2.552777208444353
13,183,766,54,0.029765741899609566,2.2012707522033206
13,184,766,54,0.0300526674836874,1.8360319737651154
13,185,766,54,0.03098849393427372,1.5254492040718706
13,186,766,54,0.030600419268012047,1.2695224431235888
13,187,766,54,0.03072299435734749,1.06825169092027
13,188,766,54,0.03103182651102543,1.062034569925531
13,189,766,54,0.03026590868830681,1.083145453303272
13,190,766,54,0.030601724982261658,1.1315843410534934
13,191,766,54,0.030247129499912262,1.2073512331761962
13,192,766,54,0.0312800295650959,1.3104461296713805
13,193,766,54,0.031823769211769104,1.4408690305390452
13,194,766,54,0.03007432632148266,1.583726173396188
13,195,766,52,0.02970764972269535,3.6313452210152355
13,196,766,52,0.02861521579325199,3.6789642686342834
13,197,766,52,0.02973996289074421,3.726583316253331
13,198,766,52,0.031411368399858475,3.7742023638723787
13,199,766,54,0.03332081437110901,2.405684224909477
13,200,766,56,0.037831034511327744,1.4860285577645704
13,201,766,56,0.04176752269268036,1.5609756097560983
13,202,766,60,0.04033176973462105,3.178178588508574
13,203,766,60,0.04153931885957718,2.7769351643096254
13,204,766,60,0.04379463195800781,2.5458768873403
13,205,766,60,0.03959043323993683,2.3421466147434566
13,206,766,60,0.04023531451821327,2.1657443465190944
13,207,766,60,0.03765994682908058,2.016670082667212
13,208,766,60,0.035532284528017044,1.8949238231878105
13,209,766,60,0.03685525804758072,1.800505568080889
13,210,766,60,0.03686967492103577,1.733415317346449
13,211,766,60,0.03606533631682396,1.6936530709844906
13,212,766,62,0.03394059091806412,2.250187880030061
13,213,766,62,0.034150782972574234,2.006695361071258
13,214,766,62,0.03474034368991852,1.8178588508574147
13,215,766,62,0.03498734533786774,1.6836783493885346
13,216,766,63,0.03653671592473984,1.6538908246225321
13,217,766,63,0.03528675436973572,1.3230170116827225
13,218,766,64,0.03364904597401619,1.407938785270206
13,219,766,64,0.03600079193711281,0.9482817517250792
13,220,766,64,0.033701471984386444,0.6799207487873179
13,221,766,66,0.03314961865544319,1.797226207556193
13,222,766,66,0.03332667797803879,1.348363735738197
13,223,766,66,0.03045833855867386,1.1173054587688729
13,224,766,66,0.027181189507246017,0.9135751861720293
13,225,766,66,0.027910461649298668,0.7379927580788394
13,226,766,66,0.0289723202586174,0.6187060189929613
13,227,766,66,0.02963199093937874,0.5962970554075285
13,228,766,66,0.030618609860539436,0.6823802691808429
13,229,766,66,0.029943734407424927,0.8355537336885974
13,230,766,66,0.03063032403588295,1.0417435266789634
13,231,766,66,0.031163007020950317,1.2752613240418111
13,232,766,70,0.03073558211326599,2.2734166837466696
13,233,766,75,0.03124050423502922,6.6543690646990505
13,234,766,75,0.03166840597987175,6.062649450023912
13,235,766,75,0.031282760202884674,5.498257839721255
13,236,766,75,0.031624116003513336,4.961194233791078
13,237,766,75,0.03199131786823273,4.499077679852428
13,238,766,75,0.03170064091682434,4.0642891302862605
13,239,766,75,0.03130576014518738,3.704447632711621
13,240,766,75,0.031273189932107925,3.371934139509462
13,241,766,75,0.031144792214035988,3.0667486506797843
13,242,766,75,0.030061854049563408,2.8841292614606817
13,243,766,75,0.029600609093904495,2.7288378766140604
13,244,766,75,0.029274187982082367,2.6008744961399195
13,245,766,75,0.028867851942777634,2.500239120038259
13,246,766,75,0.028661716729402542,2.4269317483090798
13,247,766,75,0.02871926687657833,2.380952380952381
13,248,766,75,0.02856621704995632,2.362301017968162
13,249,766,75,0.029555603861808777,2.370977659356425
13,250,766,75,0.031166018918156624,2.4226959076313452
13,251,766,75,0.02937087044119835,2.51335656213705
13,252,766,75,0.029897181317210197,2.631345221015235
13,253,766,75,0.029038257896900177,2.869440459110473
13,254,766,75,0.02951645664870739,2.869440459110473
13,255,766,75,0.03009014017879963,2.869440459110473
13,256,766,75,0.02981080859899521,2.869440459110473
13,257,766,75,0.03032510168850422,2.869440459110473
13,258,766,75,0.030199289321899414,2.869440459110473
13,259,766,75,0.028463859111070633,2.869440459110473
13,260,766,75,0.031320713460445404,2.869440459110473
13,261,766,75,0.03174823150038719,2.869440459110473
13,262,766,85,0.03194295987486839,6.6543690646990505
13,263,766,85,0.032610755413770676,6.205506592881055
13,264,766,85,0.031127523630857468,5.7839721254355405
13,265,766,85,0.030007634311914444,5.389765662362506
13,266,766,85,0.02978173829615116,5.022887203661952
13,267,766,85,0.03050021268427372,4.68333674933388
13,268,766,85,0.030542515218257904,4.371114299378287
13,269,766,85,0.031051570549607277,4.086219853795177
13,270,766,85,0.030127007514238358,3.828653412584546
13,271,766,85,0.03174876421689987,3.598414975746396
13,272,766,85,0.030832752585411072,3.3955045432807274
13,273,766,85,0.030712369829416275,3.2199221151875386
13,274,766,85,0.029351379722356796,3.0716676914668306
13,275,766,85,0.031234394758939743,2.9507412721186035
13,276,766,88,0.029962599277496338,3.068388330942133
13,277,766,88,0.029515331611037254,2.600874496139918
13,278,766,88,0.029191968962550163,2.188016670082667
13,279,766,88,0.02883259393274784,1.8298148527703755
13,280,766,88,0.030749253928661346,1.5262690442030462
13,281,766,88,0.03052249364554882,1.2773792443806786
13,282,766,88,0.03058900684118271,1.0831454533032714
13,283,766,88,0.03075348399579525,1.131584341053494
13,284,766,88,0.030169937759637833,1.2073512331761969
13,285,766,88,0.030451232567429543,1.3104461296713799
13,286,766,88,0.03041713684797287,1.4408690305390446
13,287,766,88,0.029851913452148438,1.5837261733961874
13,288,766,88,0.02974938414990902,1.7265833162533302
13,289,766,88,0.02973189763724804,1.8694404591104732
13,290,766,88,0.029243389144539833,2.012297601967616
13,291,766,88,0.029155820608139038,2.1551547448247588
13,292,766,88,0.029750164598226547,2.2980118876819016
13,293,766,88,0.030866093933582306,2.4408690305390444
13,294,766,88,0.03029557317495346,2.5837261733961876
13,295,766,88,0.03027641586959362,2.7265833162533304
13,296,766,88,0.029102355241775513,2.869440459110473
13,297,766,88,0.031304411590099335,2.869440459110473
13,298,766,88,0.03202565014362335,2.869440459110473
13,299,766,88,0.02920437790453434,2.869440459110473
13,300,766,88,0.030733903869986534,2.869440459110473
13,301,766,88,0.030577685683965683,2.869440459110473
13,302,766,88,0.03000016324222088,2.869440459110473
13,303,766,88,0.03018876165151596,2.869440459110473
13,304,766,94,0.02863801270723343,2.8448452551752412
13,305,766,94,0.028066040948033333,2.5864589738334356
13,306,766,94,0.028577327728271484,2.3554006968641117
13,307,766,94,0.03039698489010334,2.151670424267268
13,308,766,94,0.028231779113411903,1.9752681560429044
13,309,766,94,0.02969621680676937,1.8261938921910226
13,310,766,94,0.03014112450182438,1.7044476327116207
13,311,766,98,0.030735131353139877,4.6543690646990505
13,312,766,98,0.031076163053512573,4.205506592881055
13,313,766,98,0.03025512583553791,3.7839721254355405
13,314,766,98,0.03048783726990223,3.389765662362506
13,315,766,98,0.02947162091732025,3.022887203661952
13,316,766,98,0.03115657903254032,2.6833367493338796
13,317,766,98,0.031702920794487,2.3711142993782874
13,318,766,98,0.030738212168216705,2.0878595340575252
13,319,766,98,0.03036566451191902,1.8592607774817238
13,320,766,103,0.030884936451911926,5.130559540889527
13,321,766,105,0.03155282884836197,6.3210357313657175
13,322,766,105,0.031746756285429,5.538839926214388
13,323,766,105,0.031810078769922256,4.7839721254355405
13,324,766,105,0.030945172533392906,4.056432329029173
13,325,766,105,0.031537678092718124,3.641934822709571
13,326,766,105,0.03095328062772751,3.254765320762451
13,327,766,105,0.030207350850105286,2.8957436633189864
13,328,766,105,0.030333518981933594,2.590558174489308
13,329,766,113,0.03278252109885216,8.89246430279429
13,330,766,113,0.0315592922270298,8.015030402404866
13,331,766,113,0.03240292891860008,7.164924506387921
13,332,766,113,0.03194257989525795,6.53262280521965
13,333,766,113,0.03261589631438255,5.927649108423857
13,334,766,113,0.031148551031947136,5.350003416000546
13,335,766,113,0.03078867495059967,4.799685727949716
13,336,766,113,0.031431615352630615,4.276696044271367
13,337,766,113,0.031180182471871376,3.7810343649654987
13,338,766,113,0.03137055039405823,3.31270069003211
13,339,766,113,0.031372688710689545,2.871695019471203
13,340,766,113,0.03155094385147095,2.4580173532827767
13,341,766,113,0.03252728655934334,2.3097629295620683
13,342,766,113,0.031418416649103165,2.284074605451937
13,343,766,113,0.031316205859184265,2.2857142857142856
13,344,766,113,0.03114226460456848,2.3146819703491146
13,345,766,113,0.030947528779506683,2.370977659356425
13,346,766,113,0.03199997544288635,2.4546013527362156
13,347,766,113,0.03126821294426918,2.565553050488488
13,348,766,113,0.03095877915620804,2.7038327526132404
13,349,766,113,0.0296140369027853,2.869440459110473
13,350,766,113,0.030272124335169792,2.869440459110473
13,351,766,113,0.03122764825820923,2.869440459110473
13,352,766,113,0.03174559026956558,2.869440459110473
13,353,766,113,0.033090509474277496,2.869440459110473
13,354,766,113,0.0319698341190815,2.869440459110473
13,355,766,113,0.031782116740942,2.869440459110473
13,356,766,113,0.030567655339837074,2.869440459110473
13,357,766,113,0.030921630561351776,2.869440459110473
13,358,766,113,0.02961108088493347,2.869440459110473
13,359,766,113,0.030286235734820366,2.869440459110473
13,360,766,113,0.03163699060678482,2.869440459110473
13,361,766,113,0.032111018896102905,2.869440459110473
13,362,766,113,0.03102347068488598,2.869440459110473
13,363,766,113,0.030004434287548065,2.869440459110473
13,364,766,113,0.03195011615753174,2.869440459110473
13,365,766,113,0.032306622713804245,2.869440459110473
13,366,766,113,0.0295474324375391,2.869440459110473
13,367,766,113,0.02991338074207306,2.869440459110473
13,368,766,113,0.029174460098147392,2.869440459110473
13,369,766,113,0.030589468777179718,2.869440459110473
13,370,766,113,0.030530497431755066,2.869440459110473
13,371,766,113,0.03209235519170761,2.869440459110473
13,372,766,113,0.031699538230895996,2.869440459110473
13,373,766,113,0.03219141811132431,2.869440459110473
13,374,766,113,0.03228754922747612,2.869440459110473
13,375,766,113,0.03131621703505516,2.869440459110473
13,376,766,121,0.032012127339839935,4.749607159937146
13,377,766,121,0.032636966556310654,4.395982783357245
13,378,766,121,0.032854121178388596,4.069686411149826
13,379,766,121,0.03308531641960144,3.7707180433148872
13,380,766,121,0.03254739195108414,3.4990776798524283
13,381,766,121,0.03291326016187668,3.254765320762451
13,382,766,121,0.03359060361981392,3.037780966044954
13,383,766,121,0.03344442695379257,2.8481246156999385
13,384,766,121,0.03229684755206108,2.6857962697274034
13,385,766,121,0.03250358626246452,2.5507959281273482
13,386,766,121,0.03225583955645561,2.443123590899775
13,387,766,121,0.031180324032902718,2.3627792580446814
13,388,766,121,0.031073041260242462,2.3097629295620683
13,389,766,121,0.029536956921219826,2.284074605451937
13,390,766,121,0.031191308051347733,2.2857142857142856
13,391,766,121,0.03429083153605461,2.3146819703491146
13,392,766,121,0.039449386298656464,2.370977659356425
13,393,766,121,0.03920511156320572,2.4546013527362156
13,394,766,121,0.03711434453725815,2.565553050488488
13,395,766,121,0.037259072065353394,2.7038327526132404
13,396,766,121,0.03931114077568054,2.869440459110473
13,397,766,121,0.036546800285577774,2.869440459110473
13,398,766,121,0.03752586990594864,2.869440459110473
13,399,766,121,0.036921754479408264,2.869440459110473
13,400,766,121,0.03753877058625221,2.869440459110473
13,401,766,122,0.03817768022418022,2.0388057662089225
13,402,766,126,0.0383722186088562,1.9739700758352128
13,403,766,126,0.039646852761507034,1.7632028421124548
13,404,766,126,0.03883940726518631,1.5797636127621786
13,405,766,126,0.03820904344320297,1.4236523877843825
13,406,766,126,0.03812020272016525,1.2948691671790666
13,407,766,126,0.036889687180519104,1.1934139509462323
13,408,766,126,0.036835927516222,1.119286739085878
13,409,766,126,0.040326911956071854,1.0724875315980054
13,410,766,127,0.04159243404865265,1.2361139577782336
13,411,766,127,0.0416395477950573,1.1284416205506589
13,412,766,126,0.04681624472141266,1.1912960306073654
13,413,766,126,0.04719134792685509,1.253808840609415
13,414,766,126,0.04334114119410515,1.343649654983945
13,415,766,126,0.047023069113492966,1.462458153993305
13,416,766,126,0.04578988999128342,1.6342829814852766
13,417,766,126,0.04388556256890297,1.83343581334973
13,418,766,126,0.0434143990278244,2.0599166495866634
13,419,766,126,0.0442802868783474,2.2980118876819016
13,420,766,126,0.04430869221687317,2.5361071257771397
13,421,766,130,0.041540369391441345,1.4699733551957364
13,422,766,130,0.04273279383778572,1.3241784518685504
13,423,766,130,0.04350064694881439,1.2430142788822822
13,424,766,130,0.044015973806381226,1.187538430006148
13,425,766,130,0.041913993656635284,1.1320625811300127
13,426,766,130,0.04186389967799187,1.078226412516226
13,427,766,130,0.04047178849577904,1.0517182482749194
13,428,766,130,0.04057516157627106,1.0525380884060944
13,429,766,130,0.04150895029306412,1.0806859329097496
13,430,766,130,0.04031263664364815,1.1361617817858851
13,431,766,130,0.041941192001104355,1.1713465874154545
13,432,766,130,0.04515332356095314,1.233859397417504
13,433,766,130,0.0442037433385849,1.3713192594110815
13,434,766,130,0.044893357902765274,1.5361071257771404
13,435,766,130,0.04459630325436592,1.7265833162533308
13,436,766,130,0.04596183821558952,1.9170595067295213
13,437,766,130,0.04486566036939621,2.1075356972057118
13,438,766,130,0.03966117650270462,2.2980118876819025
13,439,766,130,0.041719820350408554,2.4884880781580927
13,440,766,130,0.043856337666511536,2.6789642686342834
13,441,766,130,0.047240376472473145,2.8694404591104736
13,442,766,130,0.04637148976325989,2.8694404591104736
13,443,766,130,0.04561477154493332,2.8694404591104736
13,444,766,130,0.043497879058122635,2.8694404591104736
13,445,766,130,0.042481668293476105,2.8694404591104736
13,446,766,130,0.04313075542449951,2.8694404591104736
13,447,766,130,0.03977781534194946,2.8694404591104736
13,448,766,130,0.041477274149656296,2.8694404591104736
13,449,766,127,0.04003172367811203,5.72658331625333
13,450,766,127,0.041742175817489624,5.583726173396188
13,451,766,127,0.0400349423289299,5.440869030539044
13,452,766,127,0.03937778249382973,5.298011887681902
13,453,766,127,0.03881195932626724,5.155154744824759
13,454,766,126,0.04071361571550369,5.964678554348568
13,455,766,126,0.04038143903017044,5.774202363872378
13,456,766,126,0.0394437313079834,5.583726173396188
13,457,766,126,0.03898434713482857,5.393249982919997
13,458,766,126,0.041273728013038635,5.202773792443806
13,459,766,126,0.04169570282101631,5.0122976019676155
13,460,766,126,0.04417526721954346,4.821821411491426
13,461,766,126,0.04702949523925781,4.631345221015235
13,462,766,126,0.04433484748005867,4.440869030539044
13,463,766,126,0.04741574078798294,4.250392840062854
13,464,766,126,0.04266306757926941,4.059916649586664
13,465,766,126,0.0431518480181694,3.869440459110473
13,466,766,126,0.042699411511421204,3.6789642686342825
13,467,766,127,0.04484843835234642,2.6578533852565416
13,468,766,130,0.04406516253948212,1.9064015850242528
13,469,766,130,0.04182044789195061,1.552777208444352
13,470,766,130,0.042876556515693665,1.3693379790940743
13,471,766,130,0.04103490337729454,1.2132267541162796
13,472,766,130,0.04020778834819794,1.084443533510965
13,473,766,130,0.0417243055999279,0.9829883172781306
13,474,766,130,0.04361620545387268,0.9088611054177765
13,475,766,130,0.04345395043492317,0.9096809455489515
13,476,766,130,0.04327862337231636,0.9378287900526068
13,477,766,130,0.04288501664996147,0.9933046389287422
13,478,766,130,0.04207847639918327,1.0910022545603613
13,479,766,130,0.04197191447019577,1.2284621165539387
13,480,766,130,0.04296162724494934,1.3932499829199976
13,481,766,130,0.04245832934975624,1.583726173396188
13,482,766,130,0.03981887176632881,1.7742023638723785
13,483,766,130,0.038559600710868835,1.964678554348569
13,484,766,130,0.036707065999507904,2.1551547448247597
13,485,766,130,0.035686712712049484,2.34563093530095
13,486,766,132,0.033202603459358215,1.2251827560292399
13,487,766,132,0.034649673849344254,1.3228803716608575
13,488,766,132,0.032279156148433685,1.4251554280248655
13,489,766,132,0.03142246976494789,1.4119013459042136
13,490,766,132,0.03210284560918808,1.4259752681560418
13,491,766,134,0.03233879432082176,1.0492587278813976
13,492,766,134,0.03282662108540535,0.8861105417776874
13,493,766,134,0.032906919717788696,0.751110200177631
13,494,766,134,0.032285794615745544,0.6707658673225377
13,495,766,134,0.031643096357584,0.6450775432124076
13,496,766,134,0.03036404773592949,0.6740452278472379
13,497,766,134,0.02915317565202713,0.7576689212270286
13,498,766,134,0.029462195932865143,0.895128783220606
13,499,766,135,0.029799770563840866,0.49190407870464914
13,500,766,135,0.030476605519652367,0.5287285645965686
13,501,766,136,0.02971326932311058,0.5665095306415266
13,502,766,136,0.03053782880306244,0.4745507959281288
13,503,766,136,0.0295075923204422,0.4786499965839999
13,504,766,139,0.030278505757451057,2.368654778984765
13,505,766,143,0.030258838087320328,5.749607159937146
13,506,766,143,0.02964283898472786,5.157887545262007
13,507,766,143,0.02914249151945114,4.688734030197444
13,508,766,143,0.030942849814891815,4.2469085195053635
13,509,766,143,0.02897382155060768,3.832411013185763
13,510,766,143,0.029724448919296265,3.4452415112386428
13,511,766,143,0.029302800074219704,3.085400013664003
13,512,766,143,0.029703794047236443,2.8481246156999385
13,513,766,143,0.02913004718720913,2.6381772221083546
13,514,766,143,0.03065010905265808,2.455557832889253
13,515,766,143,0.03229369595646858,2.300266448042632
13,516,766,143,0.03041602298617363,2.172303067568491
13,517,766,143,0.029269695281982422,2.0716676914668306
13,518,766,143,0.030244410037994385,2.0
13,519,766,143,0.030112402513623238,1.9813486370157827
13,520,766,143,0.031930748373270035,2.037644326023093
13,521,766,143,0.03153053671121597,2.121268019402884
13,522,766,143,0.03091280907392502,2.2798387647742024
13,523,766,143,0.031468212604522705,2.465737514518001
13,524,766,143,0.030633384361863136,2.6789642686342825
13,525,766,143,0.03046780452132225,2.869440459110473
13,526,766,143,0.03163307532668114,2.869440459110473
13,527,766,139,0.0315275713801384,6.6789642686342825
13,528,766,139,0.031195392832159996,6.488488078158092
13,529,766,139,0.031547628343105316,6.298011887681902
13,530,766,139,0.032610513269901276,6.107535697205711
13,531,766,139,0.03181770071387291,5.917059506729521
13,532,766,139,0.03168519213795662,5.72658331625333
13,533,766,139,0.03172723576426506,5.53610712577714
13,534,766,139,0.0319545678794384,5.3456309353009495
13,535,766,139,0.03149120882153511,5.155154744824759
13,536,766,139,0.03138904646039009,4.964678554348568
13,537,766,139,0.031256791204214096,4.774202363872378
13,538,766,139,0.031327713280916214,4.583726173396188
13,539,766,139,0.031428832560777664,4.393249982919997
13,540,766,139,0.0314592681825161,4.202773792443806
13,541,766,139,0.03243395686149597,4.0122976019676155
13,542,766,139,0.03202836960554123,3.8218214114914253
13,543,766,139,0.03249218687415123,3.631345221015235
13,544,766,139,0.0319950245320797,3.4408690305390444
13,545,766,139,0.031331226229667664,3.250392840062854
13,546,766,139,0.03181091696023941,3.0599166495866634
13,547,766,139,0.031329404562711716,2.869440459110473
13,548,766,139,0.031618814915418625,2.869440459110473
13,549,766,139,0.0309150330722332,2.869440459110473
13,550,766,139,0.03133931756019592,2.869440459110473
13,551,766,139,0.0317036509513855,2.869440459110473
13,552,766,139,0.03122537024319172,2.869440459110473
13,553,766,139,0.03130226209759712,2.869440459110473
13,554,766,139,0.032200247049331665,2.869440459110473
13,555,766,139,0.031387247145175934,2.869440459110473
13,556,766,139,0.032837603241205215,2.869440459110473
13,557,766,139,0.03348195180296898,2.869440459110473
13,558,766,139,0.0320252925157547,2.869440459110473
13,559,766,139,0.03193344920873642,2.869440459110473
13,560,766,139,0.03220077231526375,2.869440459110473
13,561,766,139,0.03206495940685272,2.869440459110473
13,562,766,139,0.03277948126196861,2.869440459110473
13,563,766,139,0.03299655020236969,2.869440459110473
13,564,766,139,0.03231673687696457,2.869440459110473
13,565,766,139,0.031999483704566956,2.869440459110473
13,566,766,139,0.03138057887554169,2.869440459110473
13,567,766,139,0.03134970739483833,2.869440459110473
13,568,766,139,0.03174375742673874,2.869440459110473
13,569,766,139,0.03197753429412842,2.869440459110473
13,570,766,139,0.0317879244685173,2.869440459110473
13,571,766,139,0.03200068324804306,2.869440459110473
13,572,766,139,0.032347727566957474,2.869440459110473
13,573,766,139,0.03203437477350235,2.869440459110473
13,574,766,139,0.03141859918832779,2.869440459110473
13,575,766,139,0.031190471723675728,2.869440459110473
13,576,766,139,0.03137395530939102,2.869440459110473
13,577,766,139,0.031006818637251854,2.869440459110473
13,578,766,139,0.031432170420885086,2.869440459110473
13,579,766,139,0.03326474130153656,2.869440459110473
13,580,766,139,0.032182127237319946,2.869440459110473
13,581,766,139,0.031680453568696976,2.869440459110473
13,582,766,139,0.03180081024765968,2.869440459110473
13,583,766,139,0.03022264502942562,2.869440459110473
13,584,766,139,0.030379537492990494,2.869440459110473
13,585,766,139,0.03059696964919567,2.869440459110473
13,586,766,139,0.031737688928842545,2.869440459110473
13,587,766,139,0.03157087787985802,2.869440459110473
13,588,766,139,0.03044668212532997,2.869440459110473
13,589,766,139,0.030951647087931633,2.869440459110473
13,590,766,139,0.03089517541229725,2.869440459110473
13,591,766,139,0.031190967187285423,2.869440459110473
13,592,766,139,0.03180684149265289,2.869440459110473
13,593,766,139,0.031121831387281418,2.869440459110473
13,594,766,139,0.032355938106775284,2.869440459110473
13,595,766,139,0.03191749006509781,2.869440459110473
13,596,766,139,0.031402718275785446,2.869440459110473
13,597,766,139,0.030785752460360527,2.869440459110473
13,598,766,139,0.03130044415593147,2.869440459110473
13,599,766,139,0.030448172241449356,2.869440459110473
13,600,766,139,0.031017933040857315,2.869440459110473
13,601,766,139,0.031645286828279495,2.869440459110473
13,602,766,139,0.030172470957040787,2.869440459110473
13,603,766,139,0.03155624866485596,2.869440459110473
13,604,766,145,0.03160134702920914,2.8448452551752412
13,605,766,145,0.03183100000023842,2.5864589738334356
13,606,766,145,0.030473481863737106,2.3554006968641104
13,607,766,148,0.031408436596393585,4.844845255175241
13,608,766,148,0.03082805499434471,4.443601830976293
13,609,766,148,0.030637923628091812,4.069686411149824
13,610,766,148,0.029774796217679977,3.7230989956958394
13,611,766,148,0.03058655560016632,3.4038395846143343
13,612,766,148,0.030786680057644844,3.1119081779053097
13,613,766,148,0.030740581452846527,2.847304775568765
13,614,766,151,0.02985181286931038,4.701988112318098
13,615,766,151,0.02934131771326065,4.157887545262007
13,616,766,151,0.03089156560599804,3.641114982578396
13,617,766,151,0.03024873696267605,3.151670424267268
13,618,766,151,0.02928459458053112,2.7044476327116223
13,619,766,151,0.029864976182579994,2.3118808499009367
13,620,766,151,0.03006245754659176,1.9739700758352114
13,621,766,151,0.029725434258580208,1.6907153105144495
13,622,766,151,0.030005184933543205,1.4621165539386478
13,623,766,151,0.030226796865463257,1.2881738061078094
13,624,766,151,0.030201587826013565,1.1688870670219313
13,625,766,151,0.030113497748970985,1.3750768600122976
13,626,766,151,0.029511380940675735,1.608594657375144
13,627,766,151,0.02881058119237423,1.8694404591104732
13,628,766,151,0.029161624610424042,2.012297601967616
13,629,766,151,0.02908746339380741,2.1551547448247588
13,630,766,151,0.0289444662630558,2.2980118876819016
13,631,766,151,0.02906329184770584,2.4408690305390444
13,632,766,151,0.03001268208026886,2.5837261733961876
13,633,766,151,0.02936684712767601,2.7265833162533304
13,634,766,151,0.029447032138705254,2.869440459110473
13,635,766,151,0.02899021841585636,2.869440459110473
13,636,766,151,0.03031099960207939,2.869440459110473
13,637,766,151,0.029731515794992447,2.869440459110473
13,638,766,151,0.03136490657925606,2.869440459110473
13,639,766,151,0.03072942979633808,2.869440459110473
13,640,766,151,0.031136436387896538,2.869440459110473
13,641,766,151,0.03078375943005085,2.869440459110473
13,642,766,151,0.031081756576895714,2.869440459110473
13,643,766,151,0.02884521335363388,2.869440459110473
13,644,766,158,0.029506435617804527,3.7972262075561938
13,645,766,158,0.029227063059806824,3.4912208785953402
13,646,766,158,0.030415210872888565,3.2125435540069676
13,647,766,158,0.029966851696372032,2.9611942337910775
13,648,766,158,0.028810247778892517,2.737172917947668
13,649,766,158,0.029253588989377022,2.540479606476738
13,650,766,158,0.03084065578877926,2.3711142993782888
13,651,766,158,0.030808189883828163,2.2290769966523194
13,652,766,158,0.028850756585597992,2.1143676982988304
13,653,766,158,0.029319707304239273,2.0269864043178245
13,654,766,162,0.03074069134891033,4.27341668374667
13,655,766,162,0.02975398488342762,3.7769351643096263
13,656,766,164,0.02966962568461895,5.130559540889527
13,657,766,164,0.029370134696364403,4.538839926214388
13,658,766,164,0.03009353205561638,3.9744483159117294
13,659,766,164,0.029065953567624092,3.4373847099815538
13,660,766,164,0.030227381736040115,2.927649108423858
13,661,766,165,0.02931259013712406,3.043178246908521
13,662,766,165,0.028629155829548836,2.472569515611123
13,663,766,165,0.02912163734436035,1.9566167930586857
13,664,766,165,0.029979240149259567,1.4953200792512116
13,665,766,165,0.02869335561990738,1.4228325476532073
13,666,766,167,0.026960326358675957,2.225797636127622
13,667,766,167,0.02788258157670498,1.8394479743116758
13,668,766,167,0.02817918360233307,1.5085741613718635
13,669,766,167,0.02839883230626583,1.2596843615494944
13,670,766,167,0.02887086011469364,1.0927785748445715
13,671,766,167,0.029504217207431793,1.0078568012570892
13,672,766,167,0.02888450026512146,1.005738880918221
13,673,766,167,0.02882327511906624,1.08478513356562
13,674,766,186,0.029664628207683563,16.892464302794288
13,675,766,186,0.028864717110991478,15.776935164309629
13,676,766,186,0.029613731428980827,14.688734030197447
13,677,766,186,0.029222430661320686,13.723098995695842
13,678,766,186,0.029178492724895477,12.784791965566715
13,679,766,186,0.028898080810904503,11.87381293981007
13,680,766,186,0.030808310955762863,10.990161918425908
13,681,766,186,0.03146598860621452,10.133838901414224
13,682,766,186,0.03084377571940422,9.352462936394069
13,683,766,186,0.03007037192583084,8.598414975746396
13,684,766,186,0.03013642691075802,7.871695019471203
13,685,766,186,0.029355952516198158,7.172303067568491
13,686,766,186,0.030203642323613167,6.500239120038259
13,687,766,186,0.028705166652798653,5.950741272118602
13,688,766,186,0.029440417885780334,5.428571428571429
13,689,766,186,0.02928026206791401,4.9337295893967354
13,690,766,186,0.029222747310996056,4.466215754594522
13,691,766,186,0.029680384323000908,4.0260299241647886
13,692,766,186,0.029879670590162277,3.6131720981075355
13,693,766,186,0.029684189707040787,3.227642276422763
13,694,766,186,0.02904469519853592,2.869440459110473
13,695,766,186,0.029474105685949326,2.869440459110473
13,696,766,186,0.029016850516200066,2.869440459110473
13,697,766,186,0.029383748769760132,2.869440459110473
13,698,766,186,0.028798220679163933,2.869440459110473
13,699,766,186,0.028846345841884613,2.869440459110473
13,700,766,186,0.02929701656103134,2.869440459110473
13,701,766,186,0.029433220624923706,2.869440459110473
13,702,766,186,0.029858006164431572,2.869440459110473
13,703,766,186,0.0302933007478714,2.869440459110473
13,704,766,186,0.029238460585474968,2.869440459110473
13,705,766,186,0.02989819087088108,2.869440459110473
13,706,766,186,0.029421648010611534,2.869440459110473
13,707,766,186,0.02836241014301777,2.869440459110473
13,708,766,186,0.028815416619181633,2.869440459110473
13,709,766,186,0.02854122966527939,2.869440459110473
13,710,766,186,0.0290579441934824,2.869440459110473
13,711,766,186,0.029324408620595932,2.869440459110473
13,712,766,186,0.03060641698539257,2.869440459110473
13,713,766,186,0.03025847300887108,2.869440459110473
13,714,766,186,0.03030170314013958,2.869440459110473
13,715,766,186,0.030737070366740227,2.869440459110473
13,716,766,186,0.029742397367954254,2.869440459110473
13,717,766,186,0.030573910102248192,2.869440459110473
13,718,766,186,0.030551742762327194,2.869440459110473
13,719,766,186,0.029850071296095848,2.869440459110473
13,720,766,186,0.03148401901125908,2.869440459110473
13,721,766,186,0.030529499053955078,2.869440459110473
13,722,766,186,0.031010933220386505,2.869440459110473
13,723,766,186,0.030386030673980713,2.869440459110473
13,724,766,186,0.03149370476603508,2.869440459110473
13,725,766,186,0.03062787465751171,2.869440459110473
13,726,766,186,0.02983786165714264,2.869440459110473
13,727,766,186,0.030342983081936836,2.869440459110473
13,728,766,186,0.030080996453762054,2.869440459110473
13,729,766,186,0.03185335919260979,2.869440459110473
13,730,766,186,0.033362776041030884,2.869440459110473
13,731,766,186,0.03468785062432289,2.869440459110473
13,732,766,186,0.03467550128698349,2.869440459110473
13,733,766,186,0.034765321761369705,2.869440459110473
13,734,766,186,0.03417161479592323,2.869440459110473
13,735,766,186,0.03483935818076134,2.869440459110473
13,736,766,186,0.0376451276242733,2.869440459110473
13,737,766,186,0.03875274211168289,2.869440459110473
13,738,766,188,0.03864216059446335,1.533647605383616
13,739,766,188,0.039222728461027145,1.465737514518001
13,740,766,189,0.040264882147312164,1.1759240281478442
13,741,766,189,0.04177378863096237,1.0603948896631816
13,742,766,189,0.046145644038915634,0.9862676778028274
13,743,766,189,0.04635300114750862,0.9667964746874363
13,744,766,189,0.043404266238212585,0.9879073580651775
13,745,766,190,0.04321499168872833,0.6769829883172795
13,746,766,190,0.046471115201711655,0.6107125777140119
13,747,766,190,0.046541180461645126,0.6256063400970139
13,748,766,190,0.046866923570632935,0.695156111224979
13,749,766,190,0.047488629817962646,0.8052879688460761
13,750,766,190,0.04599667340517044,0.9427478308396535
13,751,766,191,0.0479113906621933,0.48732663797226006
13,752,766,192,0.047468822449445724,0.6187060189929634
13,753,766,192,0.04891851171851158,0.4869850379176044
13,754,766,194,0.049374938011169434,1.892464302794289
13,755,766,194,0.05048413202166557,1.5388399262143881
13,756,766,194,0.04961172863841057,1.2125435540069676
13,757,766,194,0.04816192761063576,0.9135751861720299
13,758,766,194,0.04724200442433357,0.6576484252237481
13,759,766,196,0.048391781747341156,1.987702398032384
13,760,766,196,0.048946041613817215,1.6340780214524833
13,761,766,196,0.047569260001182556,1.356220536995284
13,762,766,196,0.05081779509782791,1.133019061283048
13,763,766,196,0.05028008297085762,0.964473594315775
13,764,766,196,0.0490177720785141,0.8505841360934623
13,765,766,196,0.05371801555156708,0.7913506866161102
14,35,908,7,0.03461964800953865,2.869440459110473
14,36,908,7,0.03446703404188156,2.869440459110473
14,37,908,7,0.03426557034254074,2.869440459110473
14,38,908,9,0.033626798540353775,1.5336476053836174
14,39,908,10,0.03383726254105568,1.2711621233859387
14,40,908,10,0.03420719876885414,1.155632984901276
14,41,908,10,0.034072842448949814,1.067431850789095
14,42,908,10,0.034191060811281204,1.0206326433012225
14,43,908,10,0.033972758799791336,1.0144155223064832
14,44,908,10,0.03384454548358917,1.0355264056842244
14,45,908,10,0.035338226705789566,1.083965293434447
14,46,908,10,0.03321210294961929,1.1597321855571499
14,47,908,10,0.03322833776473999,1.262827082052333
14,48,908,12,0.03344890847802162,0.7250802760128439
14,49,908,12,0.034553464502096176,0.612010657921705
14,50,908,15,0.03430560231208801,2.8924643027942887
14,51,908,15,0.032764434814453125,2.538839926214388
14,52,908,15,0.0332193486392498,2.212543554006969
14,53,908,15,0.033071231096982956,1.9135751861720298
14,54,908,15,0.03324149176478386,1.6419348227095725
14,55,908,15,0.03274252265691757,1.3976224636195953
14,56,908,15,0.03263020142912865,1.1806381089020983
14,57,908,15,0.03317030519247055,1.006695361071257
14,58,908,15,0.032766688615083694,0.8874086219853791
14,59,908,15,0.03303707018494606,0.9329097492655587
14,60,908,15,0.03277716040611267,1.0103163216506101
14,61,908,15,0.03182549774646759,1.1274851403976216
14,62,908,15,0.03257276490330696,1.271981963517113
14,63,908,15,0.033022861927747726,1.4438067910090862
14,64,908,15,0.03289003297686577,1.6429596228735395
14,65,908,19,0.0331089124083519,1.9706907153105153
14,66,908,19,0.03285907208919525,1.6257429801188774
14,67,908,19,0.03358587250113487,1.3354512536722014
14,68,908,19,0.031573884189128876,1.0998155359704858
14,69,908,19,0.032120902091264725,1.0140739222518282
14,70,908,19,0.03271374851465225,0.9829883172781313
14,71,908,19,0.03211989998817444,0.9564801530368248
14,72,908,20,0.03166709840297699,0.9085195053631201
14,73,908,20,0.03253449499607086,0.8211382113821127
14,74,908,20,0.03211289644241333,0.7884129261460671
14,75,908,20,0.03238161280751228,0.8103436496549832
14,76,908,20,0.031801704317331314,0.8728564596570327
14,77,908,20,0.032161641865968704,0.9626972740315626
14,78,908,20,0.031871967017650604,1.079866092778574
14,79,908,20,0.031598448753356934,1.2243629158980656
14,80,908,20,0.033364418894052505,1.3961877433900387
14,81,908,20,0.03176118806004524,1.595340575254492
14,82,908,20,0.03198212757706642,1.8218214114914255
14,83,908,20,0.03185068443417549,2.0599166495866634
14,84,908,20,0.0317506268620491,2.2980118876819016
14,85,908,20,0.03209451213479042,2.5361071257771397
14,86,908,20,0.03177836537361145,2.5837261733961876
14,87,908,20,0.03258500620722771,2.631345221015235
14,88,908,20,0.03240841254591942,2.6789642686342825
14,89,908,20,0.03212973102927208,2.7265833162533304
14,90,908,20,0.031669482588768005,2.774202363872378
14,91,908,25,0.03207380324602127,1.9988385598141694
14,92,908,25,0.03191329166293144,1.8108218897315012
14,93,908,25,0.03195946291089058,1.627382660381225
14,94,908,25,0.03253021091222763,1.4712714354034286
14,95,908,28,0.032539449632167816,3.7972262075561938
14,96,908,28,0.03214443475008011,3.443601830976293
14,97,908,28,0.031212566420435905,3.1173054587688735
14,98,908,28,0.03143733739852905,2.8183370909339347
14,99,908,28,0.03160351142287254,2.546696727471477
14,100,908,28,0.03206554055213928,2.3023843683815
14,101,908,28,0.03278341516852379,2.085400013664003
14,102,908,28,0.03272232785820961,1.9106374257019882
14,103,908,28,0.03406352177262306,1.7905308464849352
14,104,908,28,0.03309033066034317,1.7250802760128439
14,105,908,28,0.032902732491493225,1.7142857142857142
14,106,908,28,0.03197585791349411,1.7432533989205445
14,107,908,28,0.03317754343152046,1.799549087927855
14,108,908,28,0.032231368124485016,1.8831727813076458
14,109,908,28,0.033390581607818604,1.9941244790599166
14,110,908,33,0.032347485423088074,2.8448452551752417
14,111,908,33,0.031243424862623215,2.253125640500103
14,112,908,33,0.03290017321705818,1.9268292682926824
14,113,908,33,0.03325726091861725,1.643574502971919
14,114,908,33,0.032750483602285385,1.414975746396119
14,115,908,33,0.03361685946583748,1.241032998565279
14,116,908,33,0.03393302485346794,1.166905786704925
14,117,908,33,0.033122703433036804,1.120106579217051
14,118,908,33,0.03325795382261276,1.1006353761016587
14,119,908,33,0.03321194648742676,1.1084921773587464
14,120,908,33,0.03330644592642784,1.1436769829883158
14,121,908,33,0.03272522985935211,1.2061897929903656
14,122,908,33,0.03324403613805771,1.2960306073648953
14,123,908,33,0.03240267559885979,1.4131994261119065
14,124,908,33,0.03284018859267235,1.5576962492313982
14,125,908,33,0.03219469264149666,1.7295210767233713
14,126,908,33,0.03238879516720772,1.9286739085878246
14,127,908,33,0.03250271826982498,2.1551547448247583
14,128,908,33,0.03357626870274544,2.393249982919996
14,129,908,33,0.0331440195441246,2.631345221015234
14,130,908,33,0.033206090331077576,2.8694404591104723
14,131,908,33,0.03355575352907181,2.8694404591104723
14,132,908,33,0.033757999539375305,2.8694404591104723
14,133,908,33,0.03416718915104866,2.8694404591104723
14,134,908,33,0.03454846516251564,2.8694404591104723
14,135,908,33,0.03281299024820328,2.8694404591104723
14,136,908,33,0.032473109662532806,2.8694404591104723
14,137,908,33,0.033334486186504364,2.8694404591104723
14,138,908,33,0.032947562634944916,2.8694404591104723
14,139,908,33,0.0332336500287056,2.8694404591104723
14,140,908,33,0.033743489533662796,2.8694404591104723
14,141,908,33,0.03216966614127159,2.8694404591104723
14,142,908,33,0.03217148408293724,2.8694404591104723
14,143,908,33,0.03279522806406021,2.8694404591104723
14,144,908,33,0.0325184166431427,2.8694404591104723
14,145,908,33,0.03216405585408211,2.8694404591104723
14,146,908,33,0.03263498470187187,2.8694404591104723
14,147,908,33,0.03249112516641617,2.8694404591104723
14,148,908,33,0.03309481963515282,2.8694404591104723
14,149,908,33,0.03310325741767883,2.8694404591104723
14,150,908,33,0.03230826184153557,2.8694404591104723
14,151,908,33,0.03203428164124489,2.8694404591104723
14,152,908,33,0.032923031598329544,2.8694404591104723
14,153,908,33,0.033609792590141296,2.8694404591104723
14,154,908,38,0.033018335700035095,2.02158912345426
14,155,908,38,0.03204800933599472,1.8108218897315018
14,156,908,42,0.03251418471336365,5.225797636127622
14,157,908,42,0.03270154073834419,4.824554211928673
14,158,908,42,0.03299667686223984,4.450638792102205
14,159,908,42,0.033159639686346054,4.1040513766482185
14,160,908,42,0.032691627740859985,3.7847919655667135
14,161,908,42,0.03363609313964844,3.4928605588576884
14,162,908,42,0.032922595739364624,3.2282571565211438
14,163,908,44,0.033115945756435394,4.1313793810207
14,164,908,44,0.03297421336174011,3.6630457060873116
14,165,908,44,0.03225092217326164,3.249368039898885
14,166,908,45,0.032384347170591354,3.5115119218419073
14,167,908,45,0.03343509882688522,2.9963790394206464
14,168,908,48,0.032460879534482956,5.225797636127622
14,169,908,48,0.03260349854826927,4.538839926214387
14,170,908,48,0.03281388059258461,3.8792102206736336
14,171,908,48,0.03316366672515869,3.2469085195053613
14,172,908,51,0.0336836613714695,5.225797636127622
14,173,908,51,0.0324583537876606,4.395982783357245
14,174,908,51,0.03319840133190155,3.5934959349593476
14,175,908,51,0.03265490010380745,3.0564323290291706
14,176,908,51,0.032780058681964874,2.5466967274714754
14,177,908,51,0.03311920911073685,2.2547653207624503
14,178,908,51,0.03324731066823006,1.9901619184259058
14,179,908,51,0.0331723615527153,1.7677802828448432
14,180,908,51,0.03393092751502991,1.6000546560087425
14,181,908,52,0.033787187188863754,1.5773040923686554
14,182,908,52,0.033192917704582214,1.3081232492997206
14,183,908,52,0.033614322543144226,1.1209264193482273
14,184,908,52,0.033503204584121704,1.1109516977522715
14,185,908,52,0.03399017080664635,1.1688870670219307
14,186,908,52,0.033606886863708496,1.2798387647742016
14,187,908,52,0.03326421231031418,1.4657375145180016
14,188,908,52,0.03405614569783211,1.6789642686342834
14,189,908,52,0.03372952342033386,1.8694404591104739
14,190,908,52,0.033604636788368225,2.0599166495866643
14,191,908,52,0.03358965739607811,2.2503928400628546
14,192,908,52,0.03388049826025963,2.4408690305390452
14,193,908,52,0.03408653289079666,2.4884880781580927
14,194,908,52,0.03311648964881897,2.5361071257771406
14,195,908,52,0.03430456668138504,2.583726173396188
14,196,908,56,0.035022392868995667,1.3379107740657243
14,197,908,56,0.03559277206659317,1.183439229350277
14,198,908,56,0.03859872370958328,1.08362369337979
14,199,908,56,0.0407855249941349,1.022750563640089
14,200,908,56,0.04234030842781067,0.9892054382728698
14,201,908,60,0.04410529509186745,3.797226207556193
14,202,908,60,0.0436345599591732,3.4436018309762924
14,203,908,60,0.044735442847013474,3.1173054587688718
14,204,908,60,0.04189006984233856,2.8183370909339325
14,205,908,60,0.041083090007305145,2.5466967274714754
14,206,908,60,0.04326188564300537,2.302384368381498
14,207,908,60,0.04289081692695618,2.085400013664001
14,208,908,60,0.04213671386241913,1.8957436633189841
14,209,908,60,0.04114273563027382,1.733415317346449
14,210,908,60,0.041061919182538986,1.6000546560087439
14,211,908,60,0.04103713482618332,1.5213500034160008
14,212,908,60,0.041030190885066986,1.4973013595682179
14,213,908,62,0.04076876491308212,1.5453986472637835
14,214,908,62,0.040195029228925705,1.2613240418118465
14,215,908,62,0.03921722620725632,1.03190544510487
14,216,908,62,0.03852385655045509,0.8571428571428564
14,217,908,63,0.03792458772659302,0.8820113411218157
14,218,908,63,0.036093760281801224,0.7962697274031569
14,219,908,63,0.03509121760725975,0.7925121268019388
14,220,908,63,0.037373509258031845,0.870738539318164
14,221,908,63,0.03518766164779663,1.0168750427000057
14,222,908,64,0.03727525845170021,0.5701304912208804
14,223,908,64,0.03613866865634918,0.5585160893625759
14,224,908,64,0.035701315850019455,0.6280658604905383
14,225,908,64,0.0340089425444603,0.7522716403634624
14,226,908,64,0.03414691612124443,0.9170595067295214
14,227,908,66,0.03453204780817032,0.7988658878185416
14,228,908,66,0.03317435458302498,0.5843410534945683
14,229,908,66,0.03359731659293175,0.4526200724192107
14,230,908,66,0.031663332134485245,0.4302111088337766
14,231,908,66,0.03308999165892601,0.515474482475916
14,232,908,66,0.032141707837581635,0.6827218692354987
14,233,908,66,0.03209228813648224,0.9170595067295214
14,234,908,66,0.032303452491760254,1.1075356972057118
14,235,908,66,0.032507944852113724,1.2980118876819025
14,236,908,66,0.03206337243318558,1.488488078158093
14,237,908,66,0.03203723952174187,1.6789642686342834
14,238,908,66,0.03155357390642166,1.8218214114914262
14,239,908,66,0.03183642774820328,1.964678554348569
14,240,908,71,0.0324004627764225,2.6543690646990505
14,241,908,71,0.032618746161460876,2.30074468811915
14,242,908,71,0.03221544995903969,1.9744483159117308
14,243,908,71,0.032614290714263916,1.7230989956958394
14,244,908,71,0.032165393233299255,1.4990776798524283
14,245,908,71,0.034121591597795486,1.3180979708956757
14,246,908,71,0.033385563641786575,1.1917742706838834
14,247,908,71,0.03334464505314827,1.120106579217053
14,248,908,71,0.034159135073423386,1.1006353761016607
14,249,908,71,0.03318110108375549,1.1084921773587486
14,250,908,71,0.03285147622227669,1.143676982988318
14,251,908,71,0.03268911689519882,1.2061897929903675
14,252,908,71,0.033335328102111816,1.2960306073648973
14,253,908,71,0.03410514071583748,1.4131994261119085
14,254,908,71,0.035048216581344604,1.5576962492314002
14,255,908,71,0.03420902043581009,1.729521076723372
14,256,908,71,0.03417854756116867,1.9286739085878253
14,257,908,71,0.033312637358903885,2.1551547448247588
14,258,908,71,0.03341264650225639,2.393249982919997
14,259,908,71,0.0341019444167614,2.631345221015235
14,260,908,73,0.03385274112224579,1.5336476053836174
14,261,908,71,0.03440048173069954,2.9646785543485685
14,262,908,71,0.03454124554991722,2.9646785543485685
14,263,908,71,0.034872639924287796,2.9646785543485685
14,264,908,71,0.03429681435227394,2.9646785543485685
14,265,908,71,0.033435456454753876,2.9646785543485685
14,266,908,73,0.03493994101881981,1.602377536380406
14,267,908,73,0.034234218299388885,1.5609756097560976
14,268,908,73,0.03474486991763115,1.5203935232629642
14,269,908,73,0.03497174009680748,1.507139441142311
14,270,908,73,0.033519353717565536,1.5212133633941378
14,271,908,73,0.033802442252635956,1.5626152900184462
14,272,908,73,0.03331939876079559,1.631345221015235
14,273,908,73,0.03289943188428879,1.7265833162533302
14,274,908,73,0.033163879066705704,1.8218214114914255
14,275,908,88,0.032381121069192886,12.368654778984766
14,276,908,91,0.03258707374334335,14.416273826603813
14,277,908,91,0.03192843869328499,13.491220878595342
14,278,908,91,0.03159579262137413,12.593495934959352
14,279,908,91,0.031846508383750916,11.72309899569584
14,280,908,91,0.031658269464969635,10.88003006080481
14,281,908,91,0.03178413584828377,10.159527225524355
14,282,908,91,0.031926192343235016,9.371114299378288
14,283,908,91,0.0325160026550293,8.610029377604699
14,284,908,91,0.031724054366350174,7.876272460203594
14,285,908,91,0.03300192207098007,7.169843547174966
14,286,908,91,0.03382536768913269,6.505636400901823
14,287,908,91,0.03311396390199661,5.976429596228735
14,288,908,91,0.03169850632548332,5.474550795928128
14,289,908,91,0.032297443598508835,5.0
14,290,908,91,0.03253224492073059,4.552777208444352
14,291,908,91,0.03217935934662819,4.132882421261187
14,292,908,91,0.03317299485206604,3.7403156384505016
14,293,908,91,0.03324437886476517,3.3750768600122973
14,294,908,91,0.03327813744544983,3.037166085946574
14,295,908,126,0.032036952674388885,30.606750017080003
14,296,908,126,0.03266843035817146,28.82455421192867
14,297,908,126,0.03290886431932449,27.21254355400697
14,298,908,126,0.03270050138235092,25.627860900457748
14,299,908,126,0.0325993187725544,24.070506251281
14,300,908,126,0.03333594650030136,22.540479606476737
14,301,908,126,0.03401259332895279,21.037780966044952
14,302,908,126,0.03376881033182144,19.562410329985656
14,303,908,126,0.033822301775217056,18.11436769829883
14,304,908,126,0.03411190211772919,16.69365307098449
14,305,908,126,0.03317847475409508,15.30026644804263
14,306,908,126,0.03341057524085045,13.934207829473253
14,307,908,126,0.033445872366428375,12.595477215276354
14,308,908,126,0.033145155757665634,11.284074605451938
14,309,908,126,0.03365263342857361,9.999999999999998
14,310,908,126,0.032973725348711014,8.743253398920544
14,311,908,126,0.0325583778321743,7.513834802213568
14,312,908,126,0.03331843391060829,6.311744209879073
14,313,908,126,0.033315736800432205,5.13698162191706
14,314,908,126,0.031559448689222336,3.989547038327526
14,315,908,126,0.0331098772585392,2.869440459110473
14,316,908,126,0.032808929681777954,2.869440459110473
14,317,908,126,0.03357775881886482,2.869440459110473
14,318,908,126,0.03170846030116081,2.869440459110473
14,319,908,126,0.03163349628448486,2.869440459110473
14,320,908,126,0.03171597421169281,2.869440459110473
14,321,908,126,0.03218599781394005,2.869440459110473
14,322,908,126,0.03180189058184624,2.869440459110473
14,323,908,126,0.03116474114358425,2.869440459110473
14,324,908,126,0.031769998371601105,2.869440459110473
14,325,908,126,0.03305777907371521,2.869440459110473
14,326,908,126,0.03330458328127861,2.869440459110473
14,327,908,126,0.032494623214006424,2.869440459110473
14,328,908,126,0.03358804062008858,2.869440459110473
14,329,908,126,0.03365202993154526,2.869440459110473
14,330,908,126,0.033081792294979095,2.869440459110473
14,331,908,126,0.03288383409380913,2.869440459110473
14,332,908,126,0.03238677233457565,2.869440459110473
14,333,908,126,0.031116850674152374,2.869440459110473
14,334,908,126,0.03258923441171646,2.869440459110473
14,335,908,126,0.0332794114947319,2.869440459110473
14,336,908,126,0.03192576393485069,2.869440459110473
14,337,908,126,0.032418135553598404,2.869440459110473
14,338,908,126,0.033457715064287186,2.869440459110473
14,339,908,126,0.03289079666137695,2.869440459110473
14,340,908,126,0.033565133810043335,2.869440459110473
14,341,908,126,0.034098535776138306,2.869440459110473
14,342,908,126,0.03321303799748421,2.869440459110473
14,343,908,126,0.03326696902513504,2.869440459110473
14,344,908,126,0.03314143046736717,2.869440459110473
14,345,908,126,0.032287485897541046,2.869440459110473
14,346,908,126,0.03281135484576225,2.869440459110473
14,347,908,126,0.03385581448674202,2.869440459110473
14,348,908,126,0.03341911360621452,2.869440459110473
14,349,908,126,0.03488079085946083,2.869440459110473
14,350,908,126,0.035592660307884216,2.869440459110473
14,351,908,126,0.03452620655298233,2.869440459110473
14,352,908,126,0.0334046371281147,2.869440459110473
14,353,908,126,0.03316795453429222,2.869440459110473
14,354,908,126,0.03401485085487366,2.869440459110473
14,355,908,126,0.03404443711042404,2.869440459110473
14,356,908,126,0.03347666934132576,2.869440459110473
14,357,908,126,0.03515242785215378,2.869440459110473
14,358,908,126,0.03301388397812843,2.869440459110473
14,359,908,126,0.03291236236691475,2.869440459110473
14,360,908,126,0.03370436280965805,2.869440459110473
14,361,908,126,0.03216662257909775,2.869440459110473
14,362,908,126,0.032910916954278946,2.869440459110473
14,363,908,126,0.03296418488025665,2.869440459110473
14,364,908,126,0.03285834193229675,2.869440459110473
14,365,908,126,0.03270111232995987,2.869440459110473
14,366,908,126,0.032776687294244766,2.869440459110473
14,367,908,126,0.031476940959692,2.869440459110473
14,368,908,126,0.03262677416205406,2.869440459110473
14,369,908,126,0.03272451460361481,2.869440459110473
14,370,908,126,0.03309725597500801,2.869440459110473
14,371,908,126,0.0332784429192543,2.869440459110473
14,372,908,126,0.033179543912410736,2.869440459110473
14,373,908,126,0.034560952335596085,2.869440459110473
14,374,908,126,0.03450625017285347,2.869440459110473
14,375,908,126,0.03314964845776558,2.869440459110473
14,376,908,126,0.032675307244062424,2.869440459110473
14,377,908,126,0.03220123425126076,2.869440459110473
14,378,908,126,0.0332929827272892,2.869440459110473
14,379,908,126,0.032376643270254135,2.869440459110473
14,380,908,126,0.03310098126530647,2.869440459110473
14,381,908,126,0.032545335590839386,2.869440459110473
14,382,908,126,0.03160860016942024,2.869440459110473
14,383,908,126,0.03201277181506157,2.869440459110473
14,384,908,126,0.03276054188609123,2.869440459110473
14,385,908,126,0.0326097346842289,2.869440459110473
14,386,908,126,0.03421424329280853,2.869440459110473
14,387,908,126,0.03306754305958748,2.869440459110473
14,388,908,126,0.034495189785957336,2.869440459110473
14,389,908,126,0.03385160118341446,2.869440459110473
14,390,908,126,0.03255026414990425,2.869440459110473
14,391,908,126,0.03147120028734207,2.869440459110473
14,392,908,126,0.03260910511016846,2.869440459110473
14,393,908,126,0.032312747091054916,2.869440459110473
14,394,908,126,0.031778376549482346,2.869440459110473
14,395,908,126,0.03301790729165077,2.869440459110473
14,396,908,126,0.03363461792469025,2.869440459110473
14,397,908,126,0.03350302577018738,2.869440459110473
14,398,908,126,0.03301634639501572,2.869440459110473
14,399,908,126,0.03155733272433281,2.869440459110473
14,400,908,126,0.033380601555109024,2.869440459110473
14,401,908,126,0.03246590122580528,2.869440459110473
14,402,908,126,0.03209157660603523,2.869440459110473
14,403,908,126,0.0317310094833374,2.869440459110473
14,404,908,126,0.03329232335090637,2.869440459110473
14,405,908,126,0.03377027437090874,2.869440459110473
14,406,908,126,0.03188177943229675,2.869440459110473
14,407,908,126,0.03128194063901901,2.869440459110473
14,408,908,126,0.03180922195315361,2.869440459110473
14,409,908,126,0.031605713069438934,2.869440459110473
14,410,908,126,0.033027179539203644,2.869440459110473
14,411,908,126,0.03202185034751892,2.869440459110473
14,412,908,126,0.03205682709813118,2.869440459110473
14,413,908,126,0.032612599432468414,2.869440459110473
14,414,908,126,0.03332015872001648,2.869440459110473
14,415,908,126,0.034101247787475586,2.869440459110473
14,416,908,126,0.03400448337197304,2.869440459110473
14,417,908,126,0.03252783417701721,2.869440459110473
14,418,908,126,0.032612960785627365,2.869440459110473
14,419,908,126,0.03316352888941765,2.869440459110473
14,420,908,126,0.03305461257696152,2.869440459110473
14,421,908,126,0.03251974284648895,2.869440459110473
14,422,908,126,0.031826745718717575,2.869440459110473
14,423,908,126,0.0317215770483017,2.869440459110473
14,424,908,126,0.031120624393224716,2.869440459110473
14,425,908,126,0.03141681104898453,2.869440459110473
14,426,908,126,0.032035212963819504,2.869440459110473
14,427,908,126,0.031590867787599564,2.869440459110473
14,428,908,126,0.03177475556731224,2.869440459110473
14,429,908,126,0.03171636909246445,2.869440459110473
14,430,908,126,0.03074713796377182,2.869440459110473
14,431,908,126,0.03038882091641426,2.869440459110473
14,432,908,126,0.03259200230240822,2.869440459110473
14,433,908,126,0.031595222651958466,2.869440459110473
14,434,908,126,0.032352082431316376,2.869440459110473
14,435,908,126,0.03201702609658241,2.869440459110473
14,436,908,126,0.032758068293333054,2.869440459110473
14,437,908,126,0.03188370168209076,2.869440459110473
14,438,908,126,0.03339672088623047,2.869440459110473
14,439,908,126,0.033654291182756424,2.869440459110473
14,440,908,126,0.0336284264922142,2.869440459110473
14,441,908,126,0.0339927151799202,2.869440459110473
14,442,908,126,0.03425087407231331,2.869440459110473
14,443,908,126,0.03488931432366371,2.869440459110473
14,444,908,126,0.03307627514004707,2.869440459110473
14,445,908,126,0.03460249677300453,2.869440459110473
14,446,908,126,0.03343641757965088,2.869440459110473
14,447,908,126,0.03355387598276138,2.869440459110473
14,448,908,126,0.03461305797100067,2.869440459110473
14,449,908,126,0.034171212464571,2.869440459110473
14,450,908,126,0.03440551832318306,2.869440459110473
14,451,908,126,0.03319082781672478,2.869440459110473
14,452,908,126,0.03385630249977112,2.869440459110473
14,453,908,126,0.03438529744744301,2.869440459110473
14,454,908,126,0.03387744352221489,2.869440459110473
14,455,908,126,0.03374272212386131,2.869440459110473
14,456,908,126,0.03422216698527336,2.869440459110473
14,457,908,126,0.03406624123454094,2.869440459110473
14,458,908,126,0.035706449300050735,2.869440459110473
14,459,908,126,0.03452320024371147,2.869440459110473
14,460,908,126,0.03468998521566391,2.869440459110473
14,461,908,126,0.035819943994283676,2.869440459110473
14,462,908,126,0.0354151725769043,2.869440459110473
14,463,908,126,0.03546970710158348,2.869440459110473
14,464,908,126,0.03425462916493416,2.869440459110473
14,465,908,126,0.0326838418841362,2.869440459110473
14,466,908,126,0.033599551767110825,2.869440459110473
14,467,908,126,0.032950423657894135,2.869440459110473
14,468,908,126,0.03211486339569092,2.869440459110473
14,469,908,126,0.032600950449705124,2.869440459110473
14,470,908,126,0.03309407830238342,2.869440459110473
14,471,908,126,0.0343996100127697,2.869440459110473
14,472,908,126,0.033497825264930725,2.869440459110473
14,473,908,126,0.034496188163757324,2.869440459110473
14,474,908,126,0.03411530703306198,2.869440459110473
14,475,908,126,0.031988512724637985,2.869440459110473
14,476,908,126,0.034709323197603226,2.869440459110473
14,477,908,126,0.034850507974624634,2.869440459110473
14,478,908,126,0.03395647555589676,2.869440459110473
14,479,908,126,0.03468135744333267,2.869440459110473
14,480,908,126,0.03585527464747429,2.869440459110473
14,481,908,126,0.035731662064790726,2.869440459110473
14,482,908,121,0.03486727550625801,7.631345221015233
14,483,908,121,0.035543475300073624,7.393249982919995
14,484,908,126,0.036250386387109756,3.2636469221835074
14,485,908,126,0.03586810454726219,3.2089909134385457
14,486,908,126,0.03544051572680473,3.1543349046935854
14,487,908,126,0.03548087924718857,3.0996788959486232
14,488,908,126,0.034903209656476974,3.0450228872036615
14,489,908,126,0.035345595329999924,2.9903668784587
14,490,908,121,0.03536157310009003,7.155154744824758
14,491,908,121,0.03436925634741783,6.91705950672952
14,492,908,121,0.037668321281671524,6.678964268634282
14,493,908,121,0.03622656688094139,6.4408690305390435
14,494,908,121,0.03628815710544586,6.202773792443805
14,495,908,121,0.03754151985049248,5.964678554348568
14,496,908,121,0.03650417923927307,5.72658331625333
14,497,908,121,0.035589031875133514,5.488488078158092
14,498,908,121,0.034764088690280914,5.250392840062854
14,499,908,121,0.03374176099896431,5.0122976019676155
14,500,908,121,0.035340793430805206,4.774202363872378
14,501,908,122,0.035426344722509384,3.705472432875589
14,502,908,122,0.036126550287008286,3.447086151533784
14,503,908,122,0.03435029461979866,3.4541231126596976
14,504,908,122,0.03373892977833748,3.4884880781580923
14,505,908,122,0.03412259742617607,3.2980118876819016
14,506,908,122,0.03501999378204346,3.1075356972057113
14,507,908,122,0.03517979010939598,2.9170595067295206
14,508,908,122,0.03495948761701584,2.7265833162533304
14,509,908,122,0.03422527015209198,2.5361071257771397
14,510,908,122,0.035691745579242706,2.3456309353009495
14,511,908,122,0.035528555512428284,2.393249982919997
14,512,908,121,0.03532416746020317,3.393249982919997
14,513,908,121,0.0346546396613121,3.393249982919997
14,514,908,121,0.036542411893606186,3.393249982919997
14,515,908,121,0.03867800906300545,3.393249982919997
14,516,908,121,0.04058711975812912,3.393249982919997
14,517,908,121,0.03934111446142197,3.393249982919997
14,518,908,126,0.03720739856362343,1.6683063469290154
14,519,908,126,0.038705963641405106,1.5527772084443527
14,520,908,126,0.0394090972840786,1.4645760743321716
14,521,908,126,0.04488173872232437,1.4037029445924707
14,522,908,126,0.042012427002191544,1.3225387716062025
14,523,908,126,0.043378595262765884,1.2687026029924158
14,524,908,126,0.04246705025434494,1.2421944387511092
14,525,908,126,0.04351000115275383,1.2430142788822842
14,526,908,126,0.044832002371549606,1.2695224431235907
14,527,908,126,0.043495990335941315,1.2960306073648973
14,528,908,126,0.04199853539466858,1.3225387716062038
14,529,908,130,0.038320392370224,2.9400833504133357
14,530,908,130,0.040062032639980316,2.586458973833435
14,531,908,130,0.036288149654865265,2.2601626016260146
14,532,908,130,0.037261638790369034,1.9628339140534254
14,533,908,130,0.034980010241270065,1.6725421876067494
14,534,908,130,0.03373857960104942,1.4369064699050351
14,535,908,130,0.03217006474733353,1.2559267609482812
14,536,908,130,0.034165337681770325,1.1296030607364902
14,537,908,130,0.03477361053228378,1.0579353692696598
14,538,908,132,0.03163488581776619,1.2150030744004918
14,539,908,132,0.03185725584626198,1.0394206463073035
14,540,908,132,0.03146028518676758,0.9184942269590753
14,541,908,133,0.03135942667722702,1.2829131652661057
14,542,908,134,0.03445230796933174,1.8448452551752412
14,543,908,134,0.03448232635855675,1.4928605588576904
14,544,908,134,0.03421943634748459,1.1955318712851002
14,545,908,134,0.03422245383262634,0.9677529548404751
14,546,908,135,0.035637471824884415,1.287490605998498
14,547,908,136,0.03901754319667816,1.7972262075561936
14,548,908,136,0.03989564627408981,1.3483637357381977
14,549,908,136,0.03979872539639473,0.9276491084238555
14,550,908,136,0.0382593534886837,0.7661406025824953
14,551,908,139,0.0370355062186718,3.130559540889527
14,552,908,139,0.038189612329006195,2.7293161166905784
14,553,908,139,0.039063431322574615,2.3554006968641104
14,554,908,139,0.039204128086566925,2.008813281410125
14,555,908,139,0.038289446383714676,1.6895538703286201
14,556,908,139,0.038007307797670364,1.3976224636195953
14,557,908,139,0.03824023902416229,1.1330190612830506
14,558,908,139,0.038126733154058456,0.9106374257019881
14,559,908,139,0.04093795269727707,0.8381498941039813
14,560,908,139,0.038093168288469315,0.8376716540274634
14,561,908,139,0.036290835589170456,0.9448657511785189
14,562,908,139,0.03543785586953163,1.1667691466830634
14,563,908,139,0.03597591444849968,1.393249982919997
14,564,908,139,0.03561972826719284,1.631345221015235
14,565,908,139,0.035238686949014664,1.8694404591104732
14,566,908,139,0.035379741340875626,2.1075356972057113
14,567,908,139,0.033854931592941284,2.2980118876819016
14,568,908,139,0.03424989432096481,2.4408690305390444
14,569,908,139,0.034173525869846344,2.5837261733961876
14,570,908,139,0.03492039069533348,2.7265833162533304
14,571,908,139,0.03519566357135773,2.869440459110473
14,572,908,139,0.03546721488237381,2.869440459110473
14,573,908,139,0.036896802484989166,2.869440459110473
14,574,908,139,0.037236589938402176,2.869440459110473
14,575,908,139,0.035946618765592575,2.869440459110473
14,576,908,139,0.03517192229628563,2.869440459110473
14,577,908,139,0.037117257714271545,2.869440459110473
14,578,908,139,0.036817315965890884,2.869440459110473
14,579,908,139,0.038599420338869095,2.869440459110473
14,580,908,139,0.0370321087539196,2.869440459110473
14,581,908,139,0.03734828904271126,2.869440459110473
14,582,908,145,0.037678349763154984,2.8448452551752412
14,583,908,145,0.03656988963484764,2.5864589738334356
14,584,908,145,0.03761869668960571,2.3554006968641104
14,585,908,145,0.03687487542629242,2.151670424267268
14,586,908,145,0.037556763738393784,1.9752681560429057
14,587,908,145,0.035544503480196,1.826193892191024
14,588,908,145,0.03508106246590614,1.704447632711622
14,589,908,145,0.038686610758304596,1.6100293776047006
14,590,908,148,0.03576994314789772,3.4162738266038124
14,591,908,148,0.03498004376888275,3.0150304024048644
14,592,908,148,0.03628309443593025,2.641114982578396
14,593,908,148,0.03405001759529114,2.309421329507413
14,594,908,148,0.03504186123609543,2.03238368518139
14,595,908,148,0.035300835967063904,1.8100020496003275
14,596,908,148,0.03590371459722519,1.6422764227642281
14,597,908,148,0.03686169534921646,1.5292068046730893
14,598,908,148,0.03586026653647423,1.4707931953269107
14,599,908,148,0.03550711274147034,1.4670355947256954
14,600,908,148,0.036506328731775284,1.5179340028694404
14,601,908,148,0.03827768936753273,1.608594657375144
14,602,908,148,0.037163928151130676,1.7265833162533302
14,603,908,148,0.036135610193014145,1.8694404591104732
14,604,908,148,0.03734666854143143,2.012297601967616
14,605,908,148,0.03801531717181206,2.1551547448247588
14,606,908,148,0.03675355017185211,2.2980118876819016
14,607,908,148,0.03568943217396736,2.4408690305390444
14,608,908,151,0.03582921624183655,1.157750905240145
14,609,908,151,0.03403724730014801,1.1328824212611857
14,610,908,151,0.034583184868097305,1.1626699460271896
14,611,908,151,0.035079047083854675,1.10179681628749
14,612,908,151,0.0365852452814579,1.0682516909202708
14,613,908,151,0.035931263118982315,1.0620345699255316
14,614,908,151,0.036291249096393585,1.0831454533032727
14,615,908,151,0.036494724452495575,1.131584341053494
14,616,908,151,0.03509250655770302,1.2073512331761955
14,617,908,151,0.03477736935019493,1.3104461296713799
14,618,908,151,0.03454013541340828,1.4408690305390446
14,619,908,151,0.034866899251937866,1.5837261733961874
14,620,908,151,0.03635234758257866,1.7265833162533302
14,621,908,151,0.036257244646549225,1.8694404591104732
14,622,908,151,0.03430522233247757,2.012297601967616
14,623,908,151,0.03363329544663429,2.1551547448247588
14,624,908,151,0.0326271690428257,2.2980118876819016
14,625,908,153,0.03182926028966904,1.1050761768121875
14,626,908,153,0.035706765949726105,1.1800232288037154
14,627,908,153,0.03206181898713112,1.2822982851677234
14,628,908,153,0.033482592552900314,1.4119013459042142
14,629,908,153,0.03203437477350235,1.4259752681560425
14,630,908,153,0.033461157232522964,1.4673771947803511
14,631,908,153,0.033215347677469254,1.5361071257771397
14,632,908,153,0.0327923558652401,1.631345221015235
14,633,908,154,0.032766252756118774,0.9481451117032164
14,634,908,155,0.03263372182846069,0.7051308328209335
14,635,908,155,0.032430894672870636,0.6247864999658402
14,636,908,155,0.032236430794000626,0.5990981758557073
14,637,908,155,0.03270380571484566,0.6421397827423659
14,638,908,158,0.03416075184941292,2.130559540889527
14,639,908,158,0.03538602590560913,1.8245542119286737
14,640,908,158,0.03332320973277092,1.5458768873403008
14,641,908,158,0.03339897096157074,1.2945275671244107
14,642,908,158,0.03373740240931511,1.070506251281001
14,643,908,158,0.03358537331223488,0.8895265423242471
14,644,908,158,0.03268374502658844,0.7632028421124536
14,645,908,158,0.0332031175494194,0.7064289130286251
14,646,908,158,0.033653631806373596,0.7291794766687135
14,647,908,158,0.03283381834626198,0.8082257293161151
14,648,908,158,0.03382487967610359,0.9676163148186101
14,649,908,158,0.0340532548725605,1.1667691466830634
14,650,908,158,0.034521982073783875,1.393249982919997
14,651,908,158,0.03337008133530617,1.631345221015235
14,652,908,158,0.033546023070812225,1.8694404591104732
14,653,908,158,0.033017855137586594,2.1075356972057113
14,654,908,158,0.03278609737753868,2.2980118876819016
14,655,908,158,0.03226897865533829,2.4408690305390444
14,656,908,158,0.033885736018419266,2.5837261733961876
14,657,908,158,0.033488716930150986,2.7265833162533304
14,658,908,158,0.033737607300281525,2.869440459110473
14,659,908,158,0.03316948935389519,2.869440459110473
14,660,908,158,0.03521621972322464,2.869440459110473
14,661,908,158,0.03305904567241669,2.869440459110473
14,662,908,158,0.03405670449137688,2.869440459110473
14,663,908,158,0.03413579612970352,2.869440459110473
14,664,908,158,0.033764421939849854,2.869440459110473
14,665,908,158,0.03304343298077583,2.869440459110473
14,666,908,158,0.03250100836157799,2.869440459110473
14,667,908,158,0.033301182091236115,2.869440459110473
14,668,908,158,0.032635655254125595,2.869440459110473
14,669,908,158,0.03378501534461975,2.869440459110473
14,670,908,158,0.034333765506744385,2.869440459110473
14,671,908,158,0.03405073657631874,2.869440459110473
14,672,908,154,0.034659821540117264,6.6789642686342825
14,673,908,154,0.03397532179951668,6.488488078158092
14,674,908,153,0.03572013974189758,7.250392840062854
14,675,908,153,0.03549721837043762,7.0122976019676155
14,676,908,153,0.035116132348775864,6.774202363872378
14,677,908,153,0.036113254725933075,6.53610712577714
14,678,908,153,0.03730011731386185,6.298011887681902
14,679,908,153,0.03446705639362335,6.059916649586664
14,680,908,153,0.03341110050678253,5.821821411491426
14,681,908,153,0.032606806606054306,5.583726173396188
14,682,908,153,0.034531742334365845,5.3456309353009495
14,683,908,153,0.03468850255012512,5.107535697205711
14,684,908,153,0.03519374877214432,4.869440459110473
14,685,908,153,0.037164829671382904,4.631345221015235
14,686,908,153,0.03690485283732414,4.393249982919997
14,687,908,153,0.036705099046230316,4.155154744824759
14,688,908,151,0.03668750822544098,5.821821411491426
14,689,908,151,0.03583104535937309,5.488488078158092
14,690,908,151,0.035883042961359024,5.155154744824759
14,691,908,151,0.03475908190011978,4.821821411491426
14,692,908,151,0.03558002784848213,4.488488078158092
14,693,908,151,0.035816412419080734,4.3456309353009495
14,694,908,151,0.03631586581468582,4.202773792443806
14,695,908,151,0.03586700186133385,4.107535697205711
14,696,908,151,0.03740219399333,4.0122976019676155
14,697,908,151,0.034741178154945374,3.9170595067295206
14,698,908,151,0.03484873101115227,3.8218214114914253
14,699,908,151,0.03504062443971634,3.7265833162533304
14,700,908,151,0.0339362770318985,3.631345221015235
14,701,908,148,0.036356374621391296,6.393249982919997
14,702,908,148,0.03482665866613388,6.155154744824759
14,703,908,148,0.03575388714671135,5.917059506729521
14,704,908,148,0.03732295706868172,5.6789642686342825
14,705,908,148,0.03543912619352341,5.440869030539044
14,706,908,148,0.036289796233177185,5.202773792443806
14,707,908,148,0.037795137614011765,4.964678554348568
14,708,908,148,0.0363612174987793,4.72658331625333
14,709,908,148,0.03581993281841278,4.583726173396188
14,710,908,148,0.034675177186727524,4.440869030539044
14,711,908,148,0.03716639429330826,4.298011887681902
14,712,908,148,0.03672439604997635,4.155154744824759
14,713,908,148,0.0362815335392952,4.0122976019676155
14,714,908,148,0.03587578237056732,3.869440459110473
14,715,908,148,0.03642970696091652,3.7265833162533304
14,716,908,148,0.03564518317580223,3.5837261733961876
14,717,908,148,0.03569691255688667,3.4408690305390444
14,718,908,148,0.03478202223777771,3.2980118876819016
14,719,908,145,0.03632514178752899,6.0122976019676155
14,720,908,145,0.03469878062605858,5.72658331625333
14,721,908,145,0.03454573452472687,5.440869030539044
14,722,908,145,0.03665383532643318,5.298011887681902
14,723,908,145,0.037731245160102844,5.155154744824759
14,724,908,145,0.037960611283779144,5.0122976019676155
14,725,908,145,0.035735685378313065,4.869440459110473
14,726,908,145,0.03623758628964424,4.72658331625333
14,727,908,145,0.03567115589976311,4.583726173396188
14,728,908,145,0.037408165633678436,4.440869030539044
14,729,908,145,0.03610728308558464,4.298011887681902
14,730,908,145,0.036742161959409714,4.155154744824759
14,731,908,145,0.036087073385715485,4.0122976019676155
14,732,908,145,0.03628913313150406,3.869440459110473
14,733,908,145,0.03664007782936096,3.7265833162533304
14,734,908,148,0.03494234383106232,2.080685932909749
14,735,908,148,0.03500504046678543,1.8222996515679435
14,736,908,148,0.03510201722383499,1.5912413745986183
14,737,908,148,0.03500908240675926,1.3875111020017759
14,738,908,148,0.03435737267136574,1.2111088337774136
14,739,908,148,0.03614030033349991,1.0620345699255316
14,740,908,148,0.03675628826022148,1.0831454533032727
14,741,908,148,0.03674538806080818,1.131584341053494
14,742,908,148,0.03570615127682686,1.2073512331761955
14,743,908,148,0.034975651651620865,1.3104461296713799
14,744,908,148,0.03659842535853386,1.4408690305390446
14,745,908,148,0.036848243325948715,1.5837261733961874
14,746,908,148,0.03745648264884949,1.7265833162533302
14,747,908,148,0.035342589020729065,1.8694404591104732
14,748,908,148,0.03437916561961174,2.012297601967616
14,749,908,148,0.03470059484243393,2.1551547448247588
14,750,908,148,0.03582478314638138,2.2980118876819016
14,751,908,148,0.03556946665048599,2.4408690305390444
14,752,908,151,0.033476196229457855,1.157750905240145
14,753,908,151,0.03390474244952202,1.1328824212611857
14,754,908,151,0.032074280083179474,1.1626699460271896
14,755,908,151,0.03262269124388695,1.10179681628749
14,756,908,151,0.03179563954472542,1.0682516909202708
14,757,908,151,0.03351616486907005,1.0620345699255316
14,758,908,151,0.03534108027815819,1.0831454533032727
14,759,908,151,0.03423193469643593,1.131584341053494
14,760,908,151,0.03593362867832184,1.2073512331761955
14,761,908,151,0.035127874463796616,1.3104461296713799
14,762,908,151,0.03428668901324272,1.4408690305390446
14,763,908,151,0.034230709075927734,1.5837261733961874
14,764,908,151,0.03351704403758049,1.7265833162533302
14,765,908,151,0.0337725430727005,1.8694404591104732
14,766,908,151,0.03498813509941101,2.012297601967616
14,767,908,151,0.034406282007694244,2.1551547448247588
14,768,908,151,0.03313194587826729,2.2980118876819016
14,769,908,153,0.03185189142823219,1.1050761768121875
14,770,908,153,0.03262299299240112,1.1800232288037154
14,771,908,153,0.03222862258553505,1.2822982851677234
14,772,908,153,0.0331437811255455,1.4119013459042142
14,773,908,153,0.03239353373646736,1.4259752681560425
14,774,908,153,0.032287176698446274,1.4673771947803511
14,775,908,153,0.03176891803741455,1.5361071257771397
14,776,908,153,0.03313136473298073,1.631345221015235
14,777,908,153,0.03191924840211868,1.7265833162533302
14,778,908,153,0.03297675773501396,1.8218214114914255
14,779,908,155,0.03250247612595558,0.7403156384505029
14,780,908,155,0.03328337520360947,0.6872993099678898
14,781,908,155,0.03279809281229973,0.6889389902302371
14,782,908,158,0.03446193411946297,2.2734166837466696
14,783,908,158,0.035348862409591675,1.9674113547858165
14,784,908,158,0.03383830934762955,1.6887340301974436
14,785,908,158,0.03369826823472977,1.4373847099815538
14,786,908,158,0.03445372357964516,1.2133633941381439
14,787,908,158,0.03367412090301514,1.03238368518139
14,788,908,158,0.03238069266080856,0.9060599849695964
14,789,908,158,0.032444797456264496,0.834392293502766
14,790,908,158,0.033382873982191086,0.8298148527703743
14,791,908,158,0.03177974745631218,0.8798934207829456
14,792,908,158,0.03154896944761276,0.9846279975404774
14,793,908,158,0.031600553542375565,1.1291248206599702
14,794,908,158,0.031724028289318085,1.3009496481519434
14,795,908,158,0.03171910345554352,1.5001024800163967
14,796,908,158,0.03222326189279556,1.7265833162533302
14,797,908,158,0.03225352615118027,1.9646785543485683
14,798,908,164,0.03079548105597496,3.5115119218419077
14,799,908,164,0.030897540971636772,3.0150304024048644
14,800,908,164,0.03147376328706741,2.641114982578396
14,801,908,164,0.03184448555111885,2.294527567124411
14,802,908,164,0.03068016842007637,1.9752681560429057
14,803,908,164,0.03055432438850403,1.826193892191024
14,804,908,164,0.031067756935954094,1.704447632711622
14,805,908,164,0.03163959085941315,1.6100293776047006
14,806,908,164,0.03172178566455841,1.5429391268702592
14,807,908,164,0.03210752457380295,1.5031768805083008
14,808,908,164,0.03288892284035683,1.4907426385188225
14,809,908,164,0.033318229019641876,1.5056364009018244
14,810,908,164,0.03312059864401817,1.5478581676573067
14,811,908,164,0.03215646743774414,1.617407938785269
14,812,908,164,0.03286987170577049,1.7142857142857142
14,813,908,164,0.032785795629024506,1.8384914941586399
14,814,908,164,0.03235039487481117,1.9900252784040455
14,815,908,164,0.033075008541345596,2.1688870670219313
14,816,908,164,0.03181742504239082,2.3750768600122973
14,817,908,164,0.03351452201604843,2.6085946573751437
14,818,908,164,0.03247560188174248,2.869440459110473
14,819,908,164,0.03311841934919357,2.869440459110473
14,820,908,164,0.03247427940368652,2.869440459110473
14,821,908,164,0.03206599876284599,2.869440459110473
14,822,908,164,0.03165170177817345,2.869440459110473
14,823,908,164,0.031525999307632446,2.869440459110473
14,824,908,164,0.032425157725811005,2.869440459110473
14,825,908,172,0.031262028962373734,4.749607159937146
14,826,908,172,0.031292203813791275,4.395982783357245
14,827,908,172,0.030749144032597542,4.069686411149824
14,828,908,172,0.031610019505023956,3.7707180433148872
14,829,908,172,0.03187818080186844,3.4990776798524297
14,830,908,172,0.030965616926550865,3.2547653207624525
14,831,908,172,0.031331755220890045,3.0377809660449553
14,832,908,172,0.03125100955367088,2.8481246156999385
14,833,908,172,0.031213901937007904,2.685796269727402
14,834,908,172,0.031298331916332245,2.5507959281273482
14,835,908,172,0.030568547546863556,2.443123590899775
14,836,908,172,0.031302522867918015,2.3627792580446814
14,837,908,172,0.03158620744943619,2.3097629295620683
14,838,908,172,0.03138364851474762,2.2840746054519356
14,839,908,172,0.03232589736580849,2.2857142857142856
14,840,908,172,0.03137669339776039,2.314681970349116
14,841,908,172,0.031143130734562874,2.3709776593564262
14,842,908,172,0.031541772186756134,2.454601352736217
14,843,908,172,0.032789893448352814,2.565553050488488
14,844,908,172,0.03370845317840576,2.703832752613239
14,845,908,172,0.032367490231990814,2.869440459110473
14,846,908,172,0.03261583670973778,2.869440459110473
14,847,908,172,0.03342672437429428,2.869440459110473
14,848,908,172,0.03471516817808151,2.869440459110473
14,849,908,172,0.033586762845516205,2.869440459110473
14,850,908,172,0.033359549939632416,2.869440459110473
14,851,908,172,0.03412463515996933,2.869440459110473
14,852,908,172,0.03438568860292435,2.869440459110473
14,853,908,180,0.03298203647136688,4.749607159937146
14,854,908,180,0.03450311720371246,4.395982783357245
14,855,908,180,0.034033939242362976,4.069686411149824
14,856,908,180,0.03519885987043381,3.7707180433148872
14,857,908,180,0.03398147225379944,3.4990776798524297
14,858,908,180,0.03446511924266815,3.2547653207624525
14,859,908,180,0.034798022359609604,3.0377809660449553
14,860,908,180,0.03481938689947128,2.8481246156999385
14,861,908,180,0.034813035279512405,2.685796269727402
14,862,908,180,0.03415338695049286,2.5507959281273482
14,863,908,180,0.03388325870037079,2.443123590899775
14,864,908,180,0.03439782187342644,2.3627792580446814
14,865,908,180,0.03426092490553856,2.3097629295620683
14,866,908,180,0.03503463789820671,2.2840746054519356
14,867,908,180,0.034153033047914505,2.2857142857142856
14,868,908,180,0.03522629663348198,2.314681970349116
14,869,908,180,0.034567125141620636,2.3709776593564262
14,870,908,180,0.03621028736233711,2.454601352736217
14,871,908,180,0.036472138017416,2.565553050488488
14,872,908,186,0.0369945727288723,3.225797636127622
14,873,908,186,0.037560638040304184,2.5864589738334356
14,874,908,186,0.03843465819954872,2.3554006968641104
14,875,908,186,0.03903856873512268,2.151670424267268
14,876,908,186,0.03956971690058708,1.9752681560429057
14,877,908,186,0.04022441804409027,1.826193892191024
14,878,908,188,0.042896028608083725,3.0353214456514315
14,879,908,188,0.04282092675566673,2.682516909202705
14,880,908,189,0.04792996495962143,3.225797636127622
14,881,908,189,0.050220195204019547,2.8245542119286737
14,882,908,189,0.04646756872534752,2.4647127143540337
14,883,908,189,0.04421282559633255,2.174420987907359
14,884,908,189,0.048228468745946884,1.9520393523262967
14,885,908,189,0.045939743518829346,1.7843137254901946
14,886,908,189,0.04680292308330536,1.6712441073990558
14,887,908,190,0.04579831287264824,1.51267336202774
14,888,908,190,0.04794464632868767,1.2981485277037668
14,889,908,191,0.05020943284034729,1.277515884402541
14,890,908,191,0.04700130969285965,0.921773587483772
14,891,908,191,0.046223655343055725,0.6745234679237504
14,892,908,191,0.045316703617572784,0.5365853658536578
14,893,908,192,0.04595678672194481,0.4923823187811725
14,894,908,194,0.0446799099445343,1.9400833504133363
14,895,908,194,0.04592229798436165,1.5864589738334356
14,896,908,194,0.0452427864074707,1.2601626016260152
14,897,908,194,0.04670882970094681,0.9611942337910775
14,898,908,194,0.046454668045043945,0.7052674728427958
14,899,908,194,0.04626470431685448,0.5992348158775697
14,900,908,194,0.04749774560332298,0.5635717701714823
14,901,908,194,0.04570690914988518,0.5879620140739208
14,902,908,194,0.045824844390153885,0.6943362710938026
14,903,908,194,0.04684034362435341,0.8810548609687776
14,904,908,194,0.04657977446913719,1.107535697205711
14,905,908,194,0.046476010233163834,1.3456309353009492
14,906,908,194,0.04780881851911545,1.5837261733961874
14,907,908,194,0.04728985205292702,1.8218214114914255
15,35,692,7,0.029926514253020287,1.7530914804946367
15,36,692,7,0.03055989369750023,1.8218214114914255
15,37,692,7,0.030936844646930695,1.9170595067295206
15,38,692,7,0.03185700625181198,2.012297601967616
15,39,692,7,0.03165822476148605,2.1075356972057113
15,40,692,7,0.03052959032356739,2.2027737924438062
15,41,692,7,0.031422607600688934,2.2980118876819016
15,42,692,9,0.031033262610435486,1.0831454533032727
15,43,692,9,0.03035174496471882,1.0847851335656213
15,44,692,10,0.029521826654672623,0.9954225592676089
15,45,692,10,0.028395164757966995,0.9204755072760797
15,46,692,12,0.029588831588625908,1.7201612352257978
15,47,692,12,0.029286202043294907,1.4663523946163826
15,48,692,12,0.029277993366122246,1.228257156521146
15,49,692,12,0.02951101027429104,1.0199494431919116
15,50,692,15,0.029257534071803093,3.3210357313657175
15,51,692,15,0.029066333547234535,2.9674113547858165
15,52,692,15,0.028314782306551933,2.6411149825783973
15,53,692,15,0.028276342898607254,2.3421466147434584
15,54,692,15,0.028717894107103348,2.070506251281001
15,55,692,15,0.02819516323506832,1.826193892191024
15,56,692,15,0.029011370614171028,1.609209537473527
15,57,692,15,0.028520993888378143,1.434446949511512
15,58,692,15,0.028654366731643677,1.314340370294459
15,59,692,15,0.028219161555171013,1.2488897998223676
15,60,692,15,0.02890310436487198,1.2380952380952381
15,61,692,15,0.028562307357788086,1.2670629227300683
15,62,692,15,0.028580516576766968,1.3390722142515545
15,63,692,15,0.029048042371869087,1.5609756097560976
15,64,692,15,0.0286607276648283,1.8218214114914255
15,65,692,15,0.02934528887271881,2.0599166495866634
15,66,692,19,0.029397031292319298,1.5984149757463972
15,67,692,19,0.030071573331952095,1.3760333401653349
15,68,692,19,0.03008706495165825,1.2083077133292341
15,69,692,19,0.0287564005702734,1.0952380952380953
15,70,692,19,0.031036294996738434,1.036824485891918
15,71,692,19,0.02934451214969158,0.9829883172781313
15,72,692,19,0.029370596632361412,0.9564801530368248
15,73,692,20,0.02923694998025894,0.9085195053631201
15,74,692,20,0.02968733198940754,0.8211382113821127
15,75,692,20,0.029064007103443146,0.7884129261460671
15,76,692,20,0.028954118490219116,0.8103436496549832
15,77,692,20,0.028208771720528603,0.8728564596570327
15,78,692,20,0.028690868988633156,0.9626972740315626
15,79,692,20,0.028653930872678757,1.079866092778574
15,80,692,20,0.030008498579263687,1.2243629158980656
15,81,692,20,0.029004406183958054,1.3961877433900387
15,82,692,20,0.02960270456969738,1.595340575254492
15,83,692,20,0.02974182367324829,1.8218214114914255
15,84,692,20,0.029593564569950104,2.0599166495866634
15,85,692,20,0.03056531585752964,2.2980118876819016
15,86,692,20,0.02979632467031479,2.5361071257771397
15,87,692,21,0.029834508895874023,1.7530914804946367
15,88,692,21,0.029498448595404625,1.7804194848671169
15,89,692,26,0.030124865472316742,2.9400833504133366
15,90,692,26,0.029907414689660072,2.6340780214524835
15,91,692,28,0.029084712266921997,4.178178588508574
15,92,692,28,0.029945602640509605,3.7769351643096263
15,93,692,28,0.03007022850215435,3.403019744483159
15,94,692,28,0.02933189645409584,3.1040513766482203
15,95,692,28,0.029535479843616486,2.832411013185763
15,96,692,28,0.02963412180542946,2.5889184942269594
15,97,692,28,0.029489140957593918,2.400081984013118
15,98,692,28,0.02853766456246376,2.2650816424130626
15,99,692,28,0.029689554125070572,2.1574093051854892
15,100,692,28,0.02887078933417797,2.0770649723303958
15,101,692,28,0.029011884704232216,2.0240486438477827
15,102,692,28,0.028850125148892403,1.9983603197376514
15,103,692,28,0.029706355184316635,2.0
15,104,692,28,0.030505143105983734,2.0289676846348303
15,105,692,28,0.029181750491261482,2.0852633736421406
15,106,692,28,0.0285659097135067,2.1688870670219313
15,107,692,28,0.02888510189950466,2.2798387647742024
15,108,692,28,0.029315106570720673,2.4657375145180023
15,109,692,28,0.028978170827031136,2.6789642686342825
15,110,692,28,0.02911996841430664,2.774202363872378
15,111,692,33,0.02860432304441929,2.02158912345426
15,112,692,33,0.028190195560455322,1.8108218897315018
15,113,692,33,0.0283568874001503,1.6273826603812243
15,114,692,33,0.028913291171193123,1.471271435403428
15,115,692,33,0.028896473348140717,1.3424882147981134
15,116,692,33,0.028546221554279327,1.241032998565279
15,117,692,33,0.029087690636515617,1.166905786704925
15,118,692,33,0.028871070593595505,1.120106579217051
15,119,692,33,0.028038829565048218,1.1006353761016587
15,120,692,33,0.0272738728672266,1.1084921773587464
15,121,692,33,0.02819140814244747,1.1436769829883158
15,122,692,33,0.02828647755086422,1.2061897929903656
15,123,692,33,0.028706027194857597,1.2960306073648953
15,124,692,33,0.028230667114257812,1.4131994261119065
15,125,692,33,0.028545409440994263,1.5576962492313982
15,126,692,33,0.029116377234458923,1.7295210767233713
15,127,692,33,0.029001997783780098,1.9286739085878246
15,128,692,33,0.028361214324831963,2.1551547448247583
15,129,692,33,0.02887251414358616,2.393249982919996
15,130,692,33,0.028723640367388725,2.631345221015234
15,131,692,33,0.029254183173179626,2.8694404591104723
15,132,692,33,0.02839057333767414,2.8694404591104723
15,133,692,33,0.02993573620915413,2.8694404591104723
15,134,692,33,0.029808280989527702,2.8694404591104723
15,135,692,33,0.029841028153896332,2.8694404591104723
15,136,692,33,0.02924156002700329,2.8694404591104723
15,137,692,33,0.029814019799232483,2.8694404591104723
15,138,692,33,0.02914794534444809,2.8694404591104723
15,139,692,33,0.028337420895695686,2.8694404591104723
15,140,692,33,0.02930452860891819,2.8694404591104723
15,141,692,33,0.029498834162950516,2.8694404591104723
15,142,692,38,0.029799196869134903,2.02158912345426
15,143,692,38,0.02887781150639057,1.8108218897315018
15,144,692,38,0.028740106150507927,1.6273826603812243
15,145,692,42,0.029099712148308754,4.987702398032384
15,146,692,42,0.029740100726485252,4.586458973833435
15,147,692,42,0.029365984722971916,4.212543554006967
15,148,692,42,0.030002634972333908,3.8659561385529804
15,149,692,42,0.030187562108039856,3.5466967274714754
15,150,692,42,0.030582495033740997,3.2547653207624503
15,151,692,42,0.030523736029863358,2.9901619184259056
15,152,692,42,0.03132732957601547,2.7528865204618413
15,153,692,44,0.030053045600652695,3.4928605588576884
15,154,692,44,0.029784491285681725,3.0518548882967815
15,155,692,44,0.029609305784106255,2.6655052264808354
15,156,692,44,0.030354658141732216,2.3338115734098506
15,157,692,44,0.029176000505685806,2.056773929083828
15,158,692,44,0.030512070283293724,1.8343922935027668
15,159,692,44,0.029835836961865425,1.666666666666666
15,160,692,44,0.029586628079414368,1.5527772084443534
15,161,692,44,0.029485231265425682,1.466215754594521
15,162,692,46,0.030262764543294907,0.9093393454942958
15,163,692,48,0.02993692085146904,2.178178588508574
15,164,692,48,0.029418492689728737,1.729316116690578
15,165,692,48,0.02985026314854622,1.307781649245062
15,166,692,48,0.029161766171455383,1.1040513766482183
15,167,692,48,0.02887374348938465,0.9292887886862049
15,168,692,48,0.02964825928211212,0.8091822094691532
15,169,692,48,0.029935913160443306,0.7445514791282355
15,170,692,48,0.029506398364901543,0.7610849217735862
15,171,692,48,0.02966243214905262,0.8322743731638986
15,172,692,48,0.03019959293305874,0.9581198332991728
15,173,692,48,0.03060121275484562,1.1386213021794087
15,174,692,48,0.029376700520515442,1.2760811641729863
15,175,692,48,0.030054502189159393,1.4408690305390452
15,176,692,51,0.031153805553913116,1.3524629363940694
15,177,692,51,0.029748205095529556,1.14333538293366
15,178,692,51,0.03050345927476883,0.9888638382182128
15,179,692,51,0.029752442613244057,0.8890483022477271
15,180,692,51,0.030541060492396355,0.8596023775363788
15,181,692,51,0.03004826419055462,0.8964268634282969
15,182,692,51,0.030787501484155655,0.9879073580651768
15,183,692,51,0.030437298119068146,1.1315843410534934
15,184,692,51,0.031821608543395996,1.2073512331761962
15,185,692,51,0.03050798363983631,1.3104461296713805
15,186,692,51,0.03046317771077156,1.4408690305390452
15,187,692,51,0.031223701313138008,1.583726173396188
15,188,692,51,0.03111664392054081,1.7265833162533308
15,189,692,52,0.03116830810904503,1.0388057662089245
15,190,692,52,0.03133111447095871,1.1613718658195
15,191,692,52,0.03041994199156761,1.3112659698025557
15,192,692,52,0.029246075078845024,1.488488078158093
15,193,692,52,0.02780480682849884,1.6789642686342834
15,194,692,52,0.03037087805569172,1.8694404591104739
15,195,692,56,0.03124776855111122,1.8083623693379782
15,196,692,56,0.0361175611615181,1.5251076040172162
15,197,692,56,0.036411069333553314,1.3416683746669384
15,198,692,56,0.03901351988315582,1.1855571496891424
15,199,692,56,0.03841409459710121,1.0567739290838278
15,200,692,56,0.0407559797167778,0.9553187128509935
15,201,692,58,0.0403619222342968,2.0829404932704785
15,202,692,60,0.042268313467502594,3.65436906469905
15,203,692,60,0.042316630482673645,3.2531256405001017
15,204,692,60,0.04219917207956314,2.8792102206736336
15,205,692,60,0.04174933582544327,2.532622805219647
15,206,692,60,0.04149876534938812,2.213363394138142
15,207,692,60,0.042015429586172104,1.921431987429117
15,208,692,60,0.040433794260025024,1.657648425223746
15,209,692,60,0.040202923119068146,1.4493407118945119
15,210,692,60,0.0387718491256237,1.3433080549292886
15,211,692,60,0.03754664212465286,1.2919314067090255
15,212,692,60,0.0386764295399189,1.295210767233723
15,213,692,62,0.038645293563604355,1.312700690032111
15,214,692,62,0.03818609565496445,1.0012980802076923
15,215,692,62,0.03689898923039436,0.7461911593905842
15,216,692,63,0.03587525710463524,0.9731502357040371
15,217,692,63,0.03535677120089531,0.8054246088679378
15,218,692,63,0.03538348898291588,0.719682995149279
15,219,692,63,0.034093283116817474,0.731638997062238
15,220,692,63,0.03342040628194809,0.8231194916991165
15,221,692,63,0.032927267253398895,0.969255995080958
15,222,692,63,0.03409888222813606,1.1675889868142377
15,223,692,63,0.034044843167066574,1.2980118876819025
15,224,692,64,0.034830138087272644,0.6889389902302405
15,225,692,64,0.035167064517736435,0.7584887613582029
15,226,692,64,0.036763746291399,0.882694541231127
15,227,692,64,0.03603930398821831,1.0599166495866643
15,228,692,64,0.036117132753133774,1.2503928400628548
15,229,692,64,0.03584219515323639,1.4408690305390452
15,230,692,64,0.033148352056741714,1.6313452210152357
15,231,692,66,0.031152725219726562,0.6823802691808416
15,232,692,66,0.033539704978466034,0.6856596297055391
15,233,692,66,0.032859042286872864,0.7709230033476812
15,234,692,66,0.03333378583192825,0.8404727744756448
15,235,692,66,0.03360343724489212,0.9497847919655671
15,236,692,66,0.033316195011138916,1.0864248138279708
15,237,692,66,0.033639512956142426,1.202773792443807
15,238,692,66,0.034487612545490265,1.34563093530095
15,239,692,66,0.03466007485985756,1.488488078158093
15,240,692,66,0.03277960419654846,1.6313452210152357
15,241,692,66,0.03211929276585579,1.7742023638723785
15,242,692,66,0.033199556171894073,1.9170595067295213
15,243,692,66,0.033376116305589676,2.0599166495866643
15,244,692,66,0.033773474395275116,2.202773792443807
15,245,692,66,0.03322090208530426,2.2980118876819025
15,246,692,66,0.032772406935691833,2.393249982919998
15,247,692,66,0.03303651139140129,2.4884880781580927
15,248,692,66,0.03340672701597214,2.583726173396188
15,249,692,66,0.032651081681251526,2.6789642686342834
15,250,692,66,0.0354132242500782,2.7742023638723787
15,251,692,66,0.0346713587641716,2.8694404591104736
15,252,692,66,0.03352833911776543,2.8694404591104736
15,253,692,66,0.03398052975535393,2.8694404591104736
15,254,692,66,0.03422049432992935,2.8694404591104736
15,255,692,66,0.03482094779610634,2.8694404591104736
15,256,692,66,0.03387893736362457,2.8694404591104736
15,257,692,66,0.033726297318935394,2.8694404591104736
15,258,692,66,0.03528069704771042,2.8694404591104736
15,259,692,66,0.03431488201022148,2.8694404591104736
15,260,692,66,0.036524172872304916,2.8694404591104736
15,261,692,66,0.036435097455978394,2.8694404591104736
15,262,692,66,0.03611847385764122,2.8694404591104736
15,263,692,66,0.035846047103405,2.8694404591104736
15,264,692,66,0.035267770290374756,2.8694404591104736
15,265,692,66,0.0343242771923542,2.8694404591104736
15,266,692,66,0.03517131507396698,2.8694404591104736
15,267,692,66,0.034765757620334625,2.8694404591104736
15,268,692,66,0.035380784422159195,2.8694404591104736
15,269,692,66,0.03459356352686882,2.8694404591104736
15,270,692,66,0.03574097156524658,2.8694404591104736
15,271,692,66,0.03579554706811905,2.8694404591104736
15,272,692,66,0.03638892248272896,2.8694404591104736
15,273,692,66,0.03556251898407936,2.8694404591104736
15,274,692,66,0.035204559564590454,2.8694404591104736
15,275,692,66,0.03509565070271492,2.8694404591104736
15,276,692,66,0.035598233342170715,2.8694404591104736
15,277,692,66,0.035769034177064896,2.8694404591104736
15,278,692,88,0.03592010959982872,18.082940493270478
15,279,692,88,0.035202886909246445,17.062649450023915
15,280,692,126,0.03592336177825928,52.17817858850857
15,281,692,126,0.03475365415215492,49.3483637357382
15,282,692,126,0.03519558534026146,46.545876887340306
15,283,692,126,0.034833651036024094,43.770718043314886
15,284,692,126,0.034918203949928284,41.02288720366195
15,285,692,126,0.033129435032606125,38.3023843683815
15,286,692,126,0.0339372493326664,35.60920953747353
15,287,692,126,0.03396658971905708,32.94336271093804
15,288,692,126,0.03519947826862335,30.30484388877502
15,289,692,126,0.034171268343925476,27.693653070984492
15,290,692,126,0.03337300941348076,25.109790257566445
15,291,692,126,0.034531839191913605,22.553255448520872
15,292,692,126,0.03427743911743164,20.024048643847784
15,293,692,126,0.03384311869740486,17.522169843547175
15,294,692,126,0.0339481346309185,15.047619047619047
15,295,692,126,0.034061215817928314,12.600396256063402
15,296,692,126,0.03626712039113045,10.180501468880234
15,297,692,126,0.03598637133836746,7.7879346860695495
15,298,692,126,0.0349474735558033,5.422695907631345
15,299,692,126,0.03422783315181732,4.132404181184669
15,300,692,126,0.03421983867883682,2.869440459110473
15,301,692,126,0.034771889448165894,2.869440459110473
15,302,692,126,0.032254431396722794,2.869440459110473
15,303,692,126,0.03332806006073952,2.869440459110473
15,304,692,126,0.032928816974163055,2.869440459110473
15,305,692,126,0.03320799022912979,2.869440459110473
15,306,692,126,0.03281320631504059,2.869440459110473
15,307,692,126,0.0323757641017437,2.869440459110473
15,308,692,126,0.035034939646720886,2.869440459110473
15,309,692,126,0.035036601126194,2.869440459110473
15,310,692,126,0.03514070063829422,2.869440459110473
15,311,692,126,0.03398401290178299,2.869440459110473
15,312,692,126,0.03518485277891159,2.869440459110473
15,313,692,126,0.035132501274347305,2.869440459110473
15,314,692,126,0.03605268523097038,2.869440459110473
15,315,692,126,0.033804334700107574,2.869440459110473
15,316,692,126,0.03427421674132347,2.869440459110473
15,317,692,126,0.03278930485248566,2.869440459110473
15,318,692,126,0.033759258687496185,2.869440459110473
15,319,692,126,0.03309875354170799,2.869440459110473
15,320,692,126,0.03291398659348488,2.869440459110473
15,321,692,126,0.031983017921447754,2.869440459110473
15,322,692,126,0.03326939418911934,2.869440459110473
15,323,692,126,0.033004604279994965,2.869440459110473
15,324,692,126,0.0328788161277771,2.869440459110473
15,325,692,126,0.03348527103662491,2.869440459110473
15,326,692,126,0.03326987102627754,2.869440459110473
15,327,692,126,0.035013388842344284,2.869440459110473
15,328,692,126,0.034680742770433426,2.869440459110473
15,329,692,126,0.03364206850528717,2.869440459110473
15,330,692,126,0.03344402089715004,2.869440459110473
15,331,692,126,0.033332597464323044,2.869440459110473
15,332,692,126,0.03296865522861481,2.869440459110473
15,333,692,126,0.03291661664843559,2.869440459110473
15,334,692,126,0.0321895107626915,2.869440459110473
15,335,692,126,0.03305858373641968,2.869440459110473
15,336,692,126,0.03514285013079643,2.869440459110473
15,337,692,126,0.03417036682367325,2.869440459110473
15,338,692,126,0.03391537442803383,2.869440459110473
15,339,692,126,0.032691724598407745,2.869440459110473
15,340,692,126,0.03371761739253998,2.869440459110473
15,341,692,126,0.032214634120464325,2.869440459110473
15,342,692,126,0.03420226275920868,2.869440459110473
15,343,692,126,0.03466584160923958,2.869440459110473
15,344,692,126,0.035187408328056335,2.869440459110473
15,345,692,126,0.03345838934183121,2.869440459110473
15,346,692,126,0.032745201140642166,2.869440459110473
15,347,692,126,0.03287867456674576,2.869440459110473
15,348,692,126,0.0345035046339035,2.869440459110473
15,349,692,126,0.034175463020801544,2.869440459110473
15,350,692,126,0.035051729530096054,2.869440459110473
15,351,692,126,0.03463758900761604,2.869440459110473
15,352,692,126,0.03419136255979538,2.869440459110473
15,353,692,126,0.03243023529648781,2.869440459110473
15,354,692,126,0.03437619283795357,2.869440459110473
15,355,692,126,0.03463824465870857,2.869440459110473
15,356,692,126,0.034262221306562424,2.869440459110473
15,357,692,126,0.0338006354868412,2.869440459110473
15,358,692,126,0.033846836537122726,2.869440459110473
15,359,692,126,0.0330708883702755,2.869440459110473
15,360,692,126,0.03429408743977547,2.869440459110473
15,361,692,126,0.03360364958643913,2.869440459110473
15,362,692,126,0.032797589898109436,2.869440459110473
15,363,692,126,0.03286445885896683,2.869440459110473
15,364,692,126,0.03541213646531105,2.869440459110473
15,365,692,126,0.03453832119703293,2.869440459110473
15,366,692,126,0.033536363393068314,2.869440459110473
15,367,692,126,0.03392013907432556,2.869440459110473
15,368,692,126,0.03373415023088455,2.869440459110473
15,369,692,126,0.03367916867136955,2.869440459110473
15,370,692,126,0.033365398645401,2.869440459110473
15,371,692,126,0.033271677792072296,2.869440459110473
15,372,692,126,0.03310456871986389,2.869440459110473
15,373,692,126,0.03253035619854927,2.869440459110473
15,374,692,126,0.03363911807537079,2.869440459110473
15,375,692,126,0.03481811285018921,2.869440459110473
15,376,692,126,0.033856604248285294,2.869440459110473
15,377,692,126,0.03406896814703941,2.869440459110473
15,378,692,126,0.03430577367544174,2.869440459110473
15,379,692,126,0.035351090133190155,2.869440459110473
15,380,692,126,0.03723478317260742,2.869440459110473
15,381,692,126,0.03544282913208008,2.869440459110473
15,382,692,126,0.03554368019104004,2.869440459110473
15,383,692,126,0.03451148420572281,2.869440459110473
15,384,692,126,0.034112438559532166,2.869440459110473
15,385,692,126,0.034703150391578674,2.869440459110473
15,386,692,126,0.03586295619606972,2.869440459110473
15,387,692,126,0.034547753632068634,2.869440459110473
15,388,692,126,0.035002436488866806,2.869440459110473
15,389,692,126,0.033532459288835526,2.869440459110473
15,390,692,126,0.036184683442115784,2.869440459110473
15,391,692,126,0.03452059254050255,2.869440459110473
15,392,692,126,0.03423032537102699,2.869440459110473
15,393,692,126,0.034859515726566315,2.869440459110473
15,394,692,126,0.03294649347662926,2.869440459110473
15,395,692,126,0.03319832310080528,2.869440459110473
15,396,692,126,0.03393035754561424,2.869440459110473
15,397,692,126,0.03589123114943504,2.869440459110473
15,398,692,126,0.03717949986457825,2.869440459110473
15,399,692,126,0.03661163151264191,2.869440459110473
15,400,692,126,0.03723693639039993,2.869440459110473
15,401,692,126,0.03617143630981445,2.869440459110473
15,402,692,126,0.036429956555366516,2.869440459110473
15,403,692,126,0.03623919561505318,2.869440459110473
15,404,692,126,0.036254964768886566,2.869440459110473
15,405,692,126,0.03512122854590416,2.869440459110473
15,406,692,126,0.03652193397283554,2.869440459110473
15,407,692,126,0.03593279793858528,2.869440459110473
15,408,692,126,0.03729677572846413,2.869440459110473
15,409,692,126,0.03586263582110405,2.869440459110473
15,410,692,126,0.03669962286949158,2.869440459110473
15,411,692,126,0.03689800575375557,2.869440459110473
15,412,692,126,0.03583817929029465,2.869440459110473
15,413,692,126,0.03548084571957588,2.869440459110473
15,414,692,126,0.038433752954006195,2.869440459110473
15,415,692,126,0.03863372281193733,2.869440459110473
15,416,692,126,0.03814143314957619,2.869440459110473
15,417,692,126,0.03615744784474373,2.869440459110473
15,418,692,126,0.039282623678445816,2.869440459110473
15,419,692,126,0.039958443492650986,2.869440459110473
15,420,692,126,0.0420340970158577,2.869440459110473
15,421,692,126,0.0431358627974987,2.869440459110473
15,422,692,126,0.04643576592206955,2.869440459110473
15,423,692,126,0.04764983803033829,2.869440459110473
15,424,692,126,0.047187380492687225,2.869440459110473
15,425,692,126,0.04848255589604378,2.869440459110473
15,426,692,126,0.049404144287109375,2.869440459110473
15,427,692,126,0.04534238204360008,2.869440459110473
15,428,692,126,0.04099971801042557,2.869440459110473
15,429,692,126,0.04085031524300575,2.869440459110473
15,430,692,130,0.038243312388658524,1.525449204071872
15,431,692,130,0.03526514023542404,1.3623010179681616
15,432,692,130,0.03339824080467224,1.2264808362369315
15,433,692,130,0.0323086716234684,1.1179886588781844
15,434,692,130,0.0313875749707222,1.0368244858919173
15,435,692,130,0.031186165288090706,0.9829883172781306
15,436,692,132,0.03565193712711334,1.701988112318099
15,437,692,133,0.03425310179591179,2.3686547789847645
15,438,692,133,0.03822050988674164,2.062649450023911
15,439,692,134,0.03935563564300537,2.6543690646990505
15,440,692,134,0.04035533592104912,2.30074468811915
15,441,692,134,0.03834256902337074,1.9885222381635577
15,442,692,135,0.03812527284026146,2.4638928742228603
15,443,692,135,0.038306720554828644,2.0767233722757403
15,444,692,138,0.038544777780771255,4.46389287422286
15,445,692,138,0.037594348192214966,3.919792307166769
15,446,692,138,0.036033131182193756,3.403019744483158
15,447,692,139,0.034663472324609756,3.7019881123180984
15,448,692,139,0.034392282366752625,3.124342419894788
15,449,692,139,0.03470534458756447,2.6013527362164375
15,450,692,139,0.03429889678955078,2.1330190612830506
15,451,692,139,0.03433223441243172,1.8957436633189861
15,452,692,139,0.03450365364551544,1.685796269727402
15,453,692,139,0.03307627514004707,1.5031768805083008
15,454,692,139,0.033244479447603226,1.3478854956616797
15,455,692,139,0.03191536292433739,1.2199221151875388
15,456,692,139,0.032337311655282974,1.120926419348228
15,457,692,139,0.031952425837516785,1.1875384300061487
15,458,692,139,0.030627716332674026,1.3821138211382102
15,459,692,139,0.030144043266773224,1.631345221015235
15,460,692,139,0.031213151291012764,1.8694404591104732
15,461,692,139,0.030444780364632607,2.1075356972057113
15,462,692,139,0.02999252825975418,2.3456309353009495
15,463,692,139,0.029852719977498055,2.5361071257771397
15,464,692,139,0.02916659042239189,2.7265833162533304
15,465,692,139,0.02902945503592491,2.774202363872378
15,466,692,139,0.029721857979893684,2.8218214114914253
15,467,692,139,0.02951161004602909,2.869440459110473
15,468,692,139,0.030293546617031097,2.869440459110473
15,469,692,139,0.03006625548005104,2.869440459110473
15,470,692,139,0.03065269999206066,2.869440459110473
15,471,692,139,0.0306443702429533,2.869440459110473
15,472,692,139,0.03109576739370823,2.869440459110473
15,473,692,139,0.03144705668091774,2.869440459110473
15,474,692,139,0.02989007905125618,2.869440459110473
15,475,692,139,0.030781487002968788,2.869440459110473
15,476,692,139,0.030775180086493492,2.869440459110473
15,477,692,143,0.030477654188871384,1.525449204071874
15,478,692,143,0.03020959533751011,1.3623010179681636
15,479,692,143,0.029645666480064392,1.2264808362369335
15,480,692,143,0.030986739322543144,1.1179886588781864
15,481,692,143,0.03097664937376976,1.0368244858919193
15,482,692,143,0.030847391113638878,0.9829883172781327
15,483,692,143,0.03007896989583969,0.9564801530368262
15,484,692,143,0.030177416279911995,0.9572999931679999
15,485,692,143,0.02912496030330658,0.9854478376716538
15,486,692,143,0.02905970811843872,1.0409236865477904
15,487,692,147,0.029570085927844048,2.8448452551752412
15,488,692,147,0.02990999072790146,2.4912208785953402
15,489,692,147,0.030424142256379128,2.16492450638792
15,490,692,147,0.03161779046058655,1.8659561385529824
15,491,692,148,0.03184551000595093,2.287490605998498
15,492,692,148,0.031124714761972427,1.9276491084238583
15,493,692,148,0.0314968042075634,1.6224636195941788
15,494,692,148,0.031242815777659416,1.3719341395094624
15,495,692,148,0.031184103339910507,1.1777003484320538
15,496,692,148,0.02987722121179104,1.0381225660996083
15,497,692,148,0.030102988705039024,0.9532007925121261
15,498,692,148,0.029447805136442184,1.0157136025141758
15,499,692,148,0.029126739129424095,1.1055544168887055
15,500,692,148,0.03028029017150402,1.2227232356357154
15,501,692,151,0.029936013743281364,1.608389697342353
15,502,692,151,0.02979649417102337,1.2986267677802847
15,503,692,151,0.029263339936733246,1.0708478513356567
15,504,692,151,0.030070269480347633,0.9250529480084722
15,505,692,151,0.029822956770658493,0.8596023775363809
15,506,692,151,0.030090702697634697,0.84880781580925
15,507,692,151,0.02961806394159794,0.8926692628270823
15,508,692,151,0.029683955013751984,0.9887271981963511
15,509,692,151,0.030215134844183922,1.1121131379381002
15,510,692,151,0.02965305559337139,1.2628270820523322
15,511,692,151,0.0302637480199337,1.4408690305390446
15,512,692,151,0.02982657589018345,1.5837261733961874
15,513,692,151,0.0292388666421175,1.7265833162533302
15,514,692,153,0.02999361976981163,0.7440732390517155
15,515,692,153,0.029533538967370987,0.7254218760674982
15,516,692,153,0.029853926971554756,0.7614265218282412
15,517,692,153,0.029384063556790352,0.8520871763339474
15,518,692,153,0.02951984666287899,0.997403839584614
15,519,692,153,0.030174918472766876,1.1816629090660653
15,520,692,153,0.03024112433195114,1.393249982919997
15,521,692,155,0.031253617256879807,0.8596023775363809
15,522,692,158,0.030002770945429802,2.9400833504133366
15,523,692,158,0.03108164481818676,2.6340780214524835
15,524,692,158,0.030407585203647614,2.3554006968641104
15,525,692,158,0.0308516938239336,2.1040513766482203
15,526,692,158,0.03061869740486145,1.8800300608048106
15,527,692,158,0.030299633741378784,1.6833367493338809
15,528,692,158,0.02883288264274597,1.5139714422354316
15,529,692,158,0.02864544838666916,1.3719341395094624
15,530,692,158,0.029580283910036087,1.2572248411559734
15,531,692,158,0.02936939336359501,1.1698435471749673
15,532,692,158,0.028841227293014526,1.1403976224636192
15,533,692,158,0.029318274930119514,1.1780419484867095
15,534,692,158,0.028399456292390823,1.270342283254763
15,535,692,158,0.028625264763832092,1.414839106374256
15,536,692,158,0.02967699058353901,1.5866639338662292
15,537,692,158,0.028951166197657585,1.7858167657306825
15,538,692,158,0.03028222918510437,2.012297601967616
15,539,692,164,0.029045095667243004,3.4638928742228603
15,540,692,164,0.030019277706742287,2.9674113547858165
15,541,692,164,0.030466875061392784,2.498257839721253
15,542,692,164,0.031498778611421585,2.151670424267268
15,543,692,164,0.031129013746976852,1.9752681560429057
15,544,692,164,0.029898855835199356,1.826193892191024
15,545,692,164,0.029005851596593857,1.704447632711622
15,546,692,164,0.028068728744983673,1.6100293776047006
15,547,692,164,0.02850307710468769,1.5429391268702592
15,548,692,164,0.02879330888390541,1.5031768805083008
15,549,692,164,0.028985140845179558,1.4907426385188225
15,550,692,164,0.029700515791773796,1.5056364009018244
15,551,692,164,0.029774030670523643,1.5478581676573067
15,552,692,164,0.02923717349767685,1.617407938785269
15,553,692,164,0.029514584690332413,1.7142857142857142
15,554,692,164,0.0310593880712986,1.8384914941586399
15,555,692,165,0.030663108453154564,1.5403429664548758
15,556,692,165,0.03050983138382435,1.6036756165880992
15,557,692,167,0.030958347022533417,1.3482270957163354
15,558,692,167,0.032434649765491486,1.1805014688802333
15,559,692,186,0.032388411462306976,17.701988112318098
15,560,692,186,0.030458632856607437,16.681697069071532
15,561,692,186,0.03020305372774601,15.688734030197447
15,562,692,186,0.029283370822668076,14.723098995695842
15,563,692,186,0.029635882005095482,13.784791965566715
15,564,692,186,0.03021548129618168,12.87381293981007
15,565,692,186,0.030002620071172714,11.990161918425908
15,566,692,186,0.030539659783244133,11.133838901414224
15,567,692,186,0.028897549957036972,10.304843888775022
15,568,692,186,0.02879069745540619,9.5031768805083
15,569,692,186,0.029342863708734512,8.72883787661406
15,570,692,186,0.0292213074862957,7.981826877092301
15,571,692,186,0.029063357040286064,7.262143881943021
15,572,692,186,0.028980975970625877,6.569788891166222
15,573,692,186,0.028087180107831955,5.904761904761905
15,574,692,186,0.02726469188928604,5.2670629227300685
15,575,692,186,0.028276357799768448,4.656691945070712
15,576,692,172,0.02835541032254696,13.513356562137048
15,577,692,172,0.02842721901834011,13.72658331625333
15,578,692,172,0.030245987698435783,13.964678554348568
15,579,692,172,0.0298614501953125,14.202773792443807
15,580,692,172,0.028975989669561386,13.53610712577714
15,581,692,186,0.028915176168084145,5.792853726856595
15,582,692,180,0.028655463829636574,8.513356562137048
15,583,692,180,0.02947140857577324,8.09100225456036
15,584,692,180,0.029163045808672905,7.668647946983673
15,585,692,180,0.029216328635811806,7.246293639406983
15,586,692,186,0.030107790604233742,5.9792307166769145
15,587,692,186,0.029497064650058746,5.733278677324587
15,588,692,186,0.02999262697994709,5.48732663797226
15,589,692,186,0.030378295108675957,5.241374598619935
15,590,692,186,0.03124288097023964,4.995422559267611
15,591,692,186,0.029982496052980423,4.749470519915284
15,592,692,186,0.02952360175549984,4.503518480562956
15,593,692,186,0.02984735183417797,4.2575664412106295
15,594,692,186,0.029406866058707237,4.011614401858302
15,595,692,186,0.02983963117003441,3.76566236250598
15,596,692,186,0.03005809523165226,3.5197103231536526
15,597,692,186,0.029895316809415817,3.180979708956754
15,598,692,186,0.030393995344638824,2.8695770991323353
15,599,692,186,0.030069321393966675,2.585502493680397
15,600,692,186,0.028993230313062668,2.3287558926009417
15,601,692,186,0.029092032462358475,2.099337295893969
15,602,692,186,0.02913055010139942,1.9900252784040455
15,603,692,186,0.029688488692045212,2.1688870670219313
15,604,692,186,0.030644169077277184,2.3750768600122973
15,605,692,186,0.03116517700254917,2.6085946573751437
15,606,692,186,0.030080966651439667,2.869440459110473
15,607,692,186,0.030076904222369194,2.869440459110473
15,608,692,186,0.030565738677978516,2.869440459110473
15,609,692,186,0.02906053513288498,2.869440459110473
15,610,692,186,0.03008580580353737,2.869440459110473
15,611,692,186,0.02911885641515255,2.869440459110473
15,612,692,186,0.029482511803507805,2.869440459110473
15,613,692,186,0.02895321138203144,2.869440459110473
15,614,692,186,0.028755279257893562,2.869440459110473
15,615,692,186,0.029967866837978363,2.869440459110473
15,616,692,186,0.028474701568484306,2.869440459110473
15,617,692,186,0.029757622629404068,2.869440459110473
15,618,692,186,0.03050573170185089,2.869440459110473
15,619,692,186,0.031413447111845016,2.869440459110473
15,620,692,186,0.029906578361988068,2.869440459110473
15,621,692,186,0.029825858771800995,2.869440459110473
15,622,692,186,0.028286300599575043,2.869440459110473
15,623,692,186,0.028707530349493027,2.869440459110473
15,624,692,186,0.029550211504101753,2.869440459110473
15,625,692,186,0.028869710862636566,2.869440459110473
15,626,692,186,0.029291367158293724,2.869440459110473
15,627,692,186,0.02961810491979122,2.869440459110473
15,628,692,186,0.03014489822089672,2.869440459110473
15,629,692,186,0.03009285405278206,2.869440459110473
15,630,692,186,0.029513034969568253,2.869440459110473
15,631,692,186,0.029862191528081894,2.869440459110473
15,632,692,186,0.03008299693465233,2.869440459110473
15,633,692,186,0.03104439005255699,2.869440459110473
15,634,692,186,0.030206521973013878,2.869440459110473
15,635,692,186,0.030708912760019302,2.869440459110473
15,636,692,186,0.030652491375803947,2.869440459110473
15,637,692,186,0.02939681150019169,2.869440459110473
15,638,692,186,0.03048158623278141,2.869440459110473
15,639,692,186,0.02882862091064453,2.869440459110473
15,640,692,186,0.0293340515345335,2.869440459110473
15,641,692,186,0.028157996013760567,2.869440459110473
15,642,692,186,0.028593208640813828,2.869440459110473
15,643,692,186,0.028927208855748177,2.869440459110473
15,644,692,186,0.028576374053955078,2.869440459110473
15,645,692,186,0.028231168165802956,2.869440459110473
15,646,692,186,0.027903728187084198,2.869440459110473
15,647,692,186,0.02748839370906353,2.869440459110473
15,648,692,186,0.0266512893140316,2.869440459110473
15,649,692,186,0.028520334511995316,2.869440459110473
15,650,692,186,0.028411561623215675,2.869440459110473
15,651,692,186,0.02852502092719078,2.869440459110473
15,652,692,186,0.02961808070540428,2.869440459110473
15,653,692,186,0.028370056301355362,2.869440459110473
15,654,692,180,0.0285306628793478,8.583726173396187
15,655,692,186,0.029051639139652252,3.127826740452279
15,656,692,186,0.029945936053991318,3.1004987360797984
15,657,692,186,0.03117876686155796,3.0731707317073154
15,658,692,186,0.03141159564256668,3.0458427273348354
15,659,692,186,0.03041558898985386,3.018514722962355
15,660,692,186,0.02938302420079708,2.991186718589875
15,661,692,186,0.03437294065952301,2.9638587142173947
15,662,692,186,0.03662199527025223,2.9365307098449143
15,663,692,186,0.03781326487660408,2.9092027054724316
15,664,692,186,0.04122539237141609,2.8818747010999513
15,665,692,189,0.0401279553771019,1.6372207419553184
15,666,692,189,0.04775045067071915,1.4943635990981756
15,667,692,189,0.05160211771726608,1.378834460613513
15,668,692,189,0.05776543170213699,1.2906333265013306
15,669,692,189,0.06525043398141861,1.229760196761631
15,670,692,189,0.07261590659618378,1.1962150713944115
15,671,692,189,0.08046108484268188,1.1899979503996725
15,672,692,189,0.07156785577535629,1.2111088337774136
15,673,692,189,0.07422082126140594,1.259547721527635
15,674,692,190,0.07434652000665665,0.8542050966728154
15,675,692,191,0.08428572863340378,0.7126460340233642
15,676,692,191,0.0778239369392395,0.6120106579217035
15,677,692,191,0.07974928617477417,0.5660312905650032
15,678,692,191,0.08084355294704437,0.5887818542050944
15,679,692,192,0.07851728796958923,0.6538908246225328
15,680,692,193,0.07993552088737488,1.1135478581676597
15,681,692,193,0.077031210064888,0.863838218214117
15,682,692,195,0.07709406316280365,2.3210357313657175
15,683,692,196,0.07614995539188385,2.8448452551752412
15,684,692,196,0.07787580043077469,2.3959827833572453
15,685,692,196,0.07814957201480865,1.9744483159117294
15,686,692,196,0.07610975950956345,1.7371729179476678
15,687,692,196,0.07727259397506714,1.540479606476738
15,688,692,196,0.07692021876573563,1.3711142993782888
15,689,692,196,0.07806462049484253,1.2290769966523196
15,690,692,196,0.08011012524366379,1.1143676982988306
15,691,692,196,0.08544759452342987,1.0418801667008264
16,35,730,5,0.036395683884620667,2.869440459110473
16,36,730,5,0.035136789083480835,2.869440459110473
16,37,730,5,0.03429009020328522,2.869440459110473
16,38,730,5,0.03831813484430313,2.869440459110473
16,39,730,7,0.032519448548555374,1.5336476053836174
16,40,730,7,0.028476908802986145,1.4657375145180023
16,41,730,7,0.04153117164969444,1.4251554280248688
16,42,730,7,0.039353176951408386,1.4119013459042156
16,43,730,7,0.03388845920562744,1.4259752681560425
16,44,730,7,0.05073024705052376,1.4673771947803511
16,45,730,7,0.041835933923721313,1.5361071257771397
16,46,730,7,0.0444575697183609,1.631345221015235
16,47,730,7,0.03778694197535515,1.7265833162533302
16,48,730,7,0.03283879905939102,1.8218214114914255
16,49,730,7,0.02971501462161541,1.9170595067295206
16,50,730,7,0.028471434488892555,2.012297601967616
16,51,730,7,0.03375282883644104,2.1075356972057113
16,52,730,7,0.030428333207964897,2.2027737924438062
16,53,730,10,0.03126339986920357,0.9117988658878182
16,54,730,10,0.028598211705684662,0.8252374120379845
16,55,730,10,0.027236081659793854,0.7933319669331139
16,56,730,12,0.030317718163132668,1.7496071599371459
16,57,730,12,0.030060850083827972,1.4593154334904699
16,58,730,14,0.029856251552700996,2.987702398032384
16,59,730,14,0.029380017891526222,2.5864589738334356
16,60,730,14,0.03163372725248337,2.3077816492450642
16,61,730,15,0.029746294021606445,2.8448452551752412
16,62,730,15,0.0299998689442873,2.5052948008471687
16,63,730,15,0.03050091303884983,2.220400355264058
16,64,730,15,0.03192290663719177,1.9901619184259078
16,65,730,15,0.031206991523504257,1.800505568080891
16,66,730,15,0.03345707431435585,1.6381772221083557
16,67,730,15,0.03027532808482647,1.5180706428913027
16,68,730,15,0.030617861077189445,1.4526200724192113
16,69,730,15,0.03209493309259415,1.4269317483090798
16,70,730,15,0.028806528076529503,1.4285714285714286
16,71,730,15,0.03017500601708889,1.4732527157204345
16,72,730,19,0.031220223754644394,2.4638928742228603
16,73,730,19,0.033342745155096054,1.919792307166769
16,74,730,19,0.0303723756223917,1.5458768873403022
16,75,730,19,0.02981412038207054,1.2009291521486642
16,76,730,19,0.030453559011220932,0.9263510282161652
16,77,730,19,0.03405779227614403,0.8289950126392033
16,78,730,19,0.03366183117032051,0.813623010179682
16,79,730,19,0.034108974039554596,0.8620618979299033
16,80,730,19,0.03273946791887283,0.9378287900526061
16,81,730,19,0.03254486620426178,1.040923686547789
16,82,730,19,0.03357319533824921,1.1237275397964062
16,83,730,20,0.03109700046479702,0.804126528660244
16,84,730,20,0.032505761831998825,0.8260572521691588
16,85,730,20,0.034686379134655,0.9026439844230367
16,86,730,20,0.03345846012234688,1.033886725421875
16,87,730,20,0.03295415639877319,1.2057115529138482
16,88,730,20,0.037861887365579605,1.4048643847783016
16,89,730,20,0.03514693304896355,1.631345221015235
16,90,730,20,0.03171627223491669,1.8694404591104732
16,91,730,20,0.034756436944007874,2.1075356972057113
16,92,730,20,0.0444064736366272,2.3456309353009495
16,93,730,20,0.03715609759092331,2.393249982919997
16,94,730,20,0.03268676996231079,2.4408690305390444
16,95,730,21,0.04111848026514053,1.6578533852565416
16,96,730,21,0.03669755160808563,1.6851813896290218
16,97,730,21,0.033458027988672256,1.7398373983739834
16,98,730,21,0.03233300894498825,1.8218214114914255
16,99,730,21,0.03256300836801529,1.9170595067295206
16,100,730,21,0.03414255753159523,2.012297601967616
16,101,730,21,0.034162405878305435,2.1075356972057113
16,102,730,21,0.033354032784700394,2.2027737924438062
16,103,730,21,0.03526945039629936,2.2980118876819016
16,104,730,21,0.03474351763725281,2.3456309353009495
16,105,730,21,0.03628421202301979,2.393249982919997
16,106,730,21,0.036329563707113266,2.4408690305390444
16,107,730,28,0.03483249992132187,4.178178588508574
16,108,730,28,0.03717366233468056,3.8245542119286737
16,109,730,28,0.03730108216404915,3.4982578397212545
16,110,730,28,0.037512701004743576,3.1992894718863156
16,111,730,28,0.03425757586956024,2.927649108423858
16,112,730,28,0.0367233082652092,2.683336749333881
16,113,730,28,0.03863600641489029,2.466352394616384
16,114,730,28,0.05136466771364212,2.2766960442713673
16,115,730,28,0.03897314518690109,2.1143676982988318
16,116,730,28,0.04105595499277115,2.0269864043178245
16,117,730,28,0.03288358077406883,1.9669331147092985
16,118,730,28,0.06548021733760834,1.934207829473253
16,119,730,33,0.07972219586372375,4.5591309694609565
16,120,730,33,0.05133054777979851,4.015030402404865
16,121,730,33,0.04430261626839638,3.498257839721254
16,122,730,33,0.04613686352968216,3.0088132814101245
16,123,730,33,0.045979082584381104,2.5466967274714767
16,124,730,33,0.04440341517329216,2.111908177905309
16,125,730,33,0.04358828440308571,1.7201612352257971
16,126,730,33,0.04015130177140236,1.3830703012912469
16,127,730,33,0.04338821396231651,1.1006353761016587
16,128,730,33,0.03988932445645332,1.1084921773587464
16,129,730,33,0.03894646465778351,1.1436769829883158
16,130,730,33,0.04089263826608658,1.2061897929903656
16,131,730,33,0.0407540388405323,1.2960306073648953
16,132,730,33,0.040837209671735764,1.4131994261119065
16,133,730,33,0.04064641147851944,1.5576962492313982
16,134,730,33,0.03983307629823685,1.7295210767233713
16,135,730,33,0.038350097835063934,1.9286739085878246
16,136,730,33,0.038854289799928665,2.1551547448247583
16,137,730,33,0.033717263489961624,2.393249982919996
16,138,730,33,0.033470023423433304,2.631345221015234
16,139,730,33,0.035970527678728104,2.8694404591104723
16,140,730,33,0.037372272461652756,2.8694404591104723
16,141,730,33,0.03379759192466736,2.8694404591104723
16,142,730,33,0.0330393947660923,2.8694404591104723
16,143,730,33,0.0400465689599514,2.8694404591104723
16,144,730,33,0.03440878912806511,2.8694404591104723
16,145,730,33,0.03423618897795677,2.8694404591104723
16,146,730,33,0.0368688628077507,2.8694404591104723
16,147,730,33,0.033813685178756714,2.8694404591104723
16,148,730,33,0.03327224776148796,2.8694404591104723
16,149,730,33,0.03339522331953049,2.8694404591104723
16,150,730,42,0.035396821796894073,5.701988112318098
16,151,730,42,0.03547397628426552,5.300744688119149
16,152,730,42,0.033251307904720306,4.926829268292681
16,153,730,42,0.03209907189011574,4.580241852838695
16,154,730,42,0.03571600839495659,4.260982441757189
16,155,730,42,0.03484084829688072,3.9690510350481647
16,156,730,42,0.033309996128082275,3.70444763271162
16,157,730,42,0.03307093679904938,3.4671722347475558
16,158,730,42,0.037910424172878265,3.2572248411559728
16,159,730,42,0.03350502625107765,3.0746054519368715
16,160,730,45,0.033261194825172424,4.273416683746669
16,161,730,45,0.03372872993350029,3.74420987907358
16,162,730,45,0.035863686352968216,3.269659083145451
16,163,730,45,0.03788980469107628,2.8497642959622853
16,164,730,45,0.03504940867424011,2.4845255175240815
16,165,730,45,0.035832274705171585,2.1739427478308393
16,166,730,45,0.032398588955402374,1.9180159868825573
16,167,730,45,0.035891033709049225,1.716745234679236
16,168,730,45,0.03389110416173935,1.5701304912208764
16,169,730,45,0.037499915808439255,1.47817175650748
16,170,730,45,0.03924043849110603,1.4408690305390452
16,171,730,48,0.03471625596284866,1.288310446129671
16,172,730,48,0.03310806676745415,1.0721459315433477
16,173,730,48,0.03113393485546112,0.9106374257019861
16,174,730,51,0.04089789465069771,3.273416683746669
16,175,730,51,0.0410185232758522,2.8721732595477207
16,176,730,51,0.03606477379798889,2.4982578397212527
16,177,730,51,0.031909190118312836,2.151670424267266
16,178,730,52,0.03203820437192917,2.5255858440937353
16,179,730,52,0.03380807116627693,2.118125298900048
16,180,730,52,0.03305632248520851,1.765320762451321
16,181,730,52,0.033206481486558914,1.6100293776046986
16,182,730,52,0.0346507802605629,1.495320079251211
16,183,730,52,0.03397088125348091,1.4079387852702048
16,184,730,52,0.036357246339321136,1.347885495661679
16,185,730,52,0.0385197252035141,1.316799890687982
16,186,730,52,0.03626839816570282,1.3403702944592468
16,187,730,52,0.03440945968031883,1.4185967069754735
16,188,730,52,0.033857304602861404,1.5498394479743116
16,189,730,52,0.034511324018239975,1.7084101933456302
16,190,730,52,0.059749554842710495,1.8943089430894302
16,191,730,52,0.045814573764801025,2.1075356972057118
16,192,730,52,0.04189317673444748,2.2980118876819025
16,193,730,54,0.03686404600739479,1.1775637084101935
16,194,730,54,0.03373848274350166,1.2752613240418125
16,195,730,54,0.03998410329222679,1.2822982851677254
16,196,730,54,0.04715319722890854,1.3166632506661198
16,197,730,54,0.0524442121386528,1.3783562205369957
16,198,730,54,0.03958852216601372,1.4673771947803518
16,199,730,54,0.03961725905537605,1.5361071257771404
16,200,730,54,0.04194233566522598,1.6313452210152357
16,201,730,56,0.042972810566425323,0.7925121268019402
16,202,730,56,0.03692992404103279,0.6848397895743668
16,203,730,56,0.037228114902973175,0.6318234610917537
16,204,730,56,0.04513077065348625,0.6334631413541023
16,205,730,56,0.046806011348962784,0.6897588303614128
16,206,730,56,0.0444880910217762,0.800710528113685
16,207,730,56,0.045159269124269485,0.964678554348569
16,208,730,56,0.046899788081645966,1.1551547448247594
16,209,730,58,0.04748405143618584,0.6750017080002731
16,210,730,60,0.04511820897459984,2.178178588508574
16,211,730,60,0.048359937965869904,1.824554211928673
16,212,730,60,0.04861432686448097,1.4982578397212525
16,213,730,60,0.04562898725271225,1.1992894718863136
16,214,730,60,0.043561872094869614,1.0228872036619514
16,215,730,60,0.04336746409535408,0.8754526200724181
16,216,730,60,0.040078479796648026,0.7834938853590203
16,217,730,60,0.03735484182834625,0.7726993236318908
16,218,730,60,0.03772883862257004,0.816560770649723
16,219,730,62,0.039428405463695526,1.3102411696385872
16,220,730,62,0.04068925604224205,1.0394206463073035
16,221,730,64,0.0412587933242321,2.3686547789847645
16,222,730,64,0.03866492584347725,2.0150304024048635
16,223,730,64,0.0382176972925663,1.688734030197443
16,224,730,66,0.03755639120936394,3.1305595408895264
16,225,730,66,0.03828473016619682,2.68169706907153
16,226,730,66,0.038680922240018845,2.260162601626016
16,227,730,66,0.037035804241895676,1.8659561385529817
16,228,730,66,0.03932729735970497,1.4998975199836013
16,229,730,66,0.040262751281261444,1.188494910159184
16,230,730,66,0.03814605250954628,1.0269864043178238
16,231,730,66,0.03680874779820442,1.0145521623283456
16,232,730,66,0.03755250573158264,1.0294459247113477
16,233,730,66,0.0392446406185627,1.0733073717291783
16,234,730,66,0.03650393337011337,1.1718248274919725
16,235,730,66,0.036889392882585526,1.3233586117373781
16,236,730,66,0.037112507969141006,1.5022204003552642
16,237,730,66,0.03783039376139641,1.7084101933456302
16,238,730,66,0.03754390403628349,1.9419279907084779
16,239,730,66,0.03731895238161087,2.202773792443807
16,240,730,66,0.03889324516057968,2.393249982919998
16,241,730,66,0.039050061255693436,2.583726173396188
16,242,730,66,0.038256749510765076,2.6789642686342834
16,243,730,66,0.038978565484285355,2.7742023638723787
16,244,730,66,0.039885297417640686,2.8694404591104736
16,245,730,66,0.039521850645542145,2.8694404591104736
16,246,730,66,0.039815325289964676,2.8694404591104736
16,247,730,66,0.0381242036819458,2.8694404591104736
16,248,730,66,0.03955065831542015,2.8694404591104736
16,249,730,66,0.04016345366835594,2.8694404591104736
16,250,730,66,0.03828689455986023,2.8694404591104736
16,251,730,66,0.03850487247109413,2.8694404591104736
16,252,730,66,0.03979669511318207,2.8694404591104736
16,253,730,66,0.03931692987680435,2.8694404591104736
16,254,730,66,0.040596336126327515,2.8694404591104736
16,255,730,66,0.03856836259365082,2.8694404591104736
16,256,730,66,0.03821812942624092,2.8694404591104736
16,257,730,66,0.039353352040052414,2.8694404591104736
16,258,730,66,0.036338601261377335,2.8694404591104736
16,259,730,66,0.03701857104897499,2.8694404591104736
16,260,730,66,0.03786087781190872,2.8694404591104736
16,261,730,66,0.03880169987678528,2.8694404591104736
16,262,730,66,0.03713458403944969,2.8694404591104736
16,263,730,66,0.0352160781621933,2.8694404591104736
16,264,730,66,0.03600883483886719,2.8694404591104736
16,265,730,66,0.034500617533922195,2.8694404591104736
16,266,730,66,0.03565589338541031,2.8694404591104736
16,267,730,66,0.03830273821949959,2.8694404591104736
16,268,730,66,0.03545049577951431,2.8694404591104736
16,269,730,66,0.04160188511013985,2.8694404591104736
16,270,730,66,0.03580816835165024,2.8694404591104736
16,271,730,66,0.03783346340060234,2.8694404591104736
16,272,730,66,0.03577778860926628,2.8694404591104736
16,273,730,66,0.03730642795562744,2.8694404591104736
16,274,730,66,0.040274571627378464,2.8694404591104736
16,275,730,66,0.03770321235060692,2.8694404591104736
16,276,730,66,0.03604886308312416,2.8694404591104736
16,277,730,66,0.03500177711248398,2.8694404591104736
16,278,730,66,0.03802698850631714,2.8694404591104736
16,279,730,66,0.03728077933192253,2.8694404591104736
16,280,730,66,0.03921448066830635,2.8694404591104736
16,281,730,66,0.03734428063035011,2.8694404591104736
16,282,730,66,0.04000985622406006,2.8694404591104736
16,283,730,66,0.0369311086833477,2.8694404591104736
16,284,730,66,0.037010982632637024,2.8694404591104736
16,285,730,66,0.04043320193886757,2.8694404591104736
16,286,730,66,0.04023679718375206,2.8694404591104736
16,287,730,66,0.04297527298331261,2.8694404591104736
16,288,730,66,0.042578261345624924,2.8694404591104736
16,289,730,66,0.037911295890808105,2.8694404591104736
16,290,730,66,0.03814199939370155,2.8694404591104736
16,291,730,66,0.038824453949928284,2.8694404591104736
16,292,730,66,0.04381607100367546,2.8694404591104736
16,293,730,66,0.040288813412189484,2.8694404591104736
16,294,730,66,0.04035433754324913,2.8694404591104736
16,295,730,66,0.037707701325416565,2.8694404591104736
16,296,730,66,0.04019487276673317,2.8694404591104736
16,297,730,66,0.04128112271428108,2.8694404591104736
16,298,730,126,0.03870959207415581,54.27341668374667
16,299,730,126,0.04407508671283722,51.44360183097629
16,300,730,126,0.043248288333415985,48.6411149825784
16,301,730,126,0.04026803374290466,45.86595613855299
16,302,730,126,0.04045265540480614,43.11812529890005
16,303,730,126,0.04020174592733383,40.3976224636196
16,304,730,126,0.04178405553102493,37.70444763271163
16,305,730,126,0.04007929936051369,35.038600806176134
16,306,730,126,0.04010225832462311,32.40008198401311
16,307,730,126,0.04163146764039993,29.78889116622259
16,308,730,126,0.037810832262039185,27.20502835280454
16,309,730,126,0.03734656050801277,24.648493543758967
16,310,730,126,0.04008633643388748,22.11928673908588
16,311,730,126,0.0405256412923336,19.61740793878527
16,312,730,126,0.055526673793792725,17.142857142857142
16,313,730,126,0.0384184867143631,14.695634351301496
16,314,730,126,0.04284856095910072,12.275739564118329
16,315,730,126,0.04279690608382225,9.883172781307644
16,316,730,126,0.03734559938311577,7.517934002869439
16,317,730,126,0.03984015807509422,5.180023228803717
16,318,730,126,0.04127924144268036,2.869440459110473
16,319,730,126,0.037215348333120346,2.869440459110473
16,320,730,126,0.036964550614356995,2.869440459110473
16,321,730,126,0.03783516585826874,2.869440459110473
16,322,730,126,0.03874039277434349,2.869440459110473
16,323,730,126,0.05228865519165993,2.869440459110473
16,324,730,126,0.043094754219055176,2.869440459110473
16,325,730,126,0.04402491822838783,2.869440459110473
16,326,730,126,0.03787160664796829,2.869440459110473
16,327,730,126,0.03640591725707054,2.869440459110473
16,328,730,126,0.03785044327378273,2.869440459110473
16,329,730,126,0.042617011815309525,2.869440459110473
16,330,730,126,0.036789070814847946,2.869440459110473
16,331,730,126,0.03476803004741669,2.869440459110473
16,332,730,126,0.0368674099445343,2.869440459110473
16,333,730,126,0.038483161479234695,2.869440459110473
16,334,730,126,0.03948849067091942,2.869440459110473
16,335,730,126,0.04002421349287033,2.869440459110473
16,336,730,126,0.03975383937358856,2.869440459110473
16,337,730,126,0.03738097846508026,2.869440459110473
16,338,730,126,0.03872998058795929,2.869440459110473
16,339,730,126,0.03798569366335869,2.869440459110473
16,340,730,126,0.03485383093357086,2.869440459110473
16,341,730,126,0.035417355597019196,2.869440459110473
16,342,730,126,0.03475206345319748,2.869440459110473
16,343,730,126,0.03517346456646919,2.869440459110473
16,344,730,126,0.03512348234653473,2.869440459110473
16,345,730,126,0.03573844954371452,2.869440459110473
16,346,730,126,0.03741865232586861,2.869440459110473
16,347,730,126,0.03550508990883827,2.869440459110473
16,348,730,126,0.03505880758166313,2.869440459110473
16,349,730,126,0.04395598918199539,2.869440459110473
16,350,730,126,0.03999961167573929,2.869440459110473
16,351,730,126,0.038429196923971176,2.869440459110473
16,352,730,126,0.0376012958586216,2.869440459110473
16,353,730,126,0.038244690746068954,2.869440459110473
16,354,730,126,0.038404740393161774,2.869440459110473
16,355,730,126,0.03882438316941261,2.869440459110473
16,356,730,126,0.03499256819486618,2.869440459110473
16,357,730,126,0.03483763709664345,2.869440459110473
16,358,730,126,0.0348871648311615,2.869440459110473
16,359,730,126,0.03563738986849785,2.869440459110473
16,360,730,126,0.03861977159976959,2.869440459110473
16,361,730,126,0.03653111308813095,2.869440459110473
16,362,730,126,0.03671060502529144,2.869440459110473
16,363,730,126,0.038396675139665604,2.869440459110473
16,364,730,126,0.0383588932454586,2.869440459110473
16,365,730,126,0.03668956458568573,2.869440459110473
16,366,730,126,0.03593692183494568,2.869440459110473
16,367,730,126,0.03708973526954651,2.869440459110473
16,368,730,126,0.042167551815509796,2.869440459110473
16,369,730,126,0.03705047816038132,2.869440459110473
16,370,730,126,0.03653464838862419,2.869440459110473
16,371,730,126,0.03674568235874176,2.869440459110473
16,372,730,126,0.038818348199129105,2.869440459110473
16,373,730,126,0.03609335795044899,2.869440459110473
16,374,730,126,0.04097689688205719,2.869440459110473
16,375,730,126,0.037260543555021286,2.869440459110473
16,376,730,126,0.03636873513460159,2.869440459110473
16,377,730,126,0.03708767145872116,2.869440459110473
16,378,730,126,0.038400813937187195,2.869440459110473
16,379,730,126,0.03719509392976761,2.869440459110473
16,380,730,126,0.03672519698739052,2.869440459110473
16,381,730,126,0.038640379905700684,2.869440459110473
16,382,730,126,0.03952375054359436,2.869440459110473
16,383,730,126,0.03945636749267578,2.869440459110473
16,384,730,126,0.04842035844922066,2.869440459110473
16,385,730,126,0.03992949053645134,2.869440459110473
16,386,730,126,0.0380980558693409,2.869440459110473
16,387,730,126,0.03745467588305473,2.869440459110473
16,388,730,126,0.037596445530653,2.869440459110473
16,389,730,126,0.037130508571863174,2.869440459110473
16,390,730,126,0.040132634341716766,2.869440459110473
16,391,730,126,0.039188649505376816,2.869440459110473
16,392,730,126,0.036917172372341156,2.869440459110473
16,393,730,126,0.03656049072742462,2.869440459110473
16,394,730,126,0.039188630878925323,2.869440459110473
16,395,730,126,0.037391744554042816,2.869440459110473
16,396,730,126,0.03827532008290291,2.869440459110473
16,397,730,126,0.03864818066358566,2.869440459110473
16,398,730,126,0.05127125233411789,2.869440459110473
16,399,730,126,0.04570086672902107,2.869440459110473
16,400,730,126,0.046788059175014496,2.869440459110473
16,401,730,126,0.039762627333402634,2.869440459110473
16,402,730,126,0.037823811173439026,2.869440459110473
16,403,730,126,0.03926606848835945,2.869440459110473
16,404,730,126,0.04115499183535576,2.869440459110473
16,405,730,126,0.039509937167167664,2.869440459110473
16,406,730,126,0.03706035390496254,2.869440459110473
16,407,730,126,0.03813295438885689,2.869440459110473
16,408,730,126,0.03680340573191643,2.869440459110473
16,409,730,126,0.036683984100818634,2.869440459110473
16,410,730,126,0.04955606907606125,2.869440459110473
16,411,730,126,0.04650304839015007,2.869440459110473
16,412,730,126,0.040777817368507385,2.869440459110473
16,413,730,126,0.04035143181681633,2.869440459110473
16,414,730,126,0.03904331475496292,2.869440459110473
16,415,730,126,0.040237586945295334,2.869440459110473
16,416,730,126,0.04824923351407051,2.869440459110473
16,417,730,126,0.04355340078473091,2.869440459110473
16,418,730,126,0.04330030083656311,2.869440459110473
16,419,730,126,0.04134348779916763,2.869440459110473
16,420,730,126,0.04758012294769287,2.869440459110473
16,421,730,126,0.044736798852682114,2.869440459110473
16,422,730,126,0.042341720312833786,2.869440459110473
16,423,730,126,0.04175565391778946,2.869440459110473
16,424,730,126,0.04340791329741478,2.869440459110473
16,425,730,126,0.0424685962498188,2.869440459110473
16,426,730,126,0.040034595876932144,2.869440459110473
16,427,730,122,0.04122217372059822,6.678964268634282
16,428,730,122,0.0428072065114975,6.488488078158091
16,429,730,122,0.04224511981010437,6.2980118876819
16,430,730,122,0.04220430552959442,6.107535697205711
16,431,730,122,0.04208125174045563,5.917059506729521
16,432,730,122,0.044969093054533005,5.72658331625333
16,433,730,122,0.04324836656451225,5.53610712577714
16,434,730,122,0.043517205864191055,5.3456309353009495
16,435,730,122,0.04385792091488838,5.155154744824759
16,436,730,122,0.0425461083650589,4.964678554348568
16,437,730,122,0.04182267561554909,4.774202363872378
16,438,730,122,0.04179588332772255,4.583726173396188
16,439,730,122,0.041926898062229156,4.393249982919997
16,440,730,122,0.04802832379937172,4.202773792443806
16,441,730,122,0.04769917577505112,4.0122976019676155
16,442,730,122,0.048317015171051025,3.8218214114914253
16,443,730,122,0.0451868437230587,3.631345221015235
16,444,730,122,0.04965325444936752,3.4408690305390444
16,445,730,126,0.047240305691957474,1.9064015850242535
16,446,730,126,0.04829036816954613,1.5527772084443527
16,447,730,126,0.05383190140128136,1.2264808362369335
16,448,730,126,0.05136235058307648,1.117988658878185
16,449,730,126,0.061036769300699234,1.0368244858919167
16,450,730,126,0.06565574556589127,0.98298831727813
16,451,730,126,0.07681887596845627,0.9564801530368234
16,452,730,126,0.056765131652355194,0.9572999931679985
16,453,730,126,0.059040941298007965,0.9854478376716538
16,454,730,126,0.05991510674357414,1.040923686547789
16,455,730,126,0.08288583159446716,1.1237275397964062
16,456,730,127,0.07779793441295624,0.8041265286602455
16,457,730,130,0.06916680932044983,2.416273826603812
16,458,730,130,0.06486795842647552,2.062649450023911
16,459,730,130,0.07421385496854782,1.7379927580788395
16,460,730,130,0.07843737304210663,1.4679920748787307
16,461,730,130,0.06728440523147583,1.2526474004235837
16,462,730,130,0.06873258948326111,1.0919587347133972
16,463,730,130,0.05940680950880051,0.9859260777481724
16,464,730,130,0.07458467036485672,0.9345494295279094
16,465,730,130,0.061195455491542816,0.9378287900526068
16,466,730,130,0.058007534593343735,0.9933046389287422
16,467,730,130,0.05373542755842209,1.0910022545603613
16,468,730,130,0.054850347340106964,1.2284621165539387
16,469,730,130,0.05816247686743736,1.3932499829199976
16,470,730,130,0.053140975534915924,1.583726173396188
16,471,730,130,0.05486985668540001,1.7742023638723785
16,472,730,130,0.05282597616314888,1.964678554348569
16,473,730,130,0.05285579711198807,2.1551547448247597
16,474,730,130,0.04883914068341255,2.34563093530095
16,475,730,130,0.04579654335975647,2.5361071257771406
16,476,730,130,0.04610367864370346,2.726583316253331
16,477,730,130,0.04533792659640312,2.8694404591104736
16,478,730,130,0.03962288051843643,2.8694404591104736
16,479,730,130,0.037203747779130936,2.8694404591104736
16,480,730,130,0.03631170094013214,2.8694404591104736
16,481,730,132,0.034829411655664444,1.5336476053836154
16,482,730,132,0.040417708456516266,1.4657375145180003
16,483,730,132,0.0410509929060936,1.4251554280248655
16,484,730,134,0.0422280989587307,1.239734918357588
16,485,730,134,0.04454561695456505,1.0765867322538778
16,486,730,134,0.04269389808177948,0.9407665505226478
16,487,730,134,0.04455328732728958,0.8322743731639006
16,488,730,134,0.04647652432322502,0.7519300403088074
16,489,730,134,0.04942416027188301,0.7262417161986745
16,490,730,136,0.047279395163059235,1.4162738266038126
16,491,730,136,0.046314142644405365,1.1587073853931809
16,492,730,136,0.04613729938864708,0.9557969529275093
16,493,730,138,0.0477147176861763,2.4638928742228603
16,494,730,138,0.04870793595910072,2.1102684976429593
16,495,730,138,0.0486941896378994,1.783972125435539
16,496,730,138,0.047854337841272354,1.4850037576006012
16,497,730,138,0.0500883050262928,1.2141832342693175
16,498,730,138,0.05063779279589653,0.9996583999453443
16,499,730,138,0.05164884030818939,0.8671175787388143
16,500,730,138,0.05004550889134407,0.8157409305185513
16,501,730,138,0.04901555925607681,0.8190202910432488
16,502,730,138,0.050533000379800797,0.9721937555510018
16,503,730,138,0.0493854284286499,1.1800232288037154
16,504,730,138,0.04771415889263153,1.4408690305390446
16,505,730,138,0.04722585156559944,1.631345221015235
16,506,730,138,0.04731547087430954,1.8218214114914255
16,507,730,138,0.048134591430425644,2.012297601967616
16,508,730,138,0.0489518903195858,2.2027737924438062
16,509,730,138,0.04982655122876167,2.393249982919997
16,510,730,138,0.04952351376414299,2.5837261733961876
16,511,730,138,0.05033978074789047,2.6789642686342825
16,512,730,138,0.050849925726652145,2.774202363872378
16,513,730,138,0.05024201050400734,2.869440459110473
16,514,730,138,0.04873355105519295,2.869440459110473
16,515,730,138,0.05144626647233963,2.869440459110473
16,516,730,138,0.04548655077815056,2.869440459110473
16,517,730,139,0.04710228741168976,2.0388057662089225
16,518,730,139,0.049484219402074814,2.018514722962355
16,519,730,139,0.046277835965156555,2.025551684088268
16,520,730,139,0.0466495081782341,2.0599166495866634
16,521,730,139,0.04644070938229561,2.1075356972057113
16,522,730,139,0.044448837637901306,2.1551547448247588
16,523,730,139,0.04613158106803894,2.2027737924438062
16,524,730,139,0.042527493089437485,2.250392840062854
16,525,730,139,0.04382498934864998,2.2980118876819016
16,526,730,139,0.049654435366392136,2.3456309353009495
16,527,730,139,0.051220718771219254,2.393249982919997
16,528,730,139,0.051202066242694855,2.4408690305390444
16,529,730,139,0.04940842464566231,2.4884880781580923
16,530,730,139,0.04316568002104759,2.5361071257771397
16,531,730,139,0.04378552362322807,2.5837261733961876
16,532,730,139,0.04678783938288689,2.631345221015235
16,533,730,139,0.04770961031317711,2.6789642686342825
16,534,730,143,0.04011765122413635,1.382592061214731
16,535,730,143,0.04294966533780098,1.2670629227300683
16,536,730,143,0.03814233839511871,1.1788617886178858
16,537,730,143,0.03899146243929863,1.1179886588781864
16,538,730,143,0.042912062257528305,1.0368244858919193
16,539,730,143,0.04182007908821106,0.9829883172781327
16,540,730,143,0.04491317272186279,0.9564801530368262
16,541,730,143,0.04326614364981651,0.9572999931679999
16,542,730,143,0.04147716984152794,0.9854478376716538
16,543,730,143,0.04311831668019295,1.0409236865477904
16,544,730,145,0.038968347012996674,1.1073307371729177
16,545,730,145,0.0410463772714138,0.9590763134522095
16,546,730,145,0.04330553114414215,0.8654778984764616
16,547,730,143,0.04299383983016014,1.8218214114914255
16,548,730,145,0.039025723934173584,0.9101591856254702
16,549,730,143,0.0375978909432888,2.2980118876819016
16,550,730,143,0.042756758630275726,2.4884880781580923
16,551,730,145,0.04455000162124634,1.3109243697479005
16,552,730,145,0.03721299394965172,1.4351301496208233
16,553,730,145,0.03771892562508583,1.5866639338662263
16,554,730,145,0.04692719504237175,1.7663455626152886
16,555,730,148,0.04266316443681717,1.2745781239324991
16,556,730,148,0.03821218013763428,1.1060326569652235
16,557,730,148,0.03549124673008919,0.9921431987429081
16,558,730,148,0.04714531451463699,0.9180159868825567
16,559,730,148,0.04614773392677307,0.8861105417776874
16,560,730,148,0.041295409202575684,0.8939673430347765
16,561,730,148,0.03721047565340996,0.9291521486643433
16,562,730,148,0.048136934638023376,0.9908451185352192
16,563,730,148,0.050285279750823975,1.0798660927785726
16,564,730,148,0.04051419347524643,1.1962150713944089
16,565,730,151,0.04155980423092842,1.7019881123180984
16,566,730,151,0.04343726113438606,1.4584955933592947
16,567,730,151,0.04719727486371994,1.2696590831454517
16,568,730,151,0.03772611543536186,1.0402404864384764
16,569,730,151,0.03843274340033531,0.9607159937145595
16,570,730,151,0.04789092764258385,0.8406094144975078
16,571,730,151,0.04741201922297478,0.7751588440254166
16,572,730,151,0.037076666951179504,0.8596023775363809
16,573,730,151,0.03730935975909233,0.9987019197923056
16,574,730,151,0.0402984693646431,1.1924574707931934
16,575,730,151,0.04385722801089287,1.4408690305390446
16,576,730,151,0.03904260694980621,1.5837261733961874
16,577,730,151,0.03718472644686699,1.7265833162533302
16,578,730,153,0.03650936484336853,0.7440732390517155
16,579,730,153,0.03698430210351944,0.7254218760674982
16,580,730,153,0.03843243792653084,0.7614265218282412
16,581,730,153,0.035944078117609024,0.8520871763339474
16,582,730,153,0.03323521092534065,0.997403839584614
16,583,730,153,0.031528156250715256,1.1816629090660653
16,584,730,158,0.04216625168919563,3.368654778984765
16,585,730,158,0.03836279734969139,2.919792307166769
16,586,730,158,0.036846984177827835,2.641114982578396
16,587,730,151,0.03490213677287102,4.440869030539044
16,588,730,158,0.033573415130376816,2.4717496754799493
16,589,730,158,0.053031910210847855,2.2477283596365396
16,590,730,158,0.04209202527999878,2.051035048165607
16,591,730,158,0.03902522474527359,1.881669741067158
16,592,730,158,0.032587334513664246,1.7396324383411887
16,593,730,158,0.03879890218377113,1.6249231399877024
16,594,730,158,0.03966214880347252,1.5375418460066963
16,595,730,158,0.03409194201231003,1.4774885563981706
16,596,730,158,0.033158883452415466,1.4604768736762979
16,597,730,158,0.036120448261499405,1.4981211996993882
16,598,730,158,0.037930525839328766,1.5904215344674444
16,599,730,158,0.03490182384848595,1.7349183575869374
16,600,730,158,0.030892131850123405,1.9067431850789105
16,601,730,158,0.034634098410606384,2.105896016943361
16,602,730,158,0.03517227992415428,2.316663250666119
16,603,730,164,0.03482724726200104,3.4162738266038124
16,604,730,164,0.03775325044989586,2.919792307166769
16,605,730,164,0.038966380059719086,2.688734030197444
16,606,730,164,0.03737910836935043,2.485003757600601
16,607,730,164,0.03402072936296463,2.308601489376239
16,608,730,164,0.0348355807363987,1.826193892191024
16,609,730,164,0.040705613791942596,1.704447632711622
16,610,730,164,0.03961403667926788,1.6100293776047006
16,611,730,164,0.033267952501773834,1.5429391268702592
16,612,730,164,0.03446225821971893,1.5031768805083008
16,613,730,164,0.03387009724974632,1.4907426385188225
16,614,730,164,0.0338335819542408,1.5056364009018244
16,615,730,164,0.03299494460225105,1.5478581676573067
16,616,730,164,0.032834310084581375,1.617407938785269
16,617,730,164,0.03470218926668167,1.7142857142857142
16,618,730,164,0.0342620424926281,1.8384914941586399
16,619,730,164,0.03384857624769211,1.9900252784040455
16,620,730,190,0.03638473525643349,22.749607159937145
16,621,730,189,0.03259345516562462,20.395982783357248
16,622,730,189,0.03554092347621918,18.974448315911733
16,623,730,189,0.036382388323545456,17.5802418528387
16,624,730,189,0.03300894796848297,16.49907767985243
16,625,730,189,0.03200913593173027,15.445241511238644
16,626,730,189,0.03268938139081001,14.418733346997339
16,627,730,189,0.03274567797780037,13.419553187128512
16,628,730,189,0.03191181644797325,12.447701031632164
16,629,730,189,0.030539613217115402,11.5031768805083
16,630,730,167,0.030314968898892403,11.964678554348568
16,631,730,167,0.031130801886320114,12.10753569720571
16,632,730,189,0.0337669663131237,10.846826535492246
16,633,730,189,0.03277040272951126,9.956958393113341
16,634,730,189,0.031065043061971664,9.09441825510692
16,635,730,167,0.045672230422496796,15.821821411491426
16,636,730,167,0.03888624161481857,15.964678554348568
16,637,730,167,0.032397057861089706,16.107535697205712
16,638,730,189,0.0313270278275013,8.8964268634283
16,639,730,167,0.033699072897434235,17.440869030539044
16,640,730,167,0.041349418461322784,17.583726173396187
16,641,730,167,0.0448872409760952,16.488488078158092
16,642,730,167,0.03723009303212166,15.440869030539044
16,643,730,167,0.033053115010261536,14.393249982919997
16,644,730,167,0.049738358706235886,13.34563093530095
16,645,730,167,0.041919779032468796,12.298011887681902
16,646,730,167,0.033852435648441315,11.250392840062855
16,647,730,167,0.031939636915922165,10.202773792443807
16,648,730,167,0.049450308084487915,9.15515474482476
16,649,730,167,0.0397547222673893,8.10753569720571
16,650,730,167,0.035579923540353775,7.059916649586664
16,651,730,167,0.035343095660209656,7.059916649586664
16,652,730,167,0.04743838682770729,7.059916649586664
16,653,730,175,0.04199467971920967,7.082462253193961
16,654,730,186,0.03444986045360565,14.304843888775022
16,655,730,186,0.03460392728447914,13.67008266721323
16,656,730,186,0.041419412940740585,12.847304775568762
16,657,730,186,0.04992838203907013,12.05185488829678
16,658,730,186,0.04641026630997658,11.283733005397282
16,659,730,186,0.038016390055418015,10.730955796952928
16,660,730,186,0.03290163353085518,9.990161918425908
16,661,730,186,0.037507954984903336,9.276696044271366
16,662,730,186,0.04581558331847191,8.590558174489306
16,663,730,186,0.05065859109163284,7.93174830907973
16,664,730,186,0.039283789694309235,7.300266448042632
16,665,730,186,0.03623022511601448,6.696112591378015
16,666,730,186,0.05023828148841858,6.119286739085878
16,667,730,185,0.047997307032346725,5.855503176880507
16,668,730,185,0.04121261090040207,5.380952380952381
16,669,730,185,0.04091794416308403,4.9337295893967354
16,670,730,185,0.04070563241839409,4.5138348022135695
16,671,730,185,0.04226851090788841,4.1212680194028835
16,672,730,185,0.040854860097169876,3.7560292409646783
16,673,730,185,0.03579665720462799,3.4181184668989535
16,674,730,185,0.03288249298930168,3.4884880781580923
16,675,730,185,0.0328453928232193,3.4408690305390444
16,676,730,186,0.03478003293275833,2.5626152900184462
16,677,730,186,0.03760656341910362,2.4947051991528313
16,678,730,186,0.038928497582674026,2.4541231126596963
16,679,730,186,0.04142153263092041,2.4408690305390444
16,680,730,186,0.03789260983467102,2.4408690305390444
16,681,730,186,0.037064723670482635,2.4408690305390444
16,682,730,186,0.03683973103761673,2.4408690305390444
16,683,730,186,0.039583925157785416,2.4408690305390444
16,684,730,186,0.038920991122722626,2.4408690305390444
16,685,730,186,0.03501023352146149,2.4408690305390444
16,686,730,186,0.03527504578232765,2.4408690305390444
16,687,730,186,0.03593720123171806,2.4408690305390444
16,688,730,186,0.0391695499420166,2.4884880781580923
16,689,730,186,0.03630274906754494,2.5361071257771397
16,690,730,186,0.032545335590839386,2.5837261733961876
16,691,730,186,0.03109305538237095,2.631345221015235
16,692,730,186,0.045545678585767746,2.6789642686342825
16,693,730,186,0.06204800680279732,2.7265833162533304
16,694,730,185,0.04764001816511154,3.7265833162533304
16,695,730,185,0.039005640894174576,3.7265833162533304
16,696,730,185,0.03269104287028313,3.7265833162533304
16,697,730,185,0.034110765904188156,3.6789642686342825
16,698,730,185,0.054521072655916214,3.631345221015235
16,699,730,185,0.0434395857155323,3.5837261733961876
16,700,730,186,0.04133821278810501,2.705472432875589
16,701,730,186,0.03667304664850235,2.637562342009974
16,702,730,186,0.03999956324696541,2.596980255516839
16,703,730,186,0.04340721666812897,2.5837261733961876
16,704,730,189,0.0435989610850811,1.6521145043383203
16,705,730,189,0.041129373013973236,1.5216916034706558
16,706,730,189,0.044629570096731186,1.391268702602991
16,707,730,189,0.04604940861463547,1.2608458017353292
16,708,730,189,0.04720427095890045,1.1320625811300147
16,709,730,189,0.04977975785732269,1.0306073648971803
16,710,730,189,0.048359375447034836,0.9564801530368262
16,711,730,189,0.052601106464862823,0.9245747079319542
16,712,730,190,0.048656318336725235,0.7461911593905836
16,713,730,190,0.04752763733267784,0.63851882216301
16,714,730,190,0.0479859821498394,0.587142173942747
16,715,730,190,0.04598364979028702,0.665368586458975
16,716,730,190,0.051955971866846085,0.8115050898408153
16,717,730,191,0.05447518453001976,0.5751861720297868
16,718,730,192,0.05653665214776993,0.8302930928468949
16,719,730,192,0.05389938876032829,0.6493133838901409
16,720,730,193,0.053869206458330154,0.9793673566987796
16,721,730,194,0.05466054007411003,1.5115119218419077
16,722,730,194,0.05392622575163841,1.1736011477761827
16,723,730,194,0.05558953061699867,0.8903463824554181
16,724,730,196,0.054833270609378815,2.2734166837466696
16,725,730,196,0.05601692944765091,1.9674113547858165
16,726,730,196,0.05513058975338936,1.6887340301974436
16,727,730,196,0.05609676614403725,1.4373847099815538
16,728,730,196,0.05460592731833458,1.2141832342693175
16,729,730,196,0.05088388919830322,1.0456377673020418
17,35,713,7,0.0509168840944767,2.869440459110473
17,36,713,7,0.04638553038239479,2.869440459110473
17,37,713,7,0.043960295617580414,2.869440459110473
17,38,713,7,0.04502413794398308,2.869440459110473
17,39,713,7,0.043491121381521225,2.869440459110473
17,40,713,7,0.03943493589758873,2.869440459110473
17,41,713,7,0.03907032310962677,2.869440459110473
17,42,713,7,0.03963905945420265,2.869440459110473
17,43,713,9,0.04108687490224838,1.5336476053836174
17,44,713,9,0.03823298588395119,1.4657375145180023
17,45,713,9,0.036327067762613297,1.4251554280248688
17,46,713,9,0.03892459347844124,1.4119013459042156
17,47,713,12,0.04089844226837158,1.6406367425018795
17,48,713,12,0.03829510509967804,1.4298695087791216
17,49,713,12,0.03781576082110405,1.2464302794288453
17,50,713,12,0.03748219087719917,1.090319054451049
17,51,713,12,0.037601057440042496,0.9615358338457346
17,52,713,12,0.03508276119828224,0.8600806176129002
17,53,713,15,0.036066360771656036,2.9400833504133366
17,54,713,15,0.03516562655568123,2.5864589738334356
17,55,713,15,0.03619697690010071,2.2601626016260163
17,56,713,15,0.034217339009046555,1.9611942337910775
17,57,713,15,0.03406310826539993,1.6895538703286201
17,58,713,15,0.03541717678308487,1.4601352736216449
17,59,713,15,0.035798314958810806,1.28537268565963
17,60,713,15,0.03396466374397278,1.1652661064425769
17,61,713,15,0.03092433139681816,1.0998155359704858
17,62,713,15,0.03569711744785309,1.089020974243356
17,63,713,19,0.034610867500305176,2.9400833504133366
17,64,713,19,0.03425826132297516,2.4912208785953402
17,65,713,19,0.03279943764209747,2.069686411149826
17,66,713,19,0.035735294222831726,1.675479948076792
17,67,713,19,0.03460833057761192,1.3102411696385878
17,68,713,19,0.03377025946974754,1.1425155428024885
17,69,713,19,0.034228987991809845,1.0294459247113497
17,70,713,20,0.03563641384243965,1.2079661132745785
17,71,713,21,0.0343439057469368,1.5880986540957844
17,72,713,21,0.03432663157582283,1.2423310787729716
17,73,713,21,0.03591370955109596,0.9512195121951217
17,74,713,21,0.032720111310482025,0.8716950194712034
17,75,713,21,0.03363354876637459,0.8600806176128989
17,76,713,21,0.03529509902000427,0.903122224499556
17,77,713,21,0.03663695231080055,1.0
17,78,713,21,0.033699411898851395,1.1242057798729255
17,79,713,21,0.03507804125547409,1.2757395641183311
17,80,713,20,0.03511588275432587,2.250392840062854
17,81,713,20,0.03445986658334732,2.4884880781580923
17,82,713,21,0.03668031096458435,1.9075630252100841
17,83,713,21,0.03722292557358742,2.1137528182004504
17,84,713,21,0.033957310020923615,2.168408826945412
17,85,713,21,0.03594612330198288,2.250392840062854
17,86,713,21,0.03713652119040489,2.3456309353009495
17,87,713,20,0.035679176449775696,3.393249982919997
17,88,713,21,0.03690490126609802,2.556398169023707
17,89,713,26,0.033397555351257324,2.19389219102275
17,90,713,28,0.03625142201781273,3.749607159937146
17,91,713,28,0.034343235194683075,3.3959827833572453
17,92,713,28,0.03418225422501564,3.1173054587688735
17,93,713,28,0.0372077152132988,2.865956138552982
17,94,713,28,0.03561897203326225,2.6419348227095725
17,95,713,28,0.035099852830171585,2.4452415112386428
17,96,713,28,0.037068262696266174,2.2766960442713673
17,97,713,28,0.037262845784425735,2.1619867459178796
17,98,713,28,0.03746199980378151,2.074605451936872
17,99,713,28,0.0356498658657074,2.0145521623283464
17,100,713,28,0.03510163724422455,1.9818268770923007
17,101,713,28,0.035589687526226044,1.9288105486096876
17,102,713,28,0.036377329379320145,1.903122224499556
17,103,713,28,0.03533688560128212,1.9523809523809523
17,104,713,28,0.03644850477576256,2.0289676846348303
17,105,713,28,0.03682374581694603,2.1328824212611885
17,106,713,28,0.03624873235821724,2.2641251622600267
17,107,713,28,0.04009183123707771,2.4226959076313452
17,108,713,28,0.03565029427409172,2.5609756097560976
17,109,713,28,0.034749072045087814,2.774202363872378
17,110,713,28,0.03808140009641647,2.869440459110473
17,111,713,33,0.037899866700172424,2.02158912345426
17,112,713,33,0.03769073262810707,1.8108218897315018
17,113,713,33,0.035993240773677826,1.6273826603812243
17,114,713,33,0.03935018554329872,1.471271435403428
17,115,713,33,0.03660747781395912,1.3424882147981134
17,116,713,33,0.03445318341255188,1.241032998565279
17,117,713,33,0.03707626834511757,1.166905786704925
17,118,713,33,0.03637963905930519,1.120106579217051
17,119,713,33,0.03886226564645767,1.1006353761016587
17,120,713,33,0.038284312933683395,1.1084921773587464
17,121,713,33,0.04027543589472771,1.1436769829883158
17,122,713,33,0.0361231304705143,1.2061897929903656
17,123,713,33,0.03820393607020378,1.2960306073648953
17,124,713,33,0.03757341578602791,1.4131994261119065
17,125,713,33,0.03946034237742424,1.5576962492313982
17,126,713,33,0.03735189884901047,1.7295210767233713
17,127,713,33,0.03619353845715523,1.9286739085878246
17,128,713,33,0.04004857316613197,2.1551547448247583
17,129,713,33,0.03949843719601631,2.393249982919996
17,130,713,33,0.03786409646272659,2.631345221015234
17,131,713,33,0.03778544440865517,2.8694404591104723
17,132,713,33,0.0398714542388916,2.8694404591104723
17,133,713,33,0.0406448096036911,2.8694404591104723
17,134,713,33,0.03914327546954155,2.8694404591104723
17,135,713,33,0.03841907158493996,2.8694404591104723
17,136,713,33,0.04174239560961723,2.8694404591104723
17,137,713,33,0.04078344255685806,2.8694404591104723
17,138,713,33,0.03989738970994949,2.8694404591104723
17,139,713,33,0.04029543697834015,2.8694404591104723
17,140,713,33,0.04119923338294029,2.8694404591104723
17,141,713,33,0.041969433426856995,2.8694404591104723
17,142,713,33,0.042491983622312546,2.8694404591104723
17,143,713,33,0.04485810548067093,2.8694404591104723
17,144,713,33,0.043607525527477264,2.8694404591104723
17,145,713,33,0.040545836091041565,2.8694404591104723
17,146,713,42,0.04305126145482063,5.701988112318098
17,147,713,42,0.04343161731958389,5.300744688119149
17,148,713,42,0.04222317412495613,4.926829268292681
17,149,713,42,0.042176853865385056,4.580241852838695
17,150,713,42,0.04656418785452843,4.260982441757189
17,151,713,42,0.04347139969468117,3.9690510350481647
17,152,713,42,0.04346128925681114,3.70444763271162
17,153,713,42,0.04287762567400932,3.4671722347475558
17,154,713,42,0.04555375128984451,3.2572248411559728
17,155,713,42,0.04224461689591408,3.0746054519368715
17,156,713,42,0.040723543614149094,2.91931406709025
17,157,713,42,0.04203972592949867,2.7913506866161093
17,158,713,42,0.04468720033764839,2.690715310514449
17,159,713,42,0.04385509714484215,2.6174079387852696
17,160,713,45,0.04535384103655815,2.7826740452278464
17,161,713,48,0.04614841938018799,4.84484525517524
17,162,713,48,0.045061301440000534,4.157887545262007
17,163,713,48,0.04389955848455429,3.4982578397212527
17,164,713,48,0.0462370328605175,2.8659561385529804
17,165,713,48,0.047090526670217514,2.2609824417571893
17,166,713,48,0.04809437319636345,1.683336749333879
17,167,713,48,0.04562761262059212,1.5615904898544772
17,168,713,48,0.04485587775707245,1.4671722347475555
17,169,713,48,0.04882364347577095,1.4000819840131156
17,170,713,48,0.043950874358415604,1.360319737651157
17,171,713,48,0.043594833463430405,1.362779258044681
17,172,713,48,0.050053372979164124,1.405001024800163
17,173,713,48,0.049226220697164536,1.4745507959281268
17,174,713,51,0.04696638882160187,1.9715105554416883
17,175,713,51,0.04516318440437317,1.667144906743184
17,176,713,51,0.05112452432513237,1.4174352667896413
17,177,713,51,0.04870821535587311,1.2223816355810604
17,178,713,51,0.04568152502179146,1.0819840131174412
17,179,713,51,0.04641197994351387,0.9962423993987826
17,180,713,51,0.05495961382985115,0.9651567944250856
17,181,713,51,0.04979684576392174,1.1315843410534934
17,182,713,51,0.04720154404640198,1.2073512331761962
17,183,713,51,0.049032047390937805,1.3104461296713805
17,184,713,54,0.050839170813560486,1.416273826603812
17,185,713,54,0.0523560605943203,1.1727813076450084
17,186,713,54,0.053181011229753494,0.9839447974311653
17,187,713,54,0.05465611070394516,0.8497642959622853
17,188,713,54,0.05401361733675003,0.770239803238367
17,189,713,54,0.05368310585618019,0.7453713192594106
17,190,713,54,0.05796283110976219,0.7751588440254145
17,191,713,54,0.05674803629517555,0.8596023775363788
17,192,713,54,0.05073026940226555,0.9987019197923049
17,193,713,54,0.04921947792172432,1.1924574707931943
17,194,713,54,0.05011933669447899,1.4408690305390452
17,195,713,54,0.05397491902112961,1.583726173396188
17,196,713,54,0.05111240595579147,1.7265833162533308
17,197,713,56,0.04859986901283264,0.7440732390517188
17,198,713,56,0.055744677782058716,0.7254218760675002
17,199,713,56,0.05916885286569595,0.7614265218282432
17,200,713,56,0.05957071855664253,0.852087176333948
17,201,713,56,0.05534715577960014,0.9974038395846146
17,202,713,60,0.05615442991256714,2.65436906469905
17,203,713,60,0.06356962025165558,2.2531256405001017
17,204,713,60,0.06083157658576965,1.8792102206736334
17,205,713,60,0.057387836277484894,1.6754799480767897
17,206,713,60,0.05676770582795143,1.4990776798524277
17,207,713,60,0.05988440662622452,1.3500034160005456
17,208,713,60,0.0597858652472496,1.2282571565211438
17,209,713,60,0.05530101805925369,1.1338389014142223
17,210,713,60,0.05638878419995308,1.0667486506797823
17,211,713,60,0.061731062829494476,1.0286260845801725
17,212,713,60,0.056954849511384964,1.0451595272255245
17,213,713,60,0.05803678184747696,1.116348978615837
17,214,713,62,0.05908484384417534,1.259684361549498
17,215,713,62,0.059495583176612854,1.070847851335656
17,216,713,62,0.0620354600250721,0.9366673498667747
17,217,713,62,0.05750446021556854,0.8571428571428564
17,218,713,63,0.05642034858465195,0.8820113411218157
17,219,713,63,0.056343384087085724,0.7962697274031569
17,220,713,63,0.05520633980631828,0.7925121268019388
17,221,713,63,0.05601062998175621,0.870738539318164
17,222,713,64,0.05389653891324997,0.616109858577578
17,223,713,64,0.05495094507932663,0.5498394479743131
17,224,713,64,0.05389721691608429,0.5655530504884887
17,225,713,64,0.0548827201128006,0.6624308259889327
17,226,713,64,0.053411900997161865,0.7998906879825101
17,227,713,64,0.051340650767087936,0.964678554348569
17,228,713,64,0.05236602574586868,1.1551547448247594
17,229,713,64,0.053972892463207245,1.34563093530095
17,230,713,64,0.05351627618074417,1.5361071257771404
17,231,713,64,0.05451006442308426,1.7265833162533308
17,232,713,66,0.0563177764415741,0.6583316253330602
17,233,713,66,0.059543903917074203,0.7287012365921977
17,234,713,66,0.057551030069589615,0.8537268565962981
17,235,713,66,0.05308566987514496,0.9357108697137401
17,236,713,66,0.05397438630461693,1.0450228872036622
17,237,713,66,0.05385266989469528,1.181662909066066
17,238,713,66,0.054216478019952774,1.34563093530095
17,239,713,66,0.05280328541994095,1.488488078158093
17,240,713,66,0.05406084656715393,1.6313452210152357
17,241,713,66,0.05673999711871147,1.7742023638723785
17,242,713,66,0.056593213230371475,1.9170595067295213
17,243,713,66,0.056600913405418396,2.0122976019676164
17,244,713,66,0.056511156260967255,2.1075356972057118
17,245,713,66,0.05636448413133621,2.202773792443807
17,246,713,66,0.05782506614923477,2.2980118876819025
17,247,713,66,0.05717426910996437,2.393249982919998
17,248,713,66,0.05757792666554451,2.4884880781580927
17,249,713,66,0.05780784785747528,2.583726173396188
17,250,713,71,0.055788006633520126,2.0986540957846564
17,251,713,66,0.05633006989955902,3.0122976019676164
17,252,713,66,0.057532899081707,3.1075356972057118
17,253,713,71,0.056757573038339615,1.8654778984764644
17,254,713,71,0.05750931054353714,1.6820386691261866
17,255,713,71,0.05834534764289856,1.5259274441483919
17,256,713,71,0.058121658861637115,1.397144223543076
17,257,713,71,0.05597258359193802,1.2956890073102416
17,258,713,71,0.0577394925057888,1.2215617954498874
17,259,713,71,0.05606955662369728,1.1747625879620134
17,260,713,71,0.053541265428066254,1.1552913848466224
17,261,713,71,0.05567813292145729,1.1631481861037103
17,262,713,71,0.05714137479662895,1.1983329917332783
17,263,713,71,0.05704436078667641,1.2608458017353292
17,264,713,71,0.06208549439907074,1.350686616109859
17,265,713,71,0.05951983854174614,1.467855434856869
17,266,713,71,0.05963843688368797,1.612352257976362
17,267,713,71,0.06112029775977135,1.7841770854683336
17,268,713,71,0.05771690979599953,1.96761631481861
17,269,713,71,0.0543462373316288,2.1667691466830634
17,270,713,71,0.06003491207957268,2.393249982919997
17,271,713,71,0.06063913553953171,2.393249982919997
17,272,713,71,0.05418464168906212,2.631345221015235
17,273,713,71,0.056670937687158585,2.869440459110473
17,274,713,71,0.05907415598630905,2.869440459110473
17,275,713,71,0.06117219105362892,2.869440459110473
17,276,713,71,0.06052231416106224,2.869440459110473
17,277,713,71,0.058471303433179855,2.869440459110473
17,278,713,71,0.06112516671419144,2.869440459110473
17,279,713,71,0.05810903012752533,2.869440459110473
17,280,713,71,0.05817369744181633,2.869440459110473
17,281,713,71,0.05974094942212105,2.869440459110473
17,282,713,71,0.05998051166534424,2.869440459110473
17,283,713,71,0.05957196652889252,2.869440459110473
17,284,713,71,0.05843779444694519,2.869440459110473
17,285,713,71,0.05708637461066246,2.869440459110473
17,286,713,71,0.058407947421073914,2.869440459110473
17,287,713,71,0.058641158044338226,2.869440459110473
17,288,713,71,0.06072471663355827,2.869440459110473
17,289,713,71,0.061243459582328796,2.869440459110473
17,290,713,71,0.061796918511390686,2.869440459110473
17,291,713,71,0.05928688868880272,2.869440459110473
17,292,713,71,0.06441066414117813,2.869440459110473
17,293,713,71,0.061790831387043,2.869440459110473
17,294,713,71,0.06013708934187889,2.869440459110473
17,295,713,73,0.056698862463235855,1.5336476053836174
17,296,713,73,0.058976031839847565,1.4657375145180023
17,297,713,73,0.057662706822156906,1.4251554280248688
17,298,713,73,0.056943271309137344,1.4119013459042156
17,299,713,73,0.058892615139484406,1.4259752681560425
17,300,713,73,0.05932515487074852,1.4673771947803511
17,301,713,73,0.05984989181160927,1.5361071257771397
17,302,713,88,0.06275879591703415,12.65436906469905
17,303,713,88,0.06237009912729263,11.872173259547722
17,304,713,88,0.05982200801372528,11.117305458768874
17,305,713,88,0.06232922151684761,10.389765662362507
17,306,713,88,0.05959085747599602,9.689553870328618
17,307,713,88,0.06129222363233566,9.016670082667213
17,308,713,91,0.061904653906822205,10.654369064699052
17,309,713,126,0.0668579712510109,43.035321445651434
17,310,713,126,0.06890556961297989,40.44360183097629
17,311,713,126,0.06660539656877518,37.879210220673635
17,312,713,126,0.0653512254357338,35.34214661474346
17,313,713,126,0.06180822104215622,32.83241101318576
17,314,713,126,0.06383278965950012,30.350003416000547
17,315,713,126,0.06472666561603546,27.894923823187817
17,316,713,126,0.06604169309139252,25.562410329985656
17,317,713,126,0.05959586799144745,23.257224841155974
17,318,713,126,0.06170255318284035,20.979367356698774
17,319,713,126,0.06471344083547592,18.728837876614058
17,320,713,126,0.06512334942817688,16.505636400901825
17,321,713,126,0.06455153971910477,14.30976292956207
17,322,713,126,0.060195062309503555,12.141217462594794
17,323,713,126,0.06241915747523308,10.714285714285714
17,324,713,126,0.06016981974244118,9.314681970349115
17,325,713,126,0.05917181074619293,7.9424062307849965
17,326,713,126,0.06217878311872482,6.597458495593359
17,327,713,126,0.06340637803077698,5.279838764774202
17,328,713,126,0.06333702802658081,3.989547038327526
17,329,713,126,0.06130680814385414,2.869440459110473
17,330,713,126,0.06105425953865051,2.869440459110473
17,331,713,126,0.06325110793113708,2.869440459110473
17,332,713,126,0.06362168490886688,2.869440459110473
17,333,713,126,0.0626114010810852,2.869440459110473
17,334,713,126,0.06420841068029404,2.869440459110473
17,335,713,126,0.05986855551600456,2.869440459110473
17,336,713,126,0.06359003484249115,2.869440459110473
17,337,713,126,0.06088141351938248,2.869440459110473
17,338,713,126,0.05882973223924637,2.869440459110473
17,339,713,126,0.05921091139316559,2.869440459110473
17,340,713,126,0.061810024082660675,2.869440459110473
17,341,713,126,0.06172218546271324,2.869440459110473
17,342,713,126,0.06089033931493759,2.869440459110473
17,343,713,126,0.06236150488257408,2.869440459110473
17,344,713,126,0.06163007393479347,2.869440459110473
17,345,713,126,0.06572108715772629,2.869440459110473
17,346,713,126,0.061943795531988144,2.869440459110473
17,347,713,126,0.06020813435316086,2.869440459110473
17,348,713,126,0.05923040583729744,2.869440459110473
17,349,713,126,0.06286101043224335,2.869440459110473
17,350,713,126,0.06347287446260452,2.869440459110473
17,351,713,126,0.0657460168004036,2.869440459110473
17,352,713,126,0.06486350297927856,2.869440459110473
17,353,713,126,0.06599994003772736,2.869440459110473
17,354,713,126,0.0680650919675827,2.869440459110473
17,355,713,126,0.06688438355922699,2.869440459110473
17,356,713,126,0.06505944579839706,2.869440459110473
17,357,713,106,0.06728404015302658,21.917059506729522
17,358,713,106,0.06616050004959106,20.96467855434857
17,359,713,106,0.06661525368690491,20.012297601967617
17,360,713,106,0.06996812671422958,19.059916649586665
17,361,713,106,0.06786704063415527,18.107535697205712
17,362,713,106,0.06630387157201767,17.15515474482476
17,363,713,106,0.06716520339250565,16.202773792443807
17,364,713,106,0.06643913686275482,15.250392840062855
17,365,713,106,0.06999261677265167,14.298011887681902
17,366,713,106,0.06725605577230453,13.34563093530095
17,367,713,106,0.06688693910837173,12.393249982919997
17,368,713,106,0.06503953784704208,11.440869030539043
17,369,713,106,0.06713300943374634,10.48848807815809
17,370,713,121,0.06659647822380066,11.334973013595683
17,371,713,121,0.06539439409971237,10.741613718658195
17,372,713,121,0.06541980803012848,10.148254423720706
17,373,713,121,0.06647089868783951,9.55489512878322
17,374,713,121,0.06442635506391525,8.961535833845732
17,375,713,121,0.0660465806722641,8.368176538908246
17,376,713,121,0.06431536376476288,7.774817243970757
17,377,713,121,0.06585434079170227,7.181457949033271
17,378,713,121,0.06922600418329239,6.685796269727403
17,379,713,121,0.06408751755952835,6.217462594794013
17,380,713,121,0.0643518790602684,5.776456924233108
17,381,713,121,0.06609439849853516,5.362779258044681
17,382,713,121,0.07142762839794159,4.976429596228735
17,383,713,121,0.06762446463108063,4.61740793878527
17,384,713,121,0.06277387589216232,4.285714285714286
17,385,713,121,0.06555444002151489,3.981348637015781
17,386,713,121,0.06601374596357346,3.7043109926897584
17,387,713,121,0.0721450075507164,3.4546013527362156
17,388,713,121,0.06921812146902084,3.2322197171551545
17,389,713,121,0.06541785597801208,3.037166085946574
17,390,713,121,0.06694614142179489,2.869440459110473
17,391,713,121,0.06818059086799622,2.869440459110473
17,392,713,121,0.0701298862695694,2.869440459110473
17,393,713,121,0.06860095262527466,2.869440459110473
17,394,713,121,0.06440482288599014,2.869440459110473
17,395,713,121,0.07337033003568649,2.869440459110473
17,396,713,121,0.07108128815889359,2.869440459110473
17,397,713,121,0.07195375114679337,2.869440459110473
17,398,713,121,0.07160690426826477,2.869440459110473
17,399,713,126,0.07340193539857864,2.0215891234542602
17,400,713,126,0.07060989737510681,1.8108218897315025
17,401,713,126,0.06941664963960648,1.6273826603812263
17,402,713,126,0.07022108137607574,1.47127143540343
17,403,713,126,0.07400429248809814,1.342488214798114
17,404,713,126,0.07180410623550415,1.2410329985652797
17,405,713,126,0.07087044417858124,1.1669057867049257
17,406,713,126,0.07411418110132217,1.120106579217053
17,407,713,126,0.07327653467655182,1.1006353761016607
17,408,713,126,0.07326047122478485,1.1084921773587486
17,409,713,126,0.07504408061504364,1.143676982988318
17,410,713,126,0.07566819339990616,1.2061897929903675
17,411,713,126,0.07704035192728043,1.2960306073648973
17,412,713,126,0.07628006488084793,1.4131994261119085
17,413,713,126,0.07447264343500137,1.5576962492314002
17,414,713,126,0.07981304824352264,1.729521076723372
17,415,713,125,0.07747498899698257,2.869440459110473
17,416,713,125,0.07832859456539154,3.0599166495866634
17,417,713,125,0.076462022960186,3.250392840062854
17,418,713,125,0.07440569251775742,3.4408690305390444
17,419,713,125,0.07773330807685852,3.631345221015235
17,420,713,125,0.08205476403236389,3.5837261733961876
17,421,713,125,0.0789380744099617,3.5361071257771397
17,422,713,125,0.07835407555103302,3.4884880781580923
17,423,713,125,0.07945767045021057,3.4408690305390444
17,424,713,125,0.08078829199075699,3.393249982919997
17,425,713,125,0.07762143015861511,3.3456309353009495
17,426,713,125,0.07961484044790268,3.2980118876819016
17,427,713,125,0.07944159209728241,3.250392840062854
17,428,713,125,0.07936976850032806,3.2027737924438062
17,429,713,126,0.08148875087499619,2.324520051923208
17,430,713,126,0.07968582957983017,2.256609961057593
17,431,713,126,0.07947258651256561,2.2160278745644595
17,432,713,126,0.08049043267965317,2.2027737924438062
17,433,713,126,0.08086582273244858,2.2027737924438062
17,434,713,126,0.08269963413476944,2.2027737924438062
17,435,713,126,0.08147520571947098,2.2027737924438062
17,436,713,126,0.08193594962358475,2.250392840062854
17,437,713,126,0.08352284133434296,2.2980118876819016
17,438,713,126,0.08084795624017715,2.3456309353009495
17,439,713,126,0.08046475052833557,2.393249982919997
17,440,713,126,0.08060406148433685,2.4408690305390444
17,441,713,126,0.08381401002407074,2.4884880781580923
17,442,713,126,0.08490245789289474,2.5361071257771397
17,443,713,126,0.08231178671121597,2.5837261733961876
17,444,713,126,0.08301728963851929,2.631345221015235
17,445,713,126,0.08173049241304398,2.6789642686342825
17,446,713,126,0.08694155514240265,2.7265833162533304
17,447,713,126,0.08794224262237549,2.774202363872378
17,448,713,126,0.08666382730007172,2.8218214114914253
17,449,713,126,0.08460422605276108,2.869440459110473
17,450,713,126,0.08338023722171783,2.869440459110473
17,451,713,126,0.08872608095407486,2.869440459110473
17,452,713,126,0.09096553176641464,2.869440459110473
17,453,713,126,0.08991435915231705,2.869440459110473
17,454,713,126,0.09815812110900879,2.869440459110473
17,455,713,126,0.08580270409584045,2.869440459110473
17,456,713,126,0.09306507557630539,2.869440459110473
17,457,713,126,0.0995422974228859,2.869440459110473
17,458,713,126,0.0974438488483429,2.869440459110473
17,459,713,126,0.0905420258641243,2.869440459110473
17,460,713,130,0.08396457880735397,1.525449204071872
17,461,713,130,0.08685513585805893,1.3623010179681616
17,462,713,130,0.08786272257566452,1.2264808362369315
17,463,713,130,0.09076112508773804,1.1179886588781844
17,464,713,132,0.09454254806041718,2.08294049327048
17,465,713,132,0.10071403533220291,1.8245542119286744
17,466,713,134,0.09318453073501587,3.4162738266038124
17,467,713,134,0.10316269844770432,3.062649450023912
17,468,713,134,0.10620929300785065,2.7363530778164913
17,469,713,134,0.10704389959573746,2.4373847099815538
17,470,713,134,0.10415823757648468,2.165744346519096
17,471,713,134,0.11074142903089523,1.9222518275602927
17,472,713,136,0.10888174921274185,3.0353214456514315
17,473,713,136,0.10751225054264069,2.5872788139646095
17,474,713,136,0.10367903113365173,2.1938921910227474
17,475,713,138,0.10013482719659805,3.5115119218419077
17,476,713,138,0.09802183508872986,2.9674113547858165
17,477,713,138,0.09808091819286346,2.4506387921022057
17,478,713,138,0.09374991804361343,1.9611942337910775
17,479,713,138,0.09696362167596817,1.4998975199836033
17,480,713,138,0.0983971357345581,1.0948964951834395
17,481,713,138,0.09809105098247528,0.9623556739769096
17,482,713,138,0.10377378016710281,0.9109790257566466
17,483,713,138,0.10227645933628082,0.914258386281344
17,484,713,138,0.09923098981380463,0.9721937555510018
17,485,713,138,0.09863055497407913,1.1800232288037154
17,486,713,138,0.10236635059118271,1.4408690305390446
17,487,713,138,0.10069398581981659,1.631345221015235
17,488,713,138,0.09887672960758209,1.8218214114914255
17,489,713,138,0.09713710844516754,2.012297601967616
17,490,713,138,0.09637002646923065,2.2027737924438062
17,491,713,138,0.10003519803285599,2.393249982919997
17,492,713,138,0.09695412963628769,2.5837261733961876
17,493,713,138,0.09108853340148926,2.6789642686342825
17,494,713,138,0.09258132427930832,2.774202363872378
17,495,713,138,0.09050469845533371,2.869440459110473
17,496,713,138,0.0927596166729927,2.869440459110473
17,497,713,138,0.0915767028927803,2.869440459110473
17,498,713,138,0.09206922352313995,2.869440459110473
17,499,713,138,0.09327977150678635,2.869440459110473
17,500,713,138,0.09480641037225723,2.869440459110473
17,501,713,138,0.09224329888820648,2.869440459110473
17,502,713,138,0.09250464290380478,2.869440459110473
17,503,713,139,0.0988646149635315,2.0388057662089225
17,504,713,139,0.1005096435546875,2.018514722962355
17,505,713,139,0.09652823209762573,2.025551684088268
17,506,713,138,0.09541992843151093,3.012297601967616
17,507,713,138,0.0966336727142334,3.012297601967616
17,508,713,138,0.08860444277524948,3.012297601967616
17,509,713,139,0.09274854511022568,2.1816629090660653
17,510,713,139,0.09074816107749939,2.161371865819498
17,511,713,139,0.09017385542392731,2.1684088269454107
17,512,713,139,0.08717009425163269,2.2027737924438062
17,513,713,139,0.08859951049089432,2.250392840062854
17,514,713,139,0.08848502486944199,2.2980118876819016
17,515,713,139,0.08900918066501617,2.3456309353009495
17,516,713,139,0.08696962147951126,2.393249982919997
17,517,713,139,0.08564139157533646,2.4408690305390444
17,518,713,139,0.08889918774366379,2.4884880781580923
17,519,713,139,0.08601883798837662,2.5361071257771397
17,520,713,139,0.08588115125894547,2.5837261733961876
17,521,713,139,0.08804479241371155,2.631345221015235
17,522,713,139,0.09330780804157257,2.6789642686342825
17,523,713,139,0.08237021416425705,2.7265833162533304
17,524,713,139,0.08498311042785645,2.7265833162533304
17,525,713,139,0.08459965139627457,2.7265833162533304
17,526,713,139,0.0917074978351593,2.7265833162533304
17,527,713,139,0.08552613854408264,2.774202363872378
17,528,713,139,0.08592236787080765,2.8218214114914253
17,529,713,139,0.08474373817443848,2.869440459110473
17,530,713,139,0.08175807446241379,2.869440459110473
17,531,713,139,0.08528538048267365,2.869440459110473
17,532,713,139,0.08402720093727112,2.869440459110473
17,533,713,143,0.08577413856983185,1.525449204071874
17,534,713,145,0.08164872974157333,2.6543690646990505
17,535,713,145,0.08391523361206055,2.3959827833572453
17,536,713,145,0.08768299221992493,2.16492450638792
17,537,713,145,0.08991571515798569,1.9611942337910775
17,538,713,148,0.08662912249565125,4.368654778984765
17,539,713,148,0.0850626528263092,3.9674113547858165
17,540,713,148,0.08653517067432404,3.5934959349593485
17,541,713,148,0.08340752124786377,3.246908519505363
17,542,713,148,0.08431554585695267,2.927649108423858
17,543,713,148,0.08741649985313416,2.6357177017148334
17,544,713,148,0.08669546991586685,2.3711142993782888
17,545,713,148,0.08555758744478226,2.1487326637972264
17,546,713,148,0.08530521392822266,1.9810070369611243
17,547,713,148,0.08474031090736389,1.8679374188699853
17,548,713,151,0.0852164477109909,2.9400833504133366
17,549,713,151,0.08505537360906601,2.4108765457402472
17,550,713,151,0.08768168836832047,1.9363257498121182
17,551,713,151,0.08921997249126434,1.5164309626289527
17,552,713,151,0.08815349638462067,1.15119218419075
17,553,713,151,0.08689985424280167,0.8406094144975078
17,554,713,151,0.08643927425146103,0.7751588440254166
17,555,713,151,0.08306430280208588,0.8596023775363809
17,556,713,151,0.0877319797873497,0.9987019197923056
17,557,713,151,0.0850304365158081,1.1924574707931934
17,558,713,151,0.08784523606300354,1.4408690305390446
17,559,713,151,0.08377593755722046,1.5837261733961874
17,560,713,151,0.08517730236053467,1.7265833162533302
17,561,713,151,0.08538175374269485,1.8694404591104732
17,562,713,151,0.08808235079050064,2.012297601967616
17,563,713,151,0.08298531174659729,2.1551547448247588
17,564,713,151,0.09010664373636246,2.2980118876819016
17,565,713,151,0.08678089827299118,2.4408690305390444
17,566,713,151,0.09030555933713913,2.5837261733961876
17,567,713,151,0.08468721807003021,2.7265833162533304
17,568,713,151,0.09549389779567719,2.869440459110473
17,569,713,151,0.08647140115499496,2.869440459110473
17,570,713,151,0.08936629444360733,2.869440459110473
17,571,713,151,0.08379838615655899,2.869440459110473
17,572,713,151,0.09714444726705551,2.869440459110473
17,573,713,151,0.0856788158416748,2.869440459110473
17,574,713,151,0.08851552754640579,2.869440459110473
17,575,713,153,0.0849200040102005,1.533647605383616
17,576,713,153,0.08917408436536789,1.465737514518001
17,577,713,153,0.0902123972773552,1.4251554280248662
17,578,713,153,0.0881560668349266,1.4119013459042142
17,579,713,153,0.09131231158971786,1.4259752681560425
17,580,713,153,0.09134387969970703,1.4673771947803511
17,581,713,153,0.09512271732091904,1.5361071257771397
17,582,713,153,0.08680974692106247,1.631345221015235
17,583,713,153,0.09122908860445023,1.7265833162533302
17,584,713,158,0.09321026504039764,2.9400833504133366
17,585,713,158,0.09240123629570007,2.6340780214524835
17,586,713,158,0.09850189089775085,2.3554006968641104
17,587,713,158,0.08960732817649841,2.1040513766482203
17,588,713,158,0.0974537804722786,1.8800300608048106
17,589,713,158,0.09309068322181702,1.6833367493338809
17,590,713,158,0.0893268957734108,1.5139714422354316
17,591,713,158,0.08992324769496918,1.3719341395094624
17,592,713,158,0.0916156992316246,1.2572248411559734
17,593,713,158,0.09173274040222168,1.185557149689143
17,594,713,158,0.08833964169025421,1.168545466967273
17,595,713,158,0.08711258322000504,1.2061897929903662
17,596,713,158,0.08960874378681183,1.296030607364896
17,597,713,158,0.0877850130200386,1.4131994261119059
17,598,713,158,0.08700128644704819,1.5576962492313988
17,599,713,158,0.08807108551263809,1.729521076723372
17,600,713,158,0.0860740914940834,1.9286739085878253
17,601,713,162,0.08599898219108582,1.8248958119833323
17,602,713,164,0.09142114222049713,3.130559540889527
17,603,713,164,0.09086316078901291,2.6340780214524835
17,604,713,164,0.0881781280040741,2.16492450638792
17,605,713,164,0.08574286848306656,1.9611942337910775
17,606,713,164,0.0876818522810936,1.7847919655667153
17,607,713,164,0.09159111976623535,1.6357177017148334
17,608,713,164,0.08705967664718628,1.5147912823666052
17,609,713,164,0.08250173926353455,1.447701031632164
17,610,713,164,0.08952166885137558,1.4079387852702054
17,611,713,164,0.09481491148471832,1.3955045432807271
17,612,713,164,0.08487740159034729,1.4103983056637293
17,613,713,164,0.08633389323949814,1.4526200724192113
17,614,713,164,0.09171737730503082,1.5221698435471738
17,615,713,164,0.08857361227273941,1.619047619047619
17,616,713,164,0.08819851279258728,1.7432533989205445
17,617,713,164,0.08495066314935684,1.8947871831659502
17,618,713,164,0.09080509096384048,2.073648971783836
17,619,713,164,0.08882810175418854,2.2798387647742024
17,620,713,164,0.0849793404340744,2.513356562137049
17,621,713,164,0.08730174601078033,2.774202363872378
17,622,713,164,0.08698419481515884,2.869440459110473
17,623,713,164,0.08797217905521393,2.869440459110473
17,624,713,164,0.0862206444144249,2.869440459110473
17,625,713,164,0.09299078583717346,2.869440459110473
17,626,713,164,0.08796203136444092,2.869440459110473
17,627,713,167,0.08767995238304138,1.3664002186240347
17,628,713,167,0.08679480850696564,1.250871080139372
17,629,713,167,0.10006289929151535,1.1626699460271896
17,630,713,167,0.09147080034017563,1.10179681628749
17,631,713,167,0.08820106089115143,1.0682516909202708
17,632,713,167,0.08921635895967484,1.0620345699255316
17,633,713,167,0.09492490440607071,1.0831454533032727
17,634,713,172,0.09208184480667114,3.749607159937146
17,635,713,175,0.09107258915901184,6.225797636127622
17,636,713,175,0.09532206505537033,5.729316116690579
17,637,713,175,0.10612960159778595,5.260162601626015
17,638,713,175,0.09947370737791061,4.818337090933935
17,639,713,175,0.0916648805141449,4.403839584614334
17,640,713,186,0.09738326072692871,14.08294049327048
17,641,713,186,0.10921813547611237,13.062649450023915
17,642,713,186,0.10138820111751556,12.069686411149824
17,643,713,186,0.10397840291261673,11.10405137664822
17,644,713,186,0.0988258421421051,10.165744346519096
17,645,713,186,0.10774663090705872,9.254765320762452
17,646,713,186,0.10037533193826675,8.371114299378288
17,647,713,186,0.1002238467335701,7.514791282366605
17,648,713,186,0.10166630148887634,6.828653412584545
17,649,713,186,0.10675367712974548,6.169843547174968
17,650,713,186,0.1025620698928833,5.53836168613787
17,651,713,186,0.10275566577911377,4.934207829473253
17,652,713,186,0.09643599390983582,4.357381977181116
17,653,713,186,0.10800278931856155,3.8078841292614594
17,654,713,186,0.10378094762563705,3.2857142857142856
17,655,713,186,0.1022741049528122,3.0289676846348303
17,656,713,186,0.10102634876966476,2.942406230784998
17,657,713,186,0.11361103504896164,2.8831727813076458
17,658,713,186,0.09971590340137482,2.8512673362027736
17,659,713,186,0.10170406848192215,2.846689895470382
17,660,713,186,0.09570319950580597,2.869440459110473
17,661,713,186,0.10691437125205994,2.869440459110473
17,662,713,186,0.099844790995121,2.869440459110473
17,663,713,186,0.09710744023323059,2.869440459110473
17,664,713,186,0.09080681949853897,2.869440459110473
17,665,713,186,0.09344971925020218,2.869440459110473
17,666,713,186,0.09256908297538757,2.869440459110473
17,667,713,186,0.0926196277141571,2.869440459110473
17,668,713,186,0.09178297966718674,2.869440459110473
17,669,713,186,0.09112315624952316,2.869440459110473
17,670,713,186,0.09329669922590256,2.869440459110473
17,671,713,186,0.09337188303470612,2.869440459110473
17,672,713,186,0.09661858528852463,2.869440459110473
17,673,713,186,0.09477417916059494,2.869440459110473
17,674,713,186,0.0936969742178917,2.869440459110473
17,675,713,189,0.09563345462083817,1.3664002186240347
17,676,713,189,0.09764686971902847,1.250871080139372
17,677,713,189,0.0986737385392189,1.1626699460271896
17,678,713,189,0.09798212349414825,1.10179681628749
17,679,713,189,0.0991121456027031,1.0682516909202708
17,680,713,189,0.10964642465114594,1.0620345699255316
17,681,713,189,0.106503926217556,1.0831454533032727
17,682,713,189,0.1112353578209877,1.131584341053494
17,683,713,189,0.11384690552949905,1.2073512331761955
17,684,713,189,0.11724569648504257,1.3104461296713799
17,685,713,189,0.11956770718097687,1.4408690305390446
17,686,713,189,0.11849904805421829,1.5837261733961874
17,687,713,190,0.11701662838459015,0.9216369474619125
17,688,713,191,0.12633462250232697,0.6964541914326678
17,689,713,191,0.1261185109615326,0.6778028284484505
17,690,713,191,0.12689900398254395,0.7138074742091935
17,691,713,191,0.13406632840633392,0.818542050966728
17,692,713,191,0.13796240091323853,0.9911867185898748
17,693,713,191,0.14201244711875916,1.2027737924438064
17,694,713,194,0.14276528358459473,1.475029036004644
17,695,713,194,0.14576247334480286,1.191774270683882
17,696,713,196,0.14745625853538513,2.7019881123180984
17,697,713,196,0.14252245426177979,2.3959827833572453
17,698,713,196,0.1426563858985901,2.117305458768872
17,699,713,196,0.1417219340801239,1.8659561385529824
17,700,713,196,0.143230140209198,1.6419348227095725
17,701,713,196,0.1471368968486786,1.4460613513698166
17,702,713,196,0.142840176820755,1.304843888775021
17,703,713,196,0.14382031559944153,1.217462594794015
17,704,713,196,0.14180897176265717,1.1574093051854892
17,705,713,196,0.1400022655725479,1.1246840199494434
17,706,713,196,0.14411494135856628,1.1350003416000536
17,707,713,196,0.14249826967716217,1.1999726719956243
17,708,713,196,0.1446695327758789,1.3672200587552084
17,709,713,196,0.14305301010608673,1.5390448862471815
17,710,713,196,0.14334340393543243,1.7381977181116348
17,711,713,196,0.147027850151062,1.9646785543485683
17,712,713,196,0.14724896848201752,2.2027737924438062
