scene,video,frame,video_length,phase,unconditional,legacy_hard,top3_weighted
R01,01,8,230,0,0.10818441212177277,0.17735344171524048,0.17866012454032898
R01,01,9,230,6,0.10949532687664032,0.17860956490039825,0.18004973232746124
R01,01,10,230,6,0.11079621315002441,0.1802443563938141,0.18112817406654358
R01,01,11,230,6,0.11091532558202744,0.1805494874715805,0.1809873729944229
R01,01,12,230,12,0.11331874132156372,0.18051624298095703,0.1835486888885498
R01,01,13,230,12,0.11260093003511429,0.18234510719776154,0.18526344001293182
R01,01,14,230,12,0.11059484630823135,0.1764204502105713,0.1793365627527237
R01,01,15,230,12,0.11008161306381226,0.17501410841941833,0.18444839119911194
R01,01,16,230,12,0.1081177294254303,0.1721150130033493,0.18237537145614624
R01,01,17,230,13,0.10804973542690277,0.16856013238430023,0.17993611097335815
R01,01,18,230,13,0.10563641041517258,0.169343039393425,0.17809224128723145
R01,01,19,230,18,0.10641976445913315,0.17219187319278717,0.17984893918037415
R01,01,20,230,18,0.10669434815645218,0.1728842705488205,0.18031924962997437
R01,01,21,230,18,0.10773644596338272,0.17621669173240662,0.18277764320373535
R01,01,22,230,18,0.10898802429437637,0.17301218211650848,0.17964473366737366
R01,01,23,230,18,0.10828056186437607,0.17443248629570007,0.17976292967796326
R01,01,24,230,18,0.10773464292287827,0.1763066202402115,0.18013691902160645
R01,01,25,230,20,0.10953034460544586,0.17284637689590454,0.1819082498550415
R01,01,26,230,20,0.10881245136260986,0.1707538515329361,0.1762097328901291
R01,01,27,230,20,0.10916613787412643,0.17344242334365845,0.1789257526397705
R01,01,28,230,20,0.10804657638072968,0.1698678880929947,0.1753687560558319
R01,01,29,230,20,0.1086503267288208,0.17242585122585297,0.17800062894821167
R01,01,30,230,24,0.10763020068407059,0.17052973806858063,0.17569386959075928
R01,01,31,230,24,0.11049909144639969,0.17312537133693695,0.1782013177871704
R01,01,32,230,24,0.1095615103840828,0.17364847660064697,0.1782265603542328
R01,01,33,230,27,0.10868510603904724,0.17477640509605408,0.17849907279014587
R01,01,34,230,27,0.10900834202766418,0.17360512912273407,0.17708618938922882
R01,01,35,230,36,0.11253240704536438,0.17719392478466034,0.18226267397403717
R01,01,36,230,36,0.11022153496742249,0.1789606213569641,0.18509149551391602
R01,01,37,230,36,0.11029290407896042,0.1797466278076172,0.18521648645401
R01,01,38,230,36,0.1118459478020668,0.17695385217666626,0.18240539729595184
R01,01,39,230,36,0.10949737578630447,0.17456260323524475,0.17981690168380737
R01,01,40,230,36,0.11060529947280884,0.1784123033285141,0.18158188462257385
R01,01,41,230,36,0.1109226644039154,0.18260817229747772,0.18362270295619965
R01,01,42,230,36,0.10768559575080872,0.17686417698860168,0.17762133479118347
R01,01,43,230,36,0.10924466699361801,0.18226009607315063,0.18040208518505096
R01,01,44,230,36,0.10876090824604034,0.18081660568714142,0.1778535544872284
R01,01,45,230,48,0.10982899367809296,0.1764288991689682,0.18411147594451904
R01,01,46,230,48,0.1094500944018364,0.170659601688385,0.17699629068374634
R01,01,47,230,48,0.10748834162950516,0.16842611134052277,0.17405757308006287
R01,01,48,230,56,0.10718297213315964,0.17063790559768677,0.17533469200134277
R01,01,49,230,56,0.10839371383190155,0.16605226695537567,0.1746564507484436
R01,01,50,230,56,0.10926467925310135,0.1662038117647171,0.17406141757965088
R01,01,51,230,56,0.11031512171030045,0.17159225046634674,0.17935854196548462
R01,01,52,230,56,0.11036980897188187,0.1674789935350418,0.17570917308330536
R01,01,53,230,56,0.11051882058382034,0.16812315583229065,0.17456009984016418
R01,01,54,230,66,0.10714201629161835,0.16950534284114838,0.17500180006027222
R01,01,55,230,66,0.10883543640375137,0.16119533777236938,0.16996531188488007
R01,01,56,230,66,0.10623496025800705,0.15870100259780884,0.16857513785362244
R01,01,57,230,66,0.10651642829179764,0.15785464644432068,0.16907960176467896
R01,01,58,230,66,0.10587001591920853,0.15838216245174408,0.1705290526151657
R01,01,59,230,66,0.10785287618637085,0.16089563071727753,0.17323479056358337
R01,01,60,230,66,0.10828305780887604,0.1612442433834076,0.17259052395820618
R01,01,61,230,68,0.10759848356246948,0.16176432371139526,0.17181870341300964
R01,01,62,230,68,0.1088719293475151,0.16125424206256866,0.17053481936454773
R01,01,63,230,68,0.11112147569656372,0.16506145894527435,0.17248056828975677
R01,01,64,230,72,0.10702401399612427,0.1676790714263916,0.171031653881073
R01,01,65,230,72,0.10894060879945755,0.1674146205186844,0.17246541380882263
R01,01,66,230,72,0.10725487768650055,0.1632932871580124,0.16996391117572784
R01,01,67,230,75,0.10999838262796402,0.165854349732399,0.172530859708786
R01,01,68,230,75,0.11513068526983261,0.1706003099679947,0.1775180995464325
R01,01,69,230,77,0.1080123782157898,0.16471947729587555,0.1712682843208313
R01,01,70,230,78,0.11098899692296982,0.16916273534297943,0.1731746345758438
R01,01,71,230,78,0.11047026515007019,0.17186735570430756,0.17605741322040558
R01,01,72,230,82,0.11016318202018738,0.17204155027866364,0.17627203464508057
R01,01,73,230,82,0.11073470860719681,0.17323032021522522,0.1791507601737976
R01,01,74,230,91,0.10940402001142502,0.1793706864118576,0.17951947450637817
R01,01,75,230,96,0.10969357192516327,0.17556920647621155,0.17826221883296967
R01,01,76,230,96,0.10782305151224136,0.17213264107704163,0.1762453317642212
R01,01,77,230,96,0.10779076814651489,0.16713224351406097,0.18060116469860077
R01,01,78,230,96,0.10816404968500137,0.16409090161323547,0.17839257419109344
R01,01,79,230,103,0.10852997750043869,0.1799849420785904,0.17891620099544525
R01,01,80,230,103,0.10949305444955826,0.17875073850154877,0.17909681797027588
R01,01,81,230,103,0.10847482830286026,0.17366306483745575,0.17660990357398987
R01,01,82,230,103,0.10673445463180542,0.17207929491996765,0.17693671584129333
R01,01,83,230,103,0.1089557632803917,0.17257001996040344,0.17955857515335083
R01,01,84,230,109,0.10897865146398544,0.1717117428779602,0.1799112856388092
R01,01,85,230,109,0.11081080883741379,0.1669948250055313,0.18293382227420807
R01,01,86,230,110,0.1111304834485054,0.18940924108028412,0.18373066186904907
R01,01,87,230,110,0.1078685000538826,0.18758413195610046,0.18245628476142883
R01,01,88,230,110,0.10710158199071884,0.18760627508163452,0.18246279656887054
R01,01,89,230,110,0.10820567607879639,0.18494556844234467,0.1823953241109848
R01,01,90,230,114,0.10907413065433502,0.1847783327102661,0.18300920724868774
R01,01,91,230,114,0.10763827711343765,0.17713627219200134,0.17889349162578583
R01,01,92,230,115,0.11187022179365158,0.18103541433811188,0.18364320695400238
R01,01,93,230,115,0.10857094824314117,0.17407698929309845,0.17980438470840454
R01,01,94,230,118,0.109410360455513,0.1701374053955078,0.17848189175128937
R01,01,95,230,121,0.1092882975935936,0.19476759433746338,0.1855306625366211
R01,01,96,230,121,0.11058738082647324,0.19479171931743622,0.18565937876701355
R01,01,97,230,121,0.1073111817240715,0.19182205200195312,0.18420031666755676
R01,01,98,230,121,0.11209636181592941,0.19322732090950012,0.18730276823043823
R01,01,99,230,121,0.10905098915100098,0.19109603762626648,0.18544188141822815
R01,01,100,230,121,0.10896291583776474,0.19176040589809418,0.18742243945598602
R01,01,101,230,121,0.1108570322394371,0.19186508655548096,0.18867695331573486
R01,01,102,230,121,0.10900308936834335,0.18665029108524323,0.18468265235424042
R01,01,103,230,121,0.11110926419496536,0.18837970495224,0.1880493313074112
R01,01,104,230,121,0.10772962123155594,0.1814013123512268,0.18276888132095337
R01,01,105,230,121,0.11022961139678955,0.1819346696138382,0.18389356136322021
R01,01,106,230,131,0.107607901096344,0.20049220323562622,0.18361350893974304
R01,01,107,230,131,0.1086554229259491,0.2023237943649292,0.18500477075576782
R01,01,108,230,127,0.10846330970525742,0.17917299270629883,0.18208101391792297
R01,01,109,230,127,0.10532332956790924,0.17534826695919037,0.17894874513149261
R01,01,110,230,121,0.11016247421503067,0.1771194487810135,0.18056638538837433
R01,01,111,230,121,0.10518832504749298,0.17195644974708557,0.17588061094284058
R01,01,112,230,131,0.1039968878030777,0.1882878839969635,0.17403660714626312
R01,01,113,230,131,0.10563568025827408,0.18971826136112213,0.17647705972194672
R01,01,114,230,131,0.10530299693346024,0.18539854884147644,0.17288915812969208
R01,01,115,230,131,0.10363256186246872,0.1840042769908905,0.17198747396469116
R01,01,116,230,131,0.1069200411438942,0.19036035239696503,0.17810925841331482
R01,01,117,230,131,0.1067446693778038,0.1884009838104248,0.1761109083890915
R01,01,118,230,131,0.10523828864097595,0.18697333335876465,0.17502954602241516
R01,01,119,230,131,0.10511805862188339,0.18497946858406067,0.17980647087097168
R01,01,120,230,131,0.10605538636445999,0.1876266449689865,0.18355709314346313
R01,01,121,230,131,0.10777369886636734,0.18804699182510376,0.1847248375415802
R01,01,122,230,131,0.10565449297428131,0.18709734082221985,0.18401898443698883
R01,01,123,230,131,0.10520659387111664,0.18514485657215118,0.1826009601354599
R01,01,124,230,131,0.10536256432533264,0.18408487737178802,0.18256422877311707
R01,01,125,230,131,0.10613524168729782,0.18565866351127625,0.185068279504776
R01,01,126,230,131,0.1077069416642189,0.18436327576637268,0.18481361865997314
R01,01,127,230,131,0.10842343419790268,0.18715983629226685,0.18761800229549408
R01,01,128,230,133,0.1086769551038742,0.19078940153121948,0.19147223234176636
R01,01,129,230,133,0.10613773763179779,0.18831481039524078,0.189387708902359
R01,01,130,230,133,0.10795528441667557,0.1858087182044983,0.18764686584472656
R01,01,131,230,133,0.10724236071109772,0.1856921911239624,0.18676552176475525
R01,01,132,230,133,0.10562687367200851,0.17915129661560059,0.18116751313209534
R01,01,133,230,133,0.10605457425117493,0.18214508891105652,0.18335919082164764
R01,01,134,230,133,0.10422798246145248,0.17749305069446564,0.17941388487815857
R01,01,135,230,133,0.10508158057928085,0.17490321397781372,0.17689573764801025
R01,01,136,230,133,0.10563182830810547,0.17944583296775818,0.18074598908424377
R01,01,137,230,133,0.10536078363656998,0.17480581998825073,0.17836415767669678
R01,01,138,230,133,0.1067579984664917,0.17755378782749176,0.18046483397483826
R01,01,139,230,133,0.10548893362283707,0.17233426868915558,0.17716966569423676
R01,01,140,230,133,0.10276100039482117,0.16989611089229584,0.1752632111310959
R01,01,141,230,133,0.10607931762933731,0.17163032293319702,0.1777641326189041
R01,01,142,230,133,0.1075235977768898,0.17617736756801605,0.1817961484193802
R01,01,143,230,133,0.10637575387954712,0.17380712926387787,0.18002142012119293
R01,01,144,230,133,0.10743508487939835,0.17193903028964996,0.1791909635066986
R01,01,145,230,133,0.10875612497329712,0.17184165120124817,0.17932365834712982
R01,01,146,230,133,0.10811597108840942,0.17293861508369446,0.18133267760276794
R01,01,147,230,139,0.10804091393947601,0.17307808995246887,0.1828690767288208
R01,01,148,230,142,0.10744603723287582,0.19511498510837555,0.18863990902900696
R01,01,149,230,142,0.10617659240961075,0.18845273554325104,0.18284723162651062
R01,01,150,230,142,0.10728752613067627,0.18970593810081482,0.18530695140361786
R01,01,151,230,142,0.10544081032276154,0.18831701576709747,0.18431878089904785
R01,01,152,230,142,0.10778865218162537,0.18988673388957977,0.18800227344036102
R01,01,153,230,142,0.10774819552898407,0.18738527595996857,0.18587453663349152
R01,01,154,230,142,0.1067570149898529,0.19071435928344727,0.18923595547676086
R01,01,155,230,142,0.10961504280567169,0.18640553951263428,0.18588264286518097
R01,01,156,230,142,0.11094409227371216,0.18750306963920593,0.18662355840206146
R01,01,157,230,142,0.10841775685548782,0.1890108734369278,0.18766212463378906
R01,01,158,230,142,0.1087549477815628,0.18668746948242188,0.18668825924396515
R01,01,159,230,142,0.11114995181560516,0.18938295543193817,0.18866539001464844
R01,01,160,230,142,0.10939447581768036,0.18813230097293854,0.18708768486976624
R01,01,161,230,142,0.10897839069366455,0.1834651380777359,0.18349099159240723
R01,01,162,230,142,0.11105314642190933,0.18743854761123657,0.18690559267997742
R01,01,163,230,142,0.11205021291971207,0.1863900125026703,0.18591636419296265
R01,01,164,230,142,0.11343324929475784,0.18703968822956085,0.18796662986278534
R01,01,165,230,142,0.10851099342107773,0.1806357353925705,0.18217769265174866
R01,01,166,230,142,0.1088762879371643,0.17784735560417175,0.18007543683052063
R01,01,167,230,142,0.10650358349084854,0.17700563371181488,0.1798434853553772
R01,01,168,230,142,0.10826563090085983,0.17587494850158691,0.17962497472763062
R01,01,169,230,142,0.10661386698484421,0.1699083298444748,0.17491433024406433
R01,01,170,230,142,0.10737664252519608,0.17333675920963287,0.17858009040355682
R01,01,171,230,142,0.10704312473535538,0.17346452176570892,0.1790371835231781
R01,01,172,230,142,0.1043584868311882,0.17017827928066254,0.1763351857662201
R01,01,173,230,145,0.10522493720054626,0.1698618233203888,0.17656457424163818
R01,01,174,230,145,0.10810673236846924,0.17220814526081085,0.17939943075180054
R01,01,175,230,145,0.10592374950647354,0.17229977250099182,0.1792570799589157
R01,01,176,230,145,0.10625728964805603,0.17214301228523254,0.17935800552368164
R01,01,177,230,151,0.10667865723371506,0.18699213862419128,0.18337392807006836
R01,01,178,230,151,0.10896959155797958,0.18884895741939545,0.18565994501113892
R01,01,179,230,151,0.10853134095668793,0.1861172616481781,0.18473057448863983
R01,01,180,230,151,0.10948105901479721,0.1827804446220398,0.18210028111934662
R01,01,181,230,151,0.10774746537208557,0.1827119141817093,0.18227538466453552
R01,01,182,230,151,0.1086135059595108,0.1841808557510376,0.18355342745780945
R01,01,183,230,150,0.10795361548662186,0.1807284951210022,0.181690976023674
R01,01,184,230,150,0.10876511037349701,0.17786970734596252,0.1802167296409607
R01,01,185,230,150,0.11120278388261795,0.17865435779094696,0.18159273266792297
R01,01,186,230,150,0.10748584568500519,0.17482523620128632,0.17823418974876404
R01,01,187,230,162,0.10812778025865555,0.1880827695131302,0.17940442264080048
R01,01,188,230,162,0.11014418303966522,0.19157269597053528,0.1819029450416565
R01,01,189,230,162,0.10483895987272263,0.18343988060951233,0.17441195249557495
R01,01,190,230,162,0.10369815677404404,0.18073424696922302,0.17354807257652283
R01,01,191,230,162,0.10684851557016373,0.18315185606479645,0.17704060673713684
R01,01,192,230,162,0.10385870933532715,0.18130384385585785,0.1806350201368332
R01,01,193,230,162,0.10634797066450119,0.1839560717344284,0.18316206336021423
R01,01,194,230,162,0.10604243725538254,0.1806698739528656,0.18128155171871185
R01,01,195,230,162,0.10546597093343735,0.1781749427318573,0.17797262966632843
R01,01,196,230,173,0.10593422502279282,0.1954386979341507,0.18210583925247192
R01,01,197,230,173,0.10297710448503494,0.18427275121212006,0.17364729940891266
R01,01,198,230,173,0.10647837072610855,0.18921057879924774,0.1789875030517578
R01,01,199,230,173,0.1100650504231453,0.19214016199111938,0.18346013128757477
R01,01,200,230,173,0.10563961416482925,0.18643009662628174,0.17871372401714325
R01,01,201,230,173,0.10576233267784119,0.18452471494674683,0.17724750936031342
R01,01,202,230,173,0.10476593673229218,0.1788245141506195,0.1727534830570221
R01,01,203,230,173,0.10129392147064209,0.17560693621635437,0.16907109320163727
R01,01,204,230,173,0.10699474811553955,0.18111923336982727,0.1750452220439911
R01,01,205,230,173,0.10466179996728897,0.18233199417591095,0.17725735902786255
R01,01,206,230,173,0.10473854094743729,0.17879195511341095,0.1744392067193985
R01,01,207,230,173,0.1052730455994606,0.1760365068912506,0.17414166033267975
R01,01,208,230,173,0.106798455119133,0.17914874851703644,0.1768312156200409
R01,01,209,230,173,0.10460261255502701,0.17601272463798523,0.1753050982952118
R01,01,210,230,173,0.10515347123146057,0.17234082520008087,0.17386400699615479
R01,01,211,230,173,0.1044934093952179,0.17317259311676025,0.17558270692825317
R01,01,212,230,173,0.10490994155406952,0.17407116293907166,0.1754913628101349
R01,01,213,230,173,0.10560167580842972,0.16912740468978882,0.17302608489990234
R01,01,214,230,173,0.10251642018556595,0.16610087454319,0.17090626060962677
R01,01,215,230,173,0.10418788343667984,0.16775856912136078,0.17435839772224426
R01,01,216,230,173,0.10681178420782089,0.16886118054389954,0.17692911624908447
R01,01,217,230,173,0.10535942018032074,0.16895313560962677,0.1750325858592987
R01,01,218,230,173,0.1086658239364624,0.17257048189640045,0.18004919588565826
R01,01,219,230,173,0.1081700474023819,0.17208914458751678,0.18032822012901306
R01,01,220,230,173,0.10670865327119827,0.1732436865568161,0.18147993087768555
R01,01,221,230,173,0.10946603864431381,0.17260083556175232,0.18071553111076355
R01,01,222,230,173,0.11068423092365265,0.1771809309720993,0.18394967913627625
R01,02,8,256,6,0.11156110465526581,0.18700888752937317,0.1887369155883789
R01,02,9,256,6,0.11548076570034027,0.189467653632164,0.19076186418533325
R01,02,10,256,6,0.11265896260738373,0.1873680204153061,0.1872907280921936
R01,02,11,256,6,0.114140585064888,0.18866579234600067,0.1892055869102478
R01,02,12,256,12,0.11527566611766815,0.18764139711856842,0.19076469540596008
R01,02,13,256,12,0.11173288524150848,0.18635119497776031,0.18910515308380127
R01,02,14,256,12,0.11270195990800858,0.18677429854869843,0.19011399149894714
R01,02,15,256,12,0.11696015298366547,0.19039976596832275,0.19333690404891968
R01,02,16,256,13,0.11573836207389832,0.18492469191551208,0.1913595199584961
R01,02,17,256,25,0.11571888625621796,0.19039978086948395,0.19419658184051514
R01,02,18,256,25,0.11239960789680481,0.18551021814346313,0.1904243528842926
R01,02,19,256,25,0.11359933018684387,0.18625138700008392,0.19206871092319489
R01,02,20,256,25,0.1149536669254303,0.18794649839401245,0.19424337148666382
R01,02,21,256,25,0.11518462002277374,0.18491879105567932,0.19169139862060547
R01,02,22,256,25,0.11667606979608536,0.1854284554719925,0.19325126707553864
R01,02,23,256,25,0.11554250866174698,0.185775026679039,0.193304181098938
R01,02,24,256,25,0.11463747173547745,0.1879315823316574,0.19543302059173584
R01,02,25,256,25,0.11492755264043808,0.18424014747142792,0.19176755845546722
R01,02,26,256,25,0.11788355559110641,0.18773187696933746,0.19489499926567078
R01,02,27,256,36,0.12044961005449295,0.20256273448467255,0.19599813222885132
R01,02,28,256,36,0.11522627621889114,0.19611701369285583,0.19243177771568298
R01,02,29,256,36,0.11586564779281616,0.19451403617858887,0.19244956970214844
R01,02,30,256,36,0.12046682089567184,0.19644375145435333,0.19522413611412048
R01,02,31,256,36,0.11800064146518707,0.19285576045513153,0.19394005835056305
R01,02,32,256,36,0.11377877742052078,0.18821467459201813,0.18986400961875916
R01,02,33,256,36,0.11385604739189148,0.19264207780361176,0.19477292895317078
R01,02,34,256,36,0.11122570931911469,0.19069352746009827,0.19340914487838745
R01,02,35,256,36,0.11013855040073395,0.18931306898593903,0.19235943257808685
R01,02,36,256,36,0.11478334665298462,0.1889619082212448,0.19218605756759644
R01,02,37,256,36,0.11379962414503098,0.18912458419799805,0.19285498559474945
R01,02,38,256,36,0.11443649232387543,0.18934550881385803,0.19418472051620483
R01,02,39,256,36,0.11745813488960266,0.19054214656352997,0.1947019398212433
R01,02,40,256,36,0.11750251799821854,0.19152279198169708,0.19580769538879395
R01,02,41,256,36,0.11728225648403168,0.19033342599868774,0.1958836317062378
R01,02,42,256,36,0.11620012670755386,0.19288486242294312,0.1979164183139801
R01,02,43,256,36,0.118391253054142,0.19421902298927307,0.1980985850095749
R01,02,44,256,36,0.11537446081638336,0.19084735214710236,0.19419288635253906
R01,02,45,256,36,0.11510500311851501,0.18896131217479706,0.19272392988204956
R01,02,46,256,36,0.11709771305322647,0.18698017299175262,0.19084462523460388
R01,02,47,256,36,0.11723116040229797,0.18924416601657867,0.193913534283638
R01,02,48,256,36,0.11540151387453079,0.19037272036075592,0.1945030689239502
R01,02,49,256,36,0.11649537086486816,0.19134946167469025,0.19476905465126038
R01,02,50,256,36,0.11380346119403839,0.19058851897716522,0.19395408034324646
R01,02,51,256,36,0.11800071597099304,0.1962679624557495,0.19881689548492432
R01,02,52,256,36,0.11470185220241547,0.193660169839859,0.1956978589296341
R01,02,53,256,36,0.11137406527996063,0.18762609362602234,0.18954874575138092
R01,02,54,256,48,0.11270297318696976,0.18659797310829163,0.19421502947807312
R01,02,55,256,48,0.11403811722993851,0.1860014945268631,0.1942238211631775
R01,02,56,256,48,0.11247173696756363,0.18500249087810516,0.1927483081817627
R01,02,57,256,48,0.11083687841892242,0.18274655938148499,0.19002163410186768
R01,02,58,256,48,0.11184842884540558,0.1825244277715683,0.19033049046993256
R01,02,59,256,48,0.11273173242807388,0.18532758951187134,0.19285808503627777
R01,02,60,256,48,0.11142373830080032,0.18538212776184082,0.1928897351026535
R01,02,61,256,48,0.11235672980546951,0.18656857311725616,0.1947104036808014
R01,02,62,256,48,0.11356044560670853,0.18464921414852142,0.19196069240570068
R01,02,63,256,48,0.11556582897901535,0.18689192831516266,0.19432112574577332
R01,02,64,256,48,0.11680770665407181,0.18664181232452393,0.19371090829372406
R01,02,65,256,48,0.11326739192008972,0.18211379647254944,0.18941721320152283
R01,02,66,256,48,0.11347106844186783,0.18281367421150208,0.1905696839094162
R01,02,67,256,48,0.11186733096837997,0.18070973455905914,0.1886208951473236
R01,02,68,256,48,0.11266763508319855,0.18204912543296814,0.1896963119506836
R01,02,69,256,48,0.1155853271484375,0.18609404563903809,0.19389376044273376
R01,02,70,256,48,0.11351745575666428,0.18372464179992676,0.19040586054325104
R01,02,71,256,48,0.11606520414352417,0.1866186410188675,0.1956157386302948
R01,02,72,256,48,0.11127981543540955,0.18267714977264404,0.19049254059791565
R01,02,73,256,48,0.11471185833215714,0.1807204782962799,0.18955743312835693
R01,02,74,256,48,0.11591851711273193,0.18608997762203217,0.19363756477832794
R01,02,75,256,48,0.11614722013473511,0.18496595323085785,0.19179701805114746
R01,02,76,256,56,0.11351580917835236,0.1876622885465622,0.19112348556518555
R01,02,77,256,57,0.11259427666664124,0.1837725043296814,0.18813976645469666
R01,02,78,256,57,0.11452212184667587,0.18560682237148285,0.19086775183677673
R01,02,79,256,57,0.11344250291585922,0.182901069521904,0.1882554292678833
R01,02,80,256,57,0.11186178028583527,0.18070128560066223,0.18719729781150818
R01,02,81,256,57,0.11316009610891342,0.1817258596420288,0.1883828490972519
R01,02,82,256,57,0.11249887198209763,0.17911860346794128,0.18563467264175415
R01,02,83,256,57,0.11319669336080551,0.17979805171489716,0.186223566532135
R01,02,84,256,57,0.11278016120195389,0.1765751838684082,0.18343812227249146
R01,02,85,256,57,0.11244392395019531,0.18059274554252625,0.1866556704044342
R01,02,86,256,57,0.11165827512741089,0.17572657763957977,0.1828397810459137
R01,02,87,256,57,0.10701514035463333,0.17129643261432648,0.17802861332893372
R01,02,88,256,57,0.11029119044542313,0.17640843987464905,0.18298448622226715
R01,02,89,256,57,0.11049477756023407,0.17693190276622772,0.18414951860904694
R01,02,90,256,57,0.10974007844924927,0.17441822588443756,0.181854709982872
R01,02,91,256,57,0.11166208982467651,0.18062852323055267,0.1870158314704895
R01,02,92,256,57,0.11292481422424316,0.17881904542446136,0.18630841374397278
R01,02,93,256,57,0.11515351384878159,0.17990660667419434,0.18769556283950806
R01,02,94,256,57,0.11612719297409058,0.17870229482650757,0.18707972764968872
R01,02,95,256,57,0.11402454972267151,0.1799517571926117,0.1872674524784088
R01,02,96,256,57,0.11428293585777283,0.17859913408756256,0.18738597631454468
R01,02,97,256,62,0.11498159170150757,0.19182272255420685,0.19128498435020447
R01,02,98,256,62,0.11307092756032944,0.1897331029176712,0.18914350867271423
R01,02,99,256,62,0.11431609094142914,0.19272597134113312,0.19235146045684814
R01,02,100,256,68,0.11419016122817993,0.1897045373916626,0.19178351759910583
R01,02,101,256,68,0.11489046365022659,0.18582487106323242,0.1890878826379776
R01,02,102,256,68,0.1147298738360405,0.184462770819664,0.18923747539520264
R01,02,103,256,68,0.11588604003190994,0.18537679314613342,0.1906438171863556
R01,02,104,256,68,0.11770743876695633,0.18687352538108826,0.19384193420410156
R01,02,105,256,68,0.11489854007959366,0.18212059140205383,0.18898215889930725
R01,02,106,256,68,0.11355091631412506,0.17834006249904633,0.18693327903747559
R01,02,107,256,68,0.1117447167634964,0.17333948612213135,0.18319007754325867
R01,02,108,256,68,0.11312847584486008,0.17252732813358307,0.1826692670583725
R01,02,109,256,68,0.11445317417383194,0.17523469030857086,0.18685272336006165
R01,02,110,256,68,0.11266984790563583,0.1747041940689087,0.1860734224319458
R01,02,111,256,68,0.10902734845876694,0.17087718844413757,0.18154653906822205
R01,02,112,256,68,0.11186755448579788,0.16668367385864258,0.17829591035842896
R01,02,113,256,68,0.11335194110870361,0.1696951538324356,0.1811555027961731
R01,02,114,256,68,0.11173883080482483,0.17082366347312927,0.182514026761055
R01,02,115,256,68,0.10988932847976685,0.16994161903858185,0.18139207363128662
R01,02,116,256,68,0.11103028804063797,0.17281484603881836,0.18383216857910156
R01,02,117,256,68,0.11253760010004044,0.17386837303638458,0.1856185495853424
R01,02,118,256,68,0.11379033327102661,0.17651347815990448,0.18816575407981873
R01,02,119,256,68,0.1146281436085701,0.17518307268619537,0.187406986951828
R01,02,120,256,68,0.11326069384813309,0.17469742894172668,0.1861836016178131
R01,02,121,256,68,0.11371561139822006,0.17372801899909973,0.18608951568603516
R01,02,122,256,68,0.11494461447000504,0.17816463112831116,0.19011038541793823
R01,02,123,256,72,0.11649521440267563,0.20027168095111847,0.18950539827346802
R01,02,124,256,72,0.11626777052879333,0.20109111070632935,0.19024519622325897
R01,02,125,256,72,0.11416708678007126,0.19790463149547577,0.19291716814041138
R01,02,126,256,72,0.11391041427850723,0.19306039810180664,0.19019745290279388
R01,02,127,256,72,0.11545858532190323,0.19208741188049316,0.19153913855552673
R01,02,128,256,72,0.11484692245721817,0.19002817571163177,0.19041194021701813
R01,02,129,256,78,0.11490023881196976,0.19134195148944855,0.19228357076644897
R01,02,130,256,78,0.1140790656208992,0.19114689528942108,0.19271786510944366
R01,02,131,256,78,0.11506419628858566,0.1895243525505066,0.1916937381029129
R01,02,132,256,78,0.11575423181056976,0.18171802163124084,0.18686172366142273
R01,02,133,256,78,0.11259675025939941,0.17819541692733765,0.18411046266555786
R01,02,134,256,78,0.11207446455955505,0.17082232236862183,0.18039751052856445
R01,02,135,256,81,0.10947243869304657,0.19803322851657867,0.18430592119693756
R01,02,136,256,82,0.11035754531621933,0.19828756153583527,0.1837482899427414
R01,02,137,256,82,0.11248750239610672,0.19844408333301544,0.18677759170532227
R01,02,138,256,82,0.11642707139253616,0.197857066988945,0.18822917342185974
R01,02,139,256,82,0.11569392681121826,0.19434280693531036,0.18657520413398743
R01,02,140,256,78,0.11521094292402267,0.17508596181869507,0.18517228960990906
R01,02,141,256,78,0.11592558771371841,0.17135000228881836,0.18086712062358856
R01,02,142,256,78,0.11167048662900925,0.17028236389160156,0.1752379685640335
R01,02,143,256,78,0.11243563890457153,0.1752934455871582,0.17843323945999146
R01,02,144,256,82,0.11091061681509018,0.17037545144557953,0.17491993308067322
R01,02,145,256,82,0.10959955304861069,0.16727133095264435,0.17257608473300934
R01,02,146,256,82,0.11213882267475128,0.17136265337467194,0.17725776135921478
R01,02,147,256,82,0.11130058765411377,0.17236502468585968,0.17786532640457153
R01,02,148,256,82,0.1079242154955864,0.1704816222190857,0.1763429343700409
R01,02,149,256,82,0.11244913190603256,0.16985389590263367,0.17534448206424713
R01,02,150,256,88,0.10826309025287628,0.16951294243335724,0.1732901781797409
R01,02,151,256,89,0.1054474264383316,0.16887274384498596,0.17245760560035706
R01,02,152,256,90,0.10654501616954803,0.16346625983715057,0.17205901443958282
R01,02,153,256,90,0.10697554796934128,0.16542653739452362,0.1712603121995926
R01,02,154,256,96,0.10705400258302689,0.1684245616197586,0.17426913976669312
R01,02,155,256,96,0.10533718764781952,0.16031886637210846,0.16783109307289124
R01,02,156,256,96,0.10740706324577332,0.16276395320892334,0.16937768459320068
R01,02,157,256,96,0.10788407921791077,0.1648375540971756,0.1697167307138443
R01,02,158,256,96,0.1074521467089653,0.16613896191120148,0.1700703501701355
R01,02,159,256,100,0.10579799115657806,0.15941709280014038,0.1688881814479828
R01,02,160,256,103,0.1056317463517189,0.15624995529651642,0.1663523018360138
R01,02,161,256,103,0.10522819310426712,0.1585807055234909,0.16846156120300293
R01,02,162,256,103,0.104273222386837,0.15765246748924255,0.1681743562221527
R01,02,163,256,109,0.10689523816108704,0.16032065451145172,0.1698000729084015
R01,02,164,256,109,0.10769952088594437,0.161991149187088,0.17331036925315857
R01,02,165,256,109,0.10418901592493057,0.15967294573783875,0.1692209541797638
R01,02,166,256,109,0.1105385571718216,0.16757062077522278,0.17763343453407288
R01,02,167,256,116,0.10849771648645401,0.16661371290683746,0.17487788200378418
R01,02,168,256,116,0.10958695411682129,0.16518260538578033,0.17471057176589966
R01,02,169,256,121,0.10625847429037094,0.18938343226909637,0.1822894811630249
R01,02,170,256,121,0.10778959095478058,0.19066043198108673,0.18445132672786713
R01,02,171,256,121,0.10650863498449326,0.18578068912029266,0.1817702054977417
R01,02,172,256,121,0.10792027413845062,0.18679440021514893,0.1836303323507309
R01,02,173,256,121,0.10898028314113617,0.18646466732025146,0.1858922243118286
R01,02,174,256,127,0.1095547005534172,0.1838151216506958,0.18533936142921448
R01,02,175,256,127,0.10854412615299225,0.17903539538383484,0.1829492449760437
R01,02,176,256,127,0.10873451083898544,0.17581245303153992,0.18963511288166046
R01,02,177,256,127,0.10677832365036011,0.17159250378608704,0.18676002323627472
R01,02,178,256,127,0.11077313125133514,0.17413443326950073,0.18876147270202637
R01,02,179,256,133,0.11217141151428223,0.19275783002376556,0.18897882103919983
R01,02,180,256,133,0.1123984083533287,0.19471369683742523,0.19215036928653717
R01,02,181,256,133,0.11128920316696167,0.19035477936267853,0.18937310576438904
R01,02,182,256,133,0.11271559447050095,0.19092248380184174,0.19060128927230835
R01,02,183,256,133,0.11170115321874619,0.18694978952407837,0.18766576051712036
R01,02,184,256,133,0.11340849846601486,0.18588097393512726,0.18909212946891785
R01,02,185,256,133,0.10868555307388306,0.18118681013584137,0.18565507233142853
R01,02,186,256,133,0.11007782071828842,0.18138521909713745,0.18811529874801636
R01,02,187,256,139,0.10901595652103424,0.17708010971546173,0.18511007726192474
R01,02,188,256,139,0.10970261693000793,0.1738564372062683,0.191049724817276
R01,02,189,256,139,0.1111481636762619,0.17237497866153717,0.18909615278244019
R01,02,190,256,139,0.1095639020204544,0.17201268672943115,0.18896198272705078
R01,02,191,256,139,0.10944928973913193,0.16910164058208466,0.18619605898857117
R01,02,192,256,139,0.11290720105171204,0.1697118580341339,0.18779464066028595
R01,02,193,256,142,0.1075376570224762,0.18706896901130676,0.18287745118141174
R01,02,194,256,142,0.10727454721927643,0.1822475641965866,0.18015924096107483
R01,02,195,256,142,0.10684504359960556,0.17985180020332336,0.1793936938047409
R01,02,196,256,142,0.10665079206228256,0.1808609664440155,0.18138021230697632
R01,02,197,256,145,0.10511523485183716,0.1740463227033615,0.1770208477973938
R01,02,198,256,145,0.10885860025882721,0.1775835156440735,0.18207861483097076
R01,02,199,256,151,0.1070258691906929,0.19350212812423706,0.18676897883415222
R01,02,200,256,151,0.10455641150474548,0.18909263610839844,0.18210242688655853
R01,02,201,256,151,0.10508989542722702,0.18643292784690857,0.180270716547966
R01,02,202,256,151,0.10560988634824753,0.1845405250787735,0.17895418405532837
R01,02,203,256,151,0.10656987875699997,0.18707676231861115,0.1822606772184372
R01,02,204,256,151,0.10556503385305405,0.18461881577968597,0.18091261386871338
R01,02,205,256,151,0.10581628978252411,0.18115545809268951,0.178554967045784
R01,02,206,256,151,0.10421053320169449,0.18208378553390503,0.18044748902320862
R01,02,207,256,153,0.10444829612970352,0.18462784588336945,0.18385562300682068
R01,02,208,256,162,0.10559094697237015,0.1916627138853073,0.18070107698440552
R01,02,209,256,162,0.1057174801826477,0.18789412081241608,0.1863110065460205
R01,02,210,256,162,0.1016755998134613,0.18076051771640778,0.17874133586883545
R01,02,211,256,173,0.10399483889341354,0.19257302582263947,0.1796177327632904
R01,02,212,256,173,0.10414918512105942,0.18976767361164093,0.17780107259750366
R01,02,213,256,173,0.10504724830389023,0.19626997411251068,0.182615265250206
R01,02,214,256,173,0.10467511415481567,0.19572409987449646,0.18214185535907745
R01,02,215,256,173,0.10509326308965683,0.19524230062961578,0.1818520426750183
R01,02,216,256,173,0.10475099086761475,0.19681374728679657,0.18297211825847626
R01,02,217,256,173,0.10709770768880844,0.19685335457324982,0.18337276577949524
R01,02,218,256,173,0.10762707144021988,0.19561722874641418,0.18247242271900177
R01,02,219,256,173,0.11107854545116425,0.19556544721126556,0.18360775709152222
R01,02,220,256,173,0.10494975000619888,0.1909012794494629,0.17969633638858795
R01,02,221,256,173,0.10615864396095276,0.1908644437789917,0.17998415231704712
R01,02,222,256,173,0.10702028125524521,0.18834641575813293,0.1792081594467163
R01,02,223,256,173,0.10740473121404648,0.1856609433889389,0.1782662719488144
R01,02,224,256,173,0.1077992394566536,0.1836235076189041,0.176462322473526
R01,02,225,256,173,0.10381221026182175,0.17424710094928741,0.16820214688777924
R01,02,226,256,173,0.1077406257390976,0.18014971911907196,0.17384348809719086
R01,02,227,256,173,0.10563509911298752,0.17973622679710388,0.17385514080524445
R01,02,228,256,173,0.10536167025566101,0.1776915192604065,0.17236554622650146
R01,02,229,256,173,0.10493604838848114,0.179659903049469,0.17489878833293915
R01,02,230,256,173,0.10589919984340668,0.1794554889202118,0.1756223440170288
R01,02,231,256,173,0.10462472587823868,0.17661069333553314,0.17403647303581238
R01,02,232,256,173,0.10764509439468384,0.17630335688591003,0.1740742027759552
R01,02,233,256,173,0.1078646257519722,0.17476148903369904,0.17383337020874023
R01,02,234,256,173,0.10482646524906158,0.1735202968120575,0.17333856225013733
R01,02,235,256,173,0.10617678612470627,0.17314574122428894,0.17367048561573029
R01,02,236,256,173,0.10744170099496841,0.17222736775875092,0.1746540665626526
R01,02,237,256,173,0.10368020087480545,0.16939324140548706,0.16988569498062134
R01,02,238,256,173,0.10375915467739105,0.16948683559894562,0.1714073121547699
R01,02,239,256,173,0.10599637776613235,0.17085887491703033,0.17220473289489746
R01,02,240,256,173,0.10184099525213242,0.16636918485164642,0.1688244342803955
R01,02,241,256,173,0.10299863666296005,0.16587159037590027,0.16975928843021393
R01,02,242,256,173,0.10548438876867294,0.16985853016376495,0.17396187782287598
R01,02,243,256,173,0.10602086037397385,0.17105194926261902,0.17562860250473022
R01,02,244,256,173,0.10488041490316391,0.1672731339931488,0.1704522669315338
R01,02,245,256,173,0.106174997985363,0.17331743240356445,0.17626391351222992
R01,02,246,256,173,0.10672902315855026,0.17394082248210907,0.17761623859405518
R01,02,247,256,173,0.10816632956266403,0.17471736669540405,0.17727935314178467
R01,02,248,256,173,0.10697291791439056,0.17613288760185242,0.1779090166091919
R01,03,8,409,0,0.10711172223091125,0.1709788739681244,0.17747613787651062
R01,03,9,409,0,0.11265809088945389,0.17355944216251373,0.18144653737545013
R01,03,10,409,0,0.10947097837924957,0.17438559234142303,0.18063585460186005
R01,03,11,409,0,0.10968109220266342,0.17347703874111176,0.1796211451292038
R01,03,12,409,0,0.10907745361328125,0.17255832254886627,0.1821364164352417
R01,03,13,409,0,0.11093349009752274,0.17343999445438385,0.18063917756080627
R01,03,14,409,0,0.10859654098749161,0.17258165776729584,0.17975252866744995
R01,03,15,409,0,0.10615476965904236,0.1704159677028656,0.17771205306053162
R01,03,16,409,0,0.10640768706798553,0.1739267259836197,0.17983339726924896
R01,03,17,409,0,0.1095949336886406,0.17614364624023438,0.1837625503540039
R01,03,18,409,6,0.10885417461395264,0.1741514652967453,0.18082337081432343
R01,03,19,409,6,0.10812906920909882,0.17683671414852142,0.18336719274520874
R01,03,20,409,6,0.10694249719381332,0.17242130637168884,0.17947541177272797
R01,03,21,409,12,0.10967118293046951,0.18037380278110504,0.18586304783821106
R01,03,22,409,12,0.1080881729722023,0.1705871820449829,0.1760072261095047
R01,03,23,409,12,0.10936779528856277,0.17174120247364044,0.1762058138847351
R01,03,24,409,12,0.10948939621448517,0.1773367077112198,0.18132823705673218
R01,03,25,409,12,0.10847751051187515,0.17600148916244507,0.18581461906433105
R01,03,26,409,12,0.11055190861225128,0.1774800419807434,0.18802545964717865
R01,03,27,409,25,0.10844720155000687,0.18173858523368835,0.18566367030143738
R01,03,28,409,25,0.11143992841243744,0.18505245447158813,0.18875065445899963
R01,03,29,409,25,0.1104649007320404,0.18089789152145386,0.18580561876296997
R01,03,30,409,27,0.11180152744054794,0.18062752485275269,0.18723812699317932
R01,03,31,409,27,0.11317005008459091,0.1788656860589981,0.18636146187782288
R01,03,32,409,27,0.11207915097475052,0.17691583931446075,0.19319231808185577
R01,03,33,409,27,0.10937151312828064,0.17743992805480957,0.1928711086511612
R01,03,34,409,27,0.10847242176532745,0.17166370153427124,0.18780696392059326
R01,03,35,409,27,0.10992735624313354,0.17636899650096893,0.19089338183403015
R01,03,36,409,36,0.11514828354120255,0.1958698183298111,0.19553984701633453
R01,03,37,409,36,0.11237300932407379,0.19092024862766266,0.19036898016929626
R01,03,38,409,36,0.1137920692563057,0.1895604282617569,0.19041335582733154
R01,03,39,409,36,0.10966373980045319,0.18398621678352356,0.18489402532577515
R01,03,40,409,36,0.10981671512126923,0.18356062471866608,0.1853974163532257
R01,03,41,409,36,0.11232644319534302,0.18744435906410217,0.18960067629814148
R01,03,42,409,36,0.1096053421497345,0.1835242658853531,0.1846606433391571
R01,03,43,409,36,0.1072554662823677,0.18537244200706482,0.18683750927448273
R01,03,44,409,36,0.10983271896839142,0.1829518973827362,0.18477366864681244
R01,03,45,409,36,0.10854761302471161,0.1814945787191391,0.18356063961982727
R01,03,46,409,36,0.10710182040929794,0.17983776330947876,0.1828732192516327
R01,03,47,409,36,0.1086711436510086,0.18266676366329193,0.1861189305782318
R01,03,48,409,36,0.10566065460443497,0.17823727428913116,0.1818961203098297
R01,03,49,409,36,0.11013897508382797,0.17939193546772003,0.18428130447864532
R01,03,50,409,36,0.10847847908735275,0.17910081148147583,0.18340739607810974
R01,03,51,409,36,0.11033270508050919,0.1775558888912201,0.18299517035484314
R01,03,52,409,36,0.10979487746953964,0.1756458282470703,0.18504101037979126
R01,03,53,409,36,0.11004167795181274,0.17625229060649872,0.1847326010465622
R01,03,54,409,36,0.10919608920812607,0.17580077052116394,0.18319453299045563
R01,03,55,409,36,0.10942623764276505,0.1762172281742096,0.182516947388649
R01,03,56,409,36,0.10958261787891388,0.1772943139076233,0.18240344524383545
R01,03,57,409,36,0.1114252582192421,0.17928707599639893,0.1830894649028778
R01,03,58,409,48,0.10973042994737625,0.1765976846218109,0.18407125771045685
R01,03,59,409,48,0.10894489288330078,0.17324405908584595,0.18119320273399353
R01,03,60,409,48,0.10817018896341324,0.17554253339767456,0.1832452118396759
R01,03,61,409,48,0.1093059852719307,0.17875196039676666,0.18610891699790955
R01,03,62,409,48,0.10910194367170334,0.17525848746299744,0.18323048949241638
R01,03,63,409,48,0.11179564893245697,0.17849460244178772,0.1911306530237198
R01,03,64,409,48,0.10928922891616821,0.1746824085712433,0.18697506189346313
R01,03,65,409,48,0.10953909158706665,0.17355851829051971,0.18707819283008575
R01,03,66,409,48,0.11227337270975113,0.18020938336849213,0.19271007180213928
R01,03,67,409,48,0.10797172039747238,0.173537939786911,0.18638084828853607
R01,03,68,409,48,0.10980021953582764,0.17478488385677338,0.18697363138198853
R01,03,69,409,48,0.11011959612369537,0.17604230344295502,0.18860672414302826
R01,03,70,409,48,0.11144936829805374,0.1765366494655609,0.18867656588554382
R01,03,71,409,48,0.11217842996120453,0.17687971889972687,0.18841245770454407
R01,03,72,409,57,0.10921899974346161,0.184843048453331,0.1860487461090088
R01,03,73,409,57,0.11082452535629272,0.1898656040430069,0.19088159501552582
R01,03,74,409,57,0.10771235823631287,0.18714375793933868,0.18852055072784424
R01,03,75,409,57,0.1106051579117775,0.18650518357753754,0.1894322633743286
R01,03,76,409,57,0.11269358545541763,0.1871897429227829,0.1902228742837906
R01,03,77,409,57,0.10933995991945267,0.1819213628768921,0.18498316407203674
R01,03,78,409,57,0.10853822529315948,0.18082287907600403,0.18618883192539215
R01,03,79,409,57,0.10727078467607498,0.17847467958927155,0.18425218760967255
R01,03,80,409,57,0.10823313146829605,0.17761093378067017,0.18395423889160156
R01,03,81,409,57,0.10876535624265671,0.17670516669750214,0.1838061809539795
R01,03,82,409,57,0.10584116727113724,0.17076490819454193,0.17726963758468628
R01,03,83,409,57,0.10703056305646896,0.17442816495895386,0.1810067594051361
R01,03,84,409,57,0.10864415764808655,0.17560455203056335,0.18358856439590454
R01,03,85,409,57,0.11188865453004837,0.17602643370628357,0.1845400184392929
R01,03,86,409,57,0.11155062913894653,0.1789926439523697,0.18707743287086487
R01,03,87,409,57,0.10815364867448807,0.1703750342130661,0.17831875383853912
R01,03,88,409,57,0.10867039859294891,0.17145277559757233,0.17945316433906555
R01,03,89,409,57,0.10830238461494446,0.17579901218414307,0.18434183299541473
R01,03,90,409,57,0.10907871276140213,0.1717827171087265,0.18079151213169098
R01,03,91,409,57,0.10832981020212173,0.1705213040113449,0.18435782194137573
R01,03,92,409,57,0.10883310437202454,0.17194560170173645,0.18634101748466492
R01,03,93,409,57,0.10846486687660217,0.168318510055542,0.18414969742298126
R01,03,94,409,64,0.10960838943719864,0.18719208240509033,0.18575525283813477
R01,03,95,409,64,0.11236153542995453,0.18696999549865723,0.18747830390930176
R01,03,96,409,64,0.11049766093492508,0.18559527397155762,0.18638387322425842
R01,03,97,409,64,0.11454948782920837,0.1885674148797989,0.1900002509355545
R01,03,98,409,64,0.11140159517526627,0.18621313571929932,0.18828167021274567
R01,03,99,409,64,0.11218657344579697,0.18477582931518555,0.1885986030101776
R01,03,100,409,68,0.1120288074016571,0.18281899392604828,0.18807856738567352
R01,03,101,409,68,0.11213097721338272,0.18266481161117554,0.18978875875473022
R01,03,102,409,68,0.1135391891002655,0.18243609368801117,0.18956686556339264
R01,03,103,409,68,0.1112012267112732,0.17846333980560303,0.18625138700008392
R01,03,104,409,68,0.109371118247509,0.1757177859544754,0.18433061242103577
R01,03,105,409,68,0.11131586879491806,0.1767866313457489,0.18568946421146393
R01,03,106,409,68,0.11248169839382172,0.17405429482460022,0.18409758806228638
R01,03,107,409,68,0.11291424930095673,0.17439426481723785,0.18538598716259003
R01,03,108,409,68,0.10768939554691315,0.16871793568134308,0.18055222928524017
R01,03,109,409,68,0.10838405042886734,0.16750837862491608,0.1802738606929779
R01,03,110,409,68,0.10738610476255417,0.1656866818666458,0.1779695302248001
R01,03,111,409,68,0.11160925775766373,0.1713602989912033,0.18338772654533386
R01,03,112,409,68,0.11032762378454208,0.17038804292678833,0.18271347880363464
R01,03,113,409,68,0.10968787968158722,0.16627521812915802,0.17903997004032135
R01,03,114,409,68,0.1088143140077591,0.16521136462688446,0.1791929006576538
R01,03,115,409,68,0.10725491493940353,0.16195036470890045,0.17635372281074524
R01,03,116,409,68,0.10866276174783707,0.16635920107364655,0.18041938543319702
R01,03,117,409,68,0.10676702111959457,0.1633935123682022,0.17816653847694397
R01,03,118,409,68,0.10954659432172775,0.16587255895137787,0.1801275908946991
R01,03,119,409,68,0.10824055224657059,0.1662093997001648,0.18013976514339447
R01,03,120,409,68,0.10710659623146057,0.16353793442249298,0.1773642599582672
R01,03,121,409,68,0.10813720524311066,0.16481232643127441,0.17881327867507935
R01,03,122,409,68,0.10949349403381348,0.16854390501976013,0.18636086583137512
R01,03,123,409,68,0.11111833900213242,0.16801363229751587,0.18684527277946472
R01,03,124,409,68,0.1085529699921608,0.16191263496875763,0.1809784173965454
R01,03,125,409,68,0.11154334992170334,0.16430117189884186,0.18409571051597595
R01,03,126,409,77,0.11216863244771957,0.19297708570957184,0.18890443444252014
R01,03,127,409,77,0.11245138943195343,0.1932123452425003,0.18942688405513763
R01,03,128,409,77,0.10865066945552826,0.18857666850090027,0.18606708943843842
R01,03,129,409,77,0.11050290614366531,0.18916139006614685,0.18643644452095032
R01,03,130,409,77,0.10988316684961319,0.18884730339050293,0.18548402190208435
R01,03,131,409,68,0.11067463457584381,0.16875751316547394,0.18813133239746094
R01,03,132,409,68,0.11123233288526535,0.16605009138584137,0.1854916661977768
R01,03,133,409,72,0.11191146820783615,0.19122163951396942,0.18704178929328918
R01,03,134,409,68,0.11675966531038284,0.17257240414619446,0.1908220797777176
R01,03,135,409,68,0.11286423355340958,0.16950267553329468,0.18895912170410156
R01,03,136,409,68,0.11107168346643448,0.16595283150672913,0.18522396683692932
R01,03,137,409,72,0.11515970528125763,0.19584403932094574,0.19098718464374542
R01,03,138,409,72,0.11224836111068726,0.191475510597229,0.18749672174453735
R01,03,139,409,68,0.1102801188826561,0.16478505730628967,0.1835826188325882
R01,03,140,409,68,0.11470193415880203,0.17347754538059235,0.1917271614074707
R01,03,141,409,68,0.1130460575222969,0.1676216572523117,0.18606778979301453
R01,03,142,409,68,0.11097657680511475,0.16385076940059662,0.18120643496513367
R01,03,143,409,68,0.11094827950000763,0.16717912256717682,0.18018639087677002
R01,03,144,409,68,0.11100495606660843,0.17107656598091125,0.18436308205127716
R01,03,145,409,68,0.10968387126922607,0.164314866065979,0.1810014843940735
R01,03,146,409,68,0.11058621108531952,0.16425932943820953,0.18195953965187073
R01,03,147,409,68,0.10969577729701996,0.16337981820106506,0.18142914772033691
R01,03,148,409,68,0.11098216474056244,0.16964147984981537,0.18743707239627838
R01,03,149,409,68,0.1109822615981102,0.1665085405111313,0.18386948108673096
R01,03,150,409,68,0.11000696569681168,0.16588474810123444,0.1835671365261078
R01,03,151,409,68,0.11044289171695709,0.16681091487407684,0.18383541703224182
R01,03,152,409,68,0.11082416027784348,0.16520410776138306,0.17891612648963928
R01,03,153,409,68,0.10815253108739853,0.16347187757492065,0.17634187638759613
R01,03,154,409,68,0.11057855188846588,0.16628526151180267,0.17920511960983276
R01,03,155,409,68,0.11069999635219574,0.1666974276304245,0.17971794307231903
R01,03,156,409,68,0.11057870090007782,0.16825257241725922,0.1808912754058838
R01,03,157,409,68,0.10952387005090714,0.16384369134902954,0.17813870310783386
R01,03,158,409,68,0.11006278544664383,0.16724854707717896,0.1806042492389679
R01,03,159,409,68,0.1085994616150856,0.16728238761425018,0.18038876354694366
R01,03,160,409,68,0.1076619103550911,0.16416648030281067,0.17757906019687653
R01,03,161,409,68,0.1090957298874855,0.16535316407680511,0.17863482236862183
R01,03,162,409,68,0.1085611954331398,0.16434504091739655,0.17806780338287354
R01,03,163,409,68,0.10998264700174332,0.16518451273441315,0.17867130041122437
R01,03,164,409,68,0.10874748229980469,0.1639190912246704,0.17726552486419678
R01,03,165,409,68,0.1082497388124466,0.16254086792469025,0.17624402046203613
R01,03,166,409,68,0.11159691214561462,0.16650816798210144,0.17998790740966797
R01,03,167,409,68,0.11200208961963654,0.16769032180309296,0.18221162259578705
R01,03,168,409,68,0.10912353545427322,0.16382169723510742,0.1775604486465454
R01,03,169,409,68,0.11051248759031296,0.16532446444034576,0.17925116419792175
R01,03,170,409,68,0.1093161329627037,0.16601532697677612,0.17887438833713531
R01,03,171,409,68,0.10914769768714905,0.16398835182189941,0.1772446632385254
R01,03,172,409,68,0.11182598769664764,0.1688854992389679,0.1814870983362198
R01,03,173,409,68,0.10904311388731003,0.16579855978488922,0.1784747838973999
R01,03,174,409,68,0.1088733822107315,0.16316848993301392,0.17604660987854004
R01,03,175,409,68,0.11093886196613312,0.16867119073867798,0.18077069520950317
R01,03,176,409,68,0.11009802669286728,0.16659213602542877,0.1835615634918213
R01,03,177,409,68,0.11107515543699265,0.16660504043102264,0.18377770483493805
R01,03,178,409,68,0.10922283679246902,0.16266366839408875,0.1802670806646347
R01,03,179,409,68,0.10832047462463379,0.16463243961334229,0.18222768604755402
R01,03,180,409,68,0.1076626256108284,0.16280147433280945,0.18122828006744385
R01,03,181,409,68,0.10975198447704315,0.16691969335079193,0.18372885882854462
R01,03,182,409,68,0.1090376004576683,0.16485777497291565,0.18220478296279907
R01,03,183,409,68,0.11206308752298355,0.16742247343063354,0.18487243354320526
R01,03,184,409,68,0.11132998764514923,0.16625100374221802,0.18426033854484558
R01,03,185,409,68,0.11222323775291443,0.16741804778575897,0.1859462559223175
R01,03,186,409,68,0.10875546932220459,0.1634431779384613,0.18168984353542328
R01,03,187,409,68,0.10924248397350311,0.1636197865009308,0.1822107434272766
R01,03,188,409,68,0.1107943132519722,0.1660744994878769,0.18383540213108063
R01,03,189,409,68,0.11123847216367722,0.16813412308692932,0.1858377754688263
R01,03,190,409,68,0.11295533180236816,0.16919341683387756,0.18738603591918945
R01,03,191,409,68,0.11239589005708694,0.1668214201927185,0.18539556860923767
R01,03,192,409,68,0.11066281795501709,0.1631470024585724,0.18136543035507202
R01,03,193,409,68,0.1111658364534378,0.16541343927383423,0.1827363669872284
R01,03,194,409,68,0.11347640305757523,0.16853231191635132,0.18636082112789154
R01,03,195,409,68,0.10790562629699707,0.1610272079706192,0.17845550179481506
R01,03,196,409,68,0.11101767420768738,0.16471518576145172,0.18276894092559814
R01,03,197,409,68,0.11219462752342224,0.16595865786075592,0.18418088555335999
R01,03,198,409,68,0.11050769686698914,0.16314803063869476,0.18130961060523987
R01,03,199,409,68,0.10882443934679031,0.16365213692188263,0.18121956288814545
R01,03,200,409,68,0.10713881254196167,0.16248273849487305,0.17584365606307983
R01,03,201,409,68,0.10795183479785919,0.16264313459396362,0.17552250623703003
R01,03,202,409,68,0.10916060954332352,0.1649380922317505,0.178090900182724
R01,03,203,409,68,0.1098625510931015,0.1649988740682602,0.17765529453754425
R01,03,204,409,68,0.11097842454910278,0.16769865155220032,0.18180450797080994
R01,03,205,409,68,0.1080385372042656,0.16497832536697388,0.1786797195672989
R01,03,206,409,68,0.10850411653518677,0.1641058474779129,0.17752361297607422
R01,03,207,409,68,0.11055510491132736,0.16637001931667328,0.17974689602851868
R01,03,208,409,68,0.11168013513088226,0.16948619484901428,0.1822100430727005
R01,03,209,409,68,0.111331507563591,0.16769863665103912,0.18093352019786835
R01,03,210,409,68,0.1089479923248291,0.16716702282428741,0.18016397953033447
R01,03,211,409,68,0.10907500237226486,0.16533859074115753,0.17834632098674774
R01,03,212,409,68,0.10990291088819504,0.16528935730457306,0.17811095714569092
R01,03,213,409,68,0.10945642739534378,0.16421952843666077,0.1816505640745163
R01,03,214,409,68,0.11112002283334732,0.16642330586910248,0.18320654332637787
R01,03,215,409,68,0.10886561870574951,0.16527046263217926,0.18186359107494354
R01,03,216,409,68,0.10821232199668884,0.16381917893886566,0.18060672283172607
R01,03,217,409,68,0.11231688410043716,0.16860036551952362,0.18588602542877197
R01,03,218,409,68,0.10962328314781189,0.16527895629405975,0.18250295519828796
R01,03,219,409,68,0.10940693318843842,0.16552765667438507,0.18245986104011536
R01,03,220,409,68,0.10983467102050781,0.16359052062034607,0.1814454197883606
R01,03,221,409,68,0.11002270132303238,0.16487379372119904,0.18185077607631683
R01,03,222,409,68,0.11250976473093033,0.16983260214328766,0.18671046197414398
R01,03,223,409,68,0.11138546466827393,0.16610194742679596,0.17945769429206848
R01,03,224,409,68,0.11116930097341537,0.1677412986755371,0.1803901493549347
R01,03,225,409,68,0.11090844124555588,0.16614468395709991,0.17913176119327545
R01,03,226,409,68,0.1111278086900711,0.1686500757932663,0.18164224922657013
R01,03,227,409,68,0.11123344302177429,0.16825786232948303,0.18055900931358337
R01,03,228,409,68,0.11018949747085571,0.16504395008087158,0.1787341833114624
R01,03,229,409,68,0.11091376841068268,0.1659250110387802,0.17914828658103943
R01,03,230,409,68,0.10836057364940643,0.16228842735290527,0.17585647106170654
R01,03,231,409,68,0.11328353732824326,0.16693566739559174,0.17968901991844177
R01,03,232,409,68,0.11139370501041412,0.16687829792499542,0.18088482320308685
R01,03,233,409,68,0.11354079097509384,0.16888262331485748,0.18232877552509308
R01,03,234,409,68,0.11109286546707153,0.1654706597328186,0.17891258001327515
R01,03,235,409,68,0.11238992214202881,0.16863977909088135,0.18125610053539276
R01,03,236,409,68,0.10869549214839935,0.1637325882911682,0.17653721570968628
R01,03,237,409,68,0.11093553900718689,0.16780126094818115,0.1804123818874359
R01,03,238,409,68,0.10840712487697601,0.16349156200885773,0.17713662981987
R01,03,239,409,68,0.11139476299285889,0.162776917219162,0.17616495490074158
R01,03,240,409,68,0.10988005995750427,0.1647486835718155,0.17777469754219055
R01,03,241,409,68,0.11297579109668732,0.17096936702728271,0.18366073071956635
R01,03,242,409,68,0.10991954803466797,0.16618873178958893,0.17894631624221802
R01,03,243,409,68,0.10887586325407028,0.1641223281621933,0.17654937505722046
R01,03,244,409,68,0.1117473915219307,0.1657518744468689,0.1791943609714508
R01,03,245,409,68,0.11516917496919632,0.16924120485782623,0.18292513489723206
R01,03,246,409,68,0.11123322695493698,0.16820628941059113,0.18124893307685852
R01,03,247,409,68,0.11023028194904327,0.16645841300487518,0.18092137575149536
R01,03,248,409,72,0.1098029762506485,0.18867047131061554,0.1829686313867569
R01,03,249,409,72,0.10984881222248077,0.18736623227596283,0.18260398507118225
R01,03,250,409,72,0.10856526345014572,0.18549348413944244,0.1825200915336609
R01,03,251,409,72,0.10884595662355423,0.18460403382778168,0.18242508172988892
R01,03,252,409,77,0.11031864583492279,0.18106800317764282,0.18039849400520325
R01,03,253,409,77,0.10991096496582031,0.17993290722370148,0.18001888692378998
R01,03,254,409,77,0.10498890280723572,0.1769053041934967,0.17795054614543915
R01,03,255,409,78,0.10803025215864182,0.1733686327934265,0.17744269967079163
R01,03,256,409,78,0.11033127456903458,0.17247487604618073,0.17816612124443054
R01,03,257,409,78,0.11058854311704636,0.1699381023645401,0.1783858835697174
R01,03,258,409,80,0.10975533723831177,0.19713366031646729,0.17797958850860596
R01,03,259,409,80,0.1095268502831459,0.19659869372844696,0.17820852994918823
R01,03,260,409,80,0.10797551274299622,0.1940007358789444,0.18516188859939575
R01,03,261,409,82,0.11181826889514923,0.19650360941886902,0.18869630992412567
R01,03,262,409,82,0.10951220989227295,0.19070449471473694,0.183768630027771
R01,03,263,409,82,0.11112359166145325,0.19627951085567474,0.1892240047454834
R01,03,264,409,82,0.11061009019613266,0.19663803279399872,0.18970614671707153
R01,03,265,409,78,0.11352977156639099,0.1779862940311432,0.19311165809631348
R01,03,266,409,78,0.10979802906513214,0.17243164777755737,0.18496254086494446
R01,03,267,409,78,0.11193232983350754,0.17019309103488922,0.18217067420482635
R01,03,268,409,78,0.10800809413194656,0.17120303213596344,0.1821047067642212
R01,03,269,409,78,0.11105754226446152,0.1691054105758667,0.179600790143013
R01,03,270,409,82,0.11106744408607483,0.17555569112300873,0.17869359254837036
R01,03,271,409,82,0.11325259506702423,0.1742222160100937,0.179713636636734
R01,03,272,409,82,0.1107615977525711,0.17140598595142365,0.1776699721813202
R01,03,273,409,82,0.1091982051730156,0.17040540277957916,0.17753376066684723
R01,03,274,409,91,0.11040878295898438,0.18953977525234222,0.1782892942428589
R01,03,275,409,91,0.1089787632226944,0.1887182891368866,0.18377041816711426
R01,03,276,409,91,0.11224732547998428,0.19307847321033478,0.18906822800636292
R01,03,277,409,91,0.11170914769172668,0.18951141834259033,0.1861371397972107
R01,03,278,409,96,0.11146274954080582,0.1886887103319168,0.18744230270385742
R01,03,279,409,96,0.10932134836912155,0.18564121425151825,0.18500056862831116
R01,03,280,409,96,0.11103317886590958,0.18456414341926575,0.18507404625415802
R01,03,281,409,96,0.11193002015352249,0.18109218776226044,0.1833876222372055
R01,03,282,409,96,0.11054527759552002,0.17156004905700684,0.176071435213089
R01,03,283,409,96,0.10962246358394623,0.17248493432998657,0.18522490561008453
R01,03,284,409,96,0.11019892990589142,0.17462386190891266,0.18776381015777588
R01,03,285,409,100,0.112290158867836,0.18670621514320374,0.18690092861652374
R01,03,286,409,103,0.11124074459075928,0.1814996749162674,0.18420711159706116
R01,03,287,409,103,0.11392542719841003,0.18517757952213287,0.18783864378929138
R01,03,288,409,103,0.11187423765659332,0.1804877072572708,0.1847728192806244
R01,03,289,409,103,0.10939949005842209,0.17962245643138885,0.18442746996879578
R01,03,290,409,111,0.11260738223791122,0.20662830770015717,0.189713716506958
R01,03,291,409,111,0.11177418380975723,0.1984669268131256,0.1838551163673401
R01,03,292,409,111,0.11167564243078232,0.2023923248052597,0.18591567873954773
R01,03,293,409,111,0.11060615628957748,0.19771692156791687,0.1841786801815033
R01,03,294,409,111,0.1101393774151802,0.19544078409671783,0.18267560005187988
R01,03,295,409,111,0.10800712555646896,0.19059009850025177,0.18611788749694824
R01,03,296,409,111,0.10861287266016006,0.19285164773464203,0.18856105208396912
R01,03,297,409,111,0.10944265127182007,0.18953847885131836,0.18660227954387665
R01,03,298,409,111,0.11194270104169846,0.19099490344524384,0.18836495280265808
R01,03,299,409,111,0.10799320787191391,0.18753750622272491,0.18533176183700562
R01,03,300,409,114,0.10739760100841522,0.18463563919067383,0.18421798944473267
R01,03,301,409,114,0.10667115449905396,0.1830996721982956,0.1832948625087738
R01,03,302,409,114,0.10788848996162415,0.185384601354599,0.1865992397069931
R01,03,303,409,114,0.1076945811510086,0.18588002026081085,0.18707998096942902
R01,03,304,409,115,0.10679765790700912,0.18289999663829803,0.18517372012138367
R01,03,305,409,115,0.11046190559864044,0.1800990253686905,0.1845557987689972
R01,03,306,409,116,0.10916100442409515,0.17864346504211426,0.1847420185804367
R01,03,307,409,118,0.10743408650159836,0.1730932742357254,0.18170177936553955
R01,03,308,409,118,0.10842625796794891,0.17105633020401,0.1861458420753479
R01,03,309,409,118,0.11108259856700897,0.1739223599433899,0.19047921895980835
R01,03,310,409,121,0.1111750528216362,0.19857236742973328,0.1901177018880844
R01,03,311,409,121,0.11138234287500381,0.19595755636692047,0.18913650512695312
R01,03,312,409,121,0.1118231862783432,0.19606618583202362,0.18991610407829285
R01,03,313,409,121,0.11146314442157745,0.19509896636009216,0.18961241841316223
R01,03,314,409,121,0.11157701164484024,0.19446717202663422,0.18907228112220764
R01,03,315,409,121,0.11322564631700516,0.19563789665699005,0.19109004735946655
R01,03,316,409,121,0.11332350969314575,0.19458219408988953,0.19151616096496582
R01,03,317,409,121,0.11252228915691376,0.19077715277671814,0.18843300640583038
R01,03,318,409,121,0.11228536814451218,0.19167838990688324,0.19065488874912262
R01,03,319,409,121,0.11296262592077255,0.18926681578159332,0.19065940380096436
R01,03,320,409,127,0.11219314485788345,0.1866154968738556,0.1897183060646057
R01,03,321,409,127,0.11126606911420822,0.18295857310295105,0.1875830441713333
R01,03,322,409,127,0.1068791076540947,0.17782463133335114,0.18381959199905396
R01,03,323,409,127,0.1079937294125557,0.1798192709684372,0.18663763999938965
R01,03,324,409,127,0.11015112698078156,0.17555654048919678,0.1829906702041626
R01,03,325,409,127,0.11096344888210297,0.17775897681713104,0.19165799021720886
R01,03,326,409,127,0.1100969910621643,0.17901737987995148,0.1923271119594574
R01,03,327,409,127,0.11244889348745346,0.18110939860343933,0.19275395572185516
R01,03,328,409,133,0.11645585298538208,0.19958443939685822,0.1965765357017517
R01,03,329,409,133,0.11589910835027695,0.19711267948150635,0.19585339725017548
R01,03,330,409,133,0.11321086436510086,0.19042545557022095,0.19186978042125702
R01,03,331,409,133,0.11444465070962906,0.18781384825706482,0.19233985245227814
R01,03,332,409,133,0.11347617954015732,0.1867225617170334,0.1921037882566452
R01,03,333,409,139,0.11361765116453171,0.1868254691362381,0.19296398758888245
R01,03,334,409,139,0.11321498453617096,0.18524035811424255,0.19197198748588562
R01,03,335,409,139,0.11435166001319885,0.18384666740894318,0.1922990381717682
R01,03,336,409,142,0.1161697506904602,0.20386484265327454,0.19834831357002258
R01,03,337,409,142,0.11745436489582062,0.20629671216011047,0.20049819350242615
R01,03,338,409,142,0.11531981825828552,0.2046341896057129,0.20000222325325012
R01,03,339,409,142,0.11386273056268692,0.20186293125152588,0.199043869972229
R01,03,340,409,142,0.11443891376256943,0.2031298577785492,0.2024860829114914
R01,03,341,409,142,0.11592447012662888,0.19988489151000977,0.20043858885765076
R01,03,342,409,142,0.11401239037513733,0.19428080320358276,0.19695375859737396
R01,03,343,409,151,0.1121738851070404,0.20384009182453156,0.19910037517547607
R01,03,344,409,151,0.11188233643770218,0.20139288902282715,0.19616466760635376
R01,03,345,409,151,0.11120075732469559,0.20149372518062592,0.19714343547821045
R01,03,346,409,151,0.11317203938961029,0.20056425034999847,0.19631212949752808
R01,03,347,409,151,0.11187543720006943,0.19918745756149292,0.19454799592494965
R01,03,348,409,151,0.11214759945869446,0.19869451224803925,0.1947205364704132
R01,03,349,409,151,0.11332883685827255,0.19404874742031097,0.1918860673904419
R01,03,350,409,162,0.11024678498506546,0.19895663857460022,0.18799884617328644
R01,03,351,409,162,0.11306767165660858,0.20445774495601654,0.19255229830741882
R01,03,352,409,162,0.11066517233848572,0.20300695300102234,0.19129297137260437
R01,03,353,409,162,0.10991694778203964,0.19906927645206451,0.1881006509065628
R01,03,354,409,162,0.10937639325857162,0.20067036151885986,0.19823011755943298
R01,03,355,409,162,0.11605353653430939,0.20361660420894623,0.20149073004722595
R01,03,356,409,162,0.11501255631446838,0.20372433960437775,0.20237356424331665
R01,03,357,409,162,0.11524446308612823,0.19909094274044037,0.19810888171195984
R01,03,358,409,162,0.11371803283691406,0.197110116481781,0.19577601552009583
R01,03,359,409,162,0.11395397782325745,0.19472092390060425,0.19432395696640015
R01,03,360,409,162,0.11267852783203125,0.18879584968090057,0.18877030909061432
R01,03,361,409,162,0.11240130662918091,0.18636521697044373,0.1875823438167572
R01,03,362,409,173,0.11133524030447006,0.20194494724273682,0.18907251954078674
R01,03,363,409,173,0.11405285447835922,0.205322265625,0.19270539283752441
R01,03,364,409,173,0.11217072606086731,0.20582076907157898,0.194477379322052
R01,03,365,409,173,0.11054854840040207,0.2030463069677353,0.19245649874210358
R01,03,366,409,173,0.11217211931943893,0.20151595771312714,0.1923886090517044
R01,03,367,409,173,0.10983777791261673,0.19623617827892303,0.18733200430870056
R01,03,368,409,173,0.11132223904132843,0.19622020423412323,0.19744209945201874
R01,03,369,409,173,0.11135169863700867,0.19594894349575043,0.19629943370819092
R01,03,370,409,173,0.11123175919055939,0.19700412452220917,0.19877757132053375
R01,03,371,409,173,0.11584531515836716,0.19992685317993164,0.20148882269859314
R01,03,372,409,173,0.11037002503871918,0.19649432599544525,0.19738242030143738
R01,03,373,409,173,0.1086796224117279,0.19341637194156647,0.19551944732666016
R01,03,374,409,173,0.11039804667234421,0.18962858617305756,0.1934458315372467
R01,03,375,409,173,0.11346083879470825,0.19656336307525635,0.1998167634010315
R01,03,376,409,173,0.11294680833816528,0.18963710963726044,0.1943698525428772
R01,03,377,409,173,0.11143731325864792,0.18926458060741425,0.19446080923080444
R01,03,378,409,173,0.11304996907711029,0.19013948738574982,0.19583582878112793
R01,03,379,409,173,0.1112537831068039,0.1868867576122284,0.19277408719062805
R01,03,380,409,173,0.11457052081823349,0.19192984700202942,0.19814996421337128
R01,03,381,409,173,0.11619168519973755,0.190773144364357,0.1975112110376358
R01,03,382,409,173,0.11344283074140549,0.18931521475315094,0.19788698852062225
R01,03,383,409,173,0.11086760461330414,0.18268775939941406,0.1917555034160614
R01,03,384,409,173,0.11437837779521942,0.18419815599918365,0.1934712827205658
R01,03,385,409,173,0.11156053096055984,0.18441858887672424,0.18651913106441498
R01,03,386,409,173,0.10841521620750427,0.17888323962688446,0.18211570382118225
R01,03,387,409,173,0.10844754427671432,0.1811099648475647,0.18519596755504608
R01,03,388,409,173,0.10933135449886322,0.1812354028224945,0.18324080109596252
R01,03,389,409,173,0.10995163023471832,0.18434780836105347,0.18637770414352417
R01,03,390,409,173,0.11069415509700775,0.19084987044334412,0.19168122112751007
R01,03,391,409,173,0.10931664705276489,0.18818975985050201,0.19032856822013855
R01,03,392,409,173,0.10805203020572662,0.18313179910182953,0.1856028437614441
R01,03,393,409,173,0.1100330501794815,0.18859915435314178,0.1907835155725479
R01,03,394,409,173,0.10960948467254639,0.1934472918510437,0.19468514621257782
R01,03,395,409,173,0.11156416684389114,0.1961761713027954,0.1973874568939209
R01,03,396,409,173,0.11403404176235199,0.1971989870071411,0.19855725765228271
R01,03,397,409,181,0.10986967384815216,0.1828916370868683,0.19197681546211243
R01,03,398,409,181,0.11313153803348541,0.1885644942522049,0.19745346903800964
R01,03,399,409,181,0.11245041340589523,0.19400334358215332,0.20134226977825165
R01,03,400,409,181,0.11529918015003204,0.19300220906734467,0.19789628684520721
R01,03,401,409,181,0.11037611216306686,0.19167478382587433,0.19674450159072876
R01,04,8,191,0,0.10749680548906326,0.1711399108171463,0.1760806143283844
R01,04,9,191,0,0.10897728055715561,0.17526830732822418,0.1804710328578949
R01,04,10,191,0,0.10939124971628189,0.17436327040195465,0.17944496870040894
R01,04,11,191,0,0.11021969467401505,0.1768956333398819,0.1821092963218689
R01,04,12,191,0,0.10793519020080566,0.174859419465065,0.18039338290691376
R01,04,13,191,0,0.10726189613342285,0.17473724484443665,0.18034213781356812
R01,04,14,191,6,0.10676367580890656,0.17737847566604614,0.1826966404914856
R01,04,15,191,6,0.10854089260101318,0.1813259869813919,0.1857898235321045
R01,04,16,191,6,0.10980559140443802,0.18340516090393066,0.18767306208610535
R01,04,17,191,6,0.1125170886516571,0.18388886749744415,0.18840815126895905
R01,04,18,191,6,0.11552397161722183,0.18675048649311066,0.19075213372707367
R01,04,19,191,6,0.11423902213573456,0.18495120108127594,0.18858876824378967
R01,04,20,191,6,0.11615899205207825,0.19192545115947723,0.19432972371578217
R01,04,21,191,6,0.11304977536201477,0.18720345199108124,0.18948815762996674
R01,04,22,191,12,0.11183760315179825,0.1829615980386734,0.18669530749320984
R01,04,23,191,12,0.11387891322374344,0.1864536702632904,0.1909923553466797
R01,04,24,191,12,0.11503031104803085,0.18841025233268738,0.19221287965774536
R01,04,25,191,12,0.11412277072668076,0.18758100271224976,0.19192127883434296
R01,04,26,191,12,0.11495979130268097,0.18838341534137726,0.1922203004360199
R01,04,27,191,12,0.11643917113542557,0.18780584633350372,0.19185660779476166
R01,04,28,191,12,0.11500270664691925,0.18755002319812775,0.1917009949684143
R01,04,29,191,12,0.11372379958629608,0.18684138357639313,0.19454722106456757
R01,04,30,191,20,0.11630657315254211,0.1940934658050537,0.19642320275306702
R01,04,31,191,20,0.11319965869188309,0.18461106717586517,0.18862426280975342
R01,04,32,191,20,0.1155945360660553,0.18659931421279907,0.1913178563117981
R01,04,33,191,20,0.11391700059175491,0.18156322836875916,0.18753555417060852
R01,04,34,191,20,0.11483772099018097,0.18520312011241913,0.19186127185821533
R01,04,35,191,20,0.1138715147972107,0.1826266497373581,0.18899701535701752
R01,04,36,191,20,0.1120816096663475,0.18439435958862305,0.1898050606250763
R01,04,37,191,20,0.11215656250715256,0.1814478486776352,0.1881788969039917
R01,04,38,191,25,0.1160430908203125,0.18485966324806213,0.1906508207321167
R01,04,39,191,25,0.11245644837617874,0.1800985485315323,0.18597054481506348
R01,04,40,191,25,0.11294522881507874,0.17915576696395874,0.18505239486694336
R01,04,41,191,25,0.11552169919013977,0.1855657398700714,0.1915825605392456
R01,04,42,191,25,0.11597254127264023,0.18235176801681519,0.1883293092250824
R01,04,43,191,36,0.1132131889462471,0.18386653065681458,0.18249830603599548
R01,04,44,191,36,0.11360980570316315,0.1872873157262802,0.18846946954727173
R01,04,45,191,36,0.11190889030694962,0.18519680202007294,0.1888676881790161
R01,04,46,191,36,0.11378999799489975,0.1857306957244873,0.19009120762348175
R01,04,47,191,36,0.11276640743017197,0.18064211308956146,0.18651342391967773
R01,04,48,191,36,0.10813383758068085,0.1785816103219986,0.18404540419578552
R01,04,49,191,36,0.10959365218877792,0.1832694262266159,0.18953517079353333
R01,04,50,191,36,0.11147981882095337,0.18267722427845,0.18787547945976257
R01,04,51,191,36,0.11246257275342941,0.1859074831008911,0.19068361818790436
R01,04,52,191,36,0.113898865878582,0.1892748475074768,0.19364988803863525
R01,04,53,191,36,0.1165730431675911,0.19133414328098297,0.19731982052326202
R01,04,54,191,36,0.11172384023666382,0.19152091443538666,0.19460290670394897
R01,04,55,191,36,0.11279195547103882,0.19025695323944092,0.1936665177345276
R01,04,56,191,42,0.11117593944072723,0.18282803893089294,0.1909763514995575
R01,04,57,191,42,0.11020201444625854,0.18009121716022491,0.19002968072891235
R01,04,58,191,42,0.11358986794948578,0.18013259768486023,0.18990644812583923
R01,04,59,191,48,0.1120782420039177,0.1784423589706421,0.18749599158763885
R01,04,60,191,48,0.11558970808982849,0.18648302555084229,0.1963804066181183
R01,04,61,191,48,0.11347024142742157,0.1839713305234909,0.1918109506368637
R01,04,62,191,56,0.1145174577832222,0.18407976627349854,0.19065488874912262
R01,04,63,191,60,0.11214114725589752,0.1962810754776001,0.18582549691200256
R01,04,64,191,62,0.1086185872554779,0.19171415269374847,0.18194833397865295
R01,04,65,191,62,0.11153480410575867,0.19546553492546082,0.18709371984004974
R01,04,66,191,62,0.11457113921642303,0.19930437207221985,0.1973748356103897
R01,04,67,191,62,0.11138128489255905,0.1892409473657608,0.19059252738952637
R01,04,68,191,68,0.11148525029420853,0.18391719460487366,0.1888517141342163
R01,04,69,191,68,0.11204541474580765,0.1788623183965683,0.18641746044158936
R01,04,70,191,68,0.11307196319103241,0.17366844415664673,0.184034526348114
R01,04,71,191,68,0.1087019070982933,0.16961105167865753,0.18145349621772766
R01,04,72,191,68,0.11050672829151154,0.1680534929037094,0.180719792842865
R01,04,73,191,68,0.11379970610141754,0.17392243444919586,0.18705745041370392
R01,04,74,191,68,0.11269079893827438,0.17522230744361877,0.1888113021850586
R01,04,75,191,68,0.11375189572572708,0.17736583948135376,0.1875448226928711
R01,04,76,191,72,0.11533694714307785,0.18541374802589417,0.18505866825580597
R01,04,77,191,72,0.11143898963928223,0.17763660848140717,0.1801641881465912
R01,04,78,191,72,0.11130489408969879,0.17717605829238892,0.1820046454668045
R01,04,79,191,72,0.11310280859470367,0.17962560057640076,0.18558146059513092
R01,04,80,191,78,0.11357741057872772,0.1788209229707718,0.18636639416217804
R01,04,81,191,78,0.11656294018030167,0.18082116544246674,0.18787841498851776
R01,04,82,191,78,0.11900719255208969,0.18810394406318665,0.19377872347831726
R01,04,83,191,78,0.11499037593603134,0.18484991788864136,0.18975678086280823
R01,04,84,191,78,0.11273042857646942,0.1804884970188141,0.18357299268245697
R01,04,85,191,82,0.11203229427337646,0.1779288351535797,0.18184509873390198
R01,04,86,191,82,0.11111939698457718,0.17304162681102753,0.178018257021904
R01,04,87,191,82,0.11504603922367096,0.17403347790241241,0.18012498319149017
R01,04,88,191,82,0.11416063457727432,0.17125292122364044,0.1789638102054596
R01,04,89,191,82,0.11439716815948486,0.17363859713077545,0.1807737797498703
R01,04,90,191,82,0.11321370303630829,0.17025576531887054,0.1773395538330078
R01,04,91,191,82,0.11152949184179306,0.17329280078411102,0.17920339107513428
R01,04,92,191,90,0.10995909571647644,0.16951104998588562,0.17347490787506104
R01,04,93,191,90,0.109981469810009,0.1674564778804779,0.17104414105415344
R01,04,94,191,90,0.10885849595069885,0.16407792270183563,0.1695852279663086
R01,04,95,191,90,0.11562079191207886,0.17184771597385406,0.17764727771282196
R01,04,96,191,96,0.11296164244413376,0.16928277909755707,0.1756351888179779
R01,04,97,191,96,0.11475149542093277,0.17094124853610992,0.1782808154821396
R01,04,98,191,96,0.1126665323972702,0.1709858626127243,0.17724066972732544
R01,04,99,191,96,0.10833248496055603,0.1657913476228714,0.17200815677642822
R01,04,100,191,103,0.11091343313455582,0.1692991554737091,0.173171728849411
R01,04,101,191,103,0.11146774142980576,0.1668727546930313,0.17620034515857697
R01,04,102,191,103,0.11158328503370285,0.16792358458042145,0.17750011384487152
R01,04,103,191,103,0.110671266913414,0.16750924289226532,0.17658931016921997
R01,04,104,191,110,0.10959877073764801,0.18415282666683197,0.17863896489143372
R01,04,105,191,110,0.10766656696796417,0.18012987077236176,0.1792857050895691
R01,04,106,191,112,0.11046852171421051,0.18175043165683746,0.18294182419776917
R01,04,107,191,114,0.10977702587842941,0.1742624193429947,0.1789446473121643
R01,04,108,191,117,0.10940131545066833,0.17105251550674438,0.17976689338684082
R01,04,109,191,121,0.11273245513439178,0.19501857459545135,0.18125005066394806
R01,04,110,191,121,0.1136339008808136,0.19301731884479523,0.18547499179840088
R01,04,111,191,124,0.10880444198846817,0.18840064108371735,0.1842624843120575
R01,04,112,191,124,0.1079663559794426,0.18503741919994354,0.18286336958408356
R01,04,113,191,124,0.10729990899562836,0.18040847778320312,0.18065905570983887
R01,04,114,191,124,0.1099117323756218,0.18051734566688538,0.18240045011043549
R01,04,115,191,124,0.10656354576349258,0.17163969576358795,0.1768292933702469
R01,04,116,191,127,0.10690587759017944,0.1710306704044342,0.17919579148292542
R01,04,117,191,131,0.10405067354440689,0.18406742811203003,0.17862604558467865
R01,04,118,191,131,0.10527107119560242,0.18424375355243683,0.18089105188846588
R01,04,119,191,131,0.10505243390798569,0.1826927363872528,0.18036556243896484
R01,04,120,191,133,0.10503754019737244,0.17751756310462952,0.1764664500951767
R01,04,121,191,133,0.10457386076450348,0.1756274551153183,0.17663727700710297
R01,04,122,191,133,0.10348863899707794,0.1711268275976181,0.17676258087158203
R01,04,123,191,133,0.10602138936519623,0.1645934283733368,0.173561692237854
R01,04,124,191,139,0.10605550557374954,0.1668924242258072,0.1757340133190155
R01,04,125,191,139,0.10712426155805588,0.1651328057050705,0.1744387447834015
R01,04,126,191,139,0.10725405067205429,0.16680313646793365,0.17967882752418518
R01,04,127,191,139,0.10485652834177017,0.16364195942878723,0.17599639296531677
R01,04,128,191,139,0.10303439944982529,0.1647619605064392,0.17502562701702118
R01,04,129,191,139,0.10805344581604004,0.16851648688316345,0.17675963044166565
R01,04,130,191,142,0.10368891060352325,0.16832363605499268,0.17353865504264832
R01,04,131,191,142,0.1031113862991333,0.16639095544815063,0.17240577936172485
R01,04,132,191,145,0.10396642237901688,0.16539090871810913,0.17228581011295319
R01,04,133,191,145,0.10376725345849991,0.16807392239570618,0.17619074881076813
R01,04,134,191,151,0.10261125862598419,0.17811118066310883,0.17109686136245728
R01,04,135,191,151,0.1007939800620079,0.17262674868106842,0.1698956936597824
R01,04,136,191,150,0.10507562756538391,0.1746886968612671,0.17421123385429382
R01,04,137,191,150,0.10593600571155548,0.1748395413160324,0.17593595385551453
R01,04,138,191,150,0.10420721769332886,0.1735769510269165,0.17528393864631653
R01,04,139,191,150,0.10454333573579788,0.17286652326583862,0.17601242661476135
R01,04,140,191,153,0.10428152978420258,0.1750870645046234,0.1790788769721985
R01,04,141,191,153,0.10416144132614136,0.17138315737247467,0.17685271799564362
R01,04,142,191,162,0.10373585671186447,0.17600347101688385,0.17432910203933716
R01,04,143,191,162,0.10496097058057785,0.17630647122859955,0.1756419837474823
R01,04,144,191,173,0.10651955753564835,0.1898518055677414,0.1766549050807953
R01,04,145,191,173,0.1057831421494484,0.18597829341888428,0.17491289973258972
R01,04,146,191,173,0.10700815916061401,0.18633915483951569,0.17520396411418915
R01,04,147,191,173,0.10597904771566391,0.18139676749706268,0.172139510512352
R01,04,148,191,173,0.10458004474639893,0.18356119096279144,0.1743052452802658
R01,04,149,191,173,0.1067211925983429,0.1804664582014084,0.17258493602275848
R01,04,150,191,173,0.10504669696092606,0.1829686313867569,0.175784170627594
R01,04,151,191,173,0.10324078053236008,0.178921177983284,0.1712389439344406
R01,04,152,191,173,0.1042797863483429,0.1802559196949005,0.17427030205726624
R01,04,153,191,173,0.10374822467565536,0.17800262570381165,0.1740415096282959
R01,04,154,191,173,0.10105356574058533,0.17442983388900757,0.1712789386510849
R01,04,155,191,173,0.10374032706022263,0.1743641197681427,0.17241285741329193
R01,04,156,191,173,0.10249978303909302,0.17082372307777405,0.17028766870498657
R01,04,157,191,173,0.10444048047065735,0.17598414421081543,0.1758180856704712
R01,04,158,191,173,0.10309330374002457,0.17118513584136963,0.17125456035137177
R01,04,159,191,173,0.10484463721513748,0.17371706664562225,0.17401961982250214
R01,04,160,191,173,0.10371201485395432,0.16870473325252533,0.17058366537094116
R01,04,161,191,173,0.10065090656280518,0.16662253439426422,0.16809596121311188
R01,04,162,191,173,0.10405763238668442,0.17026518285274506,0.17228813469409943
R01,04,163,191,173,0.10466289520263672,0.16711241006851196,0.16952133178710938
R01,04,164,191,173,0.10079077631235123,0.16329386830329895,0.16697439551353455
R01,04,165,191,173,0.10163392126560211,0.1630883365869522,0.1662386804819107
R01,04,166,191,173,0.10240794718265533,0.16611431539058685,0.1692676693201065
R01,04,167,191,173,0.10324151068925858,0.16750754415988922,0.17044395208358765
R01,04,168,191,173,0.10531094670295715,0.16756759583950043,0.169209286570549
R01,04,169,191,173,0.10535503923892975,0.16598980128765106,0.16760407388210297
R01,04,170,191,173,0.10428028553724289,0.16398467123508453,0.16604255139827728
R01,04,171,191,173,0.10240694880485535,0.1645481437444687,0.16662999987602234
R01,04,172,191,173,0.10386089980602264,0.170022651553154,0.1709286868572235
R01,04,173,191,173,0.10494522005319595,0.16784465312957764,0.17003591358661652
R01,04,174,191,173,0.10481587052345276,0.1685812622308731,0.17027390003204346
R01,04,175,191,181,0.1078273132443428,0.16837313771247864,0.17199930548667908
R01,04,176,191,181,0.10804659128189087,0.17108792066574097,0.17485961318016052
R01,04,177,191,181,0.10696696490049362,0.16926030814647675,0.1732669621706009
R01,04,178,191,181,0.1045258492231369,0.1653929054737091,0.1703684777021408
R01,04,179,191,181,0.10779178142547607,0.16830025613307953,0.17411857843399048
R01,04,180,191,185,0.1051483154296875,0.16065797209739685,0.1672600507736206
R01,04,181,191,185,0.10585161298513412,0.163311168551445,0.16889622807502747
R01,04,182,191,185,0.10417446494102478,0.1629045307636261,0.168031707406044
R01,04,183,191,185,0.10579279810190201,0.16530483961105347,0.1706928312778473
R01,05,8,290,0,0.10393576323986053,0.15993884205818176,0.16481450200080872
R01,05,9,290,0,0.1040918305516243,0.161148801445961,0.165968120098114
R01,05,10,290,0,0.10347937792539597,0.15956486761569977,0.16460606455802917
R01,05,11,290,0,0.10690201818943024,0.16718558967113495,0.1721472293138504
R01,05,12,290,0,0.10506621748209,0.1659626066684723,0.17052897810935974
R01,05,13,290,0,0.10689955949783325,0.1659190058708191,0.17056110501289368
R01,05,14,290,0,0.10659267008304596,0.16405442357063293,0.16932213306427002
R01,05,15,290,0,0.1061086654663086,0.16183872520923615,0.16740868985652924
R01,05,16,290,0,0.10731132328510284,0.16420964896678925,0.16895747184753418
R01,05,17,290,6,0.10796236246824265,0.16456681489944458,0.16969865560531616
R01,05,18,290,6,0.10595514625310898,0.1642012894153595,0.16931022703647614
R01,05,19,290,12,0.1070876196026802,0.16739338636398315,0.16944704949855804
R01,05,20,290,12,0.10684236884117126,0.16446177661418915,0.16767781972885132
R01,05,21,290,12,0.10864771157503128,0.16895774006843567,0.17301028966903687
R01,05,22,290,12,0.10836008191108704,0.1686454564332962,0.17276623845100403
R01,05,23,290,12,0.10705430805683136,0.1638663113117218,0.16864199936389923
R01,05,24,290,12,0.10796497762203217,0.1643434762954712,0.16953586041927338
R01,05,25,290,12,0.10805430263280869,0.16154004633426666,0.16742022335529327
R01,05,26,290,12,0.11382865905761719,0.17163808643817902,0.1768462061882019
R01,05,27,290,12,0.10913272947072983,0.166217640042305,0.17208579182624817
R01,05,28,290,12,0.10897637903690338,0.16543076932430267,0.17067377269268036
R01,05,29,290,12,0.10975214093923569,0.16878288984298706,0.17388954758644104
R01,05,30,290,18,0.1102435365319252,0.16793105006217957,0.17199981212615967
R01,05,31,290,18,0.11258687824010849,0.17137251794338226,0.1750493049621582
R01,05,32,290,18,0.11307109147310257,0.17809627950191498,0.18124282360076904
R01,05,33,290,18,0.10711146891117096,0.17027010023593903,0.172814279794693
R01,05,34,290,18,0.10991287231445312,0.1749504953622818,0.17666831612586975
R01,05,35,290,18,0.11060740798711777,0.17431998252868652,0.1748267412185669
R01,05,36,290,18,0.10839290171861649,0.17380335927009583,0.17393217980861664
R01,05,37,290,18,0.10750003904104233,0.17636115849018097,0.1762416958808899
R01,05,38,290,18,0.11114732921123505,0.18165597319602966,0.18107494711875916
R01,05,39,290,18,0.11006448417901993,0.17901237308979034,0.17677655816078186
R01,05,40,290,18,0.10896845161914825,0.17779992520809174,0.17425969243049622
R01,05,41,290,18,0.10960826277732849,0.18160957098007202,0.1768110692501068
R01,05,42,290,20,0.10848546773195267,0.1713605374097824,0.1774654984474182
R01,05,43,290,20,0.11033093929290771,0.17278559505939484,0.17874263226985931
R01,05,44,290,20,0.10628525912761688,0.16893212497234344,0.17398861050605774
R01,05,45,290,24,0.10776729136705399,0.1732693910598755,0.17733456194400787
R01,05,46,290,25,0.10841186344623566,0.17595642805099487,0.17955929040908813
R01,05,47,290,27,0.10714198648929596,0.17412003874778748,0.17765304446220398
R01,05,48,290,27,0.10752268135547638,0.17414487898349762,0.17598772048950195
R01,05,49,290,27,0.1070748120546341,0.1795506477355957,0.18019451200962067
R01,05,50,290,36,0.10788781195878983,0.17264600098133087,0.18276262283325195
R01,05,51,290,36,0.10972776263952255,0.17408928275108337,0.18091723322868347
R01,05,52,290,36,0.10526417940855026,0.1651928573846817,0.17284782230854034
R01,05,53,290,36,0.10606400668621063,0.17042814195156097,0.17743773758411407
R01,05,54,290,36,0.10912386327981949,0.1744832843542099,0.18173199892044067
R01,05,55,290,36,0.10467703640460968,0.171242356300354,0.17841851711273193
R01,05,56,290,36,0.10965947806835175,0.17737595736980438,0.1833997219800949
R01,05,57,290,36,0.10644896328449249,0.17557214200496674,0.18018728494644165
R01,05,58,290,36,0.10804447531700134,0.17651069164276123,0.18029844760894775
R01,05,59,290,36,0.10888107120990753,0.17787647247314453,0.17964360117912292
R01,05,60,290,36,0.10457604378461838,0.1722165048122406,0.1731313019990921
R01,05,61,290,36,0.10649849474430084,0.18097178637981415,0.17707878351211548
R01,05,62,290,36,0.10759154707193375,0.18324890732765198,0.17717450857162476
R01,05,63,290,36,0.11131840199232101,0.1901402622461319,0.1816025674343109
R01,05,64,290,36,0.11200010031461716,0.18875548243522644,0.17975680530071259
R01,05,65,290,36,0.11110623925924301,0.19251643121242523,0.18019959330558777
R01,05,66,290,48,0.11226105690002441,0.17219002544879913,0.1815810203552246
R01,05,67,290,48,0.11020784080028534,0.17654544115066528,0.18376493453979492
R01,05,68,290,48,0.10924970358610153,0.17693769931793213,0.1826576292514801
R01,05,69,290,48,0.10895385593175888,0.1761261224746704,0.18009275197982788
R01,05,70,290,48,0.10959132015705109,0.17860226333141327,0.17889560759067535
R01,05,71,290,48,0.1066473126411438,0.17614181339740753,0.1750546544790268
R01,05,72,290,58,0.1120295375585556,0.17181050777435303,0.17874795198440552
R01,05,73,290,58,0.10869579762220383,0.16700246930122375,0.1741621196269989
R01,05,74,290,58,0.11279792338609695,0.17183557152748108,0.17862534523010254
R01,05,75,290,58,0.11202184855937958,0.16935648024082184,0.17546772956848145
R01,05,76,290,58,0.11013254523277283,0.16958484053611755,0.1745322048664093
R01,05,77,290,60,0.11149726808071136,0.17008298635482788,0.1759772002696991
R01,05,78,290,60,0.11050132662057877,0.16465988755226135,0.17201092839241028
R01,05,79,290,60,0.10964324325323105,0.16268937289714813,0.17048180103302002
R01,05,80,290,60,0.10875409096479416,0.16157373785972595,0.17096708714962006
R01,05,81,290,64,0.11168593168258667,0.16409698128700256,0.17517681419849396
R01,05,82,290,64,0.11158241331577301,0.16232897341251373,0.17468459904193878
R01,05,83,290,64,0.11537747085094452,0.16638830304145813,0.18011027574539185
R01,05,84,290,66,0.11063433438539505,0.16469773650169373,0.1776062399148941
R01,05,85,290,66,0.11211220920085907,0.1662304699420929,0.17827288806438446
R01,05,86,290,66,0.11044562608003616,0.1614144891500473,0.1737692952156067
R01,05,87,290,66,0.11013181507587433,0.15934817492961884,0.17140774428844452
R01,05,88,290,68,0.10944642126560211,0.15923649072647095,0.1704953908920288
R01,05,89,290,68,0.10820011049509048,0.16045141220092773,0.17104800045490265
R01,05,90,290,68,0.10862023383378983,0.16369430720806122,0.1734955757856369
R01,05,91,290,68,0.1069905087351799,0.16092312335968018,0.17022037506103516
R01,05,92,290,72,0.10823562741279602,0.16638758778572083,0.16720229387283325
R01,05,93,290,72,0.10840454697608948,0.1728130578994751,0.17384493350982666
R01,05,94,290,72,0.10752953588962555,0.17030346393585205,0.17165040969848633
R01,05,95,290,72,0.10888294875621796,0.17088142037391663,0.1726522296667099
R01,05,96,290,72,0.10638750344514847,0.16536755859851837,0.16904717683792114
R01,05,97,290,72,0.10610309988260269,0.16208775341510773,0.16697350144386292
R01,05,98,290,72,0.10568409413099289,0.16126693785190582,0.166752427816391
R01,05,99,290,72,0.10836189240217209,0.16720545291900635,0.1729276180267334
R01,05,100,290,72,0.11224669218063354,0.17057377099990845,0.17640693485736847
R01,05,101,290,72,0.10900670289993286,0.16630367934703827,0.17214912176132202
R01,05,102,290,72,0.10671377927064896,0.16372427344322205,0.16962933540344238
R01,05,103,290,72,0.11074066162109375,0.16573171317577362,0.17195910215377808
R01,05,104,290,72,0.10821474343538284,0.16634193062782288,0.17284879088401794
R01,05,105,290,72,0.1098455861210823,0.16411155462265015,0.17096100747585297
R01,05,106,290,75,0.11003576964139938,0.1674833744764328,0.17500460147857666
R01,05,107,290,75,0.11478565633296967,0.1720859706401825,0.17981964349746704
R01,05,108,290,78,0.11132083833217621,0.1679789125919342,0.1754172146320343
R01,05,109,290,78,0.11215554177761078,0.17193163931369781,0.17871953547000885
R01,05,110,290,78,0.10922874510288239,0.16783593595027924,0.17475689947605133
R01,05,111,290,78,0.1105351373553276,0.16854436695575714,0.17588761448860168
R01,05,112,290,78,0.10734480619430542,0.16446642577648163,0.1715603470802307
R01,05,113,290,78,0.10779295861721039,0.16507366299629211,0.17267581820487976
R01,05,114,290,78,0.10650505125522614,0.1642839014530182,0.17100204527378082
R01,05,115,290,78,0.10634513199329376,0.1655077040195465,0.17172330617904663
R01,05,116,290,78,0.10723046958446503,0.16461478173732758,0.16999386250972748
R01,05,117,290,78,0.10586253553628922,0.16483700275421143,0.17004868388175964
R01,05,118,290,78,0.1070609986782074,0.1670270562171936,0.17156139016151428
R01,05,119,290,78,0.11120252311229706,0.16936898231506348,0.17445555329322815
R01,05,120,290,78,0.10858067125082016,0.16963805258274078,0.1737063229084015
R01,05,121,290,78,0.10788677632808685,0.16948066651821136,0.17335064709186554
R01,05,122,290,78,0.1092110127210617,0.1689259260892868,0.1731709986925125
R01,05,123,290,78,0.10599006712436676,0.1691855490207672,0.17259716987609863
R01,05,124,290,78,0.1084139347076416,0.17299501597881317,0.1753617823123932
R01,05,125,290,78,0.11070066690444946,0.1750221699476242,0.17725080251693726
R01,05,126,290,78,0.11071004718542099,0.17772285640239716,0.1784135103225708
R01,05,127,290,78,0.10700017213821411,0.17378515005111694,0.17356300354003906
R01,05,128,290,78,0.10653818398714066,0.17366360127925873,0.17290376126766205
R01,05,129,290,78,0.10582984983921051,0.17784561216831207,0.17436769604682922
R01,05,130,290,78,0.10848358273506165,0.17994974553585052,0.17717745900154114
R01,05,131,290,78,0.10901864618062973,0.1831175535917282,0.17905446887016296
R01,05,132,290,78,0.10986741632223129,0.18421217799186707,0.1782219260931015
R01,05,133,290,78,0.10745705664157867,0.1850929707288742,0.1755940318107605
R01,05,134,290,78,0.10950741171836853,0.18687346577644348,0.17677465081214905
R01,05,135,290,85,0.10909784585237503,0.16742904484272003,0.17603270709514618
R01,05,136,290,85,0.10922585427761078,0.16893446445465088,0.17744535207748413
R01,05,137,290,85,0.10687661170959473,0.16503117978572845,0.17331761121749878
R01,05,138,290,85,0.10690809041261673,0.16229912638664246,0.17004236578941345
R01,05,139,290,85,0.10952332615852356,0.16735759377479553,0.17484837770462036
R01,05,140,290,85,0.10863591730594635,0.16761401295661926,0.17448407411575317
R01,05,141,290,85,0.10660720616579056,0.1639299988746643,0.1708177924156189
R01,05,142,290,85,0.10925373435020447,0.16736827790737152,0.17418073117733002
R01,05,143,290,85,0.11017601937055588,0.16891752183437347,0.17586125433444977
R01,05,144,290,85,0.11004389077425003,0.16932354867458344,0.1761263608932495
R01,05,145,290,85,0.11089657247066498,0.1707235723733902,0.17773260176181793
R01,05,146,290,85,0.11069513112306595,0.17255081236362457,0.1799735426902771
R01,05,147,290,85,0.11191674321889877,0.17492344975471497,0.17855386435985565
R01,05,148,290,85,0.10911377519369125,0.17064079642295837,0.17309531569480896
R01,05,149,290,85,0.11117784678936005,0.1736052930355072,0.17686866223812103
R01,05,150,290,85,0.1098627969622612,0.17324292659759521,0.17530043423175812
R01,05,151,290,85,0.10689420253038406,0.17002317309379578,0.1721268594264984
R01,05,152,290,85,0.10895251482725143,0.17259572446346283,0.17384538054466248
R01,05,153,290,105,0.10982756316661835,0.18365642428398132,0.1853160560131073
R01,05,154,290,109,0.10806302726268768,0.1801060140132904,0.1839655637741089
R01,05,155,290,109,0.10963913053274155,0.17791566252708435,0.18272100389003754
R01,05,156,290,109,0.10753403604030609,0.1756030172109604,0.1837259978055954
R01,05,157,290,109,0.10840373486280441,0.17756052315235138,0.19883231818675995
R01,05,158,290,109,0.10565341264009476,0.1727178990840912,0.19443973898887634
R01,05,159,290,116,0.11170214414596558,0.20721915364265442,0.2031897008419037
R01,05,160,290,116,0.11197947710752487,0.20222651958465576,0.19857043027877808
R01,05,161,290,111,0.10876584053039551,0.19874559342861176,0.19494879245758057
R01,05,162,290,111,0.10875120013952255,0.19673039019107819,0.1927625834941864
R01,05,163,290,111,0.10871544480323792,0.19602768123149872,0.1909157633781433
R01,05,164,290,109,0.10804209113121033,0.16940195858478546,0.1902606189250946
R01,05,165,290,109,0.10780027508735657,0.1679314225912094,0.1883501410484314
R01,05,166,290,109,0.10583025217056274,0.1667729914188385,0.1757804900407791
R01,05,167,290,109,0.10855100303888321,0.16855362057685852,0.17858365178108215
R01,05,168,290,109,0.1107921153306961,0.17076796293258667,0.17952778935432434
R01,05,169,290,106,0.10870137810707092,0.16737031936645508,0.17658931016921997
R01,05,170,290,103,0.10813246667385101,0.16575950384140015,0.1749889999628067
R01,05,171,290,103,0.10630755126476288,0.16443637013435364,0.17164765298366547
R01,05,172,290,103,0.10790737718343735,0.16374585032463074,0.17172209918498993
R01,05,173,290,103,0.10523887723684311,0.15989334881305695,0.1680786907672882
R01,05,174,290,103,0.1052810549736023,0.1579892635345459,0.1664096564054489
R01,05,175,290,103,0.10755515843629837,0.16093841195106506,0.16992947459220886
R01,05,176,290,103,0.10526066273450851,0.1611289232969284,0.17001508176326752
R01,05,177,290,103,0.10907130688428879,0.1615239977836609,0.1712186187505722
R01,05,178,290,103,0.11026773601770401,0.16132068634033203,0.17167143523693085
R01,05,179,290,103,0.10649054497480392,0.15747679769992828,0.16838906705379486
R01,05,180,290,103,0.10824746638536453,0.15731817483901978,0.168549045920372
R01,05,181,290,103,0.10809522867202759,0.1556602120399475,0.16722501814365387
R01,05,182,290,103,0.10963893681764603,0.15904054045677185,0.1708163619041443
R01,05,183,290,103,0.10843798518180847,0.15752142667770386,0.1688585728406906
R01,05,184,290,106,0.10654585808515549,0.15425239503383636,0.16543841361999512
R01,05,185,290,106,0.10712414234876633,0.15715372562408447,0.1681535542011261
R01,05,186,290,109,0.10580038279294968,0.15467587113380432,0.16651032865047455
R01,05,187,290,109,0.1039188802242279,0.15274550020694733,0.16508042812347412
R01,05,188,290,109,0.10458187758922577,0.15518565475940704,0.16729506850242615
R01,05,189,290,109,0.10387946665287018,0.15366797149181366,0.1660803258419037
R01,05,190,290,109,0.10587906837463379,0.15528811514377594,0.167893648147583
R01,05,191,290,109,0.10594793409109116,0.15435299277305603,0.16627545654773712
R01,05,192,290,109,0.10760346055030823,0.1569531112909317,0.16910961270332336
R01,05,193,290,109,0.10743004828691483,0.158255472779274,0.16953596472740173
R01,05,194,290,109,0.10569527745246887,0.156653493642807,0.16657036542892456
R01,05,195,290,109,0.10800795257091522,0.16228073835372925,0.17124316096305847
R01,05,196,290,109,0.10673798620700836,0.16068674623966217,0.1705521047115326
R01,05,197,290,109,0.10839027911424637,0.16519907116889954,0.17128494381904602
R01,05,198,290,109,0.11007130891084671,0.1668148934841156,0.1717579960823059
R01,05,199,290,109,0.10851989686489105,0.16710592806339264,0.1705690175294876
R01,05,200,290,109,0.11056498438119888,0.17350009083747864,0.1743529886007309
R01,05,201,290,114,0.10697421431541443,0.16044718027114868,0.170066237449646
R01,05,202,290,116,0.10613047331571579,0.16281896829605103,0.17129385471343994
R01,05,203,290,116,0.10354059934616089,0.15880267322063446,0.16728198528289795
R01,05,204,290,116,0.10832426697015762,0.16298940777778625,0.1718878448009491
R01,05,205,290,116,0.10829871147871017,0.16370470821857452,0.17315423488616943
R01,05,206,290,121,0.10603012144565582,0.17483732104301453,0.17318391799926758
R01,05,207,290,121,0.10826227813959122,0.17644448578357697,0.17693747580051422
R01,05,208,290,121,0.10570509731769562,0.1713537573814392,0.17354373633861542
R01,05,209,290,121,0.1060437336564064,0.16585995256900787,0.16916486620903015
R01,05,210,290,121,0.10660899430513382,0.16592295467853546,0.17043536901474
R01,05,211,290,121,0.1062086969614029,0.16380314528942108,0.17085281014442444
R01,05,212,290,124,0.10874738544225693,0.16693641245365143,0.1736728399991989
R01,05,213,290,124,0.10825451463460922,0.16768357157707214,0.1756037324666977
R01,05,214,290,124,0.11306785047054291,0.170784592628479,0.1792725920677185
R01,05,215,290,124,0.11187101155519485,0.1720622479915619,0.17912712693214417
R01,05,216,290,131,0.10866944491863251,0.17984743416309357,0.17560148239135742
R01,05,217,290,131,0.10950951278209686,0.17953993380069733,0.17947269976139069
R01,05,218,290,131,0.10731824487447739,0.17434538900852203,0.17741407454013824
R01,05,219,290,131,0.10743395239114761,0.17341139912605286,0.17726752161979675
R01,05,220,290,131,0.10929317027330399,0.1743549108505249,0.1795414835214615
R01,05,221,290,131,0.10674969851970673,0.16959254443645477,0.1758657991886139
R01,05,222,290,131,0.10941150039434433,0.1727103292942047,0.17995579540729523
R01,05,223,290,133,0.11357620358467102,0.17527282238006592,0.18353605270385742
R01,05,224,290,133,0.10874571651220322,0.17312362790107727,0.18239623308181763
R01,05,225,290,139,0.10897944867610931,0.1697300374507904,0.1789126694202423
R01,05,226,290,139,0.10874131321907043,0.1709483414888382,0.18011602759361267
R01,05,227,290,139,0.10916385054588318,0.1738934963941574,0.18355253338813782
R01,05,228,290,139,0.10885646194219589,0.1723274439573288,0.180637389421463
R01,05,229,290,139,0.11062916368246078,0.17368431389331818,0.1798054724931717
R01,05,230,290,139,0.10845230519771576,0.17313027381896973,0.17699506878852844
R01,05,231,290,142,0.10940174013376236,0.17176751792430878,0.17697930335998535
R01,05,232,290,142,0.10926923900842667,0.17089785635471344,0.17609238624572754
R01,05,233,290,142,0.11068741977214813,0.17159944772720337,0.17798572778701782
R01,05,234,290,142,0.10703501105308533,0.1683078110218048,0.17455658316612244
R01,05,235,290,142,0.1084587574005127,0.16820234060287476,0.1754538118839264
R01,05,236,290,145,0.10769660770893097,0.16598783433437347,0.17353062331676483
R01,05,237,290,145,0.10698513686656952,0.16683772206306458,0.17440447211265564
R01,05,238,290,145,0.10588813573122025,0.16688700020313263,0.17266610264778137
R01,05,239,290,145,0.10677501559257507,0.16956070065498352,0.17531585693359375
R01,05,240,290,150,0.10760686546564102,0.17423251271247864,0.1757129430770874
R01,05,241,290,151,0.11037621647119522,0.1766444444656372,0.17961975932121277
R01,05,242,290,151,0.11060795187950134,0.17343434691429138,0.17771625518798828
R01,05,243,290,151,0.10946518927812576,0.1741986870765686,0.18002885580062866
R01,05,244,290,151,0.10902804881334305,0.1748301386833191,0.1813993752002716
R01,05,245,290,151,0.10699624568223953,0.17267273366451263,0.1785619556903839
R01,05,246,290,151,0.10591570287942886,0.17218244075775146,0.17900913953781128
R01,05,247,290,151,0.1089543029665947,0.17527467012405396,0.1823711395263672
R01,05,248,290,151,0.10724763572216034,0.17262579500675201,0.17874157428741455
R01,05,249,290,151,0.10388573259115219,0.1705576628446579,0.17590180039405823
R01,05,250,290,151,0.10987285524606705,0.177647203207016,0.18314428627490997
R01,05,251,290,151,0.10867210477590561,0.17860254645347595,0.18143218755722046
R01,05,252,290,173,0.10691869258880615,0.18700888752937317,0.17984133958816528
R01,05,253,290,173,0.10709719359874725,0.18423452973365784,0.17671704292297363
R01,05,254,290,173,0.10384196788072586,0.17852391302585602,0.17190344631671906
R01,05,255,290,173,0.10654927790164948,0.18067070841789246,0.1763671487569809
R01,05,256,290,173,0.1058691143989563,0.18182644248008728,0.17773544788360596
R01,05,257,290,173,0.10419370234012604,0.17701305449008942,0.17353495955467224
R01,05,258,290,173,0.10471475124359131,0.17567452788352966,0.1735319197177887
R01,05,259,290,173,0.10756922513246536,0.17917785048484802,0.17858801782131195
R01,05,260,290,173,0.10759398341178894,0.17410066723823547,0.1763792634010315
R01,05,261,290,173,0.10604604333639145,0.17151670157909393,0.17343926429748535
R01,05,262,290,173,0.10687121748924255,0.1713876724243164,0.17496752738952637
R01,05,263,290,173,0.10451900959014893,0.16933198273181915,0.17385897040367126
R01,05,264,290,173,0.10826612263917923,0.17232449352741241,0.17700570821762085
R01,05,265,290,173,0.10706063359975815,0.17320580780506134,0.1774533987045288
R01,05,266,290,173,0.10471887141466141,0.1702149510383606,0.17490465939044952
R01,05,267,290,173,0.10358290374279022,0.16722120344638824,0.1734759509563446
R01,05,268,290,173,0.1073368489742279,0.16889294981956482,0.17589089274406433
R01,05,269,290,173,0.10531814396381378,0.16674338281154633,0.17393246293067932
R01,05,270,290,173,0.10525058209896088,0.16468283534049988,0.17147865891456604
R01,05,271,290,173,0.10559830814599991,0.16505779325962067,0.16821089386940002
R01,05,272,290,173,0.10770337283611298,0.16808335483074188,0.17171835899353027
R01,05,273,290,173,0.10790792852640152,0.17178624868392944,0.17468036711215973
R01,05,274,290,173,0.1090468168258667,0.17126789689064026,0.17517916858196259
R01,05,275,290,181,0.10797985643148422,0.17188933491706848,0.17391817271709442
R01,05,276,290,181,0.10594099760055542,0.16821148991584778,0.1732960343360901
R01,05,277,290,181,0.10650072246789932,0.16601788997650146,0.17128156125545502
R01,05,278,290,181,0.10641828924417496,0.1723112165927887,0.17637237906455994
R01,05,279,290,181,0.10570156574249268,0.1697993278503418,0.1752779483795166
R01,05,280,290,181,0.10817878693342209,0.1693977266550064,0.17573639750480652
R01,05,281,290,181,0.10558156669139862,0.169722780585289,0.1758650839328766
R01,05,282,290,181,0.10805835574865341,0.17094774544239044,0.17728811502456665
R01,06,8,233,185,0.10746993869543076,0.18353524804115295,0.1811845600605011
R01,06,9,233,185,0.1129666119813919,0.19249963760375977,0.19057175517082214
R01,06,10,233,185,0.11071466654539108,0.188848614692688,0.18684731423854828
R01,06,11,233,185,0.11295396089553833,0.19293031096458435,0.19083218276500702
R01,06,12,233,185,0.11129888147115707,0.1880003660917282,0.18617740273475647
R01,06,13,233,185,0.10902131348848343,0.18429197371006012,0.18304596841335297
R01,06,14,233,185,0.10867834836244583,0.18840686976909637,0.19051270186901093
R01,06,15,233,185,0.10976318269968033,0.19302505254745483,0.1947169303894043
R01,06,16,233,185,0.10769785195589066,0.19111956655979156,0.19378003478050232
R01,06,17,233,181,0.10967231541872025,0.19246992468833923,0.19539690017700195
R01,06,18,233,181,0.11185522377490997,0.1962873637676239,0.19979824125766754
R01,06,19,233,181,0.1077805608510971,0.19484618306159973,0.19732114672660828
R01,06,20,233,181,0.11028821766376495,0.19600585103034973,0.19818998873233795
R01,06,21,233,181,0.10925818234682083,0.19467853009700775,0.19698387384414673
R01,06,22,233,181,0.11107882857322693,0.19815610349178314,0.2015143781900406
R01,06,23,233,181,0.1071636751294136,0.19356165826320648,0.19686394929885864
R01,06,24,233,181,0.10703957080841064,0.19572721421718597,0.1992303878068924
R01,06,25,233,181,0.10474551469087601,0.19221949577331543,0.19716612994670868
R01,06,26,233,181,0.10930795967578888,0.20167769491672516,0.2059134840965271
R01,06,27,233,173,0.10891540348529816,0.21048496663570404,0.20889681577682495
R01,06,28,233,173,0.10901401937007904,0.20818673074245453,0.2073531150817871
R01,06,29,233,173,0.10795165598392487,0.20598310232162476,0.20484429597854614
R01,06,30,233,173,0.10807722806930542,0.20214486122131348,0.20072558522224426
R01,06,31,233,173,0.11156885325908661,0.20753566920757294,0.20712381601333618
R01,06,32,233,173,0.11052101105451584,0.20722487568855286,0.20625028014183044
R01,06,33,233,173,0.10754968971014023,0.20252162218093872,0.2020784616470337
R01,06,34,233,173,0.11019288003444672,0.2089158594608307,0.20858946442604065
R01,06,35,233,173,0.10869169980287552,0.20504412055015564,0.20521274209022522
R01,06,36,233,173,0.10795242339372635,0.20610342919826508,0.20675072073936462
R01,06,37,233,173,0.1102520078420639,0.205846905708313,0.20861701667308807
R01,06,38,233,173,0.11341549456119537,0.2103452831506729,0.2129327952861786
R01,06,39,233,173,0.10977275669574738,0.20668703317642212,0.2098410427570343
R01,06,40,233,173,0.11214124411344528,0.2102695107460022,0.2131483256816864
R01,06,41,233,173,0.11254289746284485,0.21121832728385925,0.2134963870048523
R01,06,42,233,173,0.10957809537649155,0.20671331882476807,0.20851999521255493
R01,06,43,233,173,0.11180853098630905,0.21208474040031433,0.21456822752952576
R01,06,44,233,173,0.11141958087682724,0.21258187294006348,0.21486809849739075
R01,06,45,233,162,0.11030909419059753,0.21129180490970612,0.21235033869743347
R01,06,46,233,162,0.1110868901014328,0.2119627147912979,0.21271875500679016
R01,06,47,233,162,0.11278030276298523,0.21589834988117218,0.21714165806770325
R01,06,48,233,162,0.11252877861261368,0.21505318582057953,0.2161119282245636
R01,06,49,233,162,0.11031871289014816,0.21266108751296997,0.21650850772857666
R01,06,50,233,162,0.11029686033725739,0.21297450363636017,0.21654857695102692
R01,06,51,233,162,0.10847897082567215,0.21158939599990845,0.21505959331989288
R01,06,52,233,162,0.11341377347707748,0.2154698371887207,0.21912865340709686
R01,06,53,233,154,0.11309763044118881,0.2166116088628769,0.2159692496061325
R01,06,54,233,154,0.11085903644561768,0.21603648364543915,0.21573936939239502
R01,06,55,233,154,0.1139468178153038,0.22102445363998413,0.22049686312675476
R01,06,56,233,151,0.11303816735744476,0.222859188914299,0.22174450755119324
R01,06,57,233,151,0.11417598277330399,0.2242850363254547,0.22417667508125305
R01,06,58,233,145,0.11018162220716476,0.220274418592453,0.22119790315628052
R01,06,59,233,145,0.11122141033411026,0.22237761318683624,0.22270657122135162
R01,06,60,233,145,0.11252615600824356,0.22630105912685394,0.22682508826255798
R01,06,61,233,142,0.1108190193772316,0.2241232544183731,0.22498241066932678
R01,06,62,233,142,0.11089065670967102,0.2246391475200653,0.22513754665851593
R01,06,63,233,142,0.11145114153623581,0.220249742269516,0.22017014026641846
R01,06,64,233,142,0.11547388881444931,0.23054584860801697,0.2292751669883728
R01,06,65,233,142,0.11476512253284454,0.2265738993883133,0.22538527846336365
R01,06,66,233,142,0.11408080905675888,0.22686009109020233,0.22436664998531342
R01,06,67,233,142,0.11849413067102432,0.23187649250030518,0.23024019598960876
R01,06,68,233,139,0.1141953095793724,0.2211078405380249,0.22355900704860687
R01,06,69,233,139,0.11724364012479782,0.22428053617477417,0.22709126770496368
R01,06,70,233,133,0.1169305145740509,0.22631657123565674,0.22924810647964478
R01,06,71,233,133,0.1152663305401802,0.22053100168704987,0.22328892350196838
R01,06,72,233,133,0.11758879572153091,0.22393661737442017,0.22626075148582458
R01,06,73,233,133,0.11846966296434402,0.22085541486740112,0.22409644722938538
R01,06,74,233,133,0.11379148066043854,0.22132153809070587,0.22436237335205078
R01,06,75,233,133,0.1171199306845665,0.22351568937301636,0.22658979892730713
R01,06,76,233,127,0.11543616652488708,0.2267715036869049,0.22507357597351074
R01,06,77,233,127,0.11757667362689972,0.2266213297843933,0.22528137266635895
R01,06,78,233,127,0.11799471080303192,0.22786566615104675,0.225874662399292
R01,06,79,233,127,0.11829658597707748,0.2273927927017212,0.22597986459732056
R01,06,80,233,127,0.11607629060745239,0.22332768142223358,0.22195234894752502
R01,06,81,233,127,0.11291694641113281,0.2231462299823761,0.2215467393398285
R01,06,82,233,127,0.11628814786672592,0.22314877808094025,0.22108721733093262
R01,06,83,233,127,0.11414351314306259,0.22145047783851624,0.21984156966209412
R01,06,84,233,127,0.11490094661712646,0.21977338194847107,0.21802270412445068
R01,06,85,233,127,0.11577766388654709,0.22039884328842163,0.2191503643989563
R01,06,86,233,127,0.1150822564959526,0.221188485622406,0.21902504563331604
R01,06,87,233,127,0.1144413873553276,0.22004389762878418,0.21919235587120056
R01,06,88,233,127,0.11668014526367188,0.22241859138011932,0.2210683822631836
R01,06,89,233,127,0.11211056262254715,0.21685446798801422,0.21684256196022034
R01,06,90,233,127,0.1123351976275444,0.21833086013793945,0.21694450080394745
R01,06,91,233,127,0.11545861512422562,0.22932584583759308,0.22732798755168915
R01,06,92,233,127,0.11407492309808731,0.22246168553829193,0.22084511816501617
R01,06,93,233,127,0.11324399709701538,0.22159378230571747,0.2195020467042923
R01,06,94,233,127,0.1112494170665741,0.21825681626796722,0.21536532044410706
R01,06,95,233,127,0.11415564268827438,0.2209482491016388,0.21778935194015503
R01,06,96,233,127,0.11307837814092636,0.2201477289199829,0.2173338234424591
R01,06,97,233,127,0.1129925325512886,0.22164730727672577,0.21837031841278076
R01,06,98,233,116,0.1109086275100708,0.2102622091770172,0.21596208214759827
R01,06,99,233,116,0.11262443661689758,0.2116866409778595,0.2180536389350891
R01,06,100,233,116,0.11194290220737457,0.2110351026058197,0.21832634508609772
R01,06,101,233,116,0.11310457438230515,0.21072138845920563,0.21756473183631897
R01,06,102,233,116,0.11249751597642899,0.21059347689151764,0.21204596757888794
R01,06,103,233,116,0.11366938799619675,0.2108423411846161,0.21261745691299438
R01,06,104,233,116,0.11113984882831573,0.20741425454616547,0.215526282787323
R01,06,105,233,116,0.11261647939682007,0.20886635780334473,0.2170393168926239
R01,06,106,233,116,0.11466054618358612,0.20815634727478027,0.2172175794839859
R01,06,107,233,116,0.1130821481347084,0.2041236013174057,0.214008629322052
R01,06,108,233,116,0.11332690715789795,0.2052893489599228,0.21575504541397095
R01,06,109,233,116,0.11548320204019547,0.2040378898382187,0.21466609835624695
R01,06,110,233,127,0.11914001405239105,0.22640788555145264,0.22233116626739502
R01,06,111,233,127,0.11455100029706955,0.22003668546676636,0.21636787056922913
R01,06,112,233,127,0.11698805540800095,0.22064878046512604,0.21791872382164001
R01,06,113,233,127,0.11609628796577454,0.22202207148075104,0.21915963292121887
R01,06,114,233,127,0.1157311350107193,0.2181476503610611,0.21610933542251587
R01,06,115,233,127,0.11423956602811813,0.21749736368656158,0.21604494750499725
R01,06,116,233,127,0.11332627385854721,0.21694108843803406,0.2152634561061859
R01,06,117,233,127,0.11629097908735275,0.2174839973449707,0.217476949095726
R01,06,118,233,127,0.11429525166749954,0.21601641178131104,0.2158118635416031
R01,06,119,233,127,0.11233881115913391,0.21182267367839813,0.21733471751213074
R01,06,120,233,127,0.11342176049947739,0.2174960970878601,0.22214645147323608
R01,06,121,233,127,0.10966117680072784,0.20979222655296326,0.21508243680000305
R01,06,122,233,127,0.11127089709043503,0.21170558035373688,0.2177574187517166
R01,06,123,233,57,0.11339359730482101,0.22632822394371033,0.2204398363828659
R01,06,124,233,57,0.11062591522932053,0.22165708243846893,0.22075119614601135
R01,06,125,233,57,0.11210297793149948,0.22548454999923706,0.22334024310112
R01,06,126,233,57,0.11437079310417175,0.22925855219364166,0.2282637655735016
R01,06,127,233,57,0.1162409856915474,0.22841611504554749,0.22740888595581055
R01,06,128,233,57,0.11588992923498154,0.22720681130886078,0.22484809160232544
R01,06,129,233,57,0.11241764575242996,0.22417554259300232,0.22329744696617126
R01,06,130,233,57,0.11165452748537064,0.22597861289978027,0.2249726951122284
R01,06,131,233,57,0.11547883599996567,0.23169147968292236,0.2309422791004181
R01,06,132,233,57,0.1155228540301323,0.23020431399345398,0.22910748422145844
R01,06,133,233,57,0.11453275382518768,0.22874921560287476,0.22760961949825287
R01,06,134,233,57,0.11425105482339859,0.22815106809139252,0.22703507542610168
R01,06,135,233,57,0.1143299862742424,0.22866545617580414,0.2278933823108673
R01,06,136,233,57,0.11430151760578156,0.2261788249015808,0.22584253549575806
R01,06,137,233,57,0.11417141556739807,0.22641538083553314,0.2252902388572693
R01,06,138,233,57,0.11649234592914581,0.2268580198287964,0.2260584831237793
R01,06,139,233,57,0.11757902801036835,0.22712580859661102,0.22655433416366577
R01,06,140,233,57,0.11498010903596878,0.22940488159656525,0.22856426239013672
R01,06,141,233,57,0.11742382496595383,0.23055030405521393,0.22896340489387512
R01,06,142,233,57,0.1124478355050087,0.22133485972881317,0.22030037641525269
R01,06,143,233,48,0.11560618132352829,0.22634486854076385,0.2253919243812561
R01,06,144,233,48,0.11528179794549942,0.22700397670269012,0.22603261470794678
R01,06,145,233,45,0.11449185013771057,0.22546356916427612,0.22473546862602234
R01,06,146,233,45,0.11467627435922623,0.22613097727298737,0.2259555160999298
R01,06,147,233,45,0.11445055156946182,0.2229384481906891,0.2220168262720108
R01,06,148,233,45,0.11494442075490952,0.22180821001529694,0.22067877650260925
R01,06,149,233,45,0.11603381484746933,0.22566653788089752,0.22475427389144897
R01,06,150,233,45,0.11652658134698868,0.22566811740398407,0.22449859976768494
R01,06,151,233,45,0.1156780794262886,0.22448749840259552,0.22328829765319824
R01,06,152,233,45,0.11757862567901611,0.22817108035087585,0.22743038833141327
R01,06,153,233,36,0.11538142710924149,0.22196583449840546,0.2239072620868683
R01,06,154,233,36,0.11283455789089203,0.22039388120174408,0.22191284596920013
R01,06,155,233,36,0.1159808337688446,0.22721226513385773,0.22785817086696625
R01,06,156,233,36,0.11704462766647339,0.22362956404685974,0.22540172934532166
R01,06,157,233,36,0.11598014086484909,0.22446413338184357,0.22565098106861115
R01,06,158,233,36,0.11511919647455215,0.21785783767700195,0.21934722363948822
R01,06,159,233,36,0.1120348796248436,0.2180594503879547,0.22022879123687744
R01,06,160,233,36,0.1168699637055397,0.22762858867645264,0.22828929126262665
R01,06,161,233,36,0.1155194416642189,0.2281690239906311,0.22804811596870422
R01,06,162,233,36,0.11452579498291016,0.22665105760097504,0.22553664445877075
R01,06,163,233,36,0.11417770385742188,0.22345389425754547,0.22237567603588104
R01,06,164,233,36,0.11364682763814926,0.2243981510400772,0.2225353717803955
R01,06,165,233,36,0.11606673151254654,0.22576075792312622,0.22359728813171387
R01,06,166,233,36,0.11360135674476624,0.22656306624412537,0.22447597980499268
R01,06,167,233,36,0.11419624835252762,0.22229279577732086,0.22024929523468018
R01,06,168,233,36,0.11309816688299179,0.21979385614395142,0.2177615463733673
R01,06,169,233,36,0.11399540305137634,0.21888601779937744,0.21634861826896667
R01,06,170,233,36,0.11505193263292313,0.2199655920267105,0.2181011438369751
R01,06,171,233,36,0.1153772622346878,0.22068868577480316,0.21864664554595947
R01,06,172,233,36,0.12056675553321838,0.22998785972595215,0.22759869694709778
R01,06,173,233,36,0.11709748208522797,0.22733347117900848,0.22433263063430786
R01,06,174,233,36,0.11647217720746994,0.22391429543495178,0.22117125988006592
R01,06,175,233,36,0.11589780449867249,0.22658772766590118,0.22389838099479675
R01,06,176,233,36,0.11702302098274231,0.2300979495048523,0.2282552421092987
R01,06,177,233,36,0.11727321147918701,0.22586505115032196,0.22504529356956482
R01,06,178,233,36,0.11778003722429276,0.2278500348329544,0.2263992428779602
R01,06,179,233,36,0.11593744903802872,0.22238875925540924,0.22102978825569153
R01,06,180,233,36,0.11987540125846863,0.22056014835834503,0.22000211477279663
R01,06,181,233,36,0.11719508469104767,0.2175968736410141,0.21729998290538788
R01,06,182,233,36,0.1139468178153038,0.2150639146566391,0.2151419222354889
R01,06,183,233,36,0.11499734967947006,0.21300223469734192,0.2134738564491272
R01,06,184,233,36,0.11785686016082764,0.21692577004432678,0.21729916334152222
R01,06,185,233,36,0.11239553242921829,0.21373465657234192,0.21502822637557983
R01,06,186,233,36,0.11408763378858566,0.2169494926929474,0.21766337752342224
R01,06,187,233,36,0.11435174196958542,0.21598759293556213,0.21668359637260437
R01,06,188,233,36,0.1132025346159935,0.21474504470825195,0.21556591987609863
R01,06,189,233,36,0.1096196249127388,0.2137780785560608,0.2143588811159134
R01,06,190,233,36,0.11339949816465378,0.21621812880039215,0.21575604379177094
R01,06,191,233,36,0.10980063676834106,0.21178662776947021,0.21203114092350006
R01,06,192,233,36,0.11555909365415573,0.2165619134902954,0.2171955704689026
R01,06,193,233,36,0.11512928456068039,0.21638795733451843,0.21582528948783875
R01,06,194,233,36,0.11542804539203644,0.21695728600025177,0.21600916981697083
R01,06,195,233,36,0.11714375019073486,0.22132223844528198,0.220023512840271
R01,06,196,233,36,0.11733337491750717,0.21692097187042236,0.21673372387886047
R01,06,197,233,36,0.11388310045003891,0.21602249145507812,0.21433034539222717
R01,06,198,233,36,0.11153174936771393,0.21246013045310974,0.21104468405246735
R01,06,199,233,36,0.11569532752037048,0.21593475341796875,0.2142973244190216
R01,06,200,233,36,0.11272746324539185,0.21505647897720337,0.21216006577014923
R01,06,201,233,36,0.11293710023164749,0.2158517986536026,0.21362736821174622
R01,06,202,233,25,0.11134352535009384,0.2099512368440628,0.2116241455078125
R01,06,203,233,25,0.10931875556707382,0.20731070637702942,0.2087060660123825
R01,06,204,233,25,0.11048229783773422,0.2095344066619873,0.21098369359970093
R01,06,205,233,25,0.10748826712369919,0.20822662115097046,0.2091883420944214
R01,06,206,233,25,0.11126051843166351,0.21314215660095215,0.21402889490127563
R01,06,207,233,25,0.10937876999378204,0.20725050568580627,0.20799124240875244
R01,06,208,233,25,0.11117421835660934,0.20981870591640472,0.21114903688430786
R01,06,209,233,25,0.11271607875823975,0.21082960069179535,0.21224761009216309
R01,06,210,233,25,0.10595393925905228,0.20490515232086182,0.2055828869342804
R01,06,211,233,25,0.10971501469612122,0.2166701853275299,0.21638187766075134
R01,06,212,233,25,0.10972422361373901,0.21453674137592316,0.21447531878948212
R01,06,213,233,25,0.11174244433641434,0.21746696531772614,0.2169240117073059
R01,06,214,233,25,0.11228829622268677,0.21623870730400085,0.21687951683998108
R01,06,215,233,36,0.11685829609632492,0.2187199592590332,0.2175331711769104
R01,06,216,233,36,0.11498583108186722,0.2157011330127716,0.21365094184875488
R01,06,217,233,36,0.11174286901950836,0.21335992217063904,0.21277330815792084
R01,06,218,233,36,0.11195150017738342,0.21346059441566467,0.2112765610218048
R01,06,219,233,36,0.11016107350587845,0.21222813427448273,0.20983591675758362
R01,06,220,233,36,0.11070208996534348,0.2111431211233139,0.20864242315292358
R01,06,221,233,36,0.11356700211763382,0.2112777829170227,0.20895956456661224
R01,06,222,233,36,0.11118893325328827,0.20790104568004608,0.20489776134490967
R01,06,223,233,36,0.10976527631282806,0.20732635259628296,0.20420847833156586
R01,06,224,233,36,0.11152151972055435,0.21152949333190918,0.20882385969161987
R01,06,225,233,25,0.11075778305530548,0.2077394425868988,0.20817609131336212
R01,07,8,231,0,0.10696125030517578,0.17169012129306793,0.17493875324726105
R01,07,9,231,0,0.1081475168466568,0.17326132953166962,0.17664091289043427
R01,07,10,231,0,0.1056954637169838,0.1692965179681778,0.1733250916004181
R01,07,11,231,0,0.10866459459066391,0.17182791233062744,0.1751217246055603
R01,07,12,231,0,0.10769952088594437,0.17075307667255402,0.17482158541679382
R01,07,13,231,0,0.10721567273139954,0.1695316880941391,0.1738588958978653
R01,07,14,231,0,0.10898236930370331,0.17360953986644745,0.1772937774658203
R01,07,15,231,0,0.10867137461900711,0.17236144840717316,0.1757933348417282
R01,07,16,231,6,0.11047757416963577,0.17343300580978394,0.17711114883422852
R01,07,17,231,6,0.10721628367900848,0.17193534970283508,0.17535679042339325
R01,07,18,231,6,0.11397475004196167,0.18274269998073578,0.18555958569049835
R01,07,19,231,6,0.111574187874794,0.1799391359090805,0.1828078329563141
R01,07,20,231,6,0.11159481108188629,0.17959392070770264,0.181857168674469
R01,07,21,231,6,0.10867761820554733,0.17897233366966248,0.18091042339801788
R01,07,22,231,12,0.10830501466989517,0.17636707425117493,0.18010017275810242
R01,07,23,231,12,0.11220596730709076,0.18245656788349152,0.18655124306678772
R01,07,24,231,12,0.11160328984260559,0.1807536631822586,0.18570975959300995
R01,07,25,231,12,0.11315010488033295,0.1818016618490219,0.1866181343793869
R01,07,26,231,12,0.11113511025905609,0.18444758653640747,0.18926239013671875
R01,07,27,231,12,0.11263063549995422,0.1863788515329361,0.18960079550743103
R01,07,28,231,12,0.11659068614244461,0.19221711158752441,0.1946467161178589
R01,07,29,231,13,0.11662059277296066,0.1902526468038559,0.195144385099411
R01,07,30,231,25,0.11317406594753265,0.19094344973564148,0.19381524622440338
R01,07,31,231,25,0.11267375946044922,0.18764188885688782,0.19060510396957397
R01,07,32,231,25,0.11307521164417267,0.18569065630435944,0.189721018075943
R01,07,33,231,25,0.11184962093830109,0.18599969148635864,0.19143468141555786
R01,07,34,231,25,0.11375090479850769,0.18250811100006104,0.18908286094665527
R01,07,35,231,25,0.11042262613773346,0.1791125237941742,0.18606680631637573
R01,07,36,231,25,0.10803818702697754,0.1766931712627411,0.18421058356761932
R01,07,37,231,25,0.10897711664438248,0.1797322928905487,0.186488538980484
R01,07,38,231,27,0.11018460988998413,0.17977210879325867,0.18729829788208008
R01,07,39,231,27,0.11159306019544601,0.18025964498519897,0.18710112571716309
R01,07,40,231,27,0.10996578633785248,0.18030595779418945,0.18620085716247559
R01,07,41,231,36,0.11105940490961075,0.18764875829219818,0.18780258297920227
R01,07,42,231,36,0.11152423918247223,0.1872425377368927,0.1901603639125824
R01,07,43,231,36,0.11061595380306244,0.18625250458717346,0.1897958368062973
R01,07,44,231,36,0.10831015557050705,0.18327492475509644,0.18793660402297974
R01,07,45,231,36,0.10725704580545425,0.17869551479816437,0.184605211019516
R01,07,46,231,36,0.11156398057937622,0.18498648703098297,0.19097216427326202
R01,07,47,231,36,0.11348046362400055,0.18360105156898499,0.19025841355323792
R01,07,48,231,36,0.11586961895227432,0.1844789683818817,0.19239872694015503
R01,07,49,231,36,0.11068323254585266,0.18108554184436798,0.1886141151189804
R01,07,50,231,36,0.11060455441474915,0.17752453684806824,0.1847418248653412
R01,07,51,231,36,0.11343774944543839,0.18238452076911926,0.1888185441493988
R01,07,52,231,36,0.11238601058721542,0.18164898455142975,0.18745040893554688
R01,07,53,231,36,0.11146924644708633,0.1824919581413269,0.1879677176475525
R01,07,54,231,36,0.11092285066843033,0.18291489779949188,0.18715587258338928
R01,07,55,231,36,0.11066674441099167,0.18531382083892822,0.1876721978187561
R01,07,56,231,36,0.11037294566631317,0.1895480453968048,0.19105055928230286
R01,07,57,231,36,0.11094849556684494,0.19034089148044586,0.1915527731180191
R01,07,58,231,36,0.11365003138780594,0.19515080749988556,0.19499602913856506
R01,07,59,231,36,0.11098477989435196,0.19334349036216736,0.19046156108379364
R01,07,60,231,48,0.11115274578332901,0.18319043517112732,0.19281989336013794
R01,07,61,231,48,0.11400693655014038,0.1850104033946991,0.19379477202892303
R01,07,62,231,48,0.11278317123651505,0.18227781355381012,0.19094279408454895
R01,07,63,231,48,0.11052898317575455,0.17633797228336334,0.18650653958320618
R01,07,64,231,48,0.11302268505096436,0.1825028955936432,0.1901548206806183
R01,07,65,231,48,0.11243687570095062,0.18178942799568176,0.18853142857551575
R01,07,66,231,48,0.11489776521921158,0.1875731647014618,0.19251692295074463
R01,07,67,231,48,0.11204613745212555,0.18691080808639526,0.19620174169540405
R01,07,68,231,48,0.11279322952032089,0.18997083604335785,0.19185936450958252
R01,07,69,231,48,0.11339116841554642,0.18947258591651917,0.19027632474899292
R01,07,70,231,57,0.11231542378664017,0.18625158071517944,0.19209401309490204
R01,07,71,231,57,0.1149117723107338,0.1886577606201172,0.1943664848804474
R01,07,72,231,57,0.11385517567396164,0.18581034243106842,0.19177797436714172
R01,07,73,231,57,0.11820235103368759,0.1920991837978363,0.19755913317203522
R01,07,74,231,57,0.11135249584913254,0.1843019723892212,0.1895369589328766
R01,07,75,231,57,0.11289113759994507,0.1835157573223114,0.18904805183410645
R01,07,76,231,57,0.11071953922510147,0.17924940586090088,0.18851444125175476
R01,07,77,231,57,0.11009364575147629,0.1777786910533905,0.18676994740962982
R01,07,78,231,57,0.10907530039548874,0.17610111832618713,0.18516160547733307
R01,07,79,231,57,0.1095018982887268,0.17714257538318634,0.1848219782114029
R01,07,80,231,57,0.11260300874710083,0.18105486035346985,0.1808520257472992
R01,07,81,231,68,0.11701257526874542,0.1792711764574051,0.189973384141922
R01,07,82,231,68,0.11023570597171783,0.1720903217792511,0.18376687169075012
R01,07,83,231,68,0.11322028934955597,0.17561641335487366,0.18702515959739685
R01,07,84,231,68,0.11027812212705612,0.17066816985607147,0.18266531825065613
R01,07,85,231,68,0.11132682859897614,0.1725340634584427,0.18456090986728668
R01,07,86,231,68,0.10992295295000076,0.17110083997249603,0.18816354870796204
R01,07,87,231,68,0.1103493720293045,0.1703615039587021,0.188125342130661
R01,07,88,231,68,0.11097171157598495,0.17344561219215393,0.19134902954101562
R01,07,89,231,68,0.11162916570901871,0.17507950961589813,0.19178861379623413
R01,07,90,231,68,0.10987284034490585,0.17140020430088043,0.18891021609306335
R01,07,91,231,68,0.11475153267383575,0.17866864800453186,0.19430439174175262
R01,07,92,231,68,0.11710549890995026,0.18366169929504395,0.19744911789894104
R01,07,93,231,68,0.11646617949008942,0.18844404816627502,0.19875800609588623
R01,07,94,231,77,0.11723554134368896,0.1821882277727127,0.1982516199350357
R01,07,95,231,77,0.1149764209985733,0.1795194447040558,0.19746097922325134
R01,07,96,231,77,0.11082576215267181,0.17638276517391205,0.1940234899520874
R01,07,97,231,77,0.10931846499443054,0.17470447719097137,0.19230790436267853
R01,07,98,231,77,0.11319182813167572,0.17678207159042358,0.19517403841018677
R01,07,99,231,77,0.11067596822977066,0.1748639941215515,0.19361451268196106
R01,07,100,231,77,0.11156841367483139,0.17651867866516113,0.19496586918830872
R01,07,101,231,77,0.11316467076539993,0.17967312037944794,0.20410072803497314
R01,07,102,231,116,0.11009296774864197,0.21174892783164978,0.2002030462026596
R01,07,103,231,116,0.11124290525913239,0.21470415592193604,0.20446570217609406
R01,07,104,231,116,0.11430439352989197,0.21521879732608795,0.2084161937236786
R01,07,105,231,116,0.11129925400018692,0.21437150239944458,0.209622323513031
R01,07,106,231,116,0.11034731566905975,0.21041126549243927,0.2088930606842041
R01,07,107,231,116,0.1131460890173912,0.21370890736579895,0.21231845021247864
R01,07,108,231,116,0.11493925750255585,0.21734492480754852,0.21495813131332397
R01,07,109,231,116,0.11077212542295456,0.20996791124343872,0.20810377597808838
R01,07,110,231,116,0.10834255814552307,0.20298831164836884,0.20110350847244263
R01,07,111,231,109,0.11109607666730881,0.18670544028282166,0.20019783079624176
R01,07,112,231,116,0.10835326462984085,0.19912399351596832,0.19742760062217712
R01,07,113,231,116,0.11002122610807419,0.1995013952255249,0.19812427461147308
R01,07,114,231,109,0.10631833225488663,0.18048076331615448,0.19729062914848328
R01,07,115,231,109,0.10907842963933945,0.17926718294620514,0.19671308994293213
R01,07,116,231,109,0.10990394651889801,0.17818816006183624,0.1973116397857666
R01,07,117,231,112,0.10916285961866379,0.19666928052902222,0.19528603553771973
R01,07,118,231,114,0.1085764542222023,0.1922263354063034,0.19045600295066833
R01,07,119,231,114,0.11020156741142273,0.19041776657104492,0.18960750102996826
R01,07,120,231,114,0.11022618412971497,0.19183598458766937,0.19076746702194214
R01,07,121,231,114,0.10995704680681229,0.19072186946868896,0.18967396020889282
R01,07,122,231,116,0.10510986298322678,0.1858626753091812,0.18549180030822754
R01,07,123,231,116,0.10729636996984482,0.18698370456695557,0.18743759393692017
R01,07,124,231,118,0.11105839163064957,0.19126920402050018,0.1928766965866089
R01,07,125,231,118,0.11485572159290314,0.191301628947258,0.193691223859787
R01,07,126,231,118,0.1079334244132042,0.1811026781797409,0.18534916639328003
R01,07,127,231,118,0.11176236718893051,0.18758563697338104,0.20135852694511414
R01,07,128,231,118,0.11105164140462875,0.18067628145217896,0.19478419423103333
R01,07,129,231,118,0.10968116670846939,0.17942622303962708,0.19339722394943237
R01,07,130,231,118,0.11051715165376663,0.18040460348129272,0.1941501796245575
R01,07,131,231,118,0.10970459878444672,0.17888781428337097,0.19384683668613434
R01,07,132,231,121,0.10717307031154633,0.19585491716861725,0.19006600975990295
R01,07,133,231,121,0.10917934775352478,0.19720394909381866,0.19289976358413696
R01,07,134,231,121,0.10859765857458115,0.19339101016521454,0.18946820497512817
R01,07,135,231,121,0.10978011041879654,0.1928560733795166,0.19009017944335938
R01,07,136,231,121,0.10991073399782181,0.19188721477985382,0.19011348485946655
R01,07,137,231,131,0.10565611720085144,0.19879376888275146,0.1824512481689453
R01,07,138,231,131,0.10660406202077866,0.20007912814617157,0.18439915776252747
R01,07,139,231,131,0.10875529795885086,0.20140773057937622,0.18746891617774963
R01,07,140,231,131,0.10941579937934875,0.2001475840806961,0.18740880489349365
R01,07,141,231,131,0.11143458634614944,0.2010355293750763,0.1908131092786789
R01,07,142,231,131,0.10935536026954651,0.19955123960971832,0.19040296971797943
R01,07,143,231,131,0.11102384328842163,0.19727909564971924,0.19483904540538788
R01,07,144,231,131,0.11267178505659103,0.19941046833992004,0.19774824380874634
R01,07,145,231,131,0.11124427616596222,0.19744150340557098,0.19498682022094727
R01,07,146,231,131,0.113618403673172,0.19731329381465912,0.19515392184257507
R01,07,147,231,131,0.11057017743587494,0.19258098304271698,0.18988490104675293
R01,07,148,231,131,0.10815731436014175,0.18788687884807587,0.1859002411365509
R01,07,149,231,133,0.10731037706136703,0.182005375623703,0.18130502104759216
R01,07,150,231,133,0.10774141550064087,0.18496911227703094,0.18390972912311554
R01,07,151,231,133,0.1125374287366867,0.18751047551631927,0.1880103200674057
R01,07,152,231,133,0.11224068701267242,0.18738755583763123,0.1884487271308899
R01,07,153,231,133,0.10819501429796219,0.18340209126472473,0.18468435108661652
R01,07,154,231,133,0.10399465262889862,0.17767533659934998,0.17981822788715363
R01,07,155,231,139,0.10468453913927078,0.1761210411787033,0.1801769733428955
R01,07,156,231,139,0.10913250595331192,0.1799091249704361,0.18494108319282532
R01,07,157,231,139,0.11085088551044464,0.17918618023395538,0.19299635291099548
R01,07,158,231,139,0.10839834064245224,0.173500657081604,0.18785637617111206
R01,07,159,231,139,0.10989392548799515,0.17437289655208588,0.18854326009750366
R01,07,160,231,142,0.11257487535476685,0.19342482089996338,0.1889837384223938
R01,07,161,231,142,0.11192449182271957,0.1909584254026413,0.18730080127716064
R01,07,162,231,142,0.1087954044342041,0.19091516733169556,0.1871456801891327
R01,07,163,231,142,0.10819439589977264,0.1857583075761795,0.1840977519750595
R01,07,164,231,142,0.11065186560153961,0.18789945542812347,0.18611536920070648
R01,07,165,231,142,0.10687053203582764,0.18496070802211761,0.1842796951532364
R01,07,166,231,142,0.10591880232095718,0.1741102933883667,0.17543986439704895
R01,07,167,231,142,0.10758967697620392,0.17707160115242004,0.17892906069755554
R01,07,168,231,142,0.10930541902780533,0.17795248329639435,0.18018469214439392
R01,07,169,231,142,0.10980760306119919,0.1773551106452942,0.18084591627120972
R01,07,170,231,142,0.10729584842920303,0.17229296267032623,0.17685560882091522
R01,07,171,231,142,0.10925615578889847,0.17307010293006897,0.17816516757011414
R01,07,172,231,142,0.10913940519094467,0.17274989187717438,0.17792387306690216
R01,07,173,231,142,0.10818799585103989,0.17165030539035797,0.17755348980426788
R01,07,174,231,142,0.10635944455862045,0.16759087145328522,0.1741233468055725
R01,07,175,231,145,0.10439625382423401,0.1623828411102295,0.17011602222919464
R01,07,176,231,145,0.10390957444906235,0.164078027009964,0.1717326045036316
R01,07,177,231,150,0.10471335798501968,0.17952589690685272,0.1770128309726715
R01,07,178,231,150,0.1049305871129036,0.17830036580562592,0.17737352848052979
R01,07,179,231,150,0.10213204473257065,0.16899311542510986,0.1693629026412964
R01,07,180,231,150,0.10567256808280945,0.1749902367591858,0.17551150918006897
R01,07,181,231,150,0.10485789179801941,0.17097598314285278,0.17270126938819885
R01,07,182,231,150,0.10584287345409393,0.17115209996700287,0.17435380816459656
R01,07,183,231,150,0.10390392690896988,0.17109441757202148,0.1740560233592987
R01,07,184,231,150,0.10506913810968399,0.17063425481319427,0.17510917782783508
R01,07,185,231,150,0.10550149530172348,0.17174236476421356,0.17712906002998352
R01,07,186,231,162,0.10914041846990585,0.1846172958612442,0.17886009812355042
R01,07,187,231,162,0.10694880783557892,0.179143026471138,0.17908404767513275
R01,07,188,231,162,0.10319500416517258,0.17466862499713898,0.17355412244796753
R01,07,189,231,173,0.10590890049934387,0.18506449460983276,0.1746555119752884
R01,07,190,231,173,0.10535681992769241,0.18313199281692505,0.17452511191368103
R01,07,191,231,173,0.10459914058446884,0.18022876977920532,0.1718723475933075
R01,07,192,231,173,0.10875105112791061,0.18566028773784637,0.17795124650001526
R01,07,193,231,173,0.10740839689970016,0.18451307713985443,0.17882362008094788
R01,07,194,231,173,0.10614912956953049,0.18203040957450867,0.17659181356430054
R01,07,195,231,173,0.10555114597082138,0.17739297449588776,0.1728992462158203
R01,07,196,231,173,0.10793112963438034,0.18121641874313354,0.1772158145904541
R01,07,197,231,173,0.10714936256408691,0.1815483272075653,0.17836768925189972
R01,07,198,231,173,0.10649934411048889,0.18036603927612305,0.17720241844654083
R01,07,199,231,173,0.10583764314651489,0.17825892567634583,0.17526336014270782
R01,07,200,231,173,0.10617410391569138,0.17949579656124115,0.17652775347232819
R01,07,201,231,173,0.10524670034646988,0.17431151866912842,0.17387674748897552
R01,07,202,231,173,0.10501331835985184,0.17041467130184174,0.17239989340305328
R01,07,203,231,173,0.10459809005260468,0.17072750627994537,0.17120420932769775
R01,07,204,231,173,0.10592661052942276,0.17272982001304626,0.17287935316562653
R01,07,205,231,173,0.1097632497549057,0.177792027592659,0.17732802033424377
R01,07,206,231,173,0.10988268256187439,0.17824219167232513,0.17898708581924438
R01,07,207,231,173,0.10888615250587463,0.17816345393657684,0.17928680777549744
R01,07,208,231,173,0.11013207584619522,0.17877835035324097,0.18044504523277283
R01,07,209,231,173,0.10611557960510254,0.17259690165519714,0.17428535223007202
R01,07,210,231,173,0.1069055050611496,0.1727568805217743,0.17640584707260132
R01,07,211,231,173,0.10630252212285995,0.17177753150463104,0.17518050968647003
R01,07,212,231,173,0.10566165298223495,0.1712166666984558,0.1745205968618393
R01,07,213,231,173,0.10520727932453156,0.16995832324028015,0.17295892536640167
R01,07,214,231,173,0.10534032434225082,0.17375688254833221,0.17618826031684875
R01,07,215,231,173,0.10780235379934311,0.17576515674591064,0.17779414355754852
R01,07,216,231,173,0.10939504206180573,0.17827829718589783,0.17936374247074127
R01,07,217,231,173,0.11022789031267166,0.18091833591461182,0.18121938407421112
R01,07,218,231,181,0.10877197235822678,0.17618310451507568,0.18015654385089874
R01,07,219,231,181,0.10837767273187637,0.171316459774971,0.17645606398582458
R01,07,220,231,181,0.10796624422073364,0.1717158555984497,0.17586810886859894
R01,07,221,231,181,0.10907097905874252,0.17004625499248505,0.17540857195854187
R01,07,222,231,181,0.1027928814291954,0.16432976722717285,0.16998998820781708
R01,07,223,231,185,0.10843946039676666,0.16841505467891693,0.17494189739227295
R01,08,8,235,0,0.10929366946220398,0.16743801534175873,0.17136114835739136
R01,08,9,235,0,0.10767249017953873,0.1708902269601822,0.17505165934562683
R01,08,10,235,0,0.10762987285852432,0.16520385444164276,0.17029529809951782
R01,08,11,235,0,0.10999491065740585,0.16745392978191376,0.17263805866241455
R01,08,12,235,0,0.1107727438211441,0.1708919107913971,0.17662839591503143
R01,08,13,235,0,0.11412462592124939,0.1733483225107193,0.1794257014989853
R01,08,14,235,0,0.10874894261360168,0.16732726991176605,0.17430512607097626
R01,08,15,235,0,0.10973028838634491,0.17007316648960114,0.17686089873313904
R01,08,16,235,0,0.10733816772699356,0.16652058064937592,0.17333899438381195
R01,08,17,235,0,0.1097182035446167,0.16794799268245697,0.1745007038116455
R01,08,18,235,0,0.10722751170396805,0.16690370440483093,0.17353904247283936
R01,08,19,235,0,0.10904361307621002,0.16732457280158997,0.17280767858028412
R01,08,20,235,0,0.1116679385304451,0.16975373029708862,0.17530333995819092
R01,08,21,235,0,0.1087268814444542,0.17055600881576538,0.17486880719661713
R01,08,22,235,0,0.10844902694225311,0.1719076782464981,0.1755276769399643
R01,08,23,235,0,0.10410111397504807,0.16866472363471985,0.16971293091773987
R01,08,24,235,0,0.10887230932712555,0.17365394532680511,0.17375999689102173
R01,08,25,235,0,0.10462076961994171,0.1687849760055542,0.16962134838104248
R01,08,26,235,12,0.10773111134767532,0.16696731746196747,0.1712707132101059
R01,08,27,235,12,0.10886340588331223,0.16608214378356934,0.1702587604522705
R01,08,28,235,12,0.10829848051071167,0.16764803230762482,0.17215651273727417
R01,08,29,235,12,0.10517146438360214,0.16187886893749237,0.16619428992271423
R01,08,30,235,12,0.1105547547340393,0.16800004243850708,0.1719093769788742
R01,08,31,235,12,0.1076442077755928,0.16790558397769928,0.17138761281967163
R01,08,32,235,18,0.10957122594118118,0.1685722917318344,0.17245270311832428
R01,08,33,235,18,0.10728301852941513,0.16806554794311523,0.17042315006256104
R01,08,34,235,18,0.10897106677293777,0.1727352887392044,0.1740536391735077
R01,08,35,235,18,0.10457950085401535,0.16832230985164642,0.16956517100334167
R01,08,36,235,18,0.10539589822292328,0.16921815276145935,0.17137382924556732
R01,08,37,235,18,0.10603543370962143,0.16916997730731964,0.1706453561782837
R01,08,38,235,18,0.10862620174884796,0.1761077344417572,0.17636659741401672
R01,08,39,235,18,0.1081845685839653,0.173977792263031,0.17357899248600006
R01,08,40,235,18,0.10610050708055496,0.17377351224422455,0.17215970158576965
R01,08,41,235,24,0.11003824323415756,0.17206160724163055,0.17665521800518036
R01,08,42,235,24,0.10759132355451584,0.1702350676059723,0.17381058633327484
R01,08,43,235,24,0.11132559180259705,0.17422711849212646,0.17811477184295654
R01,08,44,235,24,0.1078045442700386,0.16969652473926544,0.17354755103588104
R01,08,45,235,24,0.1107311025261879,0.1745295375585556,0.1775495409965515
R01,08,46,235,24,0.107663594186306,0.17046506702899933,0.1722699999809265
R01,08,47,235,24,0.10888398438692093,0.17793233692646027,0.1783827245235443
R01,08,48,235,24,0.11064379662275314,0.17978517711162567,0.179470956325531
R01,08,49,235,24,0.10942059010267258,0.17829275131225586,0.1780824065208435
R01,08,50,235,27,0.1095338985323906,0.18070434033870697,0.17958441376686096
R01,08,51,235,36,0.10942544788122177,0.17572040855884552,0.18169181048870087
R01,08,52,235,36,0.11208967864513397,0.17794102430343628,0.18465717136859894
R01,08,53,235,36,0.10814599692821503,0.17438000440597534,0.1810750961303711
R01,08,54,235,36,0.10982777178287506,0.17530372738838196,0.18192964792251587
R01,08,55,235,36,0.11154890805482864,0.17745380103588104,0.18367326259613037
R01,08,56,235,36,0.11150816828012466,0.1766374409198761,0.18208982050418854
R01,08,57,235,36,0.10657255351543427,0.17223653197288513,0.17793452739715576
R01,08,58,235,36,0.11002203822135925,0.17653699219226837,0.18064221739768982
R01,08,59,235,36,0.11011573672294617,0.1782926321029663,0.18175649642944336
R01,08,60,235,36,0.10835210978984833,0.17697812616825104,0.1793402135372162
R01,08,61,235,36,0.10935685783624649,0.17976798117160797,0.18137800693511963
R01,08,62,235,36,0.1118292436003685,0.18497323989868164,0.1859477460384369
R01,08,63,235,36,0.1165960356593132,0.1910923272371292,0.19013391435146332
R01,08,64,235,36,0.10935112088918686,0.18530221283435822,0.1825883835554123
R01,08,65,235,36,0.11333581060171127,0.19119088351726532,0.18715056777000427
R01,08,66,235,36,0.10890376567840576,0.1880117654800415,0.17906390130519867
R01,08,67,235,36,0.10826174169778824,0.192264124751091,0.1806262582540512
R01,08,68,235,36,0.10756000876426697,0.19224581122398376,0.17912721633911133
R01,08,69,235,36,0.10922197997570038,0.19603058695793152,0.18227113783359528
R01,08,70,235,36,0.10776571929454803,0.19894424080848694,0.18323498964309692
R01,08,71,235,36,0.1087837666273117,0.1977252960205078,0.18188199400901794
R01,08,72,235,36,0.10882093012332916,0.20136769115924835,0.18431907892227173
R01,08,73,235,36,0.10903407633304596,0.1982152909040451,0.1814044564962387
R01,08,74,235,36,0.11055698990821838,0.20249642431735992,0.18535572290420532
R01,08,75,235,48,0.1109037771821022,0.18243315815925598,0.18516629934310913
R01,08,76,235,48,0.11067897081375122,0.1850046068429947,0.18545767664909363
R01,08,77,235,48,0.11087016016244888,0.188624307513237,0.1887834370136261
R01,08,78,235,48,0.10974796116352081,0.19064758718013763,0.18921908736228943
R01,08,79,235,48,0.1082446500658989,0.1909681260585785,0.18803243339061737
R01,08,80,235,48,0.1091223806142807,0.19593071937561035,0.19210684299468994
R01,08,81,235,48,0.10843220353126526,0.19553503394126892,0.19129103422164917
R01,08,82,235,48,0.10743819177150726,0.1943986415863037,0.18987935781478882
R01,08,83,235,48,0.11096341907978058,0.20032614469528198,0.1963024139404297
R01,08,84,235,48,0.11076298356056213,0.2011273205280304,0.1966381072998047
R01,08,85,235,48,0.11013112217187881,0.20063301920890808,0.19483350217342377
R01,08,86,235,48,0.1095217615365982,0.20435750484466553,0.187376469373703
R01,08,87,235,48,0.11443135887384415,0.21109816431999207,0.19388535618782043
R01,08,88,235,58,0.11112215369939804,0.18865258991718292,0.18995468318462372
R01,08,89,235,58,0.11053983867168427,0.1898026466369629,0.18898111581802368
R01,08,90,235,60,0.10920823365449905,0.1624828577041626,0.1872774362564087
R01,08,91,235,60,0.10962174087762833,0.1643667072057724,0.18959641456604004
R01,08,92,235,60,0.11226130276918411,0.16846612095832825,0.19305488467216492
R01,08,93,235,60,0.1137911006808281,0.16826196014881134,0.19287201762199402
R01,08,94,235,60,0.11345463246107101,0.16786205768585205,0.19084984064102173
R01,08,95,235,60,0.11366503685712814,0.1713881492614746,0.1931574046611786
R01,08,96,235,60,0.1121773049235344,0.16804739832878113,0.1897001415491104
R01,08,97,235,60,0.11516187340021133,0.17378167808055878,0.19485703110694885
R01,08,98,235,60,0.11449874937534332,0.17595499753952026,0.1953042447566986
R01,08,99,235,60,0.1136452853679657,0.1814943552017212,0.19796150922775269
R01,08,100,235,60,0.11342279613018036,0.18179936707019806,0.19677206873893738
R01,08,101,235,60,0.11928243190050125,0.1929553747177124,0.20725014805793762
R01,08,102,235,60,0.11263439804315567,0.1884758174419403,0.20196674764156342
R01,08,103,235,60,0.1139712855219841,0.1917995810508728,0.1968335211277008
R01,08,104,235,60,0.11484549194574356,0.19118085503578186,0.19548091292381287
R01,08,105,235,60,0.11273717135190964,0.190860778093338,0.19501528143882751
R01,08,106,235,60,0.11219234019517899,0.19164453446865082,0.1955571174621582
R01,08,107,235,60,0.11423778533935547,0.19266192615032196,0.19665876030921936
R01,08,108,235,60,0.11420195549726486,0.19467876851558685,0.198404461145401
R01,08,109,235,60,0.1108894795179367,0.1921083629131317,0.19486837089061737
R01,08,110,235,60,0.11129799485206604,0.19503028690814972,0.19791555404663086
R01,08,111,235,60,0.11010902374982834,0.19619016349315643,0.19884291291236877
R01,08,112,235,60,0.10889497399330139,0.19714108109474182,0.19899624586105347
R01,08,113,235,60,0.10858610272407532,0.1968385875225067,0.1997775435447693
R01,08,114,235,60,0.11032978445291519,0.20122653245925903,0.20405057072639465
R01,08,115,235,60,0.11136332899332047,0.2042941302061081,0.20683041214942932
R01,08,116,235,60,0.10645543783903122,0.19943444430828094,0.20267106592655182
R01,08,117,235,64,0.10611562430858612,0.19705159962177277,0.1990489363670349
R01,08,118,235,64,0.10496547073125839,0.1987190544605255,0.20057141780853271
R01,08,119,235,64,0.10600832104682922,0.20084810256958008,0.2025705724954605
R01,08,120,235,64,0.1077403575181961,0.19984041154384613,0.20198625326156616
R01,08,121,235,64,0.10935068875551224,0.20354127883911133,0.20505738258361816
R01,08,122,235,68,0.10555423051118851,0.19877859950065613,0.2009621560573578
R01,08,123,235,68,0.10473261028528214,0.19769202172756195,0.2002960443496704
R01,08,124,235,68,0.10527351498603821,0.199765145778656,0.2026423215866089
R01,08,125,235,64,0.10698903352022171,0.20212362706661224,0.20521363615989685
R01,08,126,235,57,0.10580381751060486,0.21386031806468964,0.2070862352848053
R01,08,127,235,127,0.10622892528772354,0.20468102395534515,0.20808841288089752
R01,08,128,235,127,0.10577497631311417,0.20571814477443695,0.20799396932125092
R01,08,129,235,127,0.10757140070199966,0.2068614512681961,0.21017035841941833
R01,08,130,235,127,0.10481720417737961,0.20589016377925873,0.20297740399837494
R01,08,131,235,127,0.10583201795816422,0.20089168846607208,0.1983230710029602
R01,08,132,235,127,0.1044514998793602,0.2011609971523285,0.19794961810112
R01,08,133,235,127,0.10763315856456757,0.203090101480484,0.20070134103298187
R01,08,134,235,127,0.10743023455142975,0.20021532475948334,0.19835391640663147
R01,08,135,235,127,0.10850774496793747,0.19913077354431152,0.19787612557411194
R01,08,136,235,127,0.10990816354751587,0.19653336703777313,0.20528006553649902
R01,08,137,235,127,0.10944678634405136,0.19614285230636597,0.20387133955955505
R01,08,138,235,127,0.10657300800085068,0.191484734416008,0.2001798450946808
R01,08,139,235,127,0.10353526473045349,0.18544985353946686,0.19553221762180328
R01,08,140,235,127,0.10424764454364777,0.19184201955795288,0.20167765021324158
R01,08,141,235,127,0.10930471122264862,0.19331622123718262,0.20561960339546204
R01,08,142,235,127,0.10811968147754669,0.1926003396511078,0.20592385530471802
R01,08,143,235,133,0.10671739280223846,0.20431292057037354,0.20137077569961548
R01,08,144,235,133,0.10420068353414536,0.19946910440921783,0.19702830910682678
R01,08,145,235,127,0.10417808592319489,0.18458248674869537,0.1968807578086853
R01,08,146,235,127,0.10533082485198975,0.18583963811397552,0.19733864068984985
R01,08,147,235,133,0.10496129840612411,0.19240042567253113,0.1914534866809845
R01,08,148,235,133,0.10405886918306351,0.19117358326911926,0.19031280279159546
R01,08,149,235,133,0.10562774538993835,0.19311773777008057,0.1933055818080902
R01,08,150,235,133,0.10575021058320999,0.19099755585193634,0.1909019500017166
R01,08,151,235,133,0.10636594891548157,0.18593990802764893,0.18683047592639923
R01,08,152,235,133,0.10751726478338242,0.19011500477790833,0.19207853078842163
R01,08,153,235,133,0.1060076579451561,0.18829841911792755,0.1905047595500946
R01,08,154,235,133,0.10280586779117584,0.1812945008277893,0.1836807280778885
R01,08,155,235,133,0.10102622956037521,0.17594683170318604,0.17922155559062958
R01,08,156,235,139,0.10285516828298569,0.17874296009540558,0.18185999989509583
R01,08,157,235,139,0.10243865847587585,0.17578212916851044,0.17913848161697388
R01,08,158,235,139,0.10541747510433197,0.17904679477214813,0.18373768031597137
R01,08,159,235,142,0.10781490802764893,0.19609101116657257,0.19066785275936127
R01,08,160,235,142,0.10472483932971954,0.19411572813987732,0.18801310658454895
R01,08,161,235,142,0.10658872872591019,0.19066567718982697,0.18536993861198425
R01,08,162,235,142,0.10935403406620026,0.193806454539299,0.18896061182022095
R01,08,163,235,142,0.10525640100240707,0.1859503835439682,0.18233852088451385
R01,08,164,235,142,0.10802570730447769,0.18815907835960388,0.18492700159549713
R01,08,165,235,142,0.10677594691514969,0.18199388682842255,0.17918899655342102
R01,08,166,235,142,0.10678642243146896,0.18280890583992004,0.1812266707420349
R01,08,167,235,142,0.1057090312242508,0.18227092921733856,0.18080607056617737
R01,08,168,235,142,0.11013559997081757,0.18582533299922943,0.18599198758602142
R01,08,169,235,142,0.10667701810598373,0.17666810750961304,0.17834439873695374
R01,08,170,235,142,0.10716389119625092,0.18047329783439636,0.1828378438949585
R01,08,171,235,142,0.10746292769908905,0.17528136074543,0.17945706844329834
R01,08,172,235,151,0.10650443285703659,0.18966881930828094,0.1777576208114624
R01,08,173,235,151,0.10727772861719131,0.18884152173995972,0.1838693916797638
R01,08,174,235,151,0.11193697154521942,0.1916591227054596,0.18704700469970703
R01,08,175,235,151,0.10561972856521606,0.18475869297981262,0.18106365203857422
R01,08,176,235,151,0.10649076849222183,0.1798713058233261,0.17729425430297852
R01,08,177,235,151,0.10935493558645248,0.18732203543186188,0.18526676297187805
R01,08,178,235,151,0.1083599254488945,0.18215900659561157,0.18179795145988464
R01,08,179,235,162,0.10818570107221603,0.19671465456485748,0.18262699246406555
R01,08,180,235,162,0.10901612788438797,0.19540029764175415,0.18213896453380585
R01,08,181,235,162,0.11045175790786743,0.19817842543125153,0.18485364317893982
R01,08,182,235,162,0.10873983055353165,0.19155965745449066,0.1814202219247818
R01,08,183,235,162,0.11088316887617111,0.1938479095697403,0.183456689119339
R01,08,184,235,162,0.10563282668590546,0.18345685303211212,0.1734042912721634
R01,08,185,235,162,0.10742536187171936,0.1852070540189743,0.17597085237503052
R01,08,186,235,162,0.10805841535329819,0.18096375465393066,0.17319680750370026
R01,08,187,235,162,0.10816904157400131,0.18241658806800842,0.17609652876853943
R01,08,188,235,162,0.10885888338088989,0.17817279696464539,0.17363834381103516
R01,08,189,235,162,0.10977961868047714,0.18034973740577698,0.17622648179531097
R01,08,190,235,162,0.1076011210680008,0.17906443774700165,0.17552988231182098
R01,08,191,235,162,0.10995803773403168,0.18260830640792847,0.18040043115615845
R01,08,192,235,162,0.10957904160022736,0.1805126816034317,0.17864948511123657
R01,08,193,235,162,0.1096900925040245,0.17629143595695496,0.17658370733261108
R01,08,194,235,162,0.10924879461526871,0.17390842735767365,0.1758512556552887
R01,08,195,235,162,0.10545440763235092,0.1682630181312561,0.17108038067817688
R01,08,196,235,162,0.10538551211357117,0.1718771755695343,0.17558553814888
R01,08,197,235,162,0.10508246719837189,0.1673445701599121,0.1714862883090973
R01,08,198,235,162,0.10677475482225418,0.16711333394050598,0.17201893031597137
R01,08,199,235,162,0.10743995755910873,0.16895508766174316,0.1752573847770691
R01,08,200,235,162,0.10705474764108658,0.16933195292949677,0.17554697394371033
R01,08,201,235,162,0.1044221818447113,0.1650785356760025,0.17138493061065674
R01,08,202,235,162,0.10484232753515244,0.16706736385822296,0.17372703552246094
R01,08,203,235,162,0.10885901749134064,0.1712837666273117,0.17787188291549683
R01,08,204,235,173,0.10196848213672638,0.1703396737575531,0.1700432002544403
R01,08,205,235,173,0.10711062699556351,0.17686785757541656,0.17676125466823578
R01,08,206,235,173,0.10233631730079651,0.17061585187911987,0.17065677046775818
R01,08,207,235,173,0.10779078304767609,0.1745116412639618,0.1768168807029724
R01,08,208,235,173,0.10230814665555954,0.16858799755573273,0.17290464043617249
R01,08,209,235,173,0.10427498817443848,0.17023780941963196,0.17569896578788757
R01,08,210,235,173,0.10694783926010132,0.1727258712053299,0.17807933688163757
R01,08,211,235,173,0.10699274390935898,0.17248032987117767,0.17924433946609497
R01,08,212,235,173,0.10611103475093842,0.16710183024406433,0.17489345371723175
R01,08,213,235,173,0.10453096777200699,0.16783829033374786,0.1751892864704132
R01,08,214,235,173,0.10494104772806168,0.16864757239818573,0.17552468180656433
R01,08,215,235,173,0.10671356320381165,0.1689484417438507,0.17681984603405
R01,08,216,235,173,0.10581491142511368,0.1670689433813095,0.17486023902893066
R01,08,217,235,173,0.10625775903463364,0.16830626130104065,0.1766796112060547
R01,08,218,235,173,0.10637963563203812,0.17062926292419434,0.1788182258605957
R01,08,219,235,173,0.10613928735256195,0.1688409000635147,0.17648261785507202
R01,08,220,235,173,0.1088070496916771,0.17116858065128326,0.17788748443126678
R01,08,221,235,173,0.10411982983350754,0.165351003408432,0.16809991002082825
R01,08,222,235,173,0.10811611264944077,0.171031191945076,0.1733870804309845
R01,08,223,235,173,0.10440927743911743,0.17072829604148865,0.17231139540672302
R01,08,224,235,173,0.10736686736345291,0.172371506690979,0.17259569466114044
R01,08,225,235,181,0.10932023078203201,0.16970957815647125,0.17756575345993042
R01,08,226,235,181,0.10904001444578171,0.16991575062274933,0.1748245507478714
R01,08,227,235,181,0.11113292723894119,0.17012523114681244,0.17649811506271362
R01,09,8,229,0,0.08949121087789536,0.13958680629730225,0.14219456911087036
R01,09,9,229,0,0.08985655754804611,0.13799557089805603,0.14072594046592712
R01,09,10,229,0,0.08978758752346039,0.13854265213012695,0.14142078161239624
R01,09,11,229,0,0.08996405452489853,0.13651235401630402,0.1396184116601944
R01,09,12,229,0,0.0897306352853775,0.14053134620189667,0.14286848902702332
R01,09,13,229,0,0.08846399933099747,0.13707387447357178,0.13914188742637634
R01,09,14,229,0,0.09110147505998611,0.1432056427001953,0.14563412964344025
R01,09,15,229,0,0.0906132310628891,0.14252698421478271,0.14476245641708374
R01,09,16,229,0,0.09381723403930664,0.14607994258403778,0.14733797311782837
R01,09,17,229,0,0.09346842020750046,0.15076617896556854,0.1516226828098297
R01,09,18,229,0,0.09544003754854202,0.1481756716966629,0.14856946468353271
R01,09,19,229,12,0.09124435484409332,0.14481446146965027,0.14737671613693237
R01,09,20,229,12,0.09342899918556213,0.14604663848876953,0.14884082973003387
R01,09,21,229,12,0.09351139515638351,0.14504185318946838,0.14929287135601044
R01,09,22,229,12,0.09465275704860687,0.14377440512180328,0.14791364967823029
R01,09,23,229,12,0.09250500798225403,0.14129026234149933,0.14527887105941772
R01,09,24,229,18,0.09089711308479309,0.1436317414045334,0.1483035534620285
R01,09,25,229,24,0.08674830198287964,0.14528268575668335,0.14624406397342682
R01,09,26,229,24,0.09162549674510956,0.14827238023281097,0.1523786336183548
R01,09,27,229,27,0.08930277824401855,0.14846713840961456,0.15368174016475677
R01,09,28,229,36,0.0912490040063858,0.1653430163860321,0.16017264127731323
R01,09,29,229,36,0.08947135508060455,0.1622508466243744,0.15794691443443298
R01,09,30,229,36,0.0951445996761322,0.17172926664352417,0.16886645555496216
R01,09,31,229,36,0.2366655170917511,0.3112468719482422,0.3107128143310547
R01,09,32,229,36,0.23363158106803894,0.3082488179206848,0.30854591727256775
R01,09,33,229,36,0.1741281896829605,0.25288891792297363,0.25274962186813354
R01,09,34,229,36,0.1336095631122589,0.2083561271429062,0.20838022232055664
R01,09,35,229,36,0.10886141657829285,0.18184137344360352,0.18221275508403778
R01,09,36,229,36,0.09182368963956833,0.1585550159215927,0.1601424217224121
R01,09,37,229,36,0.09251438826322556,0.16498740017414093,0.1667778342962265
R01,09,38,229,36,0.09024662524461746,0.1609756201505661,0.16940411925315857
R01,09,39,229,36,0.08900146931409836,0.155178964138031,0.16549763083457947
R01,09,40,229,36,0.08867945522069931,0.1517714560031891,0.15559902787208557
R01,09,41,229,36,0.08826419711112976,0.1495935618877411,0.15318603813648224
R01,09,42,229,36,0.0890842154622078,0.15356940031051636,0.1571032702922821
R01,09,43,229,36,0.08959987759590149,0.14925353229045868,0.15312811732292175
R01,09,44,229,36,0.0940830409526825,0.1538696587085724,0.15774956345558167
R01,09,45,229,36,0.0888993889093399,0.15068192780017853,0.1542695164680481
R01,09,46,229,36,0.09016580134630203,0.14960689842700958,0.1546216607093811
R01,09,47,229,36,0.10030777007341385,0.16198481619358063,0.16659468412399292
R01,09,48,229,36,0.10205759853124619,0.16306671500205994,0.17325246334075928
R01,09,49,229,36,0.10448790341615677,0.16781042516231537,0.17505714297294617
R01,09,50,229,36,0.10136863589286804,0.17091211676597595,0.17767733335494995
R01,09,51,229,36,0.09353604167699814,0.1563669890165329,0.16241377592086792
R01,09,52,229,36,0.0907713994383812,0.15555156767368317,0.1598883718252182
R01,09,53,229,36,0.09211471676826477,0.15657120943069458,0.16007456183433533
R01,09,54,229,42,0.09791059792041779,0.16208069026470184,0.168617382645607
R01,09,55,229,48,0.09450713545084,0.15466256439685822,0.16227492690086365
R01,09,56,229,48,0.094239242374897,0.1511458456516266,0.15796461701393127
R01,09,57,229,48,0.09138604253530502,0.14742541313171387,0.15450090169906616
R01,09,58,229,48,0.09453018009662628,0.15427662432193756,0.16025055944919586
R01,09,59,229,56,0.09157758951187134,0.1641443967819214,0.16239595413208008
R01,09,60,229,56,0.08835326135158539,0.15963342785835266,0.15865062177181244
R01,09,61,229,56,0.09218177199363708,0.16320529580116272,0.1637648344039917
R01,09,62,229,56,0.09061174839735031,0.15445370972156525,0.15690866112709045
R01,09,63,229,58,0.08986615389585495,0.1527678221464157,0.15626123547554016
R01,09,64,229,58,0.09030913561582565,0.15474550426006317,0.1588074117898941
R01,09,65,229,58,0.09196247160434723,0.15439659357070923,0.1607123464345932
R01,09,66,229,58,0.08716942369937897,0.14879168570041656,0.15574152767658234
R01,09,67,229,58,0.08663705736398697,0.14539436995983124,0.15371426939964294
R01,09,68,229,60,0.09094610065221786,0.16698035597801208,0.15797945857048035
R01,09,69,229,58,0.09109518676996231,0.1483336240053177,0.15671980381011963
R01,09,70,229,58,0.09365198761224747,0.15182849764823914,0.15943701565265656
R01,09,71,229,58,0.09320785105228424,0.15082134306430817,0.1584511250257492
R01,09,72,229,58,0.09189392626285553,0.15023408830165863,0.15727655589580536
R01,09,73,229,58,0.0927867516875267,0.14905071258544922,0.15628863871097565
R01,09,74,229,58,0.0974295362830162,0.15493334829807281,0.16377314925193787
R01,09,75,229,58,0.09492212533950806,0.15146303176879883,0.15752969682216644
R01,09,76,229,60,0.09279729425907135,0.14709362387657166,0.1538914293050766
R01,09,77,229,68,0.09452339261770248,0.15076489746570587,0.1586814969778061
R01,09,78,229,68,0.09605313837528229,0.1489061713218689,0.15881529450416565
R01,09,79,229,64,0.093006931245327,0.14167183637619019,0.1523502916097641
R01,09,80,229,64,0.09176155924797058,0.13899391889572144,0.15023407340049744
R01,09,81,229,66,0.09825138002634048,0.14757366478443146,0.1589643359184265
R01,09,82,229,68,0.09394156187772751,0.1415586769580841,0.15310551226139069
R01,09,83,229,68,0.09571759402751923,0.1439945548772812,0.1557070016860962
R01,09,84,229,68,0.097500741481781,0.14882880449295044,0.16189631819725037
R01,09,85,229,68,0.08843457698822021,0.1359667330980301,0.14789560437202454
R01,09,86,229,68,0.10870584845542908,0.160914808511734,0.17231951653957367
R01,09,87,229,68,0.1050541028380394,0.1542908102273941,0.1636837124824524
R01,09,88,229,68,0.1104571521282196,0.16272270679473877,0.1709652990102768
R01,09,89,229,68,0.10316098481416702,0.15477700531482697,0.16232851147651672
R01,09,90,229,77,0.09852360188961029,0.15270768105983734,0.15749728679656982
R01,09,91,229,77,0.0949164479970932,0.152360737323761,0.15808799862861633
R01,09,92,229,77,0.09298419207334518,0.15167458355426788,0.15850867331027985
R01,09,93,229,77,0.09877616912126541,0.15377725660800934,0.16109904646873474
R01,09,94,229,77,0.10389947146177292,0.1600840985774994,0.1680527776479721
R01,09,95,229,77,0.10136961191892624,0.1560361385345459,0.16317006945610046
R01,09,96,229,77,0.10194544494152069,0.15548503398895264,0.16586065292358398
R01,09,97,229,77,0.10255187004804611,0.15813250839710236,0.1684497892856598
R01,09,98,229,77,0.09903589636087418,0.15294967591762543,0.16213276982307434
R01,09,99,229,77,0.09783882647752762,0.15307970345020294,0.16197538375854492
R01,09,100,229,80,0.09711118042469025,0.15647532045841217,0.16126370429992676
R01,09,101,229,80,0.10059355944395065,0.15672995150089264,0.17656661570072174
R01,09,102,229,109,0.10110820829868317,0.188288614153862,0.1892024278640747
R01,09,103,229,109,0.10390545427799225,0.18809668719768524,0.1882621943950653
R01,09,104,229,109,0.10668133199214935,0.19006754457950592,0.19024613499641418
R01,09,105,229,109,0.10381966829299927,0.18405547738075256,0.18459822237491608
R01,09,106,229,109,0.10091256350278854,0.1823684275150299,0.18357203900814056
R01,09,107,229,109,0.10045576840639114,0.1768386960029602,0.1777806282043457
R01,09,108,229,109,0.09983851760625839,0.17698250710964203,0.17905935645103455
R01,09,109,229,109,0.10254780203104019,0.17654646933078766,0.17977848649024963
R01,09,110,229,109,0.10563471168279648,0.1776750534772873,0.1815405637025833
R01,09,111,229,109,0.10574419796466827,0.17497383058071136,0.19017890095710754
R01,09,112,229,109,0.10673697292804718,0.17331549525260925,0.1894899159669876
R01,09,113,229,109,0.1094256266951561,0.17779184877872467,0.19332581758499146
R01,09,114,229,109,0.10505419969558716,0.17060035467147827,0.18623104691505432
R01,09,115,229,109,0.09951511770486832,0.16622710227966309,0.17235249280929565
R01,09,116,229,109,0.10355301946401596,0.16613177955150604,0.1821727752685547
R01,09,117,229,109,0.09383612126111984,0.15473711490631104,0.16172373294830322
R01,09,118,229,109,0.09347359836101532,0.15061061084270477,0.16000834107398987
R01,09,119,229,109,0.10440856963396072,0.16159406304359436,0.1714908480644226
R01,09,120,229,109,0.09791751950979233,0.15297336876392365,0.16329512000083923
R01,09,121,229,109,0.10048588365316391,0.15200507640838623,0.17095154523849487
R01,09,122,229,109,0.10221283882856369,0.15081451833248138,0.17179086804389954
R01,09,123,229,109,0.1001637801527977,0.15064769983291626,0.17314115166664124
R01,09,124,229,109,0.10449671000242233,0.15275686979293823,0.17575642466545105
R01,09,125,229,109,0.1016029641032219,0.14856599271297455,0.17035362124443054
R01,09,126,229,109,0.10842908173799515,0.15692129731178284,0.17031139135360718
R01,09,127,229,109,0.10709668695926666,0.15542173385620117,0.16793283820152283
R01,09,128,229,109,0.10567735880613327,0.1546022891998291,0.16671201586723328
R01,09,129,229,109,0.10263556987047195,0.14929190278053284,0.16144493222236633
R01,09,130,229,109,0.10309275984764099,0.14944468438625336,0.16174015402793884
R01,09,131,229,109,0.10664565861225128,0.15358507633209229,0.16671989858150482
R01,09,132,229,110,0.10385286062955856,0.16409899294376373,0.1649610549211502
R01,09,133,229,110,0.09966929256916046,0.1595975160598755,0.16228069365024567
R01,09,134,229,112,0.09940625727176666,0.15576083958148956,0.15984946489334106
R01,09,135,229,114,0.10061878710985184,0.1521088182926178,0.15884128212928772
R01,09,136,229,114,0.09849045425653458,0.1499333530664444,0.15703190863132477
R01,09,137,229,114,0.10446237772703171,0.15610738098621368,0.1644100695848465
R01,09,138,229,114,0.11350653320550919,0.16822777688503265,0.17516449093818665
R01,09,139,229,114,0.10682037472724915,0.15979307889938354,0.16785645484924316
R01,09,140,229,114,0.10316209495067596,0.154052272439003,0.1628248393535614
R01,09,141,229,114,0.09967335313558578,0.15558186173439026,0.162373885512352
R01,09,142,229,121,0.1013462170958519,0.16608478128910065,0.1627654731273651
R01,09,143,229,121,0.10076161473989487,0.1649450957775116,0.1643180400133133
R01,09,144,229,124,0.10344241559505463,0.16552461683750153,0.16770696640014648
R01,09,145,229,124,0.10337991267442703,0.16161702573299408,0.16555561125278473
R01,09,146,229,124,0.10389474034309387,0.16291770339012146,0.16790908575057983
R01,09,147,229,124,0.10455780476331711,0.16342033445835114,0.16958990693092346
R01,09,148,229,124,0.10398174822330475,0.1583603024482727,0.1652418076992035
R01,09,149,229,131,0.10042649507522583,0.17604197561740875,0.16473634541034698
R01,09,150,229,131,0.09916901588439941,0.17320741713047028,0.16367852687835693
R01,09,151,229,131,0.1031913086771965,0.17246480286121368,0.1632915586233139
R01,09,152,229,131,0.10318895429372787,0.1715017855167389,0.16518937051296234
R01,09,153,229,131,0.10966144502162933,0.1757565438747406,0.17515505850315094
R01,09,154,229,131,0.110343337059021,0.17342811822891235,0.17420752346515656
R01,09,155,229,131,0.09929224103689194,0.16181138157844543,0.1649191528558731
R01,09,156,229,133,0.1004936695098877,0.16399767994880676,0.168165385723114
R01,09,157,229,133,0.09319265186786652,0.15967008471488953,0.16410890221595764
R01,09,158,229,133,0.09788975119590759,0.16221420466899872,0.16687653958797455
R01,09,159,229,133,0.10313386470079422,0.16336402297019958,0.17020262777805328
R01,09,160,229,133,0.10706649720668793,0.163556307554245,0.17124705016613007
R01,09,161,229,133,0.13778485357761383,0.20371198654174805,0.21160487830638885
R01,09,162,229,139,0.11504027247428894,0.1714562028646469,0.17976507544517517
R01,09,163,229,139,0.11384356766939163,0.17171801626682281,0.1793264001607895
R01,09,164,229,139,0.10661733150482178,0.16414310038089752,0.17343446612358093
R01,09,165,229,139,0.10303622484207153,0.1657000482082367,0.17437484860420227
R01,09,166,229,139,0.09943366050720215,0.16223666071891785,0.17169621586799622
R01,09,167,229,139,0.09783437848091125,0.15619945526123047,0.16569390892982483
R01,09,168,229,139,0.10189032554626465,0.1589171141386032,0.16703103482723236
R01,09,169,229,139,0.10541767627000809,0.16329331696033478,0.16916963458061218
R01,09,170,229,142,0.10323075950145721,0.16297340393066406,0.16700515151023865
R01,09,171,229,142,0.10497293621301651,0.16461993753910065,0.17017138004302979
R01,09,172,229,142,0.1031479686498642,0.16472500562667847,0.1701885163784027
R01,09,173,229,151,0.10236245393753052,0.17541305720806122,0.16866916418075562
R01,09,174,229,151,0.10301575809717178,0.1762516349554062,0.1699523627758026
R01,09,175,229,151,0.0997643917798996,0.17398196458816528,0.17216774821281433
R01,09,176,229,151,0.10605686157941818,0.17795948684215546,0.17619845271110535
R01,09,177,229,151,0.10687138140201569,0.17733633518218994,0.1767711341381073
R01,09,178,229,151,0.10965278744697571,0.1804826557636261,0.1799081265926361
R01,09,179,229,151,0.10701287537813187,0.17511510848999023,0.17599895596504211
R01,09,180,229,151,0.10514212399721146,0.1720678061246872,0.1734243631362915
R01,09,181,229,151,0.10099591314792633,0.16961118578910828,0.17130476236343384
R01,09,182,229,151,0.1010555550456047,0.1647423952817917,0.16872715950012207
R01,09,183,229,162,0.10461589694023132,0.18037649989128113,0.1740480661392212
R01,09,184,229,162,0.11074796319007874,0.1828777939081192,0.1784261018037796
R01,09,185,229,162,0.11213742941617966,0.18574944138526917,0.18227241933345795
R01,09,186,229,162,0.11214300990104675,0.1870637685060501,0.18403857946395874
R01,09,187,229,162,0.1069287583231926,0.17938703298568726,0.17785756289958954
R01,09,188,229,162,0.1052301898598671,0.17495016753673553,0.1745595633983612
R01,09,189,229,162,0.10648597776889801,0.17695674300193787,0.17689505219459534
R01,09,190,229,162,0.1076759546995163,0.17886540293693542,0.17896869778633118
R01,09,191,229,162,0.11203007400035858,0.18067878484725952,0.18118339776992798
R01,09,192,229,162,0.11098926514387131,0.17850957810878754,0.17947199940681458
R01,09,193,229,162,0.11264558881521225,0.1832379549741745,0.1845581829547882
R01,09,194,229,173,0.11288174241781235,0.1916324645280838,0.18608492612838745
R01,09,195,229,173,0.11184944212436676,0.18491388857364655,0.18078699707984924
R01,09,196,229,173,0.10660503804683685,0.18204228579998016,0.17847326397895813
R01,09,197,229,173,0.1076374500989914,0.1802700310945511,0.17823576927185059
R01,09,198,229,173,0.10579029470682144,0.17718403041362762,0.1763884276151657
R01,09,199,229,173,0.10889625549316406,0.18232505023479462,0.18122054636478424
R01,09,200,229,173,0.10988237708806992,0.1815253496170044,0.1814378798007965
R01,09,201,229,173,0.10720013082027435,0.17729656398296356,0.178009495139122
R01,09,202,229,173,0.1110735759139061,0.18336276710033417,0.1841082125902176
R01,09,203,229,173,0.10609754174947739,0.17872805893421173,0.18019862473011017
R01,09,204,229,173,0.10776204615831375,0.18073298037052155,0.1832025647163391
R01,09,205,229,173,0.11278052628040314,0.1813102513551712,0.18456825613975525
R01,09,206,229,173,0.11120172590017319,0.1847657412290573,0.18827036023139954
R01,09,207,229,173,0.10678820312023163,0.16952964663505554,0.17615889012813568
R01,09,208,229,173,0.10902733355760574,0.17233316600322723,0.17979538440704346
R01,09,209,229,173,0.10998356342315674,0.1757221221923828,0.18462151288986206
R01,09,210,229,173,0.10880034416913986,0.17606808245182037,0.18462911248207092
R01,09,211,229,173,0.10920532047748566,0.17409498989582062,0.18126696348190308
R01,09,212,229,173,0.1059722900390625,0.17291653156280518,0.1810598075389862
R01,09,213,229,173,0.10748390108346939,0.1730167269706726,0.18098312616348267
R01,09,214,229,173,0.10731684416532516,0.17011438310146332,0.1787780076265335
R01,09,215,229,173,0.1071133092045784,0.1721065491437912,0.17428310215473175
R01,09,216,229,173,0.10764822363853455,0.17843958735466003,0.17941588163375854
R01,09,217,229,173,0.10512907803058624,0.1735861450433731,0.17595088481903076
R01,09,218,229,181,0.1115204393863678,0.17404969036579132,0.18036335706710815
R01,09,219,229,181,0.10824313014745712,0.1707521677017212,0.17793463170528412
R01,09,220,229,181,0.10885920375585556,0.16944937407970428,0.17659097909927368
R01,09,221,229,181,0.11092246323823929,0.1734667718410492,0.18095090985298157
R01,10,8,231,0,0.08219341188669205,0.12063975632190704,0.1233934760093689
R01,10,9,231,0,0.08114022761583328,0.12185914814472198,0.12467510998249054
R01,10,10,231,0,0.0829164981842041,0.12732845544815063,0.13016846776008606
R01,10,11,231,0,0.08146947622299194,0.1245899349451065,0.1271095722913742
R01,10,12,231,0,0.07791450619697571,0.1228499710559845,0.12546855211257935
R01,10,13,231,0,0.0791480541229248,0.11975513398647308,0.12204177677631378
R01,10,14,231,0,0.07991977035999298,0.12117210775613785,0.12356195598840714
R01,10,15,231,0,0.0803777202963829,0.12057196348905563,0.1232156828045845
R01,10,16,231,0,0.07707781344652176,0.11637689918279648,0.11902003735303879
R01,10,17,231,0,0.08010260760784149,0.12168052792549133,0.12486568093299866
R01,10,18,231,0,0.0769914910197258,0.11654417961835861,0.11988696455955505
R01,10,19,231,0,0.0814119428396225,0.12661147117614746,0.12862297892570496
R01,10,20,231,0,0.07982183247804642,0.12577839195728302,0.1271056830883026
R01,10,21,231,6,0.07746126502752304,0.12309585511684418,0.12547656893730164
R01,10,22,231,6,0.07970648258924484,0.12603171169757843,0.1273074448108673
R01,10,23,231,6,0.07808413356542587,0.1272900551557541,0.12789008021354675
R01,10,24,231,6,0.07670721411705017,0.1331527680158615,0.13347063958644867
R01,10,25,231,6,0.0743078961968422,0.12893395125865936,0.12840117514133453
R01,10,26,231,6,0.07145005464553833,0.12371917814016342,0.12238754332065582
R01,10,27,231,6,0.07593090087175369,0.13156501948833466,0.1297493427991867
R01,10,28,231,6,0.07818720489740372,0.13174264132976532,0.12809647619724274
R01,10,29,231,6,0.07448981702327728,0.13094663619995117,0.12669122219085693
R01,10,30,231,12,0.07771138846874237,0.12535667419433594,0.12907107174396515
R01,10,31,231,12,0.07628142088651657,0.12414844334125519,0.12683995068073273
R01,10,32,231,12,0.0755607858300209,0.12838147580623627,0.13067109882831573
R01,10,33,231,12,0.07360237091779709,0.12725114822387695,0.12961894273757935
R01,10,34,231,12,0.07496140897274017,0.13116960227489471,0.1325809210538864
R01,10,35,231,25,0.07424403727054596,0.12317634373903275,0.12825500965118408
R01,10,36,231,25,0.07406620681285858,0.1229715570807457,0.1295938491821289
R01,10,37,231,25,0.07439170777797699,0.12215778976678848,0.12863199412822723
R01,10,38,231,25,0.07256607711315155,0.12112101912498474,0.12785954773426056
R01,10,39,231,25,0.07260686159133911,0.11795924603939056,0.12499353289604187
R01,10,40,231,36,0.08025580644607544,0.13763649761676788,0.13392287492752075
R01,10,41,231,36,0.07634574919939041,0.1287391632795334,0.12634439766407013
R01,10,42,231,36,0.08276862651109695,0.1386842131614685,0.13751649856567383
R01,10,43,231,36,0.08150839805603027,0.13371556997299194,0.1354932337999344
R01,10,44,231,36,0.07638730853796005,0.12782947719097137,0.12956058979034424
R01,10,45,231,36,0.07013458013534546,0.12074138224124908,0.12290851771831512
R01,10,46,231,36,0.08003044128417969,0.13537409901618958,0.1381884664297104
R01,10,47,231,36,0.08569520711898804,0.14247487485408783,0.14569883048534393
R01,10,48,231,36,0.08036188781261444,0.1407027393579483,0.1452329158782959
R01,10,49,231,36,0.08491700887680054,0.13708853721618652,0.14096878468990326
R01,10,50,231,36,0.08042231947183609,0.13746899366378784,0.141830712556839
R01,10,51,231,36,0.08374611288309097,0.1402074098587036,0.14410912990570068
R01,10,52,231,36,0.07979942113161087,0.13290368020534515,0.13943922519683838
R01,10,53,231,36,0.07558955997228622,0.12953610718250275,0.1350925713777542
R01,10,54,231,36,0.07610740512609482,0.1295054703950882,0.13546080887317657
R01,10,55,231,36,0.07394635677337646,0.1268320381641388,0.13067267835140228
R01,10,56,231,36,0.07875028252601624,0.13394629955291748,0.13651162385940552
R01,10,57,231,36,0.0785345584154129,0.13478191196918488,0.1359967440366745
R01,10,58,231,36,0.08135654032230377,0.13822506368160248,0.13845497369766235
R01,10,59,231,42,0.0779065266251564,0.12855763733386993,0.1349928081035614
R01,10,60,231,42,0.07278235256671906,0.12232743948698044,0.12966397404670715
R01,10,61,231,42,0.07356949150562286,0.12469024211168289,0.1319827437400818
R01,10,62,231,42,0.07612639665603638,0.12649673223495483,0.1333608329296112
R01,10,63,231,42,0.07092094421386719,0.12036295235157013,0.12836647033691406
R01,10,64,231,42,0.07163382321596146,0.12168204039335251,0.12825807929039001
R01,10,65,231,42,0.07796785235404968,0.1281951516866684,0.13408757746219635
R01,10,66,231,42,0.0839865431189537,0.13326717913150787,0.13849498331546783
R01,10,67,231,42,0.08984962105751038,0.14248955249786377,0.14673690497875214
R01,10,68,231,42,0.10261997580528259,0.1600831151008606,0.16232874989509583
R01,10,69,231,42,0.09967036545276642,0.15818123519420624,0.15756380558013916
R01,10,70,231,56,0.08635250478982925,0.13508537411689758,0.14366161823272705
R01,10,71,231,56,0.07876048237085342,0.1273445039987564,0.13614876568317413
R01,10,72,231,56,0.07579583674669266,0.13092142343521118,0.13880115747451782
R01,10,73,231,56,0.08282926678657532,0.14164488017559052,0.14997202157974243
R01,10,74,231,56,0.0871632993221283,0.1463308185338974,0.1545073539018631
R01,10,75,231,56,0.08234056830406189,0.14081531763076782,0.14655473828315735
R01,10,76,231,56,0.0941387265920639,0.14660978317260742,0.15226764976978302
R01,10,77,231,56,0.10265431553125381,0.15865688025951385,0.16283927857875824
R01,10,78,231,60,0.10201762616634369,0.15461038053035736,0.16168077290058136
R01,10,79,231,62,0.08773979544639587,0.13575714826583862,0.14408963918685913
R01,10,80,231,62,0.08022072911262512,0.12995891273021698,0.1390877366065979
R01,10,81,231,62,0.07892380654811859,0.12774823606014252,0.13731054961681366
R01,10,82,231,62,0.08293908834457397,0.13481973111629486,0.1466766893863678
R01,10,83,231,62,0.08583793044090271,0.13516205549240112,0.14928600192070007
R01,10,84,231,68,0.08532043546438217,0.1372862607240677,0.1501714289188385
R01,10,85,231,68,0.08286374062299728,0.1349908411502838,0.14637668430805206
R01,10,86,231,68,0.07976488769054413,0.1280728280544281,0.13886886835098267
R01,10,87,231,68,0.08045414090156555,0.1309908926486969,0.14145448803901672
R01,10,88,231,68,0.0772959291934967,0.1244463250041008,0.1355302482843399
R01,10,89,231,68,0.08368726819753647,0.13561446964740753,0.14563128352165222
R01,10,90,231,68,0.0813005194067955,0.13608908653259277,0.14453746378421783
R01,10,91,231,68,0.07284189760684967,0.12662242352962494,0.13190874457359314
R01,10,92,231,72,0.07855049520730972,0.13019654154777527,0.13785779476165771
R01,10,93,231,72,0.07529636472463608,0.12593026459217072,0.1329759657382965
R01,10,94,231,72,0.08116801083087921,0.13629159331321716,0.14326617121696472
R01,10,95,231,75,0.07800351083278656,0.13049133121967316,0.1381916105747223
R01,10,96,231,75,0.0770144984126091,0.1303412765264511,0.13828392326831818
R01,10,97,231,75,0.0739763006567955,0.12770061194896698,0.1360241174697876
R01,10,98,231,75,0.09514548629522324,0.1509440839290619,0.15856978297233582
R01,10,99,231,75,0.09729421138763428,0.15349335968494415,0.16093727946281433
R01,10,100,231,78,0.0997687354683876,0.1585177183151245,0.16366374492645264
R01,10,101,231,78,0.08910929411649704,0.1488444209098816,0.1558038592338562
R01,10,102,231,78,0.0821164920926094,0.14041802287101746,0.14694733917713165
R01,10,103,231,82,0.08002626150846481,0.13725170493125916,0.141432523727417
R01,10,104,231,82,0.08063765615224838,0.13478752970695496,0.13998626172542572
R01,10,105,231,82,0.09803785383701324,0.14978738129138947,0.15734311938285828
R01,10,106,231,82,0.08757465332746506,0.14444898068904877,0.1510123312473297
R01,10,107,231,85,0.09134767204523087,0.14858320355415344,0.15636739134788513
R01,10,108,231,88,0.0868036225438118,0.15013103187084198,0.15719535946846008
R01,10,109,231,88,0.07958876341581345,0.13828107714653015,0.14501674473285675
R01,10,110,231,89,0.08568547666072845,0.13988734781742096,0.14478549361228943
R01,10,111,231,89,0.08368979394435883,0.13824981451034546,0.1452464461326599
R01,10,112,231,91,0.0922626331448555,0.14777879416942596,0.1533849537372589
R01,10,113,231,96,0.09432100504636765,0.14894764125347137,0.15706118941307068
R01,10,114,231,100,0.09287265688180923,0.1663651019334793,0.15335141122341156
R01,10,115,231,100,0.08682312071323395,0.15666331350803375,0.14513882994651794
R01,10,116,231,96,0.08356650173664093,0.13431358337402344,0.1430932581424713
R01,10,117,231,96,0.08141186833381653,0.13027052581310272,0.13901327550411224
R01,10,118,231,96,0.08833684027194977,0.13948115706443787,0.14623543620109558
R01,10,119,231,96,0.09021300822496414,0.14511004090309143,0.1503019630908966
R01,10,120,231,100,0.0885758325457573,0.14429044723510742,0.14594857394695282
R01,10,121,231,100,0.0962514653801918,0.1514475792646408,0.1556185483932495
R01,10,122,231,100,0.09748685359954834,0.14832814037799835,0.15443892776966095
R01,10,123,231,100,0.09304245561361313,0.14388690888881683,0.15163478255271912
R01,10,124,231,103,0.0934201255440712,0.143861323595047,0.15442243218421936
R01,10,125,231,103,0.11602237075567245,0.16738338768482208,0.17918597161769867
R01,10,126,231,103,0.1118946522474289,0.1629742681980133,0.17292912304401398
R01,10,127,231,103,0.11313457041978836,0.16488023102283478,0.17334026098251343
R01,10,128,231,103,0.1018468514084816,0.15277302265167236,0.16316159069538116
R01,10,129,231,103,0.08505525439977646,0.13587720692157745,0.14607200026512146
R01,10,130,231,103,0.08635205775499344,0.13689078390598297,0.14673304557800293
R01,10,131,231,103,0.08446503430604935,0.13475856184959412,0.14463412761688232
R01,10,132,231,110,0.09524904936552048,0.1558264195919037,0.15336719155311584
R01,10,133,231,110,0.09610781818628311,0.15500327944755554,0.15993715822696686
R01,10,134,231,110,0.09326992928981781,0.15118226408958435,0.15755853056907654
R01,10,135,231,110,0.09231075644493103,0.14575901627540588,0.1539180874824524
R01,10,136,231,110,0.08069908618927002,0.13605782389640808,0.14353124797344208
R01,10,137,231,112,0.08286149054765701,0.13778801262378693,0.14545176923274994
R01,10,138,231,116,0.08692081272602081,0.1410701721906662,0.14978592097759247
R01,10,139,231,116,0.0919804647564888,0.1457996666431427,0.15472300350666046
R01,10,140,231,116,0.09749434888362885,0.15049859881401062,0.1593032032251358
R01,10,141,231,118,0.0941600427031517,0.14864307641983032,0.1553007960319519
R01,10,142,231,118,0.08826322108507156,0.14171120524406433,0.15265953540802002
R01,10,143,231,118,0.08868970721960068,0.14216378331184387,0.15365815162658691
R01,10,144,231,118,0.08740396052598953,0.14244095981121063,0.15400715172290802
R01,10,145,231,124,0.10092905163764954,0.1604979783296585,0.16379261016845703
R01,10,146,231,124,0.11255872994661331,0.17159761488437653,0.17773932218551636
R01,10,147,231,124,0.10337874293327332,0.15963883697986603,0.1663644164800644
R01,10,148,231,124,0.11373560130596161,0.1683838963508606,0.17560654878616333
R01,10,149,231,124,0.09818907827138901,0.1560700684785843,0.16332952678203583
R01,10,150,231,124,0.0970485582947731,0.15334944427013397,0.16114433109760284
R01,10,151,231,124,0.09531523287296295,0.14779971539974213,0.1559571772813797
R01,10,152,231,131,0.09793619811534882,0.16595429182052612,0.15796557068824768
R01,10,153,231,131,0.09921179711818695,0.16563676297664642,0.16504251956939697
R01,10,154,231,131,0.0936012864112854,0.15948143601417542,0.15827816724777222
R01,10,155,231,131,0.08767476677894592,0.1519187092781067,0.15290160477161407
R01,10,156,231,131,0.08206333220005035,0.14415094256401062,0.14506161212921143
R01,10,157,231,131,0.08939367532730103,0.14947354793548584,0.1519821286201477
R01,10,158,231,131,0.08701898902654648,0.14192301034927368,0.14653050899505615
R01,10,159,231,131,0.09238473325967789,0.1460573971271515,0.15244810283184052
R01,10,160,231,137,0.09898661822080612,0.15120822191238403,0.15828129649162292
R01,10,161,231,137,0.0931566134095192,0.1434595137834549,0.15243160724639893
R01,10,162,231,137,0.09079822897911072,0.1411537230014801,0.14983870089054108
R01,10,163,231,137,0.08802482485771179,0.13772009313106537,0.15307651460170746
R01,10,164,231,137,0.08827516436576843,0.13633185625076294,0.15120893716812134
R01,10,165,231,139,0.10083892941474915,0.1551181972026825,0.16582004725933075
R01,10,166,231,139,0.10122419148683548,0.15538185834884644,0.16308525204658508
R01,10,167,231,144,0.10311100631952286,0.16254979372024536,0.1655176281929016
R01,10,168,231,144,0.09158789366483688,0.15058691799640656,0.1545337438583374
R01,10,169,231,144,0.08583185076713562,0.14501336216926575,0.14974205195903778
R01,10,170,231,144,0.10019192099571228,0.15645579993724823,0.16246691346168518
R01,10,171,231,144,0.09195299446582794,0.14567632973194122,0.15308471024036407
R01,10,172,231,144,0.09919409453868866,0.15422889590263367,0.1695534735918045
R01,10,173,231,144,0.10310671478509903,0.15702375769615173,0.17122454941272736
R01,10,174,231,151,0.1009187325835228,0.16908514499664307,0.17011317610740662
R01,10,175,231,151,0.09406886994838715,0.1596047282218933,0.16160032153129578
R01,10,176,231,158,0.09013458341360092,0.15683956444263458,0.15980185568332672
R01,10,177,231,158,0.09168661385774612,0.15668919682502747,0.16110385954380035
R01,10,178,231,173,0.09423916786909103,0.18137845396995544,0.1703759729862213
R01,10,179,231,173,0.09914170950651169,0.185904398560524,0.17360985279083252
R01,10,180,231,173,0.10081193596124649,0.18703822791576385,0.17450429499149323
R01,10,181,231,173,0.09999767690896988,0.18851137161254883,0.17430785298347473
R01,10,182,231,173,0.09705842286348343,0.18344460427761078,0.16984950006008148
R01,10,183,231,173,0.09683187305927277,0.17953893542289734,0.16688695549964905
R01,10,184,231,173,0.10758522152900696,0.18918634951114655,0.17924556136131287
R01,10,185,231,173,0.10948047041893005,0.18734781444072723,0.18539854884147644
R01,10,186,231,173,0.09725017100572586,0.17553770542144775,0.17432540655136108
R01,10,187,231,173,0.08793389052152634,0.16298849880695343,0.16258643567562103
R01,10,188,231,181,0.0862264558672905,0.16986143589019775,0.15972894430160522
R01,10,189,231,181,0.08756294846534729,0.1718214899301529,0.16223542392253876
R01,10,190,231,181,0.09275652468204498,0.17517755925655365,0.16429835557937622
R01,10,191,231,181,0.09854388236999512,0.17936940491199493,0.1679583042860031
R01,10,192,231,181,0.1073746532201767,0.18494588136672974,0.17438387870788574
R01,10,193,231,181,0.11380207538604736,0.19066283106803894,0.18108655512332916
R01,10,194,231,181,0.1245175376534462,0.20584435760974884,0.1948114037513733
R01,10,195,231,181,0.09476354718208313,0.1740850955247879,0.16477607190608978
R01,10,196,231,181,0.09428517520427704,0.17869247496128082,0.16889160871505737
R01,10,197,231,181,0.08207008987665176,0.15509317815303802,0.15465524792671204
R01,10,198,231,181,0.08509419113397598,0.1611403077840805,0.16081979870796204
R01,10,199,231,181,0.09766300767660141,0.1637212336063385,0.16434958577156067
R01,10,200,231,181,0.10814021527767181,0.17427901923656464,0.1752191185951233
R01,10,201,231,181,0.11068028956651688,0.17592673003673553,0.17949244379997253
R01,10,202,231,181,0.10388723015785217,0.16618090867996216,0.16798022389411926
R01,10,203,231,181,0.08978437632322311,0.14809013903141022,0.1491582840681076
R01,10,204,231,181,0.08299896866083145,0.14984048902988434,0.15081432461738586
R01,10,205,231,181,0.08350370079278946,0.14170950651168823,0.14604279398918152
R01,10,206,231,181,0.08769110590219498,0.14290423691272736,0.14779916405677795
R01,10,207,231,181,0.09480829536914825,0.14828887581825256,0.15500816702842712
R01,10,208,231,185,0.10058112442493439,0.15314826369285583,0.15808705985546112
R01,10,209,231,185,0.0962434858083725,0.14904607832431793,0.15430492162704468
R01,10,210,231,185,0.09044884145259857,0.14258123934268951,0.14997991919517517
R01,10,211,231,185,0.08634238690137863,0.13683509826660156,0.14343948662281036
R01,10,212,231,185,0.08559340983629227,0.13571703433990479,0.14266318082809448
R01,10,213,231,185,0.08928710967302322,0.1393226534128189,0.1468009352684021
R01,10,214,231,185,0.09526935964822769,0.14281126856803894,0.1508585512638092
R01,10,215,231,185,0.10098869353532791,0.14784970879554749,0.15623047947883606
R01,10,216,231,185,0.09516392648220062,0.1380271017551422,0.14792290329933167
R01,10,217,231,185,0.09449794888496399,0.13954941928386688,0.14958228170871735
R01,10,218,231,185,0.08912739902734756,0.13586904108524323,0.1455271989107132
R01,10,219,231,185,0.09013792127370834,0.13451345264911652,0.14276492595672607
R01,10,220,231,185,0.08857717365026474,0.1384294629096985,0.1465396285057068
R01,10,221,231,185,0.09022292494773865,0.14056147634983063,0.14900802075862885
R01,10,222,231,0,0.09312577545642853,0.17057669162750244,0.1569228172302246
R01,10,223,231,0,0.09559409320354462,0.16967160999774933,0.15816399455070496
R01,11,8,232,0,0.06877024471759796,0.12275338172912598,0.12677612900733948
R01,11,9,232,0,0.06660664826631546,0.1196964755654335,0.12358981370925903
R01,11,10,232,0,0.06441231817007065,0.11957088857889175,0.1239633560180664
R01,11,11,232,0,0.06414370238780975,0.11481982469558716,0.11939362436532974
R01,11,12,232,0,0.06762251257896423,0.11926950514316559,0.1230693906545639
R01,11,13,232,0,0.06375443190336227,0.11548376828432083,0.11935703456401825
R01,11,14,232,0,0.06381862610578537,0.11674638837575912,0.12008941173553467
R01,11,15,232,0,0.060671452432870865,0.11418738216161728,0.11734835058450699
R01,11,16,232,0,0.06490334868431091,0.11832188069820404,0.12092113494873047
R01,11,17,232,6,0.06082116812467575,0.11275697499513626,0.11543561518192291
R01,11,18,232,6,0.06294310092926025,0.11676400154829025,0.11928515136241913
R01,11,19,232,6,0.06146000698208809,0.11391220986843109,0.11594367027282715
R01,11,20,232,6,0.06081407517194748,0.11528487503528595,0.11675865203142166
R01,11,21,232,6,0.06075679138302803,0.11643797159194946,0.1175096184015274
R01,11,22,232,6,0.06075534224510193,0.11771242320537567,0.11775366961956024
R01,11,23,232,6,0.06664053350687027,0.12266170978546143,0.1219099760055542
R01,11,24,232,6,0.06557802110910416,0.12128470838069916,0.1211489737033844
R01,11,25,232,6,0.06450972706079483,0.12343169003725052,0.12200197577476501
R01,11,26,232,6,0.06425058096647263,0.12528905272483826,0.123261958360672
R01,11,27,232,6,0.06515005230903625,0.1244090273976326,0.12113037705421448
R01,11,28,232,6,0.06432035565376282,0.12562738358974457,0.12126153707504272
R01,11,29,232,12,0.06285104900598526,0.11319614946842194,0.11873166263103485
R01,11,30,232,12,0.06369992345571518,0.11348738521337509,0.11820206046104431
R01,11,31,232,12,0.063086599111557,0.1139056384563446,0.11701932549476624
R01,11,32,232,12,0.06051398068666458,0.11156708747148514,0.114421546459198
R01,11,33,232,12,0.06235933303833008,0.11194822937250137,0.11433757096529007
R01,11,34,232,12,0.0605088509619236,0.11493396013975143,0.11648260056972504
R01,11,35,232,12,0.06243761256337166,0.11825600266456604,0.11887912452220917
R01,11,36,232,12,0.05824066698551178,0.11754295229911804,0.116916224360466
R01,11,37,232,20,0.056641414761543274,0.1091647669672966,0.11424293369054794
R01,11,38,232,25,0.06152790039777756,0.11288366466760635,0.1189202070236206
R01,11,39,232,25,0.057369038462638855,0.11200511455535889,0.11878856271505356
R01,11,40,232,25,0.06045503541827202,0.11660460382699966,0.12178116291761398
R01,11,41,232,25,0.060413066297769547,0.1169099360704422,0.12016354501247406
R01,11,42,232,28,0.058430030941963196,0.11104317754507065,0.11508405208587646
R01,11,43,232,36,0.059626344591379166,0.11317484080791473,0.11742217093706131
R01,11,44,232,36,0.05814746022224426,0.10813608020544052,0.11231660842895508
R01,11,45,232,36,0.05903790518641472,0.1098213940858841,0.11455915123224258
R01,11,46,232,36,0.05726473033428192,0.10858127474784851,0.11384411156177521
R01,11,47,232,36,0.059324972331523895,0.1079828217625618,0.11407656967639923
R01,11,48,232,36,0.060127366334199905,0.11064190417528152,0.11771970987319946
R01,11,49,232,36,0.05951399356126785,0.1088421642780304,0.11566121876239777
R01,11,50,232,36,0.06932318955659866,0.12778465449810028,0.13345468044281006
R01,11,51,232,36,0.06180058792233467,0.10633939504623413,0.11174963414669037
R01,11,52,232,36,0.07447100430727005,0.12460564076900482,0.130557581782341
R01,11,53,232,36,0.06701935827732086,0.11611808836460114,0.12064239382743835
R01,11,54,232,36,0.05823025852441788,0.1111193522810936,0.11616653203964233
R01,11,55,232,36,0.05967254936695099,0.11861078441143036,0.1233823373913765
R01,11,56,232,36,0.0554865337908268,0.11320596933364868,0.11685562878847122
R01,11,57,232,36,0.05278077721595764,0.1092103123664856,0.10916855931282043
R01,11,58,232,42,0.05808185040950775,0.1055210754275322,0.1137857437133789
R01,11,59,232,42,0.058067526668310165,0.10579685866832733,0.11527013033628464
R01,11,60,232,42,0.05504307523369789,0.10393122583627701,0.11330917477607727
R01,11,61,232,48,0.05206409469246864,0.1003517359495163,0.10971048474311829
R01,11,62,232,48,0.04858757555484772,0.09450089931488037,0.10334236174821854
R01,11,63,232,48,0.05114574357867241,0.09468317776918411,0.10345786809921265
R01,11,64,232,48,0.05876510590314865,0.10355446487665176,0.11201998591423035
R01,11,65,232,48,0.05880371853709221,0.10414709895849228,0.11021699011325836
R01,11,66,232,48,0.054968759417533875,0.10282603651285172,0.10598504543304443
R01,11,67,232,48,0.04976976662874222,0.09781398624181747,0.10208077728748322
R01,11,68,232,60,0.05261756852269173,0.12379025667905807,0.10980497300624847
R01,11,69,232,60,0.0530904084444046,0.12148282676935196,0.10811616480350494
R01,11,70,232,60,0.052587274461984634,0.11788112670183182,0.10676026344299316
R01,11,71,232,60,0.05152663588523865,0.11400540918111801,0.1040579229593277
R01,11,72,232,60,0.05447758734226227,0.11583899706602097,0.10763558745384216
R01,11,73,232,60,0.05390940234065056,0.11551842093467712,0.10861550271511078
R01,11,74,232,60,0.05410702899098396,0.11186770349740982,0.10837902128696442
R01,11,75,232,60,0.052600350230932236,0.10426082462072372,0.10341241955757141
R01,11,76,232,60,0.05129855498671532,0.09746971726417542,0.10129203647375107
R01,11,77,232,60,0.049004025757312775,0.09028612822294235,0.09625793993473053
R01,11,78,232,60,0.05101427063345909,0.09023680537939072,0.09786537289619446
R01,11,79,232,60,0.05288023501634598,0.096439890563488,0.10410243272781372
R01,11,80,232,64,0.05434875935316086,0.09566055238246918,0.1054316833615303
R01,11,81,232,64,0.08226904273033142,0.12883897125720978,0.13885752856731415
R01,11,82,232,64,0.08462510257959366,0.13415856659412384,0.14386004209518433
R01,11,83,232,66,0.0915454849600792,0.14002840220928192,0.14835314452648163
R01,11,84,232,66,0.07748491317033768,0.1225019171833992,0.130814328789711
R01,11,85,232,66,0.05927346274256706,0.09881017357110977,0.1088285967707634
R01,11,86,232,66,0.0600179024040699,0.10319650918245316,0.11575940251350403
R01,11,87,232,68,0.06330430507659912,0.10971102118492126,0.1223364770412445
R01,11,88,232,68,0.1049334704875946,0.15156269073486328,0.1613801121711731
R01,11,89,232,68,0.07911843806505203,0.12694574892520905,0.13222892582416534
R01,11,90,232,72,0.1086118295788765,0.1599425971508026,0.16622069478034973
R01,11,91,232,72,0.11699938029050827,0.1667434126138687,0.17200255393981934
R01,11,92,232,72,0.08336907625198364,0.12873972952365875,0.13432133197784424
R01,11,93,232,72,0.07225897908210754,0.12250524759292603,0.1259911060333252
R01,11,94,232,72,0.09481538832187653,0.15625861287117004,0.15687371790409088
R01,11,95,232,72,0.08871565759181976,0.14686864614486694,0.14998656511306763
R01,11,96,232,72,0.07840528339147568,0.1321161836385727,0.1364709734916687
R01,11,97,232,68,0.08067547529935837,0.14122465252876282,0.13308633863925934
R01,11,98,232,68,0.08257483690977097,0.15018825232982635,0.13823091983795166
R01,11,99,232,78,0.07376125454902649,0.11713334172964096,0.12511798739433289
R01,11,100,232,78,0.07228382676839828,0.11965848505496979,0.12737125158309937
R01,11,101,232,72,0.07752333581447601,0.13061030209064484,0.13659526407718658
R01,11,102,232,72,0.07800280302762985,0.13437794148921967,0.1395527571439743
R01,11,103,232,72,0.07310426980257034,0.12958578765392303,0.1348486840724945
R01,11,104,232,72,0.07300972938537598,0.12398411333560944,0.12808112800121307
R01,11,105,232,75,0.07962480932474136,0.1345224380493164,0.13781586289405823
R01,11,106,232,77,0.07651398330926895,0.1314944475889206,0.13234053552150726
R01,11,107,232,77,0.0748927965760231,0.1405862718820572,0.1399635523557663
R01,11,108,232,77,0.07513806223869324,0.14588575065135956,0.1437930017709732
R01,11,109,232,77,0.07114993035793304,0.1399713009595871,0.13809262216091156
R01,11,110,232,77,0.07124272733926773,0.13957874476909637,0.1361619532108307
R01,11,111,232,80,0.07432089000940323,0.1179431676864624,0.14059919118881226
R01,11,112,232,80,0.07691239565610886,0.12216407805681229,0.14397992193698883
R01,11,113,232,80,0.07495999336242676,0.12293457984924316,0.1330890655517578
R01,11,114,232,80,0.07363326847553253,0.12308496236801147,0.1308024376630783
R01,11,115,232,91,0.07337519526481628,0.11712531000375748,0.1305043250322342
R01,11,116,232,91,0.07218191772699356,0.11447437852621078,0.12384399026632309
R01,11,117,232,96,0.07473943382501602,0.11459748446941376,0.123073048889637
R01,11,118,232,96,0.07353165745735168,0.11558674275875092,0.12386775016784668
R01,11,119,232,96,0.07506603747606277,0.12211578339338303,0.12954077124595642
R01,11,120,232,96,0.07165214419364929,0.11293883621692657,0.12135322391986847
R01,11,121,232,96,0.0734303742647171,0.1140955463051796,0.12494533509016037
R01,11,122,232,109,0.07341538369655609,0.11689356714487076,0.12405241280794144
R01,11,123,232,109,0.07404879480600357,0.11439269036054611,0.12391136586666107
R01,11,124,232,109,0.07062676548957825,0.11059170961380005,0.1210138350725174
R01,11,125,232,109,0.07462116330862045,0.1172737181186676,0.12892675399780273
R01,11,126,232,109,0.07394729554653168,0.1159777119755745,0.12759733200073242
R01,11,127,232,109,0.07398536056280136,0.11566437780857086,0.12757566571235657
R01,11,128,232,109,0.07682030647993088,0.11451944708824158,0.12653498351573944
R01,11,129,232,109,0.07435279339551926,0.12247064709663391,0.13279090821743011
R01,11,130,232,109,0.07460048049688339,0.11662398278713226,0.13156503438949585
R01,11,131,232,109,0.07464896887540817,0.11722958087921143,0.13315965235233307
R01,11,132,232,116,0.07609138637781143,0.13203337788581848,0.13548634946346283
R01,11,133,232,116,0.0719982236623764,0.12438655644655228,0.13038408756256104
R01,11,134,232,116,0.07799769192934036,0.12779678404331207,0.13706329464912415
R01,11,135,232,116,0.07750300318002701,0.12296026945114136,0.14279139041900635
R01,11,136,232,116,0.0748240128159523,0.123930424451828,0.14391809701919556
R01,11,137,232,116,0.07561245560646057,0.12329930812120438,0.14295752346515656
R01,11,138,232,122,0.07551021128892899,0.15006385743618011,0.1439017951488495
R01,11,139,232,122,0.07172675430774689,0.14241574704647064,0.13739967346191406
R01,11,140,232,122,0.08078844845294952,0.15167632699012756,0.14870309829711914
R01,11,141,232,122,0.07715863734483719,0.14273403584957123,0.14072543382644653
R01,11,142,232,122,0.07988535612821579,0.1458558887243271,0.1457705795764923
R01,11,143,232,127,0.07822912186384201,0.14317381381988525,0.1441068947315216
R01,11,144,232,127,0.07702929526567459,0.1421220302581787,0.14542517066001892
R01,11,145,232,127,0.0862485021352768,0.15076518058776855,0.1560567319393158
R01,11,146,232,127,0.0774458646774292,0.13092727959156036,0.1401219218969345
R01,11,147,232,127,0.08570686727762222,0.14061155915260315,0.15799805521965027
R01,11,148,232,127,0.07345879822969437,0.12385714799165726,0.140787273645401
R01,11,149,232,127,0.07291729003190994,0.12532241642475128,0.1414789855480194
R01,11,150,232,127,0.06819373369216919,0.11894548684358597,0.13525471091270447
R01,11,151,232,127,0.06469696015119553,0.113277368247509,0.1303459107875824
R01,11,152,232,133,0.0674135684967041,0.13383688032627106,0.1323787122964859
R01,11,153,232,133,0.07119401544332504,0.13774937391281128,0.1381952464580536
R01,11,154,232,133,0.07554147392511368,0.13950391113758087,0.1422712504863739
R01,11,155,232,133,0.0745067447423935,0.13311947882175446,0.13845692574977875
R01,11,156,232,139,0.07317326217889786,0.1323568969964981,0.1391051858663559
R01,11,157,232,139,0.06904668360948563,0.1235947534441948,0.13288740813732147
R01,11,158,232,139,0.06311249732971191,0.11706855148077011,0.13508526980876923
R01,11,159,232,142,0.06809686869382858,0.14936882257461548,0.14094725251197815
R01,11,160,232,142,0.06831196695566177,0.14904111623764038,0.14157316088676453
R01,11,161,232,142,0.06824596226215363,0.14610041677951813,0.13894380629062653
R01,11,162,232,142,0.07415067404508591,0.1487731784582138,0.14464959502220154
R01,11,163,232,142,0.07487964630126953,0.14841651916503906,0.14526404440402985
R01,11,164,232,142,0.0707276463508606,0.14094731211662292,0.13939325511455536
R01,11,165,232,142,0.06978960335254669,0.13388390839099884,0.13529516756534576
R01,11,166,232,145,0.06623096019029617,0.12877123057842255,0.13158130645751953
R01,11,167,232,145,0.06667805463075638,0.12927260994911194,0.13364601135253906
R01,11,168,232,150,0.06853903830051422,0.14965316653251648,0.1440838873386383
R01,11,169,232,150,0.07135685533285141,0.15078671276569366,0.14430010318756104
R01,11,170,232,150,0.07174821943044662,0.14680545032024384,0.14155268669128418
R01,11,171,232,150,0.07325616478919983,0.14697439968585968,0.1425928920507431
R01,11,172,232,150,0.0731714740395546,0.14533603191375732,0.14250971376895905
R01,11,173,232,150,0.07020828872919083,0.13899344205856323,0.13703396916389465
R01,11,174,232,150,0.07002310454845428,0.139220729470253,0.13794170320034027
R01,11,175,232,162,0.09124621003866196,0.17105527222156525,0.1589730679988861
R01,11,176,232,162,0.07695239037275314,0.15768322348594666,0.14433887600898743
R01,11,177,232,162,0.07806664705276489,0.15444409847259521,0.14184807240962982
R01,11,178,232,162,0.0711822509765625,0.14683695137500763,0.13343966007232666
R01,11,179,232,162,0.06625331938266754,0.1408804953098297,0.12757691740989685
R01,11,180,232,162,0.06628865003585815,0.1383962780237198,0.12611769139766693
R01,11,181,232,162,0.06375887244939804,0.13111154735088348,0.11979937553405762
R01,11,182,232,162,0.06712229549884796,0.13267569243907928,0.1234792023897171
R01,11,183,232,162,0.06735965609550476,0.1328113079071045,0.12404032051563263
R01,11,184,232,162,0.06793565303087234,0.13018469512462616,0.12802854180335999
R01,11,185,232,162,0.06859619915485382,0.1290333867073059,0.1275433748960495
R01,11,186,232,173,0.070473812520504,0.14444394409656525,0.13068437576293945
R01,11,187,232,173,0.06825931370258331,0.14187169075012207,0.12826964259147644
R01,11,188,232,173,0.06750451773405075,0.13885141909122467,0.1251777708530426
R01,11,189,232,173,0.06960351765155792,0.13962770998477936,0.1282673180103302
R01,11,190,232,173,0.08231978118419647,0.15563416481018066,0.14572131633758545
R01,11,191,232,173,0.13871635496616364,0.20646727085113525,0.19857770204544067
R01,11,192,232,173,0.10468975454568863,0.17330291867256165,0.16749270260334015
R01,11,193,232,173,0.08718649297952652,0.1479431390762329,0.14356669783592224
R01,11,194,232,173,0.07388225197792053,0.13128942251205444,0.12658150494098663
R01,11,195,232,173,0.0690905824303627,0.1274978518486023,0.1234765350818634
R01,11,196,232,173,0.06229396536946297,0.11648818850517273,0.11166773736476898
R01,11,197,232,173,0.0661102682352066,0.12371906638145447,0.11970269680023193
R01,11,198,232,173,0.06906984746456146,0.12231473624706268,0.12022863328456879
R01,11,199,232,173,0.07350917905569077,0.13192205131053925,0.13026903569698334
R01,11,200,232,173,0.07733859866857529,0.1335500329732895,0.1324983686208725
R01,11,201,232,173,0.07808279991149902,0.1345948874950409,0.13493600487709045
R01,11,202,232,173,0.07146455347537994,0.12003561854362488,0.12170134484767914
R01,11,203,232,173,0.06884685903787613,0.11853662878274918,0.12046300619840622
R01,11,204,232,173,0.06244352087378502,0.1098768338561058,0.11272050440311432
R01,11,205,232,173,0.06348622590303421,0.11195657402276993,0.11449766159057617
R01,11,206,232,173,0.06666304916143417,0.1185145452618599,0.12108409404754639
R01,11,207,232,173,0.0713820606470108,0.12028545886278152,0.1250171661376953
R01,11,208,232,173,0.07666681706905365,0.1273588240146637,0.13181988894939423
R01,11,209,232,173,0.07302194088697433,0.11998925358057022,0.12430587410926819
R01,11,210,232,173,0.07455906271934509,0.120573990046978,0.12487980723381042
R01,11,211,232,173,0.07237260043621063,0.11689017713069916,0.12179343402385712
R01,11,212,232,173,0.06815853714942932,0.11345682293176651,0.11722000688314438
R01,11,213,232,181,0.06978956609964371,0.12092757970094681,0.12106494605541229
R01,11,214,232,181,0.07106853276491165,0.1280135214328766,0.12784790992736816
R01,11,215,232,181,0.07280359417200089,0.12263288348913193,0.12368907034397125
R01,11,216,232,181,0.07577488571405411,0.12676049768924713,0.12814229726791382
R01,11,217,232,185,0.07534542679786682,0.1248527318239212,0.1262926310300827
R01,11,218,232,185,0.07605947554111481,0.12171410024166107,0.12463410198688507
R01,11,219,232,185,0.0721677765250206,0.11828745156526566,0.12140685319900513
R01,11,220,232,185,0.07209625095129013,0.12378877401351929,0.12829075753688812
R01,11,221,232,185,0.0769299641251564,0.1278826892375946,0.1332009881734848
R01,11,222,232,185,0.07376230508089066,0.12513917684555054,0.13131475448608398
R01,11,223,232,185,0.07593728601932526,0.12566077709197998,0.13301339745521545
R01,11,224,232,186,0.07678389549255371,0.12440589815378189,0.1327906847000122
R01,12,8,231,0,0.029331987723708153,0.0636749118566513,0.06833195686340332
R01,12,9,231,0,0.030549343675374985,0.06084448844194412,0.06581886112689972
R01,12,10,231,0,0.030271118506789207,0.06435952335596085,0.06903979182243347
R01,12,11,231,0,0.030034217983484268,0.06316900998353958,0.06778796762228012
R01,12,12,231,0,0.028817348182201385,0.05798180773854256,0.06250075250864029
R01,12,13,231,0,0.027209166437387466,0.05661586672067642,0.06104074791073799
R01,12,14,231,0,0.030129626393318176,0.06026872619986534,0.06454727053642273
R01,12,15,231,0,0.02769654244184494,0.05565507337450981,0.060161322355270386
R01,12,16,231,0,0.029021304100751877,0.06186274066567421,0.0663301944732666
R01,12,17,231,0,0.03140265494585037,0.05913641303777695,0.06353513896465302
R01,12,18,231,0,0.02989289164543152,0.0620424784719944,0.06500224769115448
R01,12,19,231,0,0.028102604672312737,0.06336567550897598,0.06539250910282135
R01,12,20,231,0,0.027221091091632843,0.06074438616633415,0.06251243501901627
R01,12,21,231,0,0.02727581560611725,0.06341958045959473,0.06490734219551086
R01,12,22,231,6,0.027745241299271584,0.062115803360939026,0.06292998045682907
R01,12,23,231,6,0.02599763683974743,0.0628507137298584,0.06238087639212608
R01,12,24,231,12,0.026286045089364052,0.05845794081687927,0.06204170361161232
R01,12,25,231,12,0.026676161214709282,0.060540106147527695,0.06410598754882812
R01,12,26,231,12,0.027121527120471,0.05907297879457474,0.06285752356052399
R01,12,27,231,12,0.02670956775546074,0.05993054807186127,0.06295573711395264
R01,12,28,231,12,0.025707386434078217,0.0583670511841774,0.061639975756406784
R01,12,29,231,18,0.030537758022546768,0.06478315591812134,0.06674186140298843
R01,12,30,231,18,0.027526555582880974,0.06023796647787094,0.06176349148154259
R01,12,31,231,18,0.02839815802872181,0.061755016446113586,0.062159210443496704
R01,12,32,231,18,0.030276436358690262,0.06577778607606888,0.06603831052780151
R01,12,33,231,18,0.030143020674586296,0.06547737121582031,0.0653209313750267
R01,12,34,231,18,0.026811441406607628,0.06142697483301163,0.060297641903162
R01,12,35,231,18,0.027574067935347557,0.064938984811306,0.06298845261335373
R01,12,36,231,24,0.02441011555492878,0.05227886140346527,0.058802369982004166
R01,12,37,231,24,0.022971438243985176,0.05133894830942154,0.05709110200405121
R01,12,38,231,24,0.0257928054779768,0.055083226412534714,0.061297427862882614
R01,12,39,231,24,0.02512500248849392,0.05393533408641815,0.059858981519937515
R01,12,40,231,24,0.027413660660386086,0.05959891900420189,0.06542398035526276
R01,12,41,231,24,0.02705204300582409,0.05775851011276245,0.06265826523303986
R01,12,42,231,24,0.026377342641353607,0.05817488580942154,0.06198014318943024
R01,12,43,231,24,0.02568214386701584,0.05796115845441818,0.06241767108440399
R01,12,44,231,24,0.02581067755818367,0.061305154114961624,0.06467127054929733
R01,12,45,231,27,0.035686030983924866,0.07530031353235245,0.07770735025405884
R01,12,46,231,36,0.025749221444129944,0.05513961240649223,0.06328601390123367
R01,12,47,231,36,0.023319924250245094,0.04899819567799568,0.05721117928624153
R01,12,48,231,36,0.024929923936724663,0.05043312534689903,0.05700242146849632
R01,12,49,231,36,0.025829698890447617,0.05358732119202614,0.060425400733947754
R01,12,50,231,36,0.030366109684109688,0.05758430436253548,0.06646257638931274
R01,12,51,231,36,0.027054497972130775,0.054305169731378555,0.06140328198671341
R01,12,52,231,36,0.02811655029654503,0.05690449848771095,0.0640740916132927
R01,12,53,231,36,0.02888074889779091,0.062025364488363266,0.06688588112592697
R01,12,54,231,36,0.030515894293785095,0.0664740800857544,0.071759894490242
R01,12,55,231,36,0.02696954272687435,0.05992096662521362,0.06484363973140717
R01,12,56,231,36,0.028361214324831963,0.06508181244134903,0.0688505545258522
R01,12,57,231,36,0.0274586733430624,0.066109299659729,0.06991493701934814
R01,12,58,231,36,0.025916973128914833,0.0672120451927185,0.06615229696035385
R01,12,59,231,36,0.028399141505360603,0.06824227422475815,0.06638917326927185
R01,12,60,231,36,0.02953633852303028,0.07347727566957474,0.07043387740850449
R01,12,61,231,36,0.029152270406484604,0.07156625390052795,0.06770037114620209
R01,12,62,231,36,0.03258039429783821,0.07874754071235657,0.07287240028381348
R01,12,63,231,36,0.029577547684311867,0.07607391476631165,0.06804747134447098
R01,12,64,231,36,0.028938522562384605,0.076107919216156,0.06599138677120209
R01,12,65,231,48,0.030410300940275192,0.0654427632689476,0.07133316248655319
R01,12,66,231,48,0.06678386777639389,0.11290114372968674,0.11684870719909668
R01,12,67,231,48,0.1261753886938095,0.19306421279907227,0.1965634673833847
R01,12,68,231,48,0.09977370500564575,0.1645309180021286,0.1651388704776764
R01,12,69,231,48,0.07748857140541077,0.13949431478977203,0.13976117968559265
R01,12,70,231,54,0.04307103157043457,0.08575112372636795,0.09300734102725983
R01,12,71,231,56,0.03314674273133278,0.06504354625940323,0.0732346773147583
R01,12,72,231,56,0.030212614685297012,0.06398697942495346,0.07276925444602966
R01,12,73,231,56,0.038191549479961395,0.07852768152952194,0.08643920719623566
R01,12,74,231,56,0.05476660653948784,0.0999031513929367,0.10782935470342636
R01,12,75,231,58,0.06939896196126938,0.1128559336066246,0.12061970680952072
R01,12,76,231,58,0.03964943438768387,0.07961293309926987,0.0878065824508667
R01,12,77,231,60,0.04508441686630249,0.09270637482404709,0.09484115242958069
R01,12,78,231,60,0.03785143420100212,0.08543496578931808,0.08853283524513245
R01,12,79,231,60,0.02562911994755268,0.06297710537910461,0.06642550230026245
R01,12,80,231,62,0.027543803676962852,0.056082986295223236,0.060714758932590485
R01,12,81,231,62,0.024249708279967308,0.05439835041761398,0.05991709977388382
R01,12,82,231,62,0.023810984566807747,0.05386805906891823,0.05971462279558182
R01,12,83,231,64,0.02926538698375225,0.06402979046106339,0.07038242369890213
R01,12,84,231,66,0.05055108666419983,0.08868056535720825,0.09591683745384216
R01,12,85,231,66,0.07303772866725922,0.12237487733364105,0.12796929478645325
R01,12,86,231,66,0.06584785878658295,0.11446154862642288,0.11973853409290314
R01,12,87,231,68,0.054367806762456894,0.10290399193763733,0.1069483608007431
R01,12,88,231,68,0.031521763652563095,0.06882312148809433,0.07343906909227371
R01,12,89,231,68,0.03050684742629528,0.05924244970083237,0.06385273486375809
R01,12,90,231,68,0.031924836337566376,0.0665188804268837,0.07317501306533813
R01,12,91,231,72,0.025544172152876854,0.05213846266269684,0.058935098350048065
R01,12,92,231,72,0.02948993816971779,0.057072609663009644,0.06508943438529968
R01,12,93,231,72,0.035923492163419724,0.07123462855815887,0.08036592602729797
R01,12,94,231,72,0.029134202748537064,0.06223811209201813,0.07116037607192993
R01,12,95,231,75,0.026845024898648262,0.05481404438614845,0.06302566826343536
R01,12,96,231,75,0.027815135195851326,0.0524238646030426,0.06090362370014191
R01,12,97,231,78,0.02511613257229328,0.0515081025660038,0.058707818388938904
R01,12,98,231,78,0.02688385546207428,0.05779166892170906,0.06547798216342926
R01,12,99,231,78,0.029384827241301537,0.06019347533583641,0.06733652949333191
R01,12,100,231,78,0.02707650139927864,0.06013684347271919,0.06584571301937103
R01,12,101,231,78,0.025296706706285477,0.055697958916425705,0.060954414308071136
R01,12,102,231,82,0.024467945098876953,0.053852930665016174,0.058206260204315186
R01,12,103,231,82,0.027186470106244087,0.05767626687884331,0.06301023811101913
R01,12,104,231,82,0.026021800935268402,0.055345065891742706,0.06134496629238129
R01,12,105,231,82,0.02788781002163887,0.056960176676511765,0.06375440210103989
R01,12,106,231,85,0.026263823732733727,0.054501134902238846,0.061354830861091614
R01,12,107,231,85,0.023895787075161934,0.049099188297986984,0.05672518163919449
R01,12,108,231,85,0.023042025044560432,0.05049319937825203,0.058032918721437454
R01,12,109,231,85,0.02605600096285343,0.05488577485084534,0.06178946793079376
R01,12,110,231,88,0.07111573964357376,0.119436115026474,0.12491022795438766
R01,12,111,231,96,0.04672469198703766,0.08668124675750732,0.09083224087953568
R01,12,112,231,89,0.05067585036158562,0.09649214148521423,0.0999356284737587
R01,12,113,231,96,0.03678009286522865,0.06746780872344971,0.07408825308084488
R01,12,114,231,96,0.029274743050336838,0.059777602553367615,0.06687942147254944
R01,12,115,231,100,0.031126702204346657,0.09241392463445663,0.07967890053987503
R01,12,116,231,100,0.028419453650712967,0.08431322872638702,0.07516542077064514
R01,12,117,231,100,0.027497127652168274,0.0705702006816864,0.06840182840824127
R01,12,118,231,103,0.10593394190073013,0.16548767685890198,0.1664445698261261
R01,12,119,231,103,0.06559406965970993,0.11908413469791412,0.12088556587696075
R01,12,120,231,96,0.06552939116954803,0.11129172146320343,0.11695583164691925
R01,12,121,231,96,0.041310276836156845,0.07369104772806168,0.07906642556190491
R01,12,122,231,100,0.04371192306280136,0.0934276208281517,0.09963130950927734
R01,12,123,231,100,0.08363514393568039,0.15178237855434418,0.15863844752311707
R01,12,124,231,100,0.08461764454841614,0.15107350051403046,0.15989303588867188
R01,12,125,231,100,0.04990750923752785,0.10370749235153198,0.1140865683555603
R01,12,126,231,103,0.03826645761728287,0.06954841315746307,0.07707199454307556
R01,12,127,231,103,0.07331667840480804,0.11886010318994522,0.1256781667470932
R01,12,128,231,103,0.06666813045740128,0.10895688831806183,0.11626552045345306
R01,12,129,231,103,0.05658017843961716,0.10157644003629684,0.10863815248012543
R01,12,130,231,103,0.042004525661468506,0.07566593587398529,0.08407321572303772
R01,12,131,231,103,0.051453448832035065,0.10519376397132874,0.11752928793430328
R01,12,132,231,103,0.08396226167678833,0.14596626162528992,0.15737229585647583
R01,12,133,231,103,0.06558055430650711,0.12385782599449158,0.1352049857378006
R01,12,134,231,110,0.041344113647937775,0.08627483993768692,0.08667844533920288
R01,12,135,231,110,0.045581329613924026,0.0836486741900444,0.08759158849716187
R01,12,136,231,110,0.04188648238778114,0.07827099412679672,0.08361135423183441
R01,12,137,231,110,0.04167068004608154,0.07762560248374939,0.08506547659635544
R01,12,138,231,112,0.045064374804496765,0.09119206666946411,0.0985945612192154
R01,12,139,231,112,0.04187042638659477,0.0888080820441246,0.09573730826377869
R01,12,140,231,116,0.04057222604751587,0.07815159857273102,0.0859312117099762
R01,12,141,231,116,0.04166548699140549,0.07801985740661621,0.08833752572536469
R01,12,142,231,116,0.04672619700431824,0.08396384119987488,0.09300335496664047
R01,12,143,231,116,0.05019493028521538,0.08819162100553513,0.09719820320606232
R01,12,144,231,116,0.04994159936904907,0.09121653437614441,0.10092692077159882
R01,12,145,231,116,0.048652857542037964,0.0956401526927948,0.10449784994125366
R01,12,146,231,121,0.048804547637701035,0.0951206162571907,0.09728619456291199
R01,12,147,231,121,0.051058776676654816,0.09539735317230225,0.09805464744567871
R01,12,148,231,121,0.054922785609960556,0.10189734399318695,0.10538305342197418
R01,12,149,231,121,0.048188064247369766,0.0880410224199295,0.09444737434387207
R01,12,150,231,121,0.04394650086760521,0.08324529230594635,0.08988097310066223
R01,12,151,231,121,0.04513159394264221,0.0863947942852974,0.0935649573802948
R01,12,152,231,124,0.04829668626189232,0.08866537362337112,0.09658555686473846
R01,12,153,231,124,0.04961283504962921,0.09621814638376236,0.10353370010852814
R01,12,154,231,127,0.04849187657237053,0.0939507931470871,0.10107968747615814
R01,12,155,231,127,0.05128561332821846,0.09825371950864792,0.10572642087936401
R01,12,156,231,127,0.05078698322176933,0.09711655229330063,0.10454551130533218
R01,12,157,231,127,0.050188153982162476,0.09514229744672775,0.10411359369754791
R01,12,158,231,127,0.04963668808341026,0.09297946095466614,0.10056185722351074
R01,12,159,231,133,0.04927632212638855,0.09729281812906265,0.1019868403673172
R01,12,160,231,133,0.04835193604230881,0.09164119511842728,0.09799332916736603
R01,12,161,231,133,0.048717059195041656,0.09733381867408752,0.10336020588874817
R01,12,162,231,133,0.04707556590437889,0.0950823649764061,0.10345388948917389
R01,12,163,231,133,0.05048368126153946,0.09846086800098419,0.10715563595294952
R01,12,164,231,137,0.051704078912734985,0.10043710470199585,0.10710220038890839
R01,12,165,231,137,0.04827255755662918,0.09584324806928635,0.10257217288017273
R01,12,166,231,142,0.0500551275908947,0.10364433377981186,0.10490402579307556
R01,12,167,231,142,0.047872550785541534,0.09909287095069885,0.10179536044597626
R01,12,168,231,142,0.04845498502254486,0.1002950593829155,0.10484394431114197
R01,12,169,231,142,0.046096090227365494,0.09404941648244858,0.09964848309755325
R01,12,170,231,142,0.04753956198692322,0.09425574541091919,0.10101635754108429
R01,12,171,231,142,0.0460904985666275,0.09180881083011627,0.09947729110717773
R01,12,172,231,142,0.04537196084856987,0.09146144986152649,0.09906260669231415
R01,12,173,231,142,0.04566498100757599,0.09069705009460449,0.09942996501922607
R01,12,174,231,142,0.04719986766576767,0.0931524932384491,0.10169373452663422
R01,12,175,231,151,0.04423899203538895,0.10454846918582916,0.10155434906482697
R01,12,176,231,151,0.04670693725347519,0.10580127686262131,0.10392430424690247
R01,12,177,231,151,0.0488639771938324,0.10686186701059341,0.10664542764425278
R01,12,178,231,151,0.04996570572257042,0.10990844666957855,0.11081364750862122
R01,12,179,231,162,0.048233602195978165,0.1173965185880661,0.10710140317678452
R01,12,180,231,162,0.05078309774398804,0.12144100666046143,0.11130966246128082
R01,12,181,231,162,0.047663021832704544,0.11165513098239899,0.10334113240242004
R01,12,182,231,162,0.05110851302742958,0.1143270879983902,0.10606727004051208
R01,12,183,231,162,0.05000178515911102,0.11241543292999268,0.10642580687999725
R01,12,184,231,162,0.049893204122781754,0.11176855862140656,0.10723714530467987
R01,12,185,231,162,0.051736392080783844,0.11313825845718384,0.1096266508102417
R01,12,186,231,162,0.05078800767660141,0.11213865131139755,0.10880819708108902
R01,12,187,231,162,0.05061085894703865,0.11112801730632782,0.1088600680232048
R01,12,188,231,162,0.05081101506948471,0.10784642398357391,0.10914444923400879
R01,12,189,231,162,0.04877805337309837,0.10505268722772598,0.10681843757629395
R01,12,190,231,162,0.050677381455898285,0.10226701945066452,0.10458515584468842
R01,12,191,231,36,0.0886535719037056,0.1920938789844513,0.15119580924510956
R01,12,192,231,173,0.0667337104678154,0.12742812931537628,0.12225592136383057
R01,12,193,231,173,0.06156103312969208,0.11804119497537613,0.11415111273527145
R01,12,194,231,173,0.04987945035099983,0.10518575459718704,0.10260123014450073
R01,12,195,231,36,0.045230232179164886,0.13803233206272125,0.09962430596351624
R01,12,196,231,36,0.07895895838737488,0.18443812429904938,0.1429329365491867
R01,12,197,231,173,0.0852360799908638,0.15594704449176788,0.15513086318969727
R01,12,198,231,177,0.09222511202096939,0.1562717854976654,0.15853725373744965
R01,12,199,231,177,0.0689217746257782,0.12539148330688477,0.12874755263328552
R01,12,200,231,173,0.06295609474182129,0.12011902779340744,0.12166406214237213
R01,12,201,231,173,0.07614050805568695,0.15164272487163544,0.16042561829090118
R01,12,202,231,173,0.11377699673175812,0.17942911386489868,0.18890249729156494
R01,12,203,231,173,0.07601065188646317,0.13607853651046753,0.14841169118881226
R01,12,204,231,173,0.07469874620437622,0.12633968889713287,0.12921126186847687
R01,12,205,231,173,0.07441229373216629,0.12352238595485687,0.12837743759155273
R01,12,206,231,173,0.061536047607660294,0.11051561683416367,0.11574587970972061
R01,12,207,231,173,0.05492943897843361,0.11308427900075912,0.1249571368098259
R01,12,208,231,173,0.05310850962996483,0.11125826090574265,0.13200914859771729
R01,12,209,231,173,0.04951801896095276,0.10071427375078201,0.12280456721782684
R01,12,210,231,181,0.0533377081155777,0.10753578692674637,0.12097765505313873
R01,12,211,231,6,0.05736576020717621,0.13882791996002197,0.13091281056404114
R01,12,212,231,6,0.055195074528455734,0.1299983561038971,0.12341870367527008
R01,12,213,231,6,0.05113944783806801,0.1309463530778885,0.12462548166513443
R01,12,214,231,0,0.05175407603383064,0.13258689641952515,0.12720544636249542
R01,12,215,231,0,0.051531702280044556,0.12897001206874847,0.12348487973213196
R01,12,216,231,0,0.052688609808683395,0.13107965886592865,0.12627902626991272
R01,12,217,231,0,0.0566706657409668,0.12922798097133636,0.1256752908229828
R01,12,218,231,0,0.05275363847613335,0.12321768701076508,0.12033219635486603
R01,12,219,231,0,0.05428115278482437,0.1287771761417389,0.1255911886692047
R01,12,220,231,0,0.05527590587735176,0.12737123668193817,0.12492738664150238
R01,12,221,231,0,0.05496706813573837,0.12570449709892273,0.1238308697938919
R01,12,222,231,0,0.055494967848062515,0.12297651916742325,0.12188363820314407
R01,12,223,231,0,0.05549449846148491,0.11956720054149628,0.11943043023347855
R01,13,8,229,0,0.026096096262335777,0.04911397024989128,0.05286954343318939
R01,13,9,229,0,0.023654770106077194,0.04608580470085144,0.049845971167087555
R01,13,10,229,0,0.02404601313173771,0.045253902673721313,0.04918570816516876
R01,13,11,229,0,0.022892292588949203,0.04205038398504257,0.046188030391931534
R01,13,12,229,0,0.022933747619390488,0.043805669993162155,0.04811794310808182
R01,13,13,229,0,0.02243007905781269,0.04410652071237564,0.04800314083695412
R01,13,14,229,0,0.022491367533802986,0.04307778552174568,0.047333113849163055
R01,13,15,229,0,0.023220503702759743,0.04607580229640007,0.050487175583839417
R01,13,16,229,0,0.02211640775203705,0.04342855513095856,0.04842681437730789
R01,13,17,229,6,0.021345296874642372,0.041439469903707504,0.04577610641717911
R01,13,18,229,6,0.021890932694077492,0.04347320646047592,0.04761376976966858
R01,13,19,229,6,0.02144632302224636,0.04370272159576416,0.04724631831049919
R01,13,20,229,6,0.021321188658475876,0.04524361714720726,0.04787961766123772
R01,13,21,229,6,0.020936034619808197,0.04508117586374283,0.047763459384441376
R01,13,22,229,6,0.022174790501594543,0.048731714487075806,0.049374524503946304
R01,13,23,229,6,0.02051662467420101,0.049452345818281174,0.04903406649827957
R01,13,24,229,6,0.021392714232206345,0.04982294142246246,0.049057379364967346
R01,13,25,229,6,0.020724637433886528,0.05097199231386185,0.0491473414003849
R01,13,26,229,6,0.020857805386185646,0.05408920347690582,0.050895653665065765
R01,13,27,229,6,0.021272270008921623,0.057086437940597534,0.053696781396865845
R01,13,28,229,12,0.02104426920413971,0.04590345919132233,0.05150248110294342
R01,13,29,229,12,0.020536277443170547,0.04489752650260925,0.04938759654760361
R01,13,30,229,12,0.020817050710320473,0.0475943349301815,0.05043569207191467
R01,13,31,229,12,0.018809327855706215,0.046168744564056396,0.04901815205812454
R01,13,32,229,12,0.019445141777396202,0.04801541939377785,0.04965807497501373
R01,13,33,229,12,0.01904681697487831,0.055055711418390274,0.05585729330778122
R01,13,34,229,20,0.020862199366092682,0.048167139291763306,0.05541233718395233
R01,13,35,229,20,0.02009068988263607,0.047089219093322754,0.05485368147492409
R01,13,36,229,25,0.019663745537400246,0.044217221438884735,0.05299733579158783
R01,13,37,229,25,0.021107187494635582,0.0462576262652874,0.055245913565158844
R01,13,38,229,25,0.020372090861201286,0.0448552668094635,0.05392032116651535
R01,13,39,229,36,0.01953839883208275,0.05715019255876541,0.05243295431137085
R01,13,40,229,36,0.019892258569598198,0.05470176413655281,0.05545483157038689
R01,13,41,229,36,0.018809909000992775,0.05140477791428566,0.05380628630518913
R01,13,42,229,36,0.019420340657234192,0.05076184123754501,0.05478585511445999
R01,13,43,229,36,0.019436322152614594,0.04967106878757477,0.05607497692108154
R01,13,44,229,36,0.01914754882454872,0.04712573066353798,0.0571008063852787
R01,13,45,229,36,0.018137140199542046,0.05259067192673683,0.05883036181330681
R01,13,46,229,36,0.020271504297852516,0.05067593231797218,0.0584946870803833
R01,13,47,229,36,0.020804142579436302,0.0516473650932312,0.05950213968753815
R01,13,48,229,36,0.020235426723957062,0.05310051515698433,0.06086807698011398
R01,13,49,229,36,0.020245851948857307,0.051004622131586075,0.05938630551099777
R01,13,50,229,36,0.019415976479649544,0.050943274050951004,0.058186858892440796
R01,13,51,229,36,0.021115558221936226,0.05406632274389267,0.05978431552648544
R01,13,52,229,36,0.021266592666506767,0.05076926574110985,0.05643809586763382
R01,13,53,229,36,0.021671798080205917,0.050637032836675644,0.05644768476486206
R01,13,54,229,36,0.02399834431707859,0.05987872555851936,0.06337146461009979
R01,13,55,229,36,0.024554990231990814,0.06236586347222328,0.0653228685259819
R01,13,56,229,36,0.023458294570446014,0.06159035488963127,0.06354980915784836
R01,13,57,229,36,0.024730270728468895,0.06450431793928146,0.06544490158557892
R01,13,58,229,36,0.02559787593781948,0.06469520926475525,0.06497383117675781
R01,13,59,229,36,0.03103412315249443,0.08104090392589569,0.07614682614803314
R01,13,60,229,36,0.028766721487045288,0.07973437011241913,0.07494565844535828
R01,13,61,229,48,0.028683291748166084,0.06421352922916412,0.0731443539261818
R01,13,62,229,48,0.02978699840605259,0.06356675922870636,0.0726381242275238
R01,13,63,229,48,0.02864192984998226,0.05839082971215248,0.06650588661432266
R01,13,64,229,48,0.030776388943195343,0.06718906760215759,0.07401188462972641
R01,13,65,229,48,0.03279472142457962,0.07521466910839081,0.08091650903224945
R01,13,66,229,48,0.03133903816342354,0.07072226703166962,0.07597161829471588
R01,13,67,229,48,0.034246060997247696,0.07527818530797958,0.07814128696918488
R01,13,68,229,56,0.032129839062690735,0.0664268285036087,0.07401880621910095
R01,13,69,229,56,0.03529302403330803,0.06535649299621582,0.07543423771858215
R01,13,70,229,56,0.03528694063425064,0.06500056385993958,0.07639632374048233
R01,13,71,229,56,0.037103790789842606,0.0694565400481224,0.08027809858322144
R01,13,72,229,58,0.0426715612411499,0.07587602734565735,0.08594252914190292
R01,13,73,229,58,0.04116768762469292,0.07387484610080719,0.08273696899414062
R01,13,74,229,58,0.04289949685335159,0.07708398997783661,0.0842476487159729
R01,13,75,229,68,0.04327358305454254,0.08099211007356644,0.08426206558942795
R01,13,76,229,68,0.0465674102306366,0.08164132386445999,0.0865858644247055
R01,13,77,229,68,0.04191206023097038,0.07654429972171783,0.08221854269504547
R01,13,78,229,68,0.04049345478415489,0.07427917420864105,0.08223108947277069
R01,13,79,229,68,0.04037852957844734,0.07121036946773529,0.08055553585290909
R01,13,80,229,68,0.038064662367105484,0.07241848111152649,0.0817723348736763
R01,13,81,229,68,0.0363745391368866,0.07146111130714417,0.0806489959359169
R01,13,82,229,68,0.033114828169345856,0.06934531033039093,0.07860364019870758
R01,13,83,229,68,0.03215625882148743,0.06832756102085114,0.07631254196166992
R01,13,84,229,68,0.035730186849832535,0.06824898719787598,0.07616962492465973
R01,13,85,229,68,0.0373651348054409,0.07009629160165787,0.07765531539916992
R01,13,86,229,68,0.03450207784771919,0.07049673795700073,0.07777731865644455
R01,13,87,229,68,0.033837225288152695,0.06994813680648804,0.07688255608081818
R01,13,88,229,68,0.03405667468905449,0.07191656529903412,0.07642621546983719
R01,13,89,229,72,0.03563320264220238,0.07352301478385925,0.08072787523269653
R01,13,90,229,72,0.03212200850248337,0.068143330514431,0.0750296488404274
R01,13,91,229,72,0.03264970704913139,0.06849326938390732,0.07620576024055481
R01,13,92,229,75,0.03344222903251648,0.06921080499887466,0.07770337164402008
R01,13,93,229,75,0.03523234277963638,0.07427273690700531,0.08220511674880981
R01,13,94,229,75,0.038871005177497864,0.06928354501724243,0.0785473957657814
R01,13,95,229,75,0.04059077426791191,0.07127553224563599,0.0802340880036354
R01,13,96,229,75,0.036662857979536057,0.06713461875915527,0.07688702642917633
R01,13,97,229,78,0.036519989371299744,0.06745724380016327,0.07695616036653519
R01,13,98,229,78,0.033005863428115845,0.06733144074678421,0.07459455728530884
R01,13,99,229,78,0.03422551229596138,0.06960742920637131,0.07530992478132248
R01,13,100,229,82,0.03254750370979309,0.06609483808279037,0.07178965210914612
R01,13,101,229,82,0.034385520964860916,0.06856157630681992,0.07646449655294418
R01,13,102,229,82,0.03227151930332184,0.06743592768907547,0.07372372597455978
R01,13,103,229,82,0.0352586954832077,0.07029334455728531,0.07766802608966827
R01,13,104,229,82,0.038086093962192535,0.068914495408535,0.07666298747062683
R01,13,105,229,82,0.03893018886446953,0.07250801473855972,0.08166560530662537
R01,13,106,229,82,0.040753111243247986,0.07694873213768005,0.08517879247665405
R01,13,107,229,82,0.04126954823732376,0.08105103671550751,0.08839569240808487
R01,13,108,229,82,0.04182976856827736,0.07953286170959473,0.08605478703975677
R01,13,109,229,90,0.044443871825933456,0.08639295399188995,0.08743718266487122
R01,13,110,229,90,0.04191019386053085,0.08168575167655945,0.08399694412946701
R01,13,111,229,90,0.042928241193294525,0.08197711408138275,0.08609481155872345
R01,13,112,229,93,0.04234340041875839,0.07917919754981995,0.08594442903995514
R01,13,113,229,93,0.04095730558037758,0.08196119964122772,0.08832482993602753
R01,13,114,229,93,0.0422581247985363,0.08718705177307129,0.09487487375736237
R01,13,115,229,96,0.044429291039705276,0.08195903152227402,0.09002069383859634
R01,13,116,229,96,0.044412482529878616,0.08233357965946198,0.0905262678861618
R01,13,117,229,96,0.04353337362408638,0.08090375363826752,0.08962315320968628
R01,13,118,229,96,0.03898579627275467,0.07367052882909775,0.08316951990127563
R01,13,119,229,96,0.0395049974322319,0.0728563591837883,0.08156765252351761
R01,13,120,229,96,0.03937062621116638,0.07454440742731094,0.0822988897562027
R01,13,121,229,100,0.04003226384520531,0.08505664020776749,0.08254267275333405
R01,13,122,229,100,0.043045446276664734,0.08468082547187805,0.08580310642719269
R01,13,123,229,100,0.04466186836361885,0.08366020768880844,0.08877511322498322
R01,13,124,229,100,0.04248550534248352,0.0790640264749527,0.08560778200626373
R01,13,125,229,100,0.043247923254966736,0.0801800861954689,0.08842253684997559
R01,13,126,229,100,0.040930334478616714,0.0746731385588646,0.08465377986431122
R01,13,127,229,103,0.03707107901573181,0.07490459829568863,0.08523212373256683
R01,13,128,229,103,0.03840222582221031,0.07505074143409729,0.08615624904632568
R01,13,129,229,103,0.03665362671017647,0.0705382376909256,0.0811685174703598
R01,13,130,229,103,0.03749951720237732,0.07182227820158005,0.08274540305137634
R01,13,131,229,103,0.0365779809653759,0.07003134489059448,0.08023157715797424
R01,13,132,229,103,0.03463809937238693,0.0686761736869812,0.07830370962619781
R01,13,133,229,103,0.0370815172791481,0.07407582551240921,0.08102720975875854
R01,13,134,229,103,0.03526478260755539,0.07606275379657745,0.08137140423059464
R01,13,135,229,103,0.03613573685288429,0.0790434330701828,0.08244302868843079
R01,13,136,229,103,0.03809010609984398,0.08209707587957382,0.08382406830787659
R01,13,137,229,103,0.032133426517248154,0.07981529086828232,0.080194391310215
R01,13,138,229,103,0.033767588436603546,0.08745019137859344,0.08484485000371933
R01,13,139,229,103,0.03149012103676796,0.08038243651390076,0.07722018659114838
R01,13,140,229,103,0.03245268389582634,0.08355753868818283,0.07875886559486389
R01,13,141,229,110,0.033713243901729584,0.06428144872188568,0.07538160681724548
R01,13,142,229,110,0.03479185327887535,0.06796562671661377,0.07839596271514893
R01,13,143,229,112,0.04080533981323242,0.07673714309930801,0.08581164479255676
R01,13,144,229,112,0.037011392414569855,0.07273642718791962,0.079892598092556
R01,13,145,229,117,0.0405707061290741,0.07698066532611847,0.08264727890491486
R01,13,146,229,117,0.04179864376783371,0.0819755345582962,0.08505317568778992
R01,13,147,229,117,0.042084209620952606,0.08318917453289032,0.08378583192825317
R01,13,148,229,117,0.05035185068845749,0.10254596173763275,0.09965778142213821
R01,13,149,229,121,0.04668509587645531,0.08276370912790298,0.09228140115737915
R01,13,150,229,121,0.04460189491510391,0.08125697821378708,0.09215034544467926
R01,13,151,229,124,0.04907342791557312,0.08019600808620453,0.0910034105181694
R01,13,152,229,124,0.0448356568813324,0.07992415130138397,0.08948297798633575
R01,13,153,229,124,0.03965518996119499,0.0753098651766777,0.08497466892004013
R01,13,154,229,131,0.0413871668279171,0.08556894958019257,0.08494339883327484
R01,13,155,229,131,0.04137713462114334,0.0844428539276123,0.0841795802116394
R01,13,156,229,131,0.043862275779247284,0.08226750046014786,0.08508288860321045
R01,13,157,229,131,0.04407840967178345,0.07730890065431595,0.08223986625671387
R01,13,158,229,131,0.04658908769488335,0.08005383610725403,0.08572205901145935
R01,13,159,229,131,0.04725976288318634,0.07950951904058456,0.08601433783769608
R01,13,160,229,131,0.05305550619959831,0.0859246775507927,0.09415650367736816
R01,13,161,229,131,0.05442456901073456,0.08699503540992737,0.09574774652719498
R01,13,162,229,131,0.05042912811040878,0.08779959380626678,0.09582410752773285
R01,13,163,229,139,0.05242227762937546,0.0912707969546318,0.10307982563972473
R01,13,164,229,139,0.056630972772836685,0.0996984913945198,0.11102738976478577
R01,13,165,229,144,0.057666100561618805,0.11018582433462143,0.11032944917678833
R01,13,166,229,144,0.060668013989925385,0.11423918604850769,0.11484884470701218
R01,13,167,229,144,0.05323014408349991,0.10403411835432053,0.10561331361532211
R01,13,168,229,144,0.05103333666920662,0.09411929547786713,0.09727950394153595
R01,13,169,229,144,0.04753095656633377,0.08927837759256363,0.09112875163555145
R01,13,170,229,144,0.05617976561188698,0.0959709882736206,0.09909693896770477
R01,13,171,229,144,0.0512416735291481,0.09182388335466385,0.09551791846752167
R01,13,172,229,144,0.049454230815172195,0.09006518870592117,0.09479078650474548
R01,13,173,229,144,0.04901982471346855,0.08844610303640366,0.09255888313055038
R01,13,174,229,144,0.047156527638435364,0.08331317454576492,0.08882027119398117
R01,13,175,229,144,0.04805304855108261,0.08660215884447098,0.0927048772573471
R01,13,176,229,144,0.041818007826805115,0.07562664151191711,0.08125091344118118
R01,13,177,229,144,0.04120396077632904,0.07286611944437027,0.07926145195960999
R01,13,178,229,144,0.03834264725446701,0.07282926142215729,0.07795661687850952
R01,13,179,229,144,0.037974465638399124,0.07400164008140564,0.0792306438088417
R01,13,180,229,151,0.03631775081157684,0.07341093569993973,0.0812581479549408
R01,13,181,229,151,0.03578933700919151,0.06702101975679398,0.07693526893854141
R01,13,182,229,151,0.03874479606747627,0.07505843788385391,0.08456853777170181
R01,13,183,229,158,0.037319011986255646,0.07214143872261047,0.08326885849237442
R01,13,184,229,158,0.03805078566074371,0.07371016591787338,0.08694329857826233
R01,13,185,229,158,0.032820552587509155,0.06741148233413696,0.08073484152555466
R01,13,186,229,173,0.03317704051733017,0.09189155697822571,0.0786902904510498
R01,13,187,229,173,0.03411398455500603,0.09388875216245651,0.0824325829744339
R01,13,188,229,173,0.033523041754961014,0.08754788339138031,0.07670103758573532
R01,13,189,229,173,0.03256727382540703,0.08556842803955078,0.07819709181785583
R01,13,190,229,173,0.02939467318356037,0.08014436811208725,0.07194361090660095
R01,13,191,229,173,0.032929014414548874,0.08275461941957474,0.07447624951601028
R01,13,192,229,173,0.03283924609422684,0.08282268047332764,0.074908047914505
R01,13,193,229,173,0.033928703516721725,0.0812942162156105,0.07525479793548584
R01,13,194,229,173,0.031629499047994614,0.07533396035432816,0.07023859769105911
R01,13,195,229,173,0.03198320046067238,0.07310468703508377,0.06862249225378036
R01,13,196,229,173,0.029918599873781204,0.07282771915197372,0.06926628947257996
R01,13,197,229,173,0.029782351106405258,0.07040226459503174,0.07033740729093552
R01,13,198,229,173,0.029228776693344116,0.07428696751594543,0.07355925440788269
R01,13,199,229,173,0.03253377601504326,0.07186193019151688,0.07342960685491562
R01,13,200,229,173,0.029384413734078407,0.06580344587564468,0.06720000505447388
R01,13,201,229,173,0.028279254212975502,0.06361756473779678,0.06582920253276825
R01,13,202,229,173,0.0288929995149374,0.0611315593123436,0.06368592381477356
R01,13,203,229,173,0.026746340095996857,0.058989230543375015,0.06175900250673294
R01,13,204,229,173,0.0277564637362957,0.06089773401618004,0.06422595679759979
R01,13,205,229,173,0.02747991308569908,0.06024499610066414,0.06308013200759888
R01,13,206,229,173,0.025666704401373863,0.05936452001333237,0.06308003515005112
R01,13,207,229,173,0.027215968817472458,0.056478582322597504,0.06140296161174774
R01,13,208,229,173,0.029940452426671982,0.059072647243738174,0.06407785415649414
R01,13,209,229,173,0.029815327376127243,0.05903245136141777,0.06419140845537186
R01,13,210,229,173,0.031140200793743134,0.0649702399969101,0.06971389055252075
R01,13,211,229,181,0.030593406409025192,0.06935319304466248,0.06855469942092896
R01,13,212,229,181,0.030514610931277275,0.06900766491889954,0.06852240115404129
R01,13,213,229,181,0.027511032298207283,0.06511641293764114,0.06511703133583069
R01,13,214,229,181,0.031630124896764755,0.06845559924840927,0.07039947062730789
R01,13,215,229,181,0.030015092343091965,0.05957596376538277,0.0639960914850235
R01,13,216,229,181,0.030578400939702988,0.06236927583813667,0.06731690466403961
R01,13,217,229,181,0.031669747084379196,0.05941548943519592,0.06459449231624603
R01,13,218,229,185,0.032591115683317184,0.0656040832400322,0.07039909064769745
R01,13,219,229,185,0.03482963517308235,0.06828674674034119,0.07542149722576141
R01,13,220,229,185,0.03186921775341034,0.060493722558021545,0.07052493095397949
R01,13,221,229,185,0.030617032200098038,0.058985549956560135,0.06882479786872864
R01,14,8,230,0,0.03331626579165459,0.0697755217552185,0.0721188485622406
R01,14,9,230,0,0.031688183546066284,0.06961655616760254,0.07198356837034225
R01,14,10,230,0,0.0323718823492527,0.07006970047950745,0.07241834700107574
R01,14,11,230,0,0.03191228583455086,0.07198996841907501,0.07422584295272827
R01,14,12,230,0,0.029814044013619423,0.06798870861530304,0.07016470283269882
R01,14,13,230,0,0.03137907758355141,0.07085463404655457,0.07276332378387451
R01,14,14,230,0,0.0315946489572525,0.06911759078502655,0.07112093269824982
R01,14,15,230,0,0.03132428228855133,0.06644819676876068,0.06891079246997833
R01,14,16,230,0,0.03198433667421341,0.06706886738538742,0.06957847625017166
R01,14,17,230,0,0.0298558808863163,0.0637354701757431,0.06569705158472061
R01,14,18,230,0,0.027527686208486557,0.06231044977903366,0.06312669068574905
R01,14,19,230,0,0.02810949832201004,0.061909180134534836,0.06235978379845619
R01,14,20,230,0,0.02859732322394848,0.06631498783826828,0.0664294883608818
R01,14,21,230,0,0.02954389527440071,0.06813861429691315,0.06779839843511581
R01,14,22,230,0,0.027774428948760033,0.06586452573537827,0.06482702493667603
R01,14,23,230,0,0.027398183941841125,0.06675445288419724,0.06586551666259766
R01,14,24,230,0,0.02790829911828041,0.0662587359547615,0.06463459134101868
R01,14,25,230,6,0.027188291773200035,0.06744616478681564,0.06502770632505417
R01,14,26,230,6,0.026565739884972572,0.07072377949953079,0.06656509637832642
R01,14,27,230,12,0.026190804317593575,0.06103125959634781,0.0673867017030716
R01,14,28,230,12,0.028138844296336174,0.0660366639494896,0.07273519784212112
R01,14,29,230,12,0.028509313240647316,0.06713800132274628,0.07240606099367142
R01,14,30,230,12,0.027211813256144524,0.06485333293676376,0.06909207254648209
R01,14,31,230,12,0.026179522275924683,0.061620526015758514,0.06700107455253601
R01,14,32,230,12,0.0271446593105793,0.06516680121421814,0.06781300157308578
R01,14,33,230,12,0.02817181684076786,0.06614123284816742,0.06969774514436722
R01,14,34,230,12,0.027136925607919693,0.06575998663902283,0.0687708631157875
R01,14,35,230,18,0.02639525569975376,0.06777051091194153,0.06847076863050461
R01,14,36,230,25,0.02698337845504284,0.06546005606651306,0.07137814164161682
R01,14,37,230,25,0.027036508545279503,0.06460731476545334,0.0708659291267395
R01,14,38,230,25,0.026914920657873154,0.06312759220600128,0.07038252800703049
R01,14,39,230,25,0.03015115298330784,0.06730176508426666,0.07408308982849121
R01,14,40,230,36,0.028874285519123077,0.07210458070039749,0.07244746387004852
R01,14,41,230,36,0.028502022847533226,0.06972845643758774,0.07158827036619186
R01,14,42,230,36,0.02675652876496315,0.06674686819314957,0.06860484182834625
R01,14,43,230,36,0.028733806684613228,0.06372003257274628,0.06917664408683777
R01,14,44,230,36,0.028929054737091064,0.06522919237613678,0.07234923541545868
R01,14,45,230,36,0.029104536399245262,0.06381331384181976,0.07060348242521286
R01,14,46,230,36,0.02707313373684883,0.06112675741314888,0.06756868958473206
R01,14,47,230,36,0.0283901896327734,0.06311988830566406,0.07033531367778778
R01,14,48,230,36,0.028329996392130852,0.05990549921989441,0.06695031374692917
R01,14,49,230,36,0.02935749851167202,0.0630757287144661,0.07099082320928574
R01,14,50,230,36,0.028471652418375015,0.0595407709479332,0.06995267421007156
R01,14,51,230,36,0.029478032141923904,0.06380590051412582,0.07321853190660477
R01,14,52,230,36,0.031126752495765686,0.06743878126144409,0.07427245378494263
R01,14,53,230,36,0.02926279604434967,0.06777511537075043,0.0742868036031723
R01,14,54,230,36,0.027669120579957962,0.06573740392923355,0.07013733685016632
R01,14,55,230,36,0.028397589921951294,0.06845970451831818,0.07304216921329498
R01,14,56,230,42,0.03006708435714245,0.06545417755842209,0.07475796341896057
R01,14,57,230,42,0.03219214081764221,0.06860136240720749,0.07850072532892227
R01,14,58,230,48,0.03119201958179474,0.06723588705062866,0.08331700414419174
R01,14,59,230,48,0.03175259754061699,0.06825941801071167,0.08391514420509338
R01,14,60,230,56,0.02861189655959606,0.07712259143590927,0.07864442467689514
R01,14,61,230,58,0.02981407195329666,0.08021625876426697,0.08100949227809906
R01,14,62,230,58,0.02930615283548832,0.0737520381808281,0.0759776160120964
R01,14,63,230,58,0.02919495478272438,0.07140634953975677,0.07554527372121811
R01,14,64,230,58,0.03222952410578728,0.0740717202425003,0.07881909608840942
R01,14,65,230,60,0.026420122012495995,0.08844086527824402,0.07218816876411438
R01,14,66,230,60,0.03210243955254555,0.09387598186731339,0.07820872217416763
R01,14,67,230,60,0.02887011133134365,0.09075888991355896,0.07635115087032318
R01,14,68,230,60,0.027578754350543022,0.08557669073343277,0.07371430099010468
R01,14,69,230,60,0.027543118223547935,0.08704961091279984,0.07433608174324036
R01,14,70,230,60,0.028940921649336815,0.08608848601579666,0.07481350004673004
R01,14,71,230,60,0.02919486165046692,0.08578996360301971,0.07726944983005524
R01,14,72,230,60,0.03234364092350006,0.08825882524251938,0.08082597702741623
R01,14,73,230,60,0.033035680651664734,0.0815977230668068,0.07705256342887878
R01,14,74,230,60,0.03334575891494751,0.07814442366361618,0.0767505019903183
R01,14,75,230,60,0.03207126632332802,0.07478376477956772,0.07544689625501633
R01,14,76,230,60,0.031199481338262558,0.07507311552762985,0.07732539623975754
R01,14,77,230,60,0.032054826617240906,0.07444532215595245,0.0791180208325386
R01,14,78,230,60,0.031091634184122086,0.06875202804803848,0.07421373575925827
R01,14,79,230,64,0.028747711330652237,0.06207720562815666,0.06940778344869614
R01,14,80,230,64,0.02874154783785343,0.060880813747644424,0.06938432157039642
R01,14,81,230,66,0.028516151010990143,0.06116728112101555,0.07020439207553864
R01,14,82,230,66,0.030548637732863426,0.06623239815235138,0.07540877163410187
R01,14,83,230,66,0.02994443103671074,0.0645148903131485,0.07303275167942047
R01,14,84,230,66,0.03053077682852745,0.06489625573158264,0.074820876121521
R01,14,85,230,77,0.03376522660255432,0.08082537353038788,0.08110828697681427
R01,14,86,230,78,0.03499995917081833,0.07665470242500305,0.07880968600511551
R01,14,87,230,78,0.03182025998830795,0.07370765507221222,0.07806596904993057
R01,14,88,230,78,0.03328913077712059,0.07201357930898666,0.07849571108818054
R01,14,89,230,78,0.03454738110303879,0.07014559209346771,0.07837917655706406
R01,14,90,230,78,0.037564899772405624,0.07198447734117508,0.08303876221179962
R01,14,91,230,82,0.038395486772060394,0.09700445830821991,0.09046502411365509
R01,14,92,230,82,0.03862238675355911,0.09324073046445847,0.08842229098081589
R01,14,93,230,84,0.03993310406804085,0.0896371528506279,0.08715246617794037
R01,14,94,230,84,0.03883916512131691,0.08634176105260849,0.085441455245018
R01,14,95,230,84,0.037473686039447784,0.0789833813905716,0.08022063970565796
R01,14,96,230,84,0.040721092373132706,0.08155778795480728,0.08383618295192719
R01,14,97,230,84,0.03975147753953934,0.07991079986095428,0.08411101996898651
R01,14,98,230,84,0.039172783493995667,0.0756506621837616,0.08072192221879959
R01,14,99,230,89,0.040080416947603226,0.07718532532453537,0.08406330645084381
R01,14,100,230,90,0.039301592856645584,0.09418497234582901,0.08075349777936935
R01,14,101,230,90,0.04038003459572792,0.09871957451105118,0.08568316698074341
R01,14,102,230,90,0.04179017245769501,0.09726716578006744,0.08676514029502869
R01,14,103,230,90,0.04173614829778671,0.0945439264178276,0.08959222584962845
R01,14,104,230,90,0.03859087452292442,0.08974593132734299,0.08557334542274475
R01,14,105,230,93,0.04997047409415245,0.10199731588363647,0.1014016643166542
R01,14,106,230,96,0.04496527463197708,0.09520437568426132,0.09488040953874588
R01,14,107,230,96,0.04779040440917015,0.09738065302371979,0.09792818129062653
R01,14,108,230,96,0.04372723400592804,0.0921417772769928,0.09391197562217712
R01,14,109,230,96,0.04492013156414032,0.09179914742708206,0.09587617218494415
R01,14,110,230,96,0.042154885828495026,0.0843200832605362,0.08972561359405518
R01,14,111,230,96,0.04221373423933983,0.08471480756998062,0.09273665398359299
R01,14,112,230,96,0.041677314788103104,0.07932920008897781,0.08810219168663025
R01,14,113,230,96,0.04190080240368843,0.07984697073698044,0.08868248760700226
R01,14,114,230,96,0.045213960111141205,0.08239077776670456,0.09460705518722534
R01,14,115,230,96,0.04320536553859711,0.08144847303628922,0.09252121299505234
R01,14,116,230,96,0.0436912439763546,0.0842660665512085,0.09299196302890778
R01,14,117,230,103,0.04095335304737091,0.0880255326628685,0.08677024394273758
R01,14,118,230,103,0.044231291860342026,0.09110987931489944,0.09147332608699799
R01,14,119,230,103,0.040457092225551605,0.08655868470668793,0.08858370035886765
R01,14,120,230,103,0.037199266254901886,0.08068741858005524,0.08467978984117508
R01,14,121,230,103,0.03747125715017319,0.07772102952003479,0.0841539055109024
R01,14,122,230,103,0.03645337000489235,0.07581157237291336,0.08422093838453293
R01,14,123,230,103,0.03644733875989914,0.07127522677183151,0.07958272099494934
R01,14,124,230,103,0.04020175710320473,0.07556390017271042,0.08331182599067688
R01,14,125,230,103,0.03947644680738449,0.07302458584308624,0.08119127154350281
R01,14,126,230,103,0.04376547038555145,0.0781603455543518,0.08736468851566315
R01,14,127,230,103,0.044806670397520065,0.07897865772247314,0.08714940398931503
R01,14,128,230,103,0.04516805708408356,0.07830649614334106,0.08659283071756363
R01,14,129,230,103,0.04046126827597618,0.07259387522935867,0.07992364466190338
R01,14,130,230,103,0.03544890508055687,0.07131022214889526,0.07844379544258118
R01,14,131,230,109,0.034567736089229584,0.07295665144920349,0.07950035482645035
R01,14,132,230,109,0.0361773781478405,0.07610554993152618,0.08187611401081085
R01,14,133,230,109,0.0378018356859684,0.07797686010599136,0.08270339667797089
R01,14,134,230,110,0.038389503955841064,0.08421709388494492,0.08642862737178802
R01,14,135,230,110,0.03885176405310631,0.0782543271780014,0.08269922435283661
R01,14,136,230,110,0.04135844111442566,0.08121957629919052,0.08632899820804596
R01,14,137,230,110,0.03980816900730133,0.0799810141324997,0.0856710895895958
R01,14,138,230,110,0.04024476930499077,0.07939384877681732,0.08535873889923096
R01,14,139,230,114,0.04014752432703972,0.08113045990467072,0.0875299870967865
R01,14,140,230,114,0.03666512668132782,0.07839134335517883,0.08528145402669907
R01,14,141,230,114,0.03572652488946915,0.07508714497089386,0.08262719213962555
R01,14,142,230,114,0.038299065083265305,0.07855748385190964,0.08675863593816757
R01,14,143,230,114,0.03802579268813133,0.0786924958229065,0.08581028878688812
R01,14,144,230,114,0.039859700947999954,0.08288653939962387,0.08830319344997406
R01,14,145,230,114,0.03674089536070824,0.08273934572935104,0.08535122871398926
R01,14,146,230,114,0.03618931025266647,0.08007945865392685,0.08165904134511948
R01,14,147,230,114,0.037090566009283066,0.08206712454557419,0.08322085440158844
R01,14,148,230,114,0.03603598102927208,0.08101332187652588,0.080599345266819
R01,14,149,230,114,0.035928890109062195,0.08465855568647385,0.08272328972816467
R01,14,150,230,121,0.03459129109978676,0.06848865002393723,0.0786803588271141
R01,14,151,230,121,0.03657132759690285,0.07265490293502808,0.08236712217330933
R01,14,152,230,121,0.03811202570796013,0.0752510204911232,0.08537393808364868
R01,14,153,230,121,0.03741386905312538,0.07089123874902725,0.08101668953895569
R01,14,154,230,124,0.03792461380362511,0.07117090374231339,0.0807688981294632
R01,14,155,230,124,0.03616990149021149,0.07073847949504852,0.07856088876724243
R01,14,156,230,131,0.03609846904873848,0.07407434284687042,0.07829688489437103
R01,14,157,230,131,0.03404643386602402,0.0694161057472229,0.07412230223417282
R01,14,158,230,131,0.03758545592427254,0.07614553719758987,0.08088275790214539
R01,14,159,230,131,0.03820359706878662,0.07526417821645737,0.0815795511007309
R01,14,160,230,131,0.04028423875570297,0.07535134255886078,0.0806766226887703
R01,14,161,230,131,0.03713426738977432,0.07526496797800064,0.08269475400447845
R01,14,162,230,131,0.04085393622517586,0.07607706636190414,0.08326098322868347
R01,14,163,230,133,0.03916889429092407,0.07689737528562546,0.08510387688875198
R01,14,164,230,133,0.040063899010419846,0.07854156941175461,0.08711884915828705
R01,14,165,230,133,0.04173515364527702,0.08104884624481201,0.0889638215303421
R01,14,166,230,133,0.03828863427042961,0.07730729132890701,0.08459129184484482
R01,14,167,230,139,0.03921578824520111,0.0766780823469162,0.08369180560112
R01,14,168,230,139,0.04412557929754257,0.08520068973302841,0.09015411138534546
R01,14,169,230,139,0.040768999606370926,0.08183935284614563,0.08551930636167526
R01,14,170,230,139,0.04032405838370323,0.08047844469547272,0.08434920012950897
R01,14,171,230,139,0.03945789486169815,0.07963404059410095,0.08066627383232117
R01,14,172,230,139,0.04204007610678673,0.08708979189395905,0.08599929511547089
R01,14,173,230,139,0.0434395931661129,0.0898204892873764,0.08712093532085419
R01,14,174,230,144,0.045865967869758606,0.08298487216234207,0.08946093916893005
R01,14,175,230,144,0.04398329555988312,0.0824589878320694,0.08806632459163666
R01,14,176,230,144,0.04553619399666786,0.08147123456001282,0.0876515656709671
R01,14,177,230,144,0.045156411826610565,0.08578578382730484,0.09085287898778915
R01,14,178,230,144,0.04605292156338692,0.08620105683803558,0.09006161987781525
R01,14,179,230,144,0.04367547482252121,0.08751262724399567,0.0899418443441391
R01,14,180,230,144,0.04551670700311661,0.0874180719256401,0.08878398686647415
R01,14,181,230,144,0.040801070630550385,0.08523271977901459,0.08585242182016373
R01,14,182,230,144,0.03995309770107269,0.08614598214626312,0.08452579379081726
R01,14,183,230,151,0.040981173515319824,0.08045776188373566,0.08848372846841812
R01,14,184,230,151,0.04274021089076996,0.07792524993419647,0.08552907407283783
R01,14,185,230,151,0.041229452937841415,0.07856924831867218,0.08595700562000275
R01,14,186,230,158,0.04194575175642967,0.07697059214115143,0.08367538452148438
R01,14,187,230,158,0.040594618767499924,0.0785456970334053,0.08324821293354034
R01,14,188,230,158,0.03883930668234825,0.07653172314167023,0.08076827228069305
R01,14,189,230,173,0.04155253618955612,0.09195952117443085,0.08573484420776367
R01,14,190,230,173,0.044142208993434906,0.09643793106079102,0.08995033800601959
R01,14,191,230,173,0.04203133285045624,0.0920565128326416,0.08677228540182114
R01,14,192,230,173,0.04332605376839638,0.09142593294382095,0.08701135218143463
R01,14,193,230,173,0.043765224516391754,0.08619610220193863,0.0838584378361702
R01,14,194,230,173,0.0442800335586071,0.08867786824703217,0.08674594759941101
R01,14,195,230,173,0.0429547093808651,0.08444852381944656,0.08401886373758316
R01,14,196,230,173,0.040552496910095215,0.08067803084850311,0.08166897296905518
R01,14,197,230,173,0.04919908940792084,0.08847181499004364,0.0896376371383667
R01,14,198,230,173,0.044811032712459564,0.08852389454841614,0.09060598909854889
R01,14,199,230,173,0.04814678430557251,0.09280352294445038,0.09510919451713562
R01,14,200,230,173,0.047995153814554214,0.09099125117063522,0.09544563293457031
R01,14,201,230,173,0.04753231257200241,0.09038515388965607,0.0923769474029541
R01,14,202,230,173,0.04548492282629013,0.08866148442029953,0.09074437618255615
R01,14,203,230,173,0.052849091589450836,0.0929015502333641,0.09577594697475433
R01,14,204,230,173,0.05841434374451637,0.09838306158781052,0.10081632435321808
R01,14,205,230,173,0.045625459402799606,0.08553405851125717,0.08773202449083328
R01,14,206,230,173,0.04748373478651047,0.08837231248617172,0.09064611047506332
R01,14,207,230,173,0.049038130789995193,0.08733110129833221,0.0900847464799881
R01,14,208,230,173,0.04789740964770317,0.08633305132389069,0.08837606012821198
R01,14,209,230,181,0.04631489887833595,0.08449346572160721,0.08591762185096741
R01,14,210,230,181,0.046685971319675446,0.08721949905157089,0.08758605271577835
R01,14,211,230,181,0.04582272097468376,0.08816640079021454,0.08987435698509216
R01,14,212,230,181,0.043523237109184265,0.0849793404340744,0.08537472784519196
R01,14,213,230,181,0.04093489795923233,0.07791520655155182,0.0804116427898407
R01,14,214,230,181,0.040872540324926376,0.08024958521127701,0.0826348140835762
R01,14,215,230,181,0.04378306865692139,0.08285769820213318,0.08546437323093414
R01,14,216,230,181,0.04081053286790848,0.07791943848133087,0.08244286477565765
R01,14,217,230,181,0.04038745537400246,0.07722245156764984,0.08171204477548599
R01,14,218,230,181,0.04052594304084778,0.0776970162987709,0.08209770917892456
R01,14,219,230,181,0.041050951927900314,0.07938683032989502,0.08269120007753372
R01,14,220,230,185,0.044818200170993805,0.07960101962089539,0.08408763259649277
R01,14,221,230,185,0.043864019215106964,0.08196870982646942,0.08940747380256653
R01,14,222,230,185,0.04702235013246536,0.08727963268756866,0.09524999558925629
R01,15,8,228,0,0.02921880967915058,0.05157559737563133,0.055376335978507996
R01,15,9,228,0,0.02514948695898056,0.04952050372958183,0.05345993861556053
R01,15,10,228,0,0.025098854675889015,0.04878852143883705,0.05273928493261337
R01,15,11,228,0,0.024545444175601006,0.046463143080472946,0.05044832453131676
R01,15,12,228,0,0.02348759025335312,0.04461818188428879,0.04819439724087715
R01,15,13,228,0,0.023066937923431396,0.04566577821969986,0.04916619509458542
R01,15,14,228,0,0.02481832727789879,0.04894149303436279,0.052277572453022
R01,15,15,228,0,0.025878895074129105,0.048947595059871674,0.05249297618865967
R01,15,16,228,0,0.028207313269376755,0.05090639367699623,0.05447947978973389
R01,15,17,228,0,0.027478648349642754,0.05181219428777695,0.05518372356891632
R01,15,18,228,0,0.025577766820788383,0.04659224674105644,0.049031250178813934
R01,15,19,228,0,0.026083286851644516,0.05137457698583603,0.05339973792433739
R01,15,20,228,0,0.022397348657250404,0.05170426517724991,0.05318756401538849
R01,15,21,228,0,0.02339954674243927,0.05183125287294388,0.052432913333177567
R01,15,22,228,0,0.02267637476325035,0.05364703759551048,0.052814967930316925
R01,15,23,228,0,0.02312254160642624,0.058061495423316956,0.056430887430906296
R01,15,24,228,0,0.02352810651063919,0.05830661207437515,0.05627043545246124
R01,15,25,228,12,0.022935302928090096,0.049900077283382416,0.05379772558808327
R01,15,26,228,12,0.02276548556983471,0.05238783732056618,0.05692595988512039
R01,15,27,228,12,0.022640936076641083,0.054090872406959534,0.05871488153934479
R01,15,28,228,12,0.02227599360048771,0.052795104682445526,0.057173196226358414
R01,15,29,228,12,0.023403864353895187,0.05313418433070183,0.05692492425441742
R01,15,30,228,18,0.023783911019563675,0.05430822819471359,0.057824499905109406
R01,15,31,228,18,0.02171800471842289,0.051049210131168365,0.05428262799978256
R01,15,32,228,18,0.022649377584457397,0.05517031252384186,0.05747797340154648
R01,15,33,228,18,0.02253802679479122,0.05466097965836525,0.0558401495218277
R01,15,34,228,18,0.022370247170329094,0.05633247271180153,0.05655431002378464
R01,15,35,228,18,0.0237550288438797,0.059103190898895264,0.05954534560441971
R01,15,36,228,24,0.02321343682706356,0.054123248904943466,0.05987352132797241
R01,15,37,228,24,0.02444065548479557,0.05410999804735184,0.06014363467693329
R01,15,38,228,24,0.022838477045297623,0.0516786091029644,0.05862683057785034
R01,15,39,228,36,0.02233320102095604,0.05937064066529274,0.05712113529443741
R01,15,40,228,36,0.025925680994987488,0.0597626268863678,0.060903631150722504
R01,15,41,228,36,0.026357756927609444,0.05997316911816597,0.06296579539775848
R01,15,42,228,36,0.025759747251868248,0.05537668243050575,0.06012732535600662
R01,15,43,228,36,0.024232447147369385,0.05247904360294342,0.058448873460292816
R01,15,44,228,36,0.026693299412727356,0.051513779908418655,0.05844628065824509
R01,15,45,228,36,0.024986926466226578,0.05308873578906059,0.06137314438819885
R01,15,46,228,36,0.025118516758084297,0.0520620122551918,0.060445286333560944
R01,15,47,228,36,0.02536187693476677,0.05104503035545349,0.060362979769706726
R01,15,48,228,36,0.026447119191288948,0.05316847935318947,0.06808260828256607
R01,15,49,228,36,0.02553943358361721,0.05202978849411011,0.06594285368919373
R01,15,50,228,36,0.023939115926623344,0.04807760566473007,0.06216731294989586
R01,15,51,228,36,0.02725362777709961,0.055935151875019073,0.0681256502866745
R01,15,52,228,36,0.027841957286000252,0.05609232187271118,0.06647420674562454
R01,15,53,228,36,0.027908720076084137,0.05734674632549286,0.06691651791334152
R01,15,54,228,48,0.027792170643806458,0.05958111956715584,0.0669124647974968
R01,15,55,228,48,0.025804778560996056,0.053642578423023224,0.06153960898518562
R01,15,56,228,48,0.029097910970449448,0.0604868046939373,0.06913428008556366
R01,15,57,228,48,0.03265799954533577,0.0651056244969368,0.07424614578485489
R01,15,58,228,48,0.0307655930519104,0.06614687293767929,0.0755244567990303
R01,15,59,228,48,0.03262428566813469,0.06813152134418488,0.08549680560827255
R01,15,60,228,48,0.037475477904081345,0.07412198930978775,0.08945712447166443
R01,15,61,228,48,0.03601500019431114,0.07053068280220032,0.08502191305160522
R01,15,62,228,48,0.03583567216992378,0.0694965124130249,0.0816941186785698
R01,15,63,228,48,0.03528980910778046,0.06968135386705399,0.08038433641195297
R01,15,64,228,58,0.032029103487730026,0.07372641563415527,0.07783100008964539
R01,15,65,228,60,0.035893041640520096,0.10098167508840561,0.0854576900601387
R01,15,66,228,60,0.035018645226955414,0.09675838053226471,0.08233064413070679
R01,15,67,228,60,0.03428400307893753,0.09453023225069046,0.08170215785503387
R01,15,68,228,60,0.0398215651512146,0.09871630370616913,0.08720272779464722
R01,15,69,228,60,0.037282444536685944,0.09468653053045273,0.08300106972455978
R01,15,70,228,60,0.04072437807917595,0.09355096518993378,0.08383865654468536
R01,15,71,228,64,0.03788931295275688,0.0926278606057167,0.08804637938737869
R01,15,72,228,64,0.03609219938516617,0.09055280685424805,0.087434321641922
R01,15,73,228,64,0.03843604400753975,0.09197334945201874,0.08956627547740936
R01,15,74,228,64,0.042783964425325394,0.09015566855669022,0.09060554206371307
R01,15,75,228,64,0.03898685425519943,0.08098259568214417,0.08242098242044449
R01,15,76,228,64,0.03556289151310921,0.07634646445512772,0.08015706390142441
R01,15,77,228,68,0.03780081868171692,0.07679787278175354,0.08115612715482712
R01,15,78,228,68,0.03539576381444931,0.07408709079027176,0.08029929548501968
R01,15,79,228,68,0.03188537061214447,0.06827744096517563,0.07610845565795898
R01,15,80,228,64,0.03155618906021118,0.06887870281934738,0.07675664126873016
R01,15,81,228,72,0.03360201045870781,0.09119997918605804,0.08016423881053925
R01,15,82,228,72,0.029760252684354782,0.08864292502403259,0.07971811294555664
R01,15,83,228,66,0.033467166125774384,0.06981918960809708,0.08180859684944153
R01,15,84,228,66,0.03344165161252022,0.07054010033607483,0.08176430314779282
R01,15,85,228,75,0.03552253544330597,0.08227714151144028,0.08299312740564346
R01,15,86,228,78,0.03527846559882164,0.08341136574745178,0.08615808188915253
R01,15,87,228,78,0.037528082728385925,0.07676605880260468,0.08070413023233414
R01,15,88,228,78,0.0418342687189579,0.08092770725488663,0.08522938191890717
R01,15,89,228,72,0.03901682421565056,0.07850857824087143,0.08464185148477554
R01,15,90,228,72,0.047562286257743835,0.0860079899430275,0.09255314618349075
R01,15,91,228,72,0.04206252843141556,0.08062656223773956,0.08861356973648071
R01,15,92,228,72,0.05159251019358635,0.08940297365188599,0.09823805093765259
R01,15,93,228,78,0.03872709721326828,0.0707915723323822,0.07978930324316025
R01,15,94,228,78,0.03583420068025589,0.07013436406850815,0.07901613414287567
R01,15,95,228,78,0.0352894589304924,0.06927397847175598,0.07732675969600677
R01,15,96,228,78,0.03357979282736778,0.0635698214173317,0.07147364318370819
R01,15,97,228,78,0.03328714892268181,0.05990740656852722,0.06814630329608917
R01,15,98,228,78,0.03125312179327011,0.062086742371320724,0.06912003457546234
R01,15,99,228,78,0.029321497306227684,0.06130809709429741,0.06669154018163681
R01,15,100,228,78,0.030235448852181435,0.06155306100845337,0.06667040288448334
R01,15,101,228,82,0.03289743512868881,0.06465966999530792,0.06714174151420593
R01,15,102,228,82,0.028785541653633118,0.06081587076187134,0.06517209857702255
R01,15,103,228,82,0.03135219216346741,0.061349835246801376,0.06690356135368347
R01,15,104,228,82,0.03143468499183655,0.058877427130937576,0.06510042399168015
R01,15,105,228,84,0.02997814677655697,0.05567703768610954,0.062267005443573
R01,15,106,228,84,0.03156622499227524,0.05773357301950455,0.06470248103141785
R01,15,107,228,86,0.030096925795078278,0.057792164385318756,0.0649423897266388
R01,15,108,228,86,0.027152879163622856,0.05686327815055847,0.06288263946771622
R01,15,109,228,89,0.027163464576005936,0.05985576659440994,0.06506970524787903
R01,15,110,228,89,0.027650929987430573,0.06223633885383606,0.066780224442482
R01,15,111,228,90,0.02803853154182434,0.06129306182265282,0.06496353447437286
R01,15,112,228,90,0.02878168411552906,0.05664229765534401,0.0636492371559143
R01,15,113,228,90,0.02999921515583992,0.054342806339263916,0.06245585158467293
R01,15,114,228,93,0.029979664832353592,0.056272707879543304,0.06384453177452087
R01,15,115,228,93,0.028301171958446503,0.05529668554663658,0.06344125419855118
R01,15,116,228,96,0.030575722455978394,0.05575794726610184,0.06408880650997162
R01,15,117,228,96,0.03295746073126793,0.05718930438160896,0.0670057088136673
R01,15,118,228,96,0.030619779601693153,0.06017610803246498,0.06907600909471512
R01,15,119,228,96,0.03145407885313034,0.058726321905851364,0.0674816220998764
R01,15,120,228,96,0.033051006495952606,0.06006406992673874,0.06869301199913025
R01,15,121,228,96,0.03746328130364418,0.0716317817568779,0.07781730592250824
R01,15,122,228,96,0.042215924710035324,0.08096963167190552,0.08646492660045624
R01,15,123,228,96,0.04503912106156349,0.08791208267211914,0.09025514870882034
R01,15,124,228,96,0.04126148670911789,0.09039632976055145,0.08925379812717438
R01,15,125,228,96,0.04522361978888512,0.09468498826026917,0.09260071814060211
R01,15,126,228,103,0.04999484121799469,0.0888025164604187,0.09545130282640457
R01,15,127,228,103,0.04611455649137497,0.08196761459112167,0.08795051276683807
R01,15,128,228,103,0.03483804315328598,0.06812271475791931,0.07455441355705261
R01,15,129,228,103,0.031381938606500626,0.06317836046218872,0.07046611607074738
R01,15,130,228,103,0.035880930721759796,0.06674055755138397,0.0727081373333931
R01,15,131,228,103,0.03220999613404274,0.06309831142425537,0.07094307988882065
R01,15,132,228,103,0.03366416320204735,0.0685698539018631,0.07346981018781662
R01,15,133,228,110,0.029906313866376877,0.06830673664808273,0.06904083490371704
R01,15,134,228,110,0.03181270882487297,0.06422583013772964,0.07027685642242432
R01,15,135,228,110,0.03218025714159012,0.06126357987523079,0.06877385824918747
R01,15,136,228,114,0.039186742156744,0.06799684464931488,0.07522855699062347
R01,15,137,228,114,0.028196556493639946,0.057785723358392715,0.06583759933710098
R01,15,138,228,114,0.027283839881420135,0.057328201830387115,0.06620333343744278
R01,15,139,228,114,0.02933572791516781,0.05968033894896507,0.06786561757326126
R01,15,140,228,114,0.031847693026065826,0.06237512081861496,0.06984531134366989
R01,15,141,228,114,0.027902375906705856,0.0569753423333168,0.06419041752815247
R01,15,142,228,114,0.028802484273910522,0.05563359335064888,0.06247146055102348
R01,15,143,228,117,0.03175054118037224,0.061133719980716705,0.06691521406173706
R01,15,144,228,121,0.028162982314825058,0.0577814020216465,0.06254668533802032
R01,15,145,228,121,0.031002232804894447,0.05861680954694748,0.06518590450286865
R01,15,146,228,121,0.03484885022044182,0.05758845433592796,0.06485872715711594
R01,15,147,228,121,0.036268554627895355,0.0649934783577919,0.07232705503702164
R01,15,148,228,121,0.036731868982315063,0.06604102998971939,0.07470445334911346
R01,15,149,228,121,0.04206168279051781,0.07312097400426865,0.08248280733823776
R01,15,150,228,121,0.038015738129615784,0.06673002988100052,0.07532060146331787
R01,15,151,228,121,0.04225020483136177,0.07467290014028549,0.08395535498857498
R01,15,152,228,124,0.04051823914051056,0.0719064399600029,0.08175995200872421
R01,15,153,228,124,0.04012225195765495,0.0757225826382637,0.08432166278362274
R01,15,154,228,124,0.038545213639736176,0.072370745241642,0.08060948550701141
R01,15,155,228,124,0.0405522845685482,0.07201343029737473,0.07928871363401413
R01,15,156,228,131,0.04343007504940033,0.08153031021356583,0.08423538506031036
R01,15,157,228,131,0.043289706110954285,0.083845354616642,0.08709844946861267
R01,15,158,228,131,0.03959362208843231,0.07246043533086777,0.07706091552972794
R01,15,159,228,131,0.037959616631269455,0.07217494398355484,0.07745140045881271
R01,15,160,228,131,0.0362909696996212,0.06681981682777405,0.07500220090150833
R01,15,161,228,131,0.03771597146987915,0.06836329400539398,0.07794169336557388
R01,15,162,228,131,0.0350082702934742,0.059901196509599686,0.07078820466995239
R01,15,163,228,133,0.03386838361620903,0.06326480954885483,0.07407326251268387
R01,15,164,228,133,0.0354764387011528,0.06279247999191284,0.07327613234519958
R01,15,165,228,133,0.032861243933439255,0.06118250638246536,0.07106734812259674
R01,15,166,228,139,0.03510042279958725,0.06441131979227066,0.072655089199543
R01,15,167,228,139,0.03517920896410942,0.06637021154165268,0.07166001200675964
R01,15,168,228,139,0.03586779907345772,0.06853726506233215,0.07313615083694458
R01,15,169,228,139,0.03454441949725151,0.07102645188570023,0.0737835094332695
R01,15,170,228,142,0.036099087446928024,0.06902238726615906,0.07492376863956451
R01,15,171,228,142,0.03690929710865021,0.06815757602453232,0.0742536336183548
R01,15,172,228,142,0.03466018661856651,0.06731009483337402,0.07345253974199295
R01,15,173,228,144,0.033719394356012344,0.06669354438781738,0.0732731968164444
R01,15,174,228,144,0.03825390338897705,0.06826929748058319,0.07474638521671295
R01,15,175,228,144,0.03318655863404274,0.0643310397863388,0.07025651633739471
R01,15,176,228,144,0.037647735327482224,0.0701490193605423,0.07745800167322159
R01,15,177,228,144,0.03828226774930954,0.0751623585820198,0.0809292197227478
R01,15,178,228,151,0.04216531664133072,0.07945595681667328,0.08255375921726227
R01,15,179,228,151,0.041259340941905975,0.08251969516277313,0.08738771080970764
R01,15,180,228,151,0.04080323502421379,0.08318832516670227,0.08820828795433044
R01,15,181,228,151,0.040923453867435455,0.07790536433458328,0.08515117317438126
R01,15,182,228,151,0.04560218006372452,0.08251169323921204,0.09240518510341644
R01,15,183,228,151,0.04004580155014992,0.07543208450078964,0.08317850530147552
R01,15,184,228,144,0.04243355244398117,0.0888233408331871,0.08578326553106308
R01,15,185,228,151,0.03146116062998772,0.06067424267530441,0.06951358169317245
R01,15,186,228,151,0.031005000695586205,0.05930770933628082,0.06732800602912903
R01,15,187,228,151,0.032669343054294586,0.06538605690002441,0.07209727168083191
R01,15,188,228,151,0.03600277006626129,0.07280156016349792,0.07853284478187561
R01,15,189,228,151,0.03387871012091637,0.06584366410970688,0.07260317355394363
R01,15,190,228,158,0.031624600291252136,0.06519564986228943,0.07084167003631592
R01,15,191,228,158,0.03373752534389496,0.07049050182104111,0.07246959954500198
R01,15,192,228,158,0.03274601697921753,0.06471173465251923,0.06555845588445663
R01,15,193,228,158,0.03285927325487137,0.07044437527656555,0.06923989951610565
R01,15,194,228,173,0.03136153146624565,0.06645169109106064,0.06725365668535233
R01,15,195,228,173,0.031545739620923996,0.06570545583963394,0.06683605164289474
R01,15,196,228,173,0.03138187900185585,0.06818751245737076,0.06962316483259201
R01,15,197,228,173,0.03307124227285385,0.07033557444810867,0.07163715362548828
R01,15,198,228,173,0.03263631835579872,0.06773124635219574,0.07031367719173431
R01,15,199,228,173,0.03591223061084747,0.06794612854719162,0.07281100749969482
R01,15,200,228,173,0.03505724295973778,0.06608343869447708,0.06994928419589996
R01,15,201,228,173,0.03486776724457741,0.06565213203430176,0.06946184486150742
R01,15,202,228,173,0.04337448999285698,0.07980525493621826,0.08442934602499008
R01,15,203,228,173,0.04403978958725929,0.0756559669971466,0.08148006349802017
R01,15,204,228,173,0.039827656000852585,0.07075675576925278,0.07567378878593445
R01,15,205,228,173,0.03902198374271393,0.06879980117082596,0.07426411658525467
R01,15,206,228,173,0.03726891428232193,0.06946847587823868,0.0766386091709137
R01,15,207,228,173,0.04153551906347275,0.07558748871088028,0.08216892927885056
R01,15,208,228,173,0.044297631829977036,0.08309172838926315,0.08859461545944214
R01,15,209,228,173,0.04043200612068176,0.0772354006767273,0.08135342597961426
R01,15,210,228,181,0.03604782745242119,0.07325247675180435,0.07334664463996887
R01,15,211,228,181,0.03697897866368294,0.07743466645479202,0.0772155225276947
R01,15,212,228,181,0.03567536547780037,0.07498853653669357,0.07541395723819733
R01,15,213,228,181,0.03638393059372902,0.0763508528470993,0.07701825350522995
R01,15,214,228,181,0.03362751379609108,0.07087583839893341,0.07336533069610596
R01,15,215,228,181,0.03344321623444557,0.0649355873465538,0.06931443512439728
R01,15,216,228,181,0.033003002405166626,0.06266158819198608,0.0681283175945282
R01,15,217,228,185,0.03343389555811882,0.058681245893239975,0.06584488600492477
R01,15,218,228,185,0.03669745475053787,0.06274734437465668,0.07131258398294449
R01,15,219,228,185,0.036177460104227066,0.06387139856815338,0.07331271469593048
R01,15,220,228,185,0.03628700599074364,0.061250779777765274,0.07076859474182129
