mode,repeat,frame,processing_ms,read_decode_ms,queue_ms,end_to_end_ms,elapsed_s,valid_score,score,alarm_active
capacity,0,0,4.471678985282779,0.4176478832960129,0.00011012889444828033,4.471789114177227,0.004487378988415003,False,,
capacity,0,1,3.932471852749586,0.38911402225494385,0.00017997808754444122,3.9326518308371305,0.008444086881354451,False,,
capacity,0,2,3.8553671911358833,0.37849508225917816,0.00010989606380462646,3.855477087199688,0.012321996036916971,False,,
capacity,0,3,3.874722868204117,0.3925010096281767,9.103678166866302e-05,3.8748139049857855,0.016219060868024826,False,,
capacity,0,4,4.321215907111764,0.38545788265764713,0.00011012889444828033,4.321326036006212,0.020562317920848727,False,,
capacity,0,5,3.9095289539545774,0.38831308484077454,0.00011990778148174286,3.909648861736059,0.02449394785799086,False,,
capacity,0,6,3.8566989824175835,0.3796471282839775,9.988434612751007e-05,3.856798866763711,0.028372597880661488,False,,
capacity,0,7,3.8699940778315067,0.3867300692945719,9.988434612751007e-05,3.8700939621776342,0.03226456302218139,False,,
capacity,0,8,3.8452469743788242,0.38307299837470055,0.00010011717677116394,3.8453470915555954,0.03613178199157119,False,,
capacity,0,9,3.9223330095410347,0.40103704668581486,0.00010011717677116394,3.922433126717806,0.04007648699916899,False,,
capacity,0,10,3.8518300279974937,0.38453610613942146,8.987262845039368e-05,3.851919900625944,0.043950147926807404,False,,
capacity,0,11,3.859865013509989,0.3861489240080118,0.00011012889444828033,3.859975142404437,0.04783179401420057,False,,
capacity,0,12,3.842212026938796,0.37841498851776123,0.00011012889444828033,3.8423221558332443,0.05169567605480552,False,,
capacity,0,13,3.9979550056159496,0.39445399306714535,9.988434612751007e-05,3.998054889962077,0.055715872906148434,False,,
capacity,0,14,3.868191037327051,0.3791460767388344,0.00012991949915885925,3.86832095682621,0.05960644595324993,False,,
capacity,0,15,4.066244000568986,0.3885328769683838,0.00011012889444828033,4.066354129463434,0.0636955329682678,False,,
capacity,0,16,4.037961130961776,0.3790860064327717,0.00011990778148174286,4.0380810387432575,0.06775581603869796,False,,
capacity,0,17,4.63679083622992,0.3909480292350054,0.00013015232980251312,4.636920988559723,0.07241477887146175,False,,
capacity,0,18,4.041967913508415,0.37878495641052723,0.00011012889444828033,4.0420780424028635,0.07647994090802968,False,,
capacity,0,19,4.03545587323606,0.3861989825963974,0.00012014061212539673,4.0355760138481855,0.08053769893012941,False,,
capacity,0,20,4.030316136777401,0.378043157979846,0.00012107193470001221,4.030437208712101,0.08459042804315686,False,,
capacity,0,21,4.643623949959874,0.3926109056919813,0.00012014061212539673,4.6437440905719995,0.08925617393106222,False,,
capacity,0,22,4.035466117784381,0.38419500924646854,9.988434612751007e-05,4.035566002130508,0.09331396198831499,False,,
capacity,0,23,4.050574963912368,0.39255106821656227,0.0001310836523771286,4.050706047564745,0.09738665889017284,False,,
capacity,0,24,4.024185007438064,0.37960708141326904,0.00011990778148174286,4.024304915219545,0.10143291484564543,False,,
capacity,0,25,4.407648928463459,0.39072800427675247,0.00012014061212539673,4.407769069075584,0.10586667293682694,False,,
capacity,0,26,4.032981814816594,0.38018799386918545,0.00014016404747962952,4.033121978864074,0.10992193687707186,False,,
capacity,0,27,4.048861796036363,0.38582878187298775,0.00013015232980251312,4.048991948366165,0.11399353086017072,False,,
capacity,0,28,4.0477789007127285,0.3824508748948574,0.0001310836523771286,4.047909984365106,0.1180640528909862,False,,
capacity,0,29,4.641079111024737,0.39638811722397804,0.00013993121683597565,4.641219042241573,0.12272734404541552,False,,
capacity,0,30,4.0261580143123865,0.3799570258706808,0.00012014061212539673,4.026278154924512,0.12677607499063015,False,,
capacity,0,31,4.040495026856661,0.3868201747536659,0.00013085082173347473,4.040625877678394,0.13083909288980067,False,,
capacity,0,32,4.059060011059046,0.3794759977608919,0.00012107193470001221,4.059181082993746,0.13492050603963435,False,,
capacity,0,33,4.555978113785386,0.3891540691256523,0.00011990778148174286,4.556098021566868,0.13949903706088662,False,,
capacity,0,34,4.034274024888873,0.3782541025429964,0.00011990778148174286,4.034393932670355,0.1435557738877833,False,,
capacity,0,35,4.106851061806083,0.38649910129606724,0.00011990778148174286,4.1069709695875645,0.1476848169695586,True,0.09867628100570769,False
capacity,0,36,4.092745017260313,0.37895585410296917,9.010545909404755e-05,4.092835122719407,0.15180239803157747,True,0.10720822792043443,False
capacity,0,37,4.234721884131432,0.39616809226572514,0.00011990778148174286,4.234841791912913,0.15606120484881103,True,0.10811080120778846,False
capacity,0,38,4.071143222972751,0.3835840616375208,8.987262845039368e-05,4.071233095601201,0.1601558830589056,True,0.09794002680338214,False
capacity,0,39,4.079930018633604,0.39162905886769295,0.00010104849934577942,4.08003106713295,0.1642588370013982,True,0.09330792921172189,False
capacity,0,40,4.067306173965335,0.3811991773545742,8.079223334789276e-05,4.067386966198683,0.16834948700852692,True,0.11389354863753931,False
capacity,0,41,4.679560894146562,0.38773100823163986,9.103678166866302e-05,4.67965193092823,0.17305838386528194,True,0.10243410176919217,False
capacity,0,42,4.0809521451592445,0.38482598029077053,9.988434612751007e-05,4.081052029505372,0.1771630709990859,True,0.10013680802674275,False
capacity,0,43,4.0593009907752275,0.39167003706097603,0.00010989606380462646,4.059410886839032,0.18124582595191896,True,0.09738840972851322,False
capacity,0,44,4.36757318675518,0.3844161983579397,0.00011990778148174286,4.367693094536662,0.18563660304062068,True,0.0900686401522396,False
capacity,0,45,4.1325700003653765,0.3876620903611183,9.988434612751007e-05,4.132669884711504,0.18979319790378213,True,0.09297052033876615,False
capacity,0,46,4.0650819428265095,0.37693209014832973,9.010545909404755e-05,4.0651720482856035,0.19388181390240788,True,0.10146794338824067,False
capacity,0,47,4.076994024217129,0.38674892857670784,0.00010104849934577942,4.0770950727164745,0.19798221299424767,True,0.10194585128244446,False
capacity,0,48,4.07258584164083,0.3894348628818989,0.00010011717677116394,4.072685958817601,0.20207813289016485,True,0.09784872793187648,False
capacity,0,49,4.228350007906556,0.4022789653390646,0.00012107193470001221,4.228471079841256,0.20632946700789034,True,0.10165866225145374,False
capacity,0,50,4.073868039995432,0.38441503420472145,7.986091077327728e-05,4.073947900906205,0.2104267089162022,True,0.09767585368255959,False
capacity,0,51,4.077435936778784,0.387371052056551,8.987262845039368e-05,4.077525809407234,0.21452768985182047,True,0.10202520518791348,False
capacity,0,52,4.068207927048206,0.3788750618696213,9.988434612751007e-05,4.068307811394334,0.2186196418479085,True,0.10293830315570833,False
capacity,0,53,4.584793001413345,0.38736104033887386,0.00010989606380462646,4.58490289747715,0.22322822990827262,True,0.09533729882267263,False
capacity,0,54,4.082154016941786,0.3833130467683077,0.00012107193470001221,4.082275088876486,0.22733394894748926,True,0.09578246731301379,False
capacity,0,55,4.098675912246108,0.39262091740965843,0.00011012889444828033,4.098786041140556,0.2314561689272523,True,0.09520280870202227,False
capacity,0,56,4.382681101560593,0.3783339634537697,9.988434612751007e-05,4.38278098590672,0.23586232401430607,True,0.1032321201861462,False
capacity,0,57,4.114063922315836,0.3881119191646576,0.00010011717677116394,4.114164039492607,0.2399999329354614,True,0.10097255505593446,False
capacity,0,58,4.070310853421688,0.38519687950611115,0.00011106021702289581,4.070421913638711,0.24409368890337646,True,0.12603758049725589,False
capacity,0,59,4.075481789186597,0.39427378214895725,0.00010011717677116394,4.075581906363368,0.2481923948507756,True,0.11080354931579592,False
capacity,0,60,4.087484907358885,0.3828429616987705,0.00010011717677116394,4.087585024535656,0.25230329390615225,True,0.09747163716972657,False
capacity,0,61,4.226255929097533,0.3977511078119278,0.00010989606380462646,4.226365825161338,0.25655326386913657,True,0.09831840545314038,False
capacity,0,62,4.067315952852368,0.378503929823637,0.00011012889444828033,4.067426081746817,0.26064404495991766,True,0.11877659976870716,False
capacity,0,63,4.071244038641453,0.3880129661411047,9.988434612751007e-05,4.07134392298758,0.26473873294889927,True,0.10489971756353597,False
capacity,0,64,4.453293979167938,0.379796139895916,0.00011082738637924194,4.4534048065543175,0.2692161628510803,True,0.10410763521202088,False
capacity,0,65,4.196218913421035,0.4088010173290968,8.102506399154663e-05,4.196299938485026,0.27344182785600424,True,0.0985015858774218,False
capacity,0,66,4.079929087311029,0.3807980101555586,0.00010104849934577942,4.080030135810375,0.27754827798344195,True,0.10040360321328066,False
capacity,0,67,4.073176998645067,0.3888539504259825,0.00011012889444828033,4.0732871275395155,0.281646162038669,True,0.10836302936257436,False
capacity,0,68,4.076824057847261,0.3769111353904009,0.00010104849934577942,4.076925106346607,0.28574640094302595,True,0.10280603450740015,False
capacity,0,69,4.290958167985082,0.38774218410253525,0.00010989606380462646,4.291068064048886,0.29006168502382934,True,0.10108876355173606,False
capacity,0,70,4.061244893819094,0.38370490074157715,0.00010011717677116394,4.061345010995865,0.2941464039031416,True,0.10124379318715673,False
capacity,0,71,4.080591024830937,0.39176992140710354,0.00010989606380462646,4.080700920894742,0.2982507599517703,True,0.10220059225020758,False
capacity,0,72,4.061494953930378,0.3813288640230894,0.00011106021702289581,4.061606014147401,0.30233564996160567,True,0.10098701283494832,False
capacity,0,73,4.134874092414975,0.40354207158088684,9.988434612751007e-05,4.134973976761103,0.3064946490339935,True,0.09439240830807903,False
capacity,0,74,4.058019025251269,0.3778629470616579,9.988434612751007e-05,4.058118909597397,0.3105764929205179,True,0.10129798254527418,False
capacity,0,75,4.068387905135751,0.3864988684654236,0.00011012889444828033,4.068498034030199,0.3146686959080398,True,0.1057124851001389,False
capacity,0,76,4.377131117507815,0.3788450267165899,0.00014994293451309204,4.3772810604423285,0.3190695920493454,True,0.10406753945712349,False
capacity,0,77,4.117961972951889,0.3910379018634558,0.00012014061212539673,4.118082113564014,0.32321208994835615,True,0.10922135529098168,False
capacity,0,78,4.067054949700832,0.38274191319942474,0.00011106021702289581,4.067166009917855,0.3273027199320495,True,0.10152766821842386,False
capacity,0,79,4.079650156199932,0.3921000752598047,0.00011990778148174286,4.079770063981414,0.33140607504174113,True,0.18283276341792354,False
capacity,0,80,4.064018838107586,0.3781530540436506,0.00010104849934577942,4.064119886606932,0.3354937988333404,True,0.1638129791895946,False
capacity,0,81,4.855413921177387,0.3967289812862873,9.010545909404755e-05,4.855504026636481,0.3403756329789758,True,0.1440362844382253,False
capacity,0,82,4.095891024917364,0.38168090395629406,0.00011012889444828033,4.096001153811812,0.34449768299236894,True,0.13917239880186436,False
capacity,0,83,4.074228927493095,0.38679991848766804,0.00010011717677116394,4.074329044669867,0.3485958769451827,True,0.13183007083001147,False
capacity,0,84,4.381919978186488,0.3777130041271448,9.010545909404755e-05,4.382010083645582,0.35300174192525446,True,0.12681474579217566,False
capacity,0,85,4.119515186175704,0.3933231346309185,0.00010989606380462646,4.119625082239509,0.35714468103833497,True,0.1220282859827777,False
capacity,0,86,4.06501186080277,0.38302293978631496,0.00011012889444828033,4.065121989697218,0.3612334579229355,True,0.10730338837221146,False
capacity,0,87,4.068979993462563,0.39247097447514534,0.00010989606380462646,4.069089889526367,0.3653260718565434,True,0.09734226676713717,False
capacity,0,88,4.404041916131973,0.38751098327338696,8.009374141693115e-05,4.40412200987339,0.36975395889021456,True,0.10476755816796593,False
capacity,0,89,4.133631940931082,0.38720085285604,0.00011012889444828033,4.13374206982553,0.37391119496896863,True,0.09991691868244629,False
capacity,0,90,4.07476001419127,0.3816499374806881,0.00011012889444828033,4.074870143085718,0.37800948903895915,True,0.09241413256099845,False
capacity,0,91,4.072606097906828,0.39274105802178383,0.00010011717677116394,4.072706215083599,0.3821055800653994,True,0.09920561052199604,False
capacity,0,92,4.369946895167232,0.3845249302685261,9.010545909404755e-05,4.370037000626326,0.386499241925776,True,0.10519280624238624,False
capacity,0,93,4.120466997846961,0.38761086761951447,0.00010011717677116394,4.120567115023732,0.39064394496381283,True,0.10295002961626869,False
capacity,0,94,4.049703013151884,0.3783439751714468,0.00011012889444828033,4.049813142046332,0.3947172020561993,True,0.09755170615445316,False
capacity,0,95,4.082124214619398,0.3865491598844528,8.987262845039368e-05,4.0822140872478485,0.39882308105006814,True,0.10124772628572977,False
capacity,0,96,4.0774059016257524,0.3785649314522743,0.00011012889444828033,4.077516030520201,0.4029308338649571,True,0.09280711466008808,False
capacity,0,97,4.149821819737554,0.3984218928962946,0.00012014061212539673,4.149941960349679,0.40710457088425756,True,0.10790619444433387,False
capacity,0,98,4.067707108333707,0.38699107244610786,0.00010989606380462646,4.0678170043975115,0.4111958120483905,True,0.11241004212391546,False
capacity,0,99,4.07284707762301,0.39228005334734917,0.00010104849934577942,4.0729481261223555,0.41529229399748147,True,0.09976702392571819,False
capacity,0,100,4.0853600949049,0.3809689078480005,0.00010104849934577942,4.085461143404245,0.4194015490356833,True,0.09931977963335235,False
capacity,0,101,4.130806075409055,0.3967280499637127,8.987262845039368e-05,4.130895948037505,0.42355615994893014,True,0.10856157800535414,False
capacity,0,102,4.048421047627926,0.3789050970226526,0.00010989606380462646,4.0485309436917305,0.4276285159867257,True,0.1008665070647799,False
capacity,0,103,4.056535894051194,0.3850169014185667,9.010545909404755e-05,4.056625999510288,0.4317085458897054,True,0.11894586867766542,False
capacity,0,104,4.069780930876732,0.378503929823637,0.00010011717677116394,4.069881048053503,0.4358021719381213,True,0.11242136799110264,False
capacity,0,105,4.1232118383049965,0.39978488348424435,0.00012014061212539673,4.123331978917122,0.4399489378556609,True,0.10933111787523302,False
capacity,0,106,4.082393832504749,0.3792247734963894,0.00010104849934577942,4.082494881004095,0.44405485689640045,True,0.10661265482725385,False
capacity,0,107,4.083347041159868,0.39228121750056744,0.00010989606380462646,4.083456937223673,0.44816164788790047,True,0.10491260938663649,False
capacity,0,108,4.07497095875442,0.3828229382634163,0.00011012889444828033,4.075081087648869,0.45226018293760717,True,0.10614257671261675,False
capacity,0,109,4.224221920594573,0.39355200715363026,0.00010104849934577942,4.224322969093919,0.45650842087343335,True,0.09753327885928688,False
capacity,0,110,4.072396084666252,0.3780629485845566,7.986091077327728e-05,4.072475945577025,0.4606041209772229,True,0.10206846927221692,False
capacity,0,111,4.0894378907978535,0.38573797792196274,0.00012107193470001221,4.0895589627325535,0.4647173439152539,True,0.09539429233440233,False
capacity,0,112,4.067026078701019,0.3785539884120226,0.00011012889444828033,4.067136207595468,0.46881419606506824,True,0.0987490797468883,False
capacity,0,113,4.183996934443712,0.3922299947589636,0.00010011717677116394,4.184097051620483,0.473021806916222,True,0.09780065672709487,False
capacity,0,114,4.049372160807252,0.38376403972506523,9.988434612751007e-05,4.049472045153379,0.4770946530625224,True,0.1012125469040487,False
capacity,0,115,4.079950042068958,0.39233011193573475,9.988434612751007e-05,4.080049926415086,0.4811982079409063,True,0.10919360509549411,False
capacity,0,116,4.068347858265042,0.38253096863627434,0.00010104849934577942,4.068448906764388,0.4852901508565992,True,0.11383593602696014,False
capacity,0,117,4.217990906909108,0.3910679370164871,9.010545909404755e-05,4.218081012368202,0.48953156592324376,True,0.11901253886405354,False
capacity,0,118,4.062746884301305,0.3787239547818899,9.010545909404755e-05,4.062836989760399,0.4936176468618214,True,0.12830264125767696,False
capacity,0,119,4.066595109179616,0.3860380966216326,0.00011082738637924194,4.066705936565995,0.4977077869698405,True,0.13093231824712767,False
capacity,0,120,4.082684870809317,0.37661101669073105,0.00012107193470001221,4.082805942744017,0.5018137758597732,True,0.12500659540073092,False
capacity,0,121,4.6532421838492155,0.3854271490126848,9.988434612751007e-05,4.653342068195343,0.5064907530322671,True,0.12070731806702453,False
capacity,0,122,4.0674470365047455,0.37768296897411346,0.00010989606380462646,4.06755693256855,0.5105820749886334,True,0.1147810125393577,False
capacity,0,123,4.056666046380997,0.3850159700959921,0.00011082738637924194,4.056776873767376,0.5146621349267662,True,0.11729218672550588,False
capacity,0,124,4.078937927260995,0.37819286808371544,0.00010104849934577942,4.079038975760341,0.5187648879364133,True,0.12466208509979608,False
capacity,0,125,4.407298052683473,0.38699014112353325,9.103678166866302e-05,4.407389089465141,0.5231954499613494,True,0.12813166072248786,False
capacity,0,126,4.079579142853618,0.38370396941900253,0.00010989606380462646,4.079689038917422,0.5272984730545431,True,0.12290311601574189,False
capacity,0,127,4.077035002410412,0.39371312595903873,9.988434612751007e-05,4.077134886756539,0.5313988619018346,True,0.12638212379149308,False
capacity,0,128,4.451842047274113,0.37769204936921597,0.00010104849934577942,4.4519430957734585,0.5358796690125018,True,0.1215797740162313,False
capacity,0,129,4.125505918636918,0.3869999200105667,0.00013015232980251312,4.125636070966721,0.5400302119087428,True,0.11257385230587379,False
capacity,0,130,4.072135081514716,0.3836939577013254,9.988434612751007e-05,4.072234965860844,0.5441260719671845,True,0.11660983054066275,False
capacity,0,131,4.077776102349162,0.3908080980181694,9.988434612751007e-05,4.07787598669529,0.5482275630347431,True,0.11634143298063213,False
capacity,0,132,4.074981203302741,0.38230116479098797,9.988434612751007e-05,4.075081087648869,0.5523258780594915,True,0.12398468170574863,False
capacity,0,133,4.423989914357662,0.3950260579586029,0.00010989606380462646,4.424099810421467,0.5567862058524042,True,0.12690333218757968,False
capacity,0,134,4.067926900461316,0.3786049783229828,0.00011990778148174286,4.068046808242798,0.5608781678602099,True,0.11594768611237552,False
capacity,0,135,4.082513973116875,0.39135804399847984,8.987262845039368e-05,4.082603845745325,0.5649851588532329,True,0.11394002137873527,False
capacity,0,136,4.081603139638901,0.38330303505063057,0.00012107193470001221,4.081724211573601,0.5690901670604944,True,0.12059795607614639,False
capacity,0,137,4.240663023665547,0.4002649802714586,0.00010011717677116394,4.2407631408423185,0.573354555061087,True,0.11620180798128918,False
capacity,0,138,4.089999012649059,0.3784741275012493,8.987262845039368e-05,4.09008888527751,0.5774739899206907,True,0.1103087842112686,False
capacity,0,139,4.084779880940914,0.388182932510972,0.00010989606380462646,4.084889777004719,0.5815865418408066,True,0.1075219289492138,False
capacity,0,140,4.388072062283754,0.37640100345015526,9.988434612751007e-05,4.388171946629882,0.5859983079135418,True,0.1000483861440081,False
capacity,0,141,4.134543007239699,0.393593218177557,9.988434612751007e-05,4.134642891585827,0.5901562748476863,True,0.10134816596965983,False
capacity,0,142,4.0645410772413015,0.3834229428321123,0.00012107193470001221,4.0646621491760015,0.5942444310057908,True,0.09586298658102299,False
capacity,0,143,4.080922110006213,0.39255106821656227,0.00010989606380462646,4.081032006070018,0.5983489770442247,True,0.16734478960719656,False
capacity,0,144,4.0877650026232,0.38266205228865147,0.00011012889444828033,4.087875131517649,0.6024669089820236,True,0.15658254583296605,False
capacity,0,145,4.308742005378008,0.3963978961110115,8.102506399154663e-05,4.308823030441999,0.6068029829766601,True,0.15116745126831577,False
capacity,0,146,4.087834851816297,0.3806590102612972,0.00010011717677116394,4.087934968993068,0.610917687881738,True,0.14369639470656095,False
capacity,0,147,4.082635045051575,0.38769119419157505,7.986091077327728e-05,4.082714905962348,0.6150249699130654,True,0.13529686440530653,False
capacity,0,148,4.067446105182171,0.3842250443994999,9.988434612751007e-05,4.067545989528298,0.6191161109600216,True,0.12413894983586604,False
capacity,0,149,4.238608991727233,0.3977499436587095,6.984919309616089e-05,4.238678840920329,0.6233804388903081,True,0.11840906791980872,False
capacity,0,150,4.062917781993747,0.3768010064959526,0.00011012889444828033,4.063027910888195,0.6274675028398633,True,0.12330916811592185,False
capacity,0,151,4.072637064382434,0.3863901365548372,8.987262845039368e-05,4.072726937010884,0.6315638739615679,True,0.1389788728215258,False
capacity,0,152,4.063619067892432,0.3774820361286402,0.00010081566870212555,4.063719883561134,0.6356511379126459,True,0.1319416762390341,False
capacity,0,153,4.21143788844347,0.3900958690792322,8.009374141693115e-05,4.211517982184887,0.6398859398905188,True,0.13471441734566955,False
capacity,0,154,4.063599044457078,0.37598004564642906,0.00011990778148174286,4.06371895223856,0.6439733039587736,True,0.12593425649037068,False
capacity,0,155,4.066114081069827,0.3906679339706898,8.987262845039368e-05,4.0662039536982775,0.6480626619886607,True,0.11692840761517195,False
capacity,0,156,4.074519965797663,0.3868499770760536,9.988434612751007e-05,4.07461985014379,0.6521605858579278,True,0.13154092492381922,False
capacity,0,157,4.142488120123744,0.3978312015533447,8.987262845039368e-05,4.142577992752194,0.6563265989534557,True,0.12003042060918133,False
capacity,0,158,4.076624056324363,0.3837242256850004,0.00010989606380462646,4.076733952388167,0.6604270678944886,True,0.13417988839601186,False
capacity,0,159,4.072946961969137,0.38644904270768166,0.00010989606380462646,4.073056858032942,0.664523548912257,True,0.127239171194715,False
capacity,0,160,4.080991959199309,0.37726201117038727,0.00010989606380462646,4.081101855263114,0.6686280348803848,True,0.1262037829953621,False
capacity,0,161,4.131597001105547,0.3958670422434807,0.00010989606380462646,4.131706897169352,0.6727831668686122,True,0.12862882960627658,False
capacity,0,162,4.0789281483739614,0.37684105336666107,0.00010989606380462646,4.079038044437766,0.6768858400173485,True,0.11757234325376918,False
capacity,0,163,4.077325109392405,0.38634915836155415,8.987262845039368e-05,4.077414982020855,0.6809863089583814,True,0.11195252807416448,False
capacity,0,164,4.052408039569855,0.3831530921161175,0.00010104849934577942,4.0525090880692005,0.6850633239373565,True,0.11042127811397344,False
capacity,0,165,4.671436967328191,0.39290101267397404,0.00010989606380462646,4.671546863391995,0.6897581948433071,True,0.13881171368598016,False
capacity,0,166,4.074168857187033,0.37756189703941345,0.00010011717677116394,4.074268974363804,0.693855837918818,True,0.12260963040944095,False
capacity,0,167,4.075891803950071,0.3858779091387987,0.00010011717677116394,4.0759919211268425,0.6979551338590682,True,0.11482254964703283,False
capacity,0,168,4.078918136656284,0.38309209048748016,0.00011106021702289581,4.079029196873307,0.7020574470516294,True,0.12355881062257179,False
capacity,0,169,4.406455904245377,0.41705695912241936,8.009374141693115e-05,4.4065359979867935,0.7064884088467807,True,0.12176018279457276,False
capacity,0,170,4.052057163789868,0.3765900619328022,0.00010081566870212555,4.0521579794585705,0.7105649330187589,True,0.1174412035504218,False
capacity,0,171,4.083317006006837,0.3843759186565876,9.988434612751007e-05,4.083416890352964,0.7146721149329096,True,0.12790109711752595,False
capacity,0,172,4.062467021867633,0.3774820361286402,0.00010011717677116394,4.062567139044404,0.7187580859754235,True,0.1152770160606063,False
capacity,0,173,4.173716995865107,0.38723088800907135,0.00011012889444828033,4.173827124759555,0.7229557780083269,True,0.12103955173380124,False
capacity,0,174,4.044632893055677,0.3749178722500801,9.010545909404755e-05,4.0447229985147715,0.7270239358767867,True,0.11545171118889216,False
capacity,0,175,4.082995932549238,0.3931520041078329,0.00011012889444828033,4.0831060614436865,0.7311302958987653,True,0.12407470205206893,False
capacity,0,176,4.079790087416768,0.3828729968518019,0.00012014061212539673,4.0799102280288935,0.7352334400638938,True,0.11892012144904376,False
capacity,0,177,4.5993211679160595,0.3913890104740858,0.00011990778148174286,4.599441075697541,0.7398562950547785,True,0.11996574298820244,False
capacity,0,178,4.0698309894651175,0.376921147108078,9.988434612751007e-05,4.069930873811245,0.7439499008469284,True,0.11335806455033573,False
capacity,0,179,4.076072946190834,0.3872709348797798,0.00010011717677116394,4.076173063367605,0.7480496179778129,True,0.10877855394330022,False
capacity,0,180,4.068698035553098,0.38200104609131813,0.00011106021702289581,4.068809095770121,0.7521418610122055,True,0.11512009271105784,False
capacity,0,181,4.491916857659817,0.389615073800087,8.009374141693115e-05,4.491996951401234,0.7566573028452694,True,0.10688633293629457,False
capacity,0,182,4.058700054883957,0.3774219658225775,0.00011106021702289581,4.05881111510098,0.7607394680380821,True,0.11961952106103674,False
capacity,0,183,4.082284867763519,0.38632890209555626,0.00010011717677116394,4.0823849849402905,0.7648452369030565,True,0.11396784049947452,False
capacity,0,184,4.07948880456388,0.3774729557335377,9.010545909404755e-05,4.079578910022974,0.7689494618680328,True,0.12420219999747832,False
capacity,0,185,4.126277985051274,0.39978488348424435,0.00011012889444828033,4.126388113945723,0.7731042939703912,True,0.11578143595259872,False
capacity,0,186,4.0829048957675695,0.38364389911293983,0.00010104849934577942,4.083005944266915,0.7772113948594779,True,0.12192544576979922,False
capacity,0,187,4.077204968780279,0.39226096123456955,8.009374141693115e-05,4.077285062521696,0.781312044011429,True,0.13115584543945508,False
capacity,0,188,4.072857089340687,0.38474611937999725,7.986091077327728e-05,4.07293695025146,0.7854085660073906,True,0.12319794882849533,False
capacity,0,189,4.6751429326832294,0.38793194107711315,0.00010989606380462646,4.675252828747034,0.7901075938716531,True,0.12101365883486206,False
capacity,0,190,4.053961019963026,0.3838140983134508,0.00010989606380462646,4.054070916026831,0.7941853099036962,True,0.11356491640121415,False
capacity,0,191,4.072785843163729,0.3914888948202133,9.010545909404755e-05,4.072875948622823,0.7982817208394408,True,0.12202391890444275,False
capacity,0,192,4.084709100425243,0.38479617796838284,9.988434612751007e-05,4.084808984771371,0.8023899749387056,True,0.12083954638784626,False
capacity,0,193,4.226506920531392,0.39123790338635445,0.00010011717677116394,4.226607037708163,0.8066404368728399,True,0.10653628716329397,False
capacity,0,194,4.063750151544809,0.3787451423704624,9.988434612751007e-05,4.063850035890937,0.8107276409864426,True,0.12122579123475058,False
capacity,0,195,4.064431181177497,0.38873404264450073,0.00011990778148174286,4.064551088958979,0.8148156460374594,True,0.1194312785932215,False
capacity,0,196,4.0582590736448765,0.37816399708390236,0.00011990778148174286,4.058378981426358,0.8188977399840951,True,0.11748159064595422,False
capacity,0,197,4.2031630873680115,0.3875219263136387,8.987262845039368e-05,4.203252959996462,0.8231243269983679,True,0.12093827444554545,False
capacity,0,198,4.066133173182607,0.3853971138596535,0.00012083910405635834,4.066254012286663,0.8272140850313008,True,0.11181446903073487,False
capacity,0,199,4.076284123584628,0.38980599492788315,9.988434612751007e-05,4.076384007930756,0.8313139739912003,True,0.11976730359816079,False
capacity,0,200,4.088525893166661,0.38338289596140385,0.00011106021702289581,4.088636953383684,0.8354264048393816,True,0.11696897679860128,False
capacity,0,201,4.199075046926737,0.3852169029414654,9.010545909404755e-05,4.199165152385831,0.8396504470147192,True,0.140367807412488,False
capacity,0,202,4.072797019034624,0.37911487743258476,9.010545909404755e-05,4.072887124493718,0.8437471990473568,True,0.1358404975080678,False
capacity,0,203,4.078047117218375,0.3845859318971634,8.009374141693115e-05,4.078127210959792,0.8478488300461322,True,0.13600845538416836,False
capacity,0,204,4.076893907040358,0.37697190418839455,0.00010011717677116394,4.076994024217129,0.8519493578933179,True,0.1371408235974102,False
capacity,0,205,4.2541190050542355,0.38657011464238167,9.988434612751007e-05,4.254218889400363,0.8562270519323647,True,0.1454434125972017,False
capacity,0,206,4.070312017574906,0.38344389759004116,0.00011012889444828033,4.070422146469355,0.8603211690206081,True,0.13895751454478172,False
capacity,0,207,4.088275134563446,0.3942740149796009,8.987262845039368e-05,4.088365007191896,0.86443328903988,True,0.13331810670747055,False
capacity,0,208,4.072225885465741,0.3785151056945324,0.00011990778148174286,4.072345793247223,0.8685307528357953,True,0.13342044010552837,False
capacity,0,209,4.646538989618421,0.393562950193882,0.00011990778148174286,4.646658897399902,0.8732013269327581,True,0.13638475823190194,False
capacity,0,210,4.07647411338985,0.38250209763646126,8.987262845039368e-05,4.0765639860183,0.8773026179987937,True,0.1419655701839907,False
capacity,0,211,4.084078129380941,0.38986606523394585,8.987262845039368e-05,4.084168002009392,0.8814102599862963,True,0.13282632371552297,False
capacity,0,212,4.378584213554859,0.37726201117038727,8.987262845039368e-05,4.3786740861833096,0.8858124590478837,True,0.1276063735575107,False
capacity,0,213,4.1315879207104445,0.38665998727083206,9.010545909404755e-05,4.1316780261695385,0.8899677009321749,True,0.12118988741138902,False
capacity,0,214,4.0764429140836,0.3849170170724392,0.00011012889444828033,4.076553042978048,0.8940675079356879,True,0.10301835290509269,False
capacity,0,215,4.078736994415522,0.3925599157810211,8.102506399154663e-05,4.078818019479513,0.8981695999391377,True,0.12426611675919734,False
capacity,0,216,4.062277032062411,0.38337288424372673,0.00010104849934577942,4.062378080561757,0.902255441993475,True,0.1478684227905368,False
capacity,0,217,4.329249961301684,0.3948449157178402,0.00010011717677116394,4.3293500784784555,0.906608666991815,True,0.16735066239629884,False
capacity,0,218,4.064521053805947,0.3796869423240423,0.00010011717677116394,4.0646211709827185,0.9106969030108303,True,0.17620592458076126,False
capacity,0,219,4.085821099579334,0.3867899067699909,9.988434612751007e-05,4.085920983925462,0.9148066090419888,True,0.20196222117968982,False
capacity,0,220,4.375737858936191,0.3777528181672096,9.010545909404755e-05,4.375827964395285,0.9192058918997645,True,0.23130692396282707,False
capacity,0,221,4.124413011595607,0.38996501825749874,8.102506399154663e-05,4.124494036659598,0.9233543209265918,True,0.21427172327601787,False
capacity,0,222,4.071975825354457,0.38007786497473717,0.00010011717677116394,4.072075942531228,0.9274579968769103,True,0.2190593967667895,False
capacity,0,223,4.057867918163538,0.38809189572930336,0.00012107193470001221,4.057988990098238,0.9315397299360484,True,0.19338620508400614,False
capacity,0,224,4.077795892953873,0.3788748290389776,8.009374141693115e-05,4.07787598669529,0.9356411199551076,True,0.19428823210766946,False
capacity,0,225,4.201108124107122,0.3862089943140745,0.00013085082173347473,4.201238974928856,0.9398661640007049,True,0.17968944422644845,False
capacity,0,226,4.0694610215723515,0.37928600795567036,0.00010011717677116394,4.069561138749123,0.9439593800343573,True,0.1811390459736695,False
capacity,0,227,4.098325036466122,0.39788102731108665,7.986091077327728e-05,4.098404897376895,0.9480814188718796,True,0.15761103180426528,False
capacity,0,228,4.391938913613558,0.38445601239800453,0.00012014061212539673,4.392059054225683,0.9524971928913146,True,0.14655582006703619,False
capacity,0,229,4.124183906242251,0.39129890501499176,0.00010011717677116394,4.124284023419023,0.9566453718580306,True,0.14900949089534332,False
capacity,0,230,4.060233011841774,0.3807288594543934,9.010545909404755e-05,4.060323117300868,0.960729249054566,True,0.1420166601379537,False
capacity,0,231,4.083586856722832,0.3894348628818989,0.00012107193470001221,4.083707928657532,0.9648367918562144,True,0.13381349112986962,False
capacity,0,232,4.076783778145909,0.3820608835667372,0.00011012889444828033,4.076893907040358,0.9689374908339232,True,0.14941977134463846,False
capacity,0,233,4.67214803211391,0.3896360285580158,0.00010989606380462646,4.672257928177714,0.9736343149561435,True,0.13879166497837805,False
capacity,0,234,4.076674114912748,0.38350396789610386,6.0070306062698364e-05,4.076734185218811,0.9777353750541806,True,0.13873088403839282,False
capacity,0,235,4.084908869117498,0.3909568767994642,9.103678166866302e-05,4.084999905899167,0.9818437788635492,True,0.1366555918598439,False
capacity,0,236,4.378383979201317,0.3815600648522377,0.00010989606380462646,4.3784938752651215,0.9862461879383773,True,0.13287198745015838,False
capacity,0,237,4.132580012083054,0.3963480703532696,0.00011990778148174286,4.132699919864535,0.9904024319257587,True,0.1356963528189746,False
capacity,0,238,4.0806010365486145,0.38033793680369854,0.00010989606380462646,4.080710932612419,0.9945065469946712,True,0.1582546396846481,False
capacity,0,239,4.0911908727139235,0.39018597453832626,0.00012107193470001221,4.0913119446486235,0.9986232868395746,True,0.15321298999528032,False
capacity,0,240,4.382900893688202,0.37933606654405594,0.00010011717677116394,4.383001010864973,1.003031425876543,True,0.1417525962698693,False
capacity,0,241,4.145665094256401,0.39703003130853176,0.00010989606380462646,4.145774990320206,1.0072019579820335,True,0.17187801911975506,False
capacity,0,242,4.068177891895175,0.38456590846180916,9.010545909404755e-05,4.068267997354269,1.0112942808773369,True,0.1282317687382964,False
capacity,0,243,4.088785964995623,0.391918933019042,8.009374141693115e-05,4.08886605873704,1.015406701946631,True,0.1346056098989641,False
capacity,0,244,4.41792793571949,0.37964689545333385,0.00010011717677116394,4.418028052896261,1.0198484449647367,True,0.134842214912196,False
capacity,0,245,4.12489497102797,0.39291195571422577,0.00010989606380462646,4.125004867091775,1.023997224867344,True,0.13171157770079392,False
capacity,0,246,4.086100962013006,0.40215905755758286,0.00010989606380462646,4.086210858076811,1.0281068908516318,True,0.13403491001250006,False
capacity,0,247,4.095789976418018,0.3943440970033407,8.987262845039368e-05,4.095879849046469,1.0322262558620423,True,0.13564489477931066,False
capacity,0,248,4.384995903819799,0.384496059268713,9.010545909404755e-05,4.3850860092788935,1.0366349169053137,True,0.13502910992957418,False
capacity,0,249,4.122962011024356,0.3886041231453419,9.988434612751007e-05,4.123061895370483,1.0407884758897126,True,0.1269974677203699,False
capacity,0,250,4.072204930707812,0.3799370024353266,0.00010011717677116394,4.0723050478845835,1.0448841149918735,True,0.1317903125074135,False
capacity,0,251,4.075120901688933,0.38942485116422176,0.00010011717677116394,4.0752210188657045,1.0489829808939248,True,0.1334691629168317,False
capacity,0,252,4.369216039776802,0.3857079427689314,0.00011012889444828033,4.36932616867125,1.053375842049718,True,0.13396881210592534,False
capacity,0,253,4.125657025724649,0.3883631434291601,9.988434612751007e-05,4.125756910070777,1.0575250429101288,True,0.11285317122981135,False
capacity,0,254,4.08374797552824,0.3792659845203161,8.987262845039368e-05,4.083837848156691,1.0616324548609555,True,0.12461492042459191,False
capacity,0,255,4.084058105945587,0.3900660667568445,0.00011990778148174286,4.084178013727069,1.065740026999265,True,0.11295368374890016,False
capacity,1,0,4.32972121052444,0.3799470141530037,7.986091077327728e-05,4.329801071435213,0.0043443189933896065,False,,
capacity,1,1,3.900872077792883,0.3898360300809145,0.00012991949915885925,3.901001997292042,0.008267412893474102,False,,
capacity,1,2,3.845707979053259,0.3841649740934372,0.00015087425708770752,3.8458588533103466,0.012135072844102979,False,,
capacity,1,3,3.875955007970333,0.38588792085647583,0.00013015232980251312,3.8760851603001356,0.016033018939197063,False,,
capacity,1,4,3.8673090748488903,0.378625001758337,0.00011990778148174286,3.867428982630372,0.019922419916838408,False,,
capacity,1,5,3.919858019798994,0.3980211913585663,0.00013993121683597565,3.91999795101583,0.023864088812842965,False,,
capacity,1,6,3.850105917081237,0.37683104164898396,0.0001310836523771286,3.850237000733614,0.0277362868655473,False,,
capacity,1,7,3.8557369261980057,0.3880120348185301,0.00012991949915885925,3.8558668456971645,0.03161374479532242,False,,
capacity,1,8,3.8692220114171505,0.3797370009124279,0.00014016404747962952,3.86936217546463,0.035505098989233375,False,,
capacity,1,9,4.3009070213884115,0.3993741702288389,0.00013993121683597565,4.3010469526052475,0.039828207809478045,False,,
capacity,1,10,3.853453090414405,0.3808490000665188,0.00011990778148174286,3.8535729981958866,0.04370386293157935,False,,
capacity,1,11,3.84159991517663,0.3858078271150589,0.00013015232980251312,3.8417300675064325,0.04756724392063916,False,,
capacity,1,12,3.857491072267294,0.3790359478443861,0.00014994293451309204,3.857641015201807,0.051451354986056685,False,,
capacity,1,13,4.3240811210125685,0.3929419908672571,0.00012991949915885925,4.324211040511727,0.055797606939449906,False,,
capacity,1,14,3.888488980010152,0.37942617200315,0.00013993121683597565,3.888628911226988,0.05970816779881716,False,,
capacity,1,15,4.045535111799836,0.3896660637110472,0.00012991949915885925,4.045665031298995,0.063775623915717,False,,
capacity,1,16,4.031629068776965,0.3807491157203913,0.00012991949915885925,4.031758988276124,0.0678299858700484,False,,
capacity,1,17,4.651188151910901,0.38832309655845165,0.00013085082173347473,4.6513190027326345,0.0725037669762969,False,,
capacity,1,18,4.029284929856658,0.38376403972506523,0.00013015232980251312,4.0294150821864605,0.07655650586821139,False,,
capacity,1,19,4.043541848659515,0.3916400019079447,0.00013015232980251312,4.043672000989318,0.0806227398570627,False,,
capacity,1,20,4.028093069791794,0.3777530509978533,0.00011990778148174286,4.028212977573276,0.08467324497178197,False,,
capacity,1,21,4.624918103218079,0.38827303797006607,0.00012991949915885925,4.6250480227172375,0.08932057488709688,False,,
capacity,1,22,4.036797909066081,0.38440502248704433,0.0001310836523771286,4.036928992718458,0.09337979578413069,False,,
capacity,1,23,4.046898102387786,0.39225094951689243,0.00012991949915885925,4.047028021886945,0.09744891594164073,False,,
capacity,1,24,4.009496886283159,0.38258195854723454,0.00011106021702289581,4.009607946500182,0.10148100578226149,False,,
capacity,1,25,4.627574002370238,0.39168004877865314,0.00013993121683597565,4.627713933587074,0.10613072081469,False,,
capacity,1,26,4.043360939249396,0.38015679456293583,0.0001501757651567459,4.043511115014553,0.11019667494110763,False,,
capacity,1,27,4.044804023578763,0.3925010096281767,0.00014994293451309204,4.044953966513276,0.11426392081193626,False,,
capacity,1,28,4.029745003208518,0.3863489255309105,0.0001511070877313614,4.029896110296249,0.11831616889685392,False,,
capacity,1,29,4.650055896490812,0.3934719134122133,0.00013015232980251312,4.650186048820615,0.12298892787657678,False,,
capacity,1,30,4.022922134026885,0.38056797347962856,0.00013993121683597565,4.023062065243721,0.1270346730016172,False,,
capacity,1,31,4.046456888318062,0.38889492861926556,0.00012991949915885925,4.046586807817221,0.13110344181768596,False,,
capacity,1,32,4.042650107294321,0.3791060298681259,0.00014994293451309204,4.042800050228834,0.1351682438980788,False,,
capacity,1,33,4.637792939320207,0.388322863727808,0.0001601874828338623,4.6379531268030405,0.13982846890576184,False,,
capacity,1,34,4.026489099487662,0.3803870640695095,0.00014086253941059113,4.026629962027073,0.14387733093462884,False,,
capacity,1,35,4.0713041089475155,0.38937502540647984,0.00010989606380462646,4.07141400501132,0.1479709369596094,True,0.09867628100570769,False
capacity,1,36,4.30052587762475,0.3807980101555586,0.0001511070877313614,4.3006769847124815,0.15229432587511837,True,0.10720822792043443,False
capacity,1,37,4.680993966758251,0.39861188270151615,0.000141095370054245,4.681135062128305,0.1569978529587388,True,0.10811080120778846,False
capacity,1,38,4.072675947099924,0.3787039313465357,0.0001310836523771286,4.072807030752301,0.16109312186017632,True,0.09794002680338214,False
capacity,1,39,4.0779870469123125,0.3880730364471674,0.00013015232980251312,4.078117199242115,0.1651935710106045,True,0.09330792921172189,False
capacity,1,40,4.063979955390096,0.3849461209028959,0.00011990778148174286,4.0640998631715775,0.1692797727882862,True,0.11389354863753931,False
capacity,1,41,4.427155014127493,0.3960870672017336,0.00014086253941059113,4.4272958766669035,0.17372913984581828,True,0.10243410176919217,False
capacity,1,42,4.078607074916363,0.3786650486290455,0.00012991949915885925,4.078736994415522,0.17783038993366063,True,0.10013680802674275,False
capacity,1,43,4.080742131918669,0.3864699974656105,0.00011990778148174286,4.0808620397001505,0.1819334039464593,True,0.09738840972851322,False
capacity,1,44,4.069510847330093,0.378625001758337,0.00013015232980251312,4.069640999659896,0.1860253168269992,True,0.0900686401522396,False
capacity,1,45,4.629767965525389,0.39291195571422577,0.00012991949915885925,4.629897885024548,0.1906774768140167,True,0.09297052033876615,False
capacity,1,46,4.084509098902345,0.38522714748978615,0.00014994293451309204,4.084659041836858,0.1947845579124987,True,0.10146794338824067,False
capacity,1,47,4.075972829014063,0.3872108645737171,0.00011012889444828033,4.076082957908511,0.19888297282159328,True,0.10194585128244446,False
capacity,1,48,4.0765139274299145,0.37842500023543835,0.00013993121683597565,4.0766538586467505,0.2029819288291037,True,0.09784872793187648,False
capacity,1,49,4.163888981565833,0.3884530160576105,0.00011990778148174286,4.164008889347315,0.20716821984387934,True,0.10165866225145374,False
capacity,1,50,4.062287043780088,0.3789451438933611,0.00013993121683597565,4.062426974996924,0.21125332987867296,True,0.09767585368255959,False
capacity,1,51,4.083056002855301,0.39258087053894997,0.00011012889444828033,4.083166131749749,0.21535878791473806,True,0.10202520518791348,False
capacity,1,52,4.089919151738286,0.38525694981217384,0.00013993121683597565,4.090059082955122,0.21947100898250937,True,0.10293830315570833,False
capacity,1,53,4.655146040022373,0.391548965126276,0.00012991949915885925,4.655275959521532,0.22414924786426127,True,0.09533729882267263,False
capacity,1,54,4.072927171364427,0.3788850735872984,0.00012991949915885925,4.0730570908635855,0.22824495797976851,True,0.09578246731301379,False
capacity,1,55,4.066044930368662,0.3943750634789467,0.00014016404747962952,4.0661850944161415,0.2323335448745638,True,0.09520280870202227,False
capacity,1,56,4.368084017187357,0.38482598029077053,0.00012991949915885925,4.368213936686516,0.23672403092496097,True,0.1032321201861462,False
capacity,1,57,4.116408992558718,0.3870700020343065,0.0001310836523771286,4.116540076211095,0.2408632228616625,True,0.10097255505593446,False
capacity,1,58,4.051966825500131,0.3788250032812357,0.00012014061212539673,4.052086966112256,0.24493768182583153,True,0.12603758049725589,False
capacity,1,59,4.082905128598213,0.38735102862119675,0.00012107193470001221,4.083026200532913,0.24904287001118064,True,0.11080354931579592,False
capacity,1,60,4.0682777762413025,0.3778128884732723,0.00014016404747962952,4.068417940288782,0.2531335197854787,True,0.09747163716972657,False
capacity,1,61,4.178355913609266,0.38653984665870667,0.00013015232980251312,4.178486065939069,0.2573349098674953,True,0.09831840545314038,False
capacity,1,62,4.052658099681139,0.38342317566275597,0.00012991949915885925,4.052788019180298,0.26140987989492714,True,0.11877659976870716,False
capacity,1,63,4.069759976118803,0.3906770143657923,0.00011106021702289581,4.069871036335826,0.2655020628590137,True,0.10489971756353597,False
capacity,1,64,4.37752204015851,0.3810890484601259,0.00011082738637924194,4.3776328675448895,0.26990198786370456,True,0.10410763521202088,False
capacity,1,65,4.11087810061872,0.39018597453832626,0.00011990778148174286,4.110998008400202,0.2740356889553368,True,0.0985015858774218,False
capacity,1,66,4.077114863321185,0.37948694080114365,0.00011012889444828033,4.077224992215633,0.27813521586358547,True,0.10040360321328066,False
capacity,1,67,4.084538901224732,0.38778199814260006,0.00013015232980251312,4.084669053554535,0.28224229789339006,True,0.10836302936257436,False
capacity,1,68,4.0603631641715765,0.38373516872525215,0.00011990778148174286,4.060483071953058,0.28632536297664046,True,0.10280603450740015,False
capacity,1,69,4.148780135437846,0.39585703052580357,0.00011990778148174286,4.148900043219328,0.29049682593904436,True,0.10108876355173606,False
capacity,1,70,4.070162074640393,0.381621066480875,0.00013993121683597565,4.070302005857229,0.2945893299765885,True,0.10124379318715673,False
capacity,1,71,4.081973107531667,0.38591818884015083,0.00013085082173347473,4.0821039583534,0.29869376588612795,True,0.10220059225020758,False
capacity,1,72,4.078156081959605,0.37881406024098396,0.00013085082173347473,4.078286932781339,0.30279427487403154,True,0.10098701283494832,False
capacity,1,73,4.642621846869588,0.38708001375198364,0.0001511070877313614,4.642772953957319,0.3074593897908926,True,0.09439240830807903,False
capacity,1,74,4.07773582264781,0.38911495357751846,0.0001601874828338623,4.077896010130644,0.31155965779908,True,0.10129798254527418,False
capacity,1,75,4.089378984645009,0.38757198490202427,0.00012991949915885925,4.089508904144168,0.31567665887996554,True,0.1057124851001389,False
capacity,1,76,4.070431925356388,0.37817307747900486,0.00012014061212539673,4.0705520659685135,0.3197695028502494,True,0.10406753945712349,False
capacity,1,77,4.845303948968649,0.3982710186392069,0.000141095370054245,4.845445044338703,0.32464018487371504,True,0.10922135529098168,False
capacity,1,78,4.085591062903404,0.3790359478443861,0.00012014061212539673,4.08571120351553,0.3287497810088098,True,0.10152766821842386,False
capacity,1,79,4.077105084434152,0.3869000356644392,0.00013993121683597565,4.077245015650988,0.3328500499483198,True,0.18283276341792354,False
capacity,1,80,4.077204968780279,0.3773618955165148,0.00013015232980251312,4.077335121110082,0.3369498369283974,True,0.1638129791895946,False
capacity,1,81,4.180309129878879,0.3877519629895687,0.00011990778148174286,4.18042903766036,0.3411531699821353,True,0.1440362844382253,False
capacity,1,82,4.073226824402809,0.3781840205192566,0.00014016404747962952,4.073366988450289,0.34524900978431106,True,0.13917239880186436,False
capacity,1,83,4.083086038008332,0.3934630658477545,0.00012991949915885925,4.083215957507491,0.3493548089172691,True,0.13183007083001147,False
capacity,1,84,4.425811814144254,0.3842648584395647,0.00016111880540847778,4.425972932949662,0.35380357480607927,True,0.12681474579217566,False
capacity,1,85,4.127981141209602,0.38664997555315495,0.00012991949915885925,4.128111060708761,0.35795420897193253,True,0.1220282859827777,False
capacity,1,86,4.0645410772413015,0.3781940322369337,0.00011990778148174286,4.064660985022783,0.36204169294796884,True,0.10730338837221146,False
capacity,1,87,4.0583189111202955,0.38657989352941513,0.00012014061212539673,4.058439051732421,0.36612264486029744,True,0.09734226676713717,False
capacity,1,88,4.371911054477096,0.3785640001296997,0.00012083910405635834,4.372031893581152,0.3705169288441539,True,0.10476755816796593,False
capacity,1,89,4.139241995289922,0.391949899494648,0.00013993121683597565,4.139381926506758,0.3746792839374393,True,0.09991691868244629,False
capacity,1,90,4.062998108565807,0.3779730759561062,0.00012991949915885925,4.063128028064966,0.37876478489488363,True,0.09241413256099845,False
capacity,1,91,4.06217691488564,0.38722087629139423,0.0001501757651567459,4.062327090650797,0.3828494038898498,True,0.09920561052199604,False
capacity,1,92,4.082725150510669,0.37832395173609257,0.00011990778148174286,4.0828450582921505,0.3869544710032642,True,0.10519280624238624,False
capacity,1,93,4.133892012760043,0.3965089563280344,0.00011990778148174286,4.134011920541525,0.3911110758781433,True,0.10295002961626869,False
capacity,1,94,4.065854009240866,0.378625001758337,0.00015995465219020844,4.066013963893056,0.3951993719674647,True,0.09755170615445316,False
capacity,1,95,4.077295074239373,0.3926609642803669,0.00012014061212539673,4.077415214851499,0.3992990090046078,True,0.10124772628572977,False
capacity,1,96,4.437002819031477,0.3830529749393463,0.0001310836523771286,4.437133902683854,0.403758434811607,True,0.09280711466008808,False
capacity,1,97,4.113734001293778,0.3870499785989523,0.00010989606380462646,4.113843897357583,0.40789510286413133,True,0.10790619444433387,False
capacity,1,98,4.070783033967018,0.37773302756249905,0.000141095370054245,4.070924129337072,0.4119881179649383,True,0.11241004212391546,False
capacity,1,99,4.067806992679834,0.3852769732475281,0.0001310836523771286,4.0679380763322115,0.41607826692052186,True,0.09976702392571819,False
capacity,1,100,4.3646181002259254,0.3763199783861637,0.00011990778148174286,4.364738008007407,0.4204652470070869,True,0.09931977963335235,False
capacity,1,101,4.119905177503824,0.39062718860805035,0.00012991949915885925,4.120035097002983,0.4246075439732522,True,0.10856157800535414,False
capacity,1,102,4.0612551383674145,0.37778308615088463,0.00012991949915885925,4.061385057866573,0.428691501962021,True,0.1008665070647799,False
capacity,1,103,4.078147001564503,0.39014616049826145,0.00013993121683597565,4.078286932781339,0.43279210082255304,True,0.11894586867766542,False
capacity,1,104,4.366692155599594,0.3773930948227644,0.00013993121683597565,4.36683208681643,0.43718137498945,True,0.11242136799110264,False
capacity,1,105,4.170991946011782,0.3970600664615631,0.00013993121683597565,4.171131877228618,0.441375499824062,True,0.10933111787523302,False
capacity,1,106,4.0746210142970085,0.3832639195024967,0.0001501757651567459,4.074771190062165,0.4454728839918971,True,0.10661265482725385,False
capacity,1,107,4.098444944247603,0.389935914427042,0.00014994293451309204,4.0985948871821165,0.4495938408654183,True,0.10491260938663649,False
capacity,1,108,4.3766910675913095,0.377813121303916,0.00012991949915885925,4.376820987090468,0.45399307389743626,True,0.10614257671261675,False
capacity,1,109,4.140564939007163,0.3890648949891329,0.00013015232980251312,4.140695091336966,0.45815670187585056,True,0.09753327885928688,False
capacity,1,110,4.068237962201238,0.3778431564569473,0.00011990778148174286,4.068357869982719,0.46224748180247843,True,0.10206846927221692,False
capacity,1,111,4.050835967063904,0.3924211487174034,0.00012991949915885925,4.050965886563063,0.4663207398261875,True,0.09539429233440233,False
capacity,1,112,4.6654450707137585,0.3824620507657528,0.00011990778148174286,4.66556497849524,0.47100919787772,True,0.0987490797468883,False
capacity,1,113,4.079549107700586,0.387110048905015,0.00012991949915885925,4.079679027199745,0.47511134995147586,True,0.09780065672709487,False
capacity,1,114,4.070441937074065,0.37774303928017616,0.00012991949915885925,4.070571856573224,0.4792045447975397,True,0.1012125469040487,False
capacity,1,115,4.067936912178993,0.3921699244529009,0.00014016404747962952,4.068077076226473,0.48329507489688694,True,0.10919360509549411,False
capacity,1,116,4.666337044909596,0.3830529749393463,0.00012014061212539673,4.666457185521722,0.48798361397348344,True,0.11383593602696014,False
capacity,1,117,4.078007070347667,0.38720108568668365,0.00013993121683597565,4.078147001564503,0.49208440398797393,True,0.11901253886405354,False
capacity,1,118,4.075090866535902,0.37826388143002987,0.00011012889444828033,4.07520099543035,0.4961818568408489,True,0.12830264125767696,False
capacity,1,119,4.081181949004531,0.3911079838871956,0.00012991949915885925,4.08131186850369,0.500285921851173,True,0.13093231824712767,False
capacity,1,120,4.65225987136364,0.3815398085862398,0.000141095370054245,4.652400966733694,0.5049607448745519,True,0.12500659540073092,False
capacity,1,121,4.076855024322867,0.3857880365103483,0.00013015232980251312,4.07698517665267,0.5090604829601943,True,0.12070731806702453,False
capacity,1,122,4.08334587700665,0.3754878416657448,0.0001310836523771286,4.083476960659027,0.5131666518282145,True,0.1147810125393577,False
capacity,1,123,4.062557127326727,0.3847861662507057,0.00012991949915885925,4.062687046825886,0.5172518019098788,True,0.11729218672550588,False
capacity,1,124,4.660085076466203,0.38347416557371616,0.00011990778148174286,4.6602049842476845,0.5219341989140958,True,0.12466208509979608,False
capacity,1,125,4.079198930412531,0.3876420669257641,0.00012991949915885925,4.07932884991169,0.5260357297956944,True,0.12813166072248786,False
capacity,1,126,4.096300806850195,0.3793558571487665,0.0001501757651567459,4.096450982615352,0.5301546237897128,True,0.12290311601574189,False
capacity,1,127,4.072647076100111,0.38746208883821964,0.00012991949915885925,4.07277699559927,0.5342498729005456,True,0.12638212379149308,False
capacity,1,128,4.677558084949851,0.40309992618858814,0.0001310836523771286,4.677689168602228,0.5389497829601169,True,0.1215797740162313,False
capacity,1,129,4.075911827385426,0.3882329910993576,0.00012014061212539673,4.076031967997551,0.5430485478136688,True,0.11257385230587379,False
capacity,1,130,4.055483965203166,0.3777630627155304,0.00013993121683597565,4.055623896420002,0.5471266647800803,True,0.11660983054066275,False
capacity,1,131,4.094407893717289,0.38687093183398247,0.00013015232980251312,4.0945380460470915,0.551243444904685,True,0.11634143298063213,False
capacity,1,132,4.654895048588514,0.382852042093873,0.00012107193470001221,4.655016120523214,0.5559205319732428,True,0.12398468170574863,False
capacity,1,133,4.079148871824145,0.3877619747072458,0.00013015232980251312,4.079279024153948,0.5600220628548414,True,0.12690333218757968,False
capacity,1,134,4.069451009854674,0.3791560884565115,0.00011990778148174286,4.069570917636156,0.564114075852558,True,0.11594768611237552,False
capacity,1,135,4.069861024618149,0.38624880835413933,0.00012014061212539673,4.069981165230274,0.5682061580009758,True,0.11394002137873527,False
capacity,1,136,4.656499018892646,0.3833028022199869,0.0001501757651567459,4.656649194657803,0.5728852699976414,True,0.12059795607614639,False
capacity,1,137,4.089178051799536,0.3879121504724026,0.00010989606380462646,4.08928794786334,0.5769970598630607,True,0.11620180798128918,False
capacity,1,138,4.078116035088897,0.37762196734547615,0.00011106021702289581,4.07822709530592,0.5810974279884249,True,0.1103087842112686,False
capacity,1,139,4.074519965797663,0.3867500927299261,0.00011990778148174286,4.0746398735791445,0.5851941998116672,True,0.1075219289492138,False
capacity,1,140,4.661918850615621,0.3821819555014372,0.00011012889444828033,4.662028979510069,0.5898784208111465,True,0.1000483861440081,False
capacity,1,141,4.080009879544377,0.38638897240161896,0.000141095370054245,4.080150974914432,0.5939811738207936,True,0.10134816596965983,False
capacity,1,142,4.056455800309777,0.37718191742897034,0.00012014061212539673,4.056575940921903,0.5980595008004457,True,0.09586298658102299,False
capacity,1,143,4.110608017072082,0.3871000371873379,0.00013993121683597565,4.1107479482889175,0.6021923809312284,True,0.16734478960719656,False
capacity,1,144,4.679821897298098,0.3877319395542145,0.00012014061212539673,4.679942037910223,0.6068946048617363,True,0.15658254583296605,False
capacity,1,145,4.142869031056762,0.3935019485652447,0.00012991949915885925,4.142998950555921,0.6110673109069467,True,0.15116745126831577,False
capacity,1,146,4.0906008798629045,0.3819309640675783,0.00013015232980251312,4.090731032192707,0.6151838698424399,True,0.14369639470656095,False
capacity,1,147,4.518677946180105,0.38765091449022293,0.0001310836523771286,4.518809029832482,0.6197257318999618,True,0.13529686440530653,False
capacity,1,148,4.556871019303799,0.39738998748362064,0.00012014061212539673,4.556991159915924,0.6243105749599636,True,0.12413894983586604,False
capacity,1,149,4.5556980185210705,0.402660109102726,0.00013993121683597565,4.5558379497379065,0.6288972608745098,True,0.11840906791980872,False
capacity,1,150,4.4870388228446245,0.4768599756062031,0.00014016404747962952,4.487178986892104,0.6334155288059264,True,0.12330916811592185,False
capacity,1,151,5.058225942775607,0.40219887159764767,0.000141095370054245,5.058367038145661,0.6385028199292719,True,0.1389788728215258,False
capacity,1,152,4.206157987937331,0.41000405326485634,0.00016996636986732483,4.2063279543071985,0.6427440238185227,True,0.1319416762390341,False
capacity,1,153,4.150443011894822,0.40647690184414387,0.00012107193470001221,4.150564083829522,0.6469281809404492,True,0.13471441734566955,False
capacity,1,154,4.122680984437466,0.38307299837470055,0.0001501757651567459,4.122831160202622,0.6510786239523441,True,0.12593425649037068,False
capacity,1,155,4.6883379109203815,0.38953498005867004,0.00011990778148174286,4.688457818701863,0.6557933418080211,True,0.11692840761517195,False
capacity,1,156,4.09628008492291,0.3806580789387226,0.00012107193470001221,4.09640115685761,0.6599157119635493,True,0.13154092492381922,False
capacity,1,157,4.1012209840118885,0.38965605199337006,0.00013993121683597565,4.1013609152287245,0.6640401468612254,True,0.12003042060918133,False
capacity,1,158,4.054933087900281,0.37985690869390965,0.00013993121683597565,4.055073019117117,0.6681176819838583,True,0.13417988839601186,False
capacity,1,159,4.659693920984864,0.3888639621436596,0.00012991949915885925,4.659823840484023,0.67280009877868,True,0.127239171194715,False
capacity,1,160,4.08093212172389,0.3794669173657894,0.00013993121683597565,4.081072052940726,0.676903482992202,True,0.1262037829953621,False
capacity,1,161,4.081482999026775,0.3892551176249981,0.00011990778148174286,4.081602906808257,0.6810074888635427,True,0.12862882960627658,False
capacity,1,162,4.062276100739837,0.37908507511019707,0.00012107193470001221,4.062397172674537,0.6850922380108386,True,0.11757234325376918,False
capacity,1,163,4.659042926505208,0.3874609246850014,0.000141095370054245,4.659184021875262,0.6897738038096577,True,0.11195252807416448,False
capacity,1,164,4.07582288607955,0.38082897663116455,0.00014994293451309204,4.075972829014063,0.6938727297820151,True,0.11042127811397344,False
capacity,1,165,4.087395034730434,0.3908979706466198,0.00013993121683597565,4.08753496594727,0.6979827769100666,True,0.13881171368598016,False
capacity,1,166,4.090209025889635,0.3800271078944206,0.00014086253941059113,4.090349888429046,0.7020957188215107,True,0.12260963040944095,False
capacity,1,167,4.6603449154645205,0.3899061121046543,0.00010989606380462646,4.660454811528325,0.7067782857920974,True,0.11482254964703283,False
capacity,1,168,4.066454013809562,0.3809689078480005,0.0001310836523771286,4.066585097461939,0.710867753950879,True,0.12355881062257179,False
capacity,1,169,4.081052960827947,0.39101787842810154,0.00011012889444828033,4.081163089722395,0.7149714699480683,True,0.12176018279457276,False
capacity,1,170,4.07859799452126,0.38056913763284683,0.00011990778148174286,4.078717902302742,0.7190722788218409,True,0.1174412035504218,False
capacity,1,171,4.616874037310481,0.38839317858219147,0.00011990778148174286,4.616993945091963,0.7237119858618826,True,0.12790109711752595,False
capacity,1,172,4.0720750112086535,0.38056797347962856,0.00014994293451309204,4.0722249541431665,0.7278064729180187,True,0.1152770160606063,False
capacity,1,173,4.098806064575911,0.3887140192091465,0.00011990778148174286,4.098925972357392,0.7319280919618905,True,0.12103955173380124,False
capacity,1,174,4.094487056136131,0.39051705971360207,0.00014994293451309204,4.094636999070644,0.7360480369534343,True,0.11545171118889216,False
capacity,1,175,4.656076896935701,0.38792192935943604,0.00012991949915885925,4.65620681643486,0.7407265268266201,True,0.12407470205206893,False
capacity,1,176,4.057107027620077,0.377872958779335,0.00013015232980251312,4.05723717994988,0.7448063669726253,True,0.11892012144904376,False
capacity,1,177,4.075772827491164,0.3870408982038498,0.00014016404747962952,4.075912991538644,0.7489045218098909,True,0.11996574298820244,False
capacity,1,178,4.0664649568498135,0.37564896047115326,0.00011990778148174286,4.066584864631295,0.7529931277967989,True,0.11335806455033573,False
capacity,1,179,4.158918978646398,0.389615073800087,0.00012107193470001221,4.159040050581098,0.7571747498586774,True,0.10877855394330022,False
capacity,1,180,4.076384007930756,0.37844409234821796,0.00011990778148174286,4.076503915712237,0.7612734958529472,True,0.11512009271105784,False
capacity,1,181,4.081333056092262,0.3923000767827034,0.00010989606380462646,4.081442952156067,0.7653773408383131,True,0.10688633293629457,False
capacity,1,182,4.066364839673042,0.38530793972313404,0.00014016404747962952,4.066505003720522,0.7694663978181779,True,0.11961952106103674,False
capacity,1,183,4.691865062341094,0.3987019881606102,0.00013993121683597565,4.69200499355793,0.774180905893445,True,0.11396784049947452,False
capacity,1,184,4.098214209079742,0.41337008588016033,0.00013085082173347473,4.098345059901476,0.7783018629997969,True,0.12420219999747832,False
capacity,1,185,4.082866013050079,0.3957469016313553,0.00012991949915885925,4.082995932549238,0.782407671911642,True,0.11578143595259872,False
capacity,1,186,4.390276037156582,0.3870700020343065,0.00012991949915885925,4.390405956655741,0.7868205509148538,True,0.12192544576979922,False
capacity,1,187,4.138089949265122,0.39263092912733555,0.000141095370054245,4.138231044635177,0.7909815339371562,True,0.13115584543945508,False
capacity,1,188,4.0782170835882425,0.3808590117841959,0.00012991949915885925,4.078347003087401,0.7950827039312571,True,0.12319794882849533,False
capacity,1,189,4.087124019861221,0.38828281685709953,0.0001501757651567459,4.087274195626378,0.7991922299843282,True,0.12101365883486206,False
capacity,1,190,4.090560134500265,0.3877510316669941,0.00012107193470001221,4.090681206434965,0.8033055230043828,True,0.11356491640121415,False
capacity,1,191,4.197711823508143,0.3957569133490324,0.00012014061212539673,4.197831964120269,0.8075260478071868,True,0.12202391890444275,False
capacity,1,192,4.0702419355511665,0.3871810622513294,0.00012991949915885925,4.070371855050325,0.8116196638438851,True,0.12083954638784626,False
capacity,1,193,4.076163051649928,0.3890839871019125,0.00012083910405635834,4.0762838907539845,0.8157184198498726,True,0.10653628716329397,False
capacity,1,194,4.377591889351606,0.381499994546175,0.00012014061212539673,4.377712029963732,0.8201186638325453,True,0.12122579123475058,False
capacity,1,195,4.138499964028597,0.3918190486729145,0.0001310836523771286,4.138631047680974,0.8242801278829575,True,0.1194312785932215,False
capacity,1,196,4.068047972396016,0.3864290192723274,0.00013993121683597565,4.068187903612852,0.828370998846367,True,0.11748159064595422,False
capacity,1,197,4.078776808455586,0.39284094236791134,0.00012107193470001221,4.0788978803902864,0.8324723187834024,True,0.12093827444554545,False
capacity,1,198,4.424099810421467,0.3863498568534851,0.00014016404747962952,4.4242399744689465,0.8369192318059504,True,0.11181446903073487,False
capacity,1,199,4.133610986173153,0.3892551176249981,0.00011990778148174286,4.133730893954635,0.8410766278393567,True,0.11976730359816079,False
capacity,1,200,4.081433173269033,0.38016820326447487,0.00013993121683597565,4.081573104485869,0.8451808439567685,True,0.11696897679860128,False
capacity,1,201,4.0814930107444525,0.3935229033231735,0.00014016404747962952,4.081633174791932,0.8492856209632009,True,0.140367807412488,False
capacity,1,202,4.385526990517974,0.3875910770148039,0.00011990778148174286,4.385646898299456,0.853693830780685,True,0.1358404975080678,False
capacity,1,203,4.135956056416035,0.3906970378011465,0.00014994293451309204,4.136105999350548,0.8578526498749852,True,0.13600845538416836,False
capacity,1,204,4.074950003996491,0.38130907341837883,0.00012991949915885925,4.07507992349565,0.8619503828231245,True,0.1371408235974102,False
capacity,1,205,4.0846888441592455,0.3914288245141506,0.00012014061212539673,4.084808984771371,0.866057634819299,True,0.1454434125972017,False
capacity,1,206,4.442173987627029,0.38140988908708096,0.00014016404747962952,4.442314151674509,0.8705230329651386,True,0.13895751454478172,False
capacity,1,207,4.125777166336775,0.3938840236514807,0.00012991949915885925,4.125907085835934,0.8746714419685304,True,0.13331810670747055,False
capacity,1,208,4.07845713198185,0.3800271078944206,0.0001310836523771286,4.078588215634227,0.8787724419962615,True,0.13342044010552837,False
capacity,1,209,4.073658026754856,0.39018713869154453,0.00013993121683597565,4.073797957971692,0.8828685418702662,True,0.13638475823190194,False
capacity,1,210,4.366371082141995,0.38167997263371944,0.00013993121683597565,4.366511013358831,0.8872575860004872,True,0.1419655701839907,False
capacity,1,211,4.127309890463948,0.39509590715169907,0.00011012889444828033,4.1274200193583965,0.8914072378538549,True,0.13282632371552297,False
capacity,1,212,4.066595109179616,0.3879719879478216,0.00012991949915885925,4.066725028678775,0.8954964450094849,True,0.1276063735575107,False
capacity,1,213,4.1021129582077265,0.3930020611733198,0.00013993121683597565,4.1022528894245625,0.8996210498735309,True,0.12118988741138902,False
capacity,1,214,4.389062989503145,0.389615073800087,0.00012991949915885925,4.389192909002304,0.9040324948728085,True,0.10301835290509269,False
capacity,1,215,4.153850022703409,0.4097230266779661,0.00014994293451309204,4.153999965637922,0.9082091078162193,True,0.12426611675919734,False
capacity,1,216,4.077696008607745,0.3857279662042856,0.00011990778148174286,4.077815916389227,0.9123094559181482,True,0.1478684227905368,False
capacity,1,217,4.0739490650594234,0.39513595402240753,0.00011990778148174286,4.074068972840905,0.9164059578906745,True,0.16735066239629884,False
capacity,1,218,4.407989094033837,0.3880220465362072,0.00012083910405635834,4.408109933137894,0.9208367199171335,True,0.17620592458076126,False
capacity,1,219,4.12480509839952,0.3916490823030472,0.00011990778148174286,4.124925006181002,0.924983826931566,True,0.20196222117968982,False
capacity,1,220,4.076262935996056,0.38097891956567764,0.0001310836523771286,4.076394019648433,0.9290827128570527,True,0.23130692396282707,False
capacity,1,221,4.100349033251405,0.38948492147028446,0.00012014061212539673,4.10046917386353,0.9332054939586669,True,0.21427172327601787,False
capacity,1,222,4.403590923175216,0.3879719879478216,0.00012014061212539673,4.403711063787341,0.9376319078728557,True,0.2190593967667895,False
capacity,1,223,4.130105022341013,0.39072800427675247,0.00013993121683597565,4.130244953557849,0.9417845748830587,True,0.19338620508400614,False
capacity,1,224,4.075832897797227,0.3822019789367914,0.00012991949915885925,4.075962817296386,0.9458829797804356,True,0.19428823210766946,False
capacity,1,225,4.100249148905277,0.39056804962456226,0.00011990778148174286,4.100369056686759,0.9500058609992266,True,0.17968944422644845,False
capacity,1,226,4.380796803161502,0.38324296474456787,0.00012107193470001221,4.380917875096202,0.954409270780161,True,0.1811390459736695,False
capacity,1,227,4.131777910515666,0.397740863263607,0.00014016404747962952,4.131918074563146,0.9585636318661273,True,0.15761103180426528,False
capacity,1,228,4.069209797307849,0.38333400152623653,0.00011012889444828033,4.069319926202297,0.9626609447877854,True,0.14655582006703619,False
capacity,1,229,4.083195934072137,0.3935128916054964,0.00011990778148174286,4.083315841853619,0.9667668838519603,True,0.14900949089534332,False
capacity,1,230,4.649684997275472,0.38441503420472145,0.00011106021702289581,4.649796057492495,0.9714390519075096,True,0.1420166601379537,False
capacity,1,231,4.07491996884346,0.3988018725067377,0.00011012889444828033,4.075030097737908,0.9755366749595851,True,0.13381349112986962,False
capacity,1,232,4.098434001207352,0.38962485268712044,0.0001511070877313614,4.098585108295083,0.9796579929534346,True,0.14941977134463846,False
capacity,1,233,4.07628295943141,0.39633805863559246,0.00011990778148174286,4.076402867212892,0.9837568087968975,True,0.13879166497837805,False
capacity,1,234,4.67239785939455,0.3857880365103483,0.00012991949915885925,4.672527778893709,0.9884517497848719,True,0.13873088403839282,False
capacity,1,235,4.082284867763519,0.40097697637975216,0.00013993121683597565,4.082424798980355,0.992556536803022,True,0.1366555918598439,False
capacity,1,236,4.083496984094381,0.39070798084139824,0.00010011717677116394,4.0835971012711525,0.9966623459476978,True,0.13287198745015838,False
capacity,1,237,4.0659739170223475,0.3926721401512623,0.00011990778148174286,4.066093824803829,1.000750821782276,True,0.1356963528189746,False
capacity,1,238,4.621651954948902,0.38336310535669327,0.0001310836523771286,4.621783038601279,1.0053949868306518,True,0.1582546396846481,False
capacity,1,239,4.088314948603511,0.3972090780735016,0.0001310836523771286,4.088446032255888,1.0095057948492467,True,0.15321298999528032,False
capacity,1,240,4.085189895704389,0.3863389138132334,0.00013015232980251312,4.085320048034191,1.01361396885477,True,0.1417525962698693,False
capacity,1,241,4.087194101884961,0.39097806438803673,0.00013993121683597565,4.087334033101797,1.0177236748859286,True,0.17187801911975506,False
capacity,1,242,4.655265947803855,0.3822511062026024,0.00013993121683597565,4.655405879020691,1.0224015638232231,True,0.1282317687382964,False
capacity,1,243,4.097844008356333,0.3959271125495434,0.00013085082173347473,4.097974859178066,1.02652220078744,True,0.1346056098989641,False
capacity,1,244,4.084618994966149,0.3871498629450798,0.00013015232980251312,4.084749147295952,1.0306296430062503,True,0.134842214912196,False
capacity,1,245,4.090969916433096,0.392670975998044,0.00011106021702289581,4.091080976650119,1.0347433357965201,True,0.13171157770079392,False
capacity,1,246,4.661157028749585,0.38230116479098797,0.00013085082173347473,4.661287879571319,1.0394273868296295,True,0.13403491001250006,False
capacity,1,247,4.0876849088817835,0.398371834307909,0.00013015232980251312,4.087815061211586,1.0435375638771802,True,0.13564489477931066,False
capacity,1,248,4.082844825461507,0.38647884503006935,0.00012107193470001221,4.082965897396207,1.0476431418210268,True,0.13502910992957418,False
capacity,1,249,4.092002985998988,0.3919699229300022,0.000141095370054245,4.092144081369042,1.0517576979473233,True,0.1269974677203699,False
capacity,1,250,4.666215972974896,0.38248091004788876,0.0001310836523771286,4.666347056627274,1.0564465669449419,True,0.1317903125074135,False
capacity,1,251,4.086343105882406,0.3966391086578369,0.00010989606380462646,4.086453001946211,1.0605558529496193,True,0.1334691629168317,False
capacity,1,252,4.094568081200123,0.3877619747072458,0.00012991949915885925,4.094698000699282,1.0646730829030275,True,0.13396881210592534,False
capacity,1,253,4.074899945408106,0.3919790033251047,0.0001310836523771286,4.075031029060483,1.068770585814491,True,0.11285317122981135,False
capacity,1,254,4.6522109769284725,0.3833139780908823,0.00010989606380462646,4.652320872992277,1.0734451988246292,True,0.12461492042459191,False
capacity,1,255,4.082554951310158,0.3983220085501671,0.00011990778148174286,4.0826748590916395,1.0775501357857138,True,0.11295368374890016,False
capacity,2,0,3.8504258263856173,0.381730031222105,0.00010104849934577942,3.850526874884963,0.0038652438670396805,False,,
capacity,2,1,3.8763859774917364,0.3938630688935518,0.00014994293451309204,3.8765359204262495,0.007763621862977743,False,,
capacity,2,2,4.456209950149059,0.3861989825963974,0.00013993121683597565,4.456349881365895,0.012242063879966736,False,,
capacity,2,3,3.8585818838328123,0.3899959847331047,0.00012014061212539673,3.8587020244449377,0.01612294791266322,False,,
capacity,2,4,3.856788855046034,0.3816408570855856,0.00013993121683597565,3.85692878626287,0.020001808879897,False,,
capacity,2,5,3.864153055474162,0.3904670011252165,0.00015995465219020844,3.8643130101263523,0.023888024035841227,False,,
capacity,2,6,4.317878978326917,0.3861989825963974,0.00014016404747962952,4.318019142374396,0.02822784404270351,False,,
capacity,2,7,3.9102898444980383,0.39093801751732826,0.00014016404747962952,3.910430008545518,0.03216032590717077,False,,
capacity,2,8,3.8674690295010805,0.38361409679055214,0.00011990778148174286,3.8675889372825623,0.03605004702694714,False,,
capacity,2,9,3.8759850431233644,0.3924500197172165,0.00013085082173347473,3.876115893945098,0.039948574965819716,False,,
capacity,2,10,4.324352135881782,0.3893251996487379,0.00012991949915885925,4.32448205538094,0.044294958002865314,False,,
capacity,2,11,3.915220033377409,0.39162999019026756,0.00012991949915885925,3.915349952876568,0.048232228960841894,False,,
capacity,2,12,3.8516491185873747,0.38473610766232014,0.00011990778148174286,3.8517690263688564,0.0521061799954623,False,,
capacity,2,13,3.866718150675297,0.39266119711101055,0.00011990778148174286,3.8668380584567785,0.05599517002701759,False,,
capacity,2,14,4.31814999319613,0.3841749858111143,0.00011012889444828033,4.318260122090578,0.0603354109916836,False,,
capacity,2,15,4.837329033762217,0.39253104478120804,0.00012991949915885925,4.837458953261375,0.06519488198682666,False,,
capacity,2,16,4.514180123806,0.4895641468465328,0.00015995465219020844,4.51434007845819,0.0697359130717814,False,,
capacity,2,17,4.069721093401313,0.40292018093168736,0.00012991949915885925,4.069851012900472,0.07382962899282575,False,,
capacity,2,18,4.626301117241383,0.39130798541009426,0.00010989606380462646,4.626411013305187,0.07847938407212496,False,,
capacity,2,19,4.0437220595777035,0.3899759612977505,0.00012014061212539673,4.043842200189829,0.08254680107347667,False,,
capacity,2,20,4.055854165926576,0.38368417881429195,0.00014086253941059113,4.055995028465986,0.0866253380663693,False,,
capacity,2,21,4.042760003358126,0.39581721648573875,0.00012991949915885925,4.0428899228572845,0.09069049987010658,False,,
capacity,2,22,4.637171979993582,0.38932496681809425,0.00013993121683597565,4.637311911210418,0.09535043500363827,False,,
capacity,2,23,4.055724013596773,0.3964679781347513,0.000141095370054245,4.055865108966827,0.09942875197157264,False,,
capacity,2,24,4.046397050842643,0.38435589522123337,0.00011012889444828033,4.046507179737091,0.10349803208373487,False,,
capacity,2,25,4.039224004372954,0.3921501338481903,0.00011990778148174286,4.039343912154436,0.10756389587186277,False,,
capacity,2,26,4.632191965356469,0.3826720640063286,0.00013993121683597565,4.632331896573305,0.11221857997588813,False,,
capacity,2,27,4.044703906401992,0.39117899723351,0.00013015232980251312,4.044834058731794,0.11628600698895752,False,,
capacity,2,28,4.053159849718213,0.3841649740934372,0.00011012889444828033,4.053269978612661,0.1203616289421916,False,,
capacity,2,29,4.046967951580882,0.39220089092850685,0.00011990778148174286,4.047087859362364,0.12443120894022286,False,,
capacity,2,30,4.646338988095522,0.38649002090096474,0.00013015232980251312,4.646469140425324,0.12909962004050612,False,,
capacity,2,31,4.03594714589417,0.39336318150162697,0.00012991949915885925,4.036077065393329,0.1331579890102148,False,,
capacity,2,32,4.044193075969815,0.38381502963602543,0.00012991949915885925,4.044322995468974,0.13722501508891582,False,,
capacity,2,33,4.050794988870621,0.39311195723712444,0.00014994293451309204,4.050944931805134,0.14129852293990552,False,,
capacity,2,34,4.644195083528757,0.38613914512097836,0.00015995465219020844,4.644355038180947,0.14596503996290267,False,,
capacity,2,35,4.108063178136945,0.39330217987298965,0.00012083910405635834,4.108184017241001,0.15010039508342743,True,0.09867628100570769,False
capacity,2,36,4.078808007761836,0.3835440147668123,0.00012991949915885925,4.078937927260995,0.15420190594159067,True,0.10720822792043443,False
capacity,2,37,4.071563947945833,0.39198994636535645,0.00012014061212539673,4.071684088557959,0.1582959620282054,True,0.10811080120778846,False
capacity,2,38,4.181321011856198,0.38359384052455425,0.00013015232980251312,4.181451164186001,0.16249973606318235,True,0.09794002680338214,False
capacity,2,39,4.108282970264554,0.40539493784308434,0.00011990778148174286,4.108402878046036,0.1666305719409138,True,0.09330792921172189,False
capacity,2,40,4.064109874889255,0.38685998879373074,0.00014016404747962952,4.064250038936734,0.17071740492247045,True,0.11389354863753931,False
capacity,2,41,4.098956007510424,0.3966190852224827,0.00011990778148174286,4.099075915291905,0.17483858298510313,True,0.10243410176919217,False
capacity,2,42,4.6161210630089045,0.3878220450133085,0.00012107193470001221,4.6162421349436045,0.17947755800560117,True,0.10013680802674275,False
capacity,2,43,4.087544046342373,0.39193895645439625,0.00016088597476482391,4.087704932317138,0.18358747498132288,True,0.09738840972851322,False
capacity,2,44,4.0765139274299145,0.3894050605595112,0.00012991949915885925,4.076643846929073,0.18768663192167878,True,0.0900686401522396,False
capacity,2,45,4.089697962626815,0.39668893441557884,0.00010989606380462646,4.0898078586906195,0.19179876195266843,True,0.09297052033876615,False
capacity,2,46,4.5947120524942875,0.38933497853577137,0.00011012889444828033,4.594822181388736,0.19641708908602595,True,0.10146794338824067,False
capacity,2,47,4.147658124566078,0.39465492591261864,0.00014994293451309204,4.147808067500591,0.20058833109214902,True,0.10194585128244446,False
capacity,2,48,4.119334043934941,0.3894639667123556,0.00012107193470001221,4.119455115869641,0.20473179104737937,True,0.09784872793187648,False
capacity,2,49,4.387961933389306,0.39579696021974087,0.00011012889444828033,4.388072062283754,0.2091425759717822,True,0.10165866225145374,False
capacity,2,50,4.140675067901611,0.39519602432847023,0.00013993121683597565,4.140814999118447,0.21330627403222024,True,0.09767585368255959,False
capacity,2,51,4.103084094822407,0.39082812145352364,0.00011990778148174286,4.1032040026038885,0.21743198996409774,True,0.10202520518791348,False
capacity,2,52,4.067867062985897,0.38258195854723454,0.0001310836523771286,4.067998146638274,0.22152234008535743,True,0.10293830315570833,False
capacity,2,53,4.374216077849269,0.3958670422434807,0.00013993121683597565,4.374356009066105,0.22591895796358585,True,0.09533729882267263,False
capacity,2,54,4.153479123488069,0.4037320613861084,0.00012991949915885925,4.153609042987227,0.2300949990749359,True,0.09578246731301379,False
capacity,2,55,4.073918797075748,0.38899481296539307,0.00011012889444828033,4.074028925970197,0.2341912998817861,True,0.09520280870202227,False
capacity,2,56,4.069400019943714,0.38341409526765347,0.00013993121683597565,4.06953995116055,0.2382829519920051,True,0.1032321201861462,False
capacity,2,57,4.387469962239265,0.3931010141968727,0.0001310836523771286,4.387601045891643,0.24269290501251817,True,0.10097255505593446,False
capacity,2,58,4.115205956622958,0.39155897684395313,0.0001310836523771286,4.115337040275335,0.2468305639922619,True,0.12603758049725589,False
capacity,2,59,4.0702810510993,0.3966381773352623,0.00011990778148174286,4.070400958880782,0.2509233979508281,True,0.11080354931579592,False
capacity,2,60,4.087685141712427,0.3865300677716732,0.00011990778148174286,4.087805049493909,0.2550336860585958,True,0.09747163716972657,False
capacity,2,61,4.098444944247603,0.3908479120582342,0.00013993121683597565,4.098584875464439,0.2591549139469862,True,0.09831840545314038,False
capacity,2,62,4.215907072648406,0.3802881110459566,0.00012991949915885925,4.216036992147565,0.263393172994256,True,0.11877659976870716,False
capacity,2,63,4.081062041223049,0.39128796197474003,0.0001511070877313614,4.0812131483107805,0.2674968980718404,True,0.10489971756353597,False
capacity,2,64,4.08392702229321,0.383744016289711,0.000141095370054245,4.084068117663264,0.2716033780016005,True,0.10410763521202088,False
capacity,2,65,4.417347023263574,0.39831199683248997,0.00013015232980251312,4.417477175593376,0.2760431170463562,True,0.0985015858774218,False
capacity,2,66,4.1318179573863745,0.3846560139209032,0.00011106021702289581,4.131929017603397,0.2801974778994918,True,0.10040360321328066,False
capacity,2,67,4.077154910191894,0.3911179956048727,0.00012014061212539673,4.077275050804019,0.2842969549819827,True,0.10836302936257436,False
capacity,2,68,4.0777260437607765,0.38329302333295345,0.00014994293451309204,4.07787598669529,0.2883970730472356,True,0.10280603450740015,False
capacity,2,69,4.3957659509032965,0.39207981899380684,0.00013015232980251312,4.395896103233099,0.29281523101963103,True,0.10108876355173606,False
capacity,2,70,4.803165094926953,0.3880730364471674,0.00013993121683597565,4.803305026143789,0.29764164006337523,True,0.10124379318715673,False
capacity,2,71,4.083557054400444,0.39865286089479923,0.00012991949915885925,4.083686973899603,0.301749553065747,True,0.10220059225020758,False
capacity,2,72,4.08217404037714,0.38799201138317585,0.00012083910405635834,4.082294879481196,0.3058547009713948,True,0.10098701283494832,False
capacity,2,73,4.392609931528568,0.397159019485116,0.00013015232980251312,4.392740083858371,0.3102702139876783,True,0.09439240830807903,False
capacity,2,74,4.1158481035381556,0.3818401601165533,0.00013085082173347473,4.115978954359889,0.31440860498696566,True,0.10129798254527418,False
capacity,2,75,4.091461189091206,0.39086700417101383,0.00013085082173347473,4.091592039912939,0.31852280907332897,True,0.1057124851001389,False
capacity,2,76,4.771536216139793,0.3838140983134508,0.00011990778148174286,4.771656123921275,0.32331700809299946,True,0.10406753945712349,False
capacity,2,77,4.6847008634358644,0.3931308165192604,0.0001310836523771286,4.684831947088242,0.3280245019122958,True,0.10922135529098168,False
capacity,2,78,4.125957144424319,0.3850471694022417,0.00011990778148174286,4.126077052205801,0.3321739330422133,True,0.10152766821842386,False
capacity,2,79,4.109806148335338,0.39618811570107937,0.00011990778148174286,4.109926056116819,0.33630893705412745,True,0.18283276341792354,False
capacity,2,80,4.093094961717725,0.3839640412479639,0.00012991949915885925,4.093224881216884,0.340427259914577,True,0.1638129791895946,False
capacity,2,81,4.683620063588023,0.3921301104128361,0.00013993121683597565,4.683759994804859,0.3451345639768988,True,0.1440362844382253,False
capacity,2,82,4.135434981435537,0.3871510270982981,0.00012991949915885925,4.135564900934696,0.34929610788822174,True,0.13917239880186436,False
capacity,2,83,4.255271051079035,0.4098941572010517,0.00015995465219020844,4.255431005731225,0.3535768969450146,True,0.13183007083001147,False
capacity,2,84,4.146174993366003,0.40471390821039677,0.00013015232980251312,4.1463051456958055,0.35774803906679153,True,0.12681474579217566,False
capacity,2,85,4.911500029265881,0.414583133533597,0.00013993121683597565,4.911639960482717,0.36268554790876806,True,0.1220282859827777,False
capacity,2,86,4.135014023631811,0.40265009738504887,0.00013993121683597565,4.135153954848647,0.3668476128950715,True,0.10730338837221146,False
capacity,2,87,4.097473109140992,0.3977101296186447,0.00011990778148174286,4.097593016922474,0.370969943003729,True,0.09734226676713717,False
capacity,2,88,4.099477082490921,0.38244202733039856,0.00011990778148174286,4.099596990272403,0.37510252208448946,True,0.10476755816796593,False
capacity,2,89,4.600772866979241,0.39064791053533554,0.00011990778148174286,4.600892774760723,0.379727620864287,True,0.09991691868244629,False
capacity,2,90,4.080100916326046,0.39138877764344215,0.00012014061212539673,4.080221056938171,0.38383100600913167,True,0.09241413256099845,False
capacity,2,91,4.297832027077675,0.4137009382247925,0.00011012889444828033,4.297942155972123,0.38815143005922437,True,0.09920561052199604,False
capacity,2,92,4.565095994621515,0.3831828944385052,0.00013993121683597565,4.565235925838351,0.39273995999246836,True,0.10519280624238624,False
capacity,2,93,4.160823067650199,0.40792999789118767,0.00013085082173347473,4.160953918471932,0.39692622097209096,True,0.10295002961626869,False
capacity,2,94,4.101090133190155,0.3920299932360649,0.00011990778148174286,4.101210040971637,0.4010550230741501,True,0.09755170615445316,False
capacity,2,95,4.319783067330718,0.40257000364363194,0.00012991949915885925,4.319912986829877,0.40539777907542884,True,0.10124772628572977,False
capacity,2,96,4.650237038731575,0.4067178815603256,0.00013015232980251312,4.6503671910613775,0.41007368406280875,True,0.09280711466008808,False
capacity,2,97,4.195507848635316,0.393441878259182,0.00012014061212539673,4.195627989247441,0.41429357789456844,True,0.10790619444433387,False
capacity,2,98,4.344759974628687,0.38862391375005245,0.00011012889444828033,4.344870103523135,0.41866193199530244,True,0.11241004212391546,False
capacity,2,99,4.118412965908647,0.40524499490857124,0.00014994293451309204,4.11856290884316,0.42280405992642045,True,0.09976702392571819,False
capacity,2,100,4.697725875303149,0.39401277899742126,0.00013015232980251312,4.697856027632952,0.4275245589669794,True,0.09931977963335235,False
capacity,2,101,4.290126031264663,0.39398297667503357,0.00012107193470001221,4.290247103199363,0.43183783907443285,True,0.10856157800535414,False
capacity,2,102,4.290507175028324,0.39713899604976177,0.00014994293451309204,4.290657117962837,0.43615240207873285,True,0.1008665070647799,False
capacity,2,103,4.107031039893627,0.39077806286513805,0.00012991949915885925,4.107160959392786,0.44028310803696513,True,0.11894586867766542,False
capacity,2,104,5.05369808524847,0.3871810622513294,0.00012991949915885925,5.053828004747629,0.4453609010670334,True,0.11242136799110264,False
capacity,2,105,4.159630974754691,0.39205001667141914,0.00011990778148174286,4.159750882536173,0.4495448679663241,True,0.10933111787523302,False
capacity,2,106,4.167335107922554,0.38440502248704433,0.00014086253941059113,4.167475970461965,0.45373542699962854,True,0.10661265482725385,False
capacity,2,107,4.102662904188037,0.3968491218984127,0.00013993121683597565,4.102802835404873,0.45786200487054884,True,0.10491260938663649,False
capacity,2,108,4.644996020942926,0.38927397690713406,0.00012107193470001221,4.645117092877626,0.4625297139864415,True,0.10614257671261675,False
capacity,2,109,4.468543920665979,0.4033409059047699,0.00014994293451309204,4.4686938636004925,0.4670220429543406,True,0.09753327885928688,False
capacity,2,110,4.100880119949579,0.4060971550643444,0.00012991949915885925,4.101010039448738,0.4711470080073923,True,0.10206846927221692,False
capacity,2,111,4.087212961167097,0.39306189864873886,0.00012991949915885925,4.087342880666256,0.47525749495252967,True,0.09539429233440233,False
capacity,2,112,4.644906148314476,0.3843849990516901,0.00013993121683597565,4.645046079531312,0.4799258860293776,True,0.0987490797468883,False
capacity,2,113,4.129443084821105,0.4043730441480875,0.0001511070877313614,4.129594191908836,0.48407948506064713,True,0.09780065672709487,False
capacity,2,114,4.087975015863776,0.3836641553789377,0.00014994293451309204,4.088124958798289,0.4881907938979566,True,0.1012125469040487,False
capacity,2,115,4.14763786830008,0.40020584128797054,0.0001501757651567459,4.147788044065237,0.49236482195556164,True,0.10919360509549411,False
capacity,2,116,4.650827031582594,0.38853310979902744,0.00011990778148174286,4.650946939364076,0.49704516492784023,True,0.11383593602696014,False
capacity,2,117,5.043779034167528,0.3986221272498369,0.00012991949915885925,5.043908953666687,0.5021183199714869,True,0.11901253886405354,False
capacity,2,118,4.14297915995121,0.39627798832952976,0.0002498272806406021,4.143228987231851,0.5062947920523584,True,0.12830264125767696,False
capacity,2,119,4.7241749707609415,0.39491499774158,0.00021094456315040588,4.724385915324092,0.5110482629388571,True,0.13093231824712767,False
capacity,2,120,4.144793143495917,0.3865901380777359,0.00021094456315040588,4.145004088059068,0.5152235240675509,True,0.12500659540073092,False
capacity,2,121,4.154691006988287,0.3995129372924566,0.0001310836523771286,4.154822090640664,0.5194067789707333,True,0.12070731806702453,False
capacity,2,122,4.143630154430866,0.38906396366655827,0.00011990778148174286,4.143750062212348,0.5235771890729666,True,0.1147810125393577,False
capacity,2,123,4.804357187822461,0.4025690723210573,0.00012083910405635834,4.8044780269265175,0.5284080870915204,True,0.11729218672550588,False
capacity,2,124,4.132258938625455,0.38653984665870667,0.00014016404747962952,4.1323991026729345,0.5325660139787942,True,0.12466208509979608,False
capacity,2,125,4.126949002966285,0.4012978170067072,0.00012014061212539673,4.12706914357841,0.5367183510679752,True,0.12813166072248786,False
capacity,2,126,4.125796956941485,0.39498484693467617,0.00013015232980251312,4.125927109271288,0.5408696560189128,True,0.12290311601574189,False
capacity,2,127,4.810628946870565,0.4013180732727051,0.00011990778148174286,4.810748854652047,0.5457050409168005,True,0.12638212379149308,False
capacity,2,128,4.115979187190533,0.3937340807169676,0.00013993121683597565,4.116119118407369,0.54984538606368,True,0.1215797740162313,False
capacity,2,129,4.1298940777778625,0.40166801773011684,0.00011990778148174286,4.130013985559344,0.5539999660104513,True,0.11257385230587379,False
capacity,2,130,4.152136156335473,0.3873209934681654,0.00012991949915885925,4.152266075834632,0.5581751260906458,True,0.11660983054066275,False
capacity,2,131,4.857287043705583,0.4772809334099293,0.00013015232980251312,4.857417196035385,0.5630587830673903,True,0.11634143298063213,False
capacity,2,132,4.1005900129675865,0.3878220450133085,0.00011990778148174286,4.100709920749068,0.5671838789712638,True,0.12398468170574863,False
capacity,2,133,4.1140541434288025,0.39595714770257473,0.00015995465219020844,4.114214098080993,0.5713218380697072,True,0.12690333218757968,False
capacity,2,134,4.1080128867179155,0.3856678958982229,0.00011990778148174286,4.108132794499397,0.5754535358864814,True,0.11594768611237552,False
capacity,2,135,4.171221982687712,0.39656786248087883,0.000141095370054245,4.171363078057766,0.5796484530437738,True,0.11394002137873527,False
capacity,2,136,4.0846290066838264,0.39146910421550274,0.00012991949915885925,4.084758926182985,0.5837555439211428,True,0.12059795607614639,False
capacity,2,137,4.105689004063606,0.40140794590115547,0.0001501757651567459,4.105839179828763,0.5878844470717013,True,0.11620180798128918,False
capacity,2,138,4.093436058610678,0.3921000752598047,0.00011990778148174286,4.0935559663921595,0.5920009359251708,True,0.1103087842112686,False
capacity,2,139,4.797182977199554,0.3991329576820135,0.000141095370054245,4.797324072569609,0.5968212529551238,True,0.1075219289492138,False
capacity,2,140,4.105147905647755,0.38896501064300537,0.00012014061212539673,4.10526804625988,0.6009497849736363,True,0.1000483861440081,False
capacity,2,141,4.125215113162994,0.4016479942947626,0.00012991949915885925,4.125345032662153,0.6050987150520086,True,0.10134816596965983,False
capacity,2,142,4.345251014456153,0.3838948905467987,0.00012014061212539673,4.345371155068278,0.6094667590223253,True,0.09586298658102299,False
capacity,2,143,4.160261945798993,0.40209898725152016,0.00012991949915885925,4.160391865298152,0.6136502849403769,True,0.16734478960719656,False
capacity,2,144,4.106319975107908,0.39154011756181717,0.00011990778148174286,4.10643988288939,0.6177802588790655,True,0.15658254583296605,False
capacity,2,145,4.112931899726391,0.39926287718117237,0.0001511070877313614,4.113083006814122,0.6219161949120462,True,0.15116745126831577,False
capacity,2,146,4.662078805267811,0.3874809481203556,0.00014016404747962952,4.6622189693152905,0.6266010568942875,True,0.14369639470656095,False
capacity,2,147,4.114726092666388,0.40033599361777306,0.00013993121683597565,4.1148660238832235,0.6307391270529479,True,0.13529686440530653,False
capacity,2,148,4.1418978944420815,0.3982018679380417,0.00013993121683597565,4.142037825658917,0.6349042279180139,True,0.12413894983586604,False
capacity,2,149,4.141235025599599,0.4075488541275263,0.00011106021702289581,4.141346085816622,0.639069298049435,True,0.11840906791980872,False
capacity,2,150,4.928471986204386,0.38819294422864914,0.00013015232980251312,4.928602138534188,0.6440210440196097,True,0.12330916811592185,False
capacity,2,151,4.104617051780224,0.3991338890045881,0.00013993121683597565,4.10475698299706,0.6481504570692778,True,0.1389788728215258,False
capacity,2,152,4.0913119446486235,0.38878386840224266,0.00011012889444828033,4.091422073543072,0.6522657140158117,True,0.1319416762390341,False
capacity,2,153,4.093636060133576,0.39478507824242115,0.0001310836523771286,4.0937671437859535,0.6563830450177193,True,0.13471441734566955,False
capacity,2,154,4.6784598380327225,0.3867000341415405,0.00012014061212539673,4.678579978644848,0.6610852188896388,True,0.12593425649037068,False
capacity,2,155,4.128841916099191,0.3976898733526468,0.00013015232980251312,4.128972068428993,0.6652384069748223,True,0.11692840761517195,False
capacity,2,156,4.11020708270371,0.3842951264232397,0.00013993121683597565,4.110347013920546,0.6693722989875823,True,0.13154092492381922,False
capacity,2,157,4.130354849621654,0.39454386569559574,0.00016111880540847778,4.130515968427062,0.6735266998875886,True,0.12003042060918133,False
capacity,2,158,4.762809025123715,0.3801770508289337,0.00012991949915885925,4.762938944622874,0.6783127929084003,True,0.13417988839601186,False
capacity,2,159,4.136757925152779,0.3938539884984493,0.00012014061212539673,4.136878065764904,0.6824738360010087,True,0.127239171194715,False
capacity,2,160,4.094036063179374,0.38638897240161896,0.00013085082173347473,4.094166914001107,0.6865915369708091,True,0.1262037829953621,False
capacity,2,161,4.1211380157619715,0.40124705992639065,0.00012991949915885925,4.12126793526113,0.6907370008993894,True,0.12862882960627658,False
capacity,2,162,4.777416121214628,0.39119808934628963,0.0001310836523771286,4.777547204867005,0.6955380220897496,True,0.11757234325376918,False
capacity,2,163,4.122760845348239,0.39507588371634483,0.00013015232980251312,4.1228909976780415,0.6996862508822232,True,0.11195252807416448,False
capacity,2,164,4.102372797206044,0.39117899723351,0.00012014061212539673,4.10249293781817,0.7038120878860354,True,0.11042127811397344,False
capacity,2,165,4.112711874768138,0.40234881453216076,0.0001701992005109787,4.112882073968649,0.7079482439439744,True,0.13881171368598016,False
capacity,2,166,4.855534061789513,0.43179490603506565,0.00013993121683597565,4.855673993006349,0.7128268510568887,True,0.12260963040944095,False
capacity,2,167,4.090480040758848,0.4026200622320175,0.00012991949915885925,4.090609960258007,0.7169414770323783,True,0.11482254964703283,False
capacity,2,168,4.091271897777915,0.3904770128428936,0.00011012889444828033,4.091382026672363,0.7210557819344103,True,0.12355881062257179,False
capacity,2,169,4.182975040748715,0.3936430439352989,0.00011990778148174286,4.183094948530197,0.725261318963021,True,0.12176018279457276,False
capacity,2,170,4.3177190236747265,0.4801959730684757,0.00022095628082752228,4.317939979955554,0.7296044260729104,True,0.1174412035504218,False
capacity,2,171,4.131287103518844,0.4011171404272318,0.00012083910405635834,4.1314079426229,0.7337590670213103,True,0.12790109711752595,False
capacity,2,172,4.096821881830692,0.39150891825556755,0.0001310836523771286,4.096952965483069,0.7378801349550486,True,0.1152770160606063,False
capacity,2,173,4.912941949442029,0.4020880442112684,0.00012107193470001221,4.913063021376729,0.7428163909353316,True,0.12103955173380124,False
capacity,2,174,4.094306845217943,0.3937829751521349,0.00013015232980251312,4.094436997547746,0.7469361359253526,True,0.11545171118889216,False
capacity,2,175,4.096562042832375,0.40482403710484505,0.00011990778148174286,4.096681950613856,0.7510562220122665,True,0.12407470205206893,False
capacity,2,176,4.079348873347044,0.38456497713923454,0.000141095370054245,4.079489968717098,0.7551589049398899,True,0.11892012144904376,False
capacity,2,177,4.104777006432414,0.39156898856163025,0.00012014061212539673,4.1048971470445395,0.7592872460372746,True,0.11996574298820244,False
capacity,2,178,4.155022092163563,0.3838450647890568,0.00011990778148174286,4.1551419999450445,0.7634655020665377,True,0.11335806455033573,False
capacity,2,179,4.094307078048587,0.39093801751732826,0.00013993121683597565,4.094447009265423,0.7675827520433813,True,0.10877855394330022,False
capacity,2,180,4.073798889294267,0.38973591290414333,0.00012991949915885925,4.073928808793426,0.7716793238651007,True,0.11512009271105784,False
capacity,2,181,4.43063210695982,0.39889290928840637,0.00012991949915885925,4.430762026458979,0.7761328690685332,True,0.10688633293629457,False
capacity,2,182,4.132038913667202,0.3870308864861727,0.0001501757651567459,4.132189089432359,0.780288873007521,True,0.11961952106103674,False
capacity,2,183,4.097322933375835,0.39409403689205647,0.00011012889444828033,4.097433062270284,0.784409228945151,True,0.11396784049947452,False
capacity,2,184,4.100108053535223,0.38550817407667637,0.00012991949915885925,4.100237973034382,0.7885323399677873,True,0.12420219999747832,False
capacity,2,185,4.094447940587997,0.3953359555453062,0.00012991949915885925,4.094577860087156,0.7926498618908226,True,0.11578143595259872,False
capacity,2,186,4.152728011831641,0.40074693970382214,0.00013993121683597565,4.152867943048477,0.7968267749529332,True,0.12192544576979922,False
capacity,2,187,4.106008913367987,0.40288991294801235,0.0001310836523771286,4.106139997020364,0.800956578925252,True,0.13115584543945508,False
capacity,2,188,4.163397941738367,0.4200930707156658,0.00012991949915885925,4.163527861237526,0.8051441318821162,True,0.12319794882849533,False
capacity,2,189,4.101581173017621,0.39789103902876377,0.00013993121683597565,4.101721104234457,0.8092701190616935,True,0.12101365883486206,False
capacity,2,190,4.154862137511373,0.3960081376135349,0.00012991949915885925,4.154992057010531,0.8134499380830675,True,0.11356491640121415,False
capacity,2,191,4.095599055290222,0.395806971937418,0.0001310836523771286,4.095730138942599,0.8175705240573734,True,0.12202391890444275,False
capacity,2,192,4.0766228921711445,0.3849158529192209,0.0001310836523771286,4.076753975823522,0.8216705219820142,True,0.12083954638784626,False
capacity,2,193,4.0871938690543175,0.3986419178545475,0.00012014061212539673,4.087314009666443,0.8257801888976246,True,0.10653628716329397,False
capacity,2,194,4.141817102208734,0.3993429709225893,0.0001310836523771286,4.141948185861111,0.8299448890611529,True,0.12122579123475058,False
capacity,2,195,4.168016137555242,0.40355208329856396,0.00013993121683597565,4.168156068772078,0.8341362790670246,True,0.1194312785932215,False
capacity,2,196,4.397930111736059,0.39265118539333344,0.00021979212760925293,4.398149903863668,0.8385617809835821,True,0.11748159064595422,False
capacity,2,197,4.630408948287368,0.4040419589728117,0.000141095370054245,4.630550043657422,0.8432187610305846,True,0.12093827444554545,False
capacity,2,198,4.1087542194873095,0.38874312303960323,0.00013085082173347473,4.108885070309043,0.8473555680830032,True,0.11181446903073487,False
capacity,2,199,4.108163062483072,0.39419415406882763,0.00013993121683597565,4.108302993699908,0.8514892689418048,True,0.11976730359816079,False
capacity,2,200,4.098986042663455,0.3819512203335762,0.00012991949915885925,4.099115962162614,0.8556128519121557,True,0.11696897679860128,False
capacity,2,201,4.6638320200145245,0.39610802195966244,0.00012991949915885925,4.663961939513683,0.8602997069247067,True,0.140367807412488,False
capacity,2,202,4.081652965396643,0.3825719468295574,0.00011106021702289581,4.081764025613666,0.8644047749694437,True,0.1358404975080678,False
capacity,2,203,4.091051174327731,0.3905370831489563,0.00016996636986732483,4.0912211406975985,0.8685185990761966,True,0.13600845538416836,False
capacity,2,204,4.084920044988394,0.3803279250860214,0.00013993121683597565,4.08505997620523,0.8726262520067394,True,0.1371408235974102,False
capacity,2,205,4.600102081894875,0.3955070860683918,0.00013993121683597565,4.6002420131117105,0.8772488359827548,True,0.1454434125972017,False
capacity,2,206,4.068247973918915,0.3813698422163725,0.00013015232980251312,4.068378126248717,0.8813399970531464,True,0.13895751454478172,False
capacity,2,207,4.090840928256512,0.3907869104295969,0.00012991949915885925,4.0909708477556705,0.8854531298857182,True,0.13331810670747055,False
capacity,2,208,4.056556150317192,0.38234214298427105,0.00012991949915885925,4.056686069816351,0.8895322480238974,True,0.13342044010552837,False
capacity,2,209,4.6042390167713165,0.3904169425368309,0.00011012889444828033,4.604349145665765,0.8941591300535947,True,0.13638475823190194,False
capacity,2,210,4.059351980686188,0.3811200149357319,0.00013993121683597565,4.059491911903024,0.8982407238800079,True,0.1419655701839907,False
capacity,2,211,4.0722552221268415,0.38837315514683723,0.00012083910405635834,4.072376061230898,0.9023356020916253,True,0.13282632371552297,False
capacity,2,212,4.084357991814613,0.38110907189548016,0.00011990778148174286,4.084477899596095,0.906442672945559,True,0.1276063735575107,False
capacity,2,213,4.671646980568767,0.3916590940207243,0.00012991949915885925,4.6717769000679255,0.9111367929726839,True,0.12118988741138902,False
capacity,2,214,4.0619149804115295,0.3842748701572418,0.00011106021702289581,4.062026040628552,0.9152209199965,True,0.10301835290509269,False
capacity,2,215,4.0950889233499765,0.3917599096894264,0.00013015232980251312,4.095219075679779,0.9193382409866899,True,0.12426611675919734,False
capacity,2,216,4.071754869073629,0.3795770462602377,0.00012014061212539673,4.071875009685755,0.9234322179108858,True,0.1478684227905368,False
capacity,2,217,4.666496999561787,0.39003603160381317,0.00014994293451309204,4.6666469424963,0.9281211670022458,True,0.16735066239629884,False
capacity,2,218,4.063458880409598,0.38237101398408413,0.0001310836523771286,4.0635899640619755,0.9322070989292115,True,0.17620592458076126,False
capacity,2,219,4.075251054018736,0.39200903847813606,0.00013085082173347473,4.075381904840469,0.9363049829844385,True,0.20196222117968982,False
capacity,2,220,4.070071037858725,0.37949602119624615,0.00013085082173347473,4.070201888680458,0.9403973459266126,True,0.23130692396282707,False
capacity,2,221,4.675914999097586,0.38937502540647984,0.00013993121683597565,4.676054930314422,0.9450955928768963,True,0.21427172327601787,False
capacity,2,222,4.071543924510479,0.38316287100315094,0.00013015232980251312,4.0716740768402815,0.9491897400002927,True,0.2190593967667895,False
capacity,2,223,4.056375939399004,0.38939504884183407,0.00012014061212539673,4.056496080011129,0.9532685179729015,True,0.19338620508400614,False
capacity,2,224,4.0774960070848465,0.3819209523499012,0.00012014061212539673,4.077616147696972,0.9573684460483491,True,0.19428823210766946,False
capacity,2,225,4.678047960624099,0.39087701588869095,0.00016111880540847778,4.678209079429507,0.9620690969750285,True,0.17968944422644845,False
capacity,2,226,4.077756078913808,0.382883008569479,0.00012991949915885925,4.077885998412967,0.9661694359965622,True,0.1811390459736695,False
capacity,2,227,4.09065093845129,0.39145885966718197,0.00013015232980251312,4.090781090781093,0.970282498979941,True,0.15761103180426528,False
capacity,2,228,4.073638003319502,0.3823409788310528,0.00014016404747962952,4.0737781673669815,0.9743785890750587,True,0.14655582006703619,False
capacity,2,229,4.662779858335853,0.39519602432847023,0.00013015232980251312,4.662910010665655,0.979063720908016,True,0.14900949089534332,False
capacity,2,230,4.07773582264781,0.3871610388159752,0.00013015232980251312,4.0778659749776125,0.9831640098709613,True,0.1420166601379537,False
capacity,2,231,4.0827051270753145,0.39478507824242115,0.00011106021702289581,4.082816187292337,0.9872694280929863,True,0.13381349112986962,False
capacity,2,232,4.0877650026232,0.3862788435071707,0.000141095370054245,4.087906097993255,0.9913797960616648,True,0.14941977134463846,False
capacity,2,233,4.654564894735813,0.40144799277186394,0.00014994293451309204,4.654714837670326,0.9960564218927175,True,0.13879166497837805,False
capacity,2,234,4.07321797683835,0.38853404112160206,0.00013993121683597565,4.073357908055186,1.0001522118691355,True,0.13873088403839282,False
capacity,2,235,4.07757586799562,0.39695901796221733,0.0001501757651567459,4.0777260437607765,1.0042521099094301,True,0.1366555918598439,False
capacity,2,236,4.0877151768654585,0.3867300692945719,0.00014994293451309204,4.087865119799972,1.0083623870741576,True,0.13287198745015838,False
capacity,2,237,4.6912438701838255,0.39408402517437935,0.00014016404747962952,4.691384034231305,1.0130759729072452,True,0.1356963528189746,False
capacity,2,238,4.0979040786623955,0.38974592462182045,0.00012991949915885925,4.098033998161554,1.0171985330525786,True,0.1582546396846481,False
capacity,2,239,4.088887013494968,0.39615784771740437,0.00012014061212539673,4.089007154107094,1.021311135031283,True,0.15321298999528032,False
capacity,2,240,4.08330699428916,0.38494705222547054,0.00012991949915885925,4.083436913788319,1.0254178759641945,True,0.1417525962698693,False
capacity,2,241,4.232398001477122,0.39906403981149197,0.00013015232980251312,4.232528153806925,1.0296749400440603,True,0.17187801911975506,False
capacity,2,242,4.104035906493664,0.393792986869812,0.00012014061212539673,4.104156047105789,1.0338027509860694,True,0.1282317687382964,False
capacity,2,243,4.122970858588815,0.3988428507000208,0.00013015232980251312,4.123101010918617,1.0379490659106523,True,0.1346056098989641,False
capacity,2,244,4.116449039429426,0.39119808934628963,0.00012991949915885925,4.116578958928585,1.042088377987966,True,0.134842214912196,False
capacity,2,245,4.636530065909028,0.397159019485116,0.00010989606380462646,4.636639961972833,1.0467481019441038,True,0.13171157770079392,False
capacity,2,246,4.091501934453845,0.39044697768986225,0.00011106021702289581,4.091612994670868,1.0508624878711998,True,0.13403491001250006,False
capacity,2,247,4.121679114177823,0.3967690281569958,0.00012991949915885925,4.121809033676982,1.055007189977914,True,0.13564489477931066,False
capacity,2,248,4.384394967928529,0.38461596705019474,0.000141095370054245,4.384536063298583,1.0594149089884013,True,0.13502910992957418,False
capacity,2,249,4.127971129491925,0.3924011252820492,0.00011990778148174286,4.128091037273407,1.0635660530533642,True,0.1269974677203699,False
capacity,2,250,4.054962890222669,0.38188090547919273,0.00014016404747962952,4.055103054270148,1.067643377929926,True,0.1317903125074135,False
capacity,2,251,4.080730956047773,0.39924285374581814,0.00014016404747962952,4.080871120095253,1.0717466820497066,True,0.1334691629168317,False
capacity,2,252,4.447282990440726,0.38992613554000854,0.00010989606380462646,4.447392886504531,1.0762169188819826,True,0.13396881210592534,False
capacity,2,253,4.1215980891138315,0.39254105649888515,0.00013993121683597565,4.1217380203306675,1.0803611900191754,True,0.11285317122981135,False
capacity,2,254,4.0737788658589125,0.38189091719686985,0.00013015232980251312,4.073909018188715,1.0844574419315904,True,0.12461492042459191,False
capacity,2,255,4.092363873496652,0.3913389518857002,0.00011012889444828033,4.0924740023911,1.0885724679101259,True,0.11295368374890016,False
paced_30fps,0,0,3.886153921484947,0.3956470172852278,0.07837801240384579,3.964531933888793,0.003964531933888793,False,,
paced_30fps,0,1,4.657148849219084,0.5009749438613653,0.06282562389969826,4.719974473118782,0.038053307915106416,False,,
paced_30fps,0,2,4.536421969532967,0.47760200686752796,0.06189034320414066,4.598312312737107,0.07126497896388173,False,,
paced_30fps,0,3,4.537913948297501,0.49627688713371754,0.06153690628707409,4.599450854584575,0.10459945094771683,False,,
paced_30fps,0,4,4.558593034744263,0.4718101117759943,0.06086262874305248,4.619455663487315,0.13795278896577656,False,,
paced_30fps,0,5,4.481378011405468,0.4800960887223482,0.060037244111299515,4.5414152555167675,0.17120808199979365,False,,
paced_30fps,0,6,4.430190892890096,0.47748093493282795,0.0599040649831295,4.490094957873225,0.2044900949113071,False,,
paced_30fps,0,7,4.442153964191675,0.47774193808436394,0.058808596804738045,4.500962560996413,0.23783429595641792,False,,
paced_30fps,0,8,4.574433201923966,0.4753170069307089,0.05788425914943218,4.632317461073399,0.2712989840656519,False,,
paced_30fps,0,9,4.063809057697654,0.4906661342829466,0.06203888915479183,4.125847946852446,0.3041258479934186,False,,
paced_30fps,0,10,4.015177953988314,0.468504149466753,0.058468664065003395,4.073646618053317,0.33740697987377644,False,,
paced_30fps,0,11,4.016841063275933,0.47418498434126377,0.05941721610724926,4.0762582793831825,0.37074292497709394,False,,
paced_30fps,0,12,4.65238094329834,0.46789413318037987,0.05946401506662369,4.7118449583649635,0.4047118448652327,False,,
paced_30fps,0,13,4.791612969711423,0.5367628764361143,0.07036165334284306,4.861974623054266,0.43819530797190964,False,,
paced_30fps,0,14,4.819967085495591,0.5078089889138937,0.06831437349319458,4.888281458988786,0.47155494801700115,False,,
paced_30fps,0,15,4.60813706740737,0.5035109352320433,0.06237998604774475,4.670517053455114,0.5046705170534551,False,,
paced_30fps,0,16,4.576175939291716,0.47497591003775597,0.06136554293334484,4.6375414822250605,0.5379708749242127,False,,
paced_30fps,0,17,4.5853841584175825,0.4859771579504013,0.06132223643362522,4.646706394851208,0.5713133730459958,False,,
paced_30fps,0,18,4.802513867616653,0.4837028682231903,0.05923490971326828,4.861748777329922,0.6048617488704622,False,,
paced_30fps,0,19,5.631418200209737,0.4815789870917797,0.061385566368699074,5.692803766578436,0.6390261370688677,False,,
paced_30fps,0,20,5.031295120716095,0.5003339610993862,0.06422819569706917,5.095523316413164,0.67176219006069,False,,
paced_30fps,0,21,4.858178785070777,0.509271863847971,0.060788122937083244,4.91896690800786,0.7049189668614417,False,,
paced_30fps,0,22,4.529419122263789,0.47422503121197224,0.059592537581920624,4.58901165984571,0.7379223450552672,False,,
paced_30fps,0,23,4.565075971186161,0.4814588464796543,0.0615434255450964,4.626619396731257,0.7712932860013098,False,,
paced_30fps,0,24,4.574774065986276,0.5032289773225784,0.06128987297415733,4.636063938960433,0.8046360639855266,False,,
paced_30fps,0,25,4.518497968092561,0.480887945741415,0.06185774691402912,4.58035571500659,0.8379136889707297,False,,
paced_30fps,0,26,4.507206846028566,0.46176183968782425,0.05992036312818527,4.567127209156752,0.8712337939068675,False,,
paced_30fps,0,27,4.552080994471908,0.4848351236432791,0.05853502079844475,4.610616015270352,0.9046106159221381,False,,
paced_30fps,0,28,4.533125087618828,0.46897493302822113,0.05948357284069061,4.592608660459518,0.9379259420093149,False,,
paced_30fps,0,29,4.511894891038537,0.4805170465260744,0.060532474890351295,4.572427365928888,0.9712390939239413,False,,
paced_30fps,0,30,4.534268053248525,0.47700991854071617,0.05990802310407162,4.594176076352596,1.0045941760763526,False,,
paced_30fps,0,31,4.53798403032124,0.4799962043762207,0.061387429013848305,4.599371459335089,1.0379327049013227,False,,
paced_30fps,0,32,4.5283769723027945,0.47060800716280937,0.05989125929772854,4.588268231600523,1.0712549348827451,False,,
paced_30fps,0,33,4.508569138124585,0.49086613580584526,0.06065983325242996,4.569228971377015,1.1045692290645093,False,,
paced_30fps,0,34,4.870963050052524,0.4707491025328636,0.059784622862935066,4.930747672915459,1.1382640809752047,False,,
paced_30fps,0,35,5.647117039188743,0.5118760745972395,0.0646212138235569,5.7117382530122995,1.1723784049972892,True,0.09867628100570769,False
paced_30fps,0,36,4.9777349922806025,0.5001539830118418,0.06318511441349983,5.040920106694102,1.205040920060128,True,0.10720822792043443,False
paced_30fps,0,37,4.842368885874748,0.4772399552166462,0.061258673667907715,4.903627559542656,1.2382369609549642,True,0.10811080120778846,False
paced_30fps,0,38,4.779811017215252,0.471239909529686,0.062076374888420105,4.841887392103672,1.2715085539966822,True,0.09794002680338214,False
paced_30fps,0,39,4.913774086162448,0.48683909699320793,0.06125192157924175,4.97502600774169,1.3049750260543078,True,0.09330792921172189,False
paced_30fps,0,40,4.802984884008765,0.5800549406558275,0.062480801716446877,4.865465685725212,1.3381987989414483,True,0.11389354863753931,False
paced_30fps,0,41,4.855073057115078,0.47996616922318935,0.06263819523155689,4.917711252346635,1.3715843779500574,True,0.10243410176919217,False
paced_30fps,0,42,4.770783009007573,0.47859293408691883,0.062415143474936485,4.83319815248251,1.4048331980593503,True,0.10013680802674275,False
paced_30fps,0,43,4.745587008073926,0.4777319263666868,0.05997670814394951,4.8055637162178755,1.4381388970650733,True,0.09738840972851322,False
paced_30fps,0,44,4.727011080831289,0.46983594074845314,0.06015435792505741,4.787165438756347,1.4714538319967687,True,0.0900686401522396,False
paced_30fps,0,45,4.9665330443531275,0.49047498032450676,0.061723869293928146,5.028256913647056,1.505028256913647,True,0.09297052033876615,False
paced_30fps,0,46,4.907040856778622,0.4651679191738367,0.05964655429124832,4.96668741106987,1.5383000208530575,True,0.10146794338824067,False
paced_30fps,0,47,4.748933017253876,0.47774193808436394,0.060585327446460724,4.8095183447003365,1.571476184995845,True,0.10194585128244446,False
paced_30fps,0,48,4.726791055873036,0.47335284762084484,0.059549929574131966,4.786340985447168,1.6047863410785794,True,0.09784872793187648,False
paced_30fps,0,49,4.773639841005206,0.48218993470072746,0.05960674025118351,4.83324658125639,1.6381665798835456,True,0.10165866225145374,False
paced_30fps,0,50,6.626737071201205,0.5021682009100914,0.0673381146043539,6.694075185805559,1.6733607419300824,True,0.09767585368255959,False
paced_30fps,0,51,4.876513034105301,0.5109340418130159,0.06391899660229683,4.940432030707598,1.7049404319841415,True,0.10202520518791348,False
paced_30fps,0,52,5.190195050090551,0.47058798372745514,0.06217253394424915,5.2523675840348005,1.7385857009794563,True,0.10293830315570833,False
paced_30fps,0,53,5.319789983332157,0.5384960677474737,0.0638423953205347,5.383632378652692,1.7720502989832312,True,0.09533729882267263,False
paced_30fps,0,54,5.218499107286334,0.5524419248104095,0.062987906858325,5.281487014144659,1.8052814870607108,True,0.09578246731301379,False
paced_30fps,0,55,4.6163329388946295,0.4158848896622658,0.04419870674610138,4.660531645640731,1.8379938649013638,True,0.09520280870202227,False
paced_30fps,0,56,5.035814130678773,0.509853009134531,0.061628175899386406,5.097442306578159,1.871764109004289,True,0.1032321201861462,False
paced_30fps,0,57,5.189693998545408,0.45959698036313057,0.38238102570176125,5.5720750242471695,1.905572074931115,True,0.10097255505593446,False
paced_30fps,0,58,5.164126167073846,0.5290091503411531,0.06669154390692711,5.230817710980773,1.9385641510598361,True,0.12603758049725589,False
paced_30fps,0,59,4.953429102897644,0.5088809411972761,0.061869388446211815,5.015298491343856,1.9716819650493562,True,0.11080354931579592,False
paced_30fps,0,60,7.374898996204138,0.6111541297286749,0.06521190516650677,7.440110901370645,2.0074401109013706,True,0.09747163716972657,False
paced_30fps,0,61,7.694911910220981,0.6167639512568712,0.06459862925112247,7.759510539472103,2.0410928439814597,True,0.09831840545314038,False
paced_30fps,0,62,5.115563981235027,0.45038992539048195,0.06977538578212261,5.18533936701715,2.0718520060181618,True,0.11877659976870716,False
paced_30fps,0,63,5.6855499278754,0.6597950123250484,0.070192851126194,5.755742779001594,2.105755742872134,True,0.10489971756353597,False
paced_30fps,0,64,5.429777083918452,0.6458491552621126,0.07131160236895084,5.501088686287403,2.1388344219885767,True,0.10410763521202088,False
paced_30fps,0,65,5.944799864664674,0.631001079455018,0.06626825779676437,6.011068122461438,2.1726777348667383,True,0.0985015858774218,False
paced_30fps,0,66,5.988392047584057,0.6406691391021013,0.06866990588605404,6.057061953470111,2.206057061906904,True,0.10040360321328066,False
paced_30fps,0,67,5.566404899582267,0.6184368394315243,0.06560166366398335,5.63200656324625,2.2389653399586678,True,0.10836302936257436,False
paced_30fps,0,68,7.157027954235673,0.60117500834167,0.06387429311871529,7.220902247354388,2.273887568851933,True,0.10280603450740015,False
paced_30fps,0,69,7.0166930090636015,0.626242021098733,0.06402190774679184,7.080714916810393,2.3070807149633765,True,0.10108876355173606,False
paced_30fps,0,70,4.934272030368447,0.43105287477374077,0.06328779272735119,4.9975598230957985,2.338330893078819,True,0.10124379318715673,False
paced_30fps,0,71,4.98305493965745,0.4943727981299162,0.06400537677109241,5.047060316428542,2.3717137270141393,True,0.10220059225020758,False
paced_30fps,0,72,4.700049990788102,0.49383193254470825,0.061057042330503464,4.761107033118606,2.4047611069399863,True,0.10098701283494832,False
paced_30fps,0,73,4.830827936530113,0.491076847538352,0.04863971844315529,4.8794676549732685,2.4382128010038286,True,0.09439240830807903,False
paced_30fps,0,74,4.834104096516967,0.4636750090867281,0.060188351199030876,4.894292447715998,2.4715609590057284,True,0.10129798254527418,False
paced_30fps,0,75,4.796192049980164,0.4888530820608139,0.06117695011198521,4.857369000092149,2.504857369000092,True,0.1057124851001389,False
paced_30fps,0,76,4.79134195484221,0.47242105938494205,0.062156468629837036,4.853498423472047,2.5381868318654597,True,0.10406753945712349,False
paced_30fps,0,77,4.66342200525105,0.49527501687407494,0.06380537524819374,4.727227380499244,2.571393894031644,True,0.10922135529098168,False
paced_30fps,0,78,4.544186871498823,0.45607099309563637,0.06098696030676365,4.605173831805587,2.604605173924938,True,0.10152766821842386,False
paced_30fps,0,79,4.611192969605327,0.47995615750551224,0.059571582823991776,4.670764552429318,2.6380040978547186,True,0.18283276341792354,False
paced_30fps,0,80,4.6138581819832325,0.47204107977449894,0.0595881137996912,4.673446295782924,2.67134011304006,True,0.1638129791895946,False
paced_30fps,0,81,4.5807259157299995,0.4896849859505892,0.05818204954266548,4.638907965272665,2.7046389079187065,True,0.1440362844382253,False
paced_30fps,0,82,4.78948000818491,0.47102896496653557,0.05805864930152893,4.847538657486439,2.738180872052908,True,0.13917239880186436,False
paced_30fps,0,83,4.787625046446919,0.47706998884677887,0.05858740769326687,4.846212454140186,2.7715128790587187,True,0.13183007083001147,False
paced_30fps,0,84,4.745126003399491,0.47669000923633575,0.05987589247524738,4.805001895874739,2.804805001942441,True,0.12681474579217566,False
paced_30fps,0,85,4.551260033622384,0.4753370303660631,0.05752872675657272,4.608788760378957,2.837942122016102,True,0.1220282859827777,False
paced_30fps,0,86,4.756608046591282,0.4691360518336296,0.06088125519454479,4.817489301785827,2.8714841559994966,True,0.10730338837221146,False
paced_30fps,0,87,4.766015103086829,0.48508611507713795,0.06018695421516895,4.826202057301998,2.9048262019641697,True,0.09734226676713717,False
paced_30fps,0,88,4.71126101911068,0.4686939064413309,0.05928263999521732,4.770543659105897,2.9381038770079613,True,0.10476755816796593,False
paced_30fps,0,89,4.7140170354396105,0.46922592446208,0.059810467064380646,4.773827502503991,2.9714404940605164,True,0.09991691868244629,False
paced_30fps,0,90,4.864750895649195,0.4735838156193495,0.06034807302057743,4.925098968669772,3.0049250989686698,True,0.09241413256099845,False
paced_30fps,0,91,4.769501043483615,0.4827009979635477,0.06061559543013573,4.830116638913751,3.0381634500809014,True,0.09920561052199604,False
paced_30fps,0,92,4.707535030320287,0.4704580642282963,0.059339217841625214,4.766874248161912,3.0714335408993065,True,0.10519280624238624,False
paced_30fps,0,93,4.762437893077731,0.4841838963329792,0.060197897255420685,4.822635790333152,3.1048226358834654,True,0.10295002961626869,False
paced_30fps,0,94,4.746799124404788,0.46777306124567986,0.06058556027710438,4.807384684681892,3.138140717986971,True,0.09755170615445316,False
paced_30fps,0,95,4.5710469130426645,0.4779419396072626,0.05826819688081741,4.629315109923482,3.1712959818542004,True,0.10124772628572977,False
paced_30fps,0,96,4.748431965708733,0.47992588952183723,0.05898601375520229,4.807417979463935,3.204807417932898,True,0.09280711466008808,False
paced_30fps,0,97,4.754764027893543,0.47684996388852596,0.05979463458061218,4.814558662474155,3.2381478920578957,True,0.10790619444433387,False
paced_30fps,0,98,6.192426895722747,0.4882409702986479,0.06294739432632923,6.255374290049076,3.2729220408946276,True,0.11241004212391546,False
paced_30fps,0,99,4.812603117898107,0.4988419823348522,0.06131082773208618,4.873913945630193,3.3048739139921963,True,0.09976702392571819,False
paced_30fps,0,100,4.722964018583298,0.46020885929465294,0.060596736147999763,4.7835607547312975,3.3381168940104544,True,0.09931977963335235,False
paced_30fps,0,101,4.779089940711856,0.4797559231519699,0.059591373428702354,4.838681314140558,3.3715053480118513,True,0.10856157800535414,False
paced_30fps,0,102,4.57297102548182,0.47620898112654686,0.06018904969096184,4.633160075172782,3.4046331599820405,True,0.1008665070647799,False
paced_30fps,0,103,4.58569498732686,0.48025697469711304,0.05953456275165081,4.645229550078511,3.437978562898934,True,0.11894586867766542,False
paced_30fps,0,104,4.808955825865269,0.48982398584485054,0.06023352034389973,4.869189346209168,3.4715358559042215,True,0.11242136799110264,False
paced_30fps,0,105,4.961192840710282,0.4952549934387207,0.05976902320981026,5.020961863920093,3.50502096186392,True,0.10933111787523302,False
paced_30fps,0,106,5.669560050591826,0.4527750425040722,0.052772462368011475,5.722332512959838,3.5390556659549475,True,0.10661265482725385,False
paced_30fps,0,107,5.365957040339708,0.5279961042106152,0.0710443127900362,5.4370013531297445,3.5721036680042744,True,0.10491260938663649,False
paced_30fps,0,108,5.58150396682322,0.5635740235447884,0.06702286191284657,5.648526828736067,3.6056485269218683,True,0.10614257671261675,False
paced_30fps,0,109,4.714388167485595,0.5079891998320818,0.04480755887925625,4.759195726364851,3.638092529028654,True,0.09753327885928688,False
paced_30fps,0,110,4.679962992668152,0.48619811423122883,0.063279177993536,4.743242170661688,3.6714099089149386,True,0.10206846927221692,False
paced_30fps,0,111,4.686013795435429,0.5150418728590012,0.05905912257730961,4.745072918012738,3.7047450728714466,True,0.09539429233440233,False
paced_30fps,0,112,4.307259107008576,0.47547719441354275,0.06205146200954914,4.3693105690181255,3.7377026439644396,True,0.0987490797468883,False
paced_30fps,0,113,4.607526119798422,0.4744860343635082,0.05984329618513584,4.667369415983558,3.771334036020562,True,0.09780065672709487,False
paced_30fps,0,114,4.2421461548656225,0.47952495515346527,0.05995086394250393,4.3020970188081264,3.8043020970653743,True,0.1012125469040487,False
paced_30fps,0,115,4.698347067460418,0.4582139663398266,0.04331674426794052,4.741663811728358,3.8380749970674515,True,0.10919360509549411,False
paced_30fps,0,116,4.9870319198817015,0.5037810187786818,0.06280932575464249,5.049841245636344,3.871716507943347,True,0.11383593602696014,False
paced_30fps,0,117,4.60148393176496,0.49122702330350876,0.06132409907877445,4.662808030843735,3.9046628079377115,True,0.11901253886405354,False
paced_30fps,0,118,4.543093964457512,0.46798307448625565,0.05954760126769543,4.602641565725207,3.9379359749145806,True,0.12830264125767696,False
paced_30fps,0,119,4.294724902138114,0.38782181218266487,0.058562494814395905,4.35328739695251,3.971019953954965,True,0.13093231824712767,False
paced_30fps,0,120,4.566046874970198,0.4728629719465971,0.059030018746852875,4.6250768937170506,4.004625076893717,True,0.12500659540073092,False
paced_30fps,0,121,4.925366025418043,0.4209538456052542,0.04567159339785576,4.971037618815899,4.0383043710608035,True,0.12070731806702453,False
paced_30fps,0,122,5.22037292830646,0.6390870548784733,0.06868131458759308,5.2890542428940535,4.071955720894039,True,0.1147810125393577,False
paced_30fps,0,123,5.3008240647614,0.5237080622464418,0.06344891153275967,5.36427297629416,4.105364273069426,True,0.11729218672550588,False
paced_30fps,0,124,4.908272996544838,0.4775209818035364,0.06332574412226677,4.971598740667105,4.138304932042956,True,0.12466208509979608,False
paced_30fps,0,125,4.902421962469816,0.48245000652968884,0.07276027463376522,4.975182237103581,4.1716418489813805,True,0.12813166072248786,False
paced_30fps,0,126,4.725849023088813,0.47215097583830357,0.06015296094119549,4.786001984030008,4.204786001937464,True,0.12290311601574189,False
paced_30fps,0,127,4.71373600885272,0.39135804399847984,1.0418526362627745,5.755588645115495,4.239088922040537,True,0.12638212379149308,False
paced_30fps,0,128,4.609760129824281,0.4701369907706976,0.058493344113230705,4.6682534739375114,4.271334920078516,True,0.1215797740162313,False
paced_30fps,0,129,4.444218007847667,0.3919699229300022,0.37516793236136436,4.819385940209031,4.304819385986775,True,0.11257385230587379,False
paced_30fps,0,130,4.699830897152424,0.38353377021849155,1.0420128237456083,5.741843720898032,4.339075176976621,True,0.11660983054066275,False
paced_30fps,0,131,4.56821103580296,0.4750059451907873,0.06007729098200798,4.628288326784968,4.371294955024496,True,0.11634143298063213,False
paced_30fps,0,132,4.453385015949607,0.38842414505779743,0.0577589962631464,4.511144012212753,4.4045111439190805,True,0.12398468170574863,False
paced_30fps,0,133,4.715309012681246,0.4808679223060608,0.04856870509684086,4.763877717778087,4.4380972110666335,True,0.12690333218757968,False
paced_30fps,0,134,4.527806071564555,0.426646089181304,0.05874433554708958,4.586550407111645,4.471253216965124,True,0.11594768611237552,False
paced_30fps,0,135,4.8106389585882425,0.5083889700472355,0.05933293141424656,4.869971890002489,4.5048699718900025,True,0.11394002137873527,False
paced_30fps,0,136,5.009014159440994,0.46777306124567986,0.05840742960572243,5.067421589046717,4.538400755031034,True,0.12059795607614639,False
paced_30fps,0,137,4.577068146318197,0.5636732093989849,0.07458520121872425,4.6516533475369215,4.5713183199986815,True,0.11620180798128918,False
paced_30fps,0,138,4.594369791448116,0.4970179870724678,0.06008497439324856,4.654454765841365,4.604654454858974,True,0.1103087842112686,False
paced_30fps,0,139,4.858840024098754,0.4816290456801653,0.05952059291303158,4.9183606170117855,4.638251693919301,True,0.1075219289492138,False
paced_30fps,0,140,4.750114865601063,0.47193095088005066,0.06143026985228062,4.811545135453343,4.67147821187973,True,0.1000483861440081,False
paced_30fps,0,141,5.504579050466418,0.6152719724923372,0.3776040393859148,5.882183089852333,4.705882183043286,True,0.10134816596965983,False
paced_30fps,0,142,4.679922945797443,0.5357309710234404,0.061263563111424446,4.741186508908868,4.73807451990433,True,0.09586298658102299,False
paced_30fps,0,143,4.934672964736819,0.5879299715161324,0.06374530494213104,4.99841826967895,4.7716650848742574,True,0.16734478960719656,False
paced_30fps,0,144,4.5466001611202955,0.47501595690846443,0.060055870562791824,4.606656031683087,4.804606656078249,True,0.15658254583296605,False
paced_30fps,0,145,4.601584980264306,0.4992720205336809,0.05924073047935963,4.660825710743666,4.837994158966467,True,0.15116745126831577,False
paced_30fps,0,146,4.9094450660049915,0.5836710333824158,0.060460297390818596,4.96990536339581,4.871636572061107,True,0.14369639470656095,False
paced_30fps,0,147,5.195224890485406,0.4536460619419813,0.064504100009799,5.259728990495205,4.905259728897363,True,0.13529686440530653,False
paced_30fps,0,148,4.759573144838214,0.4733339883387089,0.061314553022384644,4.820887697860599,4.938154221046716,True,0.12413894983586604,False
paced_30fps,0,149,4.765653982758522,0.47817197628319263,0.05987938493490219,4.825533367693424,4.971492199925706,True,0.11840906791980872,False
paced_30fps,0,150,4.7619768884032965,0.47743087634444237,0.06040697917342186,4.822383867576718,5.004822383867577,True,0.12330916811592185,False
paced_30fps,0,151,4.725297912955284,0.47892401926219463,0.0597925391048193,4.785090452060103,5.038118423894048,True,0.1389788728215258,False
paced_30fps,0,152,6.210301071405411,0.5981491412967443,0.06581027992069721,6.276111351326108,5.072942778002471,True,0.1319416762390341,False
paced_30fps,0,153,4.642881918698549,0.49971300177276134,0.06018695421516895,4.703068872913718,5.104703068966046,True,0.13471441734566955,False
paced_30fps,0,154,4.814366111531854,0.4709491040557623,0.059231650084257126,4.873597761616111,5.138206931063905,True,0.12593425649037068,False
paced_30fps,0,155,4.732111003249884,0.4787340294569731,0.05922815762460232,4.791339160874486,5.171458005905151,True,0.11692840761517195,False
paced_30fps,0,156,4.781674826517701,0.49115694127976894,0.06074807606637478,4.842422902584076,5.204842422856018,True,0.13154092492381922,False
paced_30fps,0,157,4.785602213814855,0.4803161136806011,0.05933246575295925,4.844934679567814,5.238178268074989,True,0.12003042060918133,False
paced_30fps,0,158,4.732701927423477,0.4686950705945492,0.06104237399995327,4.79374430142343,5.271460410906002,True,0.13417988839601186,False
paced_30fps,0,159,4.5836609788239,0.4868688993155956,0.0613899901509285,4.645050968974829,5.304645051015541,True,0.127239171194715,False
paced_30fps,0,160,4.632283002138138,0.47659012489020824,0.061296625062823296,4.693579627200961,5.338026912882924,True,0.1262037829953621,False
paced_30fps,0,161,5.459384061396122,0.5255020223557949,0.06513018161058426,5.524514243006706,5.3721911809407175,True,0.12862882960627658,False
paced_30fps,0,162,6.73110387288034,0.5461908876895905,0.0648770947009325,6.795980967581272,5.406795980874449,True,0.11757234325376918,False
paced_30fps,0,163,4.9462649039924145,0.48687891103327274,0.046098604798316956,4.992363508790731,5.438325696857646,True,0.11195252807416448,False
paced_30fps,0,164,6.5846971701830626,0.5110639613121748,0.07565133273601532,6.660348502919078,5.4733270150609314,True,0.11042127811397344,False
paced_30fps,0,165,5.851744208484888,0.7779879961162806,0.07049785926938057,5.922242067754269,5.505922242067754,True,0.13881171368598016,False
paced_30fps,0,166,5.732308840379119,0.6331449840217829,0.06734859198331833,5.799657432362437,5.53913299087435,True,0.12260963040944095,False
paced_30fps,0,167,7.471762131899595,0.6190291605889797,0.06724521517753601,7.539007347077131,5.574205673998222,True,0.11482254964703283,False
paced_30fps,0,168,7.350713945925236,0.6132579874247313,0.06464682519435883,7.415360771119595,5.607415360864252,True,0.12355881062257179,False
paced_30fps,0,169,5.4220829624682665,0.5201620515435934,0.05689961835741997,5.4789825808256865,5.638812315883115,True,0.12176018279457276,False
paced_30fps,0,170,5.53136900998652,0.47305296175181866,0.06753625348210335,5.598905263468623,5.6722655720077455,True,0.1174412035504218,False
paced_30fps,0,171,6.544220959767699,0.670434907078743,0.3826781176030636,6.926899077370763,5.706926899030805,True,0.12790109711752595,False
paced_30fps,0,172,5.775519879534841,0.6548459641635418,0.05199061706662178,5.827510496601462,5.739160843892023,True,0.1152770160606063,False
paced_30fps,0,173,6.354101933538914,0.6532128900289536,0.06703636609017849,6.421138299629092,5.773087804904208,True,0.12103955173380124,False
paced_30fps,0,174,5.260508041828871,0.4719709977507591,0.06280490197241306,5.323312943801284,5.805323312990367,True,0.11545171118889216,False
paced_30fps,0,175,5.718742962926626,0.739595852792263,0.0549068208783865,5.773649783805013,5.839106983039528,True,0.12407470205206893,False
paced_30fps,0,176,4.30942396633327,0.40471390821039677,0.06075436249375343,4.3701783288270235,5.871036845026538,True,0.11892012144904376,False
paced_30fps,0,177,4.634536104276776,0.4214150831103325,0.0609119888395071,4.695448093116283,5.904695447999984,True,0.11996574298820244,False
paced_30fps,0,178,5.100446054711938,0.598259037360549,0.06352365016937256,5.1639697048813105,5.938497303053737,True,0.11335806455033573,False
paced_30fps,0,179,5.261810962110758,0.5109850317239761,0.06594439037144184,5.3277553524822,5.971994421910495,True,0.10877855394330022,False
paced_30fps,0,180,6.129167973995209,0.4418841563165188,0.06369687616825104,6.19286485016346,6.0061928648501635,True,0.11512009271105784,False
paced_30fps,0,181,4.970108857378364,0.5116749089211226,0.06307358853518963,5.033182445913553,6.038366515887901,True,0.10688633293629457,False
paced_30fps,0,182,4.687426844611764,0.4890640266239643,0.06146635860204697,4.748893203213811,6.071415559854358,True,0.11961952106103674,False
paced_30fps,0,183,4.762968979775906,0.5114448722451925,0.059990910813212395,4.822959890589118,6.104822959983721,True,0.11396784049947452,False
paced_30fps,0,184,5.465755937620997,0.4563308320939541,0.051551731303334236,5.517307668924332,6.138850640971214,True,0.12420219999747832,False
paced_30fps,0,185,5.102108931168914,0.4476248286664486,0.7154312916100025,5.817540222778916,6.172484206967056,True,0.11578143595259872,False
paced_30fps,0,186,5.049569997936487,0.5182081367820501,0.061854952946305275,5.1114249508827925,6.205111424904317,True,0.12192544576979922,False
paced_30fps,0,187,5.070059094578028,0.5220959428697824,0.0636945478618145,5.133753642439842,6.238467087037861,True,0.13115584543945508,False
paced_30fps,0,188,5.099804839119315,0.4247608594596386,1.7106104642152786,6.810415303334594,6.273477081907913,True,0.12319794882849533,False
paced_30fps,0,189,5.169986980035901,0.4404208157211542,0.06281700916588306,5.232803989201784,6.305232804035768,True,0.12101365883486206,False
paced_30fps,0,190,5.405601812526584,0.4374859854578972,0.05167280323803425,5.457274615764618,6.338790607871488,True,0.11356491640121415,False
paced_30fps,0,191,6.946088979020715,0.5602368619292974,0.06959331221878529,7.0156822912395,6.37368234898895,True,0.12202391890444275,False
paced_30fps,0,192,5.958114983513951,0.5973479710519314,0.06589316762983799,6.024008151143789,6.4060240080580115,True,0.12083954638784626,False
paced_30fps,0,193,5.435098195448518,0.5068371538072824,0.06463751196861267,5.4997357074171305,6.4388330690562725,True,0.10653628716329397,False
paced_30fps,0,194,5.159948952496052,0.504982890561223,0.06419350393116474,5.2241424564272165,6.47189080901444,True,0.12122579123475058,False
paced_30fps,0,195,5.411311984062195,0.44985883869230747,0.06582401692867279,5.477136000990868,6.505477136000991,True,0.1194312785932215,False
paced_30fps,0,196,5.4804140236228704,0.5056350491940975,0.06404658779501915,5.54446061141789,6.5388777940534055,True,0.11748159064595422,False
paced_30fps,0,197,5.2287280559539795,0.5245599895715714,0.0685923732817173,5.297320429235697,6.57196398708038,True,0.12093827444554545,False
paced_30fps,0,198,5.215974058955908,0.5460800603032112,0.0672568567097187,5.2832309156656265,6.605283231008798,True,0.11181446903073487,False
paced_30fps,0,199,5.267249885946512,0.44403690844774246,0.05064276047050953,5.317892646417022,6.638651225948706,True,0.11976730359816079,False
paced_30fps,0,200,5.233757896348834,0.6303898990154266,0.0691732857376337,5.302931182086468,6.671969597926363,True,0.11696897679860128,False
paced_30fps,0,201,5.381537135690451,0.5287281237542629,0.06777793169021606,5.449315067380667,6.7054493150208145,True,0.140367807412488,False
paced_30fps,0,202,5.2913459949195385,0.6226750556379557,0.049610622227191925,5.34095661714673,6.738674290012568,True,0.1358404975080678,False
paced_30fps,0,203,4.893495934084058,0.42602396570146084,0.0628824345767498,4.956378368660808,6.771623044973239,True,0.13600845538416836,False
paced_30fps,0,204,4.803254967555404,0.4210351034998894,0.06016390398144722,4.863418871536851,6.804863418918103,True,0.1371408235974102,False
paced_30fps,0,205,4.875532118603587,0.41064503602683544,0.04587369039654732,4.9214058090001345,6.838254739064723,True,0.1454434125972017,False
paced_30fps,0,206,5.061031086370349,0.4960161168128252,0.06297323852777481,5.124004324898124,6.871790671022609,True,0.13895751454478172,False
paced_30fps,0,207,5.3408099338412285,0.4755479749292135,0.06219814531505108,5.40300807915628,6.905403007986024,True,0.13331810670747055,False
paced_30fps,0,208,5.0662418361753225,0.5207729991525412,0.04724669270217419,5.113488528877497,6.938446821877733,True,0.13342044010552837,False
paced_30fps,0,209,5.27001591399312,0.5197608843445778,0.06338441744446754,5.333400331437588,6.97200006688945,True,0.13638475823190194,False
paced_30fps,0,210,4.9208770506083965,0.4731421358883381,0.06364192813634872,4.984518978744745,7.004984518978745,True,0.1419655701839907,False
paced_30fps,0,211,5.0675340462476015,0.4709491040557623,0.04468252882361412,5.112216575071216,7.038445550017059,True,0.13282632371552297,False
paced_30fps,0,212,5.102039081975818,0.4715900868177414,0.06325426511466503,5.165293347090483,7.071831959998235,True,0.1276063735575107,False
paced_30fps,0,213,5.119542125612497,0.45386701822280884,0.06637675687670708,5.185918882489204,7.1051859189756215,True,0.12118988741138902,False
paced_30fps,0,214,5.0591579638421535,0.5141100846230984,0.05179666914045811,5.110954632982612,7.138444287935272,True,0.10301835290509269,False
paced_30fps,0,215,5.00852195546031,0.5143808666616678,0.06287428550422192,5.071396240964532,7.171738062985241,True,0.12426611675919734,False
paced_30fps,0,216,5.268622888252139,0.5326250102370977,0.06554601714015007,5.334168905392289,7.205334168858826,True,0.1478684227905368,False
paced_30fps,0,217,5.276006879284978,0.5295388400554657,0.049983616918325424,5.325990496203303,7.238659323891625,True,0.16735066239629884,False
paced_30fps,0,218,5.2700459491461515,0.4394799470901489,0.06551947444677353,5.335565423592925,7.272002232028171,True,0.17620592458076126,False
paced_30fps,0,219,5.5753320921212435,0.5372539162635803,0.06703892722725868,5.642371019348502,7.305642371065915,True,0.20196222117968982,False
paced_30fps,0,220,4.677558084949851,0.4859170876443386,0.062146689742803574,4.739704774692655,7.338073038030416,True,0.23130692396282707,False
paced_30fps,0,221,4.6134269796311855,0.48364303074777126,0.06317533552646637,4.676602315157652,7.371343269012868,True,0.21427172327601787,False
paced_30fps,0,222,4.854751983657479,0.47604809515178204,0.06073806434869766,4.915490048006177,7.404915489954874,True,0.2190593967667895,False
paced_30fps,0,223,4.935183795168996,0.4951339215040207,0.08459971286356449,5.01978350803256,7.438353116856888,True,0.19338620508400614,False
paced_30fps,0,224,4.6500160824507475,0.47717103734612465,0.059248413890600204,4.709264496341348,7.471375931054354,True,0.19428823210766946,False
paced_30fps,0,225,4.585684975609183,0.4899650812149048,0.059274956583976746,4.64495993219316,7.504644959932193,True,0.17968944422644845,False
paced_30fps,0,226,4.518568050116301,0.46632997691631317,0.05870056338608265,4.577268613502383,7.53791060205549,True,0.1811390459736695,False
paced_30fps,0,227,4.456620896235108,0.39557693526148796,0.05740532651543617,4.5140262227505445,7.571180692873895,True,0.15761103180426528,False
paced_30fps,0,228,4.955261945724487,0.5060748662799597,0.06062793545424938,5.015889881178737,7.605015889974311,True,0.14655582006703619,False
paced_30fps,0,229,4.309303127229214,0.4140411037951708,0.046989647671580315,4.356292774900794,7.63768962607719,True,0.14900949089534332,False
paced_30fps,0,230,4.666216904297471,0.4809380043298006,0.059078214690089226,4.72529511898756,7.671391961863264,True,0.1420166601379537,False
paced_30fps,0,231,4.66365204192698,0.4980000667273998,0.05995691753923893,4.723608959466219,7.7047236089129,True,0.13381349112986962,False
paced_30fps,0,232,4.661888116970658,0.4907760303467512,0.060565536841750145,4.7224536538124084,7.738055787049234,True,0.14941977134463846,False
paced_30fps,0,233,4.5799328945577145,0.4884118679910898,0.06049242801964283,4.640425322577357,7.771307091927156,True,0.13879166497837805,False
paced_30fps,0,234,4.6363400761038065,0.4916780162602663,0.06189080886542797,4.6982308849692345,7.804698230931535,True,0.13873088403839282,False
paced_30fps,0,235,4.666056018322706,0.491878017783165,0.059814658015966415,4.725870676338673,7.838059203932062,True,0.1366555918598439,False
paced_30fps,0,236,4.956264048814774,0.5055239889770746,0.0614142045378685,5.017678253352642,7.871684344951063,True,0.13287198745015838,False
paced_30fps,0,237,4.5836609788239,0.4846048541367054,0.06377510726451874,4.647436086088419,7.904647435992956,True,0.1356963528189746,False
paced_30fps,0,238,4.591034026816487,0.4765191115438938,0.06217951886355877,4.653213545680046,7.937986546894535,True,0.1582546396846481,False
paced_30fps,0,239,4.587637959048152,0.48314197920262814,0.06188545376062393,4.649523412808776,7.971316189970821,True,0.15321298999528032,False
paced_30fps,0,240,4.232659004628658,0.479644862934947,0.06194203160703182,4.29460103623569,8.004294601036236,True,0.1417525962698693,False
paced_30fps,0,241,4.661527927964926,0.48257107846438885,0.062159495428204536,4.72368742339313,8.03805702086538,True,0.17187801911975506,False
paced_30fps,0,242,4.6495250426232815,0.47302315942943096,0.06215623579919338,4.711681278422475,8.071378347929567,True,0.1282317687382964,False
paced_30fps,0,243,4.640708910301328,0.4892740398645401,0.06007892079651356,4.700787831097841,8.10470078792423,True,0.1346056098989641,False
paced_30fps,0,244,4.614389035850763,0.4707688931375742,0.061648664996027946,4.676037700846791,8.138009371003136,True,0.134842214912196,False
paced_30fps,0,245,4.712373949587345,0.39675901643931866,1.7090942710638046,6.42146822065115,8.173088134964928,True,0.13171157770079392,False
paced_30fps,0,246,4.627122078090906,0.4804469645023346,0.06173294968903065,4.688855027779937,8.204688854981214,True,0.13403491001250006,False
paced_30fps,0,247,4.550126846879721,0.48099784180521965,0.06123865023255348,4.611365497112274,8.237944698892534,True,0.13564489477931066,False
paced_30fps,0,248,4.523677984252572,0.46687107533216476,0.059762271121144295,4.583440255373716,8.271250106859952,True,0.13502910992957418,False
paced_30fps,0,249,4.5908240135759115,0.490986043587327,0.06146286614239216,4.652286879718304,8.304652286926284,True,0.1269974677203699,False
paced_30fps,0,250,4.820427158847451,0.4742750898003578,0.06191059947013855,4.88233775831759,8.33821567101404,True,0.1317903125074135,False
paced_30fps,0,251,4.562139976769686,0.4831920377910137,0.061596278101205826,4.623736254870892,8.371290402952582,True,0.1334691629168317,False
paced_30fps,0,252,4.502898082137108,0.4560810048133135,0.0588779803365469,4.561776062473655,8.404561775969341,True,0.13396881210592534,False
paced_30fps,0,253,4.894257057458162,0.4982398822903633,0.060187652707099915,4.954444710165262,8.43828777805902,True,0.11285317122981135,False
paced_30fps,0,254,4.609179217368364,0.4770010709762573,0.062067294493317604,4.671246511861682,8.471337913069874,True,0.12461492042459191,False
paced_30fps,0,255,4.580745007842779,0.4949138965457678,0.060101039707660675,4.64084604755044,8.50464084604755,True,0.11295368374890016,False
