mode,repeat,frame,processing_ms,read_decode_ms,queue_ms,end_to_end_ms,elapsed_s,score,alarm_active,valid_score
capacity,0,0,7.079325849190354,0.3155739977955818,0.0001902226358652115,7.07951607182622,0.007094213971868157,,,False
capacity,0,1,7.561743957921863,0.3327659796923399,0.0002009328454732895,7.561944890767336,0.014680013991892338,,,False
capacity,0,2,7.121626054868102,0.30637718737125397,0.00013993121683597565,7.121765986084938,0.02182544395327568,,,False
capacity,0,3,7.046714890748262,0.30762888491153717,0.00011990778148174286,7.046834798529744,0.028894590912386775,,,False
capacity,0,4,7.798059144988656,0.30632619746029377,0.00012991949915885925,7.798189064487815,0.03671457106247544,,,False
capacity,0,5,7.042387034744024,0.3071280661970377,0.00013993121683597565,7.04252696596086,0.043779429979622364,,,False
capacity,0,6,7.862850092351437,0.3054148983210325,0.00010989606380462646,7.862959988415241,0.05166469211690128,,,False
capacity,0,7,7.059057941660285,0.30815997160971165,0.00012991949915885925,7.059187861159444,0.05874631297774613,,,False
capacity,0,8,7.5222100131213665,0.30470406636595726,0.00013993121683597565,7.5223499443382025,0.06629046401940286,,,False
capacity,0,9,7.085517980158329,0.29967399314045906,0.00013993121683597565,7.085657911375165,0.07340215099975467,,,False
capacity,0,10,7.0351120084524155,0.2956960815936327,0.00013085082173347473,7.035242859274149,0.08045955491252244,,,False
capacity,0,11,7.357750087976456,0.2994330134242773,0.00014086253941059113,7.357890950515866,0.0878393470775336,,,False
capacity,0,12,7.0414249785244465,0.3003759775310755,0.00014016404747962952,7.041565142571926,0.09490289306268096,,,False
capacity,0,13,7.8061840031296015,0.29888306744396687,0.00013993121683597565,7.8063239343464375,0.10273159900680184,,,False
capacity,0,14,7.044130004942417,0.3015180118381977,0.00012014061212539673,7.0442501455545425,0.1097979610785842,,,False
capacity,0,15,8.143698796629906,0.30458299443125725,0.0001310836523771286,8.143829880282283,0.11796387191861868,,,False
capacity,0,16,7.316643139347434,0.30652713030576706,0.00013993121683597565,7.31678307056427,0.12530332803726196,,,False
capacity,0,17,7.909899111837149,0.30774902552366257,0.00013993121683597565,7.910039043053985,0.1332413600757718,,,False
capacity,0,18,7.3361690156161785,0.3131700213998556,0.0001601874828338623,7.336329203099012,0.14060128410346806,,,False
capacity,0,19,7.926720893010497,0.3086200449615717,0.000141095370054245,7.926861988380551,0.1485510489437729,,,False
capacity,0,20,7.318627089262009,0.3114868886768818,0.00015995465219020844,7.318787043914199,0.15589231811463833,,,False
capacity,0,21,7.313766982406378,0.3086209762841463,0.00013015232980251312,7.31389713473618,0.16322841704823077,,,False
capacity,0,22,8.092361968010664,0.3170568961650133,0.00011012889444828033,8.092472096905112,0.1713434220291674,,,False
capacity,0,23,7.3217530734837055,0.30898209661245346,0.00011990778148174286,7.321872981265187,0.17868794803507626,,,False
capacity,0,24,8.06766701862216,0.30898209661245346,0.00014994293451309204,8.067816961556673,0.1867782969493419,,,False
capacity,0,25,7.317173993214965,0.30950293876230717,0.00013015232980251312,7.317304145544767,0.19411817309446633,,,False
capacity,0,26,8.078044978901744,0.32072304747998714,0.00012107193470001221,8.078166050836444,0.20221926202066243,,,False
capacity,0,27,7.332412991672754,0.32802787609398365,0.00013993121683597565,7.33255292288959,0.20957452803850174,,,False
capacity,0,28,8.02284199744463,0.32318802550435066,0.00015087425708770752,8.022992871701717,0.21761964191682637,,,False
capacity,0,29,7.3528410866856575,0.32208720222115517,0.00012991949915885925,7.352971006184816,0.22499524499289691,,,False
capacity,0,30,7.354434113949537,0.32756710425019264,0.00013993121683597565,7.354574045166373,0.23237451608292758,,,False
capacity,0,31,8.103162981569767,0.33003208227455616,0.00013993121683597565,8.103302912786603,0.24050240498036146,,,False
capacity,0,32,7.645522011443973,0.32279803417623043,0.00014016404747962952,7.645662175491452,0.24817222310230136,,,False
capacity,0,33,7.420548005029559,0.3293899353593588,0.0001310836523771286,7.420679088681936,0.2556164760608226,,,False
capacity,0,34,7.351609179750085,0.32104412093758583,0.00011990778148174286,7.351729087531567,0.26299100811593235,,,False
capacity,0,35,8.174135815352201,0.3279468510299921,0.000141095370054245,8.174276910722256,0.27118797693401575,0.030731565885041983,False,True
capacity,0,36,7.407052908092737,0.3241999074816704,0.00013993121683597565,7.407192839309573,0.27861839393153787,0.027993174178445313,False,True
capacity,0,37,8.149841101840138,0.32113492488861084,0.00012991949915885925,8.149971021339297,0.28679066710174084,0.011364222933392816,False,True
capacity,0,38,7.4777458794415,0.32080383971333504,0.0001310836523771286,7.477876963093877,0.29429147695191205,0.016688387977470368,False,True
capacity,0,39,8.247965946793556,0.334789976477623,0.00012991949915885925,8.248095866292715,0.30257687298581004,0.025217064279891798,False,True
capacity,0,40,7.429584860801697,0.32322807237505913,0.0001310836523771286,7.429715944454074,0.31003451091237366,0.01902506522604528,False,True
capacity,0,41,8.181490935385227,0.3289589658379555,0.00013993121683597565,8.181630866602063,0.3182411789894104,0.027472198731281615,False,True
capacity,0,42,7.381614996120334,0.3250220324844122,0.00011990778148174286,7.381734903901815,0.32564692897722125,0.032559057592488644,False,True
capacity,0,43,8.161092875525355,0.32014306634664536,0.00013015232980251312,8.161223027855158,0.3338313759304583,0.09043788797739899,False,True
capacity,0,44,7.407994009554386,0.3190001007169485,0.00011990778148174286,7.408113917335868,0.3412628339137882,0.06951305830105636,False,True
capacity,0,45,7.99086201004684,0.3235889598727226,0.00014016404747962952,7.991002174094319,0.34927665907889605,0.04660438993269901,False,True
capacity,0,46,7.398657035082579,0.3246809355914593,0.0001310836523771286,7.398788118734956,0.356698390096426,0.04581220054521863,False,True
capacity,0,47,7.709712954238057,0.3210650756955147,0.00012991949915885925,7.709842873737216,0.36443078494630754,0.028875946312162597,False,True
capacity,0,48,7.461274974048138,0.31930115073919296,0.00013993121683597565,7.461414905264974,0.3719148728996515,0.02373737138825199,False,True
capacity,0,49,7.572575006633997,0.39822980761528015,0.0001601874828338623,7.572735194116831,0.37951646209694445,0.01786935094118738,False,True
capacity,0,50,8.146173786371946,0.3210548311471939,0.00013015232980251312,8.146303938701749,0.38768679089844227,0.06740871747139356,False,True
capacity,0,51,7.379712071269751,0.32386998645961285,0.00012991949915885925,7.3798419907689095,0.3950907690450549,0.0485309843730142,False,True
capacity,0,52,8.08228412643075,0.3284080885350704,0.00015995465219020844,8.08244408108294,0.4031961860600859,0.03972178171759727,False,True
capacity,0,53,7.428963901475072,0.3284378908574581,0.00014016404747962952,7.4291040655225515,0.41065004700794816,0.08990713321641691,False,True
capacity,0,54,8.157155010849237,0.3213949967175722,0.00013993121683597565,8.157294942066073,0.41883037495426834,0.06294411015760248,False,True
capacity,0,55,7.397855864837766,0.32184598967432976,0.00013993121683597565,7.397995796054602,0.42625224590301514,0.05650344182194629,False,True
capacity,0,56,8.014054968953133,0.3266839776188135,0.0001310836523771286,8.01418605260551,0.434289385098964,0.04129944337726928,False,True
capacity,0,57,7.405109005048871,0.3192611038684845,0.00015995465219020844,7.405268959701061,0.4417451189365238,0.033200391073132426,False,True
capacity,0,58,8.025065995752811,0.31898985616862774,0.0001310836523771286,8.025197079405189,0.44979363004677,0.023305598641106717,False,True
capacity,0,59,7.420809008181095,0.3192510921508074,0.00014994293451309204,7.420958951115608,0.4572380930185318,0.020620783349587637,False,True
capacity,0,60,7.393897976726294,0.32444996759295464,0.000141095370054245,7.394039072096348,0.4646551350597292,0.07851600694364651,False,True
capacity,0,61,7.433603052049875,0.31877984292805195,0.00013015232980251312,7.433733204379678,0.47211242211051285,0.06806592054096025,False,True
capacity,0,62,7.394819986075163,0.3228678833693266,0.00010011717677116394,7.394920103251934,0.47953006508760154,0.0852524137298251,False,True
capacity,0,63,8.155081188306212,0.3185090608894825,0.00014086253941059113,8.155222050845623,0.4877080391161144,0.06796829822030903,False,True
capacity,0,64,7.395450957119465,0.32099499367177486,0.00013993121683597565,7.395590888336301,0.4951266229618341,0.04837601452770828,False,True
capacity,0,65,8.14680615440011,0.3250220324844122,0.00011990778148174286,8.146926062181592,0.5032966930884868,0.036779213956107705,False,True
capacity,0,66,7.3779679369181395,0.31927088275551796,0.0001310836523771286,7.378099020570517,0.5107039259746671,0.05061990357904471,False,True
capacity,0,67,8.185799000784755,0.32022292725741863,0.00014994293451309204,8.185948943719268,0.5189125679899007,0.04473850559421747,False,True
capacity,0,68,7.379430811852217,0.3208338748663664,0.00013015232980251312,7.379560964182019,0.5263155729044229,0.0499500364137376,False,True
capacity,0,69,8.06722603738308,0.32008299604058266,0.00012991949915885925,8.067355956882238,0.534406031947583,0.040618522388962325,False,True
capacity,0,70,7.398095913231373,0.3191910218447447,0.00014016404747962952,7.3982360772788525,0.5418275319971144,0.035808725585538645,False,True
capacity,0,71,7.9989368095994,0.3216459881514311,0.00012014061212539673,7.999056950211525,0.5498493819031864,0.036142949006374034,False,True
capacity,0,72,7.39711313508451,0.32025203108787537,0.00013085082173347473,7.397243985906243,0.5572700500488281,0.02067107353090078,False,True
capacity,0,73,7.402262883260846,0.32522203400731087,0.000141095370054245,7.4024039786309,0.5646952269598842,0.03934089894247712,False,True
capacity,0,74,7.441106950864196,0.3181290812790394,0.00014994293451309204,7.441256893798709,0.5721596379298717,0.031754077185691926,False,True
capacity,0,75,7.4085150845348835,0.3230778966099024,0.0001310836523771286,7.408646168187261,0.5795911271125078,0.05165872044870697,False,True
capacity,0,76,8.148659020662308,0.3174880985170603,0.00013993121683597565,8.148798951879144,0.5877635609358549,0.1251241242790207,False,True
capacity,0,77,7.382416166365147,0.31741708517074585,0.00012991949915885925,7.3825460858643055,0.5951697421260178,0.06531177134114761,False,True
capacity,0,78,8.145672967657447,0.3230879083275795,0.0001310836523771286,8.145804051309824,0.6033381579909474,0.011156709164468075,False,True
capacity,0,79,7.384890923276544,0.3172769211232662,0.000141095370054245,7.385032018646598,0.6107462330255657,0.04101195359927394,False,True
capacity,0,80,8.4367620293051,0.5726378876715899,0.00015995465219020844,8.43692198395729,0.6192056071013212,0.08986073654790822,False,True
capacity,0,81,7.6225979719311,0.5451960023492575,0.0001511070877313614,7.622749079018831,0.6268510380759835,0.04698264294148216,False,True
capacity,0,82,8.390564005821943,0.5551350768655539,0.00012083910405635834,8.390684844926,0.6352641149424016,0.047745953443773616,False,True
capacity,0,83,7.570881163701415,0.4985881969332695,0.00014086253941059113,7.571022026240826,0.6428582700900733,0.0807362181776623,False,True
capacity,0,84,8.373121032491326,0.5009728483855724,0.0001511070877313614,8.373272139579058,0.6512542041018605,0.02678354392439522,False,True
capacity,0,85,7.570680929347873,0.4951120354235172,0.0001310836523771286,7.57081201300025,0.6588481089565903,0.03434874033840624,False,True
capacity,0,86,8.362330961972475,0.4985691048204899,0.00014994293451309204,8.362480904906988,0.6672330419532955,0.08412288422927702,False,True
capacity,0,87,7.480500964447856,0.4081281367689371,0.00013085082173347473,7.480631815269589,0.6747366469353437,0.051098653300754526,False,True
capacity,0,88,8.042387897148728,0.3668398130685091,0.000141095370054245,8.042528992518783,0.682802289025858,0.05394405480270024,False,True
capacity,0,89,7.428654003888369,0.3676831256598234,0.00012991949915885925,7.4287839233875275,0.6902539459988475,0.06878755086880452,False,True
capacity,0,90,7.444593822583556,0.3721409011632204,0.00014016404747962952,7.444733986631036,0.6977214629296213,0.05308172130784087,False,True
capacity,0,91,7.4913110584020615,0.3699760418385267,0.00012991949915885925,7.49144097790122,0.7052356770727783,0.06199383719277976,False,True
capacity,0,92,7.434755098074675,0.37020700983703136,0.00013993121683597565,7.434895029291511,0.712693486129865,0.05193152591406588,False,True
capacity,0,93,8.184675825759768,0.3649669233709574,0.00012014061212539673,8.184795966371894,0.7209016259294003,0.09795603112945019,False,True
capacity,0,94,7.441597990691662,0.3629240673035383,0.00013993121683597565,7.441737921908498,0.7283666080329567,0.08810975658473356,False,True
capacity,0,95,8.302527945488691,0.3666798584163189,0.000141095370054245,8.302669040858746,0.7366920900531113,0.03910903966639405,False,True
capacity,0,96,7.625032914802432,0.3927890211343765,0.00012014061212539673,7.6251530554145575,0.7443525400012732,0.06411178348787791,False,True
capacity,0,97,8.218230213969946,0.3937410656362772,0.000200001522898674,8.218430215492845,0.7526069381274283,0.046638975619722675,False,True
capacity,0,98,7.534272037446499,0.37456490099430084,0.0002100132405757904,7.534482050687075,0.7601732900366187,0.06182939396159435,False,True
capacity,0,99,8.263125084340572,0.3914269618690014,0.0002698507159948349,8.263394935056567,0.7684714710339904,0.04748354016684862,False,True
capacity,0,100,7.565741892904043,0.3944430500268936,0.000250060111284256,7.5659919530153275,0.7760747829452157,0.05297013540700371,False,True
capacity,0,101,8.069389965385199,0.38900203071534634,0.0002400483936071396,8.069630013778806,0.7841766539495438,0.06173916196559548,False,True
capacity,0,102,7.513964083045721,0.37954398430883884,0.00026100315153598785,7.514225086197257,0.7917228790465742,0.04866101603618012,False,True
capacity,0,103,8.082744898274541,0.3735830541700125,0.0002100132405757904,8.082954911515117,0.7998349089175463,0.04575192950248215,False,True
capacity,0,104,7.487374125048518,0.37020700983703136,0.00013993121683597565,7.487514056265354,0.80734957405366,0.03125339084103354,False,True
capacity,0,105,8.155931951478124,0.45761093497276306,0.0001511070877313614,8.156083058565855,0.8155308340210468,0.03368818225103462,False,True
capacity,0,106,7.4630980379879475,0.38066599518060684,0.0001708976924419403,7.463268935680389,0.8230213939677924,0.043185237875099744,False,True
capacity,0,107,7.473779143765569,0.39207818917930126,0.00013993121683597565,7.473919074982405,0.8305255600716919,0.028512705460601657,False,True
capacity,0,108,8.214132860302925,0.38034585304558277,0.00013015232980251312,8.214263012632728,0.8387638179119676,0.03469769606661835,False,True
capacity,0,109,7.437458960339427,0.3700160887092352,0.00014086253941059113,7.437599822878838,0.8462268249131739,0.03847356458771571,False,True
capacity,0,110,8.338246028870344,0.3852550871670246,0.00010989606380462646,8.338355924934149,0.8545897980220616,0.04273365314069149,False,True
capacity,0,111,7.655149092897773,0.4299089778214693,0.00014086253941059113,7.655289955437183,0.8622921460773796,0.04753970685885043,False,True
capacity,0,112,8.226214908063412,0.379905104637146,0.00013993121683597565,8.226354839280248,0.8705626449082047,0.03384877280560067,False,True
capacity,0,113,7.543629966676235,0.3824599552899599,0.00011990778148174286,7.543749874457717,0.8781437349971384,0.05103630599186311,False,True
capacity,0,114,8.331673918291926,0.3876499831676483,0.00011990778148174286,8.331793826073408,0.8865109859034419,0.08822524730988071,False,True
capacity,0,115,7.493565091863275,0.374926021322608,0.00011990778148174286,7.493684999644756,0.8940393161028624,0.04777044761497682,False,True
capacity,0,116,8.302477886900306,0.3768389578908682,0.00011990778148174286,8.302597794681787,0.9023744359146804,0.026039487934620513,False,True
capacity,0,117,7.46800797060132,0.3723409026861191,0.00014016404747962952,7.4681481346488,0.9098743840586394,0.11641747202555323,False,True
capacity,0,118,8.299443172290921,0.3688440192490816,0.00011990778148174286,8.299563080072403,0.9182045951019973,0.05392033378451466,False,True
capacity,0,119,7.489398121833801,0.37635909393429756,0.00011990778148174286,7.489518029615283,0.9257235880941153,0.06435296797681367,False,True
capacity,0,120,8.068527095019817,0.36596902646124363,0.00011990778148174286,8.068647002801299,0.9338204390369356,0.10583026547609517,False,True
capacity,0,121,7.454712875187397,0.3682828973978758,0.00013993121683597565,7.454852806404233,0.9413031449075788,0.053182397463559114,False,True
capacity,0,122,8.041707100346684,0.3702170215547085,0.00013993121683597565,8.04184703156352,0.9493778541218489,0.03392856180270967,False,True
capacity,0,123,7.47888907790184,0.37211086601018906,0.00012991949915885925,7.479018997400999,0.9568832931108773,0.011620271973349113,False,True
capacity,0,124,7.463949965313077,0.37180888466537,0.00012107193470001221,7.464071037247777,0.9643738330341876,0.006578585744063373,False,True
capacity,0,125,7.518842816352844,0.3706777933984995,0.00014016404747962952,7.518982980400324,0.9719179929234087,0.010272299682266737,False,True
capacity,0,126,7.485219975933433,0.3800059203058481,0.00014016404747962952,7.485360139980912,0.9794287011027336,0.02256770109845453,False,True
capacity,0,127,8.871198864653707,0.3726410213857889,0.00014016404747962952,8.871339028701186,0.9883247269317508,0.009904330261713895,False,True
capacity,0,128,7.940406911075115,0.5486730951815844,0.00028102658689022064,7.940687937662005,0.9963245359249413,0.05258592476371054,False,True
capacity,0,129,8.337704930454493,0.39470288902521133,0.0002200249582529068,8.337924955412745,1.004700853023678,0.03128743157757021,False,True
capacity,0,130,7.54817808046937,0.39076502434909344,0.00022095628082752228,7.548399036750197,1.0122854900546372,0.014164409838977399,False,True
capacity,0,131,8.285155985504389,0.38185901939868927,0.0002100132405757904,8.285365998744965,1.020610291045159,0.024515632343630966,False,True
capacity,0,132,7.54752685315907,0.3837828990072012,0.00014016404747962952,7.54766701720655,1.0281920619308949,0.028209784771068353,False,True
capacity,0,133,8.266200078651309,0.38553611375391483,0.00014994293451309204,8.266350021585822,1.036488519050181,0.011085046015598114,False,True
capacity,0,134,7.5018510688096285,0.3884111065417528,0.00013993121683597565,7.5019910000264645,1.0440220900345594,0.009016941899139904,False,True
capacity,0,135,8.296858053654432,0.3791041672229767,0.00012991949915885925,8.296987973153591,1.052347511984408,0.03288877833540657,False,True
capacity,0,136,7.467635907232761,0.3800550475716591,0.0001310836523771286,7.4677669908851385,1.0598441229667515,0.0497879276030857,False,True
capacity,0,137,8.254117099568248,0.3749460447579622,0.00013993121683597565,8.254257030785084,1.0681255420204252,0.04809028768866494,False,True
capacity,0,138,7.448010146617889,0.37614814937114716,0.00022095628082752228,7.448231102898717,1.0756005831062794,0.07932315935188562,False,True
capacity,0,139,8.07103281840682,0.36837300285696983,0.00014016404747962952,8.0711729824543,1.0836971139069647,0.04335957124505644,False,True
capacity,0,140,7.50310393050313,0.3755770158022642,0.00014016404747962952,7.50324409455061,1.0912279300391674,0.05400803251750095,False,True
capacity,0,141,8.080540923401713,0.37676887586712837,0.00011990778148174286,8.080660831183195,1.0993343689478934,0.08320707123740591,False,True
capacity,0,142,7.465222151950002,0.3744550049304962,0.00012991949915885925,7.465352071449161,1.106826231116429,0.028178806015812508,False,True
capacity,0,143,7.506250170990825,0.36955601535737514,0.00012991949915885925,7.506380090489984,1.1143580491188914,0.08964057149253167,False,True
capacity,0,144,7.864994928240776,0.40311901830136776,0.00014994293451309204,7.865144871175289,1.1222562359180301,0.05983259426702159,False,True
capacity,0,145,7.4988058768212795,0.3856259863823652,0.00012014061212539673,7.498926017433405,1.1297841069754213,0.07454935113281713,False,True
capacity,0,146,8.259617956355214,0.37553696893155575,0.00011990778148174286,8.259737864136696,1.1380721679888666,0.10687227756790955,False,True
capacity,0,147,7.488294970244169,0.3812380600720644,0.00011990778148174286,7.488414878025651,1.1455891369841993,0.13827467264798832,False,True
capacity,0,148,8.284694980829954,0.37447502836585045,0.00013993121683597565,8.28483491204679,1.1539020149502903,0.05598253618602562,False,True
capacity,0,149,7.511490024626255,0.39769895374774933,0.00012991949915885925,7.511619944125414,1.1614462670404464,0.07110258985103872,False,True
capacity,0,150,8.252464001998305,0.36759208887815475,0.00012991949915885925,8.252593921497464,1.169726463034749,0.15489291615155057,False,True
capacity,0,151,7.47825694270432,0.3719900269061327,0.00013993121683597565,7.478396873921156,1.1772316209971905,0.08728460034327525,False,True
capacity,0,152,8.37466400116682,0.3746750298887491,0.00012014061212539673,8.374784141778946,1.1856307410635054,0.053335211825775206,False,True
capacity,0,153,7.65876704826951,0.4292891826480627,0.0002100132405757904,7.658977061510086,1.1933296429924667,0.041319018856116614,False,True
capacity,0,154,8.344576926901937,0.383591977879405,0.0001310836523771286,8.344708010554314,1.2017074830364436,0.07247411643229769,False,True
capacity,0,155,7.517840946093202,0.38658687844872475,0.0001310836523771286,7.517972029745579,1.2092589880339801,0.03346238280459026,False,True
capacity,0,156,8.098364109173417,0.3763791173696518,0.00012991949915885925,8.098494028672576,1.2173839220777154,0.08527794356819342,False,True
capacity,0,157,7.527759997174144,0.39306003600358963,0.00013993121683597565,7.52789992839098,1.2249427209608257,0.12148672890191115,False,True
capacity,0,158,8.072234923020005,0.38211001083254814,0.00012991949915885925,8.072364842519164,1.2330438499338925,0.08480679117415854,False,True
capacity,0,159,7.493746001273394,0.3815379459410906,0.00011990778148174286,7.493865909054875,1.240565167972818,0.06007629072388315,False,True
capacity,0,160,8.139241021126509,0.45055802911520004,0.00013993121683597565,8.139380952343345,1.2487293060403317,0.10597288840751196,False,True
capacity,0,161,7.463398855179548,0.3697758074849844,0.0001310836523771286,7.463529938831925,1.2562169509474188,0.08546690630430986,False,True
capacity,0,162,7.448520977050066,0.37468504160642624,0.00010989606380462646,7.448630873113871,1.2636889959685504,0.10050475583174734,False,True
capacity,0,163,7.775475969538093,0.3663289826363325,0.0001501757651567459,7.775626145303249,1.2714883470907807,0.074843748255247,False,True
capacity,0,164,7.448460906744003,0.3680330701172352,0.000141095370054245,7.4486020021140575,1.2789600419346243,0.04011548109171703,False,True
capacity,0,165,8.190186927095056,0.37228106521070004,0.00011990778148174286,8.190306834876537,1.2871739829424769,0.12623218731731498,False,True
capacity,0,166,7.430436788126826,0.37239096127450466,0.00013015232980251312,7.430566940456629,1.2946281149052083,0.09108437923920061,False,True
capacity,0,167,8.189616026356816,0.3674919717013836,0.00013993121683597565,8.189755957573652,1.3028408440295607,0.05807248364583866,False,True
capacity,0,168,7.455764105543494,0.3698060754686594,0.00011990778148174286,7.455884013324976,1.3103198721073568,0.09777652991412403,False,True
capacity,0,169,8.24149395339191,0.36511803045868874,0.00012014061212539673,8.241614094004035,1.3185841590166092,0.07956678432523451,False,True
capacity,0,170,7.430046098306775,0.3667001146823168,0.00013993121683597565,7.430186029523611,1.326038260012865,0.14026026817652038,False,True
capacity,0,171,8.243296993896365,0.3704868722707033,0.00013015232980251312,8.243427146226168,1.3343047010712326,0.0647706625347637,False,True
capacity,0,172,7.454652106389403,0.36748219281435013,0.00011990778148174286,7.454772014170885,1.3417889890260994,0.03818897913038365,False,True
capacity,0,173,8.020145818591118,0.3652768209576607,0.00012107193470001221,8.020266890525818,1.349833661923185,0.09755060304135549,False,True
capacity,0,174,7.460172986611724,0.3665299154818058,0.00016996636986732483,7.460342952981591,1.357317039044574,0.06546786858826631,False,True
capacity,0,175,8.030516095459461,0.3671310842037201,0.00012991949915885925,8.03064601495862,1.365370508050546,0.04102221849761054,False,True
capacity,0,176,7.468487834557891,0.36859302781522274,0.0001310836523771286,7.468618918210268,1.3728619299363345,0.057684665384216786,False,True
capacity,0,177,7.485280046239495,0.38041616789996624,0.00012991949915885925,7.485409965738654,1.380374111002311,0.03690820298758475,False,True
capacity,0,178,8.203251985833049,0.3704470582306385,0.00012991949915885925,8.203381905332208,1.3886033019516617,0.02513123557131732,False,True
capacity,0,179,7.448821095749736,0.3703669644892216,0.00015087425708770752,7.4489719700068235,1.39607762102969,0.03142017774090278,False,True
capacity,0,180,8.252033032476902,0.3745348658412695,0.0001511070877313614,8.252184139564633,1.4043529981281608,0.07780375305165971,False,True
capacity,0,181,7.453379919752479,0.3714289050549269,0.000200001522898674,7.453579921275377,1.4118308639153838,0.06033925390269619,False,True
capacity,0,182,8.11957404948771,0.3692749887704849,0.00012991949915885925,8.119703968986869,1.4199733010027558,0.0404747204492302,False,True
capacity,0,183,7.459361106157303,0.37454511038959026,0.00013085082173347473,7.459491956979036,1.4274561370257288,0.03475961110168865,False,True
capacity,0,184,8.234820794314146,0.3678628709167242,0.00012014061212539673,8.234940934926271,1.435713860904798,0.02309698757365076,False,True
capacity,0,185,7.48430797830224,0.3713988699018955,0.00012107193470001221,7.48442905023694,1.4432219041045755,0.055403468493516975,False,True
capacity,0,186,8.213170105591416,0.3714489284902811,0.00013993121683597565,8.213310036808252,1.451458488125354,0.04402746924399799,False,True
capacity,0,187,7.449071854352951,0.3707979340106249,0.00014016404747962952,7.449212018400431,1.4589310139417648,0.022408814557250134,False,True
capacity,0,188,8.137106895446777,0.4577408544719219,0.000141095370054245,8.137247990816832,1.4670911049470305,0.06242736763723143,False,True
capacity,0,189,7.547537097707391,0.42951805517077446,0.00013993121683597565,7.547677028924227,1.4746646711137146,0.045888417440781745,False,True
capacity,0,190,7.84160103648901,0.41268719360232353,0.00020978040993213654,7.841810816898942,1.482533372938633,0.028998199755721866,False,True
capacity,0,191,7.569798966869712,0.42064208537340164,0.000200001522898674,7.5699989683926105,1.4901296719908714,0.06638637169142564,False,True
capacity,0,192,7.452708901837468,0.3717099316418171,0.00013015232980251312,7.452839054167271,1.49760703695938,0.05509941512554653,False,True
capacity,0,193,7.564970990642905,0.3763588611036539,0.00013015232980251312,7.565101142972708,1.505196494050324,0.04549789525679043,False,True
capacity,0,194,7.457538042217493,0.3825300373136997,0.00013993121683597565,7.457677973434329,1.5126776359975338,0.06291121967789116,False,True
capacity,0,195,8.229852188378572,0.3758480306714773,0.00012991949915885925,8.229982107877731,1.5209322040900588,0.06903589672706313,False,True
capacity,0,196,7.470381911844015,0.38157799281179905,0.00010011717677116394,7.470482029020786,1.5284274329897016,0.049601464784059086,False,True
capacity,0,197,8.212119108065963,0.3721611574292183,0.00010989606380462646,8.212229004129767,1.536663186037913,0.034357920852436524,False,True
capacity,0,198,7.450845092535019,0.3726810682564974,0.00013993121683597565,7.450985023751855,1.544137615012005,0.033225709645149336,False,True
capacity,0,199,8.245432050898671,0.3773011267185211,0.00011990778148174286,8.245551958680153,1.5524065110366791,0.0515434579551885,False,True
capacity,0,200,7.4408468790352345,0.37165009416639805,0.00012991949915885925,7.440976798534393,1.5598712319042534,0.03670396267224959,False,True
capacity,0,201,8.233027998358011,0.3684628754854202,0.00012991949915885925,8.23315791785717,1.5681270130444318,0.10064176744720019,False,True
capacity,0,202,7.4480390176177025,0.37109781987965107,0.00012107193470001221,7.4481600895524025,1.5755979251116514,0.06671221496083062,False,True
capacity,0,203,8.12971405684948,0.3649580758064985,0.00012991949915885925,8.129843976348639,1.5837510130368173,0.047451343782272844,False,True
capacity,0,204,7.420358015224338,0.3653871826827526,0.00014086253941059113,7.420498877763748,1.5911943139508367,0.08377649020901201,False,True
capacity,0,205,8.05865996517241,0.37239096127450466,0.00011990778148174286,8.058779872953892,1.599275565939024,0.045490526297393814,False,True
capacity,0,206,7.445255061611533,0.3681532107293606,0.00010989606380462646,7.445364957675338,1.6067433629650623,0.09972102926230368,False,True
capacity,0,207,8.043359965085983,0.36272197030484676,0.0001511070877313614,8.043511072173715,1.6148099470883608,0.06886730558925983,False,True
capacity,0,208,7.4369090143591166,0.36732107400894165,0.00011990778148174286,7.437028922140598,1.6222700199577957,0.10610138136011513,False,True
capacity,0,209,7.461254019290209,0.3702770918607712,0.00011990778148174286,7.461373927071691,1.629753886954859,0.0868318458537213,False,True
capacity,0,210,8.224260993301868,0.36400509998202324,0.00014086253941059113,8.224401855841279,1.6380005909595639,0.06237494923586136,False,True
capacity,0,211,7.47310696169734,0.3737430088222027,0.00012107193470001221,7.47322803363204,1.6454970219638199,0.13494801992273736,False,True
capacity,0,212,8.19694995880127,0.36583910696208477,0.00013993121683597565,8.197089890018106,1.6537167949136347,0.06676977566112724,False,True
capacity,0,213,7.440946996212006,0.3675918560475111,0.00013015232980251312,7.441077148541808,1.6611818671226501,0.031026359606788786,False,True
capacity,0,214,8.228478953242302,0.37278211675584316,0.00012991949915885925,8.22860887274146,1.6694338899105787,0.12023289539669009,False,True
capacity,0,215,7.456465158611536,0.368243083357811,0.00012991949915885925,7.456595078110695,1.6769134590867907,0.08078665761679785,False,True
capacity,0,216,8.230532985180616,0.3667599521577358,0.00013993121683597565,8.230672916397452,1.6851671759504825,0.05733948949470438,False,True
capacity,0,217,7.456284947693348,0.3727308940142393,0.00012107193470001221,7.456406019628048,1.692646695068106,0.11342569210500246,False,True
capacity,0,218,8.211476961150765,0.3662598319351673,0.00012014061212539673,8.21159710176289,1.7008814960718155,0.07576831886931616,False,True
capacity,0,219,7.443783106282353,0.3662800882011652,0.00012991949915885925,7.443913025781512,1.7083486830815673,0.045140240857607726,False,True
capacity,0,220,8.000640198588371,0.36705099046230316,0.00010989606380462646,8.000750094652176,1.7163724061101675,0.05939698117631126,False,True
capacity,0,221,7.428532931953669,0.36442605778574944,0.00011990778148174286,7.42865283973515,1.7238238919526339,0.06561648405809198,False,True
capacity,0,222,8.062426000833511,0.36667007952928543,0.00011990778148174286,8.062545908614993,1.7319093919359148,0.11836961100153268,False,True
capacity,0,223,7.450715871527791,0.36221183836460114,0.00012014061212539673,7.450836012139916,1.7393835219554603,0.06772719394987356,False,True
capacity,0,224,7.481784094125032,0.3645969554781914,0.00013993121683597565,7.481924025341868,1.7468885390553623,0.047493238725966655,False,True
capacity,0,225,8.292790036648512,0.39749802090227604,0.00011990778148174286,8.292909944429994,1.7552180979400873,0.13864089737822752,False,True
capacity,0,226,7.49643100425601,0.3793539945036173,0.0001310836523771286,7.496562087908387,1.7627433841116726,0.0416576086254061,False,True
capacity,0,227,8.22749687358737,0.3709988668560982,0.00010011717677116394,8.227596990764141,1.7709967489354312,0.023809881223507794,False,True
capacity,0,228,7.453810889273882,0.3707979340106249,0.00011990778148174286,7.453930797055364,1.7784752969164401,0.10036062250062096,False,True
capacity,0,229,8.215825073421001,0.3700968809425831,0.00012014061212539673,8.215945214033127,1.7867145161144435,0.08586327296490742,False,True
capacity,0,230,7.430786965414882,0.3645659890025854,0.00011106021702289581,7.430898025631905,1.7941687779966742,0.04621798808529859,False,True
capacity,0,231,8.236914873123169,0.37109898403286934,0.00013015232980251312,8.237045025452971,1.802429046947509,0.09205120740184489,False,True
capacity,0,232,7.444994989782572,0.36907498724758625,9.988434612751007e-05,7.445094874128699,1.8098986679688096,0.029543414521440416,False,True
capacity,0,233,8.233328117057681,0.36636018194258213,0.00013993121683597565,8.233468048274517,1.8181556300260127,0.025192017927950484,False,True
capacity,0,234,7.453239988535643,0.37979520857334137,0.00011990778148174286,7.453359896317124,1.8256327148992568,0.012745871170259486,False,True
capacity,0,235,8.064790861681104,0.3731518518179655,0.00012014061212539673,8.064911002293229,1.833720939932391,0.0169408802677812,False,True
capacity,0,236,7.5250850059092045,0.39749802090227604,0.00014994293451309204,7.525234948843718,1.8412729860283434,0.01459507314333772,False,True
capacity,0,237,8.0539311747998,0.3823700826615095,0.00013993121683597565,8.054071106016636,1.8493518740870059,0.0636619164158371,False,True
capacity,0,238,7.471744902431965,0.375417061150074,0.00012014061212539673,7.47186504304409,1.856848845956847,0.12031664080353993,False,True
capacity,0,239,7.4417670257389545,0.3654779866337776,0.0001310836523771286,7.441898109391332,1.8643144581001252,0.09180079936791966,False,True
capacity,0,240,7.680898066610098,0.36762189120054245,0.00011990778148174286,7.68101797439158,1.872018390102312,0.05511958526754249,False,True
capacity,0,241,7.450154051184654,0.3734629135578871,0.00013015232980251312,7.450284203514457,1.8794918081257492,0.045347818339694555,False,True
capacity,0,242,8.205235004425049,0.36483583971858025,0.0001310836523771286,8.205366088077426,1.8877196561079472,0.03676809799878206,False,True
capacity,0,243,7.436858955770731,0.3641359508037567,0.00013993121683597565,7.436998886987567,1.895179928978905,0.023963629525318345,False,True
capacity,0,244,8.201317861676216,0.37303194403648376,0.00012107193470001221,8.201438933610916,1.9034037999808788,0.05543911291956004,False,True
capacity,0,245,7.461545057594776,0.37399400025606155,0.00011990778148174286,7.461664965376258,1.9108879470732063,0.0075562509827243485,False,True
capacity,0,246,8.115957025438547,0.3673611208796501,0.00014086253941059113,8.116097887977958,1.9190268579404801,0.017096198798474363,False,True
capacity,0,247,7.447099080309272,0.3752671182155609,0.00011990778148174286,7.4472189880907536,1.9264969800133258,0.003926674036142533,False,True
capacity,0,248,8.222629083320498,0.37094904109835625,0.00015995465219020844,8.222789037972689,1.9347423911094666,0.00012917843613598765,False,True
capacity,0,249,7.463068934157491,0.37257210351526737,0.00011990778148174286,7.4631888419389725,1.9422288029454648,0.006296223168164208,False,True
capacity,0,250,8.04020487703383,0.3716698847711086,0.00014016404747962952,8.04034504108131,1.950291960965842,0.059800397346245766,False,True
capacity,0,251,7.4334521777927876,0.36407518200576305,0.00014086253941059113,7.433593040332198,1.957754037110135,0.0378461188639595,False,True
capacity,0,252,8.050033124163747,0.3635641187429428,0.00012107193470001221,8.050154196098447,1.9658267931081355,0.06233011106610446,False,True
capacity,0,253,7.4348459020257,0.36115990951657295,0.00010989606380462646,7.434955798089504,1.9732847718987614,0.1064187106462363,False,True
capacity,0,254,7.4337630067020655,0.3718200605362654,0.00012991949915885925,7.433892926201224,1.9807469279039651,0.050016591431271816,False,True
capacity,0,255,7.708971155807376,0.3619510680437088,0.00013085082173347473,7.709102006629109,1.9884787930641323,0.08986446077728877,False,True
capacity,1,0,7.054840214550495,0.3077690489590168,0.00011990778148174286,7.054960122331977,0.0070696379989385605,,,False
capacity,1,1,7.7934598084539175,0.30634691938757896,0.00014016404747962952,7.793599972501397,0.014885669806972146,,,False
capacity,1,2,7.049879990518093,0.31115487217903137,0.0001310836523771286,7.05001107417047,0.02195807290263474,,,False
capacity,1,3,7.851018104702234,0.30672713182866573,0.00012991949915885925,7.851148024201393,0.02983117289841175,,,False
capacity,1,4,7.07215303555131,0.3077590372413397,0.00013993121683597565,7.072292966768146,0.03692653984762728,,,False
capacity,1,5,7.52455391921103,0.3066570498049259,0.00013015232980251312,7.5246840715408325,0.04447418684139848,,,False
capacity,1,6,7.698490982875228,0.31010410748422146,0.00013993121683597565,7.698630914092064,0.05219595180824399,,,False
capacity,1,7,7.552596973255277,0.30962307937443256,0.00010989606380462646,7.552706869319081,0.05977280484512448,,,False
capacity,1,8,7.103412179276347,0.3055362030863762,0.00011990778148174286,7.103532087057829,0.06690363795496523,,,False
capacity,1,9,7.059830008074641,0.29928400181233883,0.00012991949915885925,7.0599599275738,0.07398609980009496,,,False
capacity,1,10,7.7978381887078285,0.2940031699836254,0.00012991949915885925,7.797968108206987,0.08180630998685956,,,False
capacity,1,11,7.049449952319264,0.2954159863293171,0.00011990778148174286,7.049569860100746,0.08887821179814637,,,False
capacity,1,12,7.842994062229991,0.2972101792693138,0.00011990778148174286,7.843113970011473,0.09674313687719405,,,False
capacity,1,13,7.062864955514669,0.3008558414876461,0.00012014061212539673,7.062985096126795,0.10382891492918134,,,False
capacity,1,14,7.526318076997995,0.297771068289876,0.00011990778148174286,7.526437984779477,0.11137754493393004,,,False
capacity,1,15,7.548558991402388,0.3004150930792093,0.00012991949915885925,7.5486889109015465,0.11894863587804139,,,False
capacity,1,16,7.917092880234122,0.3020090516656637,0.00012014061212539673,7.917213020846248,0.1268883307930082,,,False
capacity,1,17,7.311532972380519,0.3032309468835592,0.00011012889444828033,7.311643101274967,0.13422309793531895,,,False
capacity,1,18,7.320139091461897,0.30352105386555195,0.00014086253941059113,7.3202799540013075,0.14156578993424773,,,False
capacity,1,19,8.075271034613252,0.31281914561986923,0.00012991949915885925,8.07540095411241,0.1496633228380233,,,False
capacity,1,20,7.341199088841677,0.30939304269850254,0.00012991949915885925,7.341329008340836,0.15702713397331536,,,False
capacity,1,21,8.098463993519545,0.305084977298975,0.00013015232980251312,8.098594145849347,0.16514841094613075,,,False
capacity,1,22,7.323124911636114,0.3061159513890743,0.00014016404747962952,7.323265075683594,0.17249436886049807,,,False
capacity,1,23,8.018122985959053,0.3133700229227543,0.00016088597476482391,8.018283871933818,0.18053508480079472,,,False
capacity,1,24,7.317725103348494,0.3177379257977009,0.00012991949915885925,7.317855022847652,0.18787616398185492,,,False
capacity,1,25,7.341749966144562,0.30735903419554234,0.00012991949915885925,7.341879885643721,0.19524058583192527,,,False
capacity,1,26,7.918504998087883,0.3122470807284117,0.000141095370054245,7.918646093457937,0.20318203489296138,,,False
capacity,1,27,7.943281903862953,0.31949090771377087,0.00012991949915885925,7.943411823362112,0.21114812977612019,,,False
capacity,1,28,7.332452805712819,0.32430095598101616,0.00013015232980251312,7.332582958042622,0.21850312477909029,,,False
capacity,1,29,7.933653891086578,0.3265039995312691,0.00012991949915885925,7.933783810585737,0.22645904077216983,,,False
capacity,1,30,7.331270957365632,0.3286388237029314,0.00012014061212539673,7.3313910979777575,0.23381332494318485,,,False
capacity,1,31,7.3402379639446735,0.32344902865588665,0.00013993121683597565,7.3403778951615095,0.24117622477933764,,,False
capacity,1,32,8.092532865703106,0.3207838162779808,0.00014016404747962952,8.092673029750586,0.24929128983058035,,,False
capacity,1,33,7.358642062172294,0.3196720499545336,0.00012991949915885925,7.3587719816714525,0.25667301495559514,,,False
capacity,1,34,8.148377994075418,0.3279568627476692,0.00012991949915885925,8.148507913574576,0.26484418590553105,,,False
capacity,1,35,7.416319800540805,0.3213949967175722,0.00013015232980251312,7.416449952870607,0.2722832087893039,0.030731565885041983,False,True
capacity,1,36,8.18730192258954,0.3169069532305002,0.00011990778148174286,8.187421830371022,0.2804932137951255,0.027993174178445313,False,True
capacity,1,37,7.390262093394995,0.3237000200897455,0.00011990778148174286,7.3903820011764765,0.28790604788810015,0.011364222933392816,False,True
capacity,1,38,8.163215825334191,0.31819893047213554,0.00012014061212539673,8.163335965946317,0.2960916857700795,0.016688387977470368,False,True
capacity,1,39,7.395199965685606,0.3183090593665838,0.00012107193470001221,7.395321037620306,0.3035096589010209,0.025217064279891798,False,True
capacity,1,40,7.398697081953287,0.32452098093926907,0.00011990778148174286,7.398816989734769,0.31093115895055234,0.01902506522604528,False,True
capacity,1,41,8.231024025008082,0.31959195621311665,0.00013015232980251312,8.231154177337885,0.3191849959548563,0.027472198731281615,False,True
capacity,1,42,7.713849889114499,0.3173269797116518,0.00011990778148174286,7.713969796895981,0.326921418774873,0.032559057592488644,False,True
capacity,1,43,7.436797954142094,0.31850882805883884,0.00012107193470001221,7.436919026076794,0.33438080991618335,0.09043788797739899,False,True
capacity,1,44,7.399307796731591,0.3161248750984669,0.00014016404747962952,7.399447960779071,0.34180260077118874,0.06951305830105636,False,True
capacity,1,45,8.134993026033044,0.32056309282779694,0.00012991949915885925,8.135122945532203,0.34995985589921474,0.04660438993269901,False,True
capacity,1,46,7.374661974608898,0.3161050844937563,0.00011990778148174286,7.37478188239038,0.35735687986016273,0.04581220054521863,False,True
capacity,1,47,8.141265017911792,0.3155639860779047,0.00013015232980251312,8.141395170241594,0.36552058695815504,0.028875946312162597,False,True
capacity,1,48,7.395421154797077,0.33599301241338253,0.00012991949915885925,7.395551074296236,0.37293874099850655,0.02373737138825199,False,True
capacity,1,49,8.128992049023509,0.3150929696857929,0.00012991949915885925,8.129121968522668,0.38109016488306224,0.01786935094118738,False,True
capacity,1,50,7.400990929454565,0.31980196945369244,0.000141095370054245,7.401132024824619,0.38851423980668187,0.06740871747139356,False,True
capacity,1,51,8.178885094821453,0.3253920003771782,0.00011106021702289581,8.178996155038476,0.3967153369449079,0.0485309843730142,False,True
capacity,1,52,7.381565170362592,0.32605300657451153,0.00012083910405635834,7.381686009466648,0.40411986596882343,0.03972178171759727,False,True
capacity,1,53,8.024955866858363,0.31814794056117535,0.00012107193470001221,8.025076938793063,0.412167654838413,0.08990713321641691,False,True
capacity,1,54,7.406021002680063,0.31876983121037483,0.0001310836523771286,7.40615208633244,0.4195975309703499,0.06294411015760248,False,True
capacity,1,55,8.004117058590055,0.32602413557469845,0.00012991949915885925,8.004246978089213,0.4276244598440826,0.05650344182194629,False,True
capacity,1,56,7.407743949443102,0.3319249954074621,0.00014016404747962952,7.4078841134905815,0.4350558689329773,0.04129944337726928,False,True
capacity,1,57,7.394268875941634,0.3190899733453989,0.0001310836523771286,7.394399959594011,0.44247301085852087,0.033200391073132426,False,True
capacity,1,58,8.157506119459867,0.32512214966118336,0.00012991949915885925,8.157636038959026,0.4506532789673656,0.023305598641106717,False,True
capacity,1,59,7.382957963272929,0.3256730269640684,0.00012991949915885925,7.383087882772088,0.4580595907755196,0.020620783349587637,False,True
capacity,1,60,8.218950824812055,0.32165483571588993,0.0001310836523771286,8.219081908464432,0.4663020058069378,0.07851600694364651,False,True
capacity,1,61,7.479308871552348,0.33210497349500656,0.0001310836523771286,7.479439955204725,0.47381148184649646,0.06806592054096025,False,True
capacity,1,62,8.2402010448277,0.3218760248273611,0.00012107193470001221,8.2403221167624,0.4820777219720185,0.0852524137298251,False,True
capacity,1,63,7.442759815603495,0.32590399496257305,0.00011012889444828033,7.442869944497943,0.4895499867852777,0.06796829822030903,False,True
capacity,1,64,8.315883809700608,0.32958085648715496,0.00012014061212539673,8.316003950312734,0.4978940438013524,0.04837601452770828,False,True
capacity,1,65,7.589787011966109,0.3570017870515585,0.0002100132405757904,7.589997025206685,0.5055301079992205,0.036779213956107705,False,True
capacity,1,66,8.384001906961203,0.33982982859015465,0.00014016404747962952,8.384142071008682,0.5139525318518281,0.05061990357904471,False,True
capacity,1,67,7.55127496086061,0.3481251187622547,0.00013993121683597565,7.551414892077446,0.5215474187862128,0.04473850559421747,False,True
capacity,1,68,8.294924162328243,0.3312639892101288,0.00012991949915885925,8.295054081827402,0.5298772279638797,0.0499500364137376,False,True
capacity,1,69,7.491501979529858,0.33541093580424786,0.00011012889444828033,7.491612108424306,0.5374061008915305,0.040618522388962325,False,True
capacity,1,70,8.06025299243629,0.32516196370124817,0.00013993121683597565,8.060392923653126,0.545500076841563,0.035808725585538645,False,True
capacity,1,71,7.474097888916731,0.3354509826749563,0.00012107193470001221,7.474218960851431,0.5530080888420343,0.036142949006374034,False,True
capacity,1,72,8.022772148251534,0.32013305462896824,0.00011990778148174286,8.022892056033015,0.5610604370012879,0.02067107353090078,False,True
capacity,1,73,7.416880922392011,0.3240599762648344,0.00012014061212539673,7.417001063004136,0.5685055109206587,0.03934089894247712,False,True
capacity,1,74,7.733587874099612,0.3244010731577873,0.00011990778148174286,7.733707781881094,0.5762630237732083,0.031754077185691926,False,True
capacity,1,75,7.442669942975044,0.3197020851075649,0.00015995465219020844,7.4428298976272345,0.5837301698047668,0.05165872044870697,False,True
capacity,1,76,7.404519012197852,0.32393005676567554,0.00013993121683597565,7.404658943414688,0.5911577017977834,0.1251241242790207,False,True
capacity,1,77,8.140884106978774,0.31812814995646477,0.00013085082173347473,8.141014957800508,0.599321428919211,0.06531177134114761,False,True
capacity,1,78,7.39681301638484,0.3164759837090969,0.00010989606380462646,7.396922912448645,0.6067412348929793,0.011156709164468075,False,True
capacity,1,79,8.149169851094484,0.32301805913448334,0.00012991949915885925,8.149299770593643,0.6149132577702403,0.04101195359927394,False,True
capacity,1,80,7.39041087217629,0.3186489921063185,0.00011106021702289581,7.3905219323933125,0.6223266827873886,0.08986073654790822,False,True
capacity,1,81,8.181381039321423,0.3165861126035452,0.00013993121683597565,8.181520970538259,0.6305309368763119,0.04698264294148216,False,True
capacity,1,82,7.39635294303298,0.3220159560441971,0.00013993121683597565,7.396492874249816,0.6379502827767283,0.047745953443773616,False,True
capacity,1,83,8.184195961803198,0.31728693284094334,0.00012014061212539673,8.184316102415323,0.6461575019638985,0.0807362181776623,False,True
capacity,1,84,7.388056954368949,0.3148219548165798,0.00013015232980251312,7.3881871066987514,0.6535688729491085,0.02678354392439522,False,True
capacity,1,85,8.00445699132979,0.3260839730501175,0.00014994293451309204,8.004606934264302,0.6615963329095393,0.03434874033840624,False,True
capacity,1,86,7.40638212300837,0.32058311626315117,0.00012991949915885925,7.406512042507529,0.6690252779517323,0.08412288422927702,False,True
capacity,1,87,7.959533017128706,0.3130000550299883,0.00013993121683597565,7.959672948345542,0.677007642807439,0.051098653300754526,False,True
capacity,1,88,7.392175029963255,0.3135909792035818,0.00012991949915885925,7.392304949462414,0.6844226608518511,0.05394405480270024,False,True
capacity,1,89,7.391633931547403,0.3151330165565014,0.00011012889444828033,7.391744060441852,0.691837458871305,0.06878755086880452,False,True
capacity,1,90,7.721454836428165,0.31702686101198196,0.00012014061212539673,7.721574977040291,0.6995819967705756,0.05308172130784087,False,True
capacity,1,91,7.384781027212739,0.31832000240683556,0.00012014061212539673,7.384901167824864,0.7069897809997201,0.06199383719277976,False,True
capacity,1,92,8.13100510276854,0.3147220704704523,0.00014086253941059113,8.131145965307951,0.715143458917737,0.05193152591406588,False,True
capacity,1,93,7.376905996352434,0.3136899322271347,0.00012107193470001221,7.377027068287134,0.7225433988496661,0.09795603112945019,False,True
capacity,1,94,8.13557393848896,0.3158838953822851,0.00012107193470001221,8.13569501042366,0.7307017059065402,0.08810975658473356,False,True
capacity,1,95,7.379390997812152,0.318008940666914,0.00011990778148174286,7.379510905593634,0.7381045809015632,0.03910903966639405,False,True
capacity,1,96,8.209674153476954,0.31233811751008034,0.00012991949915885925,8.209804072976112,0.7463370279874653,0.06411178348787791,False,True
capacity,1,97,7.376294815912843,0.31526386737823486,0.00014016404747962952,7.376434979960322,0.7537381288129836,0.046638975619722675,False,True
capacity,1,98,7.966777076944709,0.320744002237916,0.00014994293451309204,7.966927019879222,0.7617277789395303,0.06182939396159435,False,True
capacity,1,99,7.379872025921941,0.32037403434515,0.00013993121683597565,7.380011957138777,0.7691307638306171,0.04748354016684862,False,True
capacity,1,100,7.976033957675099,0.317116966471076,0.00014994293451309204,7.9761839006096125,0.7771296708378941,0.05297013540700371,False,True
capacity,1,101,7.381313946098089,0.31631486490368843,0.00011012889444828033,7.3814240749925375,0.7845343388617039,0.06173916196559548,False,True
capacity,1,102,7.350306026637554,0.31939102336764336,0.00013015232980251312,7.350436178967357,0.7919073679950088,0.04866101603618012,False,True
capacity,1,103,7.408334873616695,0.3199819475412369,0.00012014061212539673,7.408455014228821,0.7993389568291605,0.04575192950248215,False,True
capacity,1,104,7.380201946943998,0.31882012262940407,0.00012991949915885925,7.380331866443157,0.8067422527819872,0.03125339084103354,False,True
capacity,1,105,8.165540872141719,0.3224569372832775,0.00011012889444828033,8.165651001036167,0.814930786844343,0.03368818225103462,False,True
capacity,1,106,7.358773145824671,0.3193221054971218,0.00013993121683597565,7.358913077041507,0.8223127929959446,0.043185237875099744,False,True
capacity,1,107,8.185469079762697,0.31918101012706757,0.00010989606380462646,8.185578975826502,0.8305215348955244,0.028512705460601657,False,True
capacity,1,108,7.395350839942694,0.3278879448771477,0.00014016404747962952,7.395491003990173,0.8379401888232678,0.03469769606661835,False,True
capacity,1,109,8.184487000107765,0.31986297108232975,0.00013015232980251312,8.184617152437568,0.8461475989315659,0.03847356458771571,False,True
capacity,1,110,7.3741108644753695,0.31806877814233303,0.00012014061212539673,7.374231005087495,0.8535447928588837,0.04273365314069149,False,True
capacity,1,111,7.957278983667493,0.32088393345475197,0.00013015232980251312,7.957409135997295,0.8615243339445442,0.04753970685885043,False,True
capacity,1,112,7.376265013590455,0.32449117861688137,0.00013993121683597565,7.376404944807291,0.8689237218350172,0.03384877280560067,False,True
capacity,1,113,7.97574408352375,0.31383102759718895,0.00012014061212539673,7.975864224135876,0.8769219079986215,0.05103630599186311,False,True
capacity,1,114,7.351939100772142,0.3143621142953634,0.00012991949915885925,7.352069020271301,0.884296438889578,0.08822524730988071,False,True
capacity,1,115,7.388649042695761,0.31372089870274067,0.00013015232980251312,7.388779195025563,0.8917079709935933,0.04777044761497682,False,True
capacity,1,116,8.12109699472785,0.3213239833712578,0.0001310836523771286,8.121228078380227,0.899851850932464,0.026039487934620513,False,True
capacity,1,117,7.365074008703232,0.31426199711859226,0.00012014061212539673,7.365194149315357,0.9072395469993353,0.11641747202555323,False,True
capacity,1,118,8.152696071192622,0.31327991746366024,0.00014994293451309204,8.152846014127135,0.9154149759560823,0.05392033378451466,False,True
capacity,1,119,7.374972105026245,0.31250808387994766,0.00014994293451309204,7.375122047960758,0.9228127009700984,0.06435296797681367,False,True
capacity,1,120,8.12952290289104,0.3148019313812256,0.00010989606380462646,8.129632798954844,0.9309647767804563,0.10583026547609517,False,True
capacity,1,121,7.366575999185443,0.31407084316015244,0.000141095370054245,7.366717094555497,0.9383541559800506,0.053182397463559114,False,True
capacity,1,122,8.185368031263351,0.3141709603369236,0.00012083910405635834,8.185488870367408,0.9465624778531492,0.03392856180270967,False,True
capacity,1,123,7.396722910925746,0.31989184208214283,0.0001310836523771286,7.396853994578123,0.9539821338839829,0.011620271973349113,False,True
capacity,1,124,7.9985561314970255,0.3161150962114334,0.00012991949915885925,7.998686050996184,0.9620034429244697,0.006578585744063373,False,True
capacity,1,125,7.384289987385273,0.3177379257977009,0.00011990778148174286,7.384409895166755,0.9694105258677155,0.010272299682266737,False,True
capacity,1,126,8.008194854483008,0.31883083283901215,0.00013015232980251312,8.008325006812811,0.9774416338186711,0.02256770109845453,False,True
capacity,1,127,7.373899919912219,0.3186098765581846,0.00012991949915885925,7.374029839411378,0.9848379858303815,0.009904330261713895,False,True
capacity,1,128,7.401271956041455,0.3198420163244009,0.00012991949915885925,7.401401875540614,0.9922619408462197,0.05258592476371054,False,True
capacity,1,129,7.499056169763207,0.31763804145157337,0.00012991949915885925,7.499186089262366,0.999783769948408,0.03128743157757021,False,True
capacity,1,130,7.400220027193427,0.31805806793272495,9.988434612751007e-05,7.400319911539555,1.0072119229007512,0.014164409838977399,False,True
capacity,1,131,8.191539905965328,0.3172371070832014,0.00010989606380462646,8.191649802029133,1.0154260247945786,0.024515632343630966,False,True
capacity,1,132,7.398646790534258,0.31959195621311665,0.00013015232980251312,7.39877694286406,1.0228476647753268,0.028209784771068353,False,True
capacity,1,133,8.129572961479425,0.3170871641486883,0.00014086253941059113,8.129713824018836,1.0309999107848853,0.011085046015598114,False,True
capacity,1,134,7.378630107268691,0.32036309130489826,0.00011990778148174286,7.378750015050173,1.038401162950322,0.009016941899139904,False,True
capacity,1,135,8.134000934660435,0.31525292433798313,0.0001310836523771286,8.134132018312812,1.0465574958361685,0.03288877833540657,False,True
capacity,1,136,7.376586087048054,0.32387999817728996,0.00013993121683597565,7.37672601826489,1.053957104915753,0.0497879276030857,False,True
capacity,1,137,8.178776130080223,0.3167560789734125,0.00012991949915885925,8.178906049579382,1.0621583629399538,0.04809028768866494,False,True
capacity,1,138,7.376606110483408,0.3137309104204178,0.00011990778148174286,7.37672601826489,1.0695579419843853,0.07932315935188562,False,True
capacity,1,139,7.990771904587746,0.3234089817851782,0.00012991949915885925,7.9909018240869045,1.0775714258197695,0.04335957124505644,False,True
capacity,1,140,7.399407913908362,0.3229379653930664,0.00016111880540847778,7.399569032713771,1.084994207834825,0.05400803251750095,False,True
capacity,1,141,7.407614029943943,0.31329900957643986,0.00011990778148174286,7.407733937725425,1.0924244248308241,0.08320707123740591,False,True
capacity,1,142,8.403287967666984,0.3151530399918556,0.00012991949915885925,8.403417887166142,1.100850785849616,0.028178806015812508,False,True
capacity,1,143,7.4486811645329,0.31810905784368515,0.00013993121683597565,7.448821095749736,1.1083253759425133,0.08964057149253167,False,True
capacity,1,144,8.200846845284104,0.3614409361034632,0.0001802109181880951,8.201027056202292,1.1165558288339525,0.05983259426702159,False,True
capacity,1,145,7.406120887026191,0.3203130327165127,0.00012107193470001221,7.406241958960891,1.1239860157947987,0.07454935113281713,False,True
capacity,1,146,8.14750581048429,0.31231786124408245,0.000141095370054245,8.147646905854344,1.1321563147939742,0.10687227756790955,False,True
capacity,1,147,7.411702070385218,0.3144920337945223,0.00012991949915885925,7.4118319898843765,1.1395924729295075,0.13827467264798832,False,True
capacity,1,148,8.214062079787254,0.3181588836014271,0.00012991949915885925,8.214191999286413,1.1478297479916364,0.05598253618602562,False,True
capacity,1,149,7.3869850020855665,0.31160679645836353,0.00011012889444828033,7.387095130980015,1.1552400270011276,0.07110258985103872,False,True
capacity,1,150,8.1869310233742,0.3113360144197941,0.00014994293451309204,8.187080966308713,1.1634497409686446,0.15489291615155057,False,True
capacity,1,151,7.402023999020457,0.31841988675296307,0.00013015232980251312,7.40215415135026,1.1708750689867884,0.08728460034327525,False,True
capacity,1,152,7.9733990132808685,0.31453208066523075,0.00014994293451309204,7.973548956215382,1.1788711599074304,0.053335211825775206,False,True
capacity,1,153,7.397825829684734,0.3185798414051533,0.00014016404747962952,7.397965993732214,1.1862923498265445,0.041319018856116614,False,True
capacity,1,154,7.992635015398264,0.31739799305796623,0.00012991949915885925,7.992764934897423,1.1943075968883932,0.07247411643229769,False,True
capacity,1,155,7.4029050301760435,0.32050302252173424,0.0001310836523771286,7.403036113828421,1.201734066940844,0.03346238280459026,False,True
capacity,1,156,7.72416009567678,0.3227780107408762,0.00013993121683597565,7.724300026893616,1.2094808788970113,0.08527794356819342,False,True
capacity,1,157,7.466314127668738,0.32500107772648335,0.00014086253941059113,7.466454990208149,1.2169702269602567,0.12148672890191115,False,True
capacity,1,158,7.403956959024072,0.31601497903466225,0.00013015232980251312,7.404087111353874,1.224397016922012,0.08480679117415854,False,True
capacity,1,159,8.131135953590274,0.313259894028306,0.00013015232980251312,8.131266105920076,1.2325505448970944,0.06007629072388315,False,True
capacity,1,160,7.397836074233055,0.3182091750204563,0.00011990778148174286,7.397955982014537,1.2399713438935578,0.10597288840751196,False,True
capacity,1,161,8.132898947224021,0.31088502146303654,0.00013015232980251312,8.133029099553823,1.2481266749091446,0.08546690630430986,False,True
capacity,1,162,7.4001101311296225,0.3150331322103739,0.00010989606380462646,7.400220027193427,1.2555494979023933,0.10050475583174734,False,True
capacity,1,163,8.184786885976791,0.31812884844839573,0.00011012889444828033,8.18489701487124,1.26375668682158,0.074843748255247,False,True
capacity,1,164,7.402804912999272,0.32107485458254814,0.00013015232980251312,7.402935065329075,1.2711826448794454,0.04011548109171703,False,True
capacity,1,165,7.992385188117623,0.31425105407834053,0.00011990778148174286,7.992505095899105,1.2791975929867476,0.12623218731731498,False,True
capacity,1,166,7.394178071990609,0.3136000595986843,0.00011106021702289581,7.394289132207632,1.2866152049973607,0.09108437923920061,False,True
capacity,1,167,7.989538833498955,0.31780777499079704,0.00011106021702289581,7.989649893715978,1.294627176830545,0.05807248364583866,False,True
capacity,1,168,7.3978351429104805,0.3182790242135525,0.00014086253941059113,7.397976005449891,1.302047864999622,0.09777652991412403,False,True
capacity,1,169,7.672652835026383,0.3122380003333092,0.00013015232980251312,7.672782987356186,1.3097428597975522,0.07956678432523451,False,True
capacity,1,170,7.414055988192558,0.3196022007614374,0.00012991949915885925,7.414185907691717,1.3171801997814327,0.14026026817652038,False,True
capacity,1,171,7.360395044088364,0.31120493076741695,0.0001310836523771286,7.360526127740741,1.3245631780009717,0.0647706625347637,False,True
capacity,1,172,8.343355963006616,0.31852000392973423,0.00013993121683597565,8.343495894223452,1.3329291858244687,0.03818897913038365,False,True
capacity,1,173,7.379119982942939,0.31457189470529556,0.00014994293451309204,7.379269925877452,1.3403313888702542,0.09755060304135549,False,True
capacity,1,174,8.149791043251753,0.31255907379090786,0.00011990778148174286,8.149910951033235,1.3485043938271701,0.06546786858826631,False,True
capacity,1,175,7.394308922812343,0.3225267864763737,0.0001310836523771286,7.39444000646472,1.3559219369199127,0.04102221849761054,False,True
capacity,1,176,8.183154044672847,0.31399098224937916,0.00012014061212539673,8.183274185284972,1.3641281239688396,0.057684665384216786,False,True
capacity,1,177,7.395260967314243,0.3178080078214407,0.00012014061212539673,7.395381107926369,1.3715468489099294,0.03690820298758475,False,True
capacity,1,178,8.168305968865752,0.3217160701751709,0.00012991949915885925,8.168435888364911,1.379737656796351,0.02513123557131732,False,True
capacity,1,179,7.404877804219723,0.3241398371756077,0.00012107193470001221,7.404998876154423,1.3871657787822187,0.03142017774090278,False,True
capacity,1,180,7.9884270671755075,0.3176680766046047,0.00011990778148174286,7.988546974956989,1.3951777608599514,0.07780375305165971,False,True
capacity,1,181,7.39129283465445,0.3174769226461649,0.000141095370054245,7.391433930024505,1.4025922077707946,0.06033925390269619,False,True
capacity,1,182,7.436337880790234,0.3233079332858324,0.00013015232980251312,7.436468033120036,1.4100515188183635,0.0404747204492302,False,True
capacity,1,183,8.162194862961769,0.317517900839448,0.0002100132405757904,8.162404876202345,1.418237798847258,0.03475961110168865,False,True
capacity,1,184,7.436739047989249,0.3145721275359392,0.00013993121683597565,7.436878979206085,1.4256975809112191,0.02309698757365076,False,True
capacity,1,185,8.121818071231246,0.3279969096183777,0.00012991949915885925,8.121947990730405,1.433843303937465,0.055403468493516975,False,True
capacity,1,186,7.374742068350315,0.315273180603981,0.00013993121683597565,7.374881999567151,1.4412412198726088,0.04402746924399799,False,True
capacity,1,187,8.194013964384794,0.3169768024235964,0.0001501757651567459,8.194164140149951,1.4494581569451839,0.022408814557250134,False,True
capacity,1,188,7.395562017336488,0.32167602330446243,0.0002200249582529068,7.395782042294741,1.4568776139058173,0.06242736763723143,False,True
capacity,1,189,8.148448076099157,0.31659589149057865,0.00022095628082752228,8.148669032379985,1.4650488949846476,0.045888417440781745,False,True
capacity,1,190,7.390931947156787,0.31478190794587135,0.00020116567611694336,7.391133112832904,1.4724637418985367,0.028998199755721866,False,True
capacity,1,191,8.184816921129823,0.32136496156454086,0.00012014061212539673,8.184937061741948,1.4806712418794632,0.06638637169142564,False,True
capacity,1,192,7.380082039162517,0.3186098765581846,0.00013015232980251312,7.380212191492319,1.4880746679846197,0.05509941512554653,False,True
capacity,1,193,8.137308061122894,0.3157940227538347,0.00013993121683597565,8.13744799233973,1.4962353098671883,0.04549789525679043,False,True
capacity,1,194,7.394568994641304,0.31746807508170605,0.00013993121683597565,7.39470892585814,1.5036540438886732,0.06291121967789116,False,True
capacity,1,195,8.007101947441697,0.32578292302787304,0.00013993121683597565,8.007241878658533,1.511684199795127,0.06903589672706313,False,True
capacity,1,196,7.40353693254292,0.32803788781166077,0.0001601874828338623,7.403697120025754,1.519111200934276,0.049601464784059086,False,True
capacity,1,197,8.02176003344357,0.3165460657328367,0.00012991949915885925,8.021889952942729,1.5271554428618401,0.034357920852436524,False,True
capacity,1,198,7.467777002602816,0.33215596340596676,0.00014994293451309204,7.467926945537329,1.5346563218627125,0.033225709645149336,False,True
capacity,1,199,7.433272199705243,0.33291708678007126,0.00012991949915885925,7.433402119204402,1.5421181779820472,0.0515434579551885,False,True
capacity,1,200,7.618271047249436,0.3185600508004427,0.00012014061212539673,7.618391187861562,1.5497628289740533,0.03670396267224959,False,True
capacity,1,201,7.3894900269806385,0.31645502895116806,0.0001310836523771286,7.389621110633016,1.557182665914297,0.10064176744720019,False,True
capacity,1,202,8.148098131641746,0.3111159894615412,0.00013993121683597565,8.148238062858582,1.5653543879743665,0.06671221496083062,False,True
capacity,1,203,7.3758738581091166,0.31659589149057865,0.00012107193470001221,7.375994930043817,1.572753505781293,0.047451343782272844,False,True
capacity,1,204,8.176491130143404,0.32007298432290554,0.00013993121683597565,8.17663106136024,1.5809539719484746,0.08377649020901201,False,True
capacity,1,205,7.401973009109497,0.31538400799036026,0.00012991949915885925,7.402102928608656,1.5883791788946837,0.045490526297393814,False,True
capacity,1,206,8.193072862923145,0.31487294472754,0.00015995465219020844,8.193232817575336,1.5965955858118832,0.09972102926230368,False,True
capacity,1,207,7.395952008664608,0.32003317028284073,0.00012991949915885925,7.396081928163767,1.6040141198318452,0.06886730558925983,False,True
capacity,1,208,7.997404085472226,0.315363984555006,0.00012991949915885925,7.997534004971385,1.6120343368966132,0.10610138136011513,False,True
capacity,1,209,7.393067004159093,0.31499285250902176,0.00013015232980251312,7.393197156488895,1.6194502769503742,0.0868318458537213,False,True
capacity,1,210,7.9964520409703255,0.32094400376081467,0.00012083910405635834,7.996572880074382,1.627469461876899,0.06237494923586136,False,True
capacity,1,211,7.386825047433376,0.3220860380679369,0.00012991949915885925,7.386954966932535,1.634879550896585,0.13494801992273736,False,True
capacity,1,212,7.384831085801125,0.3152829594910145,0.00013085082173347473,7.384961936622858,1.642287164926529,0.06676977566112724,False,True
capacity,1,213,7.532849907875061,0.31468295492231846,0.00013015232980251312,7.5329800602048635,1.6498426168691367,0.031026359606788786,False,True
capacity,1,214,7.3820550460368395,0.3150829579681158,0.00013015232980251312,7.382185198366642,1.6572475549764931,0.12023289539669009,False,True
capacity,1,215,8.156835101544857,0.31586503610014915,0.00012991949915885925,8.156965021044016,1.665427102940157,0.08078665761679785,False,True
capacity,1,216,7.387896999716759,0.31645619310438633,0.00012991949915885925,7.388026919215918,1.672838102793321,0.05733948949470438,False,True
capacity,1,217,8.131717098876834,0.31496305018663406,0.000141095370054245,8.131858194246888,1.68099252297543,0.11342569210500246,False,True
capacity,1,218,7.389960810542107,0.31505292281508446,0.00013015232980251312,7.390090962871909,1.6884059777949005,0.07576831886931616,False,True
capacity,1,219,8.175649913027883,0.3133199643343687,0.00012014061212539673,8.175770053640008,1.6966043398715556,0.045140240857607726,False,True
capacity,1,220,7.412794046103954,0.31869998201727867,0.00013015232980251312,7.412924198433757,1.7040400269906968,0.05939698117631126,False,True
capacity,1,221,8.213861146941781,0.32000220380723476,0.00011990778148174286,8.213981054723263,1.7122814499307424,0.06561648405809198,False,True
capacity,1,222,7.413435028865933,0.31485315412282944,0.00012991949915885925,7.413564948365092,1.7197207338176668,0.11836961100153268,False,True
capacity,1,223,7.9825459979474545,0.3196720499545336,0.00013993121683597565,7.98268592916429,1.727726733777672,0.06772719394987356,False,True
capacity,1,224,7.399848895147443,0.3228278364986181,0.00014016404747962952,7.3999890591949224,1.7351498468779027,0.047493238725966655,False,True
capacity,1,225,7.688141893595457,0.31446199864149094,0.00012014061212539673,7.6882620342075825,1.7428611828945577,0.13864089737822752,False,True
capacity,1,226,7.4322400614619255,0.31446199864149094,0.00011990778148174286,7.432359969243407,1.7503161658532917,0.0416576086254061,False,True
capacity,1,227,7.4031660333275795,0.31585502438247204,0.00011990778148174286,7.403285941109061,1.7577428058721125,0.023809881223507794,False,True
capacity,1,228,8.146705105900764,0.31719706021249294,0.00011990778148174286,8.146825013682246,1.7659124839119613,0.10036062250062096,False,True
capacity,1,229,7.380842929705977,0.31574396416544914,0.00013015232980251312,7.38097308203578,1.7733169018756598,0.08586327296490742,False,True
capacity,1,230,8.155250921845436,0.312799122184515,0.00011990778148174286,8.155370829626918,1.7814947857987136,0.04621798808529859,False,True
capacity,1,231,7.396562024950981,0.32013189047574997,0.000141095370054245,7.396703120321035,1.7889143719803542,0.09205120740184489,False,True
capacity,1,232,8.117139805108309,0.3158149775117636,0.00014016404747962952,8.117279969155788,1.7970543547999114,0.029543414521440416,False,True
capacity,1,233,7.3898711707443,0.314552104100585,0.00012991949915885925,7.390001090243459,1.8044672389514744,0.025192017927950484,False,True
capacity,1,234,8.178394986316562,0.32121501863002777,0.00012991949915885925,8.17852490581572,1.812668546801433,0.012745871170259486,False,True
capacity,1,235,7.38838710822165,0.3232080489397049,0.00014086253941059113,7.388527970761061,1.820080207893625,0.0169408802677812,False,True
capacity,1,236,7.916381116956472,0.3174571320414543,0.00012107193470001221,7.916502188891172,1.8280194429680705,0.01459507314333772,False,True
capacity,1,237,7.364993914961815,0.3216660115867853,0.00012991949915885925,7.365123834460974,1.8354072198271751,0.0636619164158371,False,True
capacity,1,238,7.718368899077177,0.31554396264255047,0.00013015232980251312,7.71849905140698,1.843148501822725,0.12031664080353993,False,True
capacity,1,239,7.43909296579659,0.31393999233841896,0.00012107193470001221,7.43921403773129,1.8506107388529927,0.09180079936791966,False,True
capacity,1,240,7.400279166176915,0.32029300928115845,0.00013085082173347473,7.400410016998649,1.85803381097503,0.05511958526754249,False,True
capacity,1,241,8.149419911205769,0.32158498652279377,0.00014016404747962952,8.149560075253248,1.8662058438640088,0.045347818339694555,False,True
capacity,1,242,7.392696104943752,0.31512300483882427,0.00011990778148174286,7.392816012725234,1.8736211729701608,0.03676809799878206,False,True
capacity,1,243,8.154359878972173,0.31877984292805195,0.00012014061212539673,8.154480019584298,1.8817978748120368,0.023963629525318345,False,True
capacity,1,244,7.37532414495945,0.3186699468642473,0.00011990778148174286,7.3754440527409315,1.8891964519862086,0.05543911291956004,False,True
capacity,1,245,8.129432098940015,0.31516305170953274,0.00014086253941059113,8.129572961479425,1.8973488069605082,0.0075562509827243485,False,True
capacity,1,246,7.417932851240039,0.31869998201727867,0.00013993121683597565,7.418072782456875,1.904789803782478,0.017096198798474363,False,True
capacity,1,247,8.080881088972092,0.32048299908638,0.00012083910405635834,8.081001928076148,1.9128931579180062,0.003926674036142533,False,True
capacity,1,248,7.381004048511386,0.320974038913846,0.00012991949915885925,7.381133968010545,1.9202971148770303,0.00012917843613598765,False,True
capacity,1,249,7.992695085704327,0.32048299908638,0.0001511070877313614,7.992846192792058,1.9283126429654658,0.006296223168164208,False,True
capacity,1,250,7.406632183119655,0.315534183755517,0.00011990778148174286,7.406752090901136,1.9357421579770744,0.059800397346245766,False,True
capacity,1,251,7.699432782828808,0.3213149029761553,0.0001310836523771286,7.699563866481185,1.9434642437845469,0.0378461188639595,False,True
capacity,1,252,7.430376950651407,0.3183889202773571,0.00013015232980251312,7.43050710298121,1.9509178549051285,0.06233011106610446,False,True
capacity,1,253,7.373919943347573,0.3122671041637659,0.00012107193470001221,7.374041015282273,1.9583145678043365,0.1064187106462363,False,True
capacity,1,254,8.157326141372323,0.31346012838184834,0.00012991949915885925,8.157456060871482,1.9664949069265276,0.050016591431271816,False,True
capacity,1,255,7.380763068795204,0.32088393345475197,0.00013015232980251312,7.380893221125007,1.973898702999577,0.08986446077728877,False,True
capacity,2,0,7.754696067422628,0.30634598806500435,0.00012107193470001221,7.754817139357328,0.00776916416361928,,,False
capacity,2,1,7.066260790452361,0.31246780417859554,0.00013015232980251312,7.066390942782164,0.014858528971672058,,,False
capacity,2,2,7.828657049685717,0.30549499206244946,0.00012014061212539673,7.828777190297842,0.022710871184244752,,,False
capacity,2,3,7.0799570530653,0.31228805892169476,0.00010989606380462646,7.080066949129105,0.029814422130584717,,,False
capacity,2,4,7.558147190138698,0.3135800361633301,0.00011990778148174286,7.558267097920179,0.03739640419371426,,,False
capacity,2,5,7.180446060374379,0.3315641079097986,0.00013085082173347473,7.180576911196113,0.04461301909759641,,,False
capacity,2,6,7.551595102995634,0.31384103931486607,0.00012991949915885925,7.551725022494793,0.05219161510467529,,,False
capacity,2,7,7.116897031664848,0.3088521771132946,0.00011990778148174286,7.11701693944633,0.05933388904668391,,,False
capacity,2,8,7.0622439961880445,0.30499394051730633,0.00012014061212539673,7.06236413680017,0.06642000819556415,,,False
capacity,2,9,7.80853908509016,0.29917294159531593,0.00011990778148174286,7.808658992871642,0.07425167015753686,,,False
capacity,2,10,7.039912045001984,0.29565696604549885,0.00013015232980251312,7.040042197331786,0.08131460519507527,,,False
capacity,2,11,7.8258218709379435,0.2968190237879753,0.00013015232980251312,7.825952023267746,0.08916342002339661,,,False
capacity,2,12,7.037437986582518,0.2988430205732584,0.00011990778148174286,7.037557894363999,0.09622411103919148,,,False
capacity,2,13,7.500597974285483,0.2984411548823118,0.00014086253941059113,7.500738836824894,0.10374706098809838,,,False
capacity,2,14,7.090837927535176,0.30510383658111095,0.00012014061212539673,7.090958068147302,0.11086113308556378,,,False
capacity,2,15,7.332331966608763,0.3007759805768728,0.00011990778148174286,7.3324518743902445,0.11821585707366467,,,False
capacity,2,16,7.680757902562618,0.3049038350582123,0.00013015232980251312,7.680888054892421,0.12591949803754687,,,False
capacity,2,17,7.306514075025916,0.3051350358873606,0.00013993121683597565,7.306654006242752,0.1332487950567156,,,False
capacity,2,18,8.09541903436184,0.3133900463581085,0.00012991949915885925,8.095548953860998,0.14136655605398118,,,False
capacity,2,19,7.3453569784760475,0.3083408810198307,0.00013015232980251312,7.34548713080585,0.14873460517264903,,,False
capacity,2,20,8.142677135765553,0.3123281057924032,0.00012991949915885925,8.142807055264711,0.15689953416585922,,,False
capacity,2,21,7.335277972742915,0.3111159894615412,0.0001501757651567459,7.335428148508072,0.16425921814516187,,,False
capacity,2,22,8.11349181458354,0.3061958122998476,0.000141095370054245,8.113632909953594,0.1723958239890635,,,False
capacity,2,23,8.033462101593614,0.31004403717815876,0.00014994293451309204,8.033612044528127,0.18045373214408755,,,False
capacity,2,24,8.153026923537254,0.3091818653047085,0.000141095370054245,8.153168018907309,0.18863124609924853,,,False
capacity,2,25,7.329757092520595,0.31614513136446476,0.00013993121683597565,7.329897023737431,0.19598504807800055,,,False
capacity,2,26,7.909649051725864,0.30928198248147964,0.00012107193470001221,7.909770123660564,0.2039176111575216,,,False
capacity,2,27,7.342971861362457,0.32364879734814167,0.00012107193470001221,7.343092933297157,0.21128343604505062,,,False
capacity,2,28,7.939385017380118,0.32194587402045727,0.00014016404747962952,7.939525181427598,0.21924573415890336,,,False
capacity,2,29,7.3355380445718765,0.32087392173707485,0.000141095370054245,7.335679139941931,0.2266034041531384,,,False
capacity,2,30,7.362980162724853,0.32605393789708614,0.00014994293451309204,7.363130105659366,0.2339885951951146,,,False
capacity,2,31,8.104024920612574,0.3235088661313057,0.00011012889444828033,8.104135049507022,0.2421154431067407,,,False
capacity,2,32,7.345567224547267,0.3212250303477049,0.00012991949915885925,7.345697144046426,0.24948372319340706,,,False
capacity,2,33,8.110667113214731,0.3187800757586956,0.0001310836523771286,8.110798196867108,0.2576164621859789,,,False
capacity,2,34,7.3857230599969625,0.32606394961476326,0.00014994293451309204,7.385873002931476,0.2650244671385735,,,False
capacity,2,35,8.156053023412824,0.3183400258421898,0.00011990778148174286,8.156172931194305,0.2732031620107591,0.030731565885041983,False,True
capacity,2,36,7.41095095872879,0.3181588836014271,0.00012014061212539673,7.411071099340916,0.2806370360776782,0.027993174178445313,False,True
capacity,2,37,8.221505908295512,0.32808701507747173,0.00026100315153598785,8.221766911447048,0.2888818660285324,0.011364222933392816,False,True
capacity,2,38,7.408534875139594,0.3209540154784918,0.0001511070877313614,7.408685982227325,0.2963133240118623,0.016688387977470368,False,True
capacity,2,39,7.9963319003582,0.3180189523845911,0.00013015232980251312,7.996462052688003,0.30433259904384613,0.025217064279891798,False,True
capacity,2,40,7.4162709061056376,0.32297801226377487,0.00011990778148174286,7.416390813887119,0.31177266500890255,0.01902506522604528,False,True
capacity,2,41,8.020506938919425,0.3365729935467243,0.00013015232980251312,8.020637091249228,0.319816165138036,0.027472198731281615,False,True
capacity,2,42,7.381293922662735,0.32365904189646244,0.00012991949915885925,7.381423842161894,0.32722053304314613,0.032559057592488644,False,True
capacity,2,43,7.39143299870193,0.3168459516018629,0.00012991949915885925,7.391562918201089,0.3346350600477308,0.09043788797739899,False,True
capacity,2,44,7.766539929434657,0.3234690520912409,0.00012991949915885925,7.766669848933816,0.3424247039947659,0.06951305830105636,False,True
capacity,2,45,7.398186018690467,0.31707691960036755,0.0001310836523771286,7.398317102342844,0.3498458431567997,0.04660438993269901,False,True
capacity,2,46,8.151524001732469,0.3165558446198702,0.00011012889444828033,8.151634130626917,0.3580254002008587,0.04581220054521863,False,True
capacity,2,47,7.389741018414497,0.31799892894923687,0.0001501757651567459,7.389891194179654,0.3654383241664618,0.028875946312162597,False,True
capacity,2,48,8.202309953048825,0.31971209682524204,0.00013993121683597565,8.202449884265661,0.373663597041741,0.02373737138825199,False,True
capacity,2,49,7.392224855720997,0.3239000216126442,0.00013015232980251312,7.392355008050799,0.38107892498373985,0.01786935094118738,False,True
capacity,2,50,8.184876991435885,0.31719706021249294,0.0001511070877313614,8.185028098523617,0.38928680610843003,0.06740871747139356,False,True
capacity,2,51,7.383808959275484,0.32123480923473835,0.00014016404747962952,7.383949123322964,0.39669415913522243,0.0485309843730142,False,True
capacity,2,52,7.937121205031872,0.3265750128775835,0.00013993121683597565,7.937261136248708,0.4046541831921786,0.03972178171759727,False,True
capacity,2,53,7.390500977635384,0.3251219168305397,0.00012107193470001221,7.390622049570084,0.4120673071593046,0.08990713321641691,False,True
capacity,2,54,8.003735914826393,0.3194119781255722,0.00013015232980251312,8.003866067156196,0.4200938760768622,0.06294411015760248,False,True
capacity,2,55,7.398827001452446,0.32278685830533504,0.0001310836523771286,7.398958085104823,0.42751613818109035,0.05650344182194629,False,True
capacity,2,56,7.396311964839697,0.32494100742042065,0.00014086253941059113,7.3964528273791075,0.4349353730212897,0.04129944337726928,False,True
capacity,2,57,8.170570945367217,0.32098498195409775,0.00014994293451309204,8.17072088830173,0.443129318067804,0.033200391073132426,False,True
capacity,2,58,7.404989097267389,0.3183300141245127,9.988434612751007e-05,7.405088981613517,0.4505570591427386,0.023305598641106717,False,True
capacity,2,59,8.21478315629065,0.3299310337752104,0.00012083910405635834,8.214903995394707,0.45879528718069196,0.020620783349587637,False,True
capacity,2,60,7.440655957907438,0.33027189783751965,0.00013015232980251312,7.440786110237241,0.46626299410127103,0.07851600694364651,False,True
capacity,2,61,8.012613048776984,0.3227179404348135,0.00013993121683597565,8.01275297999382,0.474300614092499,0.06806592054096025,False,True
capacity,2,62,7.40332598797977,0.3209540154784918,0.00014994293451309204,7.403475930914283,0.48173051001504064,0.0852524137298251,False,True
capacity,2,63,8.205365855246782,0.3257028292864561,0.00013015232980251312,8.205496007576585,0.4899604220408946,0.06796829822030903,False,True
capacity,2,64,7.393907988443971,0.320312799885869,0.00014016404747962952,7.39404815249145,0.4973795171827078,0.04837601452770828,False,True
capacity,2,65,8.203212171792984,0.32069417648017406,0.00012991949915885925,8.203342091292143,0.5056062531657517,0.036779213956107705,False,True
capacity,2,66,7.413053885102272,0.3258239012211561,0.00013015232980251312,7.4131840374320745,0.5130421500653028,0.05061990357904471,False,True
capacity,2,67,8.011480793356895,0.3213149029761553,0.0001501757651567459,8.011630969122052,0.5210765739902854,0.04473850559421747,False,True
capacity,2,68,7.381134899333119,0.32129487954080105,0.00012991949915885925,7.381264818832278,0.5284808420110494,0.0499500364137376,False,True
capacity,2,69,7.967999204993248,0.31849998049438,0.00010989606380462646,7.968109101057053,0.5364715931937099,0.040618522388962325,False,True
capacity,2,70,7.402333896607161,0.31812884844839573,0.000141095370054245,7.402474991977215,0.5438969710376114,0.035808725585538645,False,True
capacity,2,71,7.419275818392634,0.3204839304089546,0.00013015232980251312,7.419405970722437,0.5513389490079135,0.036142949006374034,False,True
capacity,2,72,7.503092987462878,0.31835888512432575,0.00012014061212539673,7.503213128075004,0.5588650461286306,0.02067107353090078,False,True
capacity,2,73,7.384801050648093,0.31816912814974785,0.00013993121683597565,7.384940981864929,0.5662728811148554,0.03934089894247712,False,True
capacity,2,74,8.151735179126263,0.3174480516463518,0.00012991949915885925,8.151865098625422,0.5744477191474289,0.031754077185691926,False,True
capacity,2,75,7.3946991469711065,0.31880009919404984,0.00011990778148174286,7.394819054752588,0.5818662231322378,0.05165872044870697,False,True
capacity,2,76,8.16686311736703,0.3154140431433916,0.00011990778148174286,8.166983025148511,0.5900558691937476,0.1251241242790207,False,True
capacity,2,77,7.46445101685822,0.3281079698354006,0.0001501757651567459,7.464601192623377,0.5975522701628506,0.06531177134114761,False,True
capacity,2,78,8.200005860999227,0.32332888804376125,0.00012014061212539673,8.200126001611352,0.6057799779810011,0.011156709164468075,False,True
capacity,2,79,7.426960859447718,0.3256630152463913,0.00013993121683597565,7.427100790664554,0.6132336889859289,0.04101195359927394,False,True
capacity,2,80,8.214802946895361,0.3142920322716236,0.00013993121683597565,8.214942878112197,0.6214724769815803,0.08986073654790822,False,True
capacity,2,81,7.403627038002014,0.31387084163725376,0.00013015232980251312,7.403757190331817,0.6289009011816233,0.04698264294148216,False,True
capacity,2,82,7.9963319003582,0.3136799205094576,0.00014016404747962952,7.99647206440568,0.6369202360510826,0.047745953443773616,False,True
capacity,2,83,7.415017811581492,0.31650601886212826,0.00014016404747962952,7.415157975628972,0.6443593089934438,0.0807362181776623,False,True
capacity,2,84,7.378077832981944,0.3119369503110647,0.00014016404747962952,7.378217997029424,0.6517601399682462,0.02678354392439522,False,True
capacity,2,85,8.154370123520494,0.3194210585206747,0.00013993121683597565,8.15451005473733,0.6599376241210848,0.03434874033840624,False,True
capacity,2,86,7.371285930275917,0.31279888935387135,0.00013015232980251312,7.37141608260572,0.6673321931157261,0.08412288422927702,False,True
capacity,2,87,8.135464042425156,0.31153694726526737,0.00012991949915885925,8.135593961924314,0.6754906901624054,0.051098653300754526,False,True
capacity,2,88,7.3938078712671995,0.31313998624682426,0.00012991949915885925,7.393937790766358,0.6829077319707721,0.05394405480270024,False,True
capacity,2,89,8.173095062375069,0.31265895813703537,0.00012991949915885925,8.173224981874228,0.69110325910151,0.06878755086880452,False,True
capacity,2,90,7.394479820504785,0.31253881752491,0.00014016404747962952,7.394619984552264,0.698520831996575,0.05308172130784087,False,True
capacity,2,91,8.188504027202725,0.31724805012345314,0.00014016404747962952,8.188644191250205,0.7067320281639695,0.06199383719277976,False,True
capacity,2,92,7.393267005681992,0.31802779994904995,0.00013015232980251312,7.393397158011794,0.7141483891755342,0.05193152591406588,False,True
capacity,2,93,8.18142993375659,0.31249807216227055,0.00012991949915885925,8.181559853255749,0.7223521310370415,0.09795603112945019,False,True
capacity,2,94,7.379470858722925,0.30977302230894566,0.00012107193470001221,7.379591930657625,0.729754565982148,0.08810975658473356,False,True
capacity,2,95,7.966826902702451,0.3163060173392296,0.00012991949915885925,7.96695682220161,0.7377440449781716,0.03910903966639405,False,True
capacity,2,96,7.3873058427125216,0.3173269797116518,0.00013015232980251312,7.387435995042324,0.7451548150274903,0.06411178348787791,False,True
capacity,2,97,7.981433998793364,0.3162261564284563,0.00012991949915885925,7.981563918292522,0.7531588010024279,0.046638975619722675,False,True
capacity,2,98,7.385792909190059,0.3144319634884596,0.00010989606380462646,7.385902805253863,0.7605672869831324,0.06182939396159435,False,True
capacity,2,99,7.379350019618869,0.3194110468029976,0.0001310836523771286,7.379481103271246,0.7679698111023754,0.04748354016684862,False,True
capacity,2,100,8.141044061630964,0.3169560804963112,0.00013085082173347473,8.141174912452698,0.7761340490542352,0.05297013540700371,False,True
capacity,2,101,7.375783985480666,0.31710718758404255,0.00012991949915885925,7.375913904979825,0.7835332669783384,0.06173916196559548,False,True
capacity,2,102,8.13164608553052,0.3185791429132223,0.00012083910405635834,8.131766924634576,0.791687797056511,0.04866101603618012,False,True
capacity,2,103,7.384471129626036,0.32312795519828796,0.00013993121683597565,7.384611060842872,0.7990955621935427,0.04575192950248215,False,True
capacity,2,104,8.12691799364984,0.3174678422510624,0.00013015232980251312,8.127048145979643,0.8072452021297067,0.03125339084103354,False,True
capacity,2,105,7.381003117188811,0.3161251079291105,0.00014086253941059113,7.381143979728222,0.8146496301051229,0.03368818225103462,False,True
capacity,2,106,8.208039915189147,0.3259729128330946,0.00012107193470001221,8.208160987123847,0.8228805540129542,0.043185237875099744,False,True
capacity,2,107,7.38037284463644,0.3194008022546768,0.0001501757651567459,7.380523020401597,0.8302841710392386,0.028512705460601657,False,True
capacity,2,108,8.192370878532529,0.3181789070367813,0.0001310836523771286,8.192501962184906,0.8384999160189182,0.03469769606661835,False,True
capacity,2,109,7.40263401530683,0.31872885301709175,0.00012107193470001221,7.40275508724153,0.8459257541690022,0.03847356458771571,False,True
capacity,2,110,7.9748909920454025,0.3184590023010969,0.0001310836523771286,7.97502207569778,0.8539237091317773,0.04273365314069149,False,True
capacity,2,111,7.3900611605495214,0.3239000216126442,0.00011990778148174286,7.390181068331003,0.861338907154277,0.04753970685885043,False,True
capacity,2,112,7.3740610387176275,0.3168969415128231,0.00013993121683597565,7.3742009699344635,0.8687362221535295,0.03384877280560067,False,True
capacity,2,113,7.779414067044854,0.32263691537082195,0.00012107193470001221,7.779535138979554,0.8765383991412818,0.05103630599186311,False,True
capacity,2,114,7.3682700749486685,0.32223598100245,0.0001310836523771286,7.368401158601046,0.8839300931431353,0.08822524730988071,False,True
capacity,2,115,8.114004041999578,0.3134401049464941,0.00014994293451309204,8.114153984934092,0.8920670801308006,0.04777044761497682,False,True
capacity,2,116,7.3582809418439865,0.31210691668093204,0.0001310836523771286,7.358412025496364,0.8994482140988111,0.026039487934620513,False,True
capacity,2,117,8.144020102918148,0.31362008303403854,0.00012991949915885925,8.144150022417307,0.907615187112242,0.11641747202555323,False,True
capacity,2,118,7.401973940432072,0.32103504054248333,0.0001501757651567459,7.402124116197228,0.9150402240920812,0.05392033378451466,False,True
capacity,2,119,8.056233869865537,0.3136098384857178,0.00012107193470001221,8.056354941800237,0.9231191410217434,0.06435296797681367,False,True
capacity,2,120,7.38601409830153,0.3125290386378765,0.00011990778148174286,7.386134006083012,0.9305279580876231,0.10583026547609517,False,True
capacity,2,121,8.065082132816315,0.32028299756348133,0.00012991949915885925,8.065212052315474,0.938615782186389,0.053182397463559114,False,True
capacity,2,122,7.418684894219041,0.3203130327165127,0.00014994293451309204,7.418834837153554,0.946057440014556,0.03392856180270967,False,True
capacity,2,123,7.986233104020357,0.31593511812388897,0.00011990778148174286,7.986353011801839,0.9540662551298738,0.011620271973349113,False,True
capacity,2,124,7.410549093037844,0.3161949571222067,0.00012991949915885925,7.410679012537003,0.9614998081233352,0.006578585744063373,False,True
capacity,2,125,7.991632912307978,0.31616492196917534,0.0001310836523771286,7.991763995960355,0.9695139040704817,0.010272299682266737,False,True
capacity,2,126,7.40196299739182,0.321744941174984,0.00012083910405635834,7.402083836495876,0.9769380090292543,0.02256770109845453,False,True
capacity,2,127,7.383138174191117,0.31830999068915844,0.00011990778148174286,7.383258081972599,0.9843437091913074,0.009904330261713895,False,True
capacity,2,128,8.160552009940147,0.3189709968864918,0.00013993121683597565,8.160691941156983,0.9925271240063012,0.05258592476371054,False,True
capacity,2,129,7.442630128934979,0.32217614352703094,0.00011990778148174286,7.442750036716461,0.9999927571043372,0.03128743157757021,False,True
capacity,2,130,8.03856085985899,0.3233877941966057,0.000141095370054245,8.038701955229044,1.0080582790542394,0.014164409838977399,False,True
capacity,2,131,7.4539510533213615,0.33108401112258434,0.00011990778148174286,7.454070961102843,1.0155420061200857,0.024515632343630966,False,True
capacity,2,132,8.24885698966682,0.3299808595329523,0.0001501757651567459,8.249007165431976,1.0238178041763604,0.028209784771068353,False,True
capacity,2,133,7.507581962272525,0.33045210875570774,0.00014994293451309204,7.507731905207038,1.0313606830313802,0.011085046015598114,False,True
capacity,2,134,8.107371162623167,0.3347999881953001,0.00030081719160079956,8.107671979814768,1.039503431180492,0.009016941899139904,False,True
capacity,2,135,7.543629966676235,0.3501088358461857,0.00027008354663848877,7.543900050222874,1.047085533151403,0.03288877833540657,False,True
capacity,2,136,7.621777942404151,0.32633496448397636,0.00012991949915885925,7.62190786190331,1.054740373045206,0.0497879276030857,False,True
capacity,2,137,7.941949879750609,0.42326701804995537,0.00018998980522155762,7.942139869555831,1.0627380469813943,0.04809028768866494,False,True
capacity,2,138,7.589796790853143,0.33770501613616943,0.0001310836523771286,7.58992787450552,1.0703667979687452,0.07932315935188562,False,True
capacity,2,139,7.619162788614631,0.35203294828534126,0.0001601874828338623,7.619322976097465,1.0780315559823066,0.04335957124505644,False,True
capacity,2,140,7.491883123293519,0.32879901118576527,0.00012991949915885925,7.492013042792678,1.0855621010996401,0.05400803251750095,False,True
capacity,2,141,8.271589875221252,0.34381705336272717,0.000141095370054245,8.271730970591307,1.0938702099956572,0.08320707123740591,False,True
capacity,2,142,7.55122397094965,0.3227780107408762,0.00012991949915885925,7.551353890448809,1.101455467985943,0.028178806015812508,False,True
capacity,2,143,8.392267161980271,0.36268308758735657,0.00015995465219020844,8.392427116632462,1.1098889431450516,0.08964057149253167,False,True
capacity,2,144,7.620183983817697,0.38097682408988476,0.000141095370054245,7.620325079187751,1.117547039175406,0.05983259426702159,False,True
capacity,2,145,8.339368039742112,0.3646169789135456,0.00014994293451309204,8.339517982676625,1.1259205811657012,0.07454935113281713,False,True
capacity,2,146,7.4878050945699215,0.32097497023642063,0.00014994293451309204,7.487955037504435,1.1334427201654762,0.10687227756790955,False,True
capacity,2,147,8.436049800366163,0.34690299071371555,0.00013015232980251312,8.436179952695966,1.14191123098135,0.13827467264798832,False,True
capacity,2,148,7.600968005135655,0.34974911250174046,0.00020978040993213654,7.6011777855455875,1.1495562819764018,0.05598253618602562,False,True
capacity,2,149,8.145513013005257,0.3413921222090721,0.00013085082173347473,8.14564386382699,1.1577392159961164,0.07110258985103872,False,True
capacity,2,150,7.629772182554007,0.3590760752558708,0.00012991949915885925,7.629902102053165,1.1654170681722462,0.15489291615155057,False,True
capacity,2,151,8.324149064719677,0.33286609686911106,0.000141095370054245,8.324290160089731,1.1737796801608056,0.08728460034327525,False,True
capacity,2,152,7.478607818484306,0.3312740009278059,0.00012014061212539673,7.478727959096432,1.1812945459969342,0.053335211825775206,False,True
capacity,2,153,8.222647942602634,0.3218150231987238,0.0001310836523771286,8.222779026255012,1.189547942019999,0.041319018856116614,False,True
capacity,2,154,7.44068599306047,0.32557290978729725,0.00012014061212539673,7.440806133672595,1.1970174121670425,0.07247411643229769,False,True
capacity,2,155,7.995791034772992,0.3199318889528513,0.00012991949915885925,7.995920954272151,1.2050402141176164,0.03346238280459026,False,True
capacity,2,156,7.395861903205514,0.3181688953191042,0.00013015232980251312,7.3959920555353165,1.2124619050882757,0.08527794356819342,False,True
capacity,2,157,7.794823031872511,0.3178790211677551,0.00012991949915885925,7.79495295137167,1.2202819150406867,0.12148672890191115,False,True
capacity,2,158,7.480571046471596,0.32407999970018864,0.00017113052308559418,7.480742176994681,1.2277910001575947,0.08480679117415854,False,True
capacity,2,159,7.531557930633426,0.3338390961289406,0.00011990778148174286,7.5316778384149075,1.2353499790187925,0.06007629072388315,False,True
capacity,2,160,7.734359009191394,0.31762802973389626,0.00013015232980251312,7.734489161521196,1.2431107971351594,0.10597288840751196,False,True
capacity,2,161,7.389951031655073,0.31516305170953274,0.00013993121683597565,7.390090962871909,1.2505255851428956,0.08546690630430986,False,True
capacity,2,162,8.153457893058658,0.32211607322096825,0.00011012889444828033,8.153568021953106,1.2587029580026865,0.10050475583174734,False,True
capacity,2,163,7.405490148812532,0.3226781263947487,0.00012991949915885925,7.405620068311691,1.266132603166625,0.074843748255247,False,True
capacity,2,164,8.16040113568306,0.3150331322103739,9.988434612751007e-05,8.160501020029187,1.2743163481354713,0.04011548109171703,False,True
capacity,2,165,7.397845853120089,0.312507851049304,0.00013015232980251312,7.397976005449891,1.2817374980077147,0.12623218731731498,False,True
capacity,2,166,8.18591914139688,0.3208841662853956,0.00013085082173347473,8.186049992218614,1.2899467011447996,0.09108437923920061,False,True
capacity,2,167,7.393056061118841,0.31521287746727467,0.00013015232980251312,7.393186213448644,1.2973632311914116,0.05807248364583866,False,True
capacity,2,168,8.199505042284727,0.315043143928051,0.00014994293451309204,8.19965498521924,1.3055860600434244,0.09777652991412403,False,True
capacity,2,169,7.40065099671483,0.31858007423579693,0.00012991949915885925,7.400780916213989,1.3130102050490677,0.07956678432523451,False,True
capacity,2,170,7.94387306086719,0.3135199658572674,0.00015087425708770752,7.944023935124278,1.3209768910892308,0.14026026817652038,False,True
capacity,2,171,7.361687021329999,0.31238794326782227,0.00013015232980251312,7.3618171736598015,1.3283619121648371,0.0647706625347637,False,True
capacity,2,172,7.757983868941665,0.3141718916594982,0.00012991949915885925,7.7581137884408236,1.3361426789779216,0.03818897913038365,False,True
capacity,2,173,7.4326819740235806,0.31312997452914715,0.00011990778148174286,7.432801881805062,1.3435984540265054,0.09755060304135549,False,True
capacity,2,174,7.386083016172051,0.3194508608430624,0.00012107193470001221,7.386204088106751,1.3510074401274323,0.06546786858826631,False,True
capacity,2,175,8.148999884724617,0.31781895086169243,0.00011990778148174286,8.149119792506099,1.3591794329695404,0.04102221849761054,False,True
capacity,2,176,7.381414994597435,0.3154741134494543,0.00014994293451309204,7.381564937531948,1.366583880968392,0.057684665384216786,False,True
capacity,2,177,8.159680059179664,0.3253428731113672,0.00013993121683597565,8.1598199903965,1.3747665241826326,0.03690820298758475,False,True
capacity,2,178,7.389840902760625,0.32520201057195663,0.00013993121683597565,7.389980833977461,1.38218042999506,0.02513123557131732,False,True
capacity,2,179,8.136315969750285,0.31939195469021797,0.00013993121683597565,8.136455900967121,1.3903405300807208,0.03142017774090278,False,True
capacity,2,180,7.40953697822988,0.31948089599609375,0.000141095370054245,7.409678073599935,1.3977731610648334,0.07780375305165971,False,True
capacity,2,181,8.181910961866379,0.32310793176293373,0.00013015232980251312,8.182041114196181,1.405977965099737,0.06033925390269619,False,True
capacity,2,182,7.4054100550711155,0.32100407406687737,0.00016111880540847778,7.405571173876524,1.4134069201536477,0.0404747204492302,False,True
capacity,2,183,8.197751129046082,0.3206441178917885,0.00013993121683597565,8.197891060262918,1.421629968099296,0.03475961110168865,False,True
capacity,2,184,7.4025350622832775,0.32539316453039646,0.00011990778148174286,7.402654970064759,1.4290574500337243,0.02309698757365076,False,True
capacity,2,185,7.76270218193531,0.31779822893440723,0.00013085082173347473,7.762833032757044,1.4368433861527592,0.055403468493516975,False,True
capacity,2,186,7.439774926751852,0.3176580648869276,0.00011990778148174286,7.439894834533334,1.4443137079942971,0.04402746924399799,False,True
capacity,2,187,7.39794597029686,0.31698704697191715,0.00011990778148174286,7.3980658780783415,1.4517347270157188,0.022408814557250134,False,True
capacity,2,188,7.913545938208699,0.3239798825234175,0.00014016404747962952,7.913686102256179,1.4596719380933791,0.06242736763723143,False,True
capacity,2,189,7.413303945213556,0.33160392194986343,0.000141095370054245,7.4134450405836105,1.46710831602104,0.045888417440781745,False,True
capacity,2,190,8.169678971171379,0.3163260407745838,0.00013993121683597565,8.169818902388215,1.475300817983225,0.028998199755721866,False,True
capacity,2,191,7.407804019749165,0.3213239833712578,0.00012107193470001221,7.407925091683865,1.4827329681720585,0.06638637169142564,False,True
capacity,2,192,8.173264795914292,0.32060290686786175,0.00012014061212539673,8.173384936526418,1.4909295269753784,0.05509941512554653,False,True
capacity,2,193,7.395521039143205,0.32135494984686375,0.00013993121683597565,7.395660970360041,1.4983495441265404,0.04549789525679043,False,True
capacity,2,194,8.19288194179535,0.31645502895116806,0.000141095370054245,8.193023037165403,1.5065655000507832,0.06291121967789116,False,True
capacity,2,195,7.466173963621259,0.33513084053993225,0.00012014061212539673,7.466294104233384,1.514058604137972,0.06903589672706313,False,True
capacity,2,196,8.011561119928956,0.32226601615548134,0.00013993121683597565,8.011701051145792,1.522098028101027,0.049601464784059086,False,True
capacity,2,197,7.42048816755414,0.3231081645935774,0.00012991949915885925,7.420618087053299,1.5295456871390343,0.034357920852436524,False,True
capacity,2,198,8.016248932108283,0.326845096424222,0.0001310836523771286,8.01638001576066,1.537586092017591,0.033225709645149336,False,True
capacity,2,199,7.402573945000768,0.32852799631655216,0.000141095370054245,7.402715040370822,1.5450128021184355,0.0515434579551885,False,True
capacity,2,200,7.7712880447506905,0.3162550274282694,0.0001511070877313614,7.771439151838422,1.5528067031409591,0.03670396267224959,False,True
capacity,2,201,7.442769827321172,0.3245510160923004,0.00012014061212539673,7.442889967933297,1.5602723059710115,0.10064176744720019,False,True
capacity,2,202,7.400339934974909,0.3151330165565014,0.00012014061212539673,7.400460075587034,1.567695870064199,0.06671221496083062,False,True
capacity,2,203,8.149300003424287,0.3303110133856535,0.000141095370054245,8.149441098794341,1.5758680840954185,0.047451343782272844,False,True
capacity,2,204,7.371807005256414,0.3150929696857929,0.00014016404747962952,7.371947169303894,1.5832634451799095,0.08377649020901201,False,True
capacity,2,205,8.148950058966875,0.31788903288543224,0.00013993121683597565,8.149089990183711,1.5914350571110845,0.045490526297393814,False,True
capacity,2,206,7.420327980071306,0.31760777346789837,0.00012014061212539673,7.420448120683432,1.5988787491805851,0.09972102926230368,False,True
capacity,2,207,8.186299819499254,0.31546386890113354,0.00013015232980251312,8.186429971829057,1.6070876310113817,0.06886730558925983,False,True
capacity,2,208,7.3843300342559814,0.31575514003634453,0.00013993121683597565,7.384469965472817,1.6144950140733272,0.10610138136011513,False,True
capacity,2,209,8.183934958651662,0.3157739993184805,0.00011990778148174286,8.184054866433144,1.622702033026144,0.0868318458537213,False,True
capacity,2,210,7.399298017844558,0.3207540139555931,0.00011012889444828033,7.399408146739006,1.6301240341272205,0.06237494923586136,False,True
capacity,2,211,7.99675309099257,0.31487317755818367,0.00012991949915885925,7.996883010491729,1.6381435201037675,0.13494801992273736,False,True
capacity,2,212,7.414226187393069,0.3151530399918556,0.00013993121683597565,7.414366118609905,1.645580679178238,0.06676977566112724,False,True
capacity,2,213,8.031628094613552,0.3236390184611082,0.00013993121683597565,8.031768025830388,1.6536359621677548,0.031026359606788786,False,True
capacity,2,214,7.413516053929925,0.31907111406326294,0.00014994293451309204,7.413665996864438,1.6610728420782834,0.12023289539669009,False,True
capacity,2,215,7.7189498115330935,0.31632487662136555,0.00013015232980251312,7.719079963862896,1.668814904987812,0.08078665761679785,False,True
capacity,2,216,7.443050155416131,0.3203931264579296,0.00013085082173347473,7.4431810062378645,1.6762805981561542,0.05733948949470438,False,True
capacity,2,217,7.4094971641898155,0.3177681937813759,0.00012083910405635834,7.409618003293872,1.6837130491621792,0.11342569210500246,False,True
capacity,2,218,8.17000912502408,0.3216650802642107,0.00014994293451309204,8.170159067958593,1.6919057911727577,0.07576831886931616,False,True
capacity,2,219,7.393857929855585,0.3143420908600092,0.00012991949915885925,7.393987849354744,1.6993225920014083,0.045140240857607726,False,True
capacity,2,220,8.148869033902884,0.3139709588140249,0.00011990778148174286,8.148988941684365,1.7074946351349354,0.05939698117631126,False,True
capacity,2,221,7.38173583522439,0.31509390100836754,0.00014016404747962952,7.38187599927187,1.7148998649790883,0.06561648405809198,False,True
capacity,2,222,8.136376040056348,0.31382101587951183,0.00012991949915885925,8.136505959555507,1.7230587331578135,0.11836961100153268,False,True
capacity,2,223,7.4028149247169495,0.31392090022563934,0.00012991949915885925,7.402944844216108,1.7304849619977176,0.06772719394987356,False,True
capacity,2,224,8.176662027835846,0.3150331322103739,0.00013993121683597565,8.176801959052682,1.7386842060368508,0.047493238725966655,False,True
capacity,2,225,7.403275929391384,0.3207540139555931,0.00012991949915885925,7.403405848890543,1.7461110260337591,0.13864089737822752,False,True
capacity,2,226,7.987636141479015,0.3143320791423321,0.00011990778148174286,7.987756049260497,1.7541243901941925,0.0416576086254061,False,True
capacity,2,227,7.384129799902439,0.3163458313792944,0.00012014061212539673,7.3842499405145645,1.761531803989783,0.023809881223507794,False,True
capacity,2,228,7.706796983256936,0.31884992495179176,0.00010989606380462646,7.706906879320741,1.7692612430546433,0.10036062250062096,False,True
capacity,2,229,7.436187006533146,0.3123478963971138,0.0001310836523771286,7.436318090185523,1.776720424182713,0.08586327296490742,False,True
capacity,2,230,7.406512042507529,0.3196119796484709,0.00012014061212539673,7.406632183119655,1.7841495291795582,0.04621798808529859,False,True
capacity,2,231,8.107481990009546,0.32591400668025017,0.00013993121683597565,8.107621921226382,1.7922801040112972,0.09205120740184489,False,True
capacity,2,232,7.415618980303407,0.3149830736219883,0.00011990778148174286,7.4157388880848885,1.7997185860294849,0.029543414521440416,False,True
capacity,2,233,8.1551109906286,0.32183597795665264,0.00012991949915885925,8.155240910127759,1.8078965400345623,0.025192017927950484,False,True
capacity,2,234,7.403115043416619,0.3167460672557354,0.00012991949915885925,7.403244962915778,1.8153267060406506,0.012745871170259486,False,True
capacity,2,235,8.243998046964407,0.32950006425380707,0.00015995465219020844,8.244158001616597,1.8235980160534382,0.0169408802677812,False,True
capacity,2,236,7.448670919984579,0.3318649251013994,0.00011990778148174286,7.448790827766061,1.8310735980048776,0.01459507314333772,False,True
capacity,2,237,8.213992230594158,0.32190605998039246,0.00010989606380462646,8.214102126657963,1.8393135291989893,0.0636619164158371,False,True
capacity,2,238,7.4515859596431255,0.32530189491808414,0.00012107193470001221,7.4517070315778255,1.8467963440343738,0.12031664080353993,False,True
capacity,2,239,8.03926307708025,0.3294211346656084,0.00013993121683597565,8.039403008297086,1.8548648620489985,0.09180079936791966,False,True
capacity,2,240,7.440777029842138,0.32025296241045,0.00013993121683597565,7.440916961058974,1.862334794132039,0.05511958526754249,False,True
capacity,2,241,8.039494045078754,0.32183597795665264,0.00013993121683597565,8.03963397629559,1.870401208056137,0.045347818339694555,False,True
capacity,2,242,7.41679104976356,0.3190510906279087,0.00012991949915885925,7.416920969262719,1.8778452100232244,0.03676809799878206,False,True
capacity,2,243,8.004547096788883,0.3173870500177145,0.00014086253941059113,8.004687959328294,1.885879954090342,0.023963629525318345,False,True
capacity,2,244,7.39702396094799,0.3198320046067238,0.00013015232980251312,7.397154113277793,1.893300793133676,0.05543911291956004,False,True
capacity,2,245,7.3951599188148975,0.31623500399291515,0.00012107193470001221,7.3952809907495975,1.9007189969997853,0.0075562509827243485,False,True
capacity,2,246,8.163546910509467,0.3239498473703861,0.00012014061212539673,8.163667051121593,1.9089052970521152,0.017096198798474363,False,True
capacity,2,247,7.384179159998894,0.32204599119722843,0.00011082738637924194,7.384289987385273,1.9163131611421704,0.003926674036142533,False,True
capacity,2,248,8.162113837897778,0.32167485915124416,0.0001511070877313614,8.162264944985509,1.924498168984428,0.00012917843613598765,False,True
capacity,2,249,7.4172120075672865,0.32344902865588665,0.00012991949915885925,7.417341927066445,1.93193893507123,0.006296223168164208,False,True
capacity,2,250,8.167864987626672,0.3183500375598669,0.00013015232980251312,8.167995139956474,1.9401292221155018,0.059800397346245766,False,True
capacity,2,251,7.391283055767417,0.31741801649332047,0.00013993121683597565,7.391422986984253,1.947543669026345,0.0378461188639595,False,True
capacity,2,252,8.187361992895603,0.3213149029761553,0.00012014061212539673,8.187482133507729,1.955753784161061,0.06233011106610446,False,True
capacity,2,253,7.397626060992479,0.3221570514142513,0.00011990778148174286,7.397745968773961,1.9631745831575245,0.1064187106462363,False,True
capacity,2,254,7.97737599350512,0.31793792732059956,0.0001511070877313614,7.977527100592852,1.9711747320834547,0.050016591431271816,False,True
capacity,2,255,7.3801230173558,0.31510298140347004,0.00014994293451309204,7.380272960290313,1.9785778680816293,0.08986446077728877,False,True
paced_30fps,0,0,7.560132071375847,0.3130999393761158,0.07972004823386669,7.6398521196097136,0.0076398521196097136,,,False
paced_30fps,0,1,7.664608070626855,0.37383311428129673,0.05911453627049923,7.723722606897354,0.04105705604888499,,,False
paced_30fps,0,2,7.688302081078291,0.37415395490825176,0.05871639586985111,7.747018476948142,0.07441368512809277,,,False
paced_30fps,0,3,7.691278122365475,0.38556591607630253,0.06075296550989151,7.752031087875366,0.10775203118100762,,,False
paced_30fps,0,4,7.687289966270328,0.37519587203860283,0.05907285958528519,7.746362825855613,0.14107969612814486,,,False
paced_30fps,0,5,7.699683075770736,0.3732119221240282,0.05942629650235176,7.7591093722730875,0.17442577611654997,,,False
paced_30fps,0,6,7.540163118392229,0.4349490627646446,0.06272504106163979,7.602888159453869,0.20760288811288774,,,False
paced_30fps,0,7,7.845838088542223,0.6977131124585867,0.07155467756092548,7.9173927661031485,0.24125072616152465,,,False
paced_30fps,0,8,7.910100044682622,0.4261820577085018,0.06637745536863804,7.97647750005126,0.27464314410462976,,,False
paced_30fps,0,9,7.885974133387208,0.4250400234013796,0.06695091724395752,7.9529250506311655,0.3079529250971973,,,False
paced_30fps,0,10,7.235029013827443,0.3712188918143511,0.06152386777102947,7.296552881598473,0.3406298861373216,,,False
paced_30fps,0,11,7.6025910675525665,0.30736904591321945,0.05837040953338146,7.660961477085948,0.3743276281747967,,,False
paced_30fps,0,12,7.131104124709964,0.30792015604674816,0.05850312300026417,7.189607247710228,0.40718960715457797,,,False
paced_30fps,0,13,7.741932990029454,0.37968484684824944,0.06041978485882282,7.802352774888277,0.44113568612374365,,,False
paced_30fps,0,14,7.697520079091191,0.380396144464612,0.060292426496744156,7.7578125055879354,0.4744244790636003,,,False
paced_30fps,0,15,8.116088109090924,0.38681807927787304,0.06047496572136879,8.176563074812293,0.5081765630748123,,,False
paced_30fps,0,16,8.31229705363512,0.47630700282752514,0.06220163777470589,8.374498691409826,0.5417078321333975,,,False
paced_30fps,0,17,8.079959079623222,0.3789931070059538,0.059449346736073494,8.139408426359296,0.5748060750775039,,,False
paced_30fps,0,18,8.080681087449193,0.38852100260555744,0.06045401096343994,8.141135098412633,0.6081411351915449,,,False
paced_30fps,0,19,8.079789113253355,0.3875591792166233,0.058803707361221313,8.138592820614576,0.6414719261229038,,,False
paced_30fps,0,20,8.092272095382214,0.3834809176623821,0.06024935282766819,8.152521448209882,0.6748191881924868,,,False
paced_30fps,0,21,8.073818171396852,0.3856860566884279,0.05946005694568157,8.133278228342533,0.7081332781817764,,,False
paced_30fps,0,22,8.05112486705184,0.37781079299747944,0.06031477823853493,8.111439645290375,0.7414447730407119,,,False
paced_30fps,0,23,8.084026863798499,0.38360198959708214,0.06010755896568298,8.144134422764182,0.7748108010273427,,,False
paced_30fps,0,24,8.1633769441396,0.4042210057377815,0.06075110286474228,8.224128047004342,0.8082241280935705,,,False
paced_30fps,0,25,8.091921918094158,0.3945729695260525,0.06187590770423412,8.153797825798392,0.8414871310815215,,,False
paced_30fps,0,26,8.132398827001452,0.38066692650318146,0.05917344242334366,8.191572269424796,0.8748582389671355,,,False
paced_30fps,0,27,8.09851405210793,0.39820908568799496,0.05886610597372055,8.15738015808165,0.9081573800649494,,,False
paced_30fps,0,28,8.09163087978959,0.39536389522254467,0.05971081554889679,8.151341695338488,0.9414846750441939,,,False
paced_30fps,0,29,7.4958098120987415,0.3243607934564352,0.058360630646348,7.5541704427450895,0.9742208370007575,,,False
paced_30fps,0,30,7.532007992267609,0.4014361184090376,0.061399070546031,7.59340706281364,1.0075934070628136,,,False
paced_30fps,0,31,7.54409097135067,0.3981089685112238,0.060149701312184334,7.604240672662854,1.0409375741146505,,,False
paced_30fps,0,32,8.093234850093722,0.322496984153986,0.05856947973370552,8.151804329827428,1.074818470980972,,,False
paced_30fps,0,33,8.006671909242868,0.3313340712338686,0.23239897564053535,8.239070884883404,1.1082390709780157,,,False
paced_30fps,0,34,8.166202111169696,0.5078560207039118,0.06316369399428368,8.22936580516398,1.1415626991074532,,,False
paced_30fps,0,35,7.6975098345428705,0.521200941875577,0.061553437262773514,7.759063271805644,1.1744257300160825,0.030731565885041983,False,True
paced_30fps,0,36,8.309461874887347,0.5125049501657486,0.062007224187254906,8.371469099074602,1.2083714690525085,0.027993174178445313,False,True
paced_30fps,0,37,8.47797910682857,0.3748759627342224,0.060296617448329926,8.5382757242769,1.2418716091196984,0.011364222933392816,False,True
paced_30fps,0,38,8.372801123186946,0.42892713099718094,0.061191385611891747,8.433992508798838,1.2751006591133773,0.016688387977470368,False,True
paced_30fps,0,39,8.345909882336855,0.4350990056991577,0.0600120984017849,8.40592198073864,1.3084059220273048,0.025217064279891798,False,True
paced_30fps,0,40,8.425639942288399,0.45511708594858646,0.06974278949201107,8.49538273178041,1.3418287159875035,0.01902506522604528,False,True
paced_30fps,0,41,8.467728970572352,0.4573711194097996,0.06825337186455727,8.53598234243691,1.3752026490401477,0.027472198731281615,False,True
paced_30fps,0,42,8.356920909136534,0.4200609400868416,0.06353715434670448,8.420458063483238,1.408420457970351,0.032559057592488644,False,True
paced_30fps,0,43,8.501773001626134,0.45208097435534,0.06667571142315865,8.568448713049293,1.4419017820619047,0.09043788797739899,False,True
paced_30fps,0,44,8.069940842688084,0.45935483649373055,0.06271060556173325,8.132651448249817,1.4747993180062622,0.06951305830105636,False,True
paced_30fps,0,45,8.568579098209739,0.4585131537169218,0.07040798664093018,8.638987084850669,1.5086389870848507,0.04660438993269901,False,True
paced_30fps,0,46,8.007453056052327,0.4451780114322901,0.0642996747046709,8.071752730756998,1.5414050861727446,0.04581220054521863,False,True
paced_30fps,0,47,8.683094987645745,0.5618780851364136,0.06503332406282425,8.74812831170857,1.5754147949628532,0.028875946312162597,False,True
paced_30fps,0,48,8.435358060523868,0.43252413161098957,0.06510689854621887,8.500464959070086,1.6085004650522023,0.02373737138825199,False,True
paced_30fps,0,49,8.464733837172389,0.4709868226200342,0.0670428853482008,8.53177672252059,1.6418651100248098,0.01786935094118738,False,True
paced_30fps,0,50,8.3601379301399,0.4498269408941269,0.06582331843674183,8.425961248576641,1.6750926279928535,0.06740871747139356,False,True
paced_30fps,0,51,8.196800015866756,0.38879201747477055,0.06357207894325256,8.260372094810009,1.7082603720482439,0.0485309843730142,False,True
paced_30fps,0,52,8.310612989589572,0.439265975728631,0.06415671668946743,8.37476970627904,1.7417081031017005,0.03972178171759727,False,True
paced_30fps,0,53,8.26424709521234,0.43357606045901775,0.06133341230452061,8.325580507516861,1.7749922471120954,0.08990713321641691,False,True
paced_30fps,0,54,8.220073999837041,0.38775987923145294,0.0616670586168766,8.281741058453918,1.80828174110502,0.06294411015760248,False,True
paced_30fps,0,55,8.342774119228125,0.43982802890241146,0.06388477049767971,8.406658889725804,1.841739992145449,0.05650344182194629,False,True
paced_30fps,0,56,8.324889931827784,0.43917587026953697,0.06378744728863239,8.388677379116416,1.8750553440768272,0.04129944337726928,False,True
paced_30fps,0,57,8.30017402768135,0.4230160266160965,0.0627380795776844,8.362912107259035,1.9083629120141268,0.033200391073132426,False,True
paced_30fps,0,58,8.240733062848449,0.4095309413969517,0.05917367525398731,8.299906738102436,1.9416332400869578,0.023305598641106717,False,True
paced_30fps,0,59,8.259377907961607,0.4087400157004595,0.05901651456952095,8.318394422531128,1.9749850609805435,0.020620783349587637,False,True
paced_30fps,0,60,8.279053959995508,0.41463994421064854,0.05983118899166584,8.338885148987174,2.008338885148987,0.07851600694364651,False,True
paced_30fps,0,61,8.306385949254036,0.4174760542809963,0.059503596276044846,8.36588954553008,2.0416992229875177,0.06806592054096025,False,True
paced_30fps,0,62,8.250781102105975,0.4091700538992882,0.06130943074822426,8.3120905328542,2.074978757183999,0.0852524137298251,False,True
paced_30fps,0,63,7.708961144089699,0.37400401197373867,0.0628249254077673,7.771786069497466,2.1077717861626297,0.06796829822030903,False,True
paced_30fps,0,64,8.073135977610946,0.39119599387049675,0.0721057876944542,8.1452417653054,2.1414785750675946,0.04837601452770828,False,True
paced_30fps,0,65,8.52799299173057,0.45906403101980686,0.06914325058460236,8.597136242315173,2.175263802986592,0.036779213956107705,False,True
paced_30fps,0,66,8.277280954644084,0.5007730796933174,0.07538706995546818,8.352668024599552,2.2083526679780334,0.05061990357904471,False,True
paced_30fps,0,67,8.32305708900094,0.4938689526170492,0.07275561802089214,8.395812707021832,2.2417291461024433,0.04473850559421747,False,True
paced_30fps,0,68,8.373271906748414,0.5262298509478569,0.07377052679657936,8.447042433544993,2.2751137090381235,0.0499500364137376,False,True
paced_30fps,0,69,8.76294495537877,0.5914329085499048,0.07214001379907131,8.835084969177842,2.308835085015744,0.040618522388962325,False,True
paced_30fps,0,70,8.418646873906255,0.44861389324069023,0.07401686161756516,8.49266373552382,2.341825996991247,0.035808725585538645,False,True
paced_30fps,0,71,8.413186995312572,0.44767302460968494,0.06626429967582226,8.479451294988394,2.375146117992699,0.036142949006374034,False,True
paced_30fps,0,72,9.499282110482454,0.5837590433657169,0.08011306636035442,9.579395176842809,2.4095793950837106,0.02067107353090078,False,True
paced_30fps,0,73,8.433054899796844,0.4438660107553005,0.0677227508276701,8.500777650624514,2.44183411099948,0.03934089894247712,False,True
paced_30fps,0,74,7.74621102027595,0.40220702067017555,0.06321747787296772,7.809428498148918,2.4744760950561613,0.031754077185691926,False,True
paced_30fps,0,75,7.686428958550096,0.41217589750885963,0.060595106333494186,7.74702406488359,2.5077470240648836,0.05165872044870697,False,True
paced_30fps,0,76,8.352973964065313,0.42376783676445484,0.06269174627959728,8.41566571034491,2.5417489991523325,0.1251241242790207,False,True
paced_30fps,0,77,8.40173615142703,0.4354300908744335,0.06426731124520302,8.466003462672234,2.575132670113817,0.06531177134114761,False,True
paced_30fps,0,78,8.269415935501456,0.41860807687044144,0.06105494685471058,8.330470882356167,2.6083304709754884,0.011156709164468075,False,True
paced_30fps,0,79,8.252585073933005,0.4199109971523285,0.06165867671370506,8.31424375064671,2.641647577052936,0.04101195359927394,False,True
paced_30fps,0,80,8.402628125622869,0.35263411700725555,0.06015831604599953,8.462786441668868,2.6751294531859457,0.08986073654790822,False,True
paced_30fps,0,81,8.341100998222828,0.4357199650257826,0.061775092035532,8.40287609025836,2.7084028760436922,0.04698264294148216,False,True
paced_30fps,0,82,8.508116006851196,0.44306390918791294,0.0671877060085535,8.57530371285975,2.7419086371082813,0.047745953443773616,False,True
paced_30fps,0,83,8.328157011419535,0.43362705036997795,0.061189522966742516,8.389346534386277,2.7750560131389648,0.0807362181776623,False,True
paced_30fps,0,84,7.978908950462937,0.41071302257478237,0.060782069340348244,8.039691019803286,2.8080396910663694,0.02678354392439522,False,True
paced_30fps,0,85,8.273924933746457,0.414571026340127,0.06428081542253494,8.338205749168992,2.841671539004892,0.03434874033840624,False,True
paced_30fps,0,86,8.450167020782828,0.46270107850432396,0.06673834286630154,8.51690536364913,2.87518357206136,0.08412288422927702,False,True
paced_30fps,0,87,8.344668196514249,0.4356801509857178,0.06179208867251873,8.406460285186768,2.9084064601920545,0.051098653300754526,False,True
paced_30fps,0,88,8.36330302990973,0.4249000921845436,0.06184563972055912,8.425148669630289,2.9417584820184857,0.05394405480270024,False,True
paced_30fps,0,89,8.4209309425205,0.3777509555220604,0.06398255936801434,8.484913501888514,2.975151580059901,0.06878755086880452,False,True
paced_30fps,0,90,8.25722306035459,0.4556670319288969,0.06589898839592934,8.32312204875052,3.0083231220487505,0.05308172130784087,False,True
paced_30fps,0,91,8.744070073589683,0.4858151078224182,0.0708606094121933,8.814930683001876,3.0421482641249895,0.06199383719277976,False,True
paced_30fps,0,92,8.403018116950989,0.4344580229371786,0.06548338569700718,8.468501502647996,3.0751351681537926,0.05193152591406588,False,True
paced_30fps,0,93,8.26752302236855,0.425111036747694,0.06333203054964542,8.330855052918196,3.1083308551460505,0.09795603112945019,False,True
paced_30fps,0,94,8.182582911103964,0.38755894638597965,0.06166286766529083,8.244245778769255,3.1415775790810585,0.08810975658473356,False,True
paced_30fps,0,95,7.631075102835894,0.32407999970018864,0.06126426160335541,7.692339364439249,3.174359006108716,0.03910903966639405,False,True
paced_30fps,0,96,8.177303010597825,0.41225599125027657,0.060516176745295525,8.23781918734312,3.208237819140777,0.06411178348787791,False,True
paced_30fps,0,97,8.209824096411467,0.4023970104753971,0.06026867777109146,8.270092774182558,3.241603426169604,0.046638975619722675,False,True
paced_30fps,0,98,8.167614927515388,0.38614682853221893,0.05783652886748314,8.22545145638287,3.2748921180609614,0.06182939396159435,False,True
paced_30fps,0,99,8.126115892082453,0.39659603498876095,0.06056507118046284,8.186680963262916,3.308186681009829,0.04748354016684862,False,True
paced_30fps,0,100,8.31238692626357,0.41060312651097775,0.06095878779888153,8.373345714062452,3.3417066789697856,0.05297013540700371,False,True
paced_30fps,0,101,8.636147016659379,0.5481920670717955,0.06266427226364613,8.698811288923025,3.3753654779866338,0.06173916196559548,False,True
paced_30fps,0,102,8.406785083934665,0.38090720772743225,0.0651420559734106,8.471927139908075,3.408471927046776,0.04866101603618012,False,True
paced_30fps,0,103,8.353936020284891,0.47487393021583557,0.06504473276436329,8.418980753049254,3.4417523141019046,0.04575192950248215,False,True
paced_30fps,0,104,8.279223926365376,0.4046920221298933,0.06147148087620735,8.340695407241583,3.475007361965254,0.03125339084103354,False,True
paced_30fps,0,105,8.281388087198138,0.4337660502642393,0.06236601620912552,8.343754103407264,3.5083437541034073,0.03368818225103462,False,True
paced_30fps,0,106,7.910531014204025,0.3986197989434004,0.06294972263276577,7.973480736836791,3.5413068141788244,0.043185237875099744,False,True
paced_30fps,0,107,8.29654699191451,0.41655381210148335,0.0625725369900465,8.359119528904557,3.575025786180049,0.028512705460601657,False,True
paced_30fps,0,108,8.188755018636584,0.4075870383530855,0.06059091538190842,8.249345934018493,3.6082493460271508,0.03469769606661835,False,True
paced_30fps,0,109,8.167505031451583,0.3947329241782427,0.061575789004564285,8.229080820456147,3.6415624141227454,0.03847356458771571,False,True
paced_30fps,0,110,8.13075597397983,0.3915571141988039,0.05931430496275425,8.190070278942585,3.6748567370232195,0.04273365314069149,False,True
paced_30fps,0,111,8.182742865756154,0.39765797555446625,0.06055017001926899,8.243293035775423,3.7082432929892093,0.04753970685885043,False,True
paced_30fps,0,112,8.144531166180968,0.39217807352542877,0.061985570937395096,8.206516737118363,3.74153985013254,0.03384877280560067,False,True
paced_30fps,0,113,8.132308023050427,0.38868095725774765,0.06015552207827568,8.192463545128703,3.774859130149707,0.05103630599186311,False,True
paced_30fps,0,114,8.104315027594566,0.39019412361085415,0.05940697155892849,8.163721999153495,3.8081637220457196,0.08822524730988071,False,True
paced_30fps,0,115,8.179967990145087,0.39161695167422295,0.059599755331873894,8.239567745476961,3.8415729010012,0.04777044761497682,False,True
paced_30fps,0,116,8.146754931658506,0.3860259894281626,0.06018439307808876,8.206939324736595,3.8748736060224473,0.026039487934620513,False,True
paced_30fps,0,117,8.12377198599279,0.3944728523492813,0.059966230764985085,8.183738216757774,3.9081837381236255,0.11641747202555323,False,True
paced_30fps,0,118,8.099125931039453,0.382609898224473,0.06005982868373394,8.159185759723186,3.9414925191085786,0.05392033378451466,False,True
paced_30fps,0,119,8.099337108433247,0.38612703792750835,0.059671467170119286,8.159008575603366,3.9748256751336157,0.06435296797681367,False,True
paced_30fps,0,120,8.148419205099344,0.3889321815222502,0.05987496115267277,8.208294166252017,4.008208294166252,0.10583026547609517,False,True
paced_30fps,0,121,8.094037184491754,0.3968370147049427,0.05831453017890453,8.152351714670658,4.041485685156658,0.053182397463559114,False,True
paced_30fps,0,122,8.13686684705317,0.38178800605237484,0.060352496802806854,8.197219343855977,4.074863885995001,0.03392856180270967,False,True
paced_30fps,0,123,8.152025053277612,0.3910160157829523,0.05980394780635834,8.21182900108397,4.108211829094216,0.011620271973349113,False,True
paced_30fps,0,124,7.680828217417002,0.3559000324457884,0.06288266740739346,7.743710884824395,4.141077044187114,0.006578585744063373,False,True
paced_30fps,0,125,8.224742021411657,0.41433004662394524,0.06341631524264812,8.288158336654305,4.174954825080931,0.010272299682266737,False,True
paced_30fps,0,126,8.24456918053329,0.4050221759825945,0.061196042224764824,8.305765222758055,4.208305765176192,0.02256770109845453,False,True
paced_30fps,0,127,8.186819963157177,0.39799907244741917,0.061699654906988144,8.248519618064165,4.241581853013486,0.009904330261713895,False,True
paced_30fps,0,128,8.012142032384872,0.36934507079422474,0.060079386457800865,8.072221418842673,4.274738888023421,0.05258592476371054,False,True
paced_30fps,0,129,8.332635974511504,0.43788482435047626,0.06402912549674511,8.39666510000825,4.308396665146574,0.03128743157757021,False,True
paced_30fps,0,130,8.611219935119152,0.4573608748614788,0.06992393173277378,8.681143866851926,4.342014477122575,0.014164409838977399,False,True
paced_30fps,0,131,8.561155991628766,0.5643630865961313,0.06570830009877682,8.626864291727543,4.375293530989438,0.024515632343630966,False,True
paced_30fps,0,132,8.273033192381263,0.41428999975323677,0.06197509355843067,8.335008285939693,4.408335008192807,0.028209784771068353,False,True
paced_30fps,0,133,8.33847583271563,0.4213429056107998,0.06460282020270824,8.403078652918339,4.441736412001774,0.011085046015598114,False,True
paced_30fps,0,134,8.033933117985725,0.4209219478070736,0.07189949974417686,8.105832617729902,4.474772499175742,0.009016941899139904,False,True
paced_30fps,0,135,8.54288088157773,0.4589539021253586,0.06709317676723003,8.60997405834496,4.508609974058345,0.03288877833540657,False,True
paced_30fps,0,136,8.45908303745091,0.3797949757426977,0.9062956087291241,9.365378646180034,4.542698712088168,0.0497879276030857,False,True
paced_30fps,0,137,8.509789127856493,0.4765070043504238,0.06517535075545311,8.574964478611946,4.575241631129757,0.04809028768866494,False,True
paced_30fps,0,138,8.414129028096795,0.4383849445730448,0.06332504563033581,8.477454073727131,4.608477454166859,0.07932315935188562,False,True
paced_30fps,0,139,8.31796694546938,0.4172748886048794,0.06338884122669697,8.381355786696076,4.641714689088985,0.04335957124505644,False,True
paced_30fps,0,140,8.431941969320178,0.4313020035624504,0.06615626625716686,8.498098235577345,4.675164764979854,0.05400803251750095,False,True
paced_30fps,0,141,8.443955099210143,0.44799293391406536,0.0653581228107214,8.509313222020864,4.708509313175455,0.08320707123740591,False,True
paced_30fps,0,142,8.216446032747626,0.4000021144747734,0.061734579503536224,8.278180612251163,4.741611514007673,0.028178806015812508,False,True
paced_30fps,0,143,8.159990888088942,0.39214896969497204,0.060935504734516144,8.220926392823458,4.774887592997402,0.08964057149253167,False,True
paced_30fps,0,144,8.161231875419617,0.3962758928537369,0.060578109696507454,8.221809985116124,4.808221810031682,0.05983259426702159,False,True
paced_30fps,0,145,8.260029135271907,0.39637601003050804,0.05885772407054901,8.318886859342456,4.841652220115066,0.07454935113281713,False,True
paced_30fps,0,146,8.41004098765552,0.3649769350886345,0.06466149352490902,8.47470248118043,4.875141369178891,0.10687227756790955,False,True
paced_30fps,0,147,8.08629090897739,0.43437699787318707,0.061028171330690384,8.14731908030808,4.908147318987176,0.13827467264798832,False,True
paced_30fps,0,148,8.510509971529245,0.4412911366671324,0.06948667578399181,8.579996647313237,4.941913329996169,0.05598253618602562,False,True
paced_30fps,0,149,8.322976995259523,0.4145200364291668,0.06380956619977951,8.386786561459303,4.975053453119472,0.07110258985103872,False,True
paced_30fps,0,150,8.260209113359451,0.4037099424749613,0.06346101872622967,8.323670132085681,5.008323670132086,0.15489291615155057,False,True
paced_30fps,0,151,8.241354022175074,0.40579400956630707,0.06265263073146343,8.304006652906537,5.041637340094894,0.08728460034327525,False,True
paced_30fps,0,152,8.570834062993526,0.4467309918254614,0.06716442294418812,8.637998485937715,5.075304665137082,0.053335211825775206,False,True
paced_30fps,0,153,8.49976995959878,0.461809104308486,0.06429199129343033,8.56406195089221,5.1085640620440245,0.041319018856116614,False,True
paced_30fps,0,154,8.416473167017102,0.4472921136766672,0.06355368532240391,8.480026852339506,5.141813360154629,0.07247411643229769,False,True
paced_30fps,0,155,8.392598014324903,0.4393770359456539,0.06511923857033253,8.457717252895236,5.175124383997172,0.03346238280459026,False,True
paced_30fps,0,156,8.333355886861682,0.4357800353318453,0.06356020458042622,8.396916091442108,5.208396916044876,0.08527794356819342,False,True
paced_30fps,0,157,8.430740097537637,0.4432538989931345,0.06662867963314056,8.497368777170777,5.241830702172592,0.12148672890191115,False,True
paced_30fps,0,158,8.353233803063631,0.42523094452917576,0.06290455348789692,8.416138356551528,5.27508280496113,0.08480679117415854,False,True
paced_30fps,0,159,8.422414073720574,0.44431607238948345,0.06679492071270943,8.489208994433284,5.308489209040999,0.06007629072388315,False,True
paced_30fps,0,160,8.680098922923207,0.5360990762710571,0.06576580926775932,8.745864732190967,5.342079197987914,0.10597288840751196,False,True
paced_30fps,0,161,8.406033040955663,0.42938790284097195,0.06520841270685196,8.471241453662515,5.375137908151373,0.08546690630430986,False,True
paced_30fps,0,162,7.7091120183467865,0.46213995665311813,0.06335717625916004,7.7724691946059465,5.407772469101474,0.10050475583174734,False,True
paced_30fps,0,163,8.211887907236814,0.3950640093535185,0.061436789110302925,8.273324696347117,5.4416066580452025,0.074843748255247,False,True
paced_30fps,0,164,7.815612014383078,0.32071396708488464,0.05923560820519924,7.874847622588277,5.474541514180601,0.04011548109171703,False,True
paced_30fps,0,165,8.206567959859967,0.3994919825345278,0.06101210601627827,8.267580065876245,5.508267580065876,0.12623218731731498,False,True
paced_30fps,0,166,7.665088865906,0.40538283064961433,0.061335740610957146,7.726424606516957,5.541059758048505,0.09108437923920061,False,True
paced_30fps,0,167,8.45681899227202,0.5296471063047647,0.06454437971115112,8.52136337198317,5.575188030023128,0.05807248364583866,False,True
paced_30fps,0,168,8.197591872885823,0.40503288619220257,0.0595280434936285,8.257119916379452,5.608257120009512,0.09777652991412403,False,True
paced_30fps,0,169,8.148388005793095,0.3883198369294405,0.05897087976336479,8.20735888555646,5.641540692187846,0.07956678432523451,False,True
paced_30fps,0,170,8.10070801526308,0.38605579175055027,0.06033643148839474,8.161044446751475,5.674827711191028,0.14026026817652038,False,True
paced_30fps,0,171,8.127989945933223,0.3911659587174654,0.06023910827934742,8.18822905421257,5.708188229007646,0.0647706625347637,False,True
paced_30fps,0,172,8.134000934660435,0.38617709651589394,0.06003165617585182,8.194032590836287,5.741527365986258,0.03818897913038365,False,True
paced_30fps,0,173,7.5147252064198256,0.31967111863195896,0.058662379160523415,7.573387585580349,5.774240054190159,0.09755060304135549,False,True
paced_30fps,0,174,8.043440990149975,0.3201030194759369,0.05880510434508324,8.102246094495058,5.808102246141061,0.06546786858826631,False,True
paced_30fps,0,175,8.377769961953163,0.5161308217793703,0.0609029084444046,8.438672870397568,5.841772006126121,0.04102221849761054,False,True
paced_30fps,0,176,8.191080065444112,0.39198785088956356,0.06126542575657368,8.252345491200686,5.874919012188911,0.057684665384216786,False,True
paced_30fps,0,177,8.194796042516828,0.4241389688104391,0.057732220739126205,8.252528263255954,5.908252528170124,0.03690820298758475,False,True
paced_30fps,0,178,8.12263018451631,0.38879201747477055,0.06122165359556675,8.183851838111877,5.941517185186967,0.02513123557131732,False,True
paced_30fps,0,179,8.219141978770494,0.40291808545589447,0.058660516515374184,8.277802495285869,5.974944469053298,0.03142017774090278,False,True
paced_30fps,0,180,8.231434971094131,0.4205419681966305,0.0614081509411335,8.292843122035265,6.008292843122035,0.07780375305165971,False,True
paced_30fps,0,181,7.938323076814413,0.4499470815062523,0.06031966768205166,7.998642744496465,6.041331976186484,0.06033925390269619,False,True
paced_30fps,0,182,8.10662005096674,0.49646501429378986,0.07400847971439362,8.180628530681133,6.074847295181826,0.0404747204492302,False,True
paced_30fps,0,183,8.434226969256997,0.4550269804894924,0.06498396396636963,8.499210933223367,6.108499211026356,0.03475961110168865,False,True
paced_30fps,0,184,8.077766047790647,0.43906690552830696,0.808115815743804,8.88588186353445,6.142219215165824,0.02309698757365076,False,True
paced_30fps,0,185,8.266079938039184,0.36043906584382057,0.0603613443672657,8.32644128240645,6.174993108026683,0.055403468493516975,False,True
paced_30fps,0,186,7.677342044189572,0.4091709852218628,0.060625141486525536,7.737967185676098,6.20773796713911,0.04402746924399799,False,True
paced_30fps,0,187,7.851569913327694,0.5195178091526031,0.06231176666915417,7.913881679996848,6.241247215075418,0.022408814557250134,False,True
paced_30fps,0,188,8.170239860191941,0.39237900637090206,0.058527570217847824,8.228767430409789,6.274895434034988,0.06242736763723143,False,True
paced_30fps,0,189,8.058408973738551,0.37881312891840935,0.05843001417815685,8.116838987916708,6.308116839034483,0.045888417440781745,False,True
paced_30fps,0,190,8.239880902692676,0.3890818916261196,0.05902489647269249,8.298905799165368,6.3416322390548885,0.028998199755721866,False,True
paced_30fps,0,191,7.856969954445958,0.39259903132915497,0.05985936149954796,7.916829315945506,6.374583496013656,0.06638637169142564,False,True
paced_30fps,0,192,8.121137041598558,0.3902050666511059,0.05888007581233978,8.180017117410898,6.408180017024279,0.05509941512554653,False,True
paced_30fps,0,193,8.145141880959272,0.3758769016712904,0.05931477062404156,8.204456651583314,6.441537790000439,0.04549789525679043,False,True
paced_30fps,0,194,7.973268860951066,0.3950139507651329,0.06044958718121052,8.033718448132277,6.474700385006145,0.06291121967789116,False,True
paced_30fps,0,195,7.629922823980451,0.4055239260196686,0.06094318814575672,7.690866012126207,6.507690866012126,0.06903589672706313,False,True
paced_30fps,0,196,8.152415975928307,0.3951138351112604,0.06100675091147423,8.21342272683978,6.541546756168827,0.049601464784059086,False,True
paced_30fps,0,197,8.179597090929747,0.3967471420764923,0.06129033863544464,8.240887429565191,6.57490755408071,0.034357920852436524,False,True
paced_30fps,0,198,7.47634400613606,0.32568303868174553,1.2326680589467287,8.709012065082788,6.608709012158215,0.033225709645149336,False,True
paced_30fps,0,199,8.161201840266585,0.4056529141962528,0.05904282443225384,8.22024466469884,6.641553577966988,0.0515434579551885,False,True
paced_30fps,0,200,8.179255994036794,0.3967271186411381,0.05936622619628906,8.238622220233083,6.67490528896451,0.03670396267224959,False,True
paced_30fps,0,201,8.070121053606272,0.33278600312769413,0.058107078075408936,8.12822813168168,6.7081282280851156,0.10064176744720019,False,True
paced_30fps,0,202,8.131566923111677,0.3894539549946785,0.06153574213385582,8.193102665245533,6.741526436060667,0.06671221496083062,False,True
paced_30fps,0,203,8.379703853279352,0.36993599496781826,0.5725515075027943,8.952255360782146,6.775618921965361,0.047451343782272844,False,True
paced_30fps,0,204,8.014526916667819,0.44082989916205406,0.06346614100039005,8.077993057668209,6.808077993104234,0.08377649020901201,False,True
paced_30fps,0,205,8.473481051623821,0.4484050441533327,0.06392970681190491,8.537410758435726,6.841870744014159,0.045490526297393814,False,True
paced_30fps,0,206,7.738186977803707,0.41588302701711655,0.06153830327093601,7.799725281074643,6.874466391978785,0.09972102926230368,False,True
paced_30fps,0,207,8.2718210760504,0.41800690814852715,0.06078020669519901,8.3326012827456,6.908332601189613,0.06886730558925983,False,True
paced_30fps,0,208,8.326715091243386,0.4077779594808817,0.06117369048297405,8.38788878172636,6.941721222130582,0.10610138136011513,False,True
paced_30fps,0,209,8.604156086221337,0.4679011180996895,0.36922749131917953,8.973383577540517,6.975640050135553,0.0868318458537213,False,True
paced_30fps,0,210,8.45554587431252,0.44995686039328575,0.06560911424458027,8.5211549885571,7.008521154988557,0.06237494923586136,False,True
paced_30fps,0,211,8.612852077931166,0.4595948848873377,0.06540166214108467,8.67825374007225,7.04201158718206,0.13494801992273736,False,True
paced_30fps,0,212,8.522992953658104,0.44504785910248756,0.06837048567831516,8.591363439336419,7.075258030090481,0.06676977566112724,False,True
paced_30fps,0,213,8.664149092510343,0.4789710510522127,0.06536790169775486,8.729516994208097,7.10872951708734,0.031026359606788786,False,True
paced_30fps,0,214,8.025577990338206,0.37896400317549706,0.06383773870766163,8.089415729045868,7.141422749031335,0.12023289539669009,False,True
paced_30fps,0,215,8.392919087782502,0.4402180202305317,0.06227823905646801,8.45519732683897,7.175121864071116,0.08078665761679785,False,True
paced_30fps,0,216,8.350488962605596,0.42207492515444756,0.06146915256977081,8.411958115175366,7.208411958068609,0.05733948949470438,False,True
paced_30fps,0,217,8.028922835364938,0.41763600893318653,0.060270773246884346,8.089193608611822,7.241422527004033,0.11342569210500246,False,True
paced_30fps,0,218,7.671250030398369,0.3538860473781824,0.06013340316712856,7.731383433565497,7.274398050038144,0.07576831886931616,False,True
paced_30fps,0,219,8.387078065425158,0.4539450164884329,0.06263097748160362,8.449709042906761,7.308449709089473,0.045140240857607726,False,True
paced_30fps,0,220,8.332225028425455,0.3726319409906864,0.06339582614600658,8.395620854571462,7.341728954110295,0.05939698117631126,False,True
paced_30fps,0,221,8.335491176694632,0.4370331298559904,0.0635592732578516,8.399050449952483,7.375065717147663,0.06561648405809198,False,True
paced_30fps,0,222,7.827684981748462,0.4752441309392452,0.06339210085570812,7.89107708260417,7.407891076989472,0.11836961100153268,False,True
paced_30fps,0,223,8.499830029904842,0.3609189298003912,0.06327475421130657,8.563104784116149,7.4418964381329715,0.06772719394987356,False,True
paced_30fps,0,224,7.670599035918713,0.3446592018008232,0.060292426496744156,7.730891462415457,7.474397558020428,0.047493238725966655,False,True
paced_30fps,0,225,8.463090984150767,0.5397358909249306,0.0660561490803957,8.529147133231163,7.508529147133231,0.13864089737822752,False,True
paced_30fps,0,226,8.41262610629201,0.4557780921459198,0.06322353146970272,8.475849637761712,7.541809183079749,0.0416576086254061,False,True
paced_30fps,0,227,8.246633922681212,0.36255293525755405,0.0618745107203722,8.308508433401585,7.574975175084546,0.023809881223507794,False,True
paced_30fps,0,228,8.53705988265574,0.5294668953865767,0.06455299444496632,8.601612877100706,7.608601612970233,0.10036062250062096,False,True
paced_30fps,0,229,8.49598296917975,0.5354578606784344,0.06443588063120842,8.560418849810958,7.6418937521521,0.08586327296490742,False,True
paced_30fps,0,230,8.163026068359613,0.3915869165211916,0.05968031473457813,8.222706383094192,7.674889373127371,0.04621798808529859,False,True
paced_30fps,0,231,8.233899949118495,0.3602078650146723,0.2334702294319868,8.467370178550482,7.708467370131984,0.09205120740184489,False,True
paced_30fps,0,232,8.403698913753033,0.4374738782644272,0.06202072836458683,8.46571964211762,7.741799053037539,0.029543414521440416,False,True
paced_30fps,0,233,8.284643990918994,0.40945992805063725,0.06301654502749443,8.347660535946488,7.775014327140525,0.025192017927950484,False,True
paced_30fps,0,234,8.258855901658535,0.4175049252808094,0.05960301496088505,8.31845891661942,7.8083184589631855,0.012745871170259486,False,True
paced_30fps,0,235,8.318168111145496,0.38372213020920753,0.0636137556284666,8.381781866773963,7.841715115122497,0.0169408802677812,False,True
paced_30fps,0,236,7.947580888867378,0.44292397797107697,0.06198347546160221,8.00956436432898,7.87467623106204,0.01459507314333772,False,True
paced_30fps,0,237,8.547831093892455,0.5390651058405638,0.0649821013212204,8.612813195213675,7.908612813102081,0.0636619164158371,False,True
paced_30fps,0,238,8.3728211466223,0.49636419862508774,0.0654666218906641,8.438287768512964,7.941771621117368,0.12031664080353993,False,True
paced_30fps,0,239,8.370707044377923,0.4310118965804577,0.06338558159768581,8.434092625975609,7.975100759183988,0.09180079936791966,False,True
paced_30fps,0,240,8.797339862212539,0.5695819854736328,0.06388011388480663,8.861219976097345,8.008861219976097,0.05511958526754249,False,True
paced_30fps,0,241,8.679779013618827,0.5610159132629633,0.06392272189259529,8.743701735511422,8.042077035177499,0.045347818339694555,False,True
paced_30fps,0,242,8.415060117840767,0.5278440658003092,0.06406637839972973,8.479126496240497,8.075145793147385,0.03676809799878206,False,True
paced_30fps,0,243,8.459924953058362,0.5352268926799297,0.06286706775426865,8.52279202081263,8.108522792113945,0.023963629525318345,False,True
paced_30fps,0,244,8.430739864706993,0.43352600187063217,0.06580585613846779,8.496545720845461,8.141829879023135,0.05543911291956004,False,True
paced_30fps,0,245,8.476165123283863,0.44214213266968727,0.06328430026769638,8.53944942355156,8.175206116167828,0.0075562509827243485,False,True
paced_30fps,0,246,8.414009120315313,0.4350591916590929,0.06591202691197395,8.479921147227287,8.208479921100661,0.017096198798474363,False,True
paced_30fps,0,247,8.572157006710768,0.5787699483335018,0.0662156380712986,8.638372644782066,8.241971706040204,0.003926674036142533,False,True
paced_30fps,0,248,8.489211089909077,0.4415509756654501,0.06338348612189293,8.55259457603097,8.27521926118061,0.00012917843613598765,False,True
paced_30fps,0,249,8.370586903765798,0.4350889939814806,0.06095203571021557,8.431538939476013,8.308431538986042,0.006296223168164208,False,True
paced_30fps,0,250,7.879241835325956,0.42326701804995537,0.0630898866802454,7.942331722006202,8.34127566497773,0.059800397346245766,False,True
paced_30fps,0,251,8.486684877425432,0.45114895328879356,0.06778142414987087,8.554466301575303,8.375221132999286,0.0378461188639595,False,True
paced_30fps,0,252,7.698922883719206,0.4085288383066654,0.06116228178143501,7.760085165500641,8.407760085072368,0.06233011106610446,False,True
paced_30fps,0,253,8.211187086999416,0.40009315125644207,0.06305868737399578,8.274245774373412,8.441607579123229,0.1064187106462363,False,True
paced_30fps,0,254,8.21004481986165,0.40043401531875134,1.5817806124687195,9.79182543233037,8.476458491990343,0.050016591431271816,False,True
paced_30fps,0,255,8.589858887717128,0.5576899275183678,0.06387708708643913,8.653735974803567,8.508653735974804,0.08986446077728877,False,True
