video,frame,video_length,phase,appearance,temporal
01,25,411,10,0.04006737098097801,1.5914198795554746
01,26,411,11,0.04096287861466408,1.1956292295275364
01,27,411,11,0.04001341387629509,1.162848450984046
01,28,411,13,0.039467304944992065,1.1771900415968215
01,29,411,13,0.03912206366658211,0.8935245545415041
01,30,411,13,0.040504492819309235,0.6201030607810277
01,31,411,13,0.04241740703582764,0.5873222822375388
01,32,411,13,0.043485864996910095,0.8776308437325394
01,33,411,14,0.04560284689068794,0.4588067299931729
01,34,411,15,0.05103081837296486,0.44856273669833174
01,35,411,15,0.044527217745780945,0.40299248773825236
01,36,411,16,0.05336794629693031,0.44856273669833174
01,37,411,16,0.043348826467990875,0.4695474017507938
01,38,411,17,0.04321005940437317,0.5048736574160306
01,39,411,17,0.04591609910130501,0.4925808654622227
01,40,411,18,0.04772872477769852,0.42447383125349414
01,41,411,18,0.05003015697002411,0.4449618178431764
01,42,411,18,0.0440041683614254,0.8300117961134925
01,43,411,19,0.041584569960832596,0.5335568386415859
01,44,411,20,0.041281286627054214,0.6042093499720631
01,45,411,20,0.04264539107680321,0.6948531694294408
01,46,411,21,0.043898243457078934,0.8504997827031741
01,47,411,23,0.04366016387939453,2.1904761904761907
01,48,411,23,0.04234888777136803,1.906810703420873
01,49,411,23,0.043467868119478226,1.720432110262619
01,50,411,23,0.04785577952861786,1.6246973365617454
01,51,411,23,0.04839164391160011,1.7132923573601562
01,52,411,23,0.04165509715676308,1.9222077357670593
01,53,411,23,0.04572271928191185,2.160302973862297
01,54,411,23,0.045012105256319046,2.350779164338488
01,55,411,23,0.04604944586753845,2.4936363071956307
01,56,411,23,0.0476171039044857,2.6364934500527735
01,57,411,23,0.046403948217630386,2.731731545290869
01,58,411,23,0.04609689489006996,2.731731545290869
01,59,411,23,0.04857693612575531,2.731731545290869
01,60,411,23,0.04524821415543556,2.731731545290869
01,61,411,23,0.041660066694021225,2.731731545290869
01,62,411,23,0.03995343670248985,2.731731545290869
01,63,411,23,0.041539791971445084,2.6364934500527735
01,64,411,23,0.03903171047568321,2.541255354814678
01,65,411,23,0.04020015150308609,2.4460172595765832
01,66,411,23,0.038138166069984436,2.350779164338488
01,67,411,23,0.03834675997495651,2.2555410691003925
01,68,411,23,0.03890608251094818,2.160302973862297
01,69,411,23,0.03756926953792572,1.969826783386107
01,70,411,23,0.0377616286277771,1.7732041969330117
01,71,411,23,0.03788713365793228,1.6554293164462675
01,72,411,23,0.03838440403342247,1.6702675855218247
01,73,411,25,0.03846680372953415,1.3656174334140438
01,74,411,25,0.04050629213452339,1.2063699012851565
01,75,411,25,0.03984704986214638,1.183833116036506
01,76,411,25,0.0420454703271389,1.3517725212640475
01,77,411,25,0.050135135650634766,1.6687154653256349
01,78,411,25,0.048583049327135086,2.0476190476190474
01,79,411,27,0.05259402468800545,0.9359905631092079
01,80,411,28,0.05819306522607803,0.9569752281616686
01,81,411,28,0.05708390101790428,1.1971192649158748
01,82,411,28,0.05116730183362961,1.6482274787359525
01,83,411,32,0.051712408661842346,1.9508288321847647
01,84,411,32,0.05420733243227005,1.6343825665859555
01,85,411,32,0.05262614041566849,1.532998075370957
01,86,411,32,0.052549950778484344,1.5724219283541316
01,87,411,32,0.05192217603325844,1.719376668529211
01,88,411,32,0.0506245493888855,1.9820574905320678
01,89,411,34,0.0521823987364769,1.346619482212703
01,90,411,36,0.05302577465772629,1.2944061588129396
01,91,411,37,0.05665852129459381,1.5529893834978588
01,92,411,37,0.05617975443601608,1.0767989073073825
01,93,411,37,0.05631178617477417,0.840752467871114
01,94,411,38,0.0563044510781765,0.958527348357857
01,95,411,40,0.05360658839344978,2.142857142857143
01,96,411,40,0.052805546671152115,1.7163345129446825
01,97,411,40,0.05340258404612541,1.3517725212640475
01,98,411,40,0.054180216044187546,1.1111318060470612
01,99,411,40,0.053938817232847214,1.0860495436766615
01,100,411,40,0.05355183780193329,1.1500589805674548
01,101,411,40,0.054472070187330246,1.2724281368349168
01,102,411,42,0.054590966552495956,1.2724281368349168
01,103,411,42,0.055850595235824585,1.1976780281865025
01,104,411,42,0.05763033777475357,1.201775625504439
01,105,411,42,0.05743984133005142,1.2452970758055515
01,106,411,42,0.05799379572272301,1.3118519898180916
01,107,411,42,0.05697179585695267,1.4777425963866646
01,108,411,42,0.05918699502944946,1.742968895511268
01,109,411,42,0.056526944041252136,2.1075308871919045
01,110,411,45,0.055829714983701706,1.0496678462780171
01,111,411,45,0.05377517640590668,1.0122927919538107
01,112,411,45,0.053230758756399155,1.1034332898739696
01,113,411,45,0.05502930283546448,1.1986713851120647
01,114,411,45,0.0553835891187191,1.3932451729061917
01,115,411,45,0.05572829023003578,1.8571428571428572
01,116,411,50,0.05837799608707428,2.5714285714285716
01,117,411,50,0.05951610207557678,2.049667846278016
01,118,411,50,0.06487337499856949,1.6108524244117475
01,119,411,50,0.0691424161195755,1.2713726951015094
01,120,411,50,0.06496954709291458,1.0517166449369868
01,121,411,50,0.06302659958600998,1.0537654435959536
01,122,411,50,0.06379744410514832,1.1551499348109535
01,123,411,50,0.06683418899774551,1.3353821319923016
01,124,411,50,0.06920906156301498,1.6646178680076997
01,125,411,54,0.0783257931470871,1.9395914819643632
01,126,411,54,0.06232795491814613,1.4859377910225375
01,127,411,54,0.05488092079758644,1.2043211026261882
01,128,411,54,0.04968960955739021,0.9723722605078549
01,129,411,54,0.05220609903335571,0.8233687216738087
01,130,411,54,0.05435771122574806,0.8151735270379344
01,131,411,54,0.05423964932560921,0.9559818712361104
01,132,411,54,0.04564831033349037,3.701496243869125
01,133,411,56,0.053297460079193115,5.7306761035574585
01,134,411,56,0.05481696501374245,5.730676103557458
01,135,411,56,0.058020804077386856,5.9293474886695225
01,136,411,58,0.05778047814965248,5.74296889551127
01,137,411,58,0.049261435866355896,5.55249270503508
01,138,411,58,0.04431360587477684,5.463401005773888
01,139,411,58,0.04694855213165283,5.55249270503508
01,140,411,58,0.054846081882715225,5.832060594772459
01,141,411,58,0.05945363640785217,6.210964177065874
01,142,411,112,0.06477037817239761,47.285714285714285
01,143,411,112,0.06160745397210121,46.81157260818277
01,144,411,62,0.05612579360604286,5.974917737629603
01,145,411,62,0.0580417774617672,5.713789035822936
01,146,411,62,0.05954344570636749,5.626746135220715
01,147,411,62,0.060534290969371796,5.734773700875397
01,148,411,63,0.06226507946848869,5.720432110262621
01,149,411,63,0.06087006628513336,5.896566710126033
01,150,411,63,0.06786929816007614,6.316942944061587
01,151,411,63,0.06751752644777298,7.095238095238095
01,152,411,65,0.07148145139217377,6.465946482895636
01,153,411,65,0.06756596267223358,4.565282175451666
01,154,411,66,0.07345280796289444,2.199168063574844
01,155,411,66,0.06749187409877777,2.695846526355001
01,156,411,70,0.05937850847840309,2.9554231079654802
01,157,411,70,0.0633479505777359,3.0921338548457182
01,158,411,70,0.07050573080778122,3.3737505432420676
01,159,411,71,0.06918717920780182,3.613894579996274
01,160,411,71,0.0811358243227005,3.9554231079654802
01,161,411,76,0.08343546837568283,3.7526541255354804
01,162,411,78,0.07487298548221588,3.709132675234369
01,163,411,78,0.07354440540075302,3.276463649345004
01,164,411,78,0.07741373777389526,2.9431303160116706
01,165,411,78,0.07413480430841446,2.7649469174892896
01,166,411,81,0.0754205584526062,2.5883156391630955
01,167,411,84,0.07814787328243256,4.095238095238095
01,168,411,84,0.07481414824724197,3.3353821319923016
01,169,411,84,0.07143431901931763,2.625194015024524
01,170,411,84,0.07374081015586853,2.012292791953809
01,171,411,84,0.06647546589374542,1.449059415161111
01,172,411,84,0.06266006827354431,1.2027689824300012
01,173,411,84,0.06083095818758011,1.2380952380952408
01,174,411,84,0.06018853932619095,1.4224250325945267
01,175,411,84,0.06302960962057114,1.7557583659278586
01,176,411,84,0.0622573085129261,2.238095238095238
01,177,411,87,0.06361158192157745,1.0926926181163459
01,178,411,87,0.06193659082055092,0.991308126901346
01,179,411,87,0.06632208079099655,0.9892593282423777
01,180,411,87,0.06140054389834404,1.0865462221394413
01,181,411,87,0.06387988477945328,1.2831688085925363
01,182,411,91,0.06150288134813309,2.619047619047619
01,183,411,91,0.06184444949030876,2.3353821319923016
01,184,411,91,0.060948971658945084,2.1013844912149997
01,185,411,91,0.062220413237810135,1.93344508598746
01,186,411,91,0.06046190485358238,1.7219842304588073
01,187,411,91,0.06142911687493324,1.6098590674861866
01,188,411,91,0.05841679126024246,1.5745328118209483
01,189,411,91,0.05608746036887169,1.588874402433726
01,190,411,91,0.0553935207426548,1.6364934500527735
01,191,411,91,0.056076716631650925,1.7214875519960278
01,192,411,91,0.05613837391138077,1.8561495002172976
01,193,411,91,0.057143405079841614,1.8500031042403928
01,194,411,91,0.05696670711040497,1.893524554541504
01,195,411,91,0.056849557906389236,1.986713851120631
01,196,411,94,0.054567571729421616,1.986713851120631
01,197,411,94,0.054510705173015594,1.893524554541504
01,198,411,94,0.054161932319402695,1.9928602470975358
01,199,411,94,0.05396527424454689,2.141863785931583
01,200,411,94,0.05364121496677399,2.197678028186504
01,201,411,94,0.05310047045350075,2.3031601167194404
01,202,411,94,0.0552053228020668,2.4460172595765832
01,203,411,94,0.05448118969798088,2.588874402433726
01,204,411,94,0.05672587454319,2.731731545290869
01,205,411,94,0.055885184556245804,2.8745886881480116
01,206,411,94,0.055240679532289505,3.0174458310051544
01,207,411,94,0.05568031594157219,3.0174458310051544
01,208,411,91,0.056347280740737915,3.4444651393803944
01,209,411,91,0.05594683438539505,3.5668342956478565
01,210,411,94,0.055408772081136703,2.527410442664682
01,211,411,94,0.05596407130360603,2.46135220711492
01,212,411,94,0.056778062134981155,2.4449618178431742
01,213,411,94,0.057356420904397964,2.4782392748494444
01,214,411,94,0.05878428369760513,2.621096417706587
01,215,411,94,0.05888904631137848,2.9109083007388095
01,216,411,94,0.05902569368481636,3.287763084373254
01,217,411,94,0.057613156735897064,3.761904761904762
01,218,411,101,0.0575125552713871,2.7142857142857144
01,219,411,101,0.05724659562110901,2.049667846278016
01,220,411,101,0.057073745876550674,1.6072515055565908
01,221,411,102,0.05984046310186386,1.7060905196498428
01,222,411,102,0.06044084206223488,1.4582479667225432
01,223,411,102,0.059416864067316055,1.5370956726888927
01,224,411,103,0.06196743994951248,1.1991680635748432
01,225,411,104,0.0617486946284771,1.132613149562303
01,226,411,104,0.06226790323853493,1.0230334637114316
01,227,411,105,0.06244736164808273,0.7890358229341287
01,228,411,105,0.05957963317632675,0.7639535605637301
01,229,411,106,0.058019839227199554,0.5780716458682559
01,230,411,107,0.06318000704050064,0.717327869870242
01,231,411,107,0.05819797143340111,0.7542062457316687
01,232,411,108,0.06082616001367569,0.8499410194325437
01,233,411,108,0.0558270700275898,0.9385360402309559
01,234,411,108,0.0502602718770504,1.3333333333333333
01,235,411,111,0.05933971703052521,1.1909728689389703
01,236,411,111,0.05628405138850212,0.9241944496181783
01,237,411,112,0.05207452550530434,0.9984478798038116
01,238,411,112,0.052705347537994385,0.7956788973738117
01,239,411,112,0.057189423590898514,0.8330539516980182
01,240,411,113,0.06358873844146729,0.7414167753150797
01,241,411,115,0.0636938065290451,1.4761904761904763
01,242,411,115,0.06393623352050781,0.9774632147513509
01,243,411,115,0.06493975967168808,0.7040417209908745
01,244,411,115,0.067662812769413,0.687154653256349
01,245,411,117,0.06820701062679291,1.1510523374930157
01,246,411,117,0.06549789011478424,0.7992798162289697
01,247,411,117,0.06218256801366806,0.6666666666666681
01,248,411,117,0.06712806224822998,0.7762463525175408
01,249,411,117,0.06524938344955444,1.1095796858508729
01,250,411,117,0.06294236332178116,1.7619047619047619
01,251,411,120,0.06413004547357559,1.0312286583473032
01,252,411,120,0.06504715979099274,0.927795368473335
01,253,411,120,0.062397975474596024,1.0230334637114302
01,254,411,120,0.06626498699188232,1.3169429440615876
01,255,411,120,0.06676237285137177,3.486434469485316
01,256,411,123,0.06824872642755508,5.050164524740795
01,257,411,123,0.0625188797712326,6.772645433662381
01,258,411,123,0.06014977768063545,8.610852424411748
01,259,411,123,0.0610087551176548,10.548395107717145
01,260,411,127,0.05838846415281296,14.428571428571429
01,261,411,127,0.0595385879278183,16.00204879865897
01,262,411,127,0.05744270607829094,17.76805115788167
01,263,411,127,0.05892390012741089,19.583721363382377
01,264,411,127,0.05754794552922249,21.465449804432854
01,265,411,87,0.0579959861934185,21.255541069100392
01,266,411,87,0.0587104856967926,19.68411249767182
01,267,411,87,0.0600041039288044,17.969826783386104
01,268,411,87,0.061115995049476624,16.255541069100392
01,269,411,87,0.06125233694911003,14.398398211957534
01,270,411,85,0.0611950159072876,12.475197119264916
01,271,411,85,0.06393878906965256,10.315949587136028
01,272,411,85,0.06443500518798828,8.233500962314524
01,273,411,85,0.06505441665649414,6.2626808220028565
01,274,411,85,0.06339731067419052,4.3911963742472215
01,275,411,85,0.06378684937953949,2.619047619047619
01,276,411,87,0.0642431303858757,1.4301235487676156
01,277,411,87,0.06615171581506729,3.55044390637611
01,278,411,87,0.06603618711233139,5.915005898056746
01,279,411,90,0.06627555936574936,7.822313279940398
01,280,411,90,0.06326407939195633,9.619544297510398
01,281,411,90,0.06237708404660225,11.656919351834606
01,282,411,91,0.06177964806556702,13.870429006022226
01,283,411,91,0.06271722912788391,15.920096852300244
01,284,411,91,0.06626301258802414,18.131061029366116
01,285,411,91,0.06597403436899185,20.491028745266036
01,286,411,91,0.06307238340377808,23.0
01,287,411,139,0.05999002233147621,22.701992922331907
01,288,411,141,0.06198226287961006,21.857142857142858
01,289,411,141,0.05853571742773056,19.3353821319923
01,290,411,141,0.058811742812395096,17.006146395976906
01,291,411,141,0.05989370122551918,14.734773700875394
01,292,411,141,0.06043419614434242,12.554541503694043
01,293,411,141,0.060717735439538956,10.328739057552614
01,294,411,141,0.05890024080872536,8.1526044576892
01,295,411,141,0.05899723619222641,6.026137704103803
01,296,411,141,0.05864207074046135,3.9493387967964204
01,297,411,141,0.05822736397385597,1.9222077357670553
01,298,411,141,0.06054263561964035,1.9119637424722153
01,299,411,141,0.059989433735609055,1.856149500217295
01,300,411,141,0.057969678193330765,1.8500031042403915
01,301,411,141,0.05791325494647026,1.8935245545415027
01,302,411,141,0.058323685079813004,1.986713851120631
01,303,411,144,0.05958864465355873,1.986713851120631
01,304,411,144,0.06197095662355423,1.7982864593034076
01,305,411,144,0.06017162278294563,1.659526913764201
01,306,411,144,0.05860333517193794,1.5704352145030092
01,307,411,144,0.06057698652148247,1.483392313900787
01,308,411,144,0.06004570052027702,1.4731483206059444
01,309,411,144,0.05902016535401344,1.5499472279133268
01,310,411,144,0.05849818140268326,1.676413981498724
01,311,411,144,0.057501040399074554,1.8940212330042825
01,312,411,144,0.05874186381697655,2.248339231390078
01,313,411,144,0.061203885823488235,2.7142857142857144
01,314,411,146,0.059006281197071075,1.5714285714285714
01,315,411,146,0.05906413495540619,1.6625690693487303
01,316,411,146,0.05825192108750343,1.8986155087850014
01,317,411,147,0.05766497924923897,1.4285714285714313
01,318,411,152,0.05968664959073067,3.380952380952381
01,319,411,152,0.057732805609703064,3.002048798658967
01,320,411,152,0.05680275708436966,2.5775749674054746
01,321,411,152,0.05781640112400055,2.202768982429997
01,322,411,152,0.060132939368486404,1.8776308437325366
01,323,411,152,0.05821583792567253,1.6021605513130908
01,324,411,152,0.0581386461853981,1.451108213820075
01,325,411,152,0.0630907490849495,1.532004718445394
01,326,411,152,0.06416331231594086,1.7619047619047592
01,327,411,152,0.061780281364917755,2.1612963307878554
01,328,411,152,0.06676255911588669,2.761904761904762
01,329,411,153,0.06825976818799973,2.2918606816911917
01,330,411,155,0.06928738206624985,1.6006084311169064
01,331,411,155,0.0675862729549408,1.7393679766561128
01,332,411,155,0.06449035555124283,2.0250822623703986
01,333,411,155,0.06343095004558563,2.4183274352765887
01,334,411,161,0.06273852288722992,3.0476190476190474
01,335,411,161,0.06821966916322708,2.5258583224684905
01,336,411,161,0.05968703702092171,2.053765443595951
01,337,411,161,0.05803629383444786,1.6687154653256335
01,338,411,161,0.05787307769060135,1.4700440802135728
01,339,411,162,0.05728346109390259,1.40348916620103
01,340,411,162,0.05874619260430336,1.1551499348109522
01,341,411,163,0.05895233899354935,1.1899795120134107
01,342,411,164,0.07007122039794922,1.4239771527907124
01,343,411,164,0.07694422453641891,1.0758055503818202
01,344,411,164,0.07584764808416367,0.959582790091263
01,345,411,164,0.07661526650190353,0.9785186564847554
01,346,411,164,0.07295777648687363,1.0967902154342823
01,347,411,164,0.0741879865527153,1.3143974669398382
01,348,411,164,0.07314924895763397,1.6313404110014285
01,349,411,167,0.07149750739336014,1.0635127584280137
01,350,411,167,0.06935549527406693,0.883280561246663
01,351,411,167,0.07093901932239532,0.7839448686906313
01,352,411,167,0.07775434851646423,0.7655056807599185
01,353,411,167,0.0724722146987915,0.8817284410504759
01,354,411,167,0.0681627094745636,1.163345129446825
01,355,411,170,0.06948478519916534,1.4884832681442854
01,356,411,170,0.0730055496096611,1.219159371701743
01,357,411,170,0.0709327906370163,2.763456882100949
01,358,411,170,0.07492175698280334,4.448562736698328
01,359,411,170,0.07100024074316025,6.328242379089837
01,360,411,171,0.0695955753326416,8.129570993977774
01,361,411,172,0.07265999168157578,10.241696156950395
01,362,411,172,0.07177689671516418,11.976469857825789
01,363,411,172,0.07091568410396576,13.856149500217295
01,364,411,172,0.07064875960350037,15.826969640528958
01,365,411,172,0.07192941755056381,15.854100701558325
01,366,411,172,0.07124853879213333,15.88328056124666
01,367,411,136,0.07092014700174332,24.581175886260628
01,368,411,136,0.07209710776805878,24.757310486124045
01,369,411,136,0.07064253836870193,24.98311293226547
01,370,411,136,0.0720498189330101,25.25858322468492
01,371,411,136,0.06983604282140732,25.583721363382377
01,372,411,135,0.07337119430303574,26.672813062643574
01,373,411,135,0.06897100806236267,27.097286893897067
01,374,411,135,0.06836121529340744,27.714285714285715
01,375,411,178,0.06978417932987213,16.077792264232944
01,376,411,180,0.06861770153045654,16.371205066120318
01,377,411,181,0.06630373746156693,16.522257403613338
01,378,411,181,0.06784343719482422,14.37325386477929
01,379,411,181,0.06879779696464539,12.410628919103498
01,380,411,181,0.06641747057437897,10.64257776122183
01,381,411,182,0.06540567427873611,8.689700130378098
01,382,411,183,0.06592413038015366,6.9068107034208746
01,383,411,183,0.06529976427555084,4.925249891351587
01,384,411,186,0.06352878361940384,4.523809523809524
01,385,411,186,0.06319061666727066,2.1449059415161096
01,386,411,186,0.06162403151392937,1.8632892531197605
01,387,411,186,0.06060614436864853,1.7470664928292032
01,388,411,186,0.061460625380277634,1.7199354317998379
01,389,411,186,0.06182389333844185,1.8085304525982473
01,390,411,186,0.06347408890724182,2.0174458310051504
01,391,411,186,0.062060385942459106,2.2555410691003885
01,392,411,186,0.06299176067113876,2.4460172595765792
01,393,411,186,0.06257034838199615,2.588874402433722
02,25,398,13,0.03671007230877876,0.7798472713726962
02,26,398,13,0.03620254248380661,0.6226485379027757
02,27,398,13,0.039881382137537,0.7327249022164283
02,28,398,13,0.042892929166555405,1.06810703420873
02,29,398,14,0.049437880516052246,0.6165021419258717
02,30,398,15,0.05576975643634796,0.46135220711492086
02,31,398,16,0.05091674253344536,0.666666666666666
02,32,398,16,0.04929593205451965,0.5340535171043657
02,33,398,16,0.04551080986857414,0.7741975538585719
02,34,398,18,0.04282170161604881,0.8448500651890498
02,35,398,18,0.04585883393883705,0.5883156391630977
02,36,398,18,0.050517093390226364,0.5550381821568277
02,37,398,19,0.04489888250827789,0.6441298814180169
02,38,398,18,0.044866666197776794,1.1633451294468258
02,39,398,19,0.041991569101810455,0.8627925746569828
02,40,398,20,0.03922498598694801,0.7757496740547597
02,41,398,22,0.03752126172184944,1.5714285714285714
02,42,398,22,0.03795521333813667,1.3497237226050791
02,43,398,23,0.03565807268023491,1.9088595020798411
02,44,398,23,0.03723326325416565,1.6994474452101582
02,45,398,23,0.03770991042256355,1.6764139814987293
02,46,398,23,0.036916811019182205,1.7486186130253945
02,47,398,23,0.036047518253326416,1.9037685478363466
02,48,398,23,0.036690954118967056,2.0650648786242023
02,49,398,23,0.03582688421010971,2.3031601167194404
02,50,398,23,0.03714517876505852,2.3983982119575353
02,51,398,23,0.03644891083240509,2.4460172595765832
02,52,398,23,0.037063322961330414,2.3983982119575353
02,53,398,23,0.036947913467884064,2.350779164338488
02,54,398,23,0.0376184917986393,2.2555410691003925
02,55,398,23,0.035977575927972794,2.160302973862297
02,56,398,23,0.03571901097893715,2.0650648786242023
02,57,398,23,0.03628740832209587,2.01129943502825
02,58,398,23,0.04072681441903114,2.0072018377103134
02,59,398,23,0.03826668858528137,2.0527720866703927
02,60,398,25,0.03821272403001785,2.0051530390513452
02,61,398,25,0.03820813074707985,1.8167256472341229
02,62,398,25,0.03720175847411156,1.6779661016949166
02,63,398,25,0.03861790522933006,1.588874402433726
02,64,398,25,0.03942812979221344,1.5412553548146783
02,65,398,25,0.04046207666397095,1.4936363071956307
02,66,398,25,0.04002807289361954,1.4629043273111073
02,67,398,25,0.03971678763628006,1.5315080399826169
02,68,398,25,0.040478937327861786,1.699447445210157
02,69,398,25,0.0412590317428112,2.012292791953809
02,70,398,26,0.040613818913698196,1.5401999130812696
02,71,398,28,0.042210083454847336,1.0450735704972995
02,72,398,28,0.04444873332977295,0.9436890792822997
02,73,398,28,0.045533470809459686,0.9416402806233315
02,74,398,28,0.046353280544281006,1.0471223691562679
02,75,398,28,0.04554631561040878,1.2729248152976966
02,76,398,32,0.04329521209001541,2.285714285714285
02,77,398,32,0.043961748480796814,1.811572608182777
02,78,398,32,0.04160107299685478,1.3870987769292848
02,79,398,32,0.041955213993787766,1.0619606382318258
02,80,398,32,0.04210452735424042,0.8653380517787294
02,81,398,32,0.04257272183895111,0.9150058980567479
02,82,398,32,0.043643563985824585,1.134661948221272
02,83,398,32,0.04082874208688736,1.478239274849445
02,84,398,32,0.041161052882671356,1.9047619047619055
02,85,398,34,0.04267114773392677,0.9354938846464275
02,86,398,36,0.04654667153954506,1.225305767678649
02,87,398,36,0.044389691203832626,0.9646737443347617
02,88,398,36,0.04475828632712364,0.8530452598249207
02,89,398,36,0.04595174267888069,0.8986155087850014
02,90,398,38,0.04696148261427879,1.1720370025454778
02,91,398,38,0.04645388200879097,0.9631216241385733
02,92,398,38,0.04556480050086975,0.9528776308437334
02,93,398,38,0.04475374519824982,1.2529335071707954
02,94,398,38,0.04856189712882042,1.7910846215930956
02,95,398,38,0.04794774949550629,2.5238095238095237
02,96,398,42,0.04765012487769127,1.6343825665859575
02,97,398,42,0.04744909331202507,1.5683243310361958
02,98,398,42,0.04834495857357979,1.630284969268021
02,99,398,42,0.04846935719251633,1.8412491463338925
02,100,398,42,0.046782031655311584,2.201216862233813
02,101,398,45,0.04733911156654358,1.6241385732911164
02,102,398,45,0.045835595577955246,1.5683243310361958
02,103,398,47,0.04672285169363022,1.7583038430496052
02,104,398,48,0.04678971692919731,1.8059228906686529
02,105,398,50,0.046412549912929535,2.5714285714285716
02,106,398,50,0.04796092212200165,1.8719811262184145
02,107,398,50,0.04485515505075455,1.5120134103184957
02,108,398,50,0.04819664731621742,1.3092444278884972
02,109,398,50,0.049362991005182266,1.2759669708822257
02,110,398,50,0.05100854113698006,1.3794002607561926
02,111,398,50,0.05069705471396446,1.6482274787359539
02,112,398,51,0.05222078040242195,1.2836654870553175
02,113,398,54,0.05222223326563835,1.391196374247222
02,114,398,54,0.04801972582936287,1.0742534301856332
02,115,398,54,0.0488722063601017,0.9539330725771409
02,116,398,56,0.043448306620121,1.9523809523809523
02,117,398,56,0.044629961252212524,1.6292916123424601
02,118,398,56,0.049901921302080154,1.310299869621903
02,119,398,56,0.04915652051568031,1.090643819457379
02,120,398,56,0.04763028025627136,0.9621282672130124
02,121,398,56,0.04687222093343735,0.9580306698950773
02,122,398,56,0.04650873690843582,1.0758055503818216
02,123,398,56,0.05210291966795921,1.4055379648599997
02,124,398,58,0.0448872409760952,0.9575339914322962
02,125,398,58,0.03926624357700348,0.8105792512572169
02,126,398,58,0.03871651738882065,0.8254175203327756
02,127,398,58,0.04109448194503784,0.9810641336065076
02,128,398,60,0.04213948920369148,0.8254175203327749
02,129,398,60,0.03984561562538147,0.5335568386415845
02,130,398,60,0.0544854998588562,0.4695474017507924
02,131,398,60,0.05813349038362503,0.7265785062395244
02,132,398,61,0.06765928119421005,0.4096355621779361
02,133,398,62,0.06444157660007477,0.5192152480288069
02,134,398,62,0.05808713659644127,0.5606878996709512
02,135,398,63,0.057960014790296555,0.6251940150245258
02,136,398,63,0.0551736019551754,0.6748618613025416
02,137,398,63,0.05332845449447632,1.0599118395728564
02,138,398,65,0.05102475360035896,0.8161668839634947
02,139,398,65,0.049948081374168396,0.6379834854411135
02,140,398,65,0.0461779348552227,0.8428012665300803
02,141,398,66,0.05118807032704353,0.8059228906686549
02,142,398,66,0.045994728803634644,1.1822809958403182
02,143,398,66,0.05002698674798012,1.8095238095238089
02,144,398,70,0.05578475072979927,1.9923014838269082
02,145,398,70,0.05102137476205826,1.7316694604830196
02,146,398,70,0.05364367365837097,1.667660023592226
02,147,398,70,0.04798171669244766,1.7152790712112738
02,148,398,70,0.04674094542860985,1.882721797976034
02,149,398,70,0.0456695631146431,2.240640715216986
02,150,398,73,0.046378158032894135,1.5411932700068278
02,151,398,73,0.04590858519077301,1.4602967653815102
02,152,398,76,0.04576190188527107,2.227851244800397
02,153,398,76,0.04487672075629234,1.846898863848016
02,154,398,78,0.0470258966088295,2.761904761904762
02,155,398,78,0.045661572366952896,2.2401440367542063
02,156,398,78,0.04625324159860611,1.7762463525175396
02,157,398,78,0.04451759532094002,1.4449618178431745
02,158,398,78,0.04418708756566048,1.254485627366984
02,159,398,78,0.04452690854668617,1.1428571428571441
02,160,398,78,0.04784499853849411,1.200720183771033
02,161,398,78,0.05229061096906662,1.5299559197864285
02,162,398,78,0.05087965726852417,1.9544297510399207
02,163,398,78,0.05100618302822113,2.2857142857142856
02,164,398,82,0.04935288801789284,1.3886508971254727
02,165,398,82,0.048674169927835464,1.038927174520395
02,166,398,82,0.04957352206110954,0.8300117961134904
02,167,398,82,0.05035388469696045,0.7700999565406335
02,168,398,82,0.04841993749141693,0.9815608120692859
02,169,398,84,0.046877533197402954,1.112125162972622
02,170,398,84,0.04738079011440277,1.0066430744396857
02,171,398,84,0.044465143233537674,1.0998323710188127
02,172,398,84,0.04530290886759758,1.391693052710003
02,173,398,84,0.045346178114414215,1.8366548705531762
02,174,398,87,0.046480562537908554,0.9754144160923799
02,175,398,87,0.04710117354989052,0.8678835289004767
02,176,398,87,0.047016020864248276,0.9590240268206368
02,177,398,87,0.052310071885585785,1.248835909852859
02,178,398,90,0.04933406785130501,1.4393121003290494
02,179,398,91,0.05041421577334404,1.6753585397653208
02,180,398,91,0.05107741802930832,1.3896442540510336
02,181,398,91,0.05260676145553589,1.2488359098528576
02,182,398,91,0.05084113031625748,1.2237536474824604
02,183,398,91,0.05176166445016861,1.310299869621903
02,184,398,91,0.05116228014230728,1.4961817843173773
02,185,398,94,0.052523184567689896,1.8550940584838889
02,186,398,94,0.05093689262866974,1.6062581486310312
02,187,398,94,0.05051548033952713,1.490035388340474
02,188,398,97,0.04933686926960945,3.1904761904761907
02,189,398,97,0.04896681010723114,2.7163345129446825
02,190,398,94,0.047697313129901886,1.4920841869994437
02,191,398,94,0.048676084727048874,1.705593841187063
02,192,398,94,0.04923174902796745,2.018439187930714
02,193,398,94,0.04803391546010971,2.430620227230397
02,194,398,94,0.048563264310359955,2.9047619047619047
02,195,398,97,0.04863802716135979,1.457751288259762
02,196,398,97,0.04862874746322632,1.548891786179921
02,197,398,97,0.049022991210222244,1.7393679766561114
02,198,398,97,0.048966631293296814,2.0291798596883335
02,199,398,101,0.05066594481468201,1.8300117961134905
02,200,398,101,0.049693986773490906,1.380952380952381
02,201,398,102,0.04783192276954651,1.7183833116036507
02,202,398,102,0.04921233654022217,1.2503880300490475
02,203,398,102,0.050735898315906525,0.9047619047619048
02,204,398,102,0.05496416613459587,0.8202644812814304
02,205,398,103,0.057145796716213226,0.6748618613025409
02,206,398,104,0.058466605842113495,0.7885391444713502
02,207,398,104,0.05657106637954712,0.6251940150245264
02,208,398,104,0.05688968300819397,0.8095238095238109
02,209,398,105,0.0567266047000885,0.4654498044328553
02,210,398,106,0.056600578129291534,0.4674986030918222
02,211,398,106,0.052849628031253815,0.4367666232073015
02,212,398,106,0.05075577646493912,0.7388712981933316
02,213,398,107,0.04831553250551224,0.4782392748494444
02,214,398,107,0.04957566410303116,0.7782951511765077
02,215,398,109,0.04777019843459129,0.8095238095238095
02,216,398,109,0.04501127824187279,0.5320047184453953
02,217,398,110,0.04700284078717232,0.9088595020798412
02,218,398,110,0.0442943274974823,0.678959458620476
02,219,398,110,0.04195385426282883,0.7301794250946789
02,220,398,111,0.044737350195646286,0.7823927484944442
02,221,398,112,0.046451352536678314,1.0020487986589697
02,222,398,110,0.04457027465105057,1.645682001614206
02,223,398,113,0.04433460533618927,0.9708201403116664
02,224,398,113,0.05299326777458191,0.8131247283789662
02,225,398,113,0.0569281280040741,0.9063140249580932
02,226,398,113,0.05578667297959328,1.1157260818277774
02,227,398,113,0.049128711223602295,1.4244738312534921
02,228,398,113,0.05110698938369751,1.7639535605637302
02,229,398,113,0.05291382595896721,2.3333333333333335
02,230,398,117,0.05347442626953125,1.2841621655180986
02,231,398,117,0.058297500014305115,1.0604085180356368
02,232,398,117,0.05620007589459419,1.0419693301049227
02,233,398,117,0.051123082637786865,1.1474514186378577
02,234,398,117,0.05235959216952324,1.5345501955671434
02,235,398,120,0.048113297671079636,1.4188241137393685
02,236,398,120,0.0513058640062809,1.1725336810082576
02,237,398,120,0.05193633958697319,1.12491463338921
02,238,398,120,0.05506003275513649,3.7521574470727024
02,239,398,123,0.05623352900147438,6.236543117899051
02,240,398,123,0.058747027069330215,8.118768237412304
02,241,398,123,0.05569414421916008,10.495623021046748
02,242,398,123,0.05390075594186783,13.071149189793257
02,243,398,123,0.054340384900569916,15.80797168932762
02,244,398,126,0.04894406720995903,17.85198981809151
02,245,398,126,0.0478222593665123,20.050661203203575
02,246,398,126,0.04787392169237137,22.54119327000683
02,247,398,126,0.04914312809705734,25.18072887564413
02,248,398,178,0.05243033170700073,24.913950456323338
02,249,398,178,0.05288923159241676,24.78748370273794
02,250,398,178,0.0506974458694458,24.853541938287705
02,251,398,181,0.05157036334276199,25.993853604023098
02,252,398,181,0.04881663620471954,25.75370956726889
02,253,398,181,0.05292845889925957,25.61290122307072
02,254,398,183,0.051788583397865295,26.61904761904762
02,255,398,183,0.05168497934937477,26.248339231390077
02,256,398,183,0.05281269922852516,25.97696653628857
02,257,398,183,0.05267246812582016,25.804929533743092
02,258,398,181,0.05411369353532791,25.541255354814677
02,259,398,131,0.05408615991473198,25.74247221704848
02,260,398,131,0.052022263407707214,23.44856273669833
02,261,398,131,0.051967937499284744,21.35587011858198
02,262,398,131,0.05774502828717232,19.240144036754206
02,263,398,131,0.058182451874017715,17.19047619047619
02,264,398,135,0.0586332269012928,13.448562736698337
02,265,398,135,0.05657097324728966,10.815670205500712
02,266,398,135,0.057836003601551056,8.30260135344881
02,267,398,135,0.05923345312476158,5.871981126218413
02,268,398,135,0.0584755539894104,3.5406965915440494
02,269,398,135,0.05680587515234947,1.4495560936238907
02,270,398,136,0.058651749044656754,1.2344943192400841
02,271,398,139,0.05661212280392647,1.4848823492891288
02,272,398,139,0.05441008880734444,1.0998323710188114
02,273,398,139,0.053877782076597214,0.9590240268206381
02,274,398,140,0.056010033935308456,0.8243620785993683
02,275,398,141,0.055353112518787384,1.0665549140125428
02,276,398,141,0.055754225701093674,0.8842739181722225
02,277,398,141,0.05437600240111351,0.8965667101260318
02,278,398,141,0.05320151150226593,1.0496678462780145
02,279,398,141,0.05328431725502014,1.3021046749860314
02,280,398,144,0.05211488902568817,1.5693797727696046
02,281,398,145,0.05302184447646141,2.0952380952380953
02,282,398,145,0.052268240600824356,1.8632892531197605
02,283,398,145,0.052999384701251984,1.7429688955112668
02,284,398,145,0.05353706330060959,1.6472341218103916
02,285,398,145,0.05477873980998993,1.5893710808965016
02,286,398,145,0.0537400059401989,1.5832246849195983
02,287,398,145,0.05359518527984619,1.676413981498724
02,288,398,145,0.05453493446111679,1.8525485813621383
02,289,398,145,0.05451054126024246,2.078351027503567
02,290,398,145,0.05307697504758835,2.353821319923013
02,291,398,145,0.05480565130710602,2.5775749674054746
02,292,398,145,0.05472196266055107,2.8115726081827765
02,293,398,145,0.05496744439005852,3.1904761904761907
02,294,398,147,0.05385647341609001,1.9400881604271458
02,295,398,152,0.05198310315608978,2.857142857142857
02,296,398,152,0.05208224058151245,2.3830011796113477
02,297,398,152,0.051870934665203094,1.9585273483578558
02,298,398,152,0.05567559972405434,1.5632333767926958
02,299,398,152,0.05606778338551521,1.3379276091140495
02,300,398,152,0.05580265820026398,1.3527658781896055
02,301,398,152,0.0567796491086483,1.5038182156826214
02,302,398,152,0.056050028651952744,1.8018252933507164
02,303,398,154,0.05444587767124176,0.9774632147513536
02,304,398,155,0.056165825575590134,0.813621406841746
02,305,398,155,0.05493508651852608,0.8013286148879393
02,306,398,156,0.054641369730234146,0.6937977276960348
02,307,398,156,0.05100028216838837,0.8284596759173046
02,308,398,158,0.048068225383758545,1.050164524740797
02,309,398,158,0.050720617175102234,0.8187123610852419
02,310,398,158,0.048545174300670624,0.7772397094431004
02,311,398,158,0.04743972420692444,1.0563109207177004
02,312,398,159,0.04390859603881836,0.7915813000558793
02,313,398,161,0.0435970164835453,0.9462345564040491
02,314,398,161,0.04436274990439415,0.6256906934873049
02,315,398,161,0.046561941504478455,0.6507729558577033
02,316,398,163,0.049046967178583145,1.1428571428571428
02,317,398,163,0.04808006063103676,0.7101881169677778
02,318,398,163,0.053746823221445084,0.5340535171043663
02,319,398,164,0.05108068138360977,0.7741975538585713
02,320,398,164,0.05065370351076126,0.6251940150245223
02,321,398,165,0.05281585454940796,0.7557583659278586
02,322,398,165,0.05165286734700203,0.7265785062395209
02,323,398,165,0.05099409818649292,1.1259700751226174
02,324,398,167,0.053192008286714554,1.041969330104924
02,325,398,167,0.05043744668364525,0.9651704227975415
02,326,398,167,0.05747419595718384,1.1490035388340463
02,327,398,167,0.0486084520816803,1.4823368721673795
02,328,398,167,0.0485866442322731,2.002048798658967
02,329,398,167,0.05541122332215309,2.5714285714285716
02,330,398,170,0.05289874225854874,1.1377041038058018
02,331,398,172,0.05511534586548805,1.4516048922828602
02,332,398,172,0.05633494257926941,1.2012168622338126
02,333,398,174,0.053633324801921844,2.238095238095238
02,334,398,174,0.050054069608449936,1.6687154653256335
02,335,398,174,0.04879872128367424,1.2939094803501585
02,336,398,174,0.04877302423119545,1.068107034208727
02,337,398,174,0.04691200703382492,1.0435214503011112
02,338,398,176,0.04794568940997124,1.3333333333333333
02,339,398,176,0.046167802065610886,0.919103495374681
02,340,398,176,0.047071535140275955,0.778295151176505
02,341,398,176,0.04623163491487503,1.0245855839076161
02,342,398,176,0.045209843665361404,1.3911963742472206
02,343,398,176,0.046081747859716415,1.8571428571428572
02,344,398,178,0.04647460952401161,0.7619047619047646
02,345,398,178,0.04712650552392006,1.0394238529831747
02,346,398,178,0.0478697344660759,1.4700440802135728
02,347,398,181,0.04798205569386482,1.1495002172968287
02,348,398,181,0.050354864448308945,1.2759669708822257
02,349,398,181,0.0513797327876091,1.6466753585397669
02,350,398,183,0.0478542223572731,2.3153908238654006
02,351,398,183,0.05146330967545509,2.3507170795306385
02,352,398,183,0.048902977257966995,2.5847147203079404
02,353,398,183,0.04797378554940224,2.9800086918730977
02,354,398,183,0.047661375254392624,3.536598994226113
02,355,398,186,0.049678314477205276,3.0363196125908005
02,356,398,186,0.049948617815971375,3.0465636058856402
02,357,398,186,0.04584258422255516,3.2262991246042114
02,358,398,195,0.051839303225278854,5.476190476190476
02,359,398,195,0.047009628266096115,4.859191655801824
02,360,398,195,0.0469214990735054,4.291860681691189
02,361,398,195,0.04408574849367142,3.8694356490966637
02,362,398,195,0.042368512600660324,3.4966784627801557
02,363,398,195,0.04254783317446709,3.1735891227416624
02,364,398,195,0.042121194303035736,2.900167628981186
02,365,398,195,0.042191360145807266,2.676413981498724
02,366,398,195,0.043457094579935074,2.645185323151422
02,367,398,195,0.043171271681785583,2.663624511082135
02,368,398,195,0.04301918298006058,2.731731545290865
02,369,398,195,0.04357055947184563,2.731731545290865
02,370,398,195,0.043476637452840805,2.731731545290865
02,371,398,195,0.045389480888843536,2.731731545290865
02,372,398,195,0.04578257352113724,2.731731545290865
02,373,398,195,0.0460728295147419,2.731731545290865
02,374,398,195,0.045462701469659805,2.731731545290865
02,375,398,195,0.04559092968702316,2.731731545290865
02,376,398,195,0.04706554859876633,2.731731545290865
02,377,398,195,0.04492824897170067,2.731731545290865
02,378,398,195,0.04618199169635773,2.731731545290865
02,379,398,195,0.04597855359315872,2.731731545290865
02,380,398,195,0.04657936841249466,2.731731545290865
03,25,381,16,0.03417345508933067,0.5755261687465072
03,26,381,16,0.03144964948296547,0.5442975103992082
03,27,381,16,0.029690291732549667,0.9129570993977784
03,28,381,18,0.027399392798542976,0.7808406282982564
03,29,381,18,0.032154884189367294,0.5529893834978594
03,30,381,18,0.031236272305250168,0.6564226733718276
03,31,381,18,0.028423363342881203,1.095238095238096
03,32,381,19,0.028065413236618042,0.7537095672688897
03,33,381,20,0.02356903627514839,0.5965108337989713
03,34,381,20,0.024157145991921425,0.8366548705531762
03,35,381,23,0.026077670976519585,1.6666666666666667
03,36,381,23,0.025507573038339615,1.1925249891351588
03,37,381,23,0.026445206254720688,0.8428012665300809
03,38,381,23,0.026444653049111366,0.6625690693487316
03,39,381,23,0.029923057183623314,0.7183833116036521
03,40,381,25,0.02792242355644703,1.3041534736449998
03,41,381,25,0.028932848945260048,1.0742534301856346
03,42,381,25,0.029435914009809494,0.9933569255603155
03,43,381,25,0.029429230839014053,1.0819519463587277
03,44,381,27,0.03156145289540291,1.47159620040976
03,45,381,27,0.031722310930490494,1.1526044576892056
03,46,381,27,0.029466411098837852,1.0097473148320628
03,47,381,27,0.02791578322649002,1.0158937108089674
03,48,381,27,0.027832375839352608,1.1464580617123008
03,49,381,27,0.02681492082774639,1.3266902588936502
03,50,381,27,0.027256153523921967,1.5565903023530154
03,51,381,27,0.026969052851200104,1.9109083007388095
03,52,381,27,0.026864366605877876,2.380952380952381
03,53,381,28,0.028293557465076447,1.9503321537219842
03,54,381,32,0.026635611429810524,1.5775749674054769
03,55,381,32,0.026530129835009575,1.2631775004656371
03,56,381,32,0.026282446458935738,1.0977835723598452
03,57,381,32,0.02946283295750618,1.0752467871111948
03,58,381,32,0.029702911153435707,1.2677717762463534
03,59,381,32,0.03248308226466179,1.5596324579375438
03,60,381,32,0.031181011348962784,1.950828832184766
03,61,381,36,0.03221910819411278,1.604706028434843
03,62,381,36,0.029470665380358696,1.1346619482212712
03,63,381,36,0.030316034331917763,0.8591916558018268
03,64,381,37,0.030076945200562477,0.964673744334763
03,65,381,37,0.03077656589448452,0.8735332464146043
03,66,381,37,0.031127506867051125,0.9728689389706346
03,67,381,38,0.0316058024764061,1.123921276463649
03,68,381,40,0.031179985031485558,2.238095238095238
03,69,381,40,0.031756095588207245,1.9232010926926189
03,70,381,40,0.03478606045246124,1.7199354317998392
03,71,381,40,0.03334508463740349,1.67386850437698
03,72,381,40,0.03483828529715538,1.6841124976718198
03,73,381,40,0.03208617493510246,1.7317315452908675
03,74,381,40,0.033599648624658585,1.6841124976718198
03,75,381,40,0.03522232919931412,1.6451853231514248
03,76,381,40,0.034632641822099686,1.6764139814987267
03,77,381,40,0.031364042311906815,1.985161730924444
03,78,381,40,0.03258661925792694,2.3456261252871426
03,79,381,40,0.031526245176792145,2.6728130626435713
03,80,381,40,0.031712885946035385,3.049667846278016
03,81,381,40,0.0308725256472826,3.5238095238095237
03,82,381,43,0.033214230090379715,1.7808406282982556
03,83,381,43,0.031921759247779846,2.0189358663934938
03,84,381,45,0.030779026448726654,1.5785683243310369
03,85,381,46,0.030589934438467026,1.6241385732911164
03,86,381,46,0.03193787485361099,1.7029862792574657
03,87,381,50,0.03374657779932022,3.0476190476190474
03,88,381,50,0.03423824533820152,2.430620227230397
03,89,381,50,0.038611941039562225,1.8489476625069856
03,90,381,50,0.04271765053272247,1.4413608989880191
03,91,381,51,0.04591308906674385,1.4367666232073029
03,92,381,51,0.04004745930433273,1.0455702489600807
03,93,381,51,0.045081961899995804,0.9441857577450808
03,94,381,51,0.039445582777261734,1.1535978146147639
03,95,381,51,0.037047646939754486,1.6958465263550015
03,96,381,54,0.03896171599626541,1.2176072515055558
03,97,381,54,0.03611525148153305,0.9523809523809538
03,98,381,54,0.037059713155031204,0.9564785496988888
03,99,381,55,0.038057904690504074,0.8801763208542901
03,100,381,55,0.03838782757520676,0.900664307443971
03,101,381,55,0.03700708597898483,1.0952380952380967
03,102,381,55,0.038877565413713455,1.4142298379586524
03,103,381,56,0.039239551872015,1.0747501086484144
03,104,381,60,0.04074888676404953,2.61699882038865
03,105,381,61,0.03523213788866997,3.0476190476190474
03,106,381,60,0.036918945610523224,1.768051157881666
03,107,381,60,0.03781069815158844,1.5361023157633324
03,108,381,60,0.040099941194057465,1.333333333333334
03,109,381,60,0.039541080594062805,1.2503880300490482
03,110,381,60,0.04356544837355614,1.3353821319923023
03,111,381,60,0.04801031947135925,1.6313404110014291
03,112,381,61,0.04732969403266907,1.5115167318557146
03,113,381,62,0.048962853848934174,1.5115167318557137
03,114,381,62,0.047769371420145035,1.768051157881666
03,115,381,62,0.046426936984062195,2.053765443595952
03,116,381,62,0.04798579961061478,2.3830011796113486
03,117,381,62,0.047861676663160324,2.809523809523809
03,118,381,68,0.04455116391181946,2.7142857142857135
03,119,381,68,0.04635416716337204,2.2877630843732533
03,120,381,68,0.045994050800800323,1.931892965791271
03,121,381,68,0.0418948233127594,1.725026386043336
03,122,381,68,0.043240394443273544,1.6671633451294472
03,123,381,70,0.04286012798547745,1.9011609859067495
03,124,381,70,0.040307268500328064,1.6651145464704795
03,125,381,70,0.042765334248542786,1.5780716458682573
03,126,381,70,0.04378177225589752,1.6400322841000825
03,127,381,70,0.04813556373119354,1.8428012665300808
03,128,381,70,0.043398674577474594,2.2401440367542063
03,129,381,70,0.048946864902973175,2.6666666666666665
03,130,381,76,0.044394977390766144,2.857142857142857
03,131,381,76,0.04049195349216461,2.430620227230397
03,132,381,76,0.039830878376960754,2.0537654435959523
03,133,381,76,0.03977875038981438,1.7265785062395236
03,134,381,76,0.03936043381690979,1.544297510399206
03,135,381,76,0.03952563554048538,1.4531570124790474
03,136,381,76,0.03939978405833244,1.46135220711492
03,137,381,76,0.03886261209845543,1.5688830943068248
03,138,381,78,0.037891194224357605,2.0614639597690467
03,139,381,78,0.03780432790517807,1.8438567082634896
03,140,381,78,0.03803917393088341,1.7732041969330117
03,141,381,78,0.03881536424160004,1.6364934500527735
03,142,381,78,0.03870069235563278,1.5412553548146783
03,143,381,78,0.040402378886938095,1.446017259576583
03,144,381,78,0.04074839502573013,1.4214316756689644
03,145,381,78,0.04031548276543617,1.4111876823741232
03,146,381,78,0.040279895067214966,1.479791395045633
03,147,381,78,0.03900422528386116,1.6892034519153158
03,148,381,78,0.03610401600599289,1.9728689389706333
03,149,381,81,0.03382279723882675,1.2519401502452359
03,150,381,80,0.03301965817809105,1.1362140684174598
03,151,381,82,0.03394857421517372,1.072204631526665
03,152,381,82,0.03371811658143997,0.8714844477556334
03,153,381,82,0.03665143623948097,0.7700999565406335
03,154,381,82,0.0355350561439991,0.8218166014776175
03,155,381,83,0.03428684175014496,0.7951822189110319
03,156,381,83,0.03382587805390358,0.9400881604271444
03,157,381,83,0.033707354217767715,1.316942944061589
03,158,381,83,0.03328961879014969,1.8095238095238095
03,159,381,87,0.0318799763917923,1.619047619047619
03,160,381,87,0.03206760063767433,1.2775190910784129
03,161,381,87,0.02933289110660553,1.0081951946358716
03,162,381,87,0.032670073211193085,0.9129570993977764
03,163,381,87,0.033639226108789444,0.9334450859874586
03,164,381,87,0.03621751815080643,1.102936611411187
03,165,381,90,0.03621305152773857,2.20276898243
03,166,381,90,0.03276829794049263,1.9810641336065076
03,167,381,90,0.03394527733325958,1.8110759297199994
03,168,381,90,0.035588398575782776,1.7404234183895215
03,169,381,90,0.03738294914364815,1.7691065996150752
03,170,381,90,0.03754814341664314,1.826969640528964
03,171,381,90,0.038537073880434036,1.9222077357670593
03,172,381,90,0.04075372964143753,2.0174458310051544
03,173,381,90,0.03951483219861984,1.969826783386107
03,174,381,90,0.03845878317952156,1.9222077357670593
03,175,381,90,0.03610847517848015,1.8745886881480116
03,176,381,90,0.03753845766186714,1.7629602036381706
03,177,381,91,0.03657316416501999,1.5663376171850767
03,178,381,91,0.03629683703184128,1.6349413298565865
03,179,381,91,0.03788815811276436,1.8484509840442058
03,180,381,91,0.035324882715940475,2.1612963307878568
03,181,381,91,0.03558351472020149,2.5734773700875397
03,182,381,91,0.03511957451701164,3.0952380952380953
03,183,381,94,0.034681160002946854,1.7291239833612704
03,184,381,94,0.03478071838617325,1.929844167132302
03,185,381,94,0.03631274029612541,2.310796548084683
03,186,381,94,0.03615866228938103,2.7910846215930953
03,187,381,98,0.03701325133442879,2.1254113118519884
03,188,381,101,0.035723134875297546,3.0
03,189,381,101,0.035916056483983994,2.3353821319923016
03,190,381,101,0.03448638692498207,1.8284596759173033
03,191,381,101,0.03657114505767822,1.5990563109207165
03,192,381,102,0.0367402620613575,1.4244738312534921
03,193,381,103,0.0371079184114933,1.399391568883095
03,194,381,103,0.03941395878791809,1.0061463959769061
03,195,381,104,0.03967789560556412,1.05786304091389
03,196,381,104,0.04215165227651596,0.7183833116036534
03,197,381,104,0.04822224751114845,0.7598559632457951
03,198,381,105,0.04469172656536102,0.4905320668032538
03,199,381,106,0.04085525870323181,0.49922393990190644
03,200,381,106,0.03822137787938118,0.513565530514684
03,201,381,106,0.040439434349536896,0.8591916558018253
03,202,381,106,0.039434678852558136,1.380952380952381
03,203,381,108,0.03853355720639229,0.5304525982492082
03,204,381,108,0.03997993841767311,0.7373191779971432
03,205,381,110,0.0374070405960083,0.9651704227975415
03,206,381,110,0.039166148751974106,0.6610169491525417
03,207,381,110,0.0377042256295681,0.6133979015334942
03,208,381,111,0.04048384726047516,2.8555907369466693
03,209,381,112,0.03801892325282097,3.0189358663934938
03,210,381,112,0.0361851304769516,2.8223132799403987
03,211,381,112,0.03694407269358635,2.931892965791271
03,212,381,113,0.039563968777656555,2.815670205500714
03,213,381,115,0.041855234652757645,3.704041720990874
03,214,381,115,0.03809375688433647,3.374805984975476
03,215,381,115,0.04536722972989082,3.128018873781585
03,216,381,115,0.04383353143930435,3.1213757993419025
03,217,381,115,0.040533408522605896,3.1956292295275364
03,218,381,164,0.04159660264849663,46.142857142857146
03,219,381,117,0.04434126242995262,3.434221146085553
03,220,381,117,0.0431319884955883,3.2580865462221418
03,221,381,117,0.03953931853175163,3.2642329421990475
03,222,381,117,0.039266735315322876,3.4280747501086504
03,223,381,117,0.041561443358659744,3.7388712981933323
03,224,381,117,0.04106492921710014,4.101384491215
03,225,381,117,0.04040369763970375,4.573477370087541
03,226,381,117,0.03662601113319397,5.095238095238095
03,227,381,120,0.04351488873362541,3.499223939901905
03,228,381,120,0.043077994138002396,3.735270379338174
03,229,381,120,0.04515310749411583,1.737319177997143
03,230,381,123,0.04617788642644882,1.404482523126589
03,231,381,123,0.046161577105522156,1.383994536536908
03,232,381,123,0.04328985512256622,1.5125100887812732
03,233,381,125,0.042664784938097,1.5370956726888927
03,234,381,126,0.04043346270918846,1.5678276525734154
03,235,381,127,0.0402047261595726,1.735270379338175
03,236,381,127,0.03988678753376007,1.2549823058297638
03,237,381,127,0.03973634913563728,0.9692680201154793
03,238,381,127,0.04007776826620102,0.9918048053641298
03,239,381,127,0.039636507630348206,1.1633451294468264
03,240,381,129,0.039950668811798096,1.0184391879307153
03,241,381,131,0.0372157022356987,2.0952380952380953
03,242,381,131,0.03882211074233055,1.5734773700875384
03,243,381,131,0.03945920988917351,1.1177748804867444
03,244,381,131,0.03925894945859909,0.8709877692928523
03,245,381,131,0.03992171585559845,0.85049978270317
03,246,381,131,0.03857225552201271,0.931396287328489
03,247,381,131,0.037633929401636124,1.1280188737815842
03,248,381,131,0.03776528686285019,1.4823368721673795
03,249,381,131,0.03707007318735123,1.9523809523809523
03,250,381,132,0.03833571448922157,1.569379772769604
03,251,381,135,0.037678904831409454,1.1776867200596013
03,252,381,135,0.03697836399078369,0.8755820450735698
03,253,381,135,0.03797357529401779,0.78903582293413
03,254,381,136,0.04065130650997162,0.7910846215930969
03,255,381,136,0.04033519700169563,0.8473955423107972
03,256,381,136,0.0377986915409565,1.1310610293661132
03,257,381,136,0.03761311620473862,1.5222574036133367
03,258,381,138,0.039191510528326035,0.9405848388899255
03,259,381,138,0.03801492229104042,1.0460669274228604
03,260,381,139,0.03941470757126808,0.7767430309803233
03,261,381,141,0.03999042510986328,1.3148941454026206
03,262,381,141,0.04094311222434044,1.072701309989446
03,263,381,141,0.04274006560444832,0.9298441671323032
03,264,381,141,0.04077622666954994,0.9272986900105566
03,265,381,144,0.043320249766111374,2.5238095238095237
03,266,381,144,0.03981688618659973,2.1449059415161096
03,267,381,144,0.03631430119276047,1.8279629974545222
03,268,381,144,0.038393184542655945,1.6103557459489637
03,269,381,144,0.03778938949108124,1.5873222822375348
03,270,381,144,0.03602644428610802,1.6841124976718171
03,271,381,144,0.03648073226213455,1.8745886881480076
03,272,381,144,0.03624803200364113,1.9698267833861027
03,273,381,144,0.03547140210866928,1.9698267833861027
03,274,381,144,0.03654862567782402,1.996957844415468
03,275,381,144,0.03713460639119148,2.1193270006829317
03,276,381,145,0.03772931173443794,1.8648413733159477
03,277,381,145,0.03685452416539192,1.8525485813621383
03,278,381,145,0.03754441812634468,1.935493884646424
03,279,381,145,0.03723357617855072,2.0681070342087273
03,280,381,145,0.03707199543714523,2.291860681691189
03,281,381,145,0.0376884862780571,2.5734773700875384
03,282,381,145,0.036971237510442734,3.1904761904761907
03,283,381,147,0.03705853596329689,2.1305643509033363
03,284,381,152,0.03692111745476723,2.849444340969764
03,285,381,152,0.03712105005979538,2.4561991680635735
03,286,381,152,0.03806409239768982,2.162289687713415
03,287,381,152,0.036534734070301056,2.015334947538336
03,288,381,152,0.03893524780869484,1.967715899919288
03,289,381,152,0.03820835053920746,2.019432544856272
03,290,381,152,0.04062224179506302,2.170484882349288
03,291,381,152,0.04207359626889229,2.5637300552554785
03,292,381,158,0.044157564640045166,3.142857142857143
03,293,381,158,0.04395076259970665,2.4306202272303956
03,294,381,158,0.04737410321831703,1.8632892531197605
03,295,381,158,0.04309047758579254,1.5361023157633305
03,296,381,158,0.046612922102212906,1.2959582790091255
03,297,381,158,0.0402650311589241,1.1075308871919018
03,298,381,158,0.041360680013895035,1.1080275656546843
03,299,381,158,0.04128463193774223,1.3276836158192071
03,300,381,158,0.04595057666301727,1.6753585397653192
03,301,381,161,0.044145502150058746,1.2995591978642822
03,302,381,161,0.03996310010552406,0.9206556155708681
03,303,381,161,0.04225527122616768,0.7532128888061093
03,304,381,161,0.043683141469955444,0.8218166014776189
03,305,381,162,0.04807541146874428,0.5898677593592868
03,306,381,162,0.05253459885716438,0.678959458620476
03,307,381,163,0.049289170652627945,0.5878189607003199
03,308,381,164,0.04933151230216026,0.8177190041596825
03,309,381,164,0.044178664684295654,0.6313404110014285
03,310,381,164,0.04183296486735344,0.7388712981933303
03,311,381,164,0.04133286699652672,1.1075308871919045
03,312,381,167,0.04023627191781998,1.4761904761904763
03,313,381,167,0.04376331344246864,1.0972868938970621
03,314,381,167,0.04272424057126045,0.7700999565406348
03,315,381,167,0.0464806966483593,0.5811758862606314
03,316,381,167,0.0422784648835659,0.6308437325386487
03,317,381,167,0.042603328824043274,0.9375426833053964
03,318,381,168,0.04410319775342941,0.6682187868628565
03,319,381,170,0.041907940059900284,1.1694915254237284
03,320,381,170,0.04816393181681633,0.8545973800211077
03,321,381,170,0.050342265516519547,0.6246973365617426
03,322,381,170,0.04433687776327133,0.6226485379027757
03,323,381,170,0.04618508368730545,0.8382069907493647
03,324,381,171,0.0425373800098896,0.537654435959523
03,325,381,172,0.04141923785209656,0.66412118954492
03,326,381,172,0.04014161229133606,0.6390389271745216
03,327,381,172,0.04003141075372696,0.8914757558825359
03,328,381,174,0.041026774793863297,1.3205438629167443
03,329,381,174,0.04177505522966385,1.1131806047060282
03,330,381,174,0.041821517050266266,1.0425280933755516
03,331,381,175,0.041489336639642715,1.3763581051716647
03,332,381,175,0.04131563752889633,1.3220959831129313
03,333,381,175,0.04189798980951309,1.3507791643384839
03,334,381,175,0.04345327988266945,1.446017259576579
03,335,381,175,0.043218690901994705,1.4255292729868967
03,336,381,175,0.04334574192762375,1.407090085056184
03,337,381,175,0.04382611811161041,1.4838889923635665
03,338,381,176,0.0433620922267437,1.2519401502452345
03,339,381,176,0.04261454567313194,1.316446265598805
03,340,381,176,0.043464791029691696,1.5381511144223001
03,341,381,176,0.044035349041223526,1.859191655801824
03,342,381,176,0.046556565910577774,2.3333333333333335
03,343,381,178,0.04813037067651749,1.6088036257527794
03,344,381,178,0.04539116099476814,2.370708387657541
03,345,381,181,0.046489641070365906,2.5970075122617495
03,346,381,181,0.049111559987068176,2.7710933134661944
03,347,381,181,0.045766282826662064,3.0941826535046877
03,348,381,181,0.04286167770624161,3.58676351896691
03,349,381,183,0.044086769223213196,3.758800521512388
03,350,381,183,0.043515004217624664,4.005090954243496
03,351,381,183,0.043730318546295166,4.400384925808656
03,352,381,186,0.044126443564891815,4.17303035947104
03,353,381,195,0.04550369828939438,6.428571428571429
03,354,381,195,0.045292019844055176,5.668715465325634
03,355,381,195,0.04434210807085037,4.958527348357856
03,356,381,195,0.040202561765909195,4.440864220525235
03,357,381,195,0.03782772272825241,3.972868938970632
03,358,381,195,0.03777346387505531,3.5545415036940433
03,359,381,195,0.038930051028728485,3.1858819146954716
03,360,381,195,0.03935590013861656,2.96212826721301
03,361,381,195,0.04028856009244919,2.788042466008565
03,362,381,195,0.03997408226132393,2.663624511082135
03,363,381,195,0.040815290063619614,2.731731545290865
04,25,379,11,0.018809683620929718,0.6953498478922212
04,26,379,13,0.021065758541226387,1.258583224684919
04,27,379,13,0.020501235499978065,0.8612404544607936
04,28,379,13,0.021298622712492943,0.6047060284348414
04,29,379,13,0.024776281788945198,0.555038182156827
04,30,379,13,0.02736661210656166,0.7951822189110332
04,31,379,15,0.030628381296992302,0.912957099397777
04,32,379,15,0.033500418066978455,0.5857701620413484
04,33,379,15,0.031136365607380867,0.5192152480288096
04,34,379,16,0.02856536954641342,0.5939653566772213
04,35,379,16,0.026825010776519775,0.7035450425280955
04,36,379,18,0.026565231382846832,0.985658409387223
04,37,379,18,0.026526624336838722,0.6999441236729387
04,38,379,18,0.02624003030359745,0.5714285714285735
04,39,379,18,0.023957736790180206,0.6830570559384145
04,40,379,18,0.022373991087079048,1.0681070342087307
04,41,379,19,0.01956743560731411,0.7716520767368239
04,42,379,20,0.018287844955921173,0.7532128888061106
04,43,379,20,0.017695432528853416,0.8853293599056312
04,44,379,23,0.018437834456562996,2.238095238095238
04,45,379,23,0.017702732235193253,1.8591916558018253
04,46,379,23,0.01769094355404377,1.4552058111380155
04,47,379,23,0.017672857269644737,1.1756379214006345
04,48,379,23,0.018911391496658325,0.9580306698950787
04,49,379,23,0.020316600799560547,0.8894269572235703
04,50,379,23,0.019896775484085083,0.9908114484385689
04,51,379,23,0.019990427419543266,1.2125162972620611
04,52,379,23,0.019862523302435875,1.4383187434034899
04,53,379,23,0.020372455939650536,1.7782951511765077
04,54,379,25,0.01844746433198452,1.098839014093252
04,55,379,25,0.020933933556079865,1.1300676724405538
04,56,379,27,0.022956741973757744,1.1157260818277774
04,57,379,27,0.024035098031163216,0.8653380517787314
04,58,379,27,0.02667844481766224,0.7598559632457951
04,59,379,27,0.024391235783696175,0.8156702055007156
04,60,379,27,0.027234148234128952,1.0122927919538107
04,61,379,27,0.029066363349556923,1.4285714285714286
04,62,379,28,0.03123243898153305,1.1387595455392077
04,63,379,30,0.03607501462101936,0.8801763208542853
04,64,379,32,0.03216048702597618,1.666666666666666
04,65,379,32,0.03133554756641388,1.3297324144781772
04,66,379,32,0.030558142811059952,1.182777674303098
04,67,379,32,0.030427521094679832,1.2344943192400835
04,68,379,32,0.03053956665098667,1.4684919600173851
04,69,379,32,0.02849004603922367,1.8100204879865913
04,70,379,32,0.030331237241625786,2.267275097783574
04,71,379,34,0.026914946734905243,1.4249705097162726
04,72,379,36,0.02707882970571518,1.203265660892781
04,73,379,36,0.023869941011071205,1.0747501086484144
04,74,379,37,0.024337157607078552,1.1843297944992872
04,75,379,40,0.023565184324979782,3.0952380952380953
04,76,379,40,0.021449990570545197,2.76395356056373
04,77,379,40,0.023194149136543274,2.2918606816911904
04,78,379,40,0.023824244737625122,1.8489476625069843
04,79,379,40,0.022706901654601097,1.505370335878811
04,80,379,40,0.024206962436437607,1.3230893400384935
04,81,379,40,0.024354301393032074,1.3911963742472206
04,82,379,40,0.025070173665881157,1.8300117961134919
04,83,379,40,0.0231012012809515,2.298007077668095
04,84,379,40,0.023153947666287422,2.815670205500714
04,85,379,40,0.021824032068252563,3.3353821319923016
04,86,379,40,0.02293689176440239,3.761904761904762
04,87,379,44,0.02243727073073387,1.5140622089774638
04,88,379,46,0.022805461660027504,1.669212143788416
04,89,379,46,0.02254100888967514,1.4561991680635764
04,90,379,46,0.022677214816212654,1.4377599801328624
04,91,379,47,0.022487379610538483,1.4413608989880191
04,92,379,50,0.0229754988104105,3.0
04,93,379,50,0.023632068186998367,2.383001179611349
04,94,379,50,0.024552293121814728,1.8156702055007141
04,95,379,50,0.027206329628825188,1.3312845346743665
04,96,379,50,0.026868997141718864,0.9626249456757948
04,97,379,50,0.029229525476694107,0.7532128888061106
04,98,379,51,0.03036837838590145,0.757310486124047
04,99,379,51,0.031949084252119064,0.7363258210715851
04,100,379,51,0.030323905870318413,0.9559818712361104
04,101,379,51,0.03127901256084442,1.3538213199230156
04,102,379,54,0.030431147664785385,1.3410318495064264
04,103,379,54,0.02807750180363655,1.0097473148320613
04,104,379,54,0.026146871969103813,0.7404234183895214
04,105,379,54,0.027008039876818657,0.6037126715092833
04,106,379,54,0.027840828523039818,0.6866579747935692
04,107,379,55,0.027457445859909058,0.6928043707704739
04,108,379,55,0.0267216544598341,0.6969019680884103
04,109,379,56,0.025766072794795036,0.6825603774756314
04,110,379,56,0.02756727859377861,0.6641211895449187
04,111,379,56,0.02563185803592205,0.9354938846464268
04,112,379,58,0.02871876396238804,0.9124604209349979
04,113,379,58,0.025214534252882004,0.6349413298565865
04,114,379,58,0.026357268914580345,0.5934686782144422
04,115,379,58,0.02970121242105961,0.8981188303222203
04,116,379,58,0.02916841395199299,1.3517725212640475
04,117,379,58,0.03289708122611046,1.9523809523809523
04,118,379,60,0.03498893231153488,1.0517166449369848
04,119,379,61,0.03414687514305115,1.1059787669957162
04,120,379,62,0.036259450018405914,1.2575277829515124
04,121,379,62,0.03493686392903328,1.1786800769851615
04,122,379,62,0.033433739095926285,1.3978394486869072
04,123,379,62,0.03557738661766052,1.737319177997144
04,124,379,62,0.03449240326881409,2.1761345998634134
04,125,379,67,0.04083435237407684,2.238095238095238
04,126,379,67,0.03549472987651825,1.7142857142857142
04,127,379,68,0.03611381724476814,2.0517166449369832
04,128,379,68,0.037540264427661896,1.4408642205252373
04,129,379,68,0.04259508103132248,1.1182715589495262
04,130,379,68,0.03262633830308914,1.0501645247407962
04,131,379,68,0.03774648904800415,1.2283479232631773
04,132,379,70,0.035247985273599625,1.0307319798845234
04,133,379,70,0.03488747403025627,0.8177190041596838
04,134,379,70,0.03346080332994461,0.8612404544607936
04,135,379,71,0.03517191484570503,0.6246973365617426
04,136,379,71,0.03324861824512482,0.7614080834419807
04,137,379,70,0.034167107194662094,1.7823927484944428
04,138,379,73,0.03373327851295471,0.9831129322654745
04,139,379,74,0.033785007894039154,1.5714285714285714
04,140,379,74,0.03412006050348282,1.3082510709629362
04,141,379,74,0.037186816334724426,1.200223505308252
04,142,379,75,0.038599926978349686,1.5627366983299187
04,143,379,75,0.03829202428460121,1.4009436890792835
04,144,379,75,0.03747725859284401,1.3840566213447578
04,145,379,75,0.03609637916088104,1.4296268703048374
04,146,379,75,0.035829897969961166,1.4070900850561894
04,147,379,75,0.0348702147603035,1.454709132675237
04,148,379,75,0.03708271682262421,1.6661699882038883
04,149,379,75,0.03563980013132095,1.8341093934314283
04,150,379,75,0.034844186156988144,2.0993356925560316
04,151,379,76,0.034221068024635315,1.627242813683492
04,152,379,76,0.03470166027545929,2.142857142857143
04,153,379,78,0.034690067172050476,1.3563667970447622
04,154,379,78,0.033914241939783096,1.5924132364810322
04,155,379,78,0.035226549953222275,1.9359905631092065
04,156,379,82,0.03565825894474983,2.108524244117464
04,157,379,82,0.03737928345799446,1.9574719066244484
04,158,379,82,0.03600456938147545,1.9057552616874642
04,159,379,82,0.03686489164829254,1.953374309306512
04,160,379,82,0.03589225560426712,2.1458992984416705
04,161,379,83,0.034984782338142395,2.1540944930775434
04,162,379,87,0.034055814146995544,2.323586018501273
04,163,379,87,0.03314085304737091,1.92214565095921
04,164,379,87,0.03259404003620148,1.7649469174892896
04,165,379,87,0.03206546977162361,1.7567517228534169
04,166,379,90,0.031982362270355225,1.9155025765195244
04,167,379,90,0.03071918897330761,1.5760228472092863
04,168,379,90,0.03356539085507393,1.3481716024088892
04,169,379,90,0.03234434127807617,1.26932389644254
04,170,379,90,0.034027501940727234,1.339479729310238
04,171,379,94,0.03374891355633736,2.8095238095238093
04,172,379,94,0.0343334898352623,2.430620227230397
04,173,379,94,0.035054758191108704,2.2918606816911904
04,174,379,94,0.03308283910155296,2.2191593717017457
04,175,379,94,0.033553365617990494,2.150555659030236
04,176,379,94,0.033036969602108,2.181287638914758
04,177,379,94,0.03326630964875221,2.098342335630472
04,178,379,94,0.03486669808626175,2.0650648786242023
04,179,379,94,0.03360924497246742,2.0650648786242023
04,180,379,94,0.03327299654483795,2.1254733966598387
04,181,379,94,0.032779183238744736,2.285217607251507
04,182,379,92,0.03393957391381264,3.442913019184206
04,183,379,92,0.033424012362957,3.7163345129446825
04,184,379,92,0.032875314354896545,4.0476190476190474
04,185,379,94,0.03358731418848038,2.7992798162289683
04,186,379,94,0.03307828679680824,3.1326131495623017
04,187,379,98,0.03340782970190048,1.5202086049543657
04,188,379,98,0.034123051911592484,1.6133979015334927
04,189,379,98,0.03366803750395775,1.8059228906686515
04,190,379,101,0.03324631229043007,2.0209846650524605
04,191,379,101,0.0312817320227623,1.631837089464207
04,192,379,101,0.031357359141111374,1.4582479667225419
04,193,379,102,0.029815973713994026,1.3666107903396034
04,194,379,102,0.030553385615348816,1.126963432048178
04,195,379,103,0.033028557896614075,0.8965667101260332
04,196,379,105,0.03455221652984619,1.7619047619047619
04,197,379,105,0.03596433997154236,1.0788477059663508
04,198,379,105,0.03427571803331375,0.7767430309803206
04,199,379,105,0.035427507013082504,0.7019929223319062
04,200,379,105,0.03536702319979668,1.0040975973179365
04,201,379,106,0.0344267375767231,0.6937977276960334
04,202,379,106,0.03507168963551521,1.0476190476190477
04,203,379,107,0.035988617688417435,0.834606071894208
04,204,379,108,0.030991386622190475,0.8059228906686542
04,205,379,108,0.03345537185668945,1.0312286583473018
04,206,379,110,0.033656831830739975,0.8658347302415085
04,207,379,110,0.032373059540987015,0.7583038430496039
04,208,379,112,0.03477435186505318,1.5135655305146827
04,209,379,112,0.03546413406729698,1.126466753585397
04,210,379,112,0.032550081610679626,0.7992798162289684
04,211,379,112,0.034721482545137405,0.6835537344011923
04,212,379,112,0.03976110368967056,0.9943502824858764
04,213,379,115,0.04197090119123459,1.505370335878811
04,214,379,115,0.03764320909976959,1.1699882038865095
04,215,379,115,0.0376158282160759,0.8591916558018253
04,216,379,115,0.03521459922194481,0.6973986465511901
04,217,379,115,0.037912480533123016,0.8464021853852363
04,218,379,116,0.03984883427619934,0.7655056807599172
04,219,379,116,0.03438765928149223,0.8648413733159489
04,220,379,117,0.03295673429965973,0.7905879431303171
04,221,379,117,0.03250076249241829,0.8878748370273819
04,222,379,120,0.03969215974211693,1.9047619047619047
04,223,379,120,0.037530649453401566,1.40348916620103
04,224,379,117,0.04102993384003639,2.142857142857143
04,225,379,120,0.040191683918237686,0.7496119699509526
04,226,379,120,0.036375124007463455,0.774694232321351
04,227,379,120,0.037514470517635345,1.0476190476190477
04,228,379,120,0.0391918420791626,1.4700440802135715
04,229,379,120,0.04268058016896248,1.8945179114670636
04,230,379,123,0.03720112890005112,0.9088595020798419
04,231,379,123,0.03950188308954239,0.8136214068417453
04,232,379,124,0.03611525893211365,0.8817284410504739
04,233,379,124,0.03240158408880234,0.7183833116036514
04,234,379,125,0.033018846064805984,0.8591916558018253
04,235,379,125,0.03313404321670532,0.6436332029552377
04,236,379,127,0.03493024408817291,1.7142857142857129
04,237,379,127,0.03660574182868004,1.240144036754205
04,238,379,127,0.03635931760072708,0.852548581362141
04,239,379,127,0.03611662611365318,0.7050971627242832
04,240,379,127,0.033691540360450745,0.8023840566213467
04,241,379,127,0.033617716282606125,0.9785186564847596
04,242,379,129,0.03842072933912277,0.9723722605078535
04,243,379,129,0.03806598111987114,0.8643446948531678
04,244,379,129,0.03816812485456467,0.8418079096045187
04,245,379,129,0.03535996749997139,0.9206556155708695
04,246,379,129,0.03411800414323807,1.1776867200596026
04,247,379,131,0.03442632406949997,0.8213199230148378
04,248,379,131,0.03408101946115494,0.6805115788166618
04,249,379,131,0.03478122130036354,0.6887067734525361
04,250,379,131,0.034669049084186554,0.8750853666107901
04,251,379,132,0.03908118978142738,0.7900912646675367
04,252,379,132,0.038058653473854065,0.9887626497795973
04,253,379,132,0.03679385408759117,1.2248090892158685
04,254,379,135,0.037759337574243546,2.0476190476190474
04,255,379,135,0.03808004409074783,1.8279629974545222
04,256,379,135,0.040025487542152405,1.7076426398460285
04,257,379,135,0.0390634760260582,1.6989507667473758
04,258,379,135,0.0404130220413208,1.7691065996150726
04,259,379,135,0.041455045342445374,1.9222077357670553
04,260,379,135,0.040367092937231064,2.1126839262432457
04,261,379,135,0.04202469065785408,2.303160116719436
04,262,379,135,0.040235500782728195,2.4460172595765792
04,263,379,135,0.03973176330327988,2.588874402433722
04,264,379,135,0.03962817043066025,2.731731545290865
04,265,379,135,0.038962289690971375,2.731731545290865
04,266,379,135,0.038625579327344894,2.731731545290865
04,267,379,135,0.039744723588228226,2.684112497671817
04,268,379,135,0.04094851016998291,2.6364934500527695
04,269,379,135,0.040756355971097946,2.588874402433722
04,270,379,135,0.03969259560108185,2.541255354814674
04,271,379,135,0.04029065743088722,2.4936363071956267
04,272,379,135,0.03932270035147667,2.4460172595765792
04,273,379,135,0.03934621065855026,2.2555410691003885
04,274,379,135,0.038595058023929596,2.065064878624198
04,275,379,135,0.03859207406640053,2.2350530825107064
04,276,379,135,0.03887467458844185,2.628794933879679
04,277,379,136,0.03919580951333046,2.7696032780778523
04,278,379,136,0.03933628275990486,3.2232569690196793
04,279,379,136,0.03803892061114311,3.8218166014776163
04,280,379,136,0.03830188140273094,4.529955919786427
04,281,379,136,0.039234843105077744,5.287763084373252
04,282,379,136,0.038690175861120224,7.210964177065873
04,283,379,139,0.039774831384420395,6.118271558949527
04,284,379,139,0.03804700821638107,6.65437387471286
04,285,379,149,0.03824441507458687,7.330229092940959
04,286,379,151,0.036668211221694946,7.501272738560875
04,287,379,152,0.04013807326555252,7.532501396908176
04,288,379,152,0.038872912526130676,6.8555907369466675
04,289,379,152,0.04179821163415909,6.369156267461351
04,290,379,153,0.04138056933879852,6.079344384429129
04,291,379,153,0.042616620659828186,5.60520270689762
04,292,379,106,0.040465302765369415,44.904761904761905
04,293,379,154,0.04194554686546326,4.66306574781151
04,294,379,154,0.04000915586948395,4.6712609424473825
04,295,379,155,0.0414457805454731,4.0189358663934955
04,296,379,158,0.039284784346818924,3.7439622524368317
04,297,379,161,0.03734321892261505,5.333333333333333
04,298,379,161,0.04084492474794388,4.811572608182776
04,299,379,161,0.038542937487363815,4.339479729310237
04,300,379,161,0.03987490013241768,3.9170546967157116
04,301,379,161,0.04216889292001724,3.6333892096603955
04,302,379,161,0.04044920578598976,3.4306202272303956
04,303,379,161,0.04156331345438957,1.2258024461414287
04,304,379,163,0.03857610374689102,1.2355497609734887
04,305,379,163,0.0383482463657856,0.9063140249580919
04,306,379,163,0.048355791717767715,0.8397591109455518
04,307,379,164,0.04083198308944702,0.9390948035015835
04,308,379,164,0.03956664353609085,0.8254175203327728
04,309,379,164,0.03665162995457649,0.9063140249580919
04,310,379,164,0.037808552384376526,1.1239212764636477
04,311,379,164,0.03844306990504265,1.440864220525238
04,312,379,167,0.037355825304985046,1.1592475321288886
04,313,379,167,0.03649890050292015,0.896070031663252
04,314,379,167,0.03637080639600754,0.7363258210715836
04,315,379,167,0.03787743300199509,0.717886633140871
04,316,379,167,0.04077252745628357,0.8484509840442045
04,317,379,167,0.039844997227191925,3.27087601663873
04,318,379,170,0.04259928688406944,5.821816601477619
04,319,379,170,0.04181904345750809,7.695349847892219
04,320,379,170,0.03839217498898506,9.668218786862854
04,321,379,170,0.04056691750884056,11.781896070031662
04,322,379,170,0.041619811207056046,13.949338796796424
04,323,379,170,0.03854835778474808,16.100391134289435
04,324,379,172,0.038692452013492584,18.432172347426587
04,325,379,172,0.03845435008406639,20.353324641460237
04,326,379,172,0.035502199083566666,22.373812628049915
04,327,379,127,0.03567708656191826,22.38405662134476
04,328,379,127,0.037984054535627365,20.409138883715155
04,329,379,127,0.037953831255435944,18.394797293102382
04,330,379,127,0.03905022144317627,16.533556838641587
04,331,379,127,0.04097580537199974,14.72198423045881
04,332,379,129,0.040325477719306946,14.210467498603093
04,333,379,130,0.04035281017422676,14.32669025889365
04,334,379,131,0.040376294404268265,14.571428571428571
04,335,379,131,0.04087940230965614,14.420376233935556
04,336,379,131,0.038895413279533386,14.422425032594523
04,337,379,131,0.039906203746795654,14.565282175451665
04,338,379,131,0.04417019709944725,17.093189296579123
04,339,379,131,0.04596591740846634,19.76805115788166
04,340,379,129,0.04318908601999283,24.14490594151611
04,341,379,129,0.042258940637111664,27.333333333333332
04,342,379,183,0.04437387362122536,24.803874092009686
04,343,379,183,0.04296770319342613,22.576519525672065
04,344,379,183,0.04043636843562126,20.524802880735084
04,345,379,183,0.04169035330414772,18.62004097597318
04,346,379,183,0.03928056359291077,16.814614763767302
04,347,379,183,0.04039796069264412,15.108524244117461
04,348,379,186,0.039478372782468796,12.33227789159993
04,349,379,187,0.0396769717335701,10.12746011051096
04,350,379,187,0.041798122227191925,7.862233811386356
04,351,379,195,0.04007365554571152,7.761904761904762
04,352,379,195,0.042576078325510025,4.668715465325634
04,353,379,195,0.042034734040498734,4.196622586453094
04,354,379,195,0.04083041474223137,3.7741975538585684
04,355,379,195,0.03912124037742615,3.4014403675420604
04,356,379,195,0.03603477403521538,3.078351027503567
04,357,379,195,0.03633150830864906,2.8049295337430906
04,358,379,195,0.03659427911043167,2.581175886260629
04,359,379,195,0.03681398183107376,2.549947227913327
04,360,379,195,0.03428395092487335,2.6160054634630874
04,361,379,195,0.034627627581357956,2.731731545290865
05,25,465,10,0.018615156412124634,1.4183274352765867
05,26,465,13,0.01856895722448826,1.258583224684919
05,27,465,13,0.01873323693871498,0.8612404544607936
05,28,465,13,0.018242521211504936,0.6753585397653193
05,29,465,13,0.021750692278146744,0.7501086484137323
05,30,465,14,0.026315512135624886,0.6876513317191281
05,31,465,15,0.02815123274922371,0.8177190041596818
05,32,465,15,0.030632443726062775,0.6108524244117468
05,33,465,16,0.030431758612394333,0.7183833116036501
05,34,465,16,0.03154923766851425,0.6169988203886528
05,35,465,17,0.027603793889284134,0.6088036257527772
05,36,465,18,0.02766629494726658,0.7332215806792087
05,37,465,18,0.02681238204240799,0.5094679331967482
05,38,465,18,0.022641291841864586,0.5878189607003192
05,39,465,18,0.022412803024053574,0.9728689389706353
05,40,465,19,0.018332835286855698,0.6764139814987287
05,41,465,20,0.016746271401643753,0.7055938411870629
05,42,465,20,0.016210315749049187,0.8377103122865835
05,43,465,23,0.017142701894044876,2.380952380952381
05,44,465,23,0.017903070896863937,2.0972868938970635
05,45,465,23,0.018412593752145767,1.8632892531197618
05,46,465,23,0.017798632383346558,1.747066492829206
05,47,465,23,0.01778329536318779,1.7199354317998405
05,48,465,23,0.017998402938246727,1.7132923573601562
05,49,465,23,0.019204748794436455,1.826969640528964
05,50,465,23,0.018413575366139412,1.8745886881480116
05,51,465,23,0.018180228769779205,1.8745886881480116
05,52,465,23,0.018034256994724274,1.826969640528964
05,53,465,23,0.01796531304717064,1.8126280499161878
05,54,465,23,0.018797295168042183,1.7050971627242832
05,55,465,23,0.019457638263702393,1.6887067734525374
05,56,465,23,0.019590428099036217,1.7716520767368233
05,57,465,23,0.02386448346078396,1.8648413733159503
05,58,465,25,0.022354282438755035,1.233004283851742
05,59,465,25,0.021218527108430862,1.1648972496430123
05,60,465,27,0.020708726719021797,1.3702117091947614
05,61,465,27,0.02159719169139862,1.070155832867698
05,62,465,27,0.024788377806544304,0.8776308437325407
05,63,465,27,0.028527842834591866,0.8341093934314296
05,64,465,27,0.029545579105615616,0.9313962873284931
05,65,465,27,0.02989666908979416,1.1280188737815868
05,66,465,27,0.029350852593779564,1.4531570124790474
05,67,465,28,0.02924264781177044,1.150555659030236
05,68,465,28,0.030615972355008125,1.5586391010119822
05,69,465,32,0.02995889075100422,1.9999999999999993
05,70,465,32,0.030646109953522682,1.498727261439126
05,71,465,32,0.03162045031785965,1.1843297944992879
05,72,465,32,0.029571309685707092,1.0189358663934944
05,73,465,32,0.035120539367198944,1.0916371763829407
05,74,465,32,0.030416324734687805,1.2841621655180993
05,75,465,32,0.027800263836979866,1.5924132364810355
05,76,465,32,0.028352737426757812,2.0496678462780165
05,77,465,32,0.0286839809268713,2.6190476190476195
05,78,465,36,0.029309550300240517,1.140808344198176
05,79,465,36,0.031170371919870377,0.9626249456757948
05,80,465,37,0.02909054607152939,1.1428571428571441
05,81,465,37,0.02857838198542595,1.0517166449369855
05,82,465,37,0.02993154339492321,1.1054820885329377
05,83,465,40,0.029475217685103416,2.7142857142857144
05,84,465,40,0.02899041585624218,2.383001179611349
05,85,465,40,0.027102341875433922,2.1013844912149997
05,86,465,40,0.02780045196413994,1.6600235922269835
05,87,465,40,0.027321921661496162,1.396846091761347
05,88,465,40,0.02537165768444538,1.315949587136028
05,89,465,40,0.024466022849082947,1.396846091761347
05,90,465,40,0.02401707135140896,1.5274104426646804
05,91,465,40,0.024787547066807747,1.7347737008753965
05,92,465,40,0.023927628993988037,2.1551499348109524
05,93,465,40,0.02425757236778736,2.625194015024524
05,94,465,40,0.02553868107497692,3.002048798658968
05,95,465,40,0.02481781505048275,3.4285714285714284
05,96,465,45,0.025545626878738403,1.5304525982492097
05,97,465,45,0.02514483407139778,1.3317812131371476
05,98,465,45,0.024519383907318115,1.2739181722232589
05,99,465,45,0.025119345635175705,1.35071707953064
05,100,465,45,0.025179415941238403,1.5473396659837353
05,101,465,47,0.02460727095603943,1.3481716024088892
05,102,465,50,0.02501295879483223,2.761904761904762
05,103,465,50,0.02953963167965412,2.144905941516111
05,104,465,50,0.031288303434848785,1.6108524244117475
05,105,465,50,0.031503237783908844,1.1761345998634143
05,106,465,50,0.03381003439426422,0.8612404544607963
05,107,465,50,0.03676357865333557,0.8755820450735725
05,108,465,50,0.030745798721909523,1.0722046315266662
05,109,465,51,0.0319293774664402,1.0430247718383314
05,110,465,51,0.030075373128056526,1.2519401502452345
05,111,465,54,0.03132614120841026,1.9872105295834108
05,112,465,54,0.029000496491789818,1.7716520767368233
05,113,465,54,0.02825440652668476,1.5852734835785693
05,114,465,54,0.027563972398638725,1.4485627366983311
05,115,465,54,0.028173770755529404,1.373812628049918
05,116,465,54,0.027087712660431862,1.3507791643384865
05,117,465,54,0.030991142615675926,1.398398211957534
05,118,465,54,0.028897229582071304,1.398398211957534
05,119,465,54,0.0274445042014122,1.377910225367852
05,120,465,54,0.027504190802574158,1.4465139380393615
05,121,465,55,0.027944786474108696,1.2186626932389646
05,122,465,55,0.02854211814701557,1.1567020550071407
05,123,465,56,0.027589458972215652,0.934997206183647
05,124,465,56,0.03388945385813713,0.8853293599056326
05,125,465,56,0.029999403282999992,1.0594151611100773
05,126,465,57,0.02978776954114437,0.800335257962377
05,127,465,57,0.028362391516566277,0.9867138511206311
05,128,465,58,0.03165554255247116,0.9017197491773756
05,129,465,60,0.028299467638134956,1.9999999999999993
05,130,465,60,0.034009020775556564,1.7639535605637295
05,131,465,60,0.02758612483739853,1.6144533432669035
05,132,465,60,0.03071114979684353,1.6119078661451556
05,133,465,60,0.032704152166843414,1.7793505929099145
05,134,465,60,0.0321657732129097,1.969826783386105
05,135,465,60,0.033266354352235794,2.1603029738622954
05,136,465,60,0.03368163853883743,2.3507791643384857
05,137,465,60,0.03222303465008736,2.4936363071956285
05,138,465,60,0.03374972939491272,2.6364934500527717
05,139,465,60,0.035295020788908005,2.7317315452908666
05,140,465,60,0.03429397940635681,2.7317315452908666
05,141,465,60,0.033480361104011536,2.7317315452908666
05,142,465,60,0.033416084945201874,2.7317315452908666
05,143,465,60,0.03426092490553856,2.7317315452908666
05,144,465,60,0.03378024324774742,2.7317315452908666
05,145,465,60,0.031152743846178055,2.7317315452908666
05,146,465,60,0.03276801109313965,2.7317315452908666
05,147,465,60,0.03143831714987755,2.7317315452908666
05,148,465,60,0.03251209855079651,2.7317315452908666
05,149,465,60,0.03263071924448013,2.7317315452908666
05,150,465,60,0.03293482959270477,2.7317315452908666
05,151,465,60,0.03171459212899208,2.87458868814801
05,152,465,60,0.03249061852693558,3.0174458310051526
05,153,465,60,0.03222869336605072,3.1603029738622954
05,154,465,60,0.03221816197037697,3.303160116719438
05,155,465,60,0.032157186418771744,3.446017259576581
05,156,465,60,0.03221629187464714,3.588874402433724
05,157,465,60,0.031011074781417847,3.588874402433724
05,158,465,60,0.03146561235189438,4.330291177748805
05,159,465,60,0.031225740909576416,5.121375799341902
05,160,465,60,0.030261550098657608,6.057366362451108
05,161,465,57,0.02937997505068779,8.043024771838331
05,162,465,57,0.02810395509004593,9.115726081827777
05,163,465,57,0.028307761996984482,10.250388030049047
05,164,465,57,0.028708752244710922,11.434717824548333
05,165,465,57,0.03238018602132797,12.668715465325633
05,166,465,57,0.03270159289240837,14.0
05,167,465,60,0.03430570662021637,13.112125162972621
05,168,465,86,0.03457986190915108,12.275470292419444
05,169,465,86,0.03545597568154335,11.037375054324205
05,170,465,88,0.034979451447725296,13.476190476190476
05,171,465,88,0.03410138189792633,14.287763084373253
05,172,465,88,0.031558603048324585,15.014341590612776
05,173,465,88,0.03221885859966278,15.840255789408332
05,174,465,88,0.03111417219042778,16.79878313776619
05,175,465,88,0.030406028032302856,17.90221642764016
05,176,465,89,0.03096335008740425,19.06965915440492
05,177,465,90,0.030329080298542976,20.365617433414045
05,178,465,90,0.030141547322273254,21.487489911218727
05,179,465,90,0.030487310141324997,23.82696964052896
05,180,465,44,0.03020573779940605,24.017445831005155
05,181,465,44,0.029481522738933563,21.922207735767056
05,182,465,44,0.029107285663485527,19.922207735767056
05,183,465,44,0.028920233249664307,17.922207735767056
05,184,465,44,0.02993321232497692,15.922207735767058
05,185,465,44,0.028450360521674156,14.017445831005153
05,186,465,44,0.03027137741446495,12.112683926243248
05,187,465,44,0.0309046171605587,10.160302973862295
05,188,465,44,0.03100009076297283,8.160302973862295
05,189,465,44,0.03131571039557457,6.160302973862296
05,190,465,44,0.031182918697595596,4.160302973862296
05,191,465,44,0.029116949066519737,4.350779164338486
05,192,465,42,0.03002064675092697,4.446017259576582
05,193,465,42,0.029373157769441605,4.446017259576582
05,194,465,42,0.029727226123213768,4.207922021481344
05,195,465,40,0.029158316552639008,3.903768547836345
05,196,465,40,0.029078548774123192,3.554044825231266
05,197,465,40,0.028874462470412254,3.253988948904204
05,198,465,40,0.028309239074587822,3.003600918855157
05,199,465,40,0.028513548895716667,2.9457378779412693
05,200,465,40,0.029908139258623123,2.9083628236170616
05,201,465,40,0.029556917026638985,2.870987769292855
05,202,465,40,0.029969392344355583,2.833612714968647
05,203,465,40,0.029483821243047714,2.9867138511206313
05,204,465,45,0.029303155839443207,3.449059415161111
05,205,465,45,0.029313426464796066,3.3082510709629362
05,206,465,45,0.028667308390140533,3.3123486682808725
05,207,465,45,0.03733879327774048,3.3661141118768247
05,208,465,45,0.042260728776454926,3.469547401750793
05,209,465,42,0.047278497368097305,3.065064878624201
05,210,465,42,0.05915376916527748,4.996957844415471
05,211,465,42,0.06062089651823044,6.978518656484758
05,212,465,42,0.05959868058562279,9.057366362451107
05,213,465,40,0.053559619933366776,12.125970075122618
05,214,465,42,0.04548107460141182,13.409635562177934
05,215,465,42,0.041823457926511765,15.444961817843174
05,216,465,42,0.044212035834789276,17.52995591978643
05,217,465,42,0.039781853556632996,19.672813062643574
05,218,465,42,0.042394962161779404,21.90681070342087
05,219,465,42,0.042456332594156265,24.38095238095238
05,220,465,91,0.04312209039926529,22.46644316135842
05,221,465,91,0.04851507395505905,20.301049233252623
05,222,465,92,0.052445534616708755,18.352765878189604
05,223,465,92,0.05157339945435524,16.203762339355556
05,224,465,94,0.048002731055021286,14.466443161358413
05,225,465,94,0.04826981946825981,12.108524244117465
05,226,465,94,0.049414146691560745,9.920096852300244
05,227,465,94,0.04744522646069527,7.946731234866829
05,228,465,94,0.0489385649561882,6.151549015955797
05,229,465,98,0.049138862639665604,3.989756006705159
05,230,465,98,0.04876583814620972,1.26932389644254
05,231,465,98,0.04799836501479149,0.9815608120692859
05,232,465,98,0.04785871505737305,0.8428012665300796
05,233,465,98,0.04594719409942627,0.9503321537219828
05,234,465,101,0.04761267825961113,2.0
05,235,465,101,0.04821597412228584,1.585770162041349
05,236,465,101,0.04654141142964363,1.2708760166387296
05,237,465,101,0.047074008733034134,1.0553175637921421
05,238,465,101,0.04959947243332863,0.9846650524616642
05,239,465,102,0.050986044108867645,1.0840007450176945
05,240,465,102,0.048306699842214584,0.9554851927733293
05,241,465,102,0.04931216314435005,0.9636803874092023
05,242,465,102,0.05088410526514053,1.0072018377103134
05,243,465,102,0.05040682107210159,1.1628484509840453
05,244,465,104,0.0530579648911953,1.148010181908488
05,245,465,104,0.056481197476387024,1.0072018377103134
05,246,465,104,0.05719612166285515,0.868442292171107
05,247,465,104,0.05740916356444359,0.8581982988762659
05,248,465,104,0.05563502758741379,1.0138449121499977
05,249,465,105,0.05670131370425224,0.703048364065315
05,250,465,106,0.051890116184949875,0.7050971627242818
05,251,465,106,0.049336303025484085,0.5663376171850755
05,252,465,107,0.04715969040989876,0.6866579747935692
05,253,465,107,0.047210969030857086,0.520767368224996
05,254,465,107,0.04954557120800018,0.6328925311976169
05,255,465,107,0.04864325001835823,1.0040975973179365
05,256,465,108,0.0462787039577961,0.6559259949090471
05,257,465,108,0.04780493676662445,1.0476190476190477
05,258,465,110,0.048648227006196976,0.6937977276960334
05,259,465,110,0.055018942803144455,0.5734773700875396
05,260,465,110,0.05118386447429657,0.7578071645868254
05,261,465,111,0.053732872009277344,0.5570869808157924
05,262,465,111,0.04648992046713829,0.714285714285713
05,263,465,112,0.051031507551670074,3.1781833985223797
05,264,465,112,0.04306058585643768,5.8796796423915065
05,265,465,115,0.042310796678066254,9.761904761904763
05,266,465,115,0.04528883472084999,11.906810703420872
05,267,465,115,0.045427609235048294,14.149003538834046
05,268,465,115,0.04287946596741676,16.506922456075
05,269,465,116,0.049167126417160034,19.542248711740235
05,270,465,116,0.04212504252791405,21.983112932265474
05,271,465,116,0.04329509288072586,24.556093623890238
05,272,465,116,0.04338637739419937,27.11268392624325
05,273,465,62,0.04311317577958107,27.160302973862297
05,274,465,62,0.04386391490697861,24.6344446513938
05,275,465,63,0.04401819407939911,22.11063512758428
05,276,465,63,0.04144522175192833,21.949338796796425
05,277,465,63,0.041644684970378876,21.920655615570872
05,278,465,63,0.04461895301938057,21.99130812690135
05,279,465,63,0.04198291525244713,22.16129633078786
05,280,465,63,0.040718305855989456,22.38300117961135
05,281,465,63,0.04056660458445549,22.666666666666668
05,282,465,66,0.04302394390106201,20.981560812069286
05,283,465,66,0.04093806445598602,21.025082262370397
05,284,465,66,0.03677999973297119,23.73936797665611
05,285,465,66,0.036977898329496384,26.648227478735954
05,286,465,123,0.04145378619432449,27.428571428571427
05,287,465,123,0.043236538767814636,24.430620227230396
05,288,465,123,0.041428759694099426,21.51561432917365
05,289,465,123,0.04741031304001808,18.699944123672935
05,290,465,123,0.04980798438191414,16.025082262370397
05,291,465,123,0.045983634889125824,13.499223939901905
05,292,465,123,0.04710179939866066,11.080896504625318
05,293,465,125,0.04311706870794296,8.701496243869126
05,294,465,125,0.04017790034413338,6.098839014093254
05,295,465,127,0.041796717792749405,4.320543862916743
05,296,465,127,0.040354304015636444,1.4859377910225349
05,297,465,127,0.04272301495075226,1.3077543925001538
05,298,465,127,0.042960792779922485,1.2289066865338043
05,299,465,127,0.045039158314466476,1.2411994784876137
05,300,465,127,0.04344325512647629,1.3031601167194389
05,301,465,127,0.04254472255706787,1.4398708635996784
05,302,465,127,0.04322772100567818,1.6262494567579324
05,303,465,127,0.043191585689783096,1.8622958961942022
05,304,465,129,0.04181164875626564,1.9575339914322962
05,305,465,129,0.04470998793840408,2.0072018377103107
05,306,465,129,0.04074849188327789,2.011299435028247
05,307,465,129,0.04441313445568085,1.9698267833861043
05,308,465,129,0.04435098171234131,1.9698267833861043
05,309,465,129,0.044248662889003754,1.9698267833861043
05,310,465,129,0.0427318811416626,1.9698267833861043
05,311,465,129,0.041120175272226334,1.9698267833861043
05,312,465,129,0.04138984903693199,1.9698267833861043
05,313,465,129,0.041242919862270355,1.8269696405289613
05,314,465,129,0.04347079247236252,1.781896070031663
05,315,465,129,0.04339943081140518,1.7614080834419807
05,316,465,129,0.04453393444418907,1.840255789408333
05,317,465,131,0.04406294226646423,1.1336685912957105
05,318,465,131,0.041074808686971664,0.9995033215372202
05,319,465,131,0.04328665882349014,1.1013844912149986
05,320,465,131,0.039548490196466446,1.3394797293102367
05,321,465,131,0.04109298437833786,1.6687154653256335
05,322,465,131,0.03989652544260025,2.1904761904761907
05,323,465,134,0.037382155656814575,0.8223132799404014
05,324,465,135,0.038899339735507965,1.0772955857701623
05,325,465,135,0.040617916733026505,0.8868193952939718
05,326,465,135,0.038204897195100784,0.9861550878500035
05,327,465,136,0.03715166077017784,0.8141180853045284
05,328,465,136,0.04106133058667183,0.9590240268206381
05,329,465,138,0.041406262665987015,1.2611287018066697
05,330,465,138,0.04341259226202965,0.9651704227975415
05,331,465,138,0.040455061942338943,0.8924691128080982
05,332,465,141,0.03898676484823227,2.142857142857143
05,333,465,141,0.038875456899404526,1.5734773700875384
05,334,465,141,0.037526827305555344,1.1490035388340463
05,335,465,141,0.037739790976047516,0.8714844477556334
05,336,465,141,0.03800247237086296,0.7429688955112668
05,337,465,141,0.03842771053314209,0.8172223256969027
05,338,465,141,0.03848394751548767,1.3702117091947588
05,339,465,141,0.039564214646816254,2.0640094368907933
05,340,465,144,0.03785372152924538,1.6543738747128574
05,341,465,144,0.03883993625640869,1.6605202706897606
05,342,465,144,0.03975373134016991,1.8156702055007128
05,343,465,144,0.04023797810077667,2.0476190476190474
05,344,465,145,0.04061625525355339,1.878127522195319
05,345,465,145,0.040267378091812134,2.074750108648413
05,346,465,145,0.04041638970375061,2.4638976842366667
05,347,465,145,0.04147190973162651,2.9523809523809526
05,348,465,153,0.04052456095814705,4.476190476190476
05,349,465,153,0.041177403181791306,3.9544297510399193
05,350,465,153,0.04107052460312843,3.4823368721673793
05,351,465,153,0.03979115933179855,3.1551499348109493
05,352,465,153,0.041143689304590225,2.8776308437325366
05,353,465,153,0.043037548661231995,4.935493884646424
05,354,465,152,0.045198939740657806,6.6144533432669
05,355,465,152,0.044278498739004135,8.864841373315947
05,356,465,153,0.048928115516901016,11.35742223877817
05,357,465,153,0.047935474663972855,13.520767368224991
05,358,465,153,0.045644067227840424,15.77935059290991
05,359,465,153,0.04681100696325302,17.82696964052896
05,360,465,153,0.04740379378199577,19.92015893710809
05,361,465,154,0.04593571275472641,22.015397032346186
05,362,465,154,0.04433489963412285,24.11268392624325
05,363,465,106,0.04345459118485451,26.351275842801268
05,364,465,106,0.041210439056158066,26.411684360836905
05,365,465,106,0.04291216656565666,26.668715465325633
05,366,465,106,0.04309341683983803,27.0
05,367,465,108,0.04343418404459953,25.770099956540633
05,368,465,108,0.042522281408309937,25.902713106102937
05,369,465,110,0.0423942431807518,25.302601353448807
05,370,465,110,0.042861126363277435,25.23654311789905
05,371,465,110,0.04321598261594772,25.24473831253492
05,372,465,110,0.040845416486263275,25.354317998385795
05,373,465,160,0.04341292008757591,24.428571428571427
05,374,465,160,0.05013975873589516,21.859191655801823
05,375,465,160,0.04906422644853592,19.387098776929285
05,376,465,160,0.05226106569170952,17.01024399329484
05,377,465,161,0.049853455275297165,15.25653442602595
05,378,465,161,0.04572248458862305,12.983112932265472
05,379,465,161,0.047968558967113495,10.757310486124043
05,380,465,161,0.04612388834357262,8.676413981498724
05,381,465,161,0.0464460663497448,6.645185323151422
05,382,465,161,0.04638756066560745,4.663624511082135
05,383,465,161,0.046214278787374496,2.731731545290865
05,384,465,161,0.04684555158019066,2.82696964052896
05,385,465,160,0.04639751464128494,2.8745886881480076
05,386,465,160,0.0474831648170948,2.8745886881480076
05,387,465,160,0.046300917863845825,2.8745886881480076
05,388,465,160,0.04862610250711441,2.872539889489041
05,389,465,161,0.0483984649181366,2.872539889489041
05,390,465,161,0.048587024211883545,2.8745886881480076
05,391,465,161,0.04807523265480995,2.922207735767055
05,392,465,161,0.049294836819171906,2.969826783386103
05,393,465,161,0.04919735714793205,3.0174458310051504
05,394,465,160,0.05027000978589058,2.8745886881480076
05,395,465,160,0.04785813391208649,2.684112497671817
05,396,465,160,0.04740282893180847,2.4936363071956267
05,397,465,160,0.04808312654495239,2.303160116719436
05,398,465,160,0.04524633288383484,3.207922021481341
05,399,465,160,0.04448692873120308,4.27857453281182
05,400,465,160,0.04324272274971008,5.305705593841186
05,401,465,160,0.04092372953891754,6.456757931334201
05,402,465,160,0.04485001415014267,7.512572173589122
05,403,465,160,0.04592853784561157,8.568386415844042
05,404,465,163,0.042651284486055374,9.41528527969206
05,405,465,163,0.049902234226465225,10.41528527969206
05,406,465,164,0.048698801547288895,11.726081827776744
05,407,465,164,0.05123374983668327,12.59141987955547
05,408,465,141,0.049364179372787476,12.207922021481341
05,409,465,139,0.04838243126869202,11.60625814863103
05,410,465,141,0.05105837062001228,9.976469857825789
05,411,465,139,0.04402952641248703,10.103433289873967
05,412,465,141,0.04202866181731224,8.465449804432856
05,413,465,141,0.042712628841400146,8.040975973179362
05,414,465,141,0.04136022552847862,8.649779598932142
05,415,465,141,0.04109860584139824,9.26882721797976
05,416,465,144,0.04115051031112671,8.749611969950955
05,417,465,144,0.04091892018914223,9.062457316694603
05,418,465,144,0.042785029858350754,9.532501396908179
05,419,465,147,0.0426231324672699,11.241137393679768
05,420,465,147,0.0451408214867115,12.425467188179052
05,421,465,147,0.048352308571338654,13.804370770472469
05,422,465,135,0.046922896057367325,24.3353821319923
05,423,465,135,0.05190855264663696,26.428571428571427
05,424,465,178,0.05381451174616814,16.649220835661513
05,425,465,180,0.0535920113325119,15.189420748742789
05,426,465,181,0.05161638557910919,13.71732786987024
05,427,465,181,0.050134118646383286,12.568324331036198
05,428,465,183,0.05330486223101616,11.704538399453654
05,429,465,183,0.05132497474551201,10.241137393679768
05,430,465,183,0.0526028610765934,9.094182653504689
05,431,465,183,0.042342327535152435,8.120817036071273
05,432,465,186,0.03808634355664253,6.860185012727387
05,433,465,186,0.04020966961979866,4.711181473893338
05,434,465,186,0.04071420058608055,2.6738064195691322
05,435,465,186,0.03852997347712517,2.878624200658099
05,436,465,187,0.037021197378635406,2.77928850810207
05,437,465,195,0.03746936470270157,5.0476190476190474
05,438,465,195,0.04063313826918602,4.430620227230396
05,439,465,195,0.0385236032307148,3.9585273483578556
05,440,465,195,0.04347202181816101,3.5361023157633307
05,441,465,195,0.04347730055451393,3.1633451294468222
05,442,465,195,0.041385386139154434,2.840255789408329
05,443,465,195,0.04196455329656601,2.7096914385049953
05,444,465,195,0.040535151958465576,2.6287949338796763
05,445,465,195,0.03757502883672714,2.5975662755323747
05,446,465,195,0.037222377955913544,2.6160054634630874
05,447,465,195,0.03710506111383438,2.731731545290865
06,25,505,10,0.020121918991208076,0.931396287328491
06,26,505,10,0.021602604538202286,1.0849941019432534
06,27,505,11,0.02185364067554474,0.7122369156267454
06,28,505,13,0.022865278646349907,1.1633451294468238
06,29,505,13,0.025388123467564583,0.7660023592226983
06,30,505,13,0.024718375876545906,0.5427453902030176
06,31,505,13,0.027526220306754112,0.588315639163097
06,32,505,14,0.02844190038740635,0.5509405848388899
06,33,505,15,0.03156192973256111,0.7224809089215866
06,34,505,15,0.03585266321897507,0.4700440802135722
06,35,505,15,0.03257161006331444,0.7081393183088116
06,36,505,16,0.031694892793893814,0.567330974110637
06,37,505,17,0.030418597161769867,0.6047060284348408
06,38,505,18,0.03148030489683151,0.7808406282982564
06,39,505,18,0.030158154666423798,0.548891786179923
06,40,505,18,0.030601702630519867,0.5775749674054781
06,41,505,18,0.02962617576122284,1.0000000000000007
06,42,505,19,0.02660525217652321,0.6707642639846038
06,43,505,20,0.026222405955195427,0.5591357794747635
06,44,505,20,0.024381130933761597,0.7496119699509539
06,45,505,23,0.02685963176190853,1.7619047619047619
06,46,505,23,0.021959463134407997,1.2401440367542063
06,47,505,23,0.022197917103767395,0.8489476625069856
06,48,505,23,0.02210834063589573,0.6666666666666681
06,49,505,23,0.021469898521900177,0.6728130626435727
06,50,505,23,0.021616706624627113,0.8940212330042853
06,51,505,25,0.02285166084766388,1.0722046315266662
06,52,505,25,0.024221152067184448,0.8940212330042838
06,53,505,25,0.024529142305254936,0.9124604209349979
06,54,505,27,0.02777482196688652,1.3021046749860314
06,55,505,27,0.024699412286281586,0.9831129322654758
06,56,505,27,0.03563261032104492,0.8402557894083342
06,57,505,27,0.026591606438159943,0.8464021853852389
06,58,505,27,0.026437336578965187,0.993356925560317
06,59,505,27,0.02353719063103199,1.2232569690196822
06,60,505,27,0.023250076919794083,1.5483951077171425
06,61,505,28,0.02540716528892517,1.2457937542683313
06,62,505,28,0.02542145550251007,1.5586391010119822
06,63,505,32,0.02654470130801201,1.9999999999999993
06,64,505,32,0.02520831674337387,1.5463463090581737
06,65,505,32,0.028119351714849472,1.2503880300490482
06,66,505,32,0.029746782034635544,1.053765443595953
06,67,505,32,0.0279559213668108,1.0312286583473038
06,68,505,32,0.02822197787463665,1.1576954119327023
06,69,505,32,0.025884142145514488,1.5447941888619878
06,70,505,32,0.024778371676802635,2.0972868938970644
06,71,505,32,0.0270199216902256,2.7619047619047628
06,72,505,36,0.0293226707726717,1.4664431613584161
06,73,505,36,0.024984830990433693,1.3379276091140508
06,74,505,36,0.02422022633254528,1.3834978580741304
06,75,505,36,0.023688727989792824,1.5284037995902413
06,76,505,36,0.023373378440737724,1.7726454336623843
06,77,505,40,0.022409629076719284,2.1326131495623017
06,78,505,40,0.021150998771190643,1.846898863848016
06,79,505,42,0.02223104238510132,3.142857142857143
06,80,505,42,0.02130194939672947,2.811572608182778
06,81,505,42,0.022533589974045753,2.5381511144223015
06,82,505,42,0.022556615993380547,2.3640653132178553
06,83,505,42,0.022821838036179543,2.47159620040976
06,84,505,42,0.022342069074511528,2.5335568386415837
06,85,505,42,0.02237987145781517,2.645185323151425
06,86,505,42,0.022499850019812584,2.8064816539392803
06,87,505,42,0.022907907143235207,3.017445831005153
06,88,505,42,0.0229512769728899,2.9222077357670577
06,89,505,40,0.0262263435870409,3.026137704103806
06,90,505,40,0.022905714809894562,3.00974731483206
06,91,505,40,0.0223934855312109,3.0844974234804745
06,92,505,40,0.02179921790957451,3.258583224684919
06,93,505,40,0.022728104144334793,3.5320047184453967
06,94,505,42,0.02307155728340149,2.4761904761904763
06,95,505,42,0.021658003330230713,2.567330974110635
06,96,505,42,0.022959662601351738,2.805426212205873
06,97,505,42,0.02264704927802086,3.142857142857143
06,98,505,46,0.023299580439925194,1.7378158564599258
06,99,505,48,0.02459341660141945,2.252933507170794
06,100,505,50,0.024140626192092896,3.12441795492643
06,101,505,50,0.024807289242744446,2.5386477928850812
06,102,505,50,0.024993926286697388,2.0998323710188127
06,103,505,50,0.02663385681807995,1.691748929037065
06,104,505,50,0.02716103568673134,1.4039858446638125
06,105,505,50,0.029276609420776367,1.389644254051035
06,106,505,51,0.030013134703040123,1.2068665797479363
06,107,505,51,0.02971864677965641,1.161296330787857
06,108,505,51,0.028491178527474403,1.3225926615757138
06,109,505,55,0.03123653121292591,2.142857142857143
06,110,505,55,0.030033130198717117,1.7368224995343648
06,111,505,55,0.030170932412147522,1.3599677158999204
06,112,505,54,0.031702373176813126,0.786490345812382
06,113,505,55,0.03547567129135132,0.8136214068417473
06,114,505,55,0.03128612041473389,0.7224809089215899
06,115,505,55,0.029820213094353676,0.8755820450735725
06,116,505,55,0.03129526972770691,1.2150617743838092
06,117,505,56,0.031127991154789925,0.9416402806233328
06,118,505,56,0.030275126919150352,1.1981747066492836
06,119,505,58,0.031141068786382675,1.0097473148320613
06,120,505,58,0.02808091975748539,0.8336127149686471
06,121,505,60,0.03181580454111099,1.7347737008753958
06,122,505,60,0.03399349004030228,1.3830011796113486
06,123,505,60,0.03345183655619621,1.0824486248215068
06,124,505,60,0.042519520968198776,0.8131247283789655
06,125,505,60,0.03177807107567787,0.7076426398460318
06,126,505,60,0.03613650053739548,0.8131247283789655
06,127,505,60,0.037520334124565125,1.2585832246849211
06,128,505,61,0.03823288530111313,0.979015334947538
06,129,505,62,0.041662659496068954,0.8653380517787294
06,130,505,62,0.037386052310466766,1.1013844912149993
06,131,505,62,0.03139445558190346,1.5279071211274595
06,132,505,63,0.03264575079083443,1.1326131495623024
06,133,505,63,0.03359058126807213,1.4761904761904756
06,134,505,65,0.03478718921542168,0.7895325013969077
06,135,505,66,0.03421782702207565,0.9528776308437314
06,136,505,66,0.030224815011024475,1.0235301421742093
06,137,505,68,0.033921048045158386,1.6692121437884153
06,138,505,68,0.03652561455965042,1.4126777177624632
06,139,505,68,0.03211511671543121,1.360961072825479
06,140,505,70,0.03602232784032822,1.7751909107841308
06,141,505,70,0.03858790174126625,1.489476625069845
06,142,505,70,0.038888126611709595,1.4480039734277022
06,143,505,70,0.0361093170940876,1.6195442975104002
06,144,505,70,0.03267520293593407,2.002048798658968
06,145,505,70,0.03266226872801781,2.5714285714285716
06,146,505,76,0.03330003097653389,2.857142857142857
06,147,505,76,0.03117731772363186,2.3353821319923016
06,148,505,76,0.03020559996366501,1.9585273483578571
06,149,505,76,0.03078218176960945,1.6728130626435713
06,150,505,76,0.029218673706054688,1.4864344694853173
06,151,505,76,0.030114762485027313,1.4946296641211902
06,152,505,78,0.030705831944942474,2.2688272179797613
06,153,505,78,0.028985336422920227,2.094741416775317
06,154,505,78,0.030941007658839226,2.0199913081269036
06,155,505,78,0.030490079894661903,2.044576892034521
06,156,505,78,0.032541871070861816,2.160302973862297
06,157,505,78,0.03008183091878891,2.0650648786242023
06,158,505,78,0.029925057664513588,1.969826783386107
06,159,505,78,0.02940363436937332,1.8745886881480116
06,160,505,78,0.02883162908256054,1.8126280499161864
06,161,505,78,0.02923639863729477,1.800335257962377
06,162,505,78,0.02990410290658474,1.8377103122865837
06,163,505,78,0.030236080288887024,1.8295151176507107
06,164,505,78,0.029243437573313713,1.8709877692928536
06,165,505,78,0.029797092080116272,1.9621282672130125
06,166,505,78,0.02908589504659176,2.082448624821506
06,167,505,82,0.029611745849251747,1.9124604209349965
06,168,505,82,0.030928105115890503,1.628794933879679
06,169,505,82,0.029711229726672173,1.3947972931023773
06,170,505,82,0.03185131028294563,1.2104674986030917
06,171,505,82,0.031392019242048264,1.0758055503818216
06,172,505,82,0.03166753426194191,0.8955733532004724
06,173,505,82,0.032993461936712265,0.8730365679518232
06,174,505,82,0.03141103684902191,1.049171167815236
06,175,505,82,0.03171978518366814,1.3661141118768236
06,176,505,84,0.03197072818875313,1.032284100080712
06,177,505,84,0.032565128058195114,1.0425280933755516
06,178,505,85,0.03274305537343025,1.1336685912957105
06,179,505,85,0.031123196706175804,1.0404792947165835
06,180,505,85,0.028953654691576958,1.0921959396535674
06,181,505,85,0.030718185007572174,1.2432482771465831
06,182,505,87,0.030338104814291,1.6600235922269821
06,183,505,87,0.030150001868605614,1.591419879555474
06,184,505,87,0.03032151609659195,1.516669770907061
06,185,505,87,0.02970251627266407,1.5412553548146783
06,186,505,87,0.030619127675890923,1.6364934500527735
06,187,505,87,0.029529590159654617,1.6364934500527735
06,188,505,87,0.029080688953399658,1.6364934500527735
06,189,505,87,0.029356274753808975,1.939094803501585
06,190,505,87,0.028967104852199554,2.341031849506428
06,191,505,87,0.02858966402709484,4.434221146085553
06,192,505,87,0.028528911992907524,6.577078288942695
06,193,505,87,0.0285246130079031,8.674365182839757
06,194,505,90,0.028714021667838097,10.107034208729122
06,195,505,90,0.029954275116324425,12.017942509467932
06,196,505,90,0.029154542833566666,13.93089960886571
06,197,505,90,0.028188906610012054,15.893524554541504
06,198,505,90,0.029638126492500305,17.90581734649531
06,199,505,101,0.030582239851355553,27.571428571428573
06,200,505,101,0.03186820074915886,26.71633451294468
06,201,505,50,0.031774766743183136,24.18948283355063
06,202,505,50,0.032903145998716354,22.286769727447695
06,203,505,50,0.03303128108382225,20.38405662134476
06,204,505,50,0.03301490843296051,18.467001924629045
06,205,505,50,0.03559694439172745,16.53150803998262
06,206,505,51,0.034398820251226425,14.28267213012976
06,207,505,51,0.03323660418391228,12.311851989818095
06,208,505,51,0.03314807638525963,10.560687899670953
06,209,505,52,0.03676741197705269,10.686657974793567
06,210,505,106,0.03313591331243515,43.11572608182777
06,211,505,54,0.0325181744992733,8.165393928105793
06,212,505,54,0.03339104726910591,7.995405724219285
06,213,505,54,0.03073856607079506,7.958030669895077
06,214,505,55,0.03214948996901512,7.919103495374685
06,215,505,55,0.03184013441205025,7.902216427640158
06,216,505,55,0.03252169489860535,8.179735518718571
06,217,505,56,0.03404603525996208,7.9124604209349965
06,218,505,56,0.03733965381979942,8.140311665735398
06,219,505,110,0.032051846385002136,45.44701061650213
06,220,505,110,0.03355039656162262,45.07015583286769
06,221,505,58,0.034630823880434036,5.467001924629043
06,222,505,58,0.034534405916929245,5.5519960265723
06,223,505,60,0.034218668937683105,6.014341590612777
06,224,505,60,0.0351397730410099,5.755261687465077
06,225,505,60,0.034223705530166626,5.54994722791333
06,226,505,60,0.03350536525249481,5.533060160178803
06,227,505,61,0.034561045467853546,5.558142422549204
06,228,505,61,0.034143511205911636,5.5207673682249965
06,229,505,62,0.03836315497756004,5.613956664804124
06,230,505,62,0.034819893538951874,3.0507232880114237
06,231,505,62,0.03350742533802986,0.7404234183895194
06,232,505,63,0.034863464534282684,0.5765816104799159
06,233,505,63,0.032578784972429276,0.7634568821009511
06,234,505,63,0.03532541170716286,1.074253430185634
06,235,505,64,0.03737078979611397,0.6953498478922212
06,236,505,65,0.03543961048126221,0.5422487117402385
06,237,505,66,0.03458594158291817,0.7060905196498434
06,238,505,66,0.03669505566358566,0.6190476190476197
06,239,505,66,0.04123326763510704,0.8218166014776196
06,240,505,66,0.03518512099981308,1.192524989135158
06,241,505,66,0.03612469881772995,1.7142857142857135
06,242,505,68,0.03549323230981827,0.8535419382877011
06,243,505,70,0.04390813037753105,1.236543117899051
06,244,505,70,0.036192141473293304,0.9615695039423848
06,245,505,70,0.0358675941824913,0.9139504563233372
06,246,505,71,0.033112939447164536,0.8330539516980182
06,247,505,70,0.03098764829337597,1.5447941888619845
06,248,505,73,0.031860146671533585,1.1535978146147639
06,249,505,73,0.03153735771775246,0.8596883342646051
06,250,505,73,0.030061624944210052,0.8182156826224622
06,251,505,74,0.029763828963041306,0.7496119699509526
06,252,505,76,0.03023688681423664,1.7142857142857142
06,253,505,76,0.029878439381718636,1.287763084373254
06,254,505,76,0.030702022835612297,1.059911839572857
06,255,505,76,0.030216317623853683,0.9892593282423805
06,256,505,76,0.03077124059200287,1.0138449121499993
06,257,505,78,0.030477365478873253,1.4470106165021426
06,258,505,78,0.031150558963418007,1.0532687651331725
06,259,505,78,0.03182529658079147,0.930899608865712
06,260,505,78,0.031130196526646614,0.9908114484385676
06,261,505,78,0.032244957983493805,1.171043645619917
06,262,505,78,0.033169981092214584,1.4756937977276965
06,263,505,78,0.03501621261239052,1.7844415471534123
06,264,505,78,0.035725489258766174,2.192524989135159
06,265,505,78,0.034243177622556686,2.6666666666666665
06,266,505,82,0.03477973863482475,1.3066989507667464
06,267,505,82,0.03305717557668686,1.2985037561308734
06,268,505,82,0.03276515752077103,1.3896442540510323
06,269,505,82,0.033549219369888306,1.5801204445272228
06,270,505,82,0.03363571688532829,1.8699323275594448
06,271,505,82,0.03442467376589775,2.4495560936238894
06,272,505,87,0.03314569965004921,2.331781213137146
06,273,505,87,0.033648062497377396,1.9759110945551623
06,274,505,87,0.03303554281592369,1.769044514807226
06,275,505,87,0.03296874091029167,1.7111814738933373
06,276,505,87,0.03256073594093323,1.7854349040789705
06,277,505,90,0.03217306360602379,1.716831191407461
06,278,505,90,0.03199261426925659,1.439312100329048
06,279,505,90,0.03430818021297455,1.3107965480846828
06,280,505,90,0.03481161221861839,1.3312845346743651
06,281,505,94,0.034192778170108795,3.0
06,282,505,94,0.03421749919652939,2.4782392748494444
06,283,505,94,0.033724021166563034,2.244241634072143
06,284,505,94,0.03493524342775345,2.059911839572857
06,285,505,94,0.03478720784187317,1.9416402806233328
06,286,505,94,0.03559288755059242,1.922704414229839
06,287,505,94,0.03466329351067543,2.003104240392377
06,288,505,94,0.033773306757211685,2.0174458310051544
06,289,505,94,0.033287618309259415,2.0650648786242023
06,290,505,94,0.03437570109963417,2.0650648786242023
06,291,505,94,0.0337163545191288,2.0650648786242023
06,292,505,94,0.03307798132300377,1.8745886881480116
06,293,505,94,0.0333666168153286,1.7547650090022977
06,294,505,94,0.03335428237915039,1.761408083441982
06,295,505,94,0.03309449553489685,1.8796796423915076
06,296,505,94,0.03329170495271683,2.0972868938970635
06,297,505,94,0.033691659569740295,2.4285714285714284
06,298,505,97,0.03216177597641945,0.8940212330042838
06,299,505,97,0.03436395898461342,0.8197678028186492
06,300,505,98,0.032116882503032684,0.7885391444713461
06,301,505,98,0.032418448477983475,0.6830570559384098
06,302,505,98,0.03182518482208252,0.7910846215930954
06,303,505,98,0.03204893320798874,1.0686037126715082
06,304,505,101,0.03272392228245735,1.5238095238095237
06,305,505,101,0.03254948556423187,1.0496678462780158
06,306,505,101,0.03358372673392296,0.6518283975911107
06,307,505,102,0.03419380635023117,0.9150058980567459
06,308,505,102,0.03557521849870682,0.5335568386415852
06,309,505,102,0.03688432648777962,0.5110200533929347
06,310,505,102,0.036790404468774796,0.8115726081827778
06,311,505,103,0.038377102464437485,0.49872726143912666
06,312,505,104,0.037908460944890976,0.570931892965793
06,313,505,104,0.03870117664337158,0.5545415036940472
06,314,505,105,0.03971865028142929,0.48593779102253754
06,315,505,105,0.03717058151960373,0.47569379772769643
06,316,505,106,0.03631231561303139,0.47569379772769504
06,317,505,106,0.03736983612179756,0.46954740175079174
06,318,505,106,0.0362958163022995,0.7864903458123806
06,319,505,108,0.03642769530415535,0.7434655739740492
06,320,505,108,0.036853525787591934,0.45980008691873175
06,321,505,108,0.0366479717195034,0.5110200533929347
06,322,505,108,0.033140167593955994,0.8382069907493633
06,323,505,110,0.03675056993961334,0.8074750108648413
06,324,505,110,0.03910959139466286,0.6518283975911093
06,325,505,110,0.03555266559123993,0.7301794250946789
06,326,505,110,0.0365891233086586,0.8914757558825359
06,327,505,112,0.0353519432246685,1.070155832867698
06,328,505,113,0.03478262946009636,1.5238095238095237
06,329,505,113,0.03416680544614792,1.0865462221394426
06,330,505,113,0.04259008914232254,0.8689389706338867
06,331,505,113,0.03865299001336098,0.7506674116843626
06,332,505,113,0.03328428044915199,0.8023840566213453
06,333,505,113,0.039235714823007584,1.0885950207984108
06,334,505,113,0.042535021901130676,1.4470106165021426
06,335,505,113,0.039667025208473206,1.9047619047619047
06,336,505,115,0.036020033061504364,0.852548581362141
06,337,505,116,0.03370111435651779,0.9232010926926174
06,338,505,116,0.03466925770044327,0.9626249456757935
06,339,505,117,0.034400276839733124,0.8781275221953179
06,340,505,117,0.037203870713710785,0.8863227168311907
06,341,505,117,0.03766940161585808,1.2135096541876194
06,342,505,117,0.03793433681130409,1.652325076053889
06,343,505,120,0.041290365159511566,1.114670640094369
06,344,505,121,0.04494572803378105,1.2467871111938909
06,345,505,121,0.039057642221450806,0.9615695039423848
06,346,505,120,0.037200022488832474,1.3148941454026193
06,347,505,123,0.04376711696386337,1.2380952380952388
06,348,505,123,0.04045942425727844,0.8842739181722232
06,349,505,123,0.03556450083851814,0.7705966350034139
06,350,505,123,0.04031480848789215,0.9528776308437328
06,351,505,125,0.03523975610733032,0.9605761470168253
06,352,505,125,0.03463824465870857,0.633389209660398
06,353,505,126,0.03448132053017616,0.8259141987955546
06,354,505,126,0.03242315724492073,0.6661699882038876
06,355,505,127,0.032366737723350525,1.028683181225554
06,356,505,127,0.031341634690761566,0.9165580182529344
06,357,505,127,0.03127635270357132,0.9928602470975358
06,358,505,127,0.03055417723953724,1.1956292295275357
06,359,505,129,0.0315140001475811,1.5606878996709506
06,360,505,129,0.03332222253084183,1.4152852796920583
06,361,505,129,0.032047566026449203,1.4398708635996758
06,362,505,129,0.033477481454610825,1.493636307195628
06,363,505,129,0.03236604481935501,1.5888744024337231
06,364,505,129,0.0321805402636528,1.6364934500527708
06,365,505,129,0.03087732009589672,1.5412553548146757
06,366,505,129,0.031155310571193695,1.4961817843173773
06,367,505,129,0.03296149894595146,1.5709318929657903
06,368,505,129,0.03462139889597893,1.7450176941702378
06,369,505,131,0.0343637689948082,1.1336685912957105
06,370,505,131,0.034665796905756,0.9995033215372202
06,371,505,131,0.03433331474661827,1.0266343825665856
06,372,505,131,0.033148784190416336,1.1694915254237284
06,373,505,131,0.031193001195788383,1.5258583224684907
06,374,505,131,0.032530199736356735,1.9523809523809523
06,375,505,134,0.03437511995434761,0.7578071645868282
06,376,505,135,0.035819295793771744,1.1285155522443666
06,377,505,135,0.03620792180299759,0.7849382256161908
06,378,505,135,0.0370015911757946,0.7787918296392875
06,379,505,136,0.036627285182476044,0.774694232321351
06,380,505,136,0.0363934189081192,0.9569752281616686
06,381,505,136,0.03665071725845337,1.333830011796113
06,382,505,136,0.03670668229460716,1.8223132799403987
06,383,505,139,0.034984976053237915,1.2534301856335766
06,384,505,139,0.03511073440313339,1.0547588005215132
06,385,505,139,0.035564593970775604,1.0583597193766698
06,386,505,139,0.03602556884288788,1.3625131930216683
06,387,505,141,0.03512877598404884,1.0025454771217521
06,388,505,142,0.03404393419623375,1.2570311044887332
06,389,505,142,0.034430794417858124,1.0829453032842886
06,390,505,145,0.033776815980672836,2.9047619047619047
06,391,505,145,0.03378112241625786,2.5258583224684905
06,392,505,145,0.03347627818584442,2.1966225864530937
06,393,505,145,0.034042589366436005,1.9170546967157114
06,394,505,145,0.03493545204401016,1.8423045880672984
06,395,505,145,0.035321712493896484,1.8832805612466603
06,396,505,145,0.03481634706258774,2.0445768920345158
06,397,505,145,0.03462448716163635,2.2555410691003885
06,398,505,145,0.034422729164361954,2.4460172595765792
06,399,505,145,0.0346456915140152,2.4936363071956267
06,400,505,145,0.03409256041049957,2.541255354814674
06,401,505,145,0.03560061380267143,2.3779102253678492
06,402,505,145,0.03557441756129265,2.2642329421990413
06,403,505,145,0.03569797798991203,2.200223505308248
06,404,505,145,0.036352209746837616,2.1858819146954716
06,405,505,145,0.036731868982315063,2.22120817036071
06,406,505,145,0.03551169112324715,2.3476749239461094
06,407,505,145,0.036148760467767715,2.5734773700875384
06,408,505,145,0.03521941229701042,2.857142857142857
06,409,505,147,0.03358696773648262,1.5340535171043663
06,410,505,147,0.034024644643068314,1.6769106599615091
06,411,505,152,0.03509114310145378,3.0476190476190474
06,412,505,152,0.035989001393318176,2.6687154653256338
06,413,505,152,0.035676777362823486,2.291860681691189
06,414,505,152,0.03847601264715195,1.964673744334759
06,415,505,152,0.039149701595306396,1.6871546532563462
06,416,505,152,0.038861218839883804,3.697398646551186
06,417,505,152,0.040073465555906296,5.757310486124043
06,418,505,152,0.03743384778499603,7.945737877941267
06,419,505,152,0.03848982974886894,7.99745452287825
06,420,505,152,0.03902420774102211,8.328739057552617
06,421,505,154,0.03870555758476257,7.870987769292854
06,422,505,154,0.03911080211400986,7.792636741789284
06,423,505,155,0.03771320357918739,7.608306947289999
06,424,505,155,0.03966633975505829,7.668715465325634
06,425,505,155,0.03663124144077301,8.002048798658967
06,426,505,108,0.03654218837618828,42.006146395976906
06,427,505,108,0.03604576364159584,42.525858322468494
06,428,505,108,0.04200894758105278,43.095238095238095
06,429,505,158,0.040949150919914246,8.067051592475325
06,430,505,159,0.0379735492169857,8.088036257527785
06,431,505,160,0.04186910390853882,8.179176755447944
06,432,505,160,0.041115839034318924,8.181225554106911
06,433,505,160,0.03861670941114426,8.356863475507545
06,434,505,163,0.040299803018569946,8.401937046004846
06,435,505,165,0.04483325034379959,9.476190476190476
06,436,505,165,0.04537651687860489,8.95442975103992
06,437,505,165,0.04766872897744179,6.101384491214999
06,438,505,165,0.04992625117301941,3.40398584466381
06,439,505,165,0.04638581722974777,1.0025454771217466
06,440,505,165,0.04397132620215416,1.1807288756441305
06,441,505,167,0.04696930944919586,0.9339417644502397
06,442,505,167,0.05059690400958061,0.8013286148879366
06,443,505,167,0.04585223272442818,0.9836096107282541
06,444,505,168,0.04964745044708252,0.7163345129446839
06,445,505,168,0.05155247822403908,0.9918048053641271
06,446,505,167,0.04777641221880913,2.238095238095238
06,447,505,170,0.04471750557422638,0.660520270689766
06,448,505,171,0.0415198840200901,0.9877072080461934
06,449,505,172,0.04361440986394882,1.4761904761904763
06,450,505,172,0.04040992259979248,1.0952380952380953
06,451,505,172,0.04016764461994171,0.8402557894083316
06,452,505,172,0.04283466935157776,0.8172223256969027
06,453,505,174,0.040403783321380615,1.627242813683492
06,454,505,174,0.04213826358318329,1.3184950642577746
06,455,505,174,0.03977999836206436,1.2104674986030903
06,456,505,174,0.04061005637049675,1.139814987272611
06,457,505,174,0.0383455753326416,1.1126839262432457
06,458,505,174,0.037361614406108856,1.1812876389147553
06,459,505,174,0.03747881203889847,1.3804557024896011
06,460,505,175,0.03544081747531891,1.0532687651331711
06,461,505,176,0.035260021686553955,0.9083628236170614
06,462,505,176,0.034796230494976044,0.9769665362885684
06,463,505,176,0.036582496017217636,1.2524368287080143
06,464,505,176,0.03704070299863815,1.5734773700875384
06,465,505,176,0.03763919696211815,1.9523809523809523
06,466,505,178,0.0377187542617321,0.8801763208542888
06,467,505,178,0.03754638880491257,1.2278512448003984
06,468,505,181,0.03698622062802315,1.4413608989880178
06,469,505,181,0.04355470836162567,1.0895883777239717
06,470,505,181,0.04186961054801941,0.9615695039423848
06,471,505,181,0.04509719833731651,1.4044825231265923
06,472,505,183,0.042092129588127136,1.7915813000558767
06,473,505,183,0.041531823575496674,1.9262432482771465
06,474,505,183,0.038784611970186234,2.25957658161048
06,475,505,183,0.041138261556625366,2.7542062457316687
06,476,505,186,0.04071454703807831,2.5268516793940528
06,477,505,186,0.041049689054489136,2.466939839821196
06,478,505,186,0.03980426490306854,2.5473396659837353
06,479,505,186,0.04299855977296829,2.8991121872477814
06,480,505,188,0.045151401311159134,2.6097969826783416
06,481,505,195,0.04241982847452164,5.0
06,482,505,195,0.04087815061211586,4.383001179611348
06,483,505,195,0.03759460523724556,3.910908300738808
06,484,505,195,0.03747808188199997,3.488483268144283
06,485,505,195,0.03712954372167587,3.1157260818277748
06,486,505,195,0.036549162119627,2.7926367417892815
06,487,505,195,0.03882506489753723,2.662072390885948
07,25,550,8,0.019970862194895744,1.768051157881666
07,26,550,8,0.02016429789364338,2.0020487986589677
07,27,550,8,0.019690077751874924,2.285714285714285
07,28,550,10,0.020417356863617897,0.9564785496988881
07,29,550,11,0.01987520605325699,0.7055938411870623
07,30,550,11,0.01975535973906517,0.793133420252063
07,31,550,13,0.020168673247098923,1.0496678462780158
07,32,550,13,0.01988859474658966,0.7019929223319049
07,33,550,13,0.01998918503522873,0.5406965915440494
07,34,550,13,0.023018041625618935,0.6856025330601605
07,35,550,14,0.0284701157361269,0.5570869808157946
07,36,550,15,0.03083668276667595,0.666666666666666
07,37,550,15,0.030781911686062813,0.48438567082634976
07,38,550,16,0.03288540616631508,0.5714285714285707
07,39,550,16,0.03449592366814613,0.5898677593592875
07,40,550,18,0.030373508110642433,1.1080275656546836
07,41,550,18,0.02663450501859188,0.735270379338177
07,42,550,18,0.031425029039382935,0.5570869808157959
07,43,550,18,0.024578316137194633,0.6354380083193669
07,44,550,18,0.023543335497379303,1.020487986589683
07,45,550,19,0.019099293276667595,0.7240330291177763
07,46,550,20,0.01732560433447361,0.6579747935680154
07,47,550,20,0.01849248632788658,0.7240330291177757
07,48,550,23,0.018072525039315224,2.0476190476190474
07,49,550,23,0.01817193068563938,1.5734773700875397
07,50,550,23,0.01850147731602192,1.1694915254237297
07,51,550,23,0.01822555810213089,0.8899236356863488
07,52,550,23,0.01815909519791603,0.7055938411870644
07,53,550,23,0.0193036962300539,0.7281306264357135
07,54,550,23,0.018322205170989037,0.9703234618488866
07,55,550,23,0.020887203514575958,1.3410318495064264
07,56,550,25,0.020237112417817116,1.0281865027627755
07,57,550,25,0.02247088961303234,1.0445768920345198
07,58,550,25,0.022602515295147896,1.1689948469609486
07,59,550,27,0.02101813443005085,1.274973613956666
07,60,550,27,0.02584594488143921,0.9831129322654758
07,61,550,27,0.02673443779349327,0.8402557894083342
07,62,550,27,0.026608217507600784,0.8464021853852389
07,63,550,27,0.026521069929003716,0.993356925560317
07,64,550,27,0.028530091047286987,1.2232569690196822
07,65,550,27,0.030765123665332794,1.7183833116036507
07,66,550,28,0.03282014653086662,1.4449618178431745
07,67,550,28,0.03197481483221054,1.8571428571428572
07,68,550,32,0.03167705610394478,1.6523250760538897
07,69,550,32,0.0319049097597599,1.28161668839635
07,70,550,32,0.0360049344599247,1.159744210591669
07,71,550,32,0.03403158485889435,1.1868752716210358
07,72,550,32,0.03554593399167061,1.3630098714844487
07,73,550,32,0.035737551748752594,1.6548705531756391
07,74,550,32,0.03891541808843613,2.062457316694607
07,75,550,36,0.03194419667124748,1.6297882908052412
07,76,550,36,0.03146631643176079,1.2590799031477016
07,77,550,36,0.027502136304974556,1.0849941019432554
07,78,550,36,0.026371104642748833,1.0599118395728584
07,79,550,36,0.024588976055383682,1.2089153784069058
07,80,550,40,0.025821877643465996,2.857142857142857
07,81,550,40,0.023802975192666054,2.525858322468492
07,82,550,40,0.02348087914288044,2.1013844912149997
07,83,550,40,0.024065129458904266,1.6953498478922218
07,84,550,40,0.02460036799311638,1.3681629105357918
07,85,550,40,0.02465716004371643,1.1899795120134107
07,86,550,40,0.02406540885567665,1.2191593717017457
07,87,550,40,0.024287231266498566,1.449059415161111
07,88,550,40,0.023724574595689774,1.917054696715714
07,89,550,40,0.022680120542645454,2.434717824548333
07,90,550,40,0.02187991701066494,3.002048798658968
07,91,550,40,0.021747354418039322,3.4285714285714284
07,92,550,43,0.020550580695271492,1.588315639163097
07,93,550,44,0.02174282819032669,1.371205066120321
07,94,550,46,0.022219423204660416,1.5263550009312732
07,95,550,46,0.022566217929124832,1.3133420252064336
07,96,550,46,0.022397439926862717,1.2949028372757194
07,97,550,47,0.021398067474365234,1.3256348171602415
07,98,550,50,0.022435249760746956,2.7142857142857144
07,99,550,50,0.0248101819306612,2.0972868938970635
07,100,550,50,0.025700978934764862,1.5632333767926998
07,101,550,50,0.027829088270664215,1.1285155522443666
07,102,550,50,0.03362338989973068,0.8095238095238122
07,103,550,50,0.03396911919116974,0.8402557894083329
07,104,550,51,0.029017969965934753,0.8464021853852376
07,105,550,51,0.029286962002515793,0.9703234618488866
07,106,550,51,0.02967020682990551,1.2248090892158692
07,107,550,54,0.029634688049554825,1.844353386726268
07,108,550,54,0.02882188931107521,1.5811758862606329
07,109,550,54,0.02821149304509163,1.3947972931023789
07,110,550,54,0.028198054060339928,1.27037933817595
07,111,550,54,0.02820269949734211,1.2452970758055515
07,112,550,54,0.02980475313961506,1.2079220214813435
07,113,550,54,0.026849716901779175,1.2079220214813435
07,114,550,54,0.02654867433011532,1.2493946731234866
07,115,550,54,0.0251313466578722,1.3512758428012663
07,116,550,55,0.028961796313524246,1.0901471409945993
07,117,550,56,0.028550760820508003,1.1480101819084867
07,118,550,56,0.02832373045384884,0.9493387967964246
07,119,550,56,0.0298317838460207,0.9370460048426152
07,120,550,56,0.03226829692721367,1.0655615570869819
07,121,550,56,0.03436105698347092,1.293412801887379
07,122,550,58,0.03282800316810608,0.8894269572235677
07,123,550,58,0.025050370022654533,0.8541007015583281
07,124,550,58,0.026799658313393593,0.9513875954553915
07,125,550,60,0.026994282379746437,1.6354380083193643
07,126,550,60,0.02828756906092167,1.4941329856584098
07,127,550,60,0.028179563581943512,1.508474576271186
07,128,550,60,0.02940247766673565,1.5745328118209476
07,129,550,60,0.030761288478970528,1.7317315452908668
07,130,550,60,0.03219765052199364,1.9222077357670573
07,131,550,60,0.031473323702812195,2.1582541752033273
07,132,550,61,0.03227223455905914,2.396349413298566
07,133,550,61,0.033695369958877563,2.541255354814677
07,134,550,61,0.031668804585933685,2.7317315452908675
07,135,550,60,0.03176132217049599,2.87458868814801
07,136,550,60,0.03174573928117752,3.0174458310051526
07,137,550,60,0.03215530887246132,3.1603029738622954
07,138,550,60,0.030672939494252205,3.303160116719438
07,139,550,60,0.029957842081785202,3.446017259576581
07,140,550,60,0.03152953088283539,3.588874402433724
07,141,550,60,0.03151508793234825,3.7317315452908666
07,142,550,60,0.03136153891682625,3.87458868814801
07,143,550,60,0.029065897688269615,3.9698267833861047
07,144,550,60,0.03139858320355415,4.0650648786242005
07,145,550,60,0.03413606435060501,4.207922021481343
07,146,550,57,0.0308588445186615,5.092195939653566
07,147,550,57,0.03297027200460434,5.8832805612466625
07,148,550,57,0.033617861568927765,6.628794933879679
07,149,550,57,0.032053008675575256,7.53970323461849
07,150,550,57,0.03488986939191818,8.450611535357298
07,151,550,57,0.036908525973558426,9.36151983609611
07,152,550,57,0.031512901186943054,10.081951946358727
07,153,550,57,0.03157658129930496,10.802384056621346
07,154,550,57,0.03316746652126312,11.522816166883963
07,155,550,56,0.03282494097948074,12.481343515241823
07,156,550,86,0.0327938087284565,31.285714285714285
07,157,550,86,0.03258264437317848,32.04966784627801
07,158,550,84,0.03229934349656105,31.149003538834048
07,159,550,38,0.03047654964029789,14.927298690010556
07,160,550,38,0.03050319105386734,14.192524989135157
07,161,550,38,0.028305528685450554,13.523809523809524
07,162,550,42,0.029400978237390518,11.528962562860867
07,163,550,42,0.028919225558638573,10.57043521450301
07,164,550,42,0.02821635641157627,9.611907866145154
07,165,550,42,0.029585791751742363,8.694853169429441
07,166,550,42,0.029721152037382126,7.875085366610792
07,167,550,42,0.030590534210205078,5.692804370770473
07,168,550,44,0.03037799522280693,4.003600918855157
07,169,550,44,0.03191840276122093,1.7614080834419807
07,170,550,44,0.031807128340005875,1.7342770224126154
07,171,550,44,0.0303234551101923,1.8064816539392805
07,172,550,44,0.03268580138683319,1.9698267833861056
07,173,550,44,0.0322628915309906,2.017445831005153
07,174,550,44,0.032211121171712875,2.065064878624201
07,175,550,44,0.036403898149728775,2.1126839262432484
07,176,550,44,0.03757939860224724,2.160302973862296
07,177,550,44,0.040099650621414185,2.1126839262432484
07,178,550,44,0.03930433839559555,2.0425280933755503
07,179,550,45,0.039247818291187286,1.7588626063202342
07,180,550,45,0.03929724544286728,1.6016638728503136
07,181,550,45,0.04405933618545532,1.5668342956478551
07,182,550,45,0.04465777799487114,1.6021605513130934
07,183,550,45,0.04402371868491173,1.6871546532563488
07,184,550,45,0.045869652181863785,1.8632892531197618
07,185,550,45,0.04598061740398407,2.0972868938970635
07,186,550,45,0.046552594751119614,2.5238095238095237
07,187,550,47,0.04854757338762283,1.2898118830322223
07,188,550,50,0.045793890953063965,1.5238095238095237
07,189,550,50,0.04679388925433159,1.151052337493017
07,190,550,50,0.05276475101709366,0.9027131061029379
07,191,550,51,0.05904194340109825,1.1428571428571441
07,192,550,51,0.049979232251644135,0.8883715154901617
07,193,550,51,0.05090141296386719,0.9364872415719877
07,194,550,51,0.046296291053295135,1.1704848823492893
07,195,550,51,0.04646157845854759,1.5325013969081764
07,196,550,54,0.0434676930308342,1.0972868938970648
07,197,550,54,0.03743878751993179,0.6892034519153172
07,198,550,54,0.030578456819057465,0.5960141553361902
07,199,550,54,0.030852803960442543,0.8074750108648426
07,200,550,55,0.02860262617468834,0.5361023157633346
07,201,550,56,0.03125312179327011,0.585770162041349
07,202,550,56,0.03626973554491997,0.5509405848388905
07,203,550,58,0.03612345829606056,1.2857142857142858
07,204,550,58,0.03573659807443619,0.8279629974545235
07,205,550,58,0.03617364913225174,0.552492705035079
07,206,550,58,0.03852315619587898,0.5750294902837295
07,207,550,58,0.05326708033680916,0.8648413733159502
07,208,550,60,0.05121614784002304,0.9708201403116644
07,209,550,60,0.05472014471888542,0.7573104861240451
07,210,550,60,0.049165330827236176,0.808530452598248
07,211,550,61,0.04899398982524872,0.9288508102067438
07,212,550,62,0.047012850642204285,1.328739057552618
07,213,550,62,0.04503719508647919,1.175141242937854
07,214,550,62,0.04616393521428108,1.0507232880114252
07,215,550,62,0.05007370561361313,1.0174458310051537
07,216,550,62,0.05143510177731514,1.0174458310051537
07,217,550,62,0.050048962235450745,1.0962935369715032
07,218,550,63,0.05510459840297699,1.1106351275842807
07,219,550,63,0.047991130501031876,1.102439932948408
07,220,550,63,0.048642437905073166,1.2350530825107096
07,221,550,64,0.051185812801122665,1.1044887316073762
07,222,550,64,0.048898812383413315,1.081951946358727
07,223,550,64,0.04570368677377701,1.1567020550071414
07,224,550,66,0.04198402538895607,1.0199913081269032
07,225,550,66,0.04184674099087715,0.7921400633265049
07,226,550,66,0.046306759119033813,0.7465698143664241
07,227,550,66,0.05031270161271095,0.8377103122865829
07,228,550,66,0.05242286995053291,1.0614639597690434
07,229,550,66,0.05678629130125046,1.3225926615757118
07,230,550,66,0.06464315950870514,1.7306761035574594
07,231,550,68,0.06185910850763321,0.8423045880673018
07,232,550,70,0.054126668721437454,1.2816166883963507
07,233,550,70,0.05967841297388077,0.9836096107282556
07,234,550,70,0.05834987387061119,0.921648972496429
07,235,550,70,0.055129747837781906,0.9754144160923813
07,236,550,70,0.05378517135977745,1.1699882038865081
07,237,550,70,0.047519538551568985,1.4638976842366669
07,238,550,70,0.04397932067513466,1.8571428571428572
07,239,550,73,0.04446566477417946,1.0476190476190477
07,240,550,74,0.042667172849178314,1.339479729310238
07,241,550,74,0.041885897517204285,1.123921276463649
07,242,550,76,0.040321215987205505,2.3333333333333335
07,243,550,76,0.03996067866683006,2.0972868938970635
07,244,550,76,0.04178808256983757,1.9191034953746824
07,245,550,76,0.04588716849684715,1.8525485813621423
07,246,550,76,0.04554697871208191,1.9145092195939675
07,247,550,76,0.04483899846673012,2.0261377041038084
07,248,550,76,0.03690668195486069,2.187434034891664
07,249,550,76,0.03925187885761261,2.3031601167194404
07,250,550,76,0.032673805952072144,2.350779164338488
07,251,550,76,0.029343798756599426,2.350779164338488
07,252,550,76,0.031487591564655304,2.3031601167194404
07,253,550,76,0.03074437379837036,2.092195939653569
07,254,550,76,0.03373999893665314,1.9308996088657133
07,255,550,76,0.032002560794353485,1.8192711243558723
07,256,550,76,0.032167404890060425,1.79878313776619
07,257,550,76,0.03199854493141174,2.057863040913889
07,258,550,76,0.0303385928273201,2.5238095238095237
07,259,550,78,0.03071408160030842,1.5238095238095237
07,260,550,78,0.03029492497444153,1.7578071645868254
07,261,550,78,0.03204112499952316,2.136710746880238
07,262,550,79,0.03518608957529068,1.7890358229341272
07,263,550,82,0.034292884171009064,1.7091326752343692
07,264,550,82,0.03507797420024872,1.7050350779164327
07,265,550,82,0.03880199417471886,1.8002731731545278
07,266,550,82,0.03814110532402992,1.9948469609486548
07,267,550,85,0.03935401141643524,1.9057552616874642
07,268,550,87,0.03748418763279915,2.4270193083752414
07,269,550,87,0.0380813293159008,1.9759110945551623
07,270,550,87,0.038766730576753616,1.9595207052834165
07,271,550,87,0.03940741345286369,2.100329049481591
07,272,550,87,0.03655516356229782,2.3942385298317497
07,273,550,90,0.0363435298204422,2.1377041038057976
07,274,550,90,0.03776026517152786,2.0506612032035756
07,275,550,90,0.03955036774277687,2.1126218414354008
07,276,550,90,0.03886529058218002,2.323586018501273
07,277,550,94,0.03723102807998657,1.996399081144842
07,278,550,94,0.03679764270782471,1.708635996771588
07,279,550,94,0.03494100272655487,1.615446700192461
07,280,550,98,0.03462480008602142,3.5238095238095237
07,281,550,98,0.03332521766424179,2.9068107034208728
07,282,550,98,0.03295280784368515,2.339479729310238
07,283,550,98,0.03286132588982582,1.821816601477619
07,284,550,98,0.03273213282227516,1.449059415161111
07,285,550,98,0.032370779663324356,1.179735518718571
07,286,550,98,0.030886603519320488,1.0594151611100773
07,287,550,98,0.0294916070997715,1.1008878127522201
07,288,550,98,0.03070181980729103,1.399391568883095
07,289,550,98,0.030466875061392784,1.8095238095238095
07,290,550,101,0.03067139722406864,1.2248090892158692
07,291,550,101,0.029772812500596046,0.8935245545415041
07,292,550,101,0.029089054092764854,0.6784627801576962
07,293,550,101,0.029386747628450394,0.6912522505742841
07,294,550,102,0.030446944758296013,0.577078288942695
07,295,550,102,0.031691279262304306,0.5898677593592841
07,296,550,102,0.03325429931282997,0.8591916558018253
07,297,550,104,0.03405466675758362,0.7885391444713489
07,298,550,104,0.033986546099185944,0.5565903023530154
07,299,550,104,0.035670794546604156,0.6185509405848393
07,300,550,105,0.03239291533827782,0.6369901285155519
07,301,550,106,0.03178584948182106,0.885826038368411
07,302,550,106,0.030482672154903412,0.6267461352207122
07,303,550,106,0.03144920617341995,0.6119078661451548
07,304,550,106,0.03029715083539486,0.800335257962377
07,305,550,108,0.030322298407554626,1.0722046315266662
07,306,550,108,0.02890329621732235,0.7634568821009518
07,307,550,108,0.03167501464486122,0.6907555721115056
07,308,550,108,0.028923535719513893,0.7716520767368232
07,309,550,108,0.03173796460032463,0.9933569255603155
07,310,550,108,0.03474944457411766,1.3143974669398395
07,311,550,110,0.03214329481124878,0.8295151176507106
07,312,550,110,0.032115641981363297,0.7445210157074565
07,313,550,110,0.03310330584645271,0.8960700316632535
07,314,550,110,0.030115775763988495,1.2171105730427774
07,315,550,113,0.03963036462664604,1.3538213199230142
07,316,550,113,0.03742348030209541,1.0081951946358716
07,317,550,113,0.04014045372605324,0.7741975538585699
07,318,550,113,0.036166269332170486,0.6892034519153158
07,319,550,113,0.034983500838279724,0.7946855404482521
07,320,550,113,0.038060348480939865,1.0844974234804743
07,321,550,113,0.036118730902671814,1.5401999130812696
07,322,550,115,0.037513818591833115,0.7327249022164283
07,323,550,117,0.03504740819334984,1.4720928788725411
07,324,550,117,0.032815780490636826,1.0931892965791283
07,325,550,117,0.037029195576906204,0.9006643074439683
07,326,550,117,0.03949352726340294,0.940088160427143
07,327,550,117,0.037256479263305664,1.2176072515055558
07,328,550,117,0.042118486016988754,1.6067548270938097
07,329,550,117,0.036850590258836746,2.0952380952380953
07,330,550,120,0.03872036188840866,0.9882038865089704
07,331,550,120,0.04196472465991974,1.0296765381511146
07,332,550,120,0.04208728298544884,1.261128701806667
07,333,550,123,0.043689895421266556,1.4285714285714293
07,334,550,123,0.047056570649147034,1.0767989073073818
07,335,550,123,0.04613606631755829,0.9196001738374614
07,336,550,124,0.04480765759944916,1.1408083441981753
07,337,550,125,0.03990677744150162,1.4367666232073015
07,338,550,125,0.03621361032128334,1.018439187930714
07,339,550,125,0.03794413432478905,0.7946855404482536
07,340,550,125,0.039081938564777374,0.76550568075992
07,341,550,127,0.03919883817434311,1.310299869621903
07,342,550,127,0.037208981812000275,1.0676103557459489
07,343,550,127,0.03834952414035797,0.9160613397901533
07,344,550,127,0.03811359405517578,0.9160613397901546
07,345,550,127,0.039494797587394714,0.9595827900912658
07,346,550,127,0.041858382523059845,1.115229403364999
07,347,550,129,0.040810927748680115,1.0179425094679315
07,348,550,129,0.04249580577015877,0.8730365679518205
07,349,550,129,0.0423363633453846,0.8607437759980111
07,350,550,129,0.04370991885662079,1.026634382566587
07,351,550,129,0.04355842247605324,1.3830011796113493
07,352,550,129,0.043090250343084335,1.7619047619047632
07,353,550,131,0.04265965521335602,0.7163345129446825
07,354,550,131,0.04473413527011871,0.9938536040230966
07,355,550,132,0.04683370143175125,0.8264108772583372
07,356,550,132,0.04615344479680061,1.1244179549264295
07,357,550,135,0.04850933700799942,1.4413608989880178
07,358,550,135,0.04775674641132355,1.1643384863723847
07,359,550,135,0.04741616174578667,1.0486124045446072
07,360,550,135,0.04583597183227539,1.0486124045446072
07,361,550,135,0.045824334025382996,1.3650586701434175
07,362,550,136,0.04604833573102951,1.24933258831564
07,363,550,138,0.05037027597427368,1.0317253368100843
07,364,550,139,0.048314157873392105,1.1351586266840523
07,365,550,139,0.04707520455121994,0.85559073694667
07,366,550,139,0.050187770277261734,0.8678835289004794
07,367,550,141,0.05078975111246109,1.2196560501645255
07,368,550,141,0.051492780447006226,0.9856584093872238
07,369,550,141,0.04740079864859581,0.8177190041596825
07,370,550,141,0.04948706552386284,0.86533805177873
07,371,550,144,0.046106889843940735,2.0952380952380953
07,372,550,144,0.04656127095222473,1.6006084311169038
07,373,550,144,0.04722072184085846,1.2652262991246035
07,374,550,144,0.04599767550826073,1.1945737877941243
07,375,550,144,0.04500788450241089,1.300055876327062
07,376,550,144,0.04486857354640961,1.5960141553361875
07,377,550,144,0.04367337003350258,2.0578630409138876
07,378,550,144,0.04380068555474281,2.5238095238095237
07,379,550,146,0.043909236788749695,1.4992239399019078
07,380,550,146,0.04462135583162308,1.753709567268889
07,381,550,146,0.0447973757982254,2.1367107468802393
07,382,550,152,0.04375220090150833,3.4285714285714284
07,383,550,152,0.04403466358780861,3.002048798658967
07,384,550,152,0.04091498255729675,2.5775749674054746
07,385,550,152,0.04044617712497711,2.202768982429997
07,386,550,152,0.042063478380441666,1.8776308437325366
07,387,550,152,0.043683011084795,1.6021605513130908
07,388,550,152,0.0450383760035038,1.3082510709629322
07,389,550,152,0.04758550599217415,1.1925249891351573
07,390,550,152,0.05164804682135582,1.3707083876575386
07,391,550,152,0.04774944484233856,1.7060905196498415
07,392,550,154,0.044019635766744614,1.0261377041038058
07,393,550,154,0.04589614272117615,0.9206556155708708
07,394,550,155,0.04596138745546341,0.8295151176507121
07,395,550,155,0.04860478639602661,0.7158378344819014
07,396,550,155,0.043159108608961105,0.8300117961134917
07,397,550,155,0.03508753702044487,1.1428571428571428
07,398,550,158,0.033226609230041504,1.4285714285714286
07,399,550,158,0.041963741183280945,1.0496678462780145
07,400,550,158,0.03907554969191551,0.7864903458123806
07,401,550,158,0.03849690780043602,0.7219842304588047
07,402,550,158,0.03826989606022835,0.8853293599056326
07,403,550,159,0.0422956608235836,0.9308996088657105
07,404,550,159,0.04580007866024971,1.0860495436766628
07,405,550,161,0.044280584901571274,1.836158192090395
07,406,550,161,0.043407730758190155,1.711740237163965
07,407,550,161,0.04302137717604637,1.6948531694294393
07,408,550,161,0.04186171665787697,1.82696964052896
07,409,550,161,0.04528891667723656,1.9698267833861027
07,410,550,161,0.04446772485971451,2.1126839262432457
07,411,550,161,0.04533945769071579,2.2555410691003885
07,412,550,161,0.04713011905550957,2.3983982119575313
07,413,550,161,0.04623613506555557,2.541255354814674
07,414,550,161,0.04546738415956497,2.6364934500527695
07,415,550,161,0.04482376202940941,2.731731545290865
07,416,550,161,0.04519794508814812,2.731731545290865
07,417,550,161,0.04346128925681114,2.7793505929099123
07,418,550,161,0.044098105281591415,2.82696964052896
07,419,550,161,0.043991003185510635,2.8745886881480076
07,420,550,161,0.044789183884859085,2.922207735767055
07,421,550,161,0.04340725392103195,2.969826783386103
07,422,550,161,0.043395962566137314,2.969826783386103
07,423,550,161,0.0461849682033062,2.8745886881480076
07,424,550,161,0.04422427713871002,3.303160116719436
07,425,550,161,0.04184316098690033,3.731731545290865
07,426,550,161,0.04305172711610794,4.684112497671817
07,427,550,160,0.04182557761669159,5.588874402433722
07,428,550,160,0.04097157344222069,6.4833923139007865
07,429,550,160,0.03937383368611336,7.390203017321658
07,430,550,160,0.04043706879019737,8.297013720742532
07,431,550,160,0.03702059015631676,9.249394673123485
07,432,550,161,0.04528342932462692,10.108586328925313
07,433,550,163,0.04526064544916153,11.558142422549203
07,434,550,152,0.044205907732248306,11.446017259576578
07,435,550,152,0.0456930547952652,11.398398211957531
07,436,550,141,0.04810764640569687,10.82696964052896
07,437,550,141,0.043219223618507385,9.731731545290865
07,438,550,141,0.044616274535655975,8.684112497671817
07,439,550,141,0.041704002767801285,7.673868504376977
07,440,550,141,0.04059755802154541,6.713292357360152
07,441,550,141,0.04104946181178093,5.802384056621344
07,442,550,141,0.03838657587766647,4.94114360216055
07,443,550,141,0.03900584578514099,4.081951946358727
07,444,550,144,0.038385119289159775,3.0343328987396787
07,445,550,144,0.038716599345207214,2.4173340783510264
07,446,550,144,0.039124637842178345,1.8500031042403915
07,447,550,144,0.039965707808732986,1.856149500217295
07,448,550,144,0.039388176053762436,1.9119637424722153
07,449,550,144,0.03789328411221504,2.0174458310051504
07,450,550,144,0.03807373344898224,2.160302973862293
07,451,550,144,0.038734059780836105,2.303160116719436
07,452,550,144,0.038801856338977814,2.4460172595765792
07,453,550,144,0.03879493847489357,2.4936363071956267
07,454,550,144,0.03875254467129707,2.4936363071956267
07,455,550,144,0.03913666680455208,2.3779102253678492
07,456,550,144,0.0398031584918499,2.3118519898180887
07,457,550,144,0.04077524691820145,2.295461600546343
07,458,550,144,0.04035273939371109,2.3287390575526143
07,459,550,144,0.039799246937036514,2.4490594151611083
07,460,550,144,0.03865108639001846,2.67281306264357
07,461,550,144,0.038928937166929245,3.240144036754205
07,462,550,144,0.03816516324877739,3.857142857142857
07,463,550,146,0.038448117673397064,2.797231017570003
07,464,550,147,0.03818552568554878,2.683553734401195
07,465,550,152,0.03878798335790634,3.0132861488793687
07,466,550,152,0.03876820206642151,2.7193766685292102
07,467,550,152,0.03929688781499863,2.667660023592226
07,468,550,152,0.040235232561826706,2.715279071211274
07,469,550,152,0.041220925748348236,2.862233811386353
07,470,550,152,0.04101082310080528,3.1561432917365115
07,471,550,158,0.0456414595246315,3.3333333333333335
07,472,550,158,0.04506821557879448,2.515614329173651
07,473,550,158,0.04309692978858948,1.8868193952939718
07,474,550,158,0.04192275181412697,1.572421928354131
07,475,550,158,0.040886279195547104,1.481281430433972
07,476,550,158,0.037565991282463074,1.7275718631650832
07,477,550,161,0.033451709896326065,1.5156143291736508
07,478,550,161,0.03862827643752098,1.1080275656546843
07,479,550,161,0.045913755893707275,1.0358229341280207
07,480,550,162,0.042904023081064224,0.7414167753150823
07,481,550,162,0.04049272462725639,0.7250263860433366
07,482,550,163,0.049843888729810715,0.503321537219847
07,483,550,164,0.05443408712744713,0.7081393183088109
07,484,550,164,0.04787132143974304,0.5714285714285742
07,485,550,165,0.05292847007513046,0.7721487551996044
07,486,550,165,0.05449505150318146,0.66412118954492
07,487,550,167,0.0486505925655365,1.6666666666666667
07,488,550,167,0.05091578885912895,1.4306202272303954
07,489,550,167,0.04936672002077103,1.217110573042776
07,490,550,167,0.05347875878214836,1.2350530825107089
07,491,550,168,0.051962848752737045,1.523312845346744
07,492,550,168,0.05132202059030533,1.3983982119575313
07,493,550,168,0.04538477957248688,1.446017259576579
07,494,550,168,0.04210840165615082,1.446017259576579
07,495,550,168,0.03991469740867615,1.4316756689638028
07,496,550,168,0.043984632939100266,1.4485627366983285
07,497,550,168,0.04231682047247887,1.591916558018251
07,498,550,167,0.0427885539829731,2.5279071211274604
07,499,550,168,0.04147724807262421,2.0
07,500,550,168,0.04175891727209091,2.2857142857142856
07,501,550,170,0.04000966250896454,1.0829453032842886
07,502,550,172,0.0407424159348011,1.1029366114111885
07,503,550,172,0.041342295706272125,0.7716520767368219
07,504,550,172,0.04000583663582802,0.647730800273177
07,505,550,173,0.04100308194756508,0.8402557894083316
07,506,550,173,0.039016854017972946,0.6415844042962708
07,507,550,174,0.03739790990948677,0.8796796423915063
07,508,550,174,0.03751827031373978,0.7286273048984905
07,509,550,175,0.03527403995394707,0.8095238095238095
07,510,550,175,0.03594163805246353,0.6830570559384098
07,511,550,176,0.03616931289434433,0.6292916123424616
07,512,550,176,0.035530589520931244,0.697398646551186
07,513,550,176,0.03667931631207466,1.0143415906127762
07,514,550,176,0.03799556940793991,1.4306202272303954
07,515,550,176,0.03764881193637848,1.9047619047619047
07,516,550,178,0.03842880576848984,0.8468988638480174
07,517,550,178,0.04014544561505318,1.2754702924194459
07,518,550,181,0.040222298353910446,1.4684919600173831
07,519,550,181,0.04147638380527496,1.2119575339914324
07,520,550,181,0.04004833847284317,1.4853790277519086
07,521,550,181,0.04015989229083061,1.9282920469361162
07,522,550,183,0.040701236575841904,2.241137393679767
07,523,550,183,0.039938054978847504,2.437759980132861
07,524,550,183,0.037651561200618744,2.7833861054200035
07,525,550,183,0.03789851814508438,3.2780157695411924
07,526,550,186,0.03907134756445885,2.794126777177626
07,527,550,186,0.041521165519952774,2.8417458247966736
07,528,550,188,0.041949693113565445,2.794126777177626
07,529,550,188,0.040423545986413956,2.794126777177626
07,530,550,195,0.0383761003613472,5.142857142857143
07,531,550,195,0.03418612480163574,4.5258583224684905
07,532,550,195,0.033089883625507355,3.9585273483578556
08,25,653,8,0.024840625002980232,2.6364934500527744
08,26,653,8,0.024246681481599808,2.541255354814679
08,27,653,8,0.023859575390815735,2.4460172595765837
08,28,653,8,0.024345308542251587,2.303160116719441
08,29,653,8,0.02362186461687088,2.160302973862298
08,30,653,8,0.024228788912296295,1.92220773576706
08,31,653,8,0.024712739512324333,1.7132923573601568
08,32,653,8,0.023685820400714874,1.595517476873411
08,33,653,8,0.02357856184244156,1.6144533432669035
08,34,653,8,0.02404480241239071,1.7823927484944435
08,35,653,10,0.02495529130101204,1.0901471409946
08,36,653,10,0.024465790018439293,0.8935245545415048
08,37,653,10,0.02375929243862629,0.8709877692928556
08,38,653,11,0.024559656158089638,0.6533805177872984
08,39,653,11,0.022906647995114326,0.6287949338796811
08,40,653,13,0.022599617019295692,1.1633451294468238
08,41,653,13,0.02263038046658039,0.7491152914881728
08,42,653,13,0.024528514593839645,0.4715962004097613
08,43,653,13,0.025812210515141487,0.4715962004097613
08,44,653,13,0.029048193246126175,0.7946855404482536
08,45,653,14,0.031536202877759933,0.5519960265722998
08,46,653,15,0.03202230855822563,0.5811758862606334
08,47,653,15,0.032625485211610794,0.514620972248092
08,48,653,16,0.03407977521419525,0.6328925311976176
08,49,653,16,0.0337875559926033,0.5683864158440444
08,50,653,16,0.02950887382030487,0.7798472713726968
08,51,653,18,0.030068086460232735,0.9544297510399213
08,52,653,18,0.028016814962029457,0.6272428136834927
08,53,653,18,0.02931280806660652,0.5151176507108746
08,54,653,18,0.02724427916109562,0.6641211895449207
08,55,653,18,0.02752661146223545,1.028683181225556
08,56,653,19,0.020866230130195618,0.730179425094681
08,57,653,20,0.019474241882562637,0.7281306264357121
08,58,653,20,0.01855437457561493,0.7445210157074565
08,59,653,20,0.01859058067202568,0.9206556155708708
08,60,653,23,0.0212087519466877,1.8571428571428572
08,61,653,23,0.018837155774235725,1.4034891662010314
08,62,653,23,0.01987362466752529,1.0742534301856346
08,63,653,23,0.020369524136185646,0.8069783324020628
08,64,653,23,0.020844565704464912,0.6887067734525387
08,65,653,23,0.02241530455648899,0.7941888619854738
08,66,653,23,0.022301847115159035,1.0655615570869819
08,67,653,23,0.023205025121569633,1.388650897125474
08,68,653,25,0.020311785861849785,1.0281865027627755
08,69,653,25,0.02099265530705452,1.0240889054448377
08,70,653,25,0.023102961480617523,1.1981747066492836
08,71,653,27,0.0262533538043499,1.163345129446825
08,72,653,27,0.026564946398139,0.921152294033652
08,73,653,27,0.02614160254597664,0.827962997454525
08,74,653,27,0.030526738613843918,0.8837772397094454
08,75,653,27,0.02803325094282627,1.0803998261625392
08,76,653,27,0.028719695284962654,1.3599677158999204
08,77,653,27,0.02815913036465645,1.9047619047619047
08,78,653,28,0.03198957443237305,1.585770162041349
08,79,653,32,0.03002093732357025,1.9523809523809517
08,80,653,32,0.033675819635391235,1.5115167318557152
08,81,653,32,0.034932006150484085,1.1904761904761911
08,82,653,32,0.03638538345694542,1.0435214503011132
08,83,653,32,0.038063500076532364,1.0706525113304786
08,84,653,32,0.04143886640667915,1.2467871111938928
08,85,653,32,0.04134860634803772,1.5719252498913532
08,86,653,32,0.03840191662311554,2.0291798596883357
08,87,653,36,0.03964332118630409,1.513565530514684
08,88,653,36,0.04047108441591263,1.1428571428571441
08,89,653,36,0.038198597729206085,0.9687713416526995
08,90,653,36,0.035837844014167786,0.9687713416526995
08,91,653,36,0.031850848346948624,1.0681070342087313
08,92,653,36,0.031537238508462906,1.2667784193207932
08,93,653,40,0.03086174838244915,2.6666666666666665
08,94,653,40,0.02870609238743782,2.3353821319923016
08,95,653,40,0.031069476157426834,2.070155832867698
08,96,653,40,0.029820401221513748,1.904265226299125
08,97,653,40,0.027199111878871918,1.837710312286585
08,98,653,40,0.028095761314034462,1.8955733532004724
08,99,653,40,0.026877818629145622,2.003104240392377
08,100,653,40,0.026659352704882622,2.160302973862296
08,101,653,40,0.02721000276505947,2.3507791643384865
08,102,653,40,0.027092095464468002,2.3031601167194387
08,103,653,40,0.02774062007665634,2.284720928788726
08,104,653,40,0.027408897876739502,2.1254733966598374
08,105,653,40,0.027333417907357216,2.090643819457379
08,106,653,40,0.027360333129763603,2.125970075122617
08,107,653,40,0.027660906314849854,2.3538213199230156
08,108,653,40,0.02761056460440159,2.6313404110014282
08,109,653,40,0.027018502354621887,2.958527348357857
08,110,653,40,0.02766859345138073,3.3353821319923016
08,111,653,40,0.02704087272286415,3.761904761904762
08,112,653,45,0.026210308074951172,1.4664431613584175
08,113,653,45,0.026965273544192314,1.4085801204445287
08,114,653,45,0.028112253174185753,1.4582479667225445
08,115,653,47,0.027306029573082924,1.7808406282982556
08,116,653,47,0.028153620660305023,1.598559632457938
08,117,653,50,0.029957568272948265,3.1904761904761907
08,118,653,50,0.028901906684041023,2.5734773700875397
08,119,653,50,0.02760382741689682,2.006146395976905
08,120,653,50,0.029695915058255196,1.521760725150557
08,121,653,50,0.03143035247921944,1.149003538834049
08,122,653,50,0.03509506955742836,0.9457378779412693
08,123,653,50,0.03507090359926224,1.096790215434285
08,124,653,50,0.03421898931264877,1.3471782454833312
08,125,653,50,0.03714760020375252,1.676413981498728
08,126,653,50,0.03266381472349167,1.9600794685540455
08,127,653,54,0.033655256032943726,2.1029366114111885
08,128,653,54,0.03225398808717728,1.9621282672130138
08,129,653,54,0.03334027901291847,1.870987769292855
08,130,653,54,0.03142120689153671,1.7342770224126167
08,131,653,54,0.03342783823609352,1.6472341218103945
08,132,653,54,0.03413752466440201,1.6098590674861866
08,133,653,54,0.03453823924064636,1.622151859439996
08,134,653,54,0.03429010137915611,1.6841124976718198
08,135,653,54,0.03555428981781006,1.8745886881480103
08,136,653,54,0.0337006151676178,1.9698267833861056
08,137,653,54,0.037522487342357635,2.1065375302663436
08,138,653,54,0.03548812493681908,2.1024399329484074
08,139,653,54,0.03480842337012291,2.1480101819084867
08,140,653,56,0.03567132353782654,2.1480101819084867
08,141,653,56,0.03474174812436104,2.1024399329484074
08,142,653,56,0.03497122600674629,2.1065375302663436
08,143,653,56,0.03692841902375221,2.160302973862296
08,144,653,56,0.03485902026295662,2.255541069100391
08,145,653,54,0.03534642606973648,2.5289625628608676
08,146,653,56,0.03730669617652893,2.396349413298566
08,147,653,56,0.03674815222620964,2.441919662258645
08,148,653,56,0.03434333577752113,2.4874899112187245
08,149,653,56,0.03535914793610573,2.541255354814677
08,150,653,56,0.03569759428501129,2.636493450052772
08,151,653,56,0.03522413223981857,2.636493450052772
08,152,653,56,0.03519690781831741,2.636493450052772
08,153,653,56,0.0358869843184948,2.5888744024337247
08,154,653,56,0.034777164459228516,2.5888744024337247
08,155,653,56,0.033608902245759964,2.5888744024337247
08,156,653,56,0.035972777754068375,2.68411249767182
08,157,653,56,0.03638683259487152,2.68411249767182
08,158,653,56,0.03515951707959175,2.68411249767182
08,159,653,56,0.036682501435279846,2.68411249767182
08,160,653,56,0.03541019186377525,2.636493450052772
08,161,653,56,0.0351678729057312,2.5888744024337247
08,162,653,56,0.03525217995047569,2.5868256037747566
08,163,653,57,0.03649507835507393,2.5868256037747566
08,164,653,56,0.034939613193273544,2.541255354814677
08,165,653,56,0.036018967628479004,2.4936363071956293
08,166,653,56,0.03683459758758545,2.4936363071956293
08,167,653,56,0.03766073286533356,2.4936363071956293
08,168,653,56,0.037714116275310516,2.4936363071956293
08,169,653,56,0.036688487976789474,2.5392065561557087
08,170,653,57,0.03570396080613136,2.5868256037747566
08,171,653,57,0.035553816705942154,2.636493450052772
08,172,653,57,0.03566860407590866,2.7317315452908675
08,173,653,57,0.03727424889802933,2.826969640528963
08,174,653,57,0.03620392829179764,2.8745886881480103
08,175,653,57,0.037181705236434937,2.9698267833861056
08,176,653,56,0.03624379262328148,3.017445831005153
08,177,653,56,0.036745477467775345,2.9698267833861056
08,178,653,56,0.03672148659825325,2.9222077357670577
08,179,653,56,0.035837072879076004,2.8745886881480103
08,180,653,56,0.03585900738835335,2.826969640528963
08,181,653,56,0.035361818969249725,2.7317315452908675
08,182,653,56,0.03502729907631874,2.68411249767182
08,183,653,56,0.03598715364933014,2.5888744024337247
08,184,653,56,0.036275364458560944,2.4936363071956293
08,185,653,56,0.03471018001437187,2.398398211957534
08,186,653,56,0.03388715535402298,2.3487303656795184
08,187,653,57,0.034810248762369156,2.3487303656795184
08,188,653,57,0.034763991832733154,2.3507791643384865
08,189,653,57,0.03546229749917984,2.398398211957534
08,190,653,57,0.03483518585562706,2.446017259576582
08,191,653,57,0.03712634742259979,2.4936363071956293
08,192,653,56,0.03656374290585518,2.5392065561557087
08,193,653,57,0.03559134528040886,2.5392065561557087
08,194,653,57,0.03850816190242767,2.541255354814677
08,195,653,57,0.040850136429071426,2.5888744024337247
08,196,653,57,0.0393148772418499,2.636493450052772
08,197,653,57,0.03775481879711151,2.68411249767182
08,198,653,57,0.039787862449884415,2.68411249767182
08,199,653,57,0.03834949806332588,2.7317315452908675
08,200,653,57,0.03982929140329361,2.779350592909915
08,201,653,57,0.03798875957727432,2.826969640528963
08,202,653,57,0.037473954260349274,2.8745886881480103
08,203,653,57,0.0373007170855999,2.9698267833861056
08,204,653,57,0.03960653021931648,3.017445831005153
08,205,653,57,0.038131456822156906,3.065064878624201
08,206,653,57,0.03766622021794319,3.1126839262432484
08,207,653,57,0.03826352208852768,3.160302973862296
08,208,653,57,0.037217751145362854,3.2079220214813438
08,209,653,56,0.035739172250032425,3.2079220214813438
08,210,653,56,0.03796907514333725,3.160302973862296
08,211,653,56,0.03834013268351555,3.1126839262432484
08,212,653,56,0.036652546375989914,3.065064878624201
08,213,653,56,0.036768555641174316,3.017445831005153
08,214,653,56,0.03691881150007248,2.9698267833861056
08,215,653,56,0.037096403539180756,2.9222077357670577
08,216,653,56,0.03668280690908432,2.8745886881480103
08,217,653,56,0.03698861226439476,2.826969640528963
08,218,653,56,0.036952655762434006,2.779350592909915
08,219,653,56,0.03600257635116577,2.7317315452908675
08,220,653,56,0.03677814453840256,2.7317315452908675
08,221,653,56,0.03645854443311691,2.7317315452908675
08,222,653,56,0.03532404452562332,2.7317315452908675
08,223,653,56,0.03645361587405205,2.7317315452908675
08,224,653,56,0.03712395206093788,2.7317315452908675
08,225,653,56,0.03733675181865692,2.7317315452908675
08,226,653,56,0.039307769387960434,2.7317315452908675
08,227,653,56,0.03756490722298622,2.7317315452908675
08,228,653,56,0.03727911040186882,2.7317315452908675
08,229,653,56,0.036231879144907,2.7317315452908675
08,230,653,56,0.03636603802442551,2.7317315452908675
08,231,653,56,0.03703323006629944,2.826969640528963
08,232,653,56,0.03769845888018608,2.9222077357670577
08,233,653,56,0.03549277409911156,3.017445831005153
08,234,653,56,0.036692652851343155,3.1126839262432484
08,235,653,56,0.03574060648679733,3.2079220214813438
08,236,653,56,0.03728414326906204,3.3031601167194387
08,237,653,56,0.036773454397916794,3.398398211957534
08,238,653,56,0.03833126649260521,3.446017259576582
08,239,653,56,0.03677937015891075,3.4936363071956293
08,240,653,56,0.03682257980108261,3.4936363071956293
08,241,653,54,0.03612139821052551,3.398398211957534
08,242,653,54,0.03537046164274216,3.160302973862296
08,243,653,54,0.03403813764452934,2.9222077357670577
08,244,653,54,0.032156795263290405,2.68411249767182
08,245,653,54,0.03397373855113983,2.398398211957534
08,246,653,54,0.03121013380587101,2.1126839262432484
08,247,653,54,0.031227324157953262,1.9513875954553928
08,248,653,55,0.03443373367190361,1.5392065561557087
08,249,653,55,0.03573686629533768,1.324144781771901
08,250,653,56,0.030370695516467094,1.0568696839883278
08,251,653,56,0.029231471940875053,0.8581982988762659
08,252,653,57,0.029000211507081985,0.8561495002172976
08,253,653,57,0.03071136213839054,0.7691065996150753
08,254,653,57,0.030352534726262093,0.901719749177377
08,255,653,58,0.034413471817970276,0.8187744458930898
08,256,653,58,0.03591594845056534,0.8643446948531691
08,257,653,58,0.03515494987368584,1.005153039051344
08,258,653,60,0.03262719884514809,1.2872664059104748
08,259,653,60,0.02846093289554119,1.1398149872726144
08,260,653,60,0.03343163803219795,1.1541565778853906
08,261,653,60,0.040676672011613846,1.2079220214813429
08,262,653,60,0.043337807059288025,1.2555410691003905
08,263,653,60,0.04683398827910423,1.2970137207425334
08,264,653,60,0.0419691801071167,1.4337244676227716
08,265,653,61,0.04140150547027588,1.2514434717824547
08,266,653,62,0.038674913346767426,1.2908673247656302
08,267,653,62,0.041876327246427536,1.154156577885392
08,268,653,62,0.039019230753183365,1.145961383249519
08,269,653,62,0.03825562819838524,1.1336685912957098
08,270,653,62,0.037272971123456955,1.1505556590302353
08,271,653,62,0.03784777224063873,1.312348668280872
08,272,653,63,0.03952895477414131,0.9831129322654751
08,273,653,63,0.0387880764901638,1.252436828708015
08,274,653,63,0.0383211188018322,1.666666666666666
08,275,653,66,0.040784258395433426,0.9457378779412686
08,276,653,66,0.03574475646018982,0.7741975538585719
08,277,653,66,0.03692043945193291,0.7434655739740486
08,278,653,66,0.03632788360118866,0.9380393617681768
08,279,653,66,0.03592260181903839,1.3707083876575406
08,280,653,68,0.03114147298038006,1.0235301421742093
08,281,653,68,0.03504375368356705,1.1684360836903205
08,282,653,70,0.03664003312587738,1.2887564412988135
08,283,653,70,0.037610266357660294,1.2037623393555594
08,284,653,70,0.039791300892829895,1.3215372198423037
08,285,653,71,0.035955943167209625,1.2058111380145262
08,286,653,70,0.034821052104234695,2.0808965046253176
08,287,653,73,0.03143249824643135,1.1935183460607168
08,288,653,74,0.030975529924035072,1.2365431178990482
08,289,653,75,0.03066989593207836,1.4080834419817463
08,290,653,76,0.032320570200681686,1.7081393183088096
08,291,653,76,0.033460963517427444,1.2611287018066684
08,292,653,76,0.03158110752701759,1.016887067734527
08,293,653,78,0.03038003109395504,1.7619047619047619
08,294,653,78,0.033750928938388824,1.2339976407773017
08,295,653,78,0.03370096534490585,0.8965667101260332
08,296,653,78,0.03531057760119438,0.8591916558018268
08,297,653,78,0.03685592859983444,1.059911839572857
08,298,653,78,0.03610628470778465,1.5775749674054762
08,299,653,78,0.03539710119366646,2.0972868938970635
08,300,653,78,0.03295880928635597,2.619047619047619
08,301,653,82,0.03249432519078255,1.1100763643136526
08,302,653,82,0.03177507594227791,1.0399205314459545
08,303,653,82,0.030789487063884735,1.1971192649158735
08,304,653,83,0.03217511251568794,1.162289687713415
08,305,653,83,0.03581928461790085,1.3589122741665103
08,306,653,83,0.03852549195289612,1.8432979449928593
08,307,653,85,0.037741489708423615,1.574470727013099
08,308,653,87,0.036870069801807404,1.8642826100453214
08,309,653,87,0.03845249488949776,1.657416030297385
08,310,653,87,0.03716316446661949,1.56217793505929
08,311,653,87,0.0353325791656971,1.59495871360278
08,312,653,90,0.037288930267095566,1.6215930961693656
08,313,653,90,0.03832801803946495,1.3317812131371436
08,314,653,90,0.0394895039498806,1.1991680635748418
08,315,653,91,0.03761448338627815,1.2652262991246035
08,316,653,94,0.035569917410612106,3.0
08,317,653,94,0.03233307972550392,2.525858322468492
08,318,653,94,0.03192335367202759,2.196622586453095
08,319,653,94,0.0319870300590992,2.012292791953809
08,320,653,94,0.03040294349193573,1.8940212330042852
08,321,653,94,0.03254060819745064,1.8873781585646008
08,322,653,94,0.03391490876674652,2.0174458310051544
08,323,653,94,0.03370632231235504,2.207922021481345
08,324,653,94,0.03472404181957245,2.3983982119575353
08,325,653,94,0.03464863449335098,2.588874402433726
08,326,653,94,0.03557407855987549,2.731731545290869
08,327,653,94,0.03511941060423851,2.731731545290869
08,328,653,94,0.034823957830667496,2.731731545290869
08,329,653,94,0.033689480274915695,2.731731545290869
08,330,653,94,0.0346614271402359,2.731731545290869
08,331,653,94,0.03404587507247925,2.731731545290869
08,332,653,94,0.03552195802330971,2.731731545290869
08,333,653,94,0.03545137867331505,2.731731545290869
08,334,653,94,0.03436443209648132,2.731731545290869
08,335,653,94,0.03436991572380066,2.568386415844045
08,336,653,94,0.034775763750076294,2.4547091326752373
08,337,653,94,0.0350266695022583,2.3906996957844435
08,338,653,94,0.03553927317261696,2.3763581051716662
08,339,653,94,0.033801183104515076,2.459303408455952
08,340,653,94,0.03534599021077156,2.5919165580182537
08,341,653,94,0.03455600142478943,2.7741975538585715
08,342,653,94,0.03484658896923065,3.006146395976905
08,343,653,94,0.03514903783798218,3.287763084373254
08,344,653,94,0.03420354053378105,3.7142857142857144
08,345,653,101,0.03473644703626633,2.8095238095238093
08,346,653,101,0.034318581223487854,2.383001179611349
08,347,653,101,0.03376048803329468,2.006146395976905
08,348,653,101,0.03460291773080826,1.6292916123424601
08,349,653,102,0.03470222279429436,1.8755820450735712
08,350,653,102,0.03497759625315666,1.5069224560749996
08,351,653,102,0.037987954914569855,1.2606320233438886
08,352,653,102,0.03855620697140694,1.1925249891351601
08,353,653,102,0.03828709200024605,1.3230893400384935
08,354,653,104,0.039403025060892105,1.032284100080712
08,355,653,104,0.038462016731500626,0.7629602036381706
08,356,653,104,0.04032738879323006,0.7527162103433295
08,357,653,104,0.037900831550359726,0.9247532128888059
08,358,653,106,0.04105449467897415,0.9682746631899171
08,359,653,106,0.04286366328597069,0.7424722170484883
08,360,653,106,0.04111471399664879,0.613956664804123
08,361,653,107,0.04111846536397934,0.8192711243558709
08,362,653,107,0.04220085218548775,0.703048364065315
08,363,653,107,0.04287115857005119,0.8146768485751547
08,364,653,108,0.04111599177122116,0.9534363941143611
08,365,653,108,0.04358215630054474,1.0112994350282498
08,366,653,108,0.044159047305583954,1.1976780281865038
08,367,653,108,0.046184420585632324,1.4337244676227736
08,368,653,110,0.04937690496444702,1.6615757124231707
08,369,653,110,0.05109643563628197,1.67386850437698
08,370,653,110,0.05793294683098793,1.7732041969330117
08,371,653,110,0.05825704336166382,1.9222077357670593
08,372,653,110,0.061287809163331985,2.0650648786242023
08,373,653,110,0.06267918646335602,2.207922021481345
08,374,653,110,0.06495541334152222,2.350779164338488
08,375,653,110,0.062355708330869675,2.4460172595765832
08,376,653,110,0.06713986396789551,2.541255354814678
08,377,653,110,0.06647934019565582,2.6364934500527735
08,378,653,110,0.06333336979150772,2.731731545290869
08,379,653,110,0.06415803730487823,2.731731545290869
08,380,653,110,0.0625869408249855,2.731731545290869
08,381,653,110,0.06451912969350815,2.731731545290869
08,382,653,110,0.06246034801006317,2.731731545290869
08,383,653,110,0.06215312331914902,2.731731545290869
08,384,653,110,0.06195027753710747,2.731731545290869
08,385,653,110,0.060282014310359955,2.731731545290869
08,386,653,110,0.059608329087495804,2.731731545290869
08,387,653,110,0.06181958317756653,2.731731545290869
08,388,653,110,0.0607483834028244,2.731731545290869
08,389,653,110,0.06362450867891312,2.731731545290869
08,390,653,110,0.06334754079580307,2.731731545290869
08,391,653,110,0.0625854954123497,2.731731545290869
08,392,653,110,0.06419562548398972,2.731731545290869
08,393,653,110,0.06282945722341537,2.731731545290869
08,394,653,110,0.06305097043514252,2.731731545290869
08,395,653,110,0.06481191515922546,4.520767368224998
08,396,653,110,0.06595786660909653,6.40709008505619
08,397,653,110,0.06444743275642395,8.343080648165396
08,398,653,110,0.06732753664255142,10.32873905755262
08,399,653,110,0.06541254371404648,12.364065313217859
08,400,653,110,0.06625587493181229,14.449059415161111
08,401,653,110,0.06592452526092529,16.58372136338238
08,402,653,110,0.06483619660139084,18.768051157881665
08,403,653,110,0.06308045983314514,21.097286893897063
08,404,653,110,0.059306588023900986,23.476190476190474
08,405,653,158,0.060759756714105606,22.140808344198177
08,406,653,159,0.05911676585674286,20.666666666666668
08,407,653,159,0.05680404603481293,18.244241634072143
08,408,653,159,0.05532332882285118,15.917054696715711
08,409,653,159,0.05649147555232048,13.591916558018251
08,410,653,159,0.0581185482442379,11.310299869621902
08,411,653,159,0.05611489340662956,9.184329794499284
08,412,653,159,0.05529400333762169,7.2985037561308745
08,413,653,161,0.05370885878801346,7.585273483578568
08,414,653,161,0.05268106237053871,7.686657974793566
08,415,653,161,0.05340014770627022,7.879182963928726
08,416,653,161,0.04613734409213066,10.311851989818091
08,417,653,162,0.04526296257972717,12.409138883715157
08,418,653,162,0.0470639243721962,14.806481653939278
08,419,653,163,0.053901296108961105,17.077854349040795
08,420,653,164,0.05102919414639473,19.66412118954492
08,421,653,165,0.04560323432087898,22.54019991308127
08,422,653,165,0.04570288211107254,24.660023592226985
08,423,653,115,0.04574974626302719,24.48339231390079
08,424,653,115,0.04398135840892792,22.22480908921587
08,425,653,117,0.04530385881662369,19.820823244552063
08,426,653,117,0.042871974408626556,17.48339231390079
08,427,653,117,0.04264167696237564,17.419382877009998
08,428,653,117,0.04275492578744888,17.444465139380398
08,429,653,117,0.03969996050000191,17.75321288880611
08,430,653,117,0.04210907965898514,18.113677283168812
08,431,653,117,0.039227087050676346,18.478239274849443
08,432,653,117,0.04312586411833763,16.571428571428573
08,433,653,120,0.04615320265293121,12.725026386043336
08,434,653,120,0.04483524337410927,15.215558452846588
08,435,653,120,0.044747184962034225,17.834606071894207
08,436,653,120,0.057466741651296616,20.457751288259765
08,437,653,172,0.04961545392870903,29.213509654187625
08,438,653,172,0.04815840348601341,26.65691935183461
08,439,653,175,0.04423799365758896,26.047619047619047
08,440,653,175,0.04692907631397247,23.19252498913516
08,441,653,174,0.041181132197380066,19.660520270689766
08,442,653,126,0.03841623291373253,32.872477804681196
08,443,653,126,0.03907641023397446,35.168436083690324
08,444,653,176,0.040851812809705734,15.161296330787856
08,445,653,176,0.04211797937750816,14.852548581362141
08,446,653,176,0.04164750501513481,14.734277022412611
08,447,653,176,0.041681621223688126,14.748618613025391
08,448,653,178,0.04288719221949577,17.566834295647855
08,449,653,178,0.04123380035161972,19.599615074191348
08,450,653,178,0.04381328821182251,21.647234121810396
08,451,653,178,0.04555237293243408,23.696901968088408
08,452,653,178,0.04267693683505058,25.835661513627613
08,453,653,178,0.04350971430540085,25.80648165393928
08,454,653,131,0.0430879108607769,23.688706773452537
08,455,653,131,0.04407184571027756,21.556590302353015
08,456,653,131,0.04413880780339241,19.62519401502452
08,457,653,131,0.044699981808662415,17.763953560563728
08,458,653,131,0.046835727989673615,16.095238095238095
08,459,653,134,0.04991953447461128,12.488483268144288
08,460,653,134,0.048609811812639236,10.470044080213572
08,461,653,135,0.045456185936927795,8.300552554789844
08,462,653,135,0.048622556030750275,6.2985037561308745
08,463,653,136,0.04890446364879608,4.11671943875334
08,464,653,136,0.04939848184585571,2.1310610293661134
08,465,653,136,0.04782863333821297,2.569876451232384
08,466,653,139,0.04510457068681717,2.175079158130007
08,467,653,139,0.04212873801589012,2.0798410628919117
08,468,653,142,0.042515020817518234,2.350220401067862
08,469,653,145,0.04324373975396156,4.0
08,470,653,145,0.043010611087083817,3.5258583224684905
08,471,653,145,0.04231983423233032,3.053765443595951
08,472,653,145,0.04320499673485756,2.6789594586204735
08,473,653,145,0.043928440660238266,2.2380952380952355
08,474,653,145,0.04482308775186539,1.9564785496988861
08,475,653,145,0.04412529990077019,1.8115726081827737
08,476,653,145,0.04363739490509033,1.7660023592226957
08,477,653,145,0.04362713173031807,1.9626249456757894
08,478,653,145,0.04375435411930084,2.2585832246849176
08,479,653,145,0.04318501055240631,2.5361023157633307
08,480,653,145,0.04237106442451477,2.7660023592226985
08,481,653,146,0.04512690380215645,2.238095238095238
08,482,653,146,0.04475225508213043,2.5714285714285716
08,483,653,152,0.04469291493296623,3.0
08,484,653,152,0.04545576497912407,2.621096417706586
08,485,653,152,0.04301316663622856,2.2442416340721416
08,486,653,152,0.043907251209020615,4.202768982429997
08,487,653,152,0.04749663919210434,6.21096417706587
08,488,653,152,0.045990534126758575,8.22120817036071
08,489,653,152,0.04670014977455139,10.322592661575712
08,490,653,152,0.04550711810588837,12.701496243869125
08,491,653,153,0.04467162489891052,15.069659154404917
08,492,653,154,0.0449414998292923,17.65133171912833
08,493,653,154,0.046353086829185486,19.820823244552056
08,494,653,154,0.04566992074251175,22.11063512758428
08,495,653,155,0.04615147039294243,24.48134351524182
08,496,653,107,0.04497300460934639,26.969826783386104
08,497,653,107,0.0443565659224987,27.30111131806047
08,498,653,108,0.043473020195961,27.634444651393807
08,499,653,108,0.04557579383254051,27.969826783386104
08,500,653,106,0.04614732041954994,28.297013720742534
08,501,653,106,0.04624795541167259,28.578630409138885
08,502,653,106,0.04469120502471924,28.909914943813252
08,503,653,108,0.04648363217711449,29.100391134289442
08,504,653,108,0.04555363580584526,29.2929161234246
08,505,653,108,0.04618405923247337,29.53510895883777
08,506,653,56,0.04551462084054947,27.30316011671944
08,507,653,56,0.04625295102596283,24.922207735767056
08,508,653,56,0.04656340926885605,22.541255354814677
08,509,653,56,0.045897673815488815,20.11268392624325
08,510,653,56,0.04383598640561104,17.68411249767182
08,511,653,56,0.04424627497792244,15.350779164338487
08,512,653,55,0.04492855817079544,13.015397032346186
08,513,653,56,0.044692330062389374,10.586825603774756
08,514,653,55,0.043479423969984055,8.017445831005153
08,515,653,55,0.045713141560554504,5.446017259576582
08,516,653,55,0.047660358250141144,2.8745886881480103
08,517,653,55,0.04524753615260124,2.779350592909915
08,518,653,55,0.046990059316158295,2.68411249767182
08,519,653,55,0.048112545162439346,2.5888744024337247
08,520,653,55,0.04657468572258949,2.4936363071956293
08,521,653,55,0.04748835414648056,2.398398211957534
08,522,653,55,0.04917376860976219,2.3487303656795184
08,523,653,56,0.04811127856373787,2.3487303656795184
08,524,653,56,0.048423297703266144,2.3031601167194387
08,525,653,56,0.047483913600444794,2.3507791643384865
08,526,653,56,0.047412220388650894,2.398398211957534
08,527,653,56,0.04794146493077278,2.446017259576582
08,528,653,56,0.0480218231678009,2.4936363071956293
08,529,653,56,0.047448981553316116,2.541255354814677
08,530,653,56,0.047486256808042526,2.5888744024337247
08,531,653,56,0.04645335674285889,2.636493450052772
08,532,653,56,0.04609468951821327,2.68411249767182
08,533,653,56,0.04611431434750557,2.7317315452908675
08,534,653,56,0.046016812324523926,2.7317315452908675
08,535,653,56,0.04471465200185776,2.7317315452908675
08,536,653,56,0.04601777717471123,2.7317315452908675
08,537,653,56,0.0447896383702755,2.7317315452908675
08,538,653,56,0.04531242698431015,2.7317315452908675
08,539,653,56,0.04530369117856026,2.7317315452908675
08,540,653,56,0.044682133942842484,2.7317315452908675
08,541,653,56,0.044366613030433655,2.7317315452908675
08,542,653,56,0.045515235513448715,2.7317315452908675
08,543,653,56,0.04432002454996109,2.7317315452908675
08,544,653,56,0.044653840363025665,2.7317315452908675
08,545,653,56,0.04596852883696556,2.7317315452908675
08,546,653,56,0.044276006519794464,2.7317315452908675
08,547,653,56,0.0451032891869545,2.7317315452908675
08,548,653,56,0.04408976808190346,2.7317315452908675
08,549,653,56,0.04516887292265892,2.7317315452908675
08,550,653,56,0.04466051980853081,2.7317315452908675
08,551,653,56,0.0444302000105381,2.7317315452908675
08,552,653,56,0.04443598911166191,2.7317315452908675
08,553,653,56,0.044467225670814514,2.7317315452908675
08,554,653,56,0.04461151361465454,2.7317315452908675
08,555,653,56,0.04397080838680267,2.7317315452908675
08,556,653,56,0.04687732458114624,2.7317315452908675
08,557,653,56,0.0478336401283741,2.7317315452908675
08,558,653,56,0.04651022329926491,2.7317315452908675
08,559,653,56,0.04833318665623665,2.7317315452908675
08,560,653,56,0.047483768314123154,4.711243558701185
08,561,653,56,0.04481644555926323,6.74042341838952
08,562,653,56,0.0444355234503746,8.81927112435587
08,563,653,56,0.044946540147066116,10.947786676600236
08,564,653,56,0.044142261147499084,13.125970075122618
08,565,653,56,0.04529315233230591,15.449059415161113
08,566,653,56,0.046253759413957596,17.821816601477614
08,567,653,56,0.045440372079610825,22.625194015024526
08,568,653,56,0.0481475330889225,27.478239274849443
08,569,653,56,0.04817153885960579,32.42857142857143
08,570,653,108,0.048885997384786606,32.88272179797603
08,571,653,108,0.04831394925713539,32.68200161420501
08,572,653,108,0.05140531808137894,32.669708822251195
08,573,653,108,0.050003983080387115,32.854038616750486
08,574,653,108,0.046868301928043365,33.19351834606071
08,575,653,110,0.04294535145163536,32.90780406034643
08,576,653,110,0.043139342218637466,33.015334947538335
08,577,653,160,0.04511003941297531,30.842801266530085
08,578,653,160,0.046216581016778946,25.89706338858882
08,579,653,161,0.04399785399436951,21.42242503259453
08,580,653,161,0.04350199177861214,16.505867014341593
08,581,653,161,0.043126173317432404,14.383994536536907
08,582,653,162,0.042611077427864075,11.95697522816167
08,583,653,163,0.05041060224175453,9.718383311603654
08,584,653,164,0.056481607258319855,7.809523809523809
08,585,653,164,0.05151229351758957,5.119823679145714
08,586,653,164,0.051032956689596176,2.898118830322222
08,587,653,165,0.055433761328458786,0.6682187868628565
08,588,653,165,0.05459859222173691,0.6472341218103944
08,589,653,166,0.051468029618263245,0.672316384180793
08,590,653,167,0.053868141025304794,1.1075308871919045
08,591,653,167,0.05589911341667175,0.8192711243558696
08,592,653,167,0.058118585497140884,0.8105792512572169
08,593,653,168,0.058070313185453415,0.9431924008195199
08,594,653,167,0.052535250782966614,1.1213757993418985
08,595,653,167,0.05616024509072304,1.3205438629167443
08,596,653,167,0.04577093571424484,1.7142857142857142
08,597,653,168,0.0463288277387619,1.2565344260259534
08,598,653,170,0.045638035982847214,0.8730365679518232
08,599,653,171,0.04985460266470909,1.104985410070158
08,600,653,170,0.048975810408592224,0.9001676289811885
08,601,653,170,0.050295136868953705,0.9539330725771422
08,602,653,171,0.053852494806051254,0.7593592847830153
08,603,653,171,0.048703134059906006,0.8110759297199993
08,604,653,174,0.04598946496844292,1.9523809523809523
08,605,653,174,0.04691553860902786,1.5857701620413476
08,606,653,174,0.046056922525167465,1.322592661575711
08,607,653,174,0.04565075784921646,1.1423604643943603
08,608,653,174,0.046151526272296906,0.9928602470975344
08,609,653,174,0.045655060559511185,0.9636803874091995
08,610,653,174,0.0454527772963047,1.0527720866703913
08,611,653,175,0.044028352946043015,0.9452411994784868
08,612,653,176,0.0439508818089962,1.015893710808966
08,613,653,176,0.043870847672224045,0.928850810206741
08,614,653,176,0.043172113597393036,1.0906438194573762
08,615,653,176,0.04074515402317047,1.262680822002854
08,616,653,176,0.04221591353416443,1.5340535171043637
08,617,653,176,0.04121384769678116,1.9047619047619047
08,618,653,178,0.047594401985406876,0.8986155087850014
08,619,653,178,0.0471331886947155,1.2299000434593652
08,620,653,178,0.0445605032145977,1.6605202706897633
08,621,653,181,0.047954730689525604,1.1622896877134177
08,622,653,181,0.04242490231990814,1.4065313217855593
08,623,653,181,0.04850733280181885,1.8269075557211176
08,624,653,183,0.04376848787069321,2.2928540386167513
08,625,653,183,0.04414518550038338,2.427515986838021
08,626,653,183,0.045630309730768204,2.723474265847147
08,627,653,183,0.047052882611751556,3.168436083690321
08,628,653,186,0.04668194428086281,2.941081517352705
08,629,653,186,0.048823144286870956,2.9390327186937357
08,630,653,186,0.04697662591934204,3.0486124045446097
08,631,653,188,0.046029604971408844,2.839697026137707
08,632,653,195,0.04542003944516182,5.238095238095238
08,633,653,195,0.043785467743873596,4.621096417706586
08,634,653,195,0.04200553521513939,4.053765443595951
08,635,653,195,0.04297565296292305,3.6313404110014256
09,25,334,8,0.0275241881608963,2.3809523809523805
09,26,334,10,0.02884421870112419,1.039423852983174
09,27,334,11,0.028193974867463112,0.7578071645868247
09,28,334,11,0.026242127642035484,0.927795368473333
09,29,334,13,0.02785218507051468,0.906810703420873
09,30,334,13,0.027804333716630936,0.6338858881231764
09,31,334,13,0.029218684881925583,0.6174954988514306
09,32,334,14,0.03285347297787666,0.6651145464704775
09,33,334,15,0.03433611989021301,0.8366548705531756
09,34,334,15,0.0331164114177227,0.5842180418451599
09,35,334,15,0.036159925162792206,0.6461786800769864
09,36,334,16,0.034525658935308456,0.5094679331967469
09,37,334,17,0.03270363435149193,0.5924132364810328
09,38,334,18,0.032339271157979965,0.8223132799403979
09,39,334,18,0.033890239894390106,0.50741913453778
09,40,334,18,0.03173230215907097,0.5361023157633352
09,41,334,18,0.029164431616663933,2.504873657416031
09,42,334,20,0.026885980740189552,4.180232197181348
09,43,334,20,0.024753279983997345,5.695349847892221
09,44,334,20,0.023739317432045937,7.4403675420624555
09,45,334,20,0.02435005083680153,7.700999565406345
09,46,334,23,0.024426225572824478,8.809523809523808
09,47,334,23,0.024630319327116013,8.525858322468492
09,48,334,23,0.02466575987637043,8.372260507853731
09,49,334,23,0.024805545806884766,8.345129446824362
09,50,334,23,0.025212682783603668,8.322095983112932
09,51,334,188,0.024512585252523422,28.01229279195381
09,52,334,188,0.024115409702062607,28.196622586453095
09,53,334,188,0.024588052183389664,28.335382131992304
09,54,334,188,0.025711407884955406,28.523809523809526
09,55,334,23,0.026680657640099525,8.09219593965357
09,56,334,23,0.026395374909043312,7.845905506922458
09,57,334,23,0.026755845174193382,7.498230582976344
09,58,334,23,0.025117624551057816,7.233500962314523
09,59,334,23,0.02723720856010914,7.020487986589684
09,60,334,25,0.025302622467279434,7.229403364996587
09,61,334,25,0.024154191836714745,6.850996461165956
09,62,334,25,0.02561524510383606,5.323089340038494
09,63,334,25,0.026338353753089905,3.993853604023098
09,64,334,25,0.02915547788143158,2.892469112808097
09,65,334,27,0.02929786406457424,0.7639535605637315
09,66,334,27,0.031105803325772285,0.7700999565406361
09,67,334,27,0.03272361680865288,0.925249891351587
09,68,334,27,0.03242725878953934,1.4285714285714286
09,69,334,28,0.03100455179810524,1.1469547401750793
09,70,334,30,0.03241649642586708,1.0004966784627791
09,71,334,32,0.03167403116822243,1.8428012665300801
09,72,334,32,0.0316452793776989,1.4516048922828582
09,73,334,32,0.036212142556905746,1.159744210591669
09,74,334,32,0.03602366894483566,0.9754144160923833
09,75,334,32,0.03622439131140709,0.9047619047619068
09,76,334,32,0.03681882098317146,1.03737505432421
09,77,334,32,0.03809546306729317,1.4101322406407166
09,78,334,36,0.03469191864132881,2.0
09,79,334,36,0.032113153487443924,1.4470106165021426
09,80,334,36,0.0306863896548748,1.040975973179363
09,81,334,36,0.029636241495609283,0.8627925746569834
09,82,334,36,0.027977973222732544,0.8008319364251596
09,83,334,36,0.02862621285021305,0.8504997827031741
09,84,334,36,0.028138861060142517,1.0450735704973009
09,85,334,37,0.028374645859003067,0.9518842739181727
09,86,334,37,0.02848893404006958,1.1587508536661089
09,87,334,39,0.02863653190433979,1.4403675420624569
09,88,334,40,0.02997344173491001,1.9124604209349978
09,89,334,40,0.029462125152349472,1.8233687216738073
09,90,334,40,0.02834939956665039,1.829515117650712
09,91,334,40,0.02871491014957428,1.8500031042403944
09,92,334,40,0.027915600687265396,2.017445831005153
09,93,334,40,0.028459040448069572,2.255541069100391
09,94,334,40,0.029198503121733665,2.4936363071956293
09,95,334,40,0.028199469670653343,2.7317315452908675
09,96,334,40,0.028999464586377144,2.9222077357670577
09,97,334,40,0.028952328488230705,3.1126839262432484
09,98,334,39,0.028621762990951538,3.160302973862296
09,99,334,39,0.028359124436974525,3.1126839262432484
09,100,334,39,0.02790968492627144,3.1106351275842803
09,101,334,40,0.028022021055221558,3.1106351275842803
09,102,334,39,0.030012454837560654,3.065064878624201
09,103,334,39,0.02802850678563118,3.017445831005153
09,104,334,39,0.027773460373282433,2.9698267833861056
09,105,334,39,0.027876514941453934,2.9222077357670577
09,106,334,39,0.027507025748491287,2.8745886881480103
09,107,334,39,0.02788759209215641,2.826969640528963
09,108,334,39,0.027702735736966133,2.779350592909915
09,109,334,39,0.027913399040699005,2.779350592909915
09,110,334,39,0.02862764522433281,2.779350592909915
09,111,334,39,0.028530612587928772,2.779350592909915
09,112,334,39,0.028255727142095566,2.7317315452908675
09,113,334,39,0.02878720685839653,2.7317315452908675
09,114,334,39,0.028312625363469124,2.7317315452908675
09,115,334,39,0.02786477468907833,2.7317315452908675
09,116,334,39,0.027854938060045242,2.7317315452908675
09,117,334,39,0.02910327911376953,2.5888744024337247
09,118,334,39,0.02825101837515831,2.446017259576582
09,119,334,39,0.028357356786727905,2.3031601167194387
09,120,334,39,0.02743825875222683,2.160302973862296
09,121,334,39,0.02860494889318943,2.017445831005153
09,122,334,39,0.028564022853970528,1.8438567082634882
09,123,334,39,0.028240671381354332,1.769603278077855
09,124,334,39,0.028755102306604385,1.7946855404482522
09,125,334,39,0.029346885159611702,1.9191034953746824
09,126,334,39,0.030250778421759605,2.142857142857143
09,127,334,42,0.030331550166010857,1.1669460483019818
09,128,334,42,0.03228233754634857,1.0179425094679342
09,129,334,42,0.030171023681759834,2.9001676289811886
09,130,334,42,0.029010655358433723,4.931396287328492
09,131,334,42,0.03198809176683426,7.111628484509841
09,132,334,45,0.03267046436667442,9.025578940833178
09,133,334,45,0.03136799857020378,10.646675358539765
09,134,334,45,0.03941334784030914,12.416775315080399
09,135,334,45,0.03931097313761711,14.335878810455082
09,136,334,45,0.045007433742284775,16.40398584466381
09,137,334,45,0.046777237206697464,18.621096417706585
09,138,334,45,0.05066564306616783,20.857142857142858
09,139,334,90,0.053857769817113876,21.666666666666668
09,140,334,90,0.05767887830734253,19.240144036754206
09,141,334,90,0.057909537106752396,16.863289253119763
09,142,334,90,0.053442731499671936,14.569379772769604
09,143,334,90,0.05995622277259827,12.517663127832618
09,144,334,90,0.06158149614930153,10.565282175451665
09,145,334,90,0.05819108709692955,8.712236915626745
09,146,334,90,0.060515787452459335,6.958527348357856
09,147,334,90,0.05616546422243118,5.304153473645
09,148,334,90,0.05689040571451187,3.823865400136587
09,149,334,94,0.056046899408102036,1.721984230458806
09,150,334,94,0.055397529155015945,1.3906996957844409
09,151,334,94,0.05371050909161568,1.1423604643943617
09,152,334,94,0.05085444077849388,0.9933569255603142
09,153,334,94,0.051932889968156815,0.9436890792822984
09,154,334,94,0.051384445279836655,0.9933569255603142
09,155,334,94,0.052094753831624985,1.1423604643943617
09,156,334,94,0.0514548197388649,1.3906996957844409
09,157,334,94,0.05104270577430725,1.7491152914881727
09,158,334,98,0.05157409608364105,1.8919724343453157
09,159,334,98,0.04902125149965286,1.5335568386415839
09,160,334,98,0.0501679964363575,1.2995591978642822
09,161,334,98,0.049861326813697815,1.1152294033649963
09,162,334,98,0.05190296471118927,1.0179425094679329
09,163,334,98,0.04947805032134056,0.9247532128888059
09,164,334,98,0.051461268216371536,0.9872105295834123
09,165,334,98,0.051138490438461304,1.2191593717017457
09,166,334,98,0.05057897791266441,1.5837213633823808
09,167,334,101,0.04932153597474098,1.2995591978642835
09,168,334,101,0.049156077206134796,0.9887626497795994
09,169,334,101,0.0479925200343132,0.7737008753957915
09,170,334,101,0.04911305010318756,0.7491152914881728
09,171,334,101,0.04616149887442589,0.9088595020798412
09,172,334,101,0.04706810787320137,1.2857142857142858
09,173,334,103,0.046743012964725494,0.544297510399206
09,174,334,104,0.05046846717596054,0.8361581920903964
09,175,334,104,0.05169159546494484,0.5796237660644457
09,176,334,104,0.052700962871313095,0.7019929223319062
09,177,334,104,0.053664255887269974,1.084994101943254
09,178,334,106,0.04850979894399643,0.6461786800769844
09,179,334,106,0.04738739877939224,0.5365989942261129
09,180,334,106,0.045373354107141495,0.7291239833612716
09,181,334,107,0.04605773091316223,0.5427453902030176
09,182,334,108,0.04574030637741089,0.6047060284348414
09,183,334,108,0.044182270765304565,0.5755261687465065
09,184,334,108,0.0435534305870533,0.906810703420873
09,185,334,110,0.04236239567399025,0.7726454336623828
09,186,334,111,0.046105604618787766,1.1285155522443653
09,187,334,111,0.04516409710049629,0.7414167753150797
09,188,334,111,0.04335124418139458,0.5775749674054748
09,189,334,112,0.04227552190423012,0.7619047619047619
09,190,334,112,0.04345018044114113,0.6415844042962695
09,191,334,112,0.05141458287835121,0.7363258210715836
09,192,334,112,0.05942872166633606,1.0199913081269012
09,193,334,115,0.04757850617170334,1.8095238095238095
09,194,334,115,0.044831328094005585,1.4470106165021426
09,195,334,115,0.05036257579922676,1.2166138945799962
09,196,334,115,0.05747292935848236,1.046625690693488
09,197,334,115,0.053375352174043655,0.941143602160553
09,198,334,115,0.053212907165288925,0.9805674551437278
09,199,334,116,0.04900946840643883,0.9390948035015835
09,200,334,116,0.05139114335179329,0.9431924008195199
09,201,334,116,0.046266186982393265,1.1029366114111885
09,202,334,116,0.045612089335918427,1.3620165145588885
09,203,334,116,0.0430121086537838,1.7660023592226983
09,204,334,117,0.04300003871321678,1.2503880300490475
09,205,334,117,0.04628099501132965,1.619047619047619
09,206,334,120,0.04160064086318016,1.0189358663934938
09,207,334,120,0.04284137859940529,0.8223132799403986
09,208,334,120,0.04457154870033264,0.8243620785993655
09,209,334,120,0.0436212420463562,1.0522133233997626
09,210,334,120,0.041095126420259476,1.3563667970447622
09,211,334,123,0.046679142862558365,1.2278512448003975
09,212,334,123,0.04843679443001747,0.9073073818836521
09,213,334,123,0.05204648897051811,0.9385360402309553
09,214,334,123,0.050180137157440186,1.1807288756441299
09,215,334,125,0.047364942729473114,0.9364872415719877
09,216,334,126,0.04382012411952019,1.0460669274228598
09,217,334,126,0.04545055702328682,0.8038740920096866
09,218,334,126,0.04464275389909744,0.8141180853045278
09,219,334,127,0.0446719229221344,0.7931334202520665
09,220,334,127,0.044832147657871246,0.819767802818652
09,221,334,127,0.04480638727545738,1.0409759731793646
09,222,334,129,0.04541197046637535,1.0952380952380967
09,223,334,131,0.045347508043050766,2.4285714285714284
09,224,334,131,0.04482906311750412,2.0496678462780147
09,225,334,131,0.04468169063329697,1.5775749674054746
09,226,334,131,0.04503990709781647,1.2790712112745986
09,227,334,131,0.045184426009655,1.1152294033649937
09,228,334,131,0.04590122774243355,1.0363816973986442
09,229,334,131,0.0472755953669548,1.115229403364995
09,230,334,131,0.045744046568870544,1.2790712112745999
09,231,334,131,0.049424849450588226,1.508971254733965
09,232,334,131,0.04736550897359848,1.7885391444713474
09,233,334,131,0.050677601248025894,2.06810703420873
09,234,334,132,0.04863356426358223,1.5565903023530148
09,235,334,135,0.04891077056527138,1.388650897125474
09,236,334,135,0.05053096264600754,1.0573663624511076
09,237,334,135,0.048960547894239426,0.8341093934314282
09,238,334,136,0.0496915765106678,0.9646737443347617
09,239,334,136,0.048966165632009506,0.7578071645868254
09,240,334,136,0.04966625198721886,0.7455143726330161
09,241,334,136,0.05445276200771332,0.8822251195132557
09,242,334,136,0.050508052110672,1.1469547401750793
09,243,334,136,0.05043698474764824,1.544297510399206
09,244,334,139,0.05090077221393585,1.1362140684174598
09,245,334,139,0.051196176558732986,1.0261377041038058
09,246,334,139,0.052644141018390656,1.0758055503818231
09,247,334,141,0.052457116544246674,2.0
09,248,334,141,0.05346010997891426,1.792636741789284
09,249,334,141,0.05322149023413658,1.711740237163965
09,250,334,141,0.05212746188044548,1.7301794250946776
09,251,334,141,0.05227794870734215,1.8397591109455491
09,252,334,141,0.05168089643120766,1.9990066430744378
09,253,334,141,0.051442701369524,2.207922021481341
09,254,334,141,0.051422614604234695,2.4460172595765792
09,255,334,141,0.05166434124112129,2.541255354814674
09,256,334,141,0.05229735001921654,2.6364934500527695
09,257,334,141,0.05122946575284004,2.731731545290865
09,258,334,141,0.050955113023519516,2.731731545290865
09,259,334,141,0.04930337890982628,2.731731545290865
09,260,334,141,0.049207113683223724,2.731731545290865
09,261,334,141,0.04914265125989914,2.731731545290865
09,262,334,141,0.05060279369354248,2.731731545290865
09,263,334,141,0.0507209338247776,2.731731545290865
09,264,334,141,0.04986419156193733,2.731731545290865
09,265,334,141,0.05063144862651825,2.731731545290865
09,266,334,141,0.05110009014606476,2.731731545290865
09,267,334,141,0.05076111853122711,2.731731545290865
09,268,334,141,0.05057042837142944,2.731731545290865
09,269,334,141,0.050466809421777725,2.731731545290865
09,270,334,141,0.0493643544614315,2.731731545290865
09,271,334,141,0.04848866909742355,2.731731545290865
09,272,334,141,0.049292612820863724,2.731731545290865
09,273,334,141,0.0486980676651001,2.731731545290865
09,274,334,141,0.05008040741086006,2.731731545290865
09,275,334,141,0.0489322729408741,2.731731545290865
09,276,334,141,0.04912705346941948,2.731731545290865
09,277,334,141,0.049235858023166656,2.731731545290865
09,278,334,141,0.05021025985479355,2.731731545290865
09,279,334,141,0.04978017508983612,2.731731545290865
09,280,334,141,0.05014791712164879,2.731731545290865
09,281,334,141,0.05004025623202324,2.731731545290865
09,282,334,141,0.050663381814956665,2.731731545290865
09,283,334,141,0.050356425344944,2.588874402433722
09,284,334,141,0.05022956803441048,2.684112497671817
09,285,334,141,0.05024000629782677,2.7793505929099123
09,286,334,141,0.05137712508440018,3.065064878624198
09,287,334,141,0.048793017864227295,3.350779164338484
09,288,334,141,0.04954299330711365,3.673868504376977
09,289,334,141,0.05066447705030441,5.179238840255786
09,290,334,141,0.05008755251765251,6.781896070031662
09,291,334,141,0.05070081353187561,8.43422114608555
09,292,334,141,0.051877833902835846,10.136214068417457
09,293,334,144,0.05174810066819191,11.0
09,294,334,139,0.06264206022024155,14.687154653256346
09,295,334,139,0.05994035676121712,16.631340411001425
09,296,334,135,0.06725836545228958,21.482336872167377
09,297,334,135,0.062328092753887177,23.52585832246849
09,298,334,135,0.06375353783369064,25.61904761904762
09,299,334,182,0.05990373343229294,19.399888247345878
09,300,334,183,0.055240973830223083,18.037375054324208
09,301,334,183,0.05264756828546524,15.96926802011548
09,302,334,183,0.049879416823387146,14.095734773700878
09,303,334,183,0.04557910934090614,12.371205066120323
09,304,334,183,0.046425577253103256,10.938536040230955
09,305,334,186,0.04776543751358986,9.857142857142858
09,306,334,186,0.05151638761162758,7.585770162041348
09,307,334,186,0.050951335579156876,5.281120009933569
09,308,334,186,0.04888447746634483,3.158750853666106
09,309,334,186,0.05643504485487938,1.1853852362326944
09,310,334,188,0.05152632296085358,1.7532128888061091
09,311,334,188,0.04480888321995735,1.6723163841807902
09,312,334,188,0.04208661988377571,1.6907555721115028
09,313,334,188,0.04310571029782295,1.8085304525982473
09,314,334,188,0.04247920960187912,2.0174458310051504
09,315,334,188,0.04208516329526901,2.2555410691003885
09,316,334,188,0.040706515312194824,2.350779164338484
10,25,223,8,0.025020519271492958,2.3507791643384883
10,26,223,8,0.024872075766324997,2.1126839262432506
10,27,223,8,0.022820889949798584,1.9037685478363473
10,28,223,8,0.023736782371997833,1.7445210157074587
10,29,223,8,0.022926989942789078,1.6723163841807922
10,30,223,8,0.023968715220689774,1.768051157881666
10,31,223,8,0.023276248946785927,2.0020487986589677
10,32,223,8,0.022264186292886734,2.285714285714285
10,33,223,10,0.021632058545947075,0.9564785496988881
10,34,223,11,0.019877245649695396,0.7055938411870623
10,35,223,11,0.019823148846626282,0.7183833116036501
10,36,223,13,0.020321059972047806,1.115726081827776
10,37,223,13,0.019733596593141556,0.7183833116036508
10,38,223,13,0.02188773825764656,0.507419134537778
10,39,223,13,0.024219626560807228,0.6026572297758745
10,40,223,14,0.028904767706990242,0.5673309741106356
10,41,223,15,0.031684063374996185,0.7700999565406341
10,42,223,15,0.032793305814266205,0.5089712547339671
10,43,223,16,0.03281821683049202,0.6436332029552371
10,44,223,16,0.03386600688099861,0.502328180294284
10,45,223,16,0.030633483082056046,0.6846091761346016
10,46,223,18,0.028627462685108185,0.9544297510399213
10,47,223,18,0.029760541394352913,0.6272428136834927
10,48,223,18,0.03292783722281456,0.5151176507108746
10,49,223,18,0.029320696368813515,0.6641211895449207
10,50,223,18,0.02539478987455368,1.028683181225556
10,51,223,19,0.02370351366698742,0.730179425094681
10,52,223,20,0.020423654466867447,0.7281306264357121
10,53,223,20,0.018662670627236366,0.8397591109455518
10,54,223,20,0.02007109671831131,1.0819519463587264
10,55,223,23,0.018746105954051018,2.142857142857143
10,56,223,23,0.019404226914048195,1.8796796423915076
10,57,223,23,0.01890556514263153,1.7409200968523013
10,58,223,23,0.018561631441116333,1.66412118954492
10,59,223,23,0.01948464661836624,1.703048364065315
10,60,223,23,0.019853556528687477,1.8745886881480116
10,61,223,23,0.01963835395872593,2.1126839262432497
10,62,223,23,0.01900600455701351,2.3031601167194404
10,63,223,23,0.018518071621656418,2.4460172595765832
10,64,223,23,0.019059207290410995,2.588874402433726
10,65,223,23,0.019111135974526405,2.731731545290869
10,66,223,23,0.020161129534244537,2.731731545290869
10,67,223,23,0.02043725550174713,2.6364934500527735
10,68,223,23,0.020025797188282013,2.541255354814678
10,69,223,23,0.020919591188430786,2.4460172595765832
10,70,223,23,0.02169194631278515,2.350779164338488
10,71,223,23,0.021046476438641548,2.2555410691003925
10,72,223,23,0.02124045230448246,2.160302973862297
10,73,223,23,0.021414538845419884,2.0650648786242023
10,74,223,23,0.024109529331326485,2.01129943502825
10,75,223,23,0.025587765499949455,2.0072018377103134
10,76,223,23,0.026234379038214684,3.814676848575153
10,77,223,25,0.02426009811460972,5.5765816104799155
10,78,223,25,0.02626601792871952,7.292916123424598
10,79,223,25,0.025389792397618294,9.058918482647295
10,80,223,25,0.024952508509159088,11.330291177748805
10,81,223,25,0.03222772106528282,13.788042466008571
10,82,223,25,0.028931617736816406,16.343080648165397
10,83,223,25,0.027684222906827927,18.947786676600238
10,84,223,25,0.030703915283083916,23.52741044266468
10,85,223,25,0.034043971449136734,28.107034208729125
10,86,223,188,0.034176673740148544,45.0199913081269
10,87,223,188,0.03574179485440254,46.075805550381816
10,88,223,188,0.032568421214818954,47.036381697398646
10,89,223,188,0.03665970265865326,47.996957844415476
10,90,223,82,0.03630170226097107,49.50636369280437
10,91,223,84,0.034447185695171356,49.27236605202707
10,92,223,85,0.0339190773665905,49.032222015272865
10,93,223,85,0.03685655817389488,48.702986279257466
10,94,223,135,0.03827868774533272,30.07170795306389
10,95,223,135,0.03586830571293831,25.426025951449684
10,96,223,135,0.039766471832990646,20.83001179611349
10,97,223,135,0.03898452967405319,18.082945303284287
10,98,223,135,0.03409873694181442,15.435214503011112
10,99,223,135,0.03652846813201904,12.849444340969761
10,100,223,135,0.03625103458762169,10.358912274166512
10,101,223,136,0.03473309800028801,7.8202644812814315
10,102,223,138,0.03547108173370361,5.490532066803255
10,103,223,138,0.03509233519434929,3.27087601663873
10,104,223,141,0.03393064811825752,2.5238095238095237
10,105,223,141,0.03465602919459343,2.2877630843732524
10,106,223,141,0.03412356227636337,2.1013844912149984
10,107,223,141,0.034299492835998535,1.964673744334759
10,108,223,141,0.034770529717206955,1.889923635686346
10,109,223,141,0.03425624594092369,1.9145092195939621
10,110,223,141,0.03481888025999069,2.026137704103803
10,111,223,141,0.03301199525594711,2.207922021481341
10,112,223,141,0.034109581261873245,2.4460172595765792
10,113,223,141,0.034926801919937134,2.588874402433722
10,114,223,141,0.0344633124768734,2.731731545290865
10,115,223,141,0.03404015675187111,2.731731545290865
10,116,223,141,0.03269477188587189,2.731731545290865
10,117,223,141,0.033846233040094376,2.731731545290865
10,118,223,141,0.03386342152953148,2.731731545290865
10,119,223,141,0.0337282232940197,2.684112497671817
10,120,223,141,0.03388215973973274,2.4731483206059446
10,121,223,141,0.034876346588134766,2.5023281802942794
10,122,223,141,0.031665876507759094,2.581175886260629
10,123,223,141,0.03347349539399147,2.7096914385049953
10,124,223,141,0.033181071281433105,2.8878748370273764
10,125,223,141,0.0321974977850914,3.1633451294468222
10,126,223,141,0.03153692185878754,3.488483268144283
10,127,223,141,0.032779186964035034,3.8632892531197607
10,128,223,141,0.03222782537341118,4.380952380952381
10,129,223,142,0.03267703950405121,3.997951201341033
10,130,223,147,0.03320574015378952,4.574470727013103
10,131,223,151,0.03213886544108391,8.380952380952381
10,132,223,151,0.031039144843816757,7.88632271683119
10,133,223,151,0.030674239620566368,7.491028745266032
10,134,223,151,0.03248334676027298,9.308747749425715
10,135,223,152,0.0338812880218029,11.559135779474762
10,136,223,152,0.033402539789676666,13.337430930651268
10,137,223,152,0.037201832979917526,15.25653442602595
10,138,223,153,0.03509730473160744,17.32259266157571
10,139,223,153,0.03540327772498131,19.249891351586268
10,140,223,106,0.035277433693408966,28.200223505308248
10,141,223,106,0.03520474210381508,26.368162910535798
10,142,223,160,0.03412418067455292,29.571428571428573
10,143,223,160,0.03676481544971466,31.43062022723039
10,144,223,109,0.032425716519355774,21.31594958713603
10,145,223,109,0.030732225626707077,21.481840193704606
10,146,223,110,0.030249690636992455,21.556590302353015
10,147,223,110,0.03401300683617592,21.68305705593841
10,148,223,110,0.03334074839949608,22.0
10,149,223,110,0.0320550762116909,22.430620227230396
10,150,223,110,0.03161504119634628,23.047619047619047
10,151,223,112,0.03146513178944588,24.354317998385795
10,152,223,112,0.030126625671982765,26.98975600670516
10,153,223,113,0.03139055520296097,26.497175141242938
10,154,223,165,0.03675646334886551,25.476190476190474
10,155,223,165,0.035040661692619324,22.763953560563728
10,156,223,165,0.04024628922343254,20.101384491215
10,157,223,165,0.04137951508164406,17.52995591978643
10,158,223,165,0.040138911455869675,14.989756006705155
10,159,223,165,0.039937637746334076,12.598559632457935
10,160,223,167,0.037905674427747726,10.602160551313094
10,161,223,167,0.03487585112452507,7.919103495374681
10,162,223,167,0.03654691204428673,5.557086980815792
10,163,223,167,0.040202271193265915,3.4285714285714257
10,164,223,167,0.03649308905005455,1.4884832681442828
10,165,223,167,0.03891615942120552,1.7680511578816653
10,166,223,167,0.037358347326517105,2.1904761904761907
10,167,223,168,0.033748459070920944,1.7122369156267474
10,168,223,171,0.03254910558462143,0.9109083007388108
10,169,223,171,0.035976704210042953,0.7101881169677805
10,170,223,172,0.03588946536183357,0.8550940584838903
10,171,223,172,0.038165874779224396,0.7332215806792094
10,172,223,173,0.039363663643598557,0.8325572732352411
10,173,223,174,0.03642178326845169,1.155646613273732
10,174,223,174,0.03408079594373703,0.8658347302415098
10,175,223,174,0.034435536712408066,1.0107406717576195
10,176,223,175,0.03485878184437752,0.9590240268206381
10,177,223,175,0.035041213035583496,1.128515552244364
10,178,223,175,0.03510122001171112,1.619047619047619
10,179,223,176,0.03655390068888664,1.2360464394362711
10,180,223,178,0.036782946437597275,1.0091885515614352
10,181,223,178,0.035185620188713074,0.9282920469361161
10,182,223,178,0.03873363882303238,1.1515490159557982
10,183,223,180,0.03799084201455116,1.1208170360712761
10,184,223,181,0.03821506351232529,1.3133420252064336
10,185,223,183,0.03606283664703369,2.12441795492643
10,186,223,183,0.03604404255747795,1.8991121872477785
10,187,223,183,0.04098996892571449,1.8786242006580989
10,188,223,183,0.04183657839894295,2.015334947538336
10,189,223,183,0.043560851365327835,2.3174396225243674
10,190,223,183,0.0367521271109581,2.8243620785993655
10,191,223,183,0.03324546292424202,3.505370335878811
10,192,223,186,0.03624941036105156,2.4874278264108782
10,193,223,186,0.033884141594171524,2.646675358539767
10,194,223,188,0.03526776656508446,2.50841249146334
10,195,223,188,0.03589930385351181,2.5289004780530226
10,196,223,195,0.03728346899151802,4.9523809523809526
10,197,223,195,0.03439772129058838,4.430620227230396
10,198,223,195,0.03529111295938492,3.9585273483578556
10,199,223,195,0.03365694731473923,3.5361023157633307
10,200,223,195,0.03179069980978966,3.1633451294468222
10,201,223,195,0.03215885907411575,2.840255789408329
10,202,223,195,0.03277692198753357,2.5668342956478525
10,203,223,195,0.03404856100678444,2.4859377910225335
10,204,223,195,0.034093331545591354,2.4547091326752315
10,205,223,195,0.03372618183493614,2.5683864158440395
11,25,424,8,0.021223686635494232,2.7317315452908693
11,26,424,8,0.02039068564772606,2.7317315452908693
11,27,424,8,0.021088015288114548,2.7317315452908693
11,28,424,8,0.019811812788248062,2.7317315452908693
11,29,424,8,0.01978025957942009,2.7317315452908693
11,30,424,8,0.019085340201854706,2.7317315452908693
11,31,424,8,0.018112339079380035,2.7317315452908693
11,32,424,8,0.018555449321866035,2.7317315452908693
11,33,424,8,0.01871243119239807,2.6364934500527744
11,34,424,8,0.018343841657042503,2.4936363071956316
11,35,424,8,0.01972671039402485,2.3507791643384883
11,36,424,8,0.019346987828612328,2.1126839262432506
11,37,424,8,0.018379351124167442,1.9037685478363473
11,38,424,8,0.018534056842327118,1.7445210157074587
11,39,424,8,0.019593315199017525,1.6723163841807922
11,40,424,8,0.019712774083018303,1.7409200968523006
11,41,424,8,0.01901836134493351,1.95442975103992
11,42,424,8,0.018777290359139442,2.2380952380952372
11,43,424,10,0.019384054467082024,0.9708201403116657
11,44,424,11,0.019470814615488052,0.7532128888061099
11,45,424,11,0.01899811439216137,0.7286273048984911
11,46,424,13,0.019053366035223007,1.1633451294468238
11,47,424,13,0.01977531984448433,0.7660023592226983
11,48,424,13,0.021222755312919617,0.5550381821568257
11,49,424,13,0.02482299506664276,0.6047060284348428
11,50,424,13,0.0290105938911438,0.8904203141491285
11,51,424,15,0.028962723910808563,0.8653380517787294
11,52,424,15,0.02815028838813305,0.6477308002731735
11,53,424,16,0.030339732766151428,0.78649034581238
11,54,424,16,0.03049103356897831,0.636990128515554
11,55,424,16,0.02771325781941414,0.7091947600422189
11,56,424,18,0.028765328228473663,1.3062022723039672
11,57,424,18,0.028566816821694374,0.9954057242192844
11,58,424,18,0.026000216603279114,0.738374619730554
11,59,424,18,0.026869062334299088,0.6472341218103965
11,60,424,18,0.025728581473231316,0.738374619730554
11,61,424,18,0.023869533091783524,1.0409759731793653
11,62,424,19,0.02239408530294895,0.748618613025395
11,63,424,20,0.021402811631560326,0.8044328552803135
11,64,424,20,0.01875455304980278,0.8023840566213453
11,65,424,20,0.01872161030769348,0.9908114484385676
11,66,424,21,0.01917780190706253,0.994909045756504
11,67,424,21,0.018183322623372078,1.0051530390513452
11,68,424,23,0.01781325228512287,1.5919165580182537
11,69,424,23,0.01824052445590496,1.3205438629167456
11,70,424,23,0.018501698970794678,1.1730924442788866
11,71,424,23,0.01926911249756813,1.207922021481345
11,72,424,23,0.019441628828644753,1.3507791643384879
11,73,424,23,0.019139152020215988,1.446017259576583
11,74,424,23,0.019624320790171623,1.4398708635996784
11,75,424,23,0.021116526797413826,1.4833923139007896
11,76,424,23,0.021374866366386414,1.5765816104799166
11,77,424,25,0.023383978754281998,1.5765816104799166
11,78,424,25,0.024246521294116974,1.435773266281742
11,79,424,25,0.023891348391771317,1.249394673123488
11,80,424,25,0.027142873033881187,1.139814987272615
11,81,424,25,0.030355306342244148,1.1961259079903168
11,82,424,25,0.03237638249993324,1.4014403675420632
11,83,424,25,0.03154495358467102,1.7224809089215871
11,84,424,27,0.03207710385322571,0.8008319364251582
11,85,424,27,0.031857721507549286,0.8817284410504759
11,86,424,27,0.030809152871370316,1.2816166883963493
11,87,424,27,0.03331544250249863,1.8095238095238095
11,88,424,29,0.030622059479355812,0.9795120134103177
11,89,424,29,0.03143388777971268,1.1182715589495256
11,90,424,32,0.03411388397216797,1.7352703793381756
11,91,424,32,0.03614521026611328,1.3937418513689708
11,92,424,32,0.03718515858054161,1.1515490159557962
11,93,424,32,0.03262731805443764,0.9882038865089711
11,94,424,32,0.03313909471035004,1.0066430744396864
11,95,424,32,0.031403861939907074,1.3937418513689708
11,96,424,36,0.030421823263168335,2.0952380952380953
11,97,424,36,0.030602002516388893,1.525858322468492
11,98,424,36,0.031804561614990234,1.055814242254922
11,99,424,36,0.030843520537018776,0.8300117961134917
11,100,424,36,0.03164556622505188,0.8694356490966678
11,101,424,36,0.03215194121003151,1.1346619482212712
11,102,424,36,0.03125014156103134,1.5570869808157952
11,103,424,38,0.033341772854328156,0.9651704227975402
11,104,424,38,0.0329238623380661,1.0645061153535718
11,105,424,40,0.029870333150029182,1.072701309989446
11,106,424,40,0.030612001195549965,0.9257465698143681
11,107,424,40,0.028825247660279274,1.0107406717576222
11,108,424,40,0.02988089993596077,1.4039858446638112
11,109,424,40,0.030122075229883194,1.9380393617681761
11,110,424,44,0.030575502663850784,1.8018252933507164
11,111,424,44,0.031173473224043846,1.4935742223877828
11,112,424,44,0.030659519135951996,1.3757993419010373
11,113,424,44,0.030856268480420113,1.3942385298317512
11,114,424,44,0.030362918972969055,1.6569193518346066
11,115,424,46,0.03131356090307236,1.1479480971006388
11,116,424,47,0.030727092176675797,1.2037623393555608
11,117,424,47,0.03081333264708519,1.2534301856335752
11,118,424,50,0.030897364020347595,2.0
11,119,424,50,0.030463792383670807,1.4162786366176205
11,120,424,50,0.03262389823794365,0.9298441671323032
11,121,424,51,0.03519803658127785,1.1904761904761918
11,122,424,51,0.03555469959974289,0.8591916558018268
11,123,424,51,0.033597443252801895,0.7352703793381776
11,124,424,51,0.03482541814446449,0.9467312348668289
11,125,424,52,0.03251595422625542,0.6461786800769858
11,126,424,54,0.030055556446313858,1.0640094368907935
11,127,424,54,0.03007557988166809,0.7014962438691266
11,128,424,54,0.0319613479077816,0.5376544359595217
11,129,424,54,0.031381409615278244,0.6083069472899995
11,130,424,55,0.03132610023021698,0.465449804432858
11,131,424,55,0.03398500755429268,0.5606878996709519
11,132,424,56,0.03466625511646271,0.5069224560749996
11,133,424,56,0.030405191704630852,0.5791270876016645
11,134,424,58,0.031695060431957245,1.254485627366984
11,135,424,58,0.03158637508749962,0.8464021853852363
11,136,424,58,0.03106400929391384,0.6472341218103944
11,137,424,58,0.027441471815109253,0.6262494567579311
11,138,424,58,0.03038691356778145,0.800335257962377
11,139,424,60,0.03164238855242729,1.1612963307878548
11,140,424,60,0.03546551614999771,0.9268020115477749
11,141,424,60,0.04976719990372658,0.8684422921711049
11,142,424,60,0.051769692450761795,0.9636803874092001
11,143,424,60,0.03879868611693382,1.148010181908486
11,144,424,61,0.04262439161539078,1.1562053765443596
11,145,424,62,0.03991932421922684,1.371763829390949
11,146,424,62,0.046585652977228165,1.2017756255044396
11,147,424,62,0.05047549679875374,1.1603029738622967
11,148,424,62,0.0527104027569294,1.1603029738622967
11,149,424,62,0.05221467465162277,1.239150679828646
11,150,424,63,0.04989253357052803,1.1582541752033284
11,151,424,63,0.05299687013030052,1.1500589805674555
11,152,424,63,0.05720758065581322,1.237101881169678
11,153,424,63,0.0546477809548378,1.373812628049916
11,154,424,63,0.05535673722624779,1.56019122120817
11,155,424,63,0.049659233540296555,1.7281306264357115
11,156,424,66,0.0477837473154068,1.4485627366983318
11,157,424,66,0.0480915904045105,1.1792388402557905
11,158,424,66,0.047500934451818466,1.0261377041038064
11,159,424,66,0.046698957681655884,0.9723722605078542
11,160,424,66,0.04860149696469307,1.0179425094679335
11,161,424,66,0.04291517287492752,1.1152294033649957
11,162,424,66,0.04258553683757782,1.2995591978642815
11,163,424,66,0.04061632230877876,1.56068789967095
11,164,424,66,0.04345159977674484,2.159247532128888
11,165,424,70,0.04652092233300209,1.8054262122058744
11,166,424,70,0.04689059406518936,1.6210964177065872
11,167,424,70,0.04504503682255745,1.5632333767926985
11,168,424,70,0.045260172337293625,1.642081082759048
11,169,424,70,0.04362435266375542,1.8325572732352384
11,170,424,70,0.04211512207984924,2.9047619047619033
11,171,424,70,0.04493163153529167,4.026634382566584
11,172,424,70,0.04226769506931305,5.198174706649282
11,173,424,73,0.043138451874256134,5.619047619047619
11,174,424,78,0.042450424283742905,10.714285714285714
11,175,424,78,0.043110501021146774,11.240144036754206
11,176,424,78,0.04502132162451744,12.006146395976904
11,177,424,78,0.04547068104147911,12.821816601477618
11,178,424,78,0.045630015432834625,13.687154653256348
11,179,424,78,0.045565471053123474,14.602160551313094
11,180,424,56,0.041061680763959885,13.446017259576582
11,181,424,56,0.04089679196476936,12.779350592909916
11,182,424,56,0.04100200906395912,12.112683926243248
11,183,424,56,0.04143188148736954,11.446017259576582
11,184,424,22,0.041171181946992874,38.666666666666664
11,185,424,56,0.041501957923173904,9.539206556155708
11,186,424,56,0.04194744676351547,8.441919662258645
11,187,424,56,0.043043818324804306,7.344632768361582
11,188,424,56,0.043619222939014435,6.247345874464519
11,189,424,56,0.042687635868787766,5.435773266281742
11,190,424,56,0.04249817505478859,4.624200658098963
11,191,424,56,0.0444902740418911,4.860247097535234
11,192,424,56,0.04588377848267555,5.096293536971503
11,193,424,56,0.04640995338559151,5.3323399764077735
11,194,424,56,0.046708300709724426,5.568386415844042
11,195,424,56,0.047334399074316025,4.7317315452908675
11,196,424,56,0.04585336148738861,5.017445831005153
11,197,424,56,0.04551280662417412,5.303160116719439
11,198,424,56,0.04664061591029167,5.588874402433724
11,199,424,50,0.04882170259952545,5.588874402433724
11,200,424,50,0.04655097424983978,5.303160116719439
11,201,424,50,0.04667939245700836,5.017445831005153
11,202,424,50,0.04411225765943527,4.7317315452908675
11,203,424,50,0.04426956921815872,4.446017259576582
11,204,424,50,0.04398428648710251,4.160302973862296
11,205,424,50,0.043755657970905304,3.8745886881480103
11,206,424,50,0.04297585040330887,3.5888744024337247
11,207,424,50,0.04126767814159393,3.3031601167194387
11,208,424,50,0.04191597178578377,3.017445831005153
11,209,424,50,0.04140742868185043,2.7317315452908675
11,210,424,50,0.04121852293610573,2.7317315452908675
11,211,424,50,0.041120413690805435,2.7317315452908675
11,212,424,50,0.041489046066999435,2.7317315452908675
11,213,424,50,0.04116316884756088,2.7317315452908675
11,214,424,50,0.041400302201509476,2.7317315452908675
11,215,424,50,0.04075329005718231,2.7317315452908675
11,216,424,50,0.039103589951992035,2.7317315452908675
11,217,424,50,0.04037613049149513,2.7317315452908675
11,218,424,50,0.03942319005727768,2.7317315452908675
11,219,424,50,0.04028614982962608,2.7317315452908675
11,220,424,50,0.0389670692384243,2.7317315452908675
11,221,424,50,0.039252396672964096,2.7317315452908675
11,222,424,50,0.039950575679540634,2.7317315452908675
11,223,424,50,0.04043428227305412,2.7317315452908675
11,224,424,50,0.04076337441802025,2.7317315452908675
11,225,424,50,0.04202037304639816,2.541255354814677
11,226,424,50,0.04188748821616173,2.3507791643384865
11,227,424,50,0.04090426489710808,2.160302973862296
11,228,424,50,0.040567196905612946,1.9826162538026946
11,229,424,50,0.039897847920656204,1.904265226299125
11,230,424,50,0.03875904902815819,4.306202272303968
11,231,424,50,0.03910278156399727,6.7741975538585715
11,232,424,50,0.04006733000278473,9.387098776929285
11,233,424,50,0.04093608260154724,12.049667846278016
11,234,424,50,0.041982319205999374,14.761904761904763
11,235,424,54,0.0397445373237133,14.956975228161669
11,236,424,54,0.039721373468637466,17.37530266343826
11,237,424,54,0.04008045792579651,19.90116098590675
11,238,424,56,0.042050834745168686,21.984602967653814
11,239,424,56,0.0387219600379467,24.32613149562302
11,240,424,106,0.03953564167022705,24.400384925808652
11,241,424,106,0.03983382135629654,21.94517911467064
11,242,424,108,0.038593992590904236,20.142857142857142
11,243,424,108,0.035973820835351944,17.314894145402622
11,244,424,108,0.03367055580019951,14.70863599677159
11,245,424,108,0.03495458513498306,12.363009871484447
11,246,424,110,0.036176394671201706,10.211460855528653
11,247,424,110,0.03888631984591484,7.58421804184516
11,248,424,110,0.03850334510207176,5.217607251505557
11,249,424,111,0.036711420863866806,2.9027131061029365
11,250,424,112,0.03588181734085083,0.720432110262619
11,251,424,112,0.037198521196842194,0.5401999130812696
11,252,424,112,0.04382526874542236,0.6538771962500776
11,253,424,112,0.04973927140235901,0.937542683305395
11,254,424,115,0.05248896777629852,1.6666666666666667
11,255,424,115,0.05162854865193367,1.287763084373254
11,256,424,115,0.05290225148200989,0.9913081269013473
11,257,424,115,0.04955576732754707,0.9268020115477755
11,258,424,115,0.05254978686571121,1.0445768920345198
11,259,424,115,0.05178150162100792,1.2908673247656308
11,260,424,117,0.04903222620487213,1.575029490283728
11,261,424,117,0.047681327909231186,1.4009436890792835
11,262,424,117,0.04696393758058548,1.3261935804308704
11,263,424,117,0.0443887896835804,1.3507791643384879
11,264,424,117,0.043693047016859055,1.446017259576583
11,265,424,117,0.04655550792813301,1.435773266281742
11,266,424,117,0.044045962393283844,1.4751971192649167
11,267,424,117,0.046010397374629974,3.945241199478488
11,268,424,117,0.046900488436222076,6.464953125970076
11,269,424,117,0.045539602637290955,9.03433289873968
11,270,424,120,0.04383490979671478,11.510523374930155
11,271,424,120,0.04267588257789612,13.798286459303407
11,272,424,120,0.04642140865325928,16.135717389954678
11,273,424,120,0.050958551466464996,18.522816166883963
11,274,424,120,0.05003313347697258,20.2929161234246
11,275,424,120,0.05015423893928528,22.11268392624325
11,276,424,120,0.051174528896808624,23.969826783386104
11,277,424,70,0.05114169046282768,27.09064381945739
11,278,424,70,0.05059416592121124,25.221208170360715
11,279,424,70,0.052002083510160446,23.40144036754206
11,280,424,70,0.05335409194231033,21.631340411001425
11,281,424,70,0.053326018154621124,19.76805115788167
11,282,424,70,0.05367721617221832,17.954429751039918
11,283,424,70,0.052448201924562454,16.19047619047619
11,284,424,84,0.05105450749397278,11.055317563792139
11,285,424,84,0.05378173291683197,8.898118830322217
11,286,424,84,0.05096655339002609,6.645682001614205
11,287,424,84,0.05175940319895744,4.944185757745081
11,288,424,84,0.051206011325120926,4.886322716831193
11,289,424,84,0.053810909390449524,4.961072825479606
11,290,424,84,0.0518902912735939,5.151549015955797
11,291,424,84,0.051979102194309235,5.482833550630162
11,292,424,84,0.05140238627791405,5.963121624138575
11,293,424,84,0.0502513125538826,6.550940584838891
11,294,424,86,0.055329982191324234,5.56118457813373
11,295,424,86,0.05716219171881676,6.227851244800397
11,296,424,88,0.05422787740826607,5.847395542310794
11,297,424,102,0.05470557138323784,8.19047619047619
11,298,424,102,0.05364718288183212,7.383001179611348
11,299,424,102,0.05587039142847061,6.6251940150245225
11,300,424,102,0.05555029958486557,5.917054696715714
11,301,424,102,0.056481339037418365,5.25858322468492
11,302,424,102,0.05493402108550072,4.649779598932143
11,303,424,102,0.05521445721387863,4.09064381945738
11,304,424,102,0.055113982409238815,3.581175886260634
11,305,424,102,0.05428802967071533,5.100887812752224
11,306,424,102,0.05518976226449013,6.719935431799843
11,307,424,102,0.055122505873441696,8.533556838641587
11,308,424,102,0.053929802030324936,10.566834295647856
11,309,424,102,0.056277334690093994,12.649779598932144
11,310,424,102,0.0550820492208004,14.782392748494445
11,311,424,102,0.05474647507071495,16.96467374433476
11,312,424,102,0.05559404566884041,19.196622586453095
11,313,424,102,0.05590864643454552,21.478239274849443
11,314,424,102,0.05562129616737366,23.80952380952381
11,315,424,152,0.05612649396061897,23.80952380952381
11,316,424,152,0.056439295411109924,21.478239274849443
11,317,424,152,0.055799368768930435,19.196622586453095
11,318,424,152,0.055174898356199265,16.96467374433476
11,319,424,152,0.053771425038576126,14.782392748494441
11,320,424,152,0.054061196744441986,12.649779598932138
11,321,424,152,0.05436952784657478,10.566834295647853
11,322,424,152,0.05301225930452347,8.533556838641582
11,323,424,152,0.052682459354400635,6.549947227913327
11,324,424,152,0.05383007228374481,4.616005463463087
11,325,424,152,0.054451942443847656,2.588874402433722
11,326,424,152,0.05568120628595352,2.4460172595765792
11,327,424,152,0.054072096943855286,2.303160116719436
11,328,424,152,0.054173730313777924,2.092195939653563
11,329,424,152,0.05524423345923424,1.9308996088657078
11,330,424,152,0.054593298584222794,1.8566461786800748
11,331,424,152,0.054567065089941025,1.881728441050473
11,332,424,152,0.05483941733837128,2.0061463959769035
11,333,424,152,0.05609065666794777,2.1925249891351575
11,334,424,152,0.05607287213206291,2.4761904761904763
11,335,424,155,0.05464477464556694,0.9892593282423805
11,336,424,155,0.05407999828457832,0.9211522940336506
11,337,424,155,0.05473407730460167,1.035326255665241
11,338,424,158,0.053832489997148514,1.8095238095238095
11,339,424,158,0.050446461886167526,1.4306202272303954
11,340,424,158,0.050218552350997925,1.0911404979201589
11,341,424,158,0.05125717446208,0.8428012665300783
11,342,424,158,0.04750851169228554,0.7931334202520637
11,343,424,158,0.04705285280942917,1.020984665052462
11,344,424,159,0.049200087785720825,0.8033774135469062
11,345,424,161,0.050946637988090515,0.9877072080461906
11,346,424,161,0.0523374006152153,0.7890358229341272
11,347,424,161,0.047101035714149475,0.7619047619047619
11,348,424,161,0.04841267690062523,0.9211522940336506
11,349,424,161,0.049500249326229095,1.2857142857142858
11,350,424,162,0.04786797985434532,0.8571428571428599
11,351,424,164,0.05087631195783615,0.9400881604271457
11,352,424,164,0.05862747132778168,0.7578071645868254
11,353,424,164,0.060497719794511795,0.7245297075805568
11,354,424,166,0.05414792150259018,1.3789035822934141
11,355,424,167,0.05667361617088318,1.9047619047619047
11,356,424,167,0.0540706068277359,1.6251940150245223
11,357,424,166,0.052616070955991745,1.0532687651331711
11,358,424,166,0.05201154947280884,1.2248090892158692
11,359,424,168,0.0514579713344574,1.8028807350841238
11,360,424,168,0.05128499120473862,1.734277022412614
11,361,424,168,0.04955730214715004,1.677966101694914
11,362,424,168,0.04780861362814903,1.6841124976718171
11,363,424,168,0.05406850576400757,2.065064878624198
11,364,424,168,0.05256600305438042,2.4460172595765792
11,365,424,168,0.05086540803313255,2.3983982119575313
11,366,424,168,0.049670491367578506,2.340535171043644
11,367,424,168,0.04930058866739273,2.3323399764077712
11,368,424,168,0.048449039459228516,2.3840566213447554
11,369,424,168,0.05009486898779869,2.435773266281739
11,370,424,168,0.051471296697854996,2.429626870304836
11,371,424,171,0.05770724639296532,2.6057614701682503
11,372,424,171,0.05878767743706703,2.4649531259700743
11,373,424,164,0.059599339962005615,5.573477370087538
11,374,424,164,0.05807816609740257,5.904761904761905
11,375,424,171,0.05676507577300072,1.7281306264357108
11,376,424,171,0.057323914021253586,1.6246973365617425
11,377,424,171,0.0560227669775486,1.608306947289997
11,378,424,171,0.05568496137857437,1.6415844042962682
11,379,424,171,0.0584268793463707,1.7245297075805541
11,380,424,171,0.0559718981385231,1.977463214751351
11,381,424,172,0.056645359843969345,1.6523250760538903
11,382,424,172,0.05612899735569954,1.774694232321351
11,383,424,176,0.05364295467734337,2.5714285714285716
11,384,424,176,0.05682777985930443,1.9544297510399193
11,385,424,176,0.05931143835186958,1.2647296206618237
11,386,424,176,0.06089802831411362,1.0414726516421415
11,387,424,176,0.06139443814754486,0.9795120134103177
11,388,424,176,0.05841435492038727,1.06655491401254
11,389,424,176,0.06537842750549316,5.699944123672938
11,390,424,178,0.061584774404764175,9.762401440367542
11,391,424,178,0.06180556118488312,14.105978766995715
11,392,424,178,0.06838957965373993,18.646178680076986
11,393,424,178,0.06565181165933609,23.3353821319923
11,394,424,178,0.0665089413523674,28.0
11,395,424,181,0.0669068694114685,30.812565965108348
11,396,424,183,0.06565044820308685,35.083938660209846
11,397,424,183,0.06309272348880768,39.08188986155088
11,398,424,183,0.05814395099878311,43.17917675544794
11,399,424,75,0.055833544582128525,45.42857142857143
11,400,424,75,0.05915248766541481,40.76395356056372
11,401,424,75,0.057367172092199326,36.24424163407215
11,402,424,75,0.05654602497816086,31.774197553858574
11,403,424,75,0.05836765468120575,27.353821319923014
11,404,424,75,0.06133146211504936,22.983112932265477
11,405,424,75,0.058073289692401886,18.66207239088595
11,406,424,75,0.06090468168258667,14.533556838641587
12,25,686,8,0.021650932729244232,2.7317315452908693
12,26,686,8,0.021837124601006508,2.7317315452908693
12,27,686,8,0.020733175799250603,2.7317315452908693
12,28,686,8,0.020761311054229736,2.7317315452908693
12,29,686,8,0.021522115916013718,2.6364934500527744
12,30,686,8,0.021265704184770584,2.4936363071956316
12,31,686,8,0.021088197827339172,2.2555410691003934
12,32,686,8,0.020383508875966072,2.04662569069349
12,33,686,8,0.021266700699925423,1.8873781585646014
12,34,686,8,0.019882122054696083,1.7777984727137286
12,35,686,8,0.01916751079261303,1.7552616874650782
12,36,686,8,0.019354859367012978,1.8632892531197611
12,37,686,8,0.019850974902510643,2.0972868938970626
12,38,686,8,0.01971646212041378,2.3809523809523805
12,39,686,10,0.020129546523094177,1.047619047619047
12,40,686,11,0.020051155239343643,0.7511640901471417
12,41,686,13,0.021046243607997894,1.496678462780157
12,42,686,13,0.02013302966952324,1.0701558328676968
12,43,686,13,0.021113218739628792,0.7224809089215872
12,44,686,13,0.024828242138028145,0.5611845781337303
12,45,686,13,0.02485014498233795,0.6978953250139698
12,46,686,14,0.027751456946134567,0.6251940150245244
12,47,686,15,0.030665919184684753,0.7347737008753958
12,48,686,15,0.028476765379309654,0.5524927050350796
12,49,686,16,0.03051358088850975,0.6124045446079353
12,50,686,16,0.028771644458174706,0.5540448252312681
12,51,686,16,0.02586282044649124,0.8151735270379351
12,52,686,18,0.028705565258860588,0.9068107034208737
12,53,686,18,0.028872277587652206,0.579623766064445
12,54,686,18,0.028764814138412476,0.5089712547339699
12,55,686,18,0.030551711097359657,0.7076426398460318
12,56,686,18,0.027553599327802658,1.0763022288446034
12,57,686,20,0.025926286354660988,0.7511640901471424
12,58,686,20,0.02318626269698143,0.7301794250946804
12,59,686,20,0.019597459584474564,0.8873781585645995
12,60,686,20,0.01769261620938778,1.129570993977774
12,61,686,23,0.01739981397986412,2.0952380952380953
12,62,686,23,0.017885537818074226,1.83206059477246
12,63,686,23,0.018468454480171204,1.705593841187063
12,64,686,23,0.018008820712566376,1.6784627801576963
12,65,686,23,0.017599288374185562,1.7506674116843626
12,66,686,23,0.017226552590727806,1.826969640528964
12,67,686,23,0.017145967110991478,1.969826783386107
12,68,686,23,0.017134204506874084,2.0174458310051544
12,69,686,23,0.01856548711657524,2.0650648786242023
12,70,686,23,0.018720565363764763,2.1126839262432497
12,71,686,23,0.018842650577425957,2.0650648786242023
12,72,686,23,0.01888076774775982,1.8745886881480116
12,73,686,23,0.019413264468312263,1.725585149313964
12,74,686,23,0.020045265555381775,1.659526913764204
12,75,686,23,0.019589560106396675,1.6928043707704739
12,76,686,25,0.021738512441515923,1.4337244676227736
12,77,686,25,0.021012745797634125,1.2452970758055515
12,78,686,25,0.022327616810798645,1.1275221953188057
12,79,686,25,0.02550833858549595,1.1587508536661089
12,80,686,25,0.02437540329992771,1.3307878562115854
12,81,686,27,0.024676810950040817,0.8817284410504772
12,82,686,27,0.029551176354289055,0.7885391444713502
12,83,686,27,0.03104286454617977,0.8443533867262694
12,84,686,27,0.030227355659008026,1.0327807785434917
12,85,686,27,0.02883601188659668,1.357918917240952
12,86,686,28,0.029579952359199524,1.0553175637921408
12,87,686,28,0.03287868946790695,1.293412801887379
12,88,686,32,0.035557445138692856,2.4761904761904754
12,89,686,32,0.032638777047395706,2.0020487986589677
12,90,686,32,0.028551384806632996,1.5775749674054755
12,91,686,32,0.03047887794673443,1.2232569690196815
12,92,686,32,0.030089620500802994,1.0266343825665876
12,93,686,32,0.029306534677743912,0.9293474886695241
12,94,686,32,0.03132743015885353,0.9272986900105573
12,95,686,32,0.03223142400383949,1.1653939281057941
12,96,686,32,0.030368810519576073,1.5734773700875404
12,97,686,32,0.02719392627477646,2.095238095238096
12,98,686,34,0.026723725721240044,1.0225367852486498
12,99,686,36,0.028885509818792343,1.150555659030236
12,100,686,36,0.029297398403286934,0.8525485813621423
12,101,686,36,0.029017996042966843,0.6953498478922219
12,102,686,36,0.029556557536125183,0.6953498478922232
12,103,686,36,0.027069833129644394,0.8858260383684123
12,104,686,38,0.02567618526518345,1.1551499348109509
12,105,686,38,0.027509385719895363,1.022536785248649
12,106,686,38,0.029180968180298805,1.0553175637921395
12,107,686,40,0.028116906061768532,1.9211522940336505
12,108,686,40,0.02780023403465748,1.6641211895449186
12,109,686,40,0.026610365137457848,1.6513317191283297
12,110,686,40,0.02630957029759884,1.7173899546780913
12,111,686,40,0.027958134189248085,1.8745886881480103
12,112,686,40,0.027203913778066635,2.065064878624201
12,113,686,40,0.027183299884200096,2.255541069100391
12,114,686,40,0.02804451622068882,2.446017259576582
12,115,686,40,0.02774810791015625,2.541255354814677
12,116,686,40,0.02809092402458191,2.636493450052772
12,117,686,40,0.028208469972014427,2.7317315452908675
12,118,686,40,0.02838490717113018,2.7317315452908675
12,119,686,40,0.025746770203113556,2.7317315452908675
12,120,686,40,0.02571234293282032,2.7317315452908675
12,121,686,40,0.02634059078991413,2.7317315452908675
12,122,686,40,0.02549625001847744,2.7317315452908675
12,123,686,40,0.025742774829268456,2.7317315452908675
12,124,686,40,0.02689002826809883,2.7317315452908675
12,125,686,40,0.02707098238170147,2.7317315452908675
12,126,686,40,0.027342790737748146,2.7317315452908675
12,127,686,40,0.030815018340945244,2.7317315452908675
12,128,686,40,0.029231684282422066,2.7317315452908675
12,129,686,40,0.02960081398487091,2.7317315452908675
12,130,686,40,0.03136769309639931,2.7317315452908675
12,131,686,40,0.029377242550253868,2.541255354814677
12,132,686,40,0.02825981006026268,2.3507791643384865
12,133,686,40,0.029215000569820404,2.160302973862296
12,134,686,40,0.028253773227334023,2.003104240392377
12,135,686,40,0.02831893600523472,1.87508536661079
12,136,686,40,0.028177155181765556,1.8464021853852377
12,137,686,40,0.028753383085131645,1.917054696715714
12,138,686,40,0.027973346412181854,2.1013844912149997
12,139,686,40,0.02759205922484398,2.4782392748494444
12,140,686,40,0.026734817773103714,2.9047619047619047
12,141,686,44,0.02646988444030285,1.1904761904761905
12,142,686,44,0.028133641928434372,1.029179859688335
12,143,686,44,0.029009655117988586,1.0542621220587334
12,144,686,44,0.029121119529008865,1.288259762836035
12,145,686,46,0.028252089396119118,1.0875395790650049
12,146,686,46,0.028042852878570557,0.982057490532067
12,147,686,46,0.028385313227772713,1.0875395790650035
12,148,686,47,0.028943603858351707,0.9795120134103191
12,149,686,50,0.030358634889125824,2.5238095238095237
12,150,686,50,0.03431473672389984,2.049667846278016
12,151,686,50,0.032474495470523834,1.9585273483578571
12,152,686,50,0.03351936116814613,2.1075308871919045
12,153,686,50,0.03291306272149086,2.3681629105357933
12,154,686,51,0.03347992151975632,3.123921276463649
12,155,686,51,0.03322279453277588,3.396846091761347
12,156,686,51,0.0333251953125,3.8561495002172976
12,157,686,51,0.03248165175318718,4.398398211957534
12,158,686,51,0.031248463317751884,4.969826783386106
12,159,686,51,0.0321262963116169,5.493636307195629
12,160,686,51,0.03255073353648186,5.874588688148011
12,161,686,44,0.0331791453063488,5.922207735767058
12,162,686,44,0.033286795020103455,5.636493450052773
12,163,686,44,0.03271491453051567,5.350779164338486
12,164,686,44,0.03154735639691353,5.0650648786242005
12,165,686,44,0.03318871185183525,4.7317315452908675
12,166,686,44,0.033814746886491776,4.398398211957534
12,167,686,44,0.031017456203699112,4.0650648786242005
12,168,686,44,0.03165998309850693,3.7317315452908675
12,169,686,44,0.03232765570282936,3.398398211957534
12,170,686,44,0.03180262818932533,3.065064878624201
12,171,686,44,0.03260455280542374,2.568386415844042
12,172,686,44,0.03150831535458565,2.4547091326752346
12,173,686,44,0.032862838357686996,2.390699695784441
12,174,686,44,0.03212086483836174,2.376358105171665
12,175,686,44,0.032053302973508835,2.411684360836903
12,176,686,44,0.03284710273146629,2.4966784627801584
12,177,686,44,0.035098083317279816,2.6313404110014282
12,178,686,44,0.032880380749702454,2.815670205500714
12,179,686,44,0.03361993283033371,3.192524989135159
12,180,686,44,0.033844076097011566,3.619047619047619
12,181,686,51,0.033941600471735,2.9047619047619047
12,182,686,51,0.0341835543513298,2.383001179611349
12,183,686,51,0.034317027777433395,1.9400881604271443
12,184,686,51,0.03333650529384613,1.6338858881231777
12,185,686,51,0.030690228566527367,1.4766871546532587
12,186,686,51,0.030158331617712975,1.4684919600173845
12,187,686,51,0.030476147308945656,1.5719252498913525
12,188,686,51,0.03069164790213108,1.774694232321351
12,189,686,54,0.02946084924042225,1.5606878996709506
12,190,686,54,0.031892936676740646,1.2913640032284093
12,191,686,54,0.03153281286358833,1.171043645619917
12,192,686,56,0.030860895290970802,1.9728689389706346
12,193,686,56,0.03090563789010048,1.7926367417892852
12,194,686,56,0.03173419460654259,1.7117402371639663
12,195,686,56,0.031747348606586456,1.7301794250946803
12,196,686,56,0.03265949338674545,1.8397591109455518
12,197,686,56,0.031117215752601624,1.9990066430744404
12,198,686,56,0.030624765902757645,2.2079220214813438
12,199,686,56,0.028033534064888954,2.446017259576582
12,200,686,56,0.031102312728762627,2.541255354814677
12,201,686,56,0.03179903328418732,2.636493450052772
12,202,686,56,0.03285662457346916,2.7317315452908675
12,203,686,56,0.031055497005581856,2.7317315452908675
12,204,686,56,0.03273933380842209,2.68411249767182
12,205,686,56,0.027874737977981567,2.636493450052772
12,206,686,56,0.026803240180015564,2.5888744024337247
12,207,686,56,0.028923017904162407,2.541255354814677
12,208,686,56,0.031455110758543015,2.4936363071956293
12,209,686,56,0.032495174556970596,2.446017259576582
12,210,686,56,0.03389286249876022,2.3507791643384865
12,211,686,56,0.03182060644030571,2.255541069100391
12,212,686,56,0.03425879403948784,2.160302973862296
12,213,686,56,0.03488308563828468,2.1106351275842803
12,214,686,57,0.03531224653124809,2.0630160799652324
12,215,686,57,0.03445875644683838,2.017445831005153
12,216,686,57,0.03481673449277878,2.017445831005153
12,217,686,57,0.035877153277397156,1.922207735767058
12,218,686,57,0.03174751251935959,1.8269696405289626
12,219,686,57,0.03356945142149925,1.7773017942509468
12,220,686,58,0.027766628190875053,1.7296827466318991
12,221,686,58,0.029147686436772346,1.6841124976718198
12,222,686,58,0.029915139079093933,1.6364934500527721
12,223,686,58,0.030527209863066673,1.5888744024337247
12,224,686,58,0.029668154194951057,1.5827280064568199
12,225,686,58,0.031904593110084534,1.5786304091388834
12,226,686,58,0.02723633497953415,1.6242006580989627
12,227,686,60,0.031757403165102005,1.624200658098962
12,228,686,60,0.03371338173747063,1.5786304091388828
12,229,686,60,0.031179381534457207,1.5827280064568192
12,230,686,60,0.030006686225533485,1.6364934500527715
12,231,686,60,0.0299154594540596,1.7296827466318985
12,232,686,61,0.02753288298845291,1.8249208418699945
12,233,686,61,0.028554605320096016,1.922207735767058
12,234,686,61,0.030214916914701462,2.017445831005153
12,235,686,61,0.0285792239010334,2.1126839262432484
12,236,686,61,0.02948789857327938,2.160302973862296
12,237,686,61,0.030201440677046776,2.2079220214813438
12,238,686,61,0.03035823442041874,2.160302973862296
12,239,686,61,0.028047190979123116,2.255541069100391
12,240,686,61,0.030974727123975754,2.3507791643384865
12,241,686,61,0.03209689259529114,2.446017259576582
12,242,686,61,0.03221026808023453,2.4936363071956293
12,243,686,61,0.03268124535679817,2.4854411125597564
12,244,686,62,0.03334005922079086,2.3963494132985668
12,245,686,62,0.033034250140190125,2.3963494132985668
12,246,686,63,0.03076053597033024,2.4854411125597573
12,247,686,63,0.029727427288889885,2.4936363071956302
12,248,686,63,0.03360007330775261,2.588874402433725
12,249,686,60,0.03847067058086395,2.6656733097411065
12,250,686,60,0.03886270895600319,2.6119078661451542
12,251,686,60,0.03670020028948784,2.653380517787297
12,252,686,61,0.039609238505363464,2.336437573725709
12,253,686,63,0.041061464697122574,2.568386415844043
12,254,686,63,0.03673085942864418,2.464953125970076
12,255,686,63,0.03678654134273529,2.32619358043087
12,256,686,63,0.03604898974299431,2.245297075805552
12,257,686,63,0.03501120209693909,2.207922021481344
12,258,686,63,0.03374877944588661,2.207922021481344
12,259,686,63,0.03779930621385574,2.207922021481344
12,260,686,63,0.03843473270535469,2.3031601167194395
12,261,686,63,0.037818823009729385,2.398398211957535
12,262,686,63,0.03811541944742203,2.398398211957535
12,263,686,63,0.03827454149723053,2.350779164338487
12,264,686,63,0.03822311386466026,2.207922021481344
12,265,686,63,0.03671438619494438,2.0650648786242014
12,266,686,63,0.034115951508283615,1.9222077357670586
12,267,686,63,0.03703044727444649,1.8167256472341222
12,268,686,63,0.036579474806785583,1.7609114049792016
12,269,686,63,0.03519253060221672,1.8003352579623764
12,270,686,64,0.03765488788485527,1.576581610479916
12,271,686,64,0.03849246725440025,1.6242006580989634
12,272,686,66,0.03779027983546257,1.8914757558825366
12,273,686,66,0.03869127482175827,1.7982864593034096
12,274,686,66,0.0407634899020195,1.667722108400076
12,275,686,66,0.04473477602005005,1.6364934500527728
12,276,686,66,0.04228860139846802,1.6841124976718205
12,277,686,66,0.03961554169654846,1.7317315452908681
12,278,686,66,0.042230818420648575,1.6841124976718205
12,279,686,66,0.038894519209861755,1.6364934500527728
12,280,686,66,0.03975954279303551,1.5888744024337254
12,281,686,66,0.04026251286268234,1.568386415844043
12,282,686,66,0.039532870054244995,1.6472341218103925
12,283,686,66,0.04120882600545883,1.7301794250946783
12,284,686,68,0.04406782239675522,1.3861054200037268
12,285,686,68,0.0443573072552681,1.286769727447695
12,286,686,68,0.043341219425201416,1.2662817408580143
12,287,686,68,0.038934845477342606,1.3947972931023809
12,288,686,70,0.042270347476005554,1.246290432731111
12,289,686,70,0.03857380524277687,1.101384491215
12,290,686,70,0.035001929849386215,1.1054820885329364
12,291,686,70,0.03580890968441963,1.2585832246849205
12,292,686,70,0.036970723420381546,1.5361023157633331
12,293,686,70,0.035734955221414566,1.8632892531197618
12,294,686,70,0.03698277100920677,2.3353821319923016
12,295,686,70,0.03549237176775932,2.761904761904762
12,296,686,76,0.03790973126888275,2.761904761904762
12,297,686,76,0.034561797976493835,2.3353821319923016
12,298,686,76,0.036095671355724335,1.8428012665300808
12,299,686,76,0.037090688943862915,1.5447941888619872
12,300,686,76,0.03551626577973366,1.3461228037499238
12,301,686,76,0.032195888459682465,1.288259762836035
12,302,686,76,0.03141958266496658,1.379400260756194
12,303,686,76,0.03243844956159592,1.6195442975104002
12,304,686,78,0.034306030720472336,1.1863785931582553
12,305,686,78,0.03621271997690201,1.2299000434593665
12,306,686,78,0.035690970718860626,1.567330974110635
12,307,686,78,0.035548921674489975,2.0
12,308,686,82,0.032802876085042953,1.5842180418451606
12,309,686,82,0.033244967460632324,1.2759669708822243
12,310,686,82,0.03170288726687431,1.1167194387533357
12,311,686,82,0.0332537479698658,1.19146954740175
12,312,686,82,0.03230932727456093,1.4024337244676228
12,313,686,82,0.03761237487196922,1.8100204879865893
12,314,686,85,0.033803798258304596,1.3609610728254797
12,315,686,85,0.03594549372792244,1.4106289191034957
12,316,686,87,0.034668464213609695,1.7296206618240515
12,317,686,87,0.034566327929496765,1.4730862357980992
12,318,686,87,0.0328155942261219,1.5473396659837324
12,319,686,87,0.0331287682056427,1.9405848388899227
12,320,686,87,0.03000042401254177,2.474638355994288
12,321,686,90,0.03234975412487984,1.9887005649717502
12,322,686,90,0.030485747382044792,1.996895759607623
12,323,686,91,0.030483463779091835,1.8914136710746867
12,324,686,94,0.031290654093027115,2.1454026199788894
12,325,686,94,0.03141682967543602,1.8079716893276196
12,326,686,94,0.032758116722106934,1.7603526417085722
12,327,686,94,0.03164191171526909,1.9073073818836515
12,328,686,98,0.030933186411857605,4.0
12,329,686,98,0.03099995292723179,3.7163345129446825
12,330,686,98,0.030840402469038963,3.482336872167381
12,331,686,98,0.0310598723590374,3.298007077668095
12,332,686,98,0.030629528686404228,3.322592661575714
12,333,686,98,0.031035490334033966,3.446513938039363
12,334,686,98,0.03059825487434864,3.717389954678091
12,335,686,98,0.031008796766400337,4.065064878624202
12,336,686,94,0.030144644901156425,4.255541069100393
12,337,686,94,0.030870061367750168,4.255541069100393
12,338,686,94,0.03109438717365265,4.255541069100393
12,339,686,94,0.030925674363970757,4.065064878624202
12,340,686,94,0.03193013370037079,3.8745886881480116
12,341,686,94,0.03224438056349754,3.6841124976718214
12,342,686,94,0.03181726485490799,3.4936363071956307
12,343,686,94,0.030602220445871353,3.1126839262432497
12,344,686,94,0.030417565256357193,2.731731545290869
12,345,686,94,0.03101518377661705,2.350779164338488
12,346,686,94,0.030527407303452492,2.003104240392377
12,347,686,94,0.03124263882637024,1.922704414229839
12,348,686,94,0.03133305162191391,1.9416402806233328
12,349,686,94,0.03158978372812271,2.059911839572857
12,350,686,94,0.03137204796075821,2.244241634072143
12,351,686,94,0.030772021040320396,2.525858322468492
12,352,686,94,0.0309545136988163,2.9047619047619047
12,353,686,98,0.030706709250807762,1.0184391879307126
12,354,686,98,0.03063300810754299,0.8883715154901576
12,355,686,98,0.029968302696943283,0.9508288321847626
12,356,686,98,0.030917832627892494,1.1454026199788896
12,357,686,101,0.03201358765363693,1.7619047619047619
12,358,686,101,0.03166007250547409,1.2401440367542063
12,359,686,101,0.0324246920645237,0.8509964611659538
12,360,686,101,0.03500688076019287,0.7767430309803193
12,361,686,102,0.035456035286188126,0.7327249022164283
12,362,686,103,0.03444427251815796,0.9708201403116664
12,363,686,103,0.03506327047944069,0.523312845346744
12,364,686,103,0.035584963858127594,0.5565903023530154
12,365,686,104,0.037404149770736694,0.5791270876016659
12,366,686,104,0.036929696798324585,0.6369901285155534
12,367,686,105,0.035577744245529175,0.6595269137642025
12,368,686,106,0.0346946157515049,1.0327807785434904
12,369,686,106,0.03634972870349884,0.8397591109455531
12,370,686,106,0.035829950124025345,0.9160613397901546
12,371,686,106,0.03123766928911209,1.1500589805674561
12,372,686,106,0.03220539540052414,1.3861054200037262
12,373,686,108,0.03419365733861923,1.591419879555474
12,374,686,108,0.03413495793938637,1.6262494567579324
12,375,686,108,0.03582790866494179,1.7732041969330117
12,376,686,108,0.034392327070236206,1.9222077357670593
12,377,686,108,0.03604082018136978,2.1126839262432497
12,378,686,108,0.0367216095328331,2.2555410691003925
12,379,686,108,0.03198571875691414,2.350779164338488
12,380,686,108,0.03568384051322937,4.377910225367855
12,381,686,108,0.036598704755306244,6.454709132675237
12,382,686,108,0.03619224578142166,8.581175886260635
12,383,686,108,0.036537472158670425,10.757310486124046
12,384,686,108,0.03496476262807846,12.887874837027383
12,385,686,108,0.038094356656074524,15.06810703420873
12,386,686,108,0.034739430993795395,17.345626125287144
12,387,686,108,0.03565516322851181,19.67281306264357
12,388,686,108,0.038573309779167175,22.049667846278016
12,389,686,108,0.03970390930771828,24.476190476190474
12,390,686,159,0.040341008454561234,24.0
12,391,686,159,0.03884834423661232,21.52585832246849
12,392,686,159,0.03419919312000275,19.101384491215
12,393,686,159,0.03287172317504883,16.72657850623952
12,394,686,159,0.0335812047123909,14.40144036754206
12,395,686,159,0.035305723547935486,12.171540324082695
12,396,686,160,0.0338156633079052,10.374309306512695
12,397,686,160,0.033162251114845276,8.1526044576892
12,398,686,160,0.03304281458258629,6.026137704103803
12,399,686,160,0.03392964228987694,3.9949090457565015
12,400,686,161,0.03404910862445831,2.0153970323461836
12,401,686,161,0.03559026122093201,2.065064878624198
12,402,686,161,0.03621729463338852,2.160302973862293
12,403,686,161,0.03627707064151764,2.2555410691003885
12,404,686,161,0.039024095982313156,2.350779164338484
12,405,686,161,0.037932414561510086,2.4460172595765792
12,406,686,161,0.03501206263899803,2.541255354814674
12,407,686,161,0.032997146248817444,2.588874402433722
12,408,686,161,0.03183596208691597,2.6364934500527695
12,409,686,161,0.03317441791296005,2.684112497671817
12,410,686,161,0.034661829471588135,5.01744583100515
12,411,686,161,0.0348324254155159,7.207922021481341
12,412,686,161,0.034711748361587524,9.398398211957531
12,413,686,161,0.03347275033593178,11.588874402433722
12,414,686,161,0.0324690118432045,13.779350592909912
12,415,686,161,0.03275720775127411,15.9698267833861
12,416,686,161,0.03216775879263878,18.160302973862297
12,417,686,161,0.03307632729411125,20.350779164338487
12,418,686,161,0.03318221494555473,22.541255354814677
12,419,686,161,0.033586107194423676,24.731731545290867
12,420,686,113,0.03337451070547104,24.909914943813245
12,421,686,115,0.03364188224077225,22.49158750853666
12,422,686,115,0.03414918854832649,20.25144347178246
12,423,686,115,0.034333158284425735,17.91606133979015
12,424,686,115,0.034839510917663574,15.68411249767182
12,425,686,115,0.03320733830332756,15.377910225367854
12,426,686,115,0.043876517564058304,15.216613894579998
12,427,686,115,0.044089265167713165,15.104985410070158
12,428,686,115,0.052131522446870804,15.043024771838331
12,429,686,115,0.04295850917696953,15.030731979884521
12,430,686,115,0.03989139199256897,15.109579685850875
12,431,686,115,0.04118230193853378,17.5320047184454
12,432,686,115,0.041870277374982834,19.908859502079842
12,433,686,117,0.038667649030685425,20.799279816228967
12,434,686,115,0.04105732962489128,22.687154653256346
12,435,686,165,0.03812158852815628,27.79723101757
12,436,686,167,0.03856651857495308,29.428571428571427
12,437,686,167,0.03742561116814613,29.38300117961134
12,438,686,167,0.039868030697107315,29.244241634072143
12,439,686,167,0.0396178737282753,29.16334512944682
12,440,686,167,0.04084435850381851,29.173589122741664
12,441,686,167,0.03926795348525047,29.233500962314523
12,442,686,167,0.04028834402561188,29.34308064816539
12,443,686,167,0.035082750022411346,29.359471037437135
12,444,686,117,0.040289875119924545,23.007698516173097
12,445,686,117,0.03682548552751541,23.12801887378159
12,446,686,117,0.037891287356615067,20.966722542993733
12,447,686,117,0.04055315628647804,18.80952380952381
12,448,686,120,0.04108315706253052,15.320047184453962
12,449,686,120,0.03811263293027878,12.761408083441985
12,450,686,120,0.038602929562330246,10.314397466939837
12,451,686,120,0.04208610579371452,8.016390389271743
12,452,686,120,0.04049841687083244,5.894517911467063
12,453,686,123,0.04220246896147728,3.734773700875395
12,454,686,123,0.04093778878450394,1.0143415906127782
12,455,686,123,0.03885376453399658,0.7409200968523019
12,456,686,123,0.0431659072637558,0.6497795989321431
12,457,686,123,0.04377055540680885,3.0122927919538087
12,458,686,125,0.04278942942619324,5.238095238095238
12,459,686,125,0.042686279863119125,7.188427391817222
12,460,686,125,0.043536897748708725,9.329235736015399
12,461,686,125,0.04024917632341385,11.714285714285715
12,462,686,126,0.04067334532737732,13.604706028434846
12,463,686,127,0.0391894169151783,15.544794188861985
12,464,686,127,0.03880617395043373,17.699944123672935
12,465,686,127,0.03921208530664444,20.049667846278016
12,466,686,127,0.0390007309615612,20.591916558018255
12,467,686,176,0.03991594910621643,28.428571428571427
12,468,686,176,0.03997413069009781,28.19252498913515
12,469,686,176,0.0385260246694088,28.101384491215
12,470,686,176,0.04046160727739334,28.059911839572848
12,471,686,176,0.03976268321275711,28.068107034208726
12,472,686,176,0.03879021108150482,28.22120817036071
12,473,686,176,0.03905133157968521,28.47159620040976
12,474,686,176,0.03752654418349266,28.81927112435587
12,475,686,176,0.03739555552601814,29.216613894579993
12,476,686,129,0.03879903629422188,23.255541069100392
12,477,686,129,0.038634490221738815,23.255541069100392
12,478,686,129,0.04012100026011467,20.922207735767056
12,479,686,129,0.04080432653427124,18.588874402433724
12,480,686,129,0.0386485829949379,16.255541069100392
12,481,686,129,0.03743686154484749,13.922207735767058
12,482,686,127,0.03865060582756996,11.817222325696903
12,483,686,127,0.03889338672161102,9.600111752654126
12,484,686,127,0.04040781036019325,7.482336872167381
12,485,686,127,0.039003338664770126,5.430620227230397
12,486,686,127,0.03920266777276993,3.4285714285714297
12,487,686,131,0.03790813684463501,1.5212640466877771
12,488,686,131,0.038250621408224106,1.3415285279692062
12,489,686,131,0.040253326296806335,1.2611287018066684
12,490,686,131,0.03977104648947716,1.2631775004656352
12,491,686,131,0.04026130586862564,1.5345501955671448
12,492,686,135,0.03858165442943573,2.2196560501645255
12,493,686,135,0.03910916671156883,1.7291239833612704
12,494,686,135,0.03942128270864487,1.3379276091140495
12,495,686,135,0.04078945145010948,1.0624573166946036
12,496,686,135,0.04238269478082657,0.9815608120692874
12,497,686,136,0.0392342172563076,0.8612404544607936
12,498,686,136,0.03921525925397873,0.9170546967157142
12,499,686,136,0.040900878608226776,1.1177748804867444
12,500,686,136,0.04006610065698624,1.417830756813809
12,501,686,140,0.038204219192266464,2.380952380952381
12,502,686,140,0.04263704642653465,2.0225367852486493
12,503,686,140,0.045044317841529846,1.8837772397094428
12,504,686,140,0.043779198080301285,1.794685540448251
12,505,686,140,0.043515998870134354,1.771652076736822
12,506,686,140,0.04341244325041771,1.847954305581422
12,507,686,140,0.041925035417079926,2.003104240392374
12,508,686,140,0.042407914996147156,2.160302973862293
12,509,686,140,0.04418503865599632,2.350779164338484
12,510,686,140,0.04225003719329834,2.541255354814674
12,511,686,140,0.04376573860645294,2.731731545290865
12,512,686,140,0.04551238566637039,2.731731545290865
12,513,686,140,0.04314107820391655,2.731731545290865
12,514,686,140,0.044334299862384796,2.731731545290865
12,515,686,140,0.043405964970588684,2.731731545290865
12,516,686,140,0.041672419756650925,2.731731545290865
12,517,686,140,0.04297623783349991,2.684112497671817
12,518,686,140,0.04280821606516838,2.588874402433722
12,519,686,140,0.04257597029209137,2.350779164338484
12,520,686,140,0.042427267879247665,2.1418637859315806
12,521,686,140,0.04281820356845856,1.982616253802692
12,522,686,140,0.041087858378887177,2.233500962314519
12,523,686,140,0.04272890463471413,2.5545415036940433
12,524,686,140,0.04142468050122261,2.830011796113489
12,525,686,140,0.04240532964468002,3.1966225864530937
12,526,686,140,0.04291507229208946,3.761904761904762
12,527,686,141,0.04145149141550064,3.4265226299124616
12,528,686,142,0.042039234191179276,3.1781833985223837
12,529,686,145,0.04137866944074631,2.532998075370959
12,530,686,145,0.04198700562119484,2.626187371950085
12,531,686,145,0.04202201962471008,2.8187123610852445
12,532,686,153,0.04326983541250229,5.523809523809524
12,533,686,153,0.04382682591676712,4.954429751039919
12,534,686,151,0.04517687112092972,2.948283355063016
12,535,686,151,0.045054275542497635,2.619047619047619
12,536,686,153,0.04654524102807045,3.3952939715651573
12,537,686,153,0.046742476522922516,2.9252498913515845
12,538,686,153,0.04678919538855553,2.560687899670949
12,539,686,153,0.049633413553237915,2.3430806481653907
12,540,686,153,0.050101786851882935,2.3594710374371366
12,541,686,153,0.049526363611221313,2.663624511082135
12,542,686,153,0.049680788069963455,3.0174458310051504
12,543,686,153,0.050856173038482666,3.2555410691003885
12,544,686,153,0.04867282882332802,3.4936363071956267
12,545,686,153,0.04857321456074715,3.6364934500527695
12,546,686,153,0.04917539656162262,3.7793505929099123
12,547,686,153,0.048207808285951614,3.82696964052896
12,548,686,153,0.050266630947589874,3.8745886881480076
12,549,686,153,0.048062514513731,3.8745886881480076
12,550,686,153,0.04812939837574959,6.112683926243245
12,551,686,148,0.04988269507884979,8.622648537902773
12,552,686,148,0.04990091547369957,10.632892531197616
12,553,686,148,0.04989625886082649,12.643136524492455
12,554,686,148,0.05030570179224014,14.653380517787294
12,555,686,152,0.04953102394938469,16.37791022536785
12,556,686,152,0.048474788665771484,18.322095983112934
12,557,686,152,0.05054756999015808,20.266281740858012
12,558,686,152,0.051380109041929245,22.16079965232508
12,559,686,153,0.050994791090488434,24.438318743403492
12,560,686,106,0.050373900681734085,23.68411249767182
12,561,686,106,0.048158738762140274,21.350779164338487
12,562,686,106,0.04494282230734825,19.255541069100392
12,563,686,106,0.04330594092607498,17.160302973862297
12,564,686,106,0.04152555763721466,15.0650648786242
12,565,686,106,0.04299067333340645,13.011299435028253
12,566,686,106,0.04393906891345978,10.816725647234122
12,567,686,106,0.04366105794906616,10.794188861985473
12,568,686,108,0.04368548467755318,10.39479729310238
12,569,686,108,0.04386694356799126,10.189979512013412
12,570,686,108,0.03938547894358635,10.036878375861429
12,571,686,108,0.03938049450516701,12.221208170360715
12,572,686,108,0.04150160774588585,14.496678462780158
12,573,686,108,0.043976496905088425,16.821816601477618
12,574,686,108,0.04360383749008179,19.29186068169119
12,575,686,108,0.04361392930150032,21.811572608182775
12,576,686,108,0.04639988765120506,24.38095238095238
12,577,686,159,0.046607211232185364,24.047619047619047
12,578,686,159,0.045787788927555084,21.52585832246849
12,579,686,159,0.04800916090607643,19.101384491215
12,580,686,159,0.05226524546742439,16.72657850623952
12,581,686,159,0.05002409219741821,14.442913019184207
12,582,686,159,0.04797830060124397,12.258583224684918
12,583,686,159,0.04152180999517441,10.173589122741665
12,584,686,161,0.0414721816778183,8.664121189544918
12,585,686,161,0.043739378452301025,6.396846091761344
12,586,686,161,0.04357892647385597,4.2289066865338025
12,587,686,160,0.04235079512000084,2.1126839262432457
12,588,686,160,0.04442669078707695,2.1582541752033264
12,589,686,161,0.04415782168507576,2.205873222822374
12,590,686,161,0.04450850561261177,2.2555410691003885
12,591,686,161,0.04174458608031273,2.350779164338484
12,592,686,161,0.03995775058865547,2.4460172595765792
12,593,686,161,0.041333697736263275,2.541255354814674
12,594,686,161,0.04356180503964424,2.541255354814674
12,595,686,161,0.04049573838710785,2.3983982119575313
12,596,686,161,0.041449934244155884,2.207922021481341
12,597,686,161,0.04177025705575943,2.0174458310051504
12,598,686,161,0.04391959309577942,1.8745886881480076
12,599,686,161,0.04390738531947136,1.765009002297136
12,600,686,161,0.04198499023914337,1.6948531694294393
12,601,686,161,0.042653732001781464,1.7281306264357108
12,602,686,161,0.04360480234026909,1.7987831377661874
12,603,686,161,0.04230417311191559,1.9687713416526982
12,604,686,163,0.044313494116067886,1.0404792947165848
12,605,686,164,0.042915552854537964,1.0799031476997594
12,606,686,165,0.04338258132338524,1.388650897125474
12,607,686,165,0.04502212256193161,1.1567020550071394
12,608,686,165,0.0460536889731884,1.0281865027627728
12,609,686,165,0.04060012474656105,1.0322841000807093
12,610,686,165,0.04337665066123009,1.1357173899546773
12,611,686,165,0.042648881673812866,1.3384863723846772
12,612,686,167,0.04355744644999504,1.7281306264357108
12,613,686,167,0.044249698519706726,1.7486186130253902
12,614,686,167,0.04424212872982025,1.8684422921711044
12,615,686,167,0.04417207092046738,4.2555410691003885
12,616,686,167,0.04541034251451492,6.63649345005277
12,617,686,167,0.04899375140666962,8.969826783386102
12,618,686,167,0.048486679792404175,11.303160116719436
12,619,686,167,0.04793994128704071,11.160302973862294
12,620,686,167,0.04478630796074867,11.046625690693485
12,621,686,167,0.0436001792550087,11.009747314832058
12,622,686,167,0.04426920413970947,11.04302477183833
12,623,686,167,0.04400306195020676,11.078351027503567
12,624,686,167,0.0432092659175396,11.163345129446823
12,625,686,120,0.04078812524676323,40.39324517290619
12,626,686,120,0.045023370534181595,40.577574967405475
12,627,686,120,0.04604719206690788,40.81157260818278
12,628,686,120,0.045966047793626785,41.095238095238095
12,629,686,172,0.04650145024061203,10.591916558018253
12,630,686,172,0.04690026864409447,10.39529397156516
12,631,686,173,0.047099970281124115,10.813621406841746
12,632,686,173,0.04265846312046051,10.534053517104363
12,633,686,174,0.044093891978263855,10.964673744334762
12,634,686,174,0.04134354740381241,10.697398646551186
12,635,686,174,0.04240822419524193,10.566834295647853
12,636,686,174,0.040191397070884705,8.247842552927295
12,637,686,174,0.040875982493162155,5.978518656484756
12,638,686,174,0.04407135397195816,3.8003352579623746
12,639,686,174,0.043040528893470764,1.6262494567579298
12,640,686,174,0.04391517862677574,1.6718197057180104
12,641,686,176,0.04060325771570206,1.6718197057180104
12,642,686,176,0.04093850404024124,1.578630409138882
12,643,686,176,0.042383112013339996,1.392251815980628
12,644,686,176,0.04229982942342758,1.237101881169676
12,645,686,176,0.045685745775699615,1.2478425529272954
12,646,686,176,0.04415299743413925,1.3702117091947588
12,647,686,176,0.045550454407930374,1.591916558018251
12,648,686,176,0.04404519870877266,1.9129570993977776
12,649,686,178,0.04627899453043938,1.0476190476190477
12,650,686,178,0.04522842913866043,1.3292357360153968
12,651,686,178,0.047076474875211716,2.1387595455392066
12,652,686,178,0.05122211202979088,2.9523809523809526
12,653,686,181,0.05277488753199577,2.2616253802694493
12,654,686,181,0.04743066057562828,2.6323337679269905
12,655,686,183,0.05337885767221451,3.185323151424847
12,656,686,183,0.04526651278138161,3.324082696964053
12,657,686,183,0.04681740328669548,3.570373129695164
12,658,686,183,0.0442638024687767,3.9656671012603213
12,659,686,186,0.04342923313379288,3.7465077295585782
12,660,686,186,0.04862598702311516,3.794126777177626
12,661,686,195,0.0443459078669548,6.095238095238095
12,662,686,195,0.042295850813388824,5.3353821319923
12,663,686,195,0.038566954433918,4.6251940150245225
12,664,686,195,0.03887343779206276,4.107530887191902
12,665,686,195,0.039435938000679016,3.6395356056372985
12,666,686,195,0.039559900760650635,3.316446265598805
12,667,686,195,0.03945457935333252,3.0430247718383288
12,668,686,195,0.03859259560704231,2.819271124355867
13,25,464,8,0.022087974473834038,1.6579747935680147
13,26,464,8,0.021812668070197105,1.811572608182777
13,27,464,8,0.021106643602252007,2.0952380952380945
13,28,464,10,0.0218285471200943,0.8709877692928556
13,29,464,11,0.02058560773730278,0.8377103122865842
13,30,464,11,0.02074192650616169,0.6349413298565845
13,31,464,11,0.021440790966153145,0.693301049233253
13,32,464,13,0.021980630233883858,1.020487986589681
13,33,464,13,0.024863190948963165,0.6313404110014285
13,34,464,13,0.02386011928319931,0.4449618178431744
13,35,464,13,0.029259346425533295,0.5775749674054774
13,36,464,14,0.02993663214147091,0.5089712547339685
13,37,464,15,0.03177040070295334,0.6436332029552371
13,38,464,15,0.03125753998756409,0.4362699447445224
13,39,464,15,0.027876969426870346,0.6226485379027764
13,40,464,16,0.03108072280883789,0.5130688520519049
13,41,464,16,0.028613243252038956,0.7491152914881748
13,42,464,18,0.02845005877315998,0.8904203141491278
13,43,464,18,0.027676500380039215,0.6047060284348434
13,44,464,18,0.03144185245037079,0.534053517104367
13,45,464,18,0.02638491615653038,0.7450176941702383
13,46,464,18,0.025219464674592018,1.1633451294468258
13,47,464,20,0.024003369733691216,0.7762463525175395
13,48,464,20,0.020077235996723175,0.7552616874650788
13,49,464,20,0.018730528652668,0.9329484075246788
13,50,464,23,0.017742684110999107,2.2857142857142856
13,51,464,23,0.017796926200389862,2.002048798658968
13,52,464,23,0.017841557040810585,1.7885391444713488
13,53,464,23,0.018632471561431885,1.6165021419258725
13,54,464,23,0.01790078729391098,1.5438008319364263
13,55,464,23,0.018059691414237022,1.5704352145030132
13,56,464,23,0.018801461905241013,1.6841124976718211
13,57,464,23,0.019199518486857414,1.826969640528964
13,58,464,23,0.01917925849556923,1.8745886881480116
13,59,464,23,0.020339680835604668,1.826969640528964
13,60,464,23,0.02080031856894493,1.8208232445520594
13,61,464,23,0.021146906539797783,1.7214875519960278
13,62,464,23,0.02164783887565136,1.7050971627242832
13,63,464,25,0.02079915441572666,1.528962562860869
13,64,464,25,0.0210122037678957,1.3405351710436466
13,65,464,25,0.021585853770375252,1.2017756255044403
13,66,464,25,0.023622840642929077,1.1541565778853926
13,67,464,25,0.025321930646896362,1.1976780281865038
13,68,464,25,0.028530297800898552,1.3282423790898374
13,69,464,27,0.03386314958333969,1.3717638293909498
13,70,464,27,0.03935699909925461,1.3405351710436466
13,71,464,27,0.0542927160859108,1.3922518159806307
13,72,464,27,0.05523278936743736,1.3487303656795195
13,73,464,28,0.04936225712299347,1.3861054200037262
13,74,464,28,0.04729584977030754,1.2555410691003925
13,75,464,28,0.039646439254283905,1.2411994784876164
13,76,464,28,0.036033228039741516,1.2765257341528546
13,77,464,28,0.031790684908628464,1.3615198360961087
13,78,464,28,0.029035896062850952,1.4961817843173786
13,79,464,28,0.024586612358689308,1.6805115788166645
13,80,464,28,0.02515137568116188,1.8192711243558708
13,81,464,28,0.027271529659628868,2.082448624821506
13,82,464,32,0.02693965658545494,1.6743651828397592
13,83,464,32,0.026894766837358475,1.3906996957844417
13,84,464,32,0.027214644476771355,1.1423604643943637
13,85,464,32,0.026793600991368294,0.9933569255603162
13,86,464,32,0.0305856391787529,0.9436890792823017
13,87,464,32,0.03537753224372864,0.9933569255603176
13,88,464,32,0.03484474495053291,1.1423604643943652
13,89,464,32,0.03771132975816727,1.390699695784443
13,90,464,32,0.04873033985495567,1.721984230458808
13,91,464,36,0.05401766672730446,2.1776867200596013
13,92,464,36,0.06100359186530113,1.9621282672130138
13,93,464,36,0.0647720918059349,1.870987769292855
13,94,464,36,0.06686951220035553,1.829515117650712
13,95,464,36,0.0672316923737526,1.837710312286585
13,96,464,36,0.06945932656526566,1.8955733532004724
13,97,464,36,0.06881225109100342,2.003104240392377
13,98,464,36,0.06869532912969589,2.160302973862296
13,99,464,36,0.0699555054306984,2.3507791643384865
13,100,464,36,0.07017364352941513,2.541255354814677
13,101,464,36,0.07028884440660477,2.7317315452908675
13,102,464,36,0.06838786602020264,2.7317315452908675
13,103,464,36,0.06779808551073074,2.7317315452908675
13,104,464,36,0.06998846679925919,2.7317315452908675
13,105,464,36,0.07021355628967285,2.7317315452908675
13,106,464,36,0.06969954073429108,2.7317315452908675
13,107,464,36,0.06725150346755981,2.541255354814677
13,108,464,36,0.06433277577161789,2.5207673682249947
13,109,464,36,0.06436749547719955,2.5975662755323774
13,110,464,36,0.066330686211586,2.757310486124046
13,111,464,36,0.06447875499725342,2.9831129322654744
13,112,464,36,0.06517510116100311,3.449059415161111
13,113,464,36,0.06494933366775513,3.9170546967157143
13,114,464,36,0.06733865290880203,4.434717824548334
13,115,464,36,0.06651336699724197,5.002048798658969
13,116,464,36,0.06656356155872345,5.619047619047619
13,117,464,40,0.0662725567817688,3.609300304215559
13,118,464,46,0.06607149541378021,3.5534860619606397
13,119,464,47,0.06644802540540695,3.5944620351400016
13,120,464,47,0.0666235089302063,3.153597814614765
13,121,464,47,0.0653412714600563,2.9344384429130193
13,122,464,51,0.06703206151723862,4.809523809523809
13,123,464,50,0.06512744724750519,3.0972868938970635
13,124,464,50,0.06633193790912628,2.3727571863165093
13,125,464,50,0.06698378920555115,1.7122369156267474
13,126,464,50,0.06666393578052521,1.291860681691193
13,127,464,51,0.0718345195055008,0.9313962873284917
13,128,464,51,0.07487405091524124,0.7260818277767452
13,129,464,51,0.07089075446128845,1.0097473148320613
13,130,464,51,0.07390427589416504,1.3410318495064264
13,131,464,54,0.07189816981554031,1.6538771962500776
13,132,464,54,0.07221333682537079,1.4383187434034899
13,133,464,54,0.07309534400701523,1.2642329421990453
13,134,464,54,0.07037847489118576,1.282672130129758
13,135,464,55,0.0709322988986969,1.6267461352207135
13,136,464,55,0.06954201310873032,1.6574781151052342
13,137,464,55,0.06618105620145798,1.7650090022971388
13,138,464,55,0.06436429917812347,1.8745886881480103
13,139,464,55,0.06325453519821167,2.017445831005153
13,140,464,55,0.06009883061051369,2.160302973862296
13,141,464,55,0.06278359144926071,2.2079220214813438
13,142,464,55,0.06216609850525856,2.1126839262432484
13,143,464,55,0.0643678605556488,2.017445831005153
13,144,464,55,0.06267239153385162,1.922207735767058
13,145,464,55,0.05999871343374252,1.7588626063202328
13,146,464,55,0.05598791688680649,1.6805115788166645
13,147,464,56,0.057591792196035385,1.341031849506425
13,148,464,56,0.06071218475699425,1.3225926615757124
13,149,464,56,0.05533842369914055,1.4695474017507917
13,150,464,56,0.0561228021979332,1.666169988203887
13,151,464,58,0.05773082748055458,1.0926926181163485
13,152,464,58,0.05843460559844971,1.1607996523250759
13,153,464,58,0.05787161737680435,1.2954616005463457
13,154,464,58,0.05786801502108574,1.5294592413236474
13,155,464,61,0.05962564796209335,1.5842180418451606
13,156,464,61,0.05659632012248039,1.4746383559942877
13,157,464,62,0.06184519827365875,1.9298441671323026
13,158,464,62,0.06537382304668427,1.8801763208542868
13,159,464,60,0.06525447964668274,1.9867138511206304
13,160,464,60,0.06549471616744995,4.564288818526107
13,161,464,60,0.06862980872392654,7.141863785931581
13,162,464,60,0.06106634438037872,9.624200658098962
13,163,464,66,0.0661047101020813,13.571428571428571
13,164,464,66,0.06712698936462402,13.240144036754206
13,165,464,66,0.06569734960794449,12.995405724219287
13,166,464,62,0.06539499759674072,11.588874402433724
13,167,464,62,0.060889098793268204,11.55404482523127
13,168,464,62,0.061631910502910614,11.570931892965794
13,169,464,62,0.061703722923994064,11.687154653256348
13,170,464,13,0.06313306093215942,42.298007077668096
13,171,464,13,0.059482503682374954,42.625194015024526
13,172,464,13,0.059171922504901886,43.04761904761905
13,173,464,14,0.05367564037442207,42.61699882038866
13,174,464,66,0.05245969444513321,10.842801266530081
13,175,464,66,0.05351017042994499,10.70863599677159
13,176,464,66,0.05190765857696533,10.710684795430558
13,177,464,70,0.0533345490694046,11.931892965791272
13,178,464,70,0.05292506143450737,11.439312100329051
13,179,464,70,0.05676180496811867,11.04606692742286
13,180,464,70,0.06440915167331696,10.78953250139691
13,181,464,70,0.07110857963562012,8.348668280871673
13,182,464,70,0.06886176764965057,6.176631278326194
13,183,464,71,0.06995344161987305,3.5970075122617495
13,184,464,71,0.06764253973960876,1.4889799466070652
13,185,464,73,0.06540871411561966,0.9175513751784938
13,186,464,73,0.06561119109392166,0.9713168187744449
13,187,464,76,0.06342586874961853,1.9047619047619047
13,188,464,76,0.06673368066549301,1.5734773700875397
13,189,464,76,0.06789100170135498,1.3333333333333333
13,190,464,76,0.06698016077280045,1.1925249891351588
13,191,464,76,0.06614287197589874,1.163345129446825
13,192,464,78,0.06649760156869888,1.8755820450735712
13,193,464,78,0.06477539241313934,1.46135220711492
13,194,464,78,0.06428555399179459,1.1940771093313485
13,195,464,78,0.06523960083723068,1.0799031476997594
13,196,464,78,0.06479256600141525,1.181287638914758
13,197,464,78,0.06475020945072174,1.3615198360961074
13,198,464,78,0.064832903444767,1.4009436890792821
13,199,464,78,0.06173750385642052,1.5192152480288077
13,200,464,78,0.05782327055931091,1.7368224995343635
13,201,464,78,0.056559447199106216,2.0204879865896808
13,202,464,82,0.053596578538417816,1.864841373315949
13,203,464,82,0.05016511678695679,1.4859377910225362
13,204,464,82,0.05254368856549263,1.1858819146954742
13,205,464,82,0.0538853257894516,0.9851617309244427
13,206,464,82,0.06283818930387497,0.8837772397094428
13,207,464,82,0.07234154641628265,1.0496678462780158
13,208,464,83,0.07181292772293091,0.9856584093872238
13,209,464,83,0.06765704602003098,1.1679394052275414
13,210,464,83,0.06950804591178894,1.511516731855716
13,211,464,83,0.06851810216903687,1.9544297510399207
13,212,464,83,0.07096095383167267,2.4761904761904763
13,213,464,87,0.06767156720161438,1.2877630843732526
13,214,464,87,0.06379316002130508,1.0931892965791257
13,215,464,87,0.06500913947820663,0.9774632147513496
13,216,464,87,0.0676889568567276,1.0271310610293667
13,217,464,90,0.06897825747728348,2.0476190476190474
13,218,464,90,0.0691293329000473,1.559135779474762
13,219,464,90,0.07197028398513794,1.2299000434593652
13,220,464,90,0.06984781473875046,1.0496678462780158
13,221,464,90,0.06989296525716782,1.018439187930714
13,222,464,90,0.06833891570568085,1.1362140684174584
13,223,464,90,0.0685708299279213,1.3906996957844409
13,224,464,90,0.07172267884016037,1.6743651828397585
13,225,464,94,0.06813115626573563,2.206866579747936
13,226,464,94,0.07028497755527496,1.9892593282423792
13,227,464,94,0.07166765630245209,1.6805115788166631
13,228,464,94,0.07037464529275894,1.4485627366983298
13,229,464,94,0.06985410302877426,1.293412801887379
13,230,464,94,0.07068958133459091,1.2708760166387296
13,231,464,94,0.06970085948705673,1.3973427702241268
13,232,464,94,0.06992749869823456,1.6395356056373014
13,233,464,94,0.06923648715019226,2.012292791953809
13,234,464,94,0.06899695098400116,2.434717824548333
13,235,464,94,0.06904108077287674,2.9068107034208728
13,236,464,94,0.06875689327716827,3.238095238095238
13,237,464,98,0.06920359283685684,1.1428571428571401
13,238,464,98,0.06848892569541931,1.1428571428571401
13,239,464,101,0.06853584945201874,2.619047619047619
13,240,464,101,0.07005301117897034,2.287763084373254
13,241,464,101,0.06982105225324631,1.9109083007388095
13,242,464,101,0.07037100940942764,1.6292916123424601
13,243,464,102,0.06910617649555206,2.066058235549762
13,244,464,102,0.06751754879951477,1.7926367417892852
13,245,464,102,0.06732171028852463,1.63084373253865
13,246,464,102,0.06999094784259796,1.4731483206059497
13,247,464,102,0.0701671913266182,1.3983982119575356
13,248,464,102,0.0726533979177475,1.4398708635996784
13,249,464,102,0.07370881736278534,1.5642888185261072
13,250,464,102,0.07437461614608765,1.603712671509282
13,251,464,104,0.07344616949558258,3.9575339914322973
13,252,464,104,0.07280661165714264,6.292916123424599
13,253,464,102,0.07355398684740067,9.436269944744518
13,254,464,104,0.07273807376623154,11.100391134289438
13,255,464,104,0.07179737091064453,13.57248401316198
13,256,464,106,0.07155384123325348,13.692804370770473
13,257,464,106,0.07091019302606583,13.460855528652138
13,258,464,106,0.07252898067235947,13.286769727447693
13,259,464,106,0.07150948792695999,13.181287638914759
13,260,464,106,0.06497862935066223,13.196125907990314
13,261,464,54,0.06378723680973053,40.63134041100143
13,262,464,55,0.06487880647182465,40.20072018377104
13,263,464,55,0.0660705715417862,40.48028807350841
13,264,464,56,0.062398988753557205,40.13671074688024
13,265,464,56,0.061770446598529816,40.42857142857143
13,266,464,110,0.059672366827726364,13.245793754268329
13,267,464,110,0.061726316809654236,12.933445085987458
13,268,464,110,0.06398236006498337,12.815670205500716
13,269,464,111,0.06636199355125427,12.915005898056744
13,270,464,111,0.06384842842817307,12.813621406841744
13,271,464,111,0.06514877825975418,12.838703669212139
13,272,464,113,0.0663234069943428,10.917054696715715
13,273,464,113,0.06518816947937012,8.173589122741665
13,274,464,113,0.06769886612892151,5.628794933879682
13,275,464,113,0.06859667599201202,3.3179983857949975
13,276,464,115,0.07190345227718353,1.4096355621779348
13,277,464,115,0.0697585716843605,1.2478425529272994
13,278,464,115,0.0683494508266449,3.758862606320234
13,279,464,115,0.08423245698213577,6.398398211957535
13,280,464,115,0.08869607001543045,9.110635127584281
13,281,464,116,0.09371398389339447,11.824920841869996
13,282,464,116,0.10041201859712601,14.398398211957534
13,283,464,116,0.10443991422653198,16.922207735767056
13,284,464,116,0.10008922964334488,19.446017259576582
13,285,464,116,0.09048721939325333,21.969826783386104
13,286,464,116,0.08368296921253204,24.49363630719563
13,287,464,116,0.0802239179611206,26.82696964052896
13,288,464,63,0.07759802788496017,26.864841373315954
13,289,464,63,0.07683780044317245,24.46135220711492
13,290,464,63,0.07723554968833923,22.157198733469922
13,291,464,63,0.0735248550772667,19.952380952380953
13,292,464,66,0.07457729429006577,16.160799652325075
13,293,464,66,0.07502925395965576,13.55044390637611
13,294,464,66,0.07687203586101532,11.093189296579128
13,295,464,66,0.07378501445055008,8.793133420252067
13,296,464,66,0.07424697279930115,6.608803625752779
13,297,464,68,0.07771029323339462,3.420872912398336
13,298,464,70,0.08708614856004715,1.5698764512323844
13,299,464,70,0.09342501312494278,1.3568634755075433
13,300,464,70,0.08887980133295059,1.3092444278884958
13,301,464,70,0.08973008394241333,1.6589681504935736
13,302,464,70,0.08862591534852982,2.2114608555286512
13,303,464,73,0.08709827065467834,1.9948469609486548
13,304,464,73,0.0833452120423317,2.0030421555845277
13,305,464,73,0.08165179193019867,2.2554789842925436
13,306,464,73,0.0807235836982727,2.7045383994536545
13,307,464,76,0.08306180685758591,2.3158875023281786
13,308,464,78,0.08381276577711105,2.417271993543179
13,309,464,78,0.08141270279884338,2.3199850996461153
13,310,464,78,0.08289515227079391,2.417271993543179
13,311,464,82,0.08321752399206161,4.9032097845657185
13,312,464,82,0.08405562490224838,6.636431365244924
13,313,464,82,0.08367826044559479,8.526851679394053
13,314,464,82,0.0840458795428276,8.566275532377224
13,315,464,84,0.08726999908685684,10.628236170609052
13,316,464,85,0.08898548781871796,12.81256596510834
13,317,464,85,0.09241259843111038,14.72142546718818
13,318,464,85,0.09463027864694595,17.071149189793257
13,319,464,85,0.09474636614322662,19.66511454647048
13,320,464,87,0.09256374835968018,21.32408269696405
13,321,464,135,0.09417358785867691,25.75675172285342
13,322,464,135,0.09325339645147324,23.41932079220215
13,323,464,135,0.09045389294624329,21.18122555410691
13,324,464,90,0.09118294715881348,29.899608865710555
13,325,464,139,0.09279980510473251,17.30874774942572
13,326,464,139,0.09400302916765213,14.671260942447383
13,327,464,139,0.09540058672428131,12.230396721922148
13,328,464,141,0.09623441845178604,10.761904761904763
13,329,464,141,0.09371326863765717,8.047619047619047
13,330,464,141,0.09407082200050354,5.482336872167379
13,331,464,141,0.09716129302978516,3.1612963307878554
13,332,464,141,0.0972997322678566,3.2667784193207905
13,333,464,141,0.09872575849294662,3.47159620040976
13,334,464,144,0.09932225197553635,4.155149934810952
13,335,464,144,0.1010553315281868,1.7158378344819014
13,336,464,144,0.10344686359167099,1.688706773452536
13,337,464,144,0.10216495394706726,1.7609114049791996
13,338,464,144,0.10117695480585098,1.9119637424722153
13,339,464,144,0.10381783545017242,2.0174458310051504
13,340,464,144,0.10413005203008652,2.160302973862293
13,341,464,144,0.10177458077669144,2.303160116719436
13,342,464,144,0.09973345696926117,2.350779164338484
13,343,464,144,0.09866683930158615,2.3983982119575313
13,344,464,144,0.09756825119256973,2.4460172595765792
13,345,464,144,0.09787699580192566,2.350779164338484
13,346,464,144,0.0993155762553215,2.2350530825107064
13,347,464,144,0.09927897155284882,2.168994846960946
13,348,464,144,0.09870096296072006,2.1526044576892
13,349,464,144,0.09841123968362808,2.227354566337616
13,350,464,144,0.09797589480876923,2.4014403675420604
13,351,464,144,0.10016615688800812,2.6748618613025394
13,352,464,146,0.10055452585220337,1.619047619047619
13,353,464,146,0.10002951323986053,1.7101881169677777
13,354,464,146,0.10149385780096054,1.9006643074439684
13,355,464,146,0.09942151606082916,2.1904761904761907
13,356,464,152,0.09877821803092957,3.4285714285714284
13,357,464,152,0.09951571375131607,3.097286893897062
13,358,464,152,0.0987151488661766,2.815670205500713
13,359,464,152,0.09873421490192413,4.774197553858569
13,360,464,152,0.10034443438053131,6.782392748494441
13,361,464,152,0.10135386139154434,8.840255789408328
13,362,464,152,0.10200366377830505,10.947786676600234
13,363,464,152,0.10219967365264893,13.104985410070153
13,364,464,152,0.10157281160354614,15.31185198981809
13,365,464,152,0.10295712947845459,17.56838641584404
13,366,464,152,0.10011851787567139,19.87458868814801
13,367,464,152,0.10073192417621613,21.969826783386104
13,368,464,152,0.09685897827148438,24.065064878624202
13,369,464,106,0.09629681706428528,23.969826783386104
13,370,464,106,0.09607186168432236,23.847954305581432
13,371,464,106,0.09570617228746414,23.825417520332778
13,372,464,106,0.09670915454626083,23.902216427640163
13,373,464,108,0.09404667466878891,23.31644626559881
13,374,464,108,0.08868982642889023,23.306202272303967
13,375,464,108,0.08417411148548126,23.39529397156516
13,376,464,108,0.08047761023044586,23.583721363382384
13,377,464,108,0.08313044160604477,24.006146395976906
13,378,464,108,0.08683180063962936,24.478239274849443
13,379,464,108,0.09249169379472733,25.0
13,380,464,159,0.09112151712179184,23.5432420686658
13,381,464,159,0.08932561427354813,21.147948097100635
13,382,464,159,0.09102888405323029,18.996895759607625
13,383,464,161,0.0890117734670639,16.928292046936114
13,384,464,161,0.09025651216506958,14.570373129695165
13,385,464,161,0.09024447202682495,12.390140932513813
13,386,464,161,0.09169260412454605,10.358912274166512
13,387,464,164,0.09399241954088211,8.37070838765754
13,388,464,164,0.09579406678676605,5.697895325013969
13,389,464,164,0.0978168174624443,3.1822809958403204
13,390,464,165,0.09999630600214005,1.0952380952380953
13,391,464,165,0.10549785196781158,1.0245855839076188
13,392,464,167,0.10231079161167145,2.142857142857143
13,393,464,167,0.10687842220067978,1.8238654001365857
13,394,464,167,0.10402776300907135,1.7076426398460285
13,395,464,167,0.10195551067590714,1.7404234183895173
13,396,464,167,0.09994442015886307,1.901719749177373
13,397,464,167,0.09884462505578995,1.8745886881480076
13,398,464,167,0.0986645296216011,1.8085304525982473
13,399,464,167,0.09279637038707733,1.7921400633265014
13,400,464,167,0.09369777143001556,1.9001676289811857
13,401,464,167,0.09224351495504379,2.030731979884519
13,402,464,167,0.09174633026123047,2.21096417706587
13,403,464,167,0.08660898357629776,2.34562612528714
13,404,464,167,0.0888526439666748,2.529955919786427
13,405,464,167,0.08775607496500015,2.7639535605637287
13,406,464,167,0.084629587829113,3.0476190476190474
13,407,464,172,0.08358625322580338,1.5857701620413505
13,408,464,172,0.08207324892282486,1.298007077668095
13,409,464,172,0.08949583768844604,1.1095796858508742
13,410,464,174,0.09256880730390549,2.238095238095238
13,411,464,174,0.10205914080142975,1.867386850437697
13,412,464,174,0.09969569742679596,1.5007760600980922
13,413,464,174,0.09695439040660858,1.2335009623145192
13,414,464,174,0.0950550064444542,1.0988390140932491
13,415,464,174,0.09567363560199738,1.0967902154342823
13,416,464,174,0.09523101896047592,1.2437449556093616
13,417,464,176,0.09439107030630112,1.1956292295275344
13,418,464,176,0.09573144465684891,1.1500589805674535
13,419,464,176,0.09443023800849915,1.1956292295275344
13,420,464,176,0.0916755348443985,1.340535171043644
13,421,464,176,0.09326589107513428,1.48134351524182
13,422,464,178,0.09356328099966049,1.5499472279133297
13,423,464,178,0.09166105091571808,1.3738126280499154
13,424,464,178,0.09013450890779495,1.2970137207425327
13,425,464,178,0.09076834470033646,1.3031601167194362
13,426,464,178,0.09239113330841064,1.3507791643384839
13,427,464,178,0.09030717611312866,1.340535171043644
13,428,464,178,0.08821322023868561,1.3139007884770584
13,429,464,178,0.08817483484745026,1.3866020984665046
13,430,464,178,0.08956634998321533,1.5586391010119822
13,431,464,178,0.08432555198669434,1.8300117961134919
13,432,464,181,0.0823414996266365,1.2724281368349168
13,433,464,181,0.08479195088148117,0.9703234618488853
13,434,464,181,0.08519298583269119,0.8837772397094428
13,435,464,181,0.08145023882389069,0.9667225429937286
13,436,464,181,0.0728665441274643,1.1986713851120634
13,437,464,183,0.07511842995882034,0.78903582293413
13,438,464,183,0.07393970340490341,0.7352703793381763
13,439,464,183,0.0737694501876831,0.8428012665300809
13,440,464,183,0.07269473373889923,1.0993356925560316
13,441,464,183,0.07589519023895264,1.4966784627801584
13,442,464,186,0.07430008053779602,1.200720183771033
13,443,464,186,0.06997141242027283,1.0701558328676994
13,444,464,188,0.06661994755268097,2.380952380952381
13,445,464,188,0.06601445376873016,2.097286893897062
13,446,464,188,0.0651603415608406,1.8714844477556334
14,25,385,15,0.03876786679029465,0.6374868069783324
14,26,385,15,0.03903583437204361,0.5458496305953953
14,27,385,15,0.03770269453525543,0.81107592972
14,28,385,16,0.03634912893176079,0.5745328118209491
14,29,385,18,0.03333743289113045,1.1633451294468244
14,30,385,18,0.03313836082816124,0.7782951511765084
14,31,385,18,0.033211030066013336,0.5586391010119843
14,32,385,18,0.029371237382292747,0.5294592413236507
14,33,385,18,0.0292378980666399,0.7946855404482542
14,34,385,19,0.025018155574798584,0.5832246849196017
14,35,385,19,0.02151666209101677,0.7737008753957921
14,36,385,20,0.019540058448910713,0.6805115788166645
14,37,385,20,0.02030453458428383,0.8914757558825359
14,38,385,21,0.019049949944019318,0.9390948035015835
14,39,385,23,0.01812351495027542,1.9728689389706346
14,40,385,23,0.019389161840081215,1.7844415471534123
14,41,385,23,0.019000636413693428,1.645682001614206
14,42,385,23,0.019686007872223854,1.4982305829763483
14,43,385,23,0.020947042852640152,1.5412553548146783
14,44,385,23,0.02224951609969139,1.6841124976718211
14,45,385,23,0.0220791082829237,1.7793505929099165
14,46,385,23,0.022520489990711212,1.8745886881480116
14,47,385,23,0.024395372718572617,1.9222077357670593
14,48,385,23,0.02462971769273281,1.969826783386107
14,49,385,23,0.025395894423127174,2.01129943502825
14,50,385,23,0.02496185153722763,2.0072018377103134
14,51,385,23,0.026143144816160202,1.9575339914322976
14,52,385,25,0.026810508221387863,1.8622958961942022
14,53,385,25,0.02817138098180294,1.7214875519960278
14,54,385,25,0.028868598863482475,1.6303470540758689
14,55,385,25,0.030499929562211037,1.588874402433726
14,56,385,25,0.03260735049843788,1.5412553548146783
14,57,385,25,0.03069375827908516,1.4936363071956307
14,58,385,25,0.03336920589208603,1.4670019246290438
14,59,385,25,0.03512049466371536,1.5397032346184898
14,60,385,25,0.03595518320798874,1.7117402371639663
14,61,385,27,0.033785562962293625,1.1464580617123008
14,62,385,27,0.03597044199705124,1.1362140684174598
14,63,385,27,0.03622385859489441,1.1300676724405552
14,64,385,27,0.03933720290660858,1.2232569690196822
14,65,385,27,0.041860390454530716,1.4531570124790474
14,66,385,28,0.040994882583618164,1.0553175637921408
14,67,385,28,0.04247024282813072,1.2729248152976966
14,68,385,32,0.05149174854159355,2.3809523809523805
14,69,385,32,0.052556637674570084,2.0020487986589677
14,70,385,32,0.05463852733373642,1.6728130626435707
14,71,385,32,0.04793891683220863,1.413733159495872
14,72,385,32,0.053121309727430344,1.2790712112746019
14,73,385,32,0.049206823110580444,1.1735891227416655
14,74,385,32,0.04622126743197441,1.225305767678651
14,75,385,32,0.048478178679943085,1.4756937977276958
14,76,385,32,0.05003349483013153,1.88787483702738
14,77,385,34,0.05216798558831215,1.3789035822934121
14,78,385,34,0.05300956964492798,1.486434469485318
14,79,385,34,0.05487015098333359,1.5775749674054769
14,80,385,34,0.059086695313453674,1.7680511578816673
14,81,385,34,0.06019725278019905,2.0496678462780165
14,82,385,34,0.06003093719482422,2.380952380952382
14,83,385,40,0.055817026644945145,3.238095238095238
14,84,385,40,0.05428174138069153,2.9068107034208728
14,85,385,40,0.05756398290395737,2.625194015024524
14,86,385,40,0.05654086545109749,2.39324517290619
14,87,385,40,0.059118300676345825,2.210964177065873
14,88,385,40,0.05745929107069969,2.173589122741665
14,89,385,40,0.05558755621314049,2.185881914695474
14,90,385,40,0.05560937523841858,2.247842552927298
14,91,385,40,0.05350083112716675,2.3594710374371393
14,92,385,40,0.053645744919776917,2.330291177748804
14,93,385,40,0.05371655896306038,2.3507791643384865
14,94,385,40,0.0537329837679863,2.160302973862296
14,95,385,40,0.05230603367090225,2.0302353014217425
14,96,385,40,0.05461633577942848,2.0471223691562677
14,97,385,40,0.05527991056442261,2.2585832246849202
14,98,385,40,0.055777408182621,2.5361023157633333
14,99,385,40,0.05511315539479256,2.863289253119762
14,100,385,40,0.05459301173686981,3.2401440367542063
14,101,385,40,0.054187268018722534,3.6666666666666665
14,102,385,44,0.053320445120334625,1.567827652573416
14,103,385,44,0.05461448058485985,1.6133979015334954
14,104,385,44,0.05481797829270363,1.8059228906686542
14,105,385,47,0.05387318134307861,1.8264108772583352
14,106,385,48,0.05290995165705681,2.014838269075556
14,107,385,50,0.05199045687913895,3.0
14,108,385,50,0.05283797159790993,2.383001179611349
14,109,385,50,0.051951102912425995,1.8489476625069856
14,110,385,50,0.05615571141242981,1.4224250325945254
14,111,385,50,0.061425503343343735,1.149003538834049
14,112,385,50,0.059630136936903,1.0122927919538094
14,113,385,50,0.06425472348928452,1.2109641770658728
14,114,385,51,0.06262588500976562,1.1090830073880917
14,115,385,51,0.061379797756671906,1.2724281368349168
14,116,385,54,0.055799342691898346,1.844353386726268
14,117,385,54,0.05244693160057068,1.6287949338796803
14,118,385,54,0.05392953008413315,1.3471782454833312
14,119,385,54,0.04787734895944595,1.1152294033649977
14,120,385,54,0.04512916877865791,0.9452411994784895
14,121,385,54,0.046534616500139236,0.8873781585645995
14,122,385,54,0.04598427563905716,0.9995033215372202
14,123,385,54,0.04779774323105812,1.2524368287080156
14,124,385,54,0.04957453906536102,1.7142857142857142
14,125,385,55,0.04729551076889038,1.287763084373254
14,126,385,56,0.052782993763685226,0.9979512013410318
14,127,385,56,0.05059030279517174,1.1843297944992859
14,128,385,58,0.04864935204386711,0.7491152914881741
14,129,385,58,0.0557735413312912,0.5816725647234139
14,130,385,58,0.04931259527802467,0.612901223070717
14,131,385,60,0.04609108716249466,1.1223691562674614
14,132,385,60,0.05538071691989899,0.7746942323213517
14,133,385,60,0.053049806505441666,0.6712609424473822
14,134,385,61,0.05458969622850418,0.6856025330601605
14,135,385,62,0.05334153771400452,0.8863227168311913
14,136,385,62,0.05747378244996071,0.6231452163655549
14,137,385,62,0.06066228076815605,0.6313404110014277
14,138,385,62,0.06268138438463211,1.0204879865896817
14,139,385,63,0.0644230768084526,0.7700999565406355
14,140,385,63,0.057262226939201355,1.1551499348109515
14,141,385,66,0.05461156740784645,1.2713726951015087
14,142,385,66,0.050653740763664246,0.9841062891910359
14,143,385,66,0.04981079697608948,0.8827217979760361
14,144,385,66,0.047817278653383255,1.056310920717701
14,145,385,66,0.04774700477719307,1.4060346433227802
14,146,385,66,0.04029679670929909,1.9523809523809517
14,147,385,68,0.044130537658929825,1.2990004345936539
14,148,385,70,0.046624310314655304,1.3281802942819882
14,149,385,70,0.051863253116607666,1.2452349909977023
14,150,385,70,0.05440966784954071,1.4044825231265896
14,151,385,71,0.06198180094361305,1.2513813869746055
14,152,385,73,0.05330347269773483,1.3133420252064307
14,153,385,73,0.04882657900452614,1.152045694418574
14,154,385,74,0.04839369282126427,1.1950704662569054
14,155,385,74,0.046850599348545074,1.0501645247407942
14,156,385,76,0.04610717296600342,1.7081393183088096
14,157,385,76,0.04650752246379852,1.2775190910784129
14,158,385,76,0.04631347209215164,1.0619606382318252
14,159,385,78,0.04730863496661186,2.0476190476190474
14,160,385,78,0.04632939398288727,1.534053517104365
14,161,385,78,0.046697817742824554,1.119823679145714
14,162,385,78,0.044615913182497025,0.9227044142298391
14,163,385,78,0.042543765157461166,1.0179425094679342
14,164,385,78,0.04440053924918175,1.274973613956666
14,165,385,78,0.045166149735450745,1.5837213633823808
14,166,385,78,0.048627618700265884,1.9585273483578571
14,167,385,78,0.04777653515338898,4.6687154653256355
14,168,385,78,0.04719684645533562,7.428571428571429
14,169,385,82,0.04467862471938133,7.8863227168311925
14,170,385,82,0.0458572618663311,10.058359719376668
14,171,385,82,0.04526083171367645,12.37940026075619
14,172,385,82,0.04685122147202492,14.812069286645556
14,173,385,85,0.047457195818424225,16.804370770472467
14,174,385,85,0.04791064187884331,18.75265412553548
14,175,385,85,0.04440716654062271,20.95542310796548
14,176,385,85,0.04400219768285751,23.30719562922953
14,177,385,135,0.04436274617910385,24.61904761904762
14,178,385,135,0.0449707955121994,21.811572608182775
14,179,385,135,0.045444685965776443,19.053765443595953
14,180,385,135,0.04460221901535988,16.573477370087538
14,181,385,135,0.04469901695847511,14.14490594151611
14,182,385,135,0.04516718164086342,11.815670205500712
14,183,385,135,0.04480468109250069,9.585770162041348
14,184,385,135,0.04539285972714424,7.610852424411746
14,185,385,138,0.04528924450278282,5.947786676600236
14,186,385,138,0.0448710173368454,3.4920841869994397
14,187,385,138,0.0468057319521904,1.1357173899546773
14,188,385,138,0.04716214910149574,0.9990066430744378
14,189,385,138,0.04649151489138603,0.9493387967964233
14,190,385,138,0.04654308781027794,1.0445768920345184
14,191,385,139,0.045584578067064285,1.0425280933755516
14,192,385,139,0.04761059582233429,1.1500589805674535
14,193,385,139,0.04821902886033058,1.3861054200037248
14,194,385,141,0.04681660607457161,1.7757496740547585
14,195,385,141,0.047589585185050964,1.61600546346309
14,196,385,141,0.04749153554439545,1.392251815980628
14,197,385,141,0.04759707301855087,1.2847209287887236
14,198,385,141,0.0470675490796566,1.5335568386415812
14,199,385,141,0.04745412617921829,1.8525485813621383
14,200,385,141,0.046998754143714905,2.2585832246849176
14,201,385,141,0.04700414091348648,2.726578506239521
14,202,385,141,0.046227969229221344,3.1966225864530937
14,203,385,141,0.047866273671388626,3.716334512944681
14,204,385,141,0.0475182831287384,4.285714285714286
14,205,385,144,0.04888506606221199,2.540696591544052
14,206,385,146,0.048524998128414154,2.2908052399577845
14,207,385,146,0.0470917746424675,2.4336623828149273
14,208,385,152,0.047631509602069855,4.285714285714286
14,209,385,152,0.047019071877002716,3.6687154653256338
14,210,385,152,0.04721709340810776,3.1013844912149984
14,211,385,152,0.04566040635108948,2.658471472030791
14,212,385,152,0.04835022985935211,2.3148941454026177
14,213,385,152,0.05091624706983566,2.1121251629726183
14,214,385,152,0.051288895308971405,2.141305022660956
14,215,385,153,0.05071629583835602,3.8965667101260317
14,216,385,154,0.053927794098854065,5.960576147016825
14,217,385,154,0.05034932866692543,8.08859502079841
14,218,385,154,0.04784489795565605,10.359471037437139
14,219,385,155,0.04539792984724045,12.309803191159125
14,220,385,155,0.04316982626914978,12.452660334016265
14,221,385,161,0.042325496673583984,15.047619047619047
14,222,385,161,0.04451645910739899,14.52585832246849
14,223,385,161,0.041244201362133026,14.006146395976906
14,224,385,161,0.04131468012928963,13.515614329173646
14,225,385,112,0.04507017880678177,36.87763084373255
14,226,385,112,0.047408800572156906,37.34562612528715
14,227,385,112,0.04772726446390152,37.86124045446079
14,228,385,113,0.04589230194687843,37.57142857142857
14,229,385,113,0.04682273790240288,38.095238095238095
14,230,385,163,0.043562859296798706,12.534053517104368
14,231,385,163,0.04013339430093765,12.565282175451665
14,232,385,164,0.04309265315532684,12.465946482895637
14,233,385,165,0.045160118490457535,12.495126342583971
14,234,385,167,0.04390119016170502,13.155646613273731
14,235,385,167,0.041716597974300385,12.810020487986591
14,236,385,167,0.04204322025179863,10.294902837275718
14,237,385,167,0.04465126246213913,7.9677158999192885
14,238,385,167,0.04346266761422157,5.8100204879865895
14,239,385,167,0.03981460630893707,3.8863227168311894
14,240,385,167,0.04448019340634346,2.1904761904761907
14,241,385,170,0.04279119893908501,0.890916992611911
14,242,385,172,0.03895694389939308,1.5714285714285714
14,243,385,172,0.0442461222410202,1.082945303284286
14,244,385,172,0.045128222554922104,0.8033774135469062
14,245,385,172,0.04411984235048294,0.8013286148879393
14,246,385,173,0.04476965591311455,0.9503321537219855
14,247,385,174,0.04371750354766846,1.298007077668095
14,248,385,174,0.041380688548088074,1.121872477804681
14,249,385,174,0.04101831465959549,1.1567020550071394
14,250,385,176,0.0400548093020916,1.9211522940336505
14,251,385,176,0.041666727513074875,1.6165021419258696
14,252,385,176,0.042586956173181534,1.61600546346309
14,253,385,176,0.04176921397447586,1.7317315452908648
14,254,385,176,0.04328543320298195,1.9222077357670553
14,255,385,176,0.04537936672568321,4.065064878624198
14,256,385,176,0.04312939569354057,6.207922021481341
14,257,385,176,0.04507042467594147,8.303160116719436
14,258,385,176,0.045169755816459656,10.303160116719436
14,259,385,176,0.043896935880184174,12.303160116719436
14,260,385,176,0.04470496624708176,14.112683926243246
14,261,385,176,0.0427776500582695,15.826969640528958
14,262,385,176,0.045260582119226456,17.541255354814677
14,263,385,176,0.04578130692243576,19.160302973862297
14,264,385,176,0.04544620215892792,20.779350592909914
14,265,385,135,0.046339500695466995,21.6395356056373
14,266,385,135,0.04636961221694946,19.821816601477614
14,267,385,135,0.04576021805405617,18.24219283541317
14,268,385,136,0.04471403732895851,15.857142857142858
14,269,385,136,0.043699413537979126,14.285714285714286
14,270,385,140,0.04417307302355766,10.598062953995159
14,271,385,140,0.04496863856911659,8.666666666666666
14,272,385,140,0.04500581696629524,6.8346060718942105
14,273,385,142,0.04685169830918312,5.163345129446825
14,274,385,142,0.0470171682536602,3.149003538834049
14,275,385,142,0.04793190211057663,1.2339976407773017
14,276,385,142,0.04721622169017792,1.2503880300490475
14,277,385,145,0.04790274798870087,2.619047619047619
14,278,385,145,0.04853969067335129,2.1925249891351575
14,279,385,145,0.04862561076879501,1.8755820450735698
14,280,385,145,0.04841741546988487,1.6784627801576935
14,281,385,145,0.04787379875779152,1.75066741168436
14,282,385,145,0.04843093082308769,1.9222077357670553
14,283,385,145,0.048947107046842575,2.160302973862293
14,284,385,145,0.04646574333310127,2.303160116719436
14,285,385,145,0.04672858119010925,2.4460172595765792
14,286,385,145,0.046947941184043884,2.588874402433722
14,287,385,145,0.046581923961639404,2.6364934500527695
14,288,385,145,0.045831043273210526,2.4731483206059446
14,289,385,145,0.04726749658584595,2.3594710374371366
14,290,385,145,0.04592778906226158,2.295461600546343
14,291,385,145,0.045523639768362045,2.281120009933567
14,292,385,145,0.04522304981946945,2.316446265598805
14,293,385,145,0.045620884746313095,2.4014403675420604
14,294,385,145,0.04620520770549774,2.5775749674054746
14,295,385,145,0.045730967074632645,2.8115726081827765
14,296,385,145,0.045339636504650116,3.0952380952380953
14,297,385,147,0.04567873850464821,1.72248090892159
14,298,385,152,0.046436700969934464,3.238095238095238
14,299,385,152,0.045798059552907944,2.859191655801824
14,300,385,152,0.044391945004463196,2.529955919786427
14,301,385,152,0.04469786211848259,2.202768982429997
14,302,385,152,0.04799756780266762,1.9252498913515843
14,303,385,152,0.047826942056417465,1.697398646551186
14,304,385,152,0.04977614805102348,1.4239771527907097
14,305,385,152,0.048199087381362915,1.2294033649965828
14,306,385,152,0.05229293182492256,1.240144036754205
14,307,385,152,0.051849059760570526,1.4905320668032525
14,308,385,152,0.051646869629621506,2.0476190476190474
14,309,385,154,0.04931306466460228,0.9416402806233328
14,310,385,154,0.04985584318637848,1.0476190476190477
14,311,385,155,0.05086350068449974,0.7619047619047646
14,312,385,155,0.050968900322914124,0.9359905631092066
14,313,385,155,0.05193007364869118,1.3230893400384935
14,314,385,157,0.05057991296052933,0.7296206618240527
14,315,385,157,0.045229312032461166,0.7915813000558793
14,316,385,158,0.045685213059186935,0.7982243744955624
14,317,385,158,0.04847370460629463,0.8806729993170685
14,318,385,160,0.05104238539934158,0.975414416092384
14,319,385,160,0.04921881854534149,0.6901968088408781
14,320,385,161,0.04742066189646721,0.8059228906686555
14,321,385,161,0.04699965938925743,0.6881480101819084
14,322,385,162,0.04809124767780304,0.6963432048177841
14,323,385,163,0.047617893666028976,0.8243620785993683
14,324,385,163,0.05461385101079941,0.5243062022723063
14,325,385,164,0.05648304522037506,0.7414167753150823
14,326,385,164,0.05657058209180832,0.5693797727696046
14,327,385,164,0.05474274232983589,0.7511640901471397
14,328,385,164,0.055767036974430084,1.069659154404917
14,329,385,166,0.053819287568330765,0.8218166014776216
14,330,385,167,0.051469333469867706,1.2380952380952381
14,331,385,167,0.05467477813363075,0.9375426833053964
14,332,385,168,0.05063644051551819,1.3850499782703174
14,333,385,168,0.05168112367391586,1.1049854100701553
14,334,385,168,0.0512239895761013,1.0384304960576125
14,335,385,167,0.05498857796192169,1.092195939653566
14,336,385,168,0.05266422778367996,0.9616315887502326
14,337,385,168,0.04945601895451546,1.034332898739676
14,338,385,168,0.05198479816317558,1.3702117091947614
14,339,385,170,0.0560714453458786,1.084497423480473
14,340,385,170,0.05529867485165596,1.022536785248649
14,341,385,170,0.05291823297739029,1.0245855839076161
14,342,385,170,0.05189754441380501,1.2503880300490475
14,343,385,171,0.050540193915367126,0.9047619047619048
14,344,385,171,0.0505312979221344,1.3374309306512697
14,345,385,172,0.05040445923805237,1.1223691562674634
14,346,385,172,0.050871435552835464,1.619047619047619
14,347,385,175,0.048679597675800323,1.4044825231265923
14,348,385,176,0.04748734086751938,1.632333767926988
14,349,385,176,0.046728864312171936,1.3901409325138134
14,350,385,176,0.0478888563811779,1.4295647854969882
14,351,385,176,0.051687147468328476,1.7193766685292102
14,352,385,176,0.05072517693042755,2.108524244117464
14,353,385,178,0.04809175804257393,1.6799528155460384
14,354,385,181,0.047361940145492554,2.4065313217855593
14,355,385,181,0.051795218139886856,2.3901409325138134
14,356,385,181,0.05140017345547676,2.570373129695164
14,357,385,181,0.049872640520334244,2.8996088657105608
14,358,385,183,0.048833705484867096,3.0445148072266734
14,359,385,183,0.0502142570912838,3.290805239957782
14,360,385,183,0.050271857529878616,3.6860992115229414
14,361,385,186,0.05091480165719986,3.512510088781277
14,362,385,186,0.049851831048727036,3.4607934438442927
14,363,385,187,0.04890324920415878,3.3199850996461193
14,364,385,195,0.04781138151884079,5.619047619047619
14,365,385,195,0.04453207552433014,5.002048798658967
14,366,385,195,0.044579148292541504,4.434717824548332
14,367,385,195,0.04502429440617561,3.9170546967157116
15,25,376,13,0.023761119693517685,0.7060905196498414
15,26,376,13,0.026753384619951248,0.5944620351400017
15,27,376,13,0.026251239702105522,0.7808406282982557
15,28,376,14,0.03059541992843151,0.6149500217296833
15,29,376,15,0.036726441234350204,0.6789594586204754
15,30,376,15,0.03169194608926773,0.5463463090581749
15,31,376,16,0.03171210363507271,0.5606878996709512
15,32,376,16,0.03303489461541176,0.5791270876016652
15,33,376,18,0.028268391266465187,1.0972868938970641
15,34,376,18,0.027483075857162476,0.7496119699509532
15,35,376,18,0.03874506056308746,0.5217607251505576
15,36,376,18,0.02759513258934021,0.5504439063761127
15,37,376,18,0.025235839188098907,0.885826038368413
15,38,376,19,0.024890251457691193,0.6349413298565858
15,39,376,20,0.02126949280500412,0.7096914385049994
15,40,376,20,0.021808860823512077,0.7921400633265042
15,41,376,20,0.021830618381500244,1.0819519463587264
15,42,376,23,0.02138284035027027,2.0476190476190474
15,43,376,23,0.022011777386069298,1.6892034519153172
15,44,376,23,0.02178880386054516,1.4552058111380155
15,45,376,23,0.024654341861605644,1.283168808592539
15,46,376,23,0.02250218763947487,1.2268578878748388
15,47,376,23,0.022889316082000732,1.3031601167194402
15,48,376,23,0.0245929267257452,1.446017259576583
15,49,376,23,0.02181432954967022,1.487489911218726
15,50,376,23,0.02352437749505043,1.531011361519837
15,51,376,23,0.022555509582161903,1.6242006580989643
15,52,376,25,0.024962814524769783,1.6718197057180118
15,53,376,25,0.028179705142974854,1.4833923139007896
15,54,376,25,0.029747262597084045,1.344632768361583
15,55,376,25,0.03083731234073639,1.2350530825107104
15,56,376,25,0.0310344398021698,1.2580865462221407
15,57,376,25,0.02965414710342884,1.3804557024896011
15,58,376,25,0.029944876208901405,1.6395356056373014
15,59,376,27,0.03376815840601921,0.8960700316632535
15,60,376,27,0.03275846689939499,0.9354938846464281
15,61,376,27,0.03216272220015526,1.0742534301856346
15,62,376,27,0.03697974607348442,1.432669025889365
15,63,376,28,0.03882678225636482,1.101384491215
15,64,376,28,0.03569958731532097,1.4761904761904763
15,65,376,32,0.03788008913397789,1.979512013410317
15,66,376,32,0.03723520040512085,1.6630657478115107
15,67,376,32,0.03822621703147888,1.5908611162848443
15,68,376,32,0.03783968463540077,1.6343825665859568
15,69,376,32,0.03702973201870918,1.8392003476749248
15,70,376,32,0.03996143490076065,2.2262991246042105
15,71,376,32,0.04152601584792137,2.7291239833612737
15,72,376,34,0.04260805621743202,2.122865834730241
15,73,376,36,0.04199036955833435,1.8105171664493704
15,74,376,36,0.0408608615398407,1.7813373067610354
15,75,376,38,0.04154890775680542,1.6569193518346066
15,76,376,40,0.04210419952869415,2.3686595889985718
15,77,376,42,0.04211253300309181,3.5238095238095237
15,78,376,42,0.04267822578549385,3.002048798658968
15,79,376,42,0.04202621802687645,2.5299559197864285
15,80,376,42,0.04249124974012375,1.9728689389706346
15,81,376,42,0.0422443151473999,1.5361023157633331
15,82,376,42,0.042376819998025894,1.1986713851120634
15,83,376,42,0.0420856736600399,1.2150617743838092
15,84,376,42,0.04155844822525978,1.4715962004097587
15,85,376,42,0.04250336438417435,1.8274663189917437
15,86,376,42,0.041093602776527405,2.1648972496430123
15,87,376,44,0.04134611785411835,1.6948531694294406
15,88,376,44,0.04190618917346001,1.6554293164462646
15,89,376,44,0.04146158695220947,1.6656733097411058
15,90,376,47,0.041382912546396255,2.639535605637301
15,91,376,47,0.04131949692964554,2.3082510709629362
15,92,376,47,0.04429924115538597,2.026634382566587
15,93,376,44,0.04460114240646362,1.8008319364251568
15,94,376,44,0.04595258831977844,1.9708201403116665
15,95,376,44,0.046912334859371185,2.2857142857142856
15,96,376,45,0.04696502164006233,1.7409200968523013
15,97,376,47,0.050542183220386505,1.3594710374371393
15,98,376,47,0.0519818551838398,1.231452163655555
15,99,376,47,0.055400166660547256,1.2150617743838092
15,100,376,47,0.06016303226351738,1.430620227230398
15,101,376,50,0.058607932180166245,1.657974793568014
15,102,376,50,0.0595226064324379,1.213012975724841
15,103,376,50,0.057980407029390335,0.8136214068417473
15,104,376,50,0.056972187012434006,0.6728130626435713
15,105,376,50,0.05681593716144562,0.6830570559384138
15,106,376,50,0.05684395879507065,0.9687713416526982
15,107,376,52,0.057908475399017334,0.759359284783014
15,108,376,52,0.060291726142168045,0.6287949338796791
15,109,376,52,0.06043302267789841,0.6600235922269823
15,110,376,54,0.05854746326804161,1.1300676724405538
15,111,376,54,0.055014610290527344,0.7798472713726962
15,112,376,54,0.05884004384279251,0.5893710808965057
15,113,376,54,0.05653878301382065,0.5893710808965057
15,114,376,54,0.05442768707871437,0.8254175203327756
15,115,376,55,0.05512776970863342,0.6907555721115056
15,116,376,56,0.05149124935269356,0.8008319364251555
15,117,376,56,0.04681815579533577,0.7716520767368219
15,118,376,56,0.051659125834703445,0.9498354752592031
15,119,376,58,0.051182910799980164,0.9728689389706346
15,120,376,58,0.04839153215289116,0.734773700875398
15,121,376,58,0.044162508100271225,0.6871546532563503
15,122,376,58,0.0466434471309185,0.8423045880673011
15,123,376,58,0.0477900430560112,1.196622586453095
15,124,376,58,0.052862498909235,1.6210964177065872
15,125,376,58,0.050602030009031296,2.0952380952380953
15,126,376,62,0.04854574799537659,1.3809523809523816
15,127,376,62,0.0489317886531353,0.9503321537219862
15,128,376,62,0.05178963765501976,0.846898863848018
15,129,376,63,0.05239043012261391,1.0230334637114322
15,130,376,63,0.052986569702625275,0.9651704227975435
15,131,376,63,0.0580756701529026,1.1392562240019868
15,132,376,63,0.05837252736091614,1.4746383559942884
15,133,376,65,0.05157362297177315,1.1249146333892093
15,134,376,65,0.0528404675424099,1.2426895138759537
15,135,376,65,0.05357689410448074,1.5924132364810315
15,136,376,66,0.04716883972287178,1.2652262991246042
15,137,376,68,0.04700392484664917,1.0691003911342873
15,138,376,70,0.047527432441711426,1.8264108772583352
15,139,376,70,0.04832576960325241,1.516111007636432
15,140,376,70,0.05024643987417221,1.4024337244676228
15,141,376,70,0.05125267058610916,1.4459551747687338
15,142,376,70,0.060101062059402466,1.6799528155460355
15,143,376,73,0.05397595465183258,1.5473396659837324
15,144,376,73,0.04812145233154297,1.437759980132861
15,145,376,73,0.04696078971028328,3.735767057800957
15,146,376,73,0.04657858982682228,6.278015769541195
15,147,376,73,0.04407723248004913,9.037375054324208
15,148,376,76,0.04477059841156006,10.620040975973179
15,149,376,78,0.04287679120898247,13.288756441298812
15,150,376,78,0.0432177372276783,15.282610045321908
15,151,376,78,0.04294528812170029,17.375799341901036
15,152,376,78,0.04431886598467827,19.57651952567207
15,153,376,78,0.045412126928567886,22.129012230707147
15,154,376,82,0.04504171386361122,23.839697026137703
15,155,376,129,0.04432068392634392,24.027627739492146
15,156,376,131,0.04425488039851189,22.414229837958654
15,157,376,131,0.047601744532585144,19.576022847209288
15,158,376,131,0.04721108078956604,16.886819395293976
15,159,376,131,0.04826997220516205,14.464394362699446
15,160,376,131,0.04889269918203354,14.087539579065005
15,161,376,131,0.04702410846948624,13.780840628298254
15,162,376,131,0.04529259726405144,13.523809523809524
15,163,376,135,0.046776652336120605,13.714285714285714
15,164,376,135,0.0479319728910923,12.827962997454522
15,165,376,135,0.046977270394563675,12.277022412615633
15,166,376,136,0.04877135157585144,14.554541503694043
15,167,376,136,0.04612948000431061,16.279071211274598
15,168,376,136,0.046961020678281784,18.09883901409325
15,169,376,136,0.04713493958115578,19.968274663189916
15,170,376,98,0.04518174007534981,19.969826783386104
15,171,376,98,0.04702585190534592,18.398398211957534
15,172,376,98,0.046507928520441055,16.82696964052896
15,173,376,98,0.04655434191226959,15.255541069100392
15,174,376,98,0.046584468334913254,13.49363630719563
15,175,376,98,0.04801150783896446,11.731731545290867
15,176,376,98,0.048307426273822784,9.969826783386106
15,177,376,98,0.048115648329257965,8.160302973862295
15,178,376,98,0.04848378151655197,6.350779164338486
15,179,376,98,0.04839861020445824,4.541255354814678
15,180,376,98,0.05109314247965813,2.731731545290869
15,181,376,98,0.05140770971775055,2.731731545290869
15,182,376,98,0.04994039237499237,2.588874402433726
15,183,376,98,0.04978174716234207,2.4460172595765832
15,184,376,98,0.049659647047519684,2.3031601167194404
15,185,376,98,0.05065563693642616,2.160302973862297
15,186,376,98,0.050825703889131546,1.969826783386107
15,187,376,98,0.05043613165616989,1.8167256472341229
15,188,376,98,0.05122971162199974,1.7132923573601548
15,189,376,98,0.05032457411289215,1.6723163841807915
15,190,376,98,0.051207784563302994,1.7803439498354758
15,191,376,98,0.0514141246676445,2.0
15,192,376,101,0.05203944072127342,1.2248090892158692
15,193,376,101,0.051337238401174545,0.8935245545415041
15,194,376,101,0.05201248079538345,0.6784627801576962
15,195,376,101,0.05132969468832016,0.7183833116036508
15,196,376,102,0.0511602945625782,0.5110200533929347
15,197,376,102,0.05312545970082283,0.6502762773949209
15,198,376,102,0.053610049188137054,0.9856584093872224
15,199,376,104,0.05446622520685196,0.7040417209908745
15,200,376,104,0.05212222412228584,0.5550381821568283
15,201,376,104,0.052428144961595535,0.8305084745762715
15,202,376,105,0.05501147359609604,0.5611845781337303
15,203,376,106,0.05717548355460167,0.5575836592785736
15,204,376,106,0.060248538851737976,0.5801204445272241
15,205,376,107,0.055487751960754395,0.551437263301669
15,206,376,107,0.05723325163125992,0.6256906934873034
15,207,376,109,0.051927756518125534,0.9795120134103191
15,208,376,108,0.048389893025159836,0.8223132799403986
15,209,376,110,0.04939362034201622,0.7787918296392875
15,210,376,110,0.04935824126005173,0.569876451232383
15,211,376,111,0.05089443176984787,0.7270751847023034
15,212,376,111,0.048712167888879776,0.5637300552554796
15,213,376,112,0.048308905214071274,0.5903644378220653
15,214,376,112,0.046261388808488846,0.5427453902030176
15,215,376,112,0.05016573518514633,0.7972310175700001
15,216,376,113,0.052798207849264145,0.5960141553361888
15,217,376,115,0.05150390416383743,1.3333333333333333
15,218,376,115,0.051042426377534866,1.0435214503011112
15,219,376,115,0.04893393814563751,0.7117402371639663
15,220,376,115,0.04560708999633789,0.6907555721115056
15,221,376,117,0.04530004784464836,1.3891475755882539
15,222,376,117,0.04770122468471527,1.06810703420873
15,223,376,117,0.04680268466472626,0.8668901719749185
15,224,376,117,0.04665754362940788,0.8110759297199993
15,225,376,117,0.047048624604940414,0.9954057242192851
15,226,376,117,0.04652155190706253,1.2708760166387296
15,227,376,117,0.04881049692630768,1.585770162041349
15,228,376,117,0.048193223774433136,2.0
15,229,376,120,0.05195309966802597,0.7967343391072218
15,230,376,120,0.04389169439673424,0.7429688955112681
15,231,376,121,0.04240288585424423,0.8484509840442032
15,232,376,120,0.04423123225569725,1.0040975973179351
15,233,376,120,0.04446881264448166,1.3230893400384922
15,234,376,123,0.04453238844871521,1.2380952380952388
15,235,376,123,0.050328515470027924,0.8530452598249214
15,236,376,123,0.05727164447307587,0.7414167753150817
15,237,376,123,0.04440692067146301,0.8658347302415105
15,238,376,125,0.04592829570174217,0.9938536040230966
15,239,376,125,0.044662587344646454,0.6292916123424602
15,240,376,125,0.04623354971408844,0.6605202706897619
15,241,376,125,0.04378019645810127,0.9196001738374621
15,242,376,125,0.045780472457408905,1.267275097783573
15,243,376,127,0.04732561111450195,0.7101881169677778
15,244,376,127,0.04688884690403938,0.8571428571428585
15,245,376,129,0.047083768993616104,1.1351586266840483
15,246,376,129,0.04752336069941521,0.8950145899298434
15,247,376,129,0.04555804282426834,0.861737132923572
15,248,376,129,0.04575766250491142,1.0767989073073825
15,249,376,131,0.046139758080244064,1.0107406717576222
15,250,376,131,0.046600423753261566,0.9011609859067481
15,251,376,131,0.0469360426068306,1.0066430744396857
15,252,376,131,0.047712184488773346,1.4557024896007953
15,253,376,135,0.04724687337875366,1.961072825479605
15,254,376,135,0.04733407124876976,1.5181598062953976
15,255,376,135,0.04666008800268173,1.4024337244676228
15,256,376,135,0.04702502489089966,1.5309492767119868
15,257,376,135,0.045104339718818665,1.7874837027379402
15,258,376,135,0.045736849308013916,2.1930216675979373
15,259,376,135,0.04649495705962181,2.7475631712919855
15,260,376,138,0.0455363430082798,1.7731421121251638
15,261,376,138,0.04520620405673981,1.884770596635005
15,262,376,140,0.04801209270954132,1.5785683243310398
15,263,376,141,0.04861884564161301,1.563730055255481
15,264,376,141,0.04916754364967346,1.4725895573353223
15,265,376,145,0.05015738308429718,3.6666666666666665
15,266,376,145,0.04920678585767746,3.240144036754205
15,267,376,145,0.05018474534153938,2.8632892531197607
15,268,376,145,0.049197178333997726,2.488483268144283
15,269,376,145,0.049453917890787125,2.1633451294468222
15,270,376,145,0.04795748367905617,1.8878748370273766
15,271,376,145,0.04725393280386925,1.8213199230148365
15,272,376,145,0.04903627932071686,1.7588626063202302
15,273,376,145,0.04924255982041359,1.8832805612466603
15,274,376,145,0.04928737133741379,2.0097473148320573
15,275,376,145,0.04998330771923065,2.1858819146954716
15,276,376,145,0.049566809087991714,2.22120817036071
15,277,376,145,0.04826806113123894,2.351772521264046
15,278,376,146,0.04812484234571457,1.867386850437697
15,279,376,146,0.049261003732681274,2.0061463959769035
15,280,376,146,0.0508703775703907,2.240144036754205
15,281,376,146,0.051010534167289734,2.5238095238095237
15,282,376,152,0.04956243187189102,3.142857142857143
15,283,376,152,0.051372408866882324,2.859191655801824
15,284,376,152,0.05106762424111366,2.4823368721673793
15,285,376,152,0.05122566223144531,2.1551499348109493
15,286,376,152,0.05181477591395378,1.8776308437325366
15,287,376,152,0.052918940782547,1.6497795989321384
15,288,376,152,0.05137917026877403,1.4034891662010274
15,289,376,152,0.05359978228807449,1.3415285279692035
15,290,376,152,0.05374426394701004,1.428571428571426
15,291,376,152,0.0562589094042778,1.664617868007697
15,292,376,152,0.057013072073459625,2.0496678462780147
15,293,376,152,0.054302070289850235,2.380952380952381
15,294,376,155,0.052135709673166275,0.9498354752592058
15,295,376,155,0.052434761077165604,0.8612404544607936
15,296,376,155,0.054143354296684265,3.200720183771033
15,297,376,155,0.05239412561058998,5.591916558018253
15,298,376,158,0.05175807327032089,8.333333333333334
15,299,376,158,0.05113104358315468,7.933941764450237
15,300,376,158,0.05104481801390648,7.725026386043337
15,301,376,158,0.04999890923500061,7.727075184702301
15,302,376,158,0.048670798540115356,7.8863227168311925
15,303,376,160,0.05361289903521538,7.793630098714844
15,304,376,160,0.05109719932079315,7.7209287887254
15,305,376,161,0.0502275712788105,7.739864655118892
15,306,376,112,0.05397908389568329,42.714285714285715
15,307,376,113,0.04750579968094826,42.37890358229342
15,308,376,115,0.051402609795331955,41.27956788973738
15,309,376,165,0.05562502518296242,8.571428571428571
15,310,376,165,0.062114167958498,8.233997640777302
15,311,376,165,0.05732470378279686,7.995902402682064
15,312,376,165,0.05746211111545563,7.751660768609922
15,313,376,167,0.05730946734547615,8.484385670826349
15,314,376,167,0.05831500515341759,8.049667846278014
15,315,376,167,0.05599510669708252,7.763953560563729
15,316,376,167,0.05640890449285507,7.720432110262617
15,317,376,168,0.05537618324160576,5.41578195815484
15,318,376,168,0.05211793631315231,3.055317563792138
15,319,376,168,0.05370273068547249,1.0430247718383314
15,320,376,167,0.0539943128824234,2.1449059415161096
15,321,376,167,0.05719137191772461,2.5714285714285716
15,322,376,170,0.04821469634771347,0.6887067734525387
15,323,376,172,0.05264986306428909,1.4966784627801584
15,324,376,172,0.04977988079190254,1.1177748804867444
15,325,376,172,0.052637919783592224,0.8049295337430933
15,326,376,172,0.05527232587337494,0.6369901285155519
15,327,376,172,0.054227329790592194,0.738871298193333
15,328,376,173,0.05303192138671875,0.6083069472899995
15,329,376,173,0.04858314245939255,0.8095238095238095
15,330,376,174,0.047255467623472214,0.7721487551996044
15,331,376,175,0.04680982232093811,0.8448500651890478
15,332,376,175,0.047324273735284805,0.6830570559384125
15,333,376,175,0.04822199046611786,1.0578630409138874
15,334,376,176,0.048070672899484634,0.7972310175700029
15,335,376,176,0.046395208686590195,1.0972868938970621
15,336,376,176,0.04545140638947487,1.5714285714285714
15,337,376,178,0.04903842881321907,0.77928850810207
15,338,376,178,0.050680067390203476,0.9610728254796077
15,339,376,181,0.050793685019016266,1.6482274787359539
15,340,376,181,0.05152323096990585,1.2739181722232562
15,341,376,181,0.0483492948114872,1.116719438753337
15,342,376,181,0.048776622861623764,1.489476625069845
15,343,376,183,0.048094384372234344,1.9282920469361162
15,344,376,183,0.05135974660515785,2.015334947538336
15,345,376,183,0.04669208824634552,2.311293226547464
15,346,376,183,0.0494687482714653,2.7562550443906355
15,347,376,183,0.0552239827811718,3.3625131930216683
15,348,376,186,0.05470991134643555,2.556031539082388
15,349,376,186,0.05418255180120468,2.636431365244927
15,350,376,188,0.053408894687891006,2.698888681939531
15,351,376,188,0.05194680392742157,2.698888681939531
15,352,376,195,0.04651594161987305,5.0476190476190474
15,353,376,195,0.04513096436858177,4.430620227230396
15,354,376,195,0.04230741783976555,3.9585273483578556
15,355,376,195,0.04126430302858353,3.5361023157633307
15,356,376,195,0.04043223708868027,3.1633451294468222
15,357,376,195,0.04067230969667435,2.840255789408329
15,358,376,195,0.03975728899240494,2.5668342956478525
16,25,418,11,0.03552093729376793,1.1812876389147586
16,26,418,13,0.03570415452122688,1.2248090892158692
16,27,418,13,0.03596913814544678,0.8935245545415041
16,28,418,13,0.03769893944263458,0.6492829204693626
16,29,418,13,0.03825633227825165,0.6287949338796818
16,30,418,13,0.039904266595840454,0.8858260383684123
16,31,418,14,0.043723151087760925,0.5478984292543634
16,32,418,15,0.042872440069913864,0.5811758862606334
16,33,418,15,0.038035985082387924,0.5105233749301556
16,34,418,15,0.04597892239689827,0.8525485813621416
16,35,418,16,0.04227760061621666,0.6682187868628559
16,36,418,17,0.04406553879380226,0.7204321102626183
16,37,418,18,0.05055056884884834,0.8760787235363516
16,38,418,18,0.047515880316495895,0.6441298814180182
16,39,418,18,0.04667443409562111,0.6313404110014305
16,40,418,18,0.04646112769842148,0.8837772397094448
16,41,418,18,0.04377694055438042,1.3062022723039686
16,42,418,19,0.04210442677140236,0.958030669895078
16,43,418,20,0.03984919935464859,0.8607437759980139
16,44,418,23,0.039489418268203735,2.5238095238095237
16,45,418,23,0.03934793174266815,2.192524989135159
16,46,418,23,0.03922905772924423,1.9585273483578571
16,47,418,23,0.040332548320293427,1.8423045880673012
16,48,418,23,0.038687288761138916,1.8028807350841265
16,49,418,23,0.03845469653606415,1.825417520332777
16,50,418,23,0.03800695016980171,1.9513875954553943
16,51,418,23,0.0392964668571949,2.160302973862297
16,52,418,23,0.03895687311887741,2.3983982119575353
16,53,418,23,0.04129486531019211,2.588874402433726
16,54,418,23,0.040608763694763184,2.731731545290869
16,55,418,23,0.04006274417042732,2.731731545290869
16,56,418,23,0.04048871994018555,2.731731545290869
16,57,418,23,0.03984532132744789,2.731731545290869
16,58,418,23,0.04066627845168114,2.731731545290869
16,59,418,23,0.04101703688502312,2.541255354814678
16,60,418,23,0.04291876032948494,2.350779164338488
16,61,418,23,0.04333428293466568,2.160302973862297
16,62,418,23,0.04436511546373367,2.0031042403923784
16,63,418,23,0.04732359200716019,1.8955733532004737
16,64,418,23,0.04652590677142143,1.837710312286585
16,65,418,23,0.048521846532821655,1.829515117650712
16,66,418,23,0.047710519284009933,1.8233687216738073
16,67,418,23,0.04693369194865227,2.066058235549762
16,68,418,23,0.04996605962514877,2.4285714285714284
16,69,418,27,0.04980267956852913,1.449059415161111
16,70,418,27,0.047790758311748505,1.1986713851120647
16,71,418,27,0.05543532222509384,1.047619047619049
16,72,418,27,0.04864325746893883,0.9959024026820649
16,73,418,27,0.05406644195318222,1.0435214503011125
16,74,418,27,0.05076616257429123,1.1904761904761918
16,75,418,27,0.04918456822633743,1.4823368721673822
16,76,418,28,0.050976771861314774,1.2089153784069044
16,77,418,32,0.049379728734493256,2.7142857142857135
16,78,418,32,0.05127158761024475,2.3353821319923007
16,79,418,32,0.0525907464325428,2.0266343825665865
16,80,418,32,0.05243457853794098,1.9375426833053957
16,81,418,32,0.05334749445319176,1.898118830322221
16,82,418,32,0.05454130470752716,1.9083628236170622
16,83,418,32,0.05447493866086006,1.968274663189919
16,84,418,32,0.0552474707365036,2.094244738312536
16,85,418,32,0.05530600994825363,2.3031601167194395
16,86,418,32,0.05335605517029762,2.5412553548146777
16,87,418,32,0.05290164425969124,2.731731545290868
16,88,418,32,0.05567451938986778,2.636493450052773
16,89,418,32,0.05531581863760948,2.5412553548146777
16,90,418,32,0.05563003569841385,2.4460172595765823
16,91,418,32,0.05373845249414444,2.255541069100392
16,92,418,32,0.05453222990036011,2.0650648786242014
16,93,418,32,0.056382495909929276,1.874588688148011
16,94,418,32,0.053525160998106,1.717389954678092
16,95,418,32,0.05746994540095329,1.6513317191283303
16,96,418,32,0.055683691054582596,1.6846091761346016
16,97,418,32,0.0556960292160511,1.8172223256969033
16,98,418,34,0.057405147701501846,1.332339976407773
16,99,418,34,0.055582717061042786,1.2350530825107096
16,100,418,34,0.055014509707689285,1.237101881169678
16,101,418,36,0.054196517914533615,1.6743651828397599
16,102,418,36,0.05778950825333595,1.3307878562115854
16,103,418,36,0.052858516573905945,1.1362140684174584
16,104,418,36,0.05385999381542206,1.090643819457379
16,105,418,36,0.05275348573923111,1.1858819146954742
16,106,418,36,0.05479755625128746,1.3640653132178553
16,107,418,36,0.05747757479548454,1.5919165580182537
16,108,418,36,0.05693184956908226,1.915005898056746
16,109,418,37,0.05896279215812683,1.4531570124790474
16,110,418,37,0.05851493775844574,1.6892034519153172
16,111,418,37,0.05874047428369522,2.020487986589682
16,112,418,42,0.05992168188095093,2.7142857142857144
16,113,418,42,0.06006765365600586,2.4782392748494444
16,114,418,42,0.06122290715575218,2.1490035388340476
16,115,418,42,0.05960635095834732,1.8694356490966666
16,116,418,42,0.05952509492635727,1.6395356056373014
16,117,418,42,0.05949191004037857,1.4593034084559506
16,118,418,42,0.061135999858379364,1.328739057552617
16,119,418,42,0.062013622373342514,1.3328366548705535
16,120,418,42,0.06099417805671692,1.5130688520519042
16,121,418,42,0.06393571943044662,1.8423045880672997
16,122,418,42,0.06137080118060112,2.3000558763270633
16,123,418,42,0.060370828956365585,2.619047619047619
16,124,418,45,0.06048429384827614,1.200720183771033
16,125,418,45,0.05883770436048508,1.1469547401750806
16,126,418,45,0.0599462129175663,1.1925249891351601
16,127,418,45,0.06064637377858162,1.337430930651271
16,128,418,45,0.05905264616012573,1.6564226733718268
16,129,418,50,0.061056673526763916,2.8095238095238093
16,130,418,50,0.06411891430616379,2.287763084373254
16,131,418,50,0.0629601776599884,1.8156702055007141
16,132,418,50,0.06275223940610886,1.3789035822934141
16,133,418,50,0.060884781181812286,1.0706525113304792
16,134,418,50,0.06606554985046387,0.9590240268206381
16,135,418,50,0.05997508764266968,1.1474514186378604
16,136,418,50,0.05832827091217041,1.443409697646986
16,137,418,50,0.054944440722465515,1.9339417644502397
16,138,418,52,0.05200766399502754,0.9836096107282541
16,139,418,54,0.050715792924165726,1.0553175637921408
16,140,418,54,0.048727039247751236,0.757310486124047
16,141,418,54,0.050413355231285095,0.645682001614206
16,142,418,55,0.052052922546863556,0.8300117961134932
16,143,418,55,0.05551082268357277,0.734773700875398
16,144,418,56,0.051379911601543427,0.9687713416526968
16,145,418,56,0.04762212187051773,0.7946855404482521
16,146,418,56,0.04950617626309395,0.8028807350841237
16,147,418,58,0.04645826295018196,1.254485627366984
16,148,418,58,0.04764140769839287,0.8192711243558709
16,149,418,58,0.04901190847158432,0.7112435587011865
16,150,418,58,0.04816170781850815,0.7527162103433295
16,151,418,58,0.047544896602630615,0.9268020115477755
16,152,418,58,0.05635395273566246,1.1526044576892043
16,153,418,58,0.06212630867958069,1.417830756813809
16,154,418,60,0.06466580927371979,0.8044328552803115
16,155,418,60,0.07561369240283966,0.8131247283789655
16,156,418,62,0.07227419316768646,1.2729248152976973
16,157,418,62,0.06880311667919159,0.9621282672130145
16,158,418,62,0.06839896738529205,0.7219842304588081
16,159,418,62,0.07133109867572784,0.6953498478922212
16,160,418,62,0.06356813758611679,0.8714844477556354
16,161,418,62,0.06949003040790558,1.242192835413174
16,162,418,63,0.06137999892234802,0.9462345564040484
16,163,418,63,0.058840882033109665,1.3809523809523803
16,164,418,65,0.05794763192534447,0.6564226733718262
16,165,418,66,0.06155698001384735,0.8387036692121438
16,166,418,66,0.05885927379131317,0.828459675917304
16,167,418,66,0.057736437767744064,1.1474514186378597
16,168,418,66,0.058695677667856216,1.6897001303780976
16,169,418,69,0.0651325210928917,1.7751909107841302
16,170,418,69,0.06884579360485077,1.671757620910162
16,171,418,69,0.06632764637470245,1.7255230645061144
16,172,418,70,0.06304751336574554,1.7608493201713533
16,173,418,70,0.061469707638025284,2.0691003911342896
16,174,418,70,0.061732176691293716,2.592413236481032
16,175,418,73,0.05762870982289314,2.2703172533680993
16,176,418,73,0.057226862758398056,2.3655553486061947
16,177,418,76,0.05684524029493332,2.334326690258893
16,178,418,78,0.05736839771270752,2.677407338424286
16,179,418,78,0.05810420215129852,2.1269634320481767
16,180,418,78,0.06080162525177002,1.9159992549823055
16,181,418,78,0.0626559630036354,1.9574719066244484
16,182,418,78,0.06657534837722778,2.1561432917365115
16,183,418,82,0.0668155774474144,2.39374185136897
16,184,418,82,0.06448013335466385,1.7624014403675416
16,185,418,82,0.06435403972864151,1.3901409325138134
16,186,418,82,0.06267907470464706,1.3507170795306387
16,187,418,82,0.06584006547927856,1.5161110076364306
16,188,418,82,0.0671224594116211,2.116222760290556
16,189,418,84,0.06428256630897522,1.632333767926988
16,190,418,85,0.06376990675926208,1.684050412863972
16,191,418,87,0.061926476657390594,1.8996088657105596
16,192,418,87,0.0652250349521637,1.7050350779164327
16,193,418,87,0.06687092781066895,1.6302849692680184
16,194,418,87,0.06817255914211273,1.975911094555161
16,195,418,90,0.06948306411504745,1.8146147637673056
16,196,418,90,0.06539985537528992,1.7465077295585756
16,197,418,91,0.06321411579847336,1.6179921773142103
16,198,418,94,0.062238022685050964,2.5238095238095237
16,199,418,94,0.06170157343149185,1.8305084745762716
16,200,418,94,0.060496825724840164,1.3814490594151607
16,201,418,94,0.06306788325309753,1.129012230707145
16,202,418,94,0.06370674073696136,1.1208170360712721
16,203,418,94,0.07069355994462967,1.2529335071707954
16,204,418,97,0.06392867863178253,1.6313404110014285
16,205,418,97,0.06683366000652313,1.213012975724841
16,206,418,97,0.06463757902383804,1.086546222139444
16,207,418,97,0.06328074634075165,1.3471782454833312
16,208,418,99,0.06570083647966385,2.3143974669398397
16,209,418,99,0.06435514241456985,2.4219283541317442
16,210,418,99,0.06261882930994034,2.6287949338796803
16,211,418,99,0.0649254247546196,2.6969019680884103
16,212,418,99,0.06609951704740524,2.856149500217299
16,213,418,99,0.06269565969705582,3.0650648786242023
16,214,418,99,0.06491360068321228,3.207922021481345
16,215,418,99,0.0641624704003334,3.207922021481345
16,216,418,99,0.06568131595849991,3.207922021481345
16,217,418,94,0.06274531036615372,4.631340411001428
16,218,418,94,0.06559707224369049,4.720432110262619
16,219,418,94,0.06319940835237503,4.76395356056373
16,220,418,94,0.06298745423555374,4.857142857142857
16,221,418,99,0.06491013616323471,2.181287638914758
16,222,418,99,0.06483212113380432,1.8648413733159503
16,223,418,99,0.06560166925191879,1.6851058545973794
16,224,418,101,0.0662398710846901,1.9600794685540441
16,225,418,101,0.067635178565979,1.4777425963866633
16,226,418,101,0.0683482363820076,1.111628484509841
16,227,418,101,0.07045312225818634,0.9400881604271444
16,228,418,102,0.06633437424898148,0.8817284410504759
16,229,418,102,0.06515094637870789,0.7803439498354773
16,230,418,102,0.0679076611995697,0.9877072080461919
16,231,418,104,0.06836509704589844,0.7137890358229345
16,232,418,104,0.07060595601797104,0.4961817843173787
16,233,418,104,0.06929174810647964,0.5274104426646805
16,234,418,104,0.06938055157661438,0.873533246414603
16,235,418,106,0.0671868771314621,0.7429688955112681
16,236,418,106,0.06482688337564468,0.47159620040975997
16,237,418,106,0.06055391579866409,0.4383187434034886
16,238,418,107,0.057301755994558334,0.47569379772769643
16,239,418,107,0.05631130188703537,0.4260259514496819
16,240,418,108,0.05424094572663307,0.4797913950456329
16,241,418,108,0.051591191440820694,0.4362699447445217
16,242,418,108,0.05146534740924835,0.6953498478922204
16,243,418,110,0.054185204207897186,0.9211522940336506
16,244,418,110,0.05163418874144554,0.6287949338796804
16,245,418,110,0.050002217292785645,0.613956664804123
16,246,418,110,0.052430130541324615,0.8438567082634882
16,247,418,111,0.049566563218832016,0.8064816539392817
16,248,418,112,0.052359674125909805,1.150555659030236
16,249,418,112,0.05156818404793739,1.0425280933755516
16,250,418,113,0.05130708962678909,1.2893152045694425
16,251,418,113,0.05127401649951935,1.0840007450176958
16,252,418,113,0.055417027324438095,1.065064878624202
16,253,418,113,0.06208943948149681,1.1459613832495197
16,254,418,113,0.06729377806186676,1.181287638914758
16,255,418,113,0.06470741331577301,1.293412801887379
16,256,418,113,0.06249559670686722,1.5463463090581744
16,257,418,113,0.0660252645611763,1.906810703420873
16,258,418,113,0.06426132470369339,2.2857142857142856
16,259,418,115,0.06922749429941177,1.1490035388340476
16,260,418,117,0.05975211039185524,1.101384491215
16,261,418,117,0.06227600574493408,0.9359905631092066
16,262,418,117,0.05933954194188118,0.9196001738374607
16,263,418,117,0.056193236261606216,1.2032656608927783
16,264,418,117,0.057827290147542953,1.6400322841000796
16,265,418,120,0.06006268039345741,1.3548146768485752
16,266,418,120,0.05863645300269127,1.5867635189669085
16,267,418,120,0.06707931309938431,2.0173837461973054
16,268,418,120,0.06552909314632416,2.609300304215559
16,269,418,123,0.06624319404363632,2.67380641956913
16,270,418,123,0.06744355708360672,2.7526541255354795
16,271,418,123,0.06515998393297195,3.0506612032035747
16,272,418,123,0.06184571608901024,3.4976718197057175
16,273,418,126,0.06220383197069168,3.464891041162227
16,274,418,126,0.0604940764605999,3.605699385360402
16,275,418,126,0.061254266649484634,3.8581362140684172
16,276,418,135,0.05955985188484192,5.095238095238095
16,277,418,135,0.06015637516975403,4.252933507170794
16,278,418,135,0.0603448748588562,3.559632457937542
16,279,418,135,0.061044998466968536,3.015334947538336
16,280,418,135,0.060380540788173676,2.8724778046811927
16,281,418,135,0.05875011906027794,2.8289563543800815
16,282,418,135,0.06212770193815231,2.930340845595083
16,283,418,136,0.06157265231013298,2.4664431613584163
16,284,418,139,0.06433702260255814,1.7106847954305604
16,285,418,139,0.0645497664809227,1.288259762836035
16,286,418,139,0.06340447813272476,1.064506115353576
16,287,418,141,0.06030009686946869,1.2611287018066697
16,288,418,141,0.06200390309095383,1.0107406717576222
16,289,418,141,0.06294720619916916,1.0542621220587334
16,290,418,144,0.06423142552375793,2.619047619047619
16,291,418,144,0.06362811475992203,2.1449059415161096
16,292,418,144,0.062701016664505,1.7204321102626177
16,293,418,144,0.06138884648680687,1.3579189172409494
16,294,418,144,0.06233549863100052,1.2043211026261869
16,295,418,144,0.06185120716691017,1.3220959831129313
16,296,418,144,0.06294852495193481,1.5351089588377709
16,297,418,146,0.06181330606341362,1.9227044142298377
16,298,418,146,0.06430947035551071,1.7301794250946776
16,299,418,144,0.06241248548030853,2.063512758428011
16,300,418,144,0.062215447425842285,2.330787856211584
16,301,418,146,0.06043431907892227,1.6559259949090444
16,302,418,146,0.06197206676006317,1.6395356056372985
16,303,418,146,0.06199675053358078,1.681008257279443
16,304,418,146,0.06323880702257156,1.8218166014776163
16,305,418,146,0.0625297874212265,2.053765443595951
16,306,418,146,0.06333644688129425,2.3353821319923003
16,307,418,146,0.062183886766433716,2.6666666666666665
16,308,418,152,0.06277468055486679,3.0476190476190474
16,309,418,152,0.06359777599573135,2.8115726081827765
16,310,418,152,0.06359615176916122,2.529955919786427
16,311,418,152,0.06338965147733688,2.2980070776680925
16,312,418,152,0.06408758461475372,2.21096417706587
16,313,418,152,0.06364540755748749,2.1735891227416624
16,314,418,152,0.06454605609178543,2.1858819146954716
16,315,418,152,0.06483820080757141,2.1049854100701526
16,316,418,152,0.06538505107164383,2.0737567517228506
16,317,418,152,0.06465007364749908,2.092195939653563
16,318,418,152,0.06583118438720703,2.092195939653563
16,319,418,152,0.06777134537696838,1.9308996088657078
16,320,418,152,0.0665707215666771,1.8566461786800748
16,321,418,152,0.0679883360862732,1.881728441050473
16,322,418,152,0.06965814530849457,2.0061463959769035
16,323,418,152,0.07029285281896591,2.1925249891351575
16,324,418,152,0.07042131572961807,2.4285714285714284
16,325,418,155,0.0706864446401596,1.104985410070158
16,326,418,155,0.0693000927567482,1.0076985161730931
16,327,418,155,0.06934230774641037,1.0097473148320628
16,328,418,158,0.07148043066263199,2.238095238095238
16,329,418,158,0.06781847774982452,1.859191655801824
16,330,418,158,0.0629550963640213,1.5299559197864272
16,331,418,158,0.06191882863640785,1.262680822002854
16,332,418,158,0.05630944296717644,1.0947414167753127
16,333,418,158,0.06350606679916382,1.0261377041038031
16,334,418,158,0.05953755974769592,1.0819519463587237
16,335,418,158,0.05912249907851219,1.324144781771901
16,336,418,159,0.05513741821050644,1.2473458744645183
16,337,418,159,0.05295311287045479,1.4337244676227723
16,338,418,160,0.05324813351035118,1.531011361519837
16,339,418,161,0.052761491388082504,1.7962376606444406
16,340,418,161,0.05638989061117172,1.5724840131619788
16,341,418,161,0.053378812968730927,1.4936363071956267
16,342,418,161,0.05321858450770378,1.6364934500527695
16,343,418,161,0.053249817341566086,1.6364934500527695
16,344,418,161,0.05771245062351227,1.6364934500527695
16,345,418,161,0.06011625751852989,1.864344694853168
16,346,418,161,0.06332306563854218,2.1418637859315806
16,347,418,161,0.0702037438750267,2.3364375737257075
16,348,418,161,0.06527211517095566,2.5207673682249947
16,349,418,161,0.07119665294885635,2.6119078661451534
16,350,418,164,0.06979158520698547,2.748618613025393
16,351,418,164,0.06530110538005829,2.6554293164462646
16,352,418,161,0.0675508975982666,2.630347054075866
16,353,418,164,0.07160721719264984,2.5207673682249947
16,354,418,164,0.062745600938797,2.4792947165828503
16,355,418,160,0.054254744201898575,2.7409200968523
16,356,418,160,0.060378216207027435,3.2857142857142856
16,357,418,161,0.06001703813672066,2.966722542993731
16,358,418,162,0.05970768257975578,2.784441547153414
16,359,418,164,0.0661875382065773,2.6415844042962684
16,360,418,164,0.06701376289129257,2.7639535605637287
16,361,418,164,0.07120291143655777,2.793133420252064
16,362,418,164,0.07444058358669281,2.925746569814367
16,363,418,165,0.07037421315908432,3.8760787235363523
16,364,418,165,0.07150489836931229,4.9918048053641275
16,365,418,165,0.07282941043376923,6.227354566337619
16,366,418,174,0.07186464965343475,10.571428571428571
16,367,418,174,0.06972025334835052,9.859191655801824
16,368,418,174,0.06931496411561966,9.244241634072141
16,369,418,174,0.07009029388427734,8.631340411001426
16,370,418,174,0.06819051504135132,8.163345129446823
16,371,418,174,0.06693779677152634,7.745017694170234
16,372,418,174,0.06711848825216293,7.436766623207299
16,373,418,145,0.06750831007957458,23.917054696715713
16,374,418,145,0.06600741297006607,24.529955919786424
16,375,418,145,0.06901510059833527,25.19252498913516
16,376,418,145,0.06661327928304672,25.904761904761905
16,377,418,176,0.0664890706539154,6.704041720990874
16,378,418,176,0.06470867246389389,6.876078723536352
16,379,418,178,0.06849118322134018,6.499223939901908
16,380,418,178,0.07093340158462524,6.578071645868257
16,381,418,178,0.0688539445400238,6.8929657912708775
16,382,418,181,0.07503805309534073,7.358912274166512
16,383,418,181,0.06925541907548904,7.443906376109764
16,384,418,181,0.06716474145650864,6.288756441298815
16,385,418,181,0.07099098712205887,5.2949028372757185
16,386,418,181,0.06887612491846085,4.458247966722543
16,387,418,183,0.06710328161716461,2.8601850127273862
16,388,418,183,0.06786885857582092,3.205811138014529
16,389,418,186,0.06167098507285118,3.127460110510959
16,390,418,186,0.06462166458368301,3.175079158130007
16,391,418,188,0.06369176506996155,3.127460110510959
16,392,418,188,0.05673602223396301,2.9846029676538164
16,393,418,195,0.05572481453418732,5.333333333333333
16,394,418,195,0.05988248065114021,4.716334512944681
16,395,418,195,0.05938640609383583,4.149003538834046
16,396,418,195,0.056468281894922256,3.6313404110014256
16,397,418,195,0.05627138167619705,3.1633451294468222
16,398,418,195,0.056532736867666245,2.840255789408329
16,399,418,195,0.054111458361148834,2.5668342956478525
16,400,418,195,0.05451266095042229,2.4859377910225335
17,25,582,10,0.029783254489302635,1.7347737008753958
17,26,582,11,0.03214848041534424,1.1689948469609495
17,27,582,13,0.03197833150625229,1.2248090892158692
17,28,582,13,0.03295107185840607,0.8935245545415041
17,29,582,13,0.03250114992260933,0.6410877258334897
17,30,582,13,0.03171105310320854,0.6165021419258724
17,31,582,14,0.028764231130480766,0.5356056373005541
17,32,582,14,0.036956433206796646,0.5151176507108718
17,33,582,15,0.040513209998607635,0.45520581113801617
17,34,582,15,0.042831968516111374,0.4634010057738891
17,35,582,15,0.043097883462905884,0.9170546967157148
17,36,582,16,0.04474418982863426,0.6518283975911113
17,37,582,17,0.03244811296463013,0.5796237660644437
17,38,582,18,0.03059527836740017,0.6856025330601612
17,39,582,18,0.03488927707076073,0.5115167318557164
17,40,582,18,0.03476647287607193,0.6395356056373019
17,41,582,18,0.031529903411865234,1.020487986589683
17,42,582,20,0.030661650002002716,0.8407524678711114
17,43,582,20,0.026926564052700996,0.738871298193333
17,44,582,20,0.026971912011504173,0.8668901719749185
17,45,582,23,0.02708783559501171,2.380952380952381
17,46,582,23,0.02797488309442997,2.049667846278016
17,47,582,23,0.029535388574004173,1.8156702055007141
17,48,582,23,0.03058057650923729,1.7117402371639676
17,49,582,23,0.030336957424879074,1.7342770224126167
17,50,582,23,0.03169927000999451,1.856149500217299
17,51,582,23,0.03140733391046524,2.0650648786242023
17,52,582,23,0.030665934085845947,2.3031601167194404
17,53,582,23,0.033467117697000504,2.4460172595765832
17,54,582,23,0.03231172636151314,2.588874402433726
17,55,582,23,0.03463469818234444,2.731731545290869
17,56,582,23,0.03322819620370865,2.731731545290869
17,57,582,23,0.030321035534143448,2.731731545290869
17,58,582,23,0.031062355265021324,2.731731545290869
17,59,582,23,0.030938412994146347,2.731731545290869
17,60,582,23,0.03329218924045563,2.731731545290869
17,61,582,23,0.03402749076485634,2.541255354814678
17,62,582,23,0.03600659221410751,2.350779164338488
17,63,582,23,0.038218822330236435,2.160302973862297
17,64,582,23,0.03974531963467598,2.0031042403923784
17,65,582,23,0.04068600758910179,1.8955733532004737
17,66,582,23,0.04399501159787178,1.837710312286585
17,67,582,23,0.04102080687880516,1.829515117650712
17,68,582,23,0.041875191032886505,1.870987769292855
17,69,582,23,0.0370766744017601,1.9621282672130138
17,70,582,23,0.037645123898983,2.1029366114111885
17,71,582,27,0.040587276220321655,2.1029366114111885
17,72,582,27,0.04169069603085518,1.9621282672130138
17,73,582,27,0.041572026908397675,1.870987769292855
17,74,582,27,0.042637694627046585,1.829515117650712
17,75,582,27,0.04539434611797333,1.7900912646675373
17,76,582,27,0.04407864436507225,1.8003352579623784
17,77,582,27,0.04884599149227142,1.8602470975352354
17,78,582,27,0.05208322033286095,1.969826783386107
17,79,582,27,0.047586582601070404,2.1126839262432497
17,80,582,27,0.05129610002040863,2.2555410691003925
17,81,582,27,0.05299852043390274,2.3983982119575353
17,82,582,27,0.05258882790803909,2.350779164338488
17,83,582,27,0.04995137080550194,2.350779164338488
17,84,582,27,0.05136938393115997,2.396349413298567
17,85,582,28,0.04806169494986534,2.4439684609176147
17,86,582,28,0.04824452847242355,2.4936363071956307
17,87,582,28,0.047395940870046616,2.588874402433726
17,88,582,28,0.049258116632699966,2.6841124976718214
17,89,582,28,0.046312395483255386,2.541255354814678
17,90,582,28,0.04300478845834732,2.3983982119575353
17,91,582,28,0.04353341460227966,2.2555410691003925
17,92,582,28,0.04523777589201927,2.1459613832495212
17,93,582,27,0.0455799326300621,2.3369342521884913
17,94,582,27,0.046775080263614655,2.32669025889365
17,95,582,27,0.04548456147313118,2.3661141118768247
17,96,582,27,0.04457784444093704,2.407586763518968
17,97,582,27,0.04371843859553337,2.4987272614391265
17,98,582,27,0.042496394366025925,2.639535605637301
17,99,582,32,0.045443788170814514,2.3886508971254736
17,100,582,32,0.04308673366904259,2.247842552927299
17,101,582,32,0.04605874419212341,2.140311665735394
17,102,582,32,0.042981479316949844,2.032780778543491
17,103,582,32,0.04427771642804146,1.9457378779412686
17,104,582,32,0.04605123773217201,1.9559818712361097
17,105,582,32,0.0490448921918869,2.0158937108089665
17,106,582,32,0.04921615496277809,2.1254733966598383
17,107,582,32,0.05188954249024391,2.284720928788727
17,108,582,32,0.04243015870451927,2.4936363071956302
17,109,582,32,0.05003372207283974,2.731731545290868
17,110,582,32,0.045739807188510895,2.731731545290868
17,111,582,32,0.04606211185455322,2.731731545290868
17,112,582,32,0.043707795441150665,2.731731545290868
17,113,582,32,0.04325463995337486,2.731731545290868
17,114,582,32,0.04852389171719551,2.731731545290868
17,115,582,32,0.05274943262338638,2.636493450052773
17,116,582,32,0.05048469826579094,2.5412553548146777
17,117,582,32,0.05086430907249451,2.4460172595765823
17,118,582,32,0.052241019904613495,2.350779164338487
17,119,582,32,0.049352191388607025,2.255541069100392
17,120,582,32,0.04964514821767807,2.1603029738622967
17,121,582,32,0.04533226788043976,2.0650648786242014
17,122,582,32,0.04383794963359833,2.011299435028249
17,123,582,32,0.04068036004900932,2.007201837710313
17,124,582,32,0.03803388029336929,2.0527720866703922
17,125,582,34,0.040376000106334686,2.0527720866703922
17,126,582,34,0.03900007903575897,2.007201837710313
17,127,582,34,0.04160822927951813,2.011299435028249
17,128,582,34,0.03926185891032219,2.0650648786242014
17,129,582,34,0.03950590640306473,2.4936363071956302
17,130,582,34,0.03792797401547432,2.9017197491773765
17,131,582,34,0.04146895185112953,3.3594710374371397
17,132,582,34,0.04227374866604805,4.009747314832061
17,133,582,34,0.04558723419904709,4.757310486124046
17,134,582,34,0.03964778035879135,5.554541503694047
17,135,582,34,0.042841434478759766,6.4014403675420635
17,136,582,34,0.04263899102807045,7.202768982430001
17,137,582,34,0.045692551881074905,8.101384491215
17,138,582,34,0.04415402561426163,9.240144036754206
17,139,582,27,0.04943927749991417,16.761904761904763
17,140,582,51,0.04855524003505707,8.175079158130005
17,141,582,51,0.05491514503955841,7.794126777177625
17,142,582,54,0.05310623720288277,7.4398087787918294
17,143,582,55,0.05506047606468201,6.928292046936116
17,144,582,55,0.05791572481393814,6.0214813435152434
17,145,582,55,0.04281705245375633,5.286707642639847
17,146,582,55,0.04353497177362442,4.764946917489291
17,147,582,56,0.04808102920651436,3.868380207363258
17,148,582,60,0.0387677326798439,4.761904761904761
17,149,582,60,0.036733873188495636,3.430620227230396
17,150,582,60,0.03670147806406021,4.101384491214999
17,151,582,60,0.03808869794011116,5.964673744334761
17,152,582,60,0.04380335286259651,7.87763084373254
17,153,582,60,0.044054511934518814,10.045073570497298
17,154,582,60,0.04676128178834915,10.258583224684921
17,155,582,61,0.04264640435576439,10.39529397156516
17,156,582,62,0.04109252616763115,10.577574967405477
17,157,582,62,0.03847594931721687,10.587818960700318
17,158,582,62,0.03955467417836189,10.885826038368412
17,159,582,63,0.03669285029172897,10.627242813683491
17,160,582,15,0.036350902169942856,40.82181660147762
17,161,582,15,0.03857332095503807,41.434717824548336
17,162,582,15,0.035095810890197754,42.09728689389707
17,163,582,15,0.03786114603281021,42.80952380952381
17,164,582,70,0.03524133935570717,14.319488421183333
17,165,582,70,0.03492157533764839,15.901160985906746
17,166,582,70,0.042975153774023056,17.58012044452722
17,167,582,70,0.04368985816836357,19.356366797044764
17,168,582,70,0.04479111731052399,21.18228099584032
17,169,582,70,0.043457068502902985,23.057863040913887
17,170,582,76,0.04781264066696167,28.0
17,171,582,76,0.046336304396390915,27.240144036754206
17,172,582,76,0.03768060728907585,26.52995591978643
17,173,582,76,0.03624521568417549,25.774197553858574
17,174,582,32,0.03842141106724739,21.87458868814801
17,175,582,32,0.0374448224902153,20.065064878624202
17,176,582,32,0.03563467413187027,18.255541069100392
17,177,582,32,0.036510735750198364,16.446017259576582
17,178,582,32,0.035893335938453674,14.636493450052772
17,179,582,32,0.03191578388214111,12.826969640528963
17,180,582,32,0.032225023955106735,11.058918482647297
17,181,582,32,0.03349294140934944,8.918110138449123
17,182,582,32,0.036476004868745804,6.777301794250948
17,183,582,34,0.031101465225219727,4.814676848575154
17,184,582,32,0.03253812715411186,2.4460172595765823
17,185,582,32,0.03051570989191532,2.350779164338487
17,186,582,32,0.03023342415690422,2.255541069100392
17,187,582,32,0.029706208035349846,2.017445831005154
17,188,582,32,0.029849182814359665,1.8500031042403937
17,189,582,32,0.038838282227516174,1.7818960700316637
17,190,582,32,0.03280861675739288,1.9354938846464276
17,191,582,34,0.027563253417611122,1.3471782454833305
17,192,582,34,0.027948927134275436,1.227354566337618
17,193,582,34,0.027971714735031128,1.2565344260259528
17,194,582,34,0.026923639699816704,1.3394797293102387
17,195,582,34,0.02879634127020836,1.859191655801826
17,196,582,34,0.02882070094347,2.4285714285714293
17,197,582,37,0.032234594225883484,1.1909728689389716
17,198,582,37,0.03035377524793148,1.2841621655180986
17,199,582,37,0.029265357181429863,1.5488917861799236
17,200,582,40,0.033494409173727036,1.9467312348668289
17,201,582,40,0.03666629269719124,1.605202706897624
17,202,582,40,0.03445025905966759,1.4582479667225432
17,203,582,40,0.0377037450671196,1.4229217110573065
17,204,582,40,0.03702769801020622,1.536598994226113
17,205,582,45,0.03595838323235512,3.619047619047619
17,206,582,45,0.03600017726421356,3.144905941516111
17,207,582,45,0.031937647610902786,2.7204321102626188
17,208,582,45,0.034925900399684906,2.4884832681442854
17,209,582,40,0.03413514792919159,3.210964177065873
17,210,582,45,0.04031836986541748,2.144409263053331
17,211,582,45,0.03664597496390343,2.1546532563481726
17,212,582,45,0.03871433436870575,2.214565095921028
17,213,582,45,0.03756728768348694,2.324144781771901
17,214,582,45,0.0387544222176075,2.4833923139007896
17,215,582,45,0.0328979417681694,2.6718197057180104
17,216,582,45,0.03673362731933594,2.622151859439996
17,217,582,45,0.03743783012032509,2.3343887750667407
17,218,582,45,0.03516281023621559,2.075805550381823
17,219,582,45,0.0369376577436924,1.8873781585645995
17,220,582,45,0.036034319549798965,2.015893710808966
17,221,582,45,0.03515389561653137,1.955981871236109
17,222,582,45,0.03356390446424484,1.9728689389706346
17,223,582,45,0.034150563180446625,2.059911839572857
17,224,582,45,0.03239566832780838,2.196622586453095
17,225,582,45,0.03621387109160423,2.383001179611349
17,226,582,45,0.0399291068315506,2.619047619047619
17,227,582,50,0.04184565320611,1.9728689389706346
17,228,582,50,0.05295810103416443,1.5939653566772218
17,229,582,50,0.05190392956137657,1.264729620661825
17,230,582,50,0.05002884939312935,0.9708201403116677
17,231,582,50,0.0519699864089489,0.8781275221953205
17,232,582,51,0.040069617331027985,0.9523809523809538
17,233,582,51,0.04209870472550392,0.9549264295027017
17,234,582,51,0.04339074715971947,1.188924070280002
17,235,582,51,0.03578091412782669,1.5345501955671448
17,236,582,51,0.03684483841061592,2.074750108648413
17,237,582,54,0.03428512439131737,0.7992798162289697
17,238,582,54,0.03227262943983078,0.7332215806792094
17,239,582,54,0.02856384962797165,0.927795368473335
17,240,582,55,0.02981165610253811,0.7480598497547668
17,241,582,56,0.028056493028998375,0.7792885081020686
17,242,582,56,0.033941347151994705,0.837151549015956
17,243,582,58,0.02987898513674736,1.122369156267462
17,244,582,58,0.029324395582079887,0.803874092009686
17,245,582,58,0.03193929046392441,0.9262432482771479
17,246,582,60,0.03569658100605011,1.437263301670082
17,247,582,60,0.041950590908527374,1.0916371763829393
17,248,582,60,0.04120617359876633,1.1249146333892106
17,249,582,60,0.04251758009195328,1.3276836158192105
17,250,582,62,0.04483471438288689,1.2201527286273044
17,251,582,62,0.04262189567089081,1.0481157260818281
17,252,582,62,0.039371173828840256,1.296454957471906
17,253,582,63,0.040743302553892136,1.149500217296828
17,254,582,63,0.045069098472595215,1.447507294964923
17,255,582,68,0.044720254838466644,3.047619047619047
17,256,582,68,0.0407264307141304,2.478239274849444
17,257,582,68,0.03821159154176712,2.1013844912149993
17,258,582,68,0.03311100974678993,1.6584714720307945
17,259,582,66,0.03207293525338173,1.5427453902030184
17,260,582,68,0.03263780102133751,1.2488359098528596
17,261,582,68,0.03716280683875084,1.4229217110573043
17,262,582,70,0.03566762059926987,1.3440740050909556
17,263,582,70,0.038760747760534286,1.2488359098528603
17,264,582,70,0.03655063733458519,1.308747749425716
17,265,582,70,0.03859471157193184,1.5632333767926985
17,266,582,71,0.04016432538628578,1.138759545539205
17,267,582,70,0.03422757610678673,2.142857142857143
17,268,582,74,0.03245465084910393,1.608803625752778
17,269,582,74,0.032195474952459335,1.3230893400384922
17,270,582,76,0.03284257650375366,2.4285714285714284
17,271,582,76,0.03297387436032295,2.002048798658968
17,272,582,76,0.0313512422144413,1.5176631278326205
17,273,582,76,0.03084229864180088,1.2775190910784155
17,274,582,76,0.031718794256448746,1.1781833985223837
17,275,582,76,0.03342324122786522,1.1781833985223837
17,276,582,76,0.03211650624871254,1.3394797293102394
17,277,582,76,0.03250965103507042,1.6564226733718268
17,278,582,76,0.034236565232276917,2.142857142857143
17,279,582,78,0.033271461725234985,1.2007201837710315
17,280,582,78,0.034112583845853806,1.5632333767926985
17,281,582,78,0.03401246666908264,1.9462345564040477
17,282,582,82,0.0390377901494503,1.807971689327621
17,283,582,82,0.03878128528594971,1.5120134103184941
17,284,582,82,0.03929538652300835,1.437759980132861
17,285,582,82,0.03956272453069687,1.4833302290929404
17,286,582,82,0.04423021897673607,1.6282361706090516
17,287,582,82,0.037599965929985046,1.9344384429130195
17,288,582,83,0.03295851871371269,1.7378158564599242
17,289,582,87,0.03367128595709801,2.064506115353573
17,290,582,87,0.03673505038022995,1.658968150493575
17,291,582,87,0.03488433361053467,1.4024337244676228
17,292,582,87,0.03207651898264885,1.315390823865399
17,293,582,87,0.0298497062176466,1.5473396659837324
17,294,582,90,0.029751716181635857,1.6774073384242862
17,295,582,90,0.029853826388716698,1.3502204010678576
17,296,582,90,0.030295824632048607,1.1720370025454765
17,297,582,90,0.03021530993282795,1.1428571428571428
17,298,582,90,0.030440619215369225,1.2626808220028554
17,299,582,94,0.030452387407422066,2.619047619047619
17,300,582,94,0.031349558383226395,2.3353821319923016
17,301,582,94,0.030343132093548775,1.9109083007388095
17,302,582,94,0.031458016484975815,1.552492705035079
17,303,582,94,0.03225626051425934,1.3205438629167456
17,304,582,94,0.0318739227950573,1.2708760166387296
17,305,582,94,0.030634235590696335,1.3973427702241268
17,306,582,94,0.03163029998540878,1.6395356056373014
17,307,582,94,0.03176119178533554,2.012292791953809
17,308,582,94,0.033151596784591675,2.434717824548333
17,309,582,94,0.032104235142469406,2.9068107034208728
17,310,582,94,0.030234195291996002,3.2857142857142856
17,311,582,98,0.029755597934126854,1.1039299683367465
17,312,582,98,0.0312608927488327,1.182777674303096
17,313,582,101,0.033602260053157806,2.2857142857142856
17,314,582,101,0.03427111729979515,1.8115726081827777
17,315,582,101,0.031346119940280914,1.3870987769292857
17,316,582,101,0.03169006481766701,1.0476190476190477
17,317,582,102,0.0332983173429966,1.2565344260259521
17,318,582,102,0.03260878473520279,0.8817284410504759
17,319,582,102,0.03432636335492134,0.840752467871114
17,320,582,103,0.03407532721757889,0.6062581486310327
17,321,582,104,0.03641087934374809,0.6702675855218247
17,322,582,104,0.036922384053468704,0.5002793816353152
17,323,582,104,0.03751010447740555,0.666169988203887
17,324,582,105,0.035040948539972305,0.4050412863972199
17,325,582,105,0.035233061760663986,0.5274104426646805
17,326,582,106,0.035508718341588974,0.38250450114856943
17,327,582,106,0.03497200831770897,0.5586391010119837
17,328,582,107,0.037666384130716324,0.3620165145588885
17,329,582,108,0.034643691033124924,0.6210964177065873
17,330,582,108,0.033205628395080566,0.38250450114856804
17,331,582,108,0.030163075774908066,0.523312845346744
17,332,582,108,0.03852105885744095,0.8776308437325381
17,333,582,110,0.03592296689748764,0.6687154653256349
17,334,582,110,0.03389536589384079,0.42192835413174545
17,335,582,110,0.033596936613321304,0.552492705035079
17,336,582,112,0.033964939415454865,1.0476190476190477
17,337,582,112,0.03668195754289627,0.5980629539951584
17,338,582,112,0.04506128281354904,0.41783075681380766
17,339,582,112,0.04204138368368149,0.7101881169677778
17,340,582,113,0.041979797184467316,0.5673309741106364
17,341,582,113,0.04154657945036888,0.8407524678711127
17,342,582,113,0.0427408292889595,1.3333333333333333
17,343,582,115,0.043358057737350464,0.6047060284348414
17,344,582,115,0.04364412650465965,0.7352703793381763
17,345,582,116,0.0416136160492897,0.7644502390265099
17,346,582,116,0.039631832391023636,0.9236977711553972
17,347,582,117,0.038101401180028915,0.7915813000558752
17,348,582,117,0.04700281471014023,0.9549264295027003
17,349,582,120,0.04372403770685196,1.608803625752778
17,350,582,120,0.04254959151148796,1.2303967219221463
17,351,582,120,0.03972480446100235,1.0691003911342893
17,352,582,120,0.041483473032712936,1.05680759918048
17,353,582,120,0.043794456869363785,1.2426895138759544
17,354,582,123,0.0429554246366024,1.4019370460048424
17,355,582,123,0.0494089350104332,1.025082262370398
17,356,582,123,0.04022299125790596,0.8658347302415091
17,357,582,123,0.04354274645447731,0.9134537778605581
17,358,582,123,0.046157460659742355,1.3026013534488106
17,359,582,125,0.0431319884955883,0.7352703793381763
17,360,582,127,0.04056171327829361,1.6190476190476177
17,361,582,127,0.036797896027565,1.178183398522381
17,362,582,127,0.035071633756160736,0.8530452598249207
17,363,582,127,0.035103630274534225,0.7537095672688904
17,364,582,127,0.035232096910476685,0.9441857577450808
17,365,582,127,0.03507335111498833,1.318991742720557
17,366,582,129,0.036728374660015106,0.8079716893276224
17,367,582,129,0.037800148129463196,0.9216489724964317
17,368,582,131,0.035265326499938965,1.018935866393495
17,369,582,131,0.03769170492887497,0.7311727820202398
17,370,582,131,0.041615843772888184,0.7455143726330175
17,371,582,131,0.04032238945364952,0.900664307443967
17,372,582,131,0.039006397128105164,1.3189917427205557
17,373,582,134,0.041843678802251816,1.213509654187622
17,374,582,134,0.04269944503903389,0.8740299248773827
17,375,582,134,0.041151732206344604,0.7332215806792094
17,376,582,136,0.04129559546709061,1.4285714285714286
17,377,582,136,0.04765395075082779,1.0476190476190477
17,378,582,136,0.04529235512018204,0.8361581920903951
17,379,582,136,0.04288267344236374,0.8484509840442045
17,380,582,136,0.03995141759514809,1.001552120196187
17,381,582,136,0.042248014360666275,1.2539889489042042
17,382,582,139,0.03816608339548111,1.9646737443347617
17,383,582,139,0.03869157284498215,1.7158378344819014
17,384,582,139,0.03965136408805847,1.688706773452536
17,385,582,139,0.03872213140130043,1.7609114049791996
17,386,582,139,0.038902685046195984,1.9119637424722153
17,387,582,139,0.038558464497327805,2.0174458310051504
17,388,582,139,0.03937607631087303,2.065064878624198
17,389,582,139,0.03916705399751663,2.1126839262432457
17,390,582,139,0.0398838073015213,2.160302973862293
17,391,582,139,0.03848288580775261,2.207922021481341
17,392,582,139,0.037713903933763504,2.2555410691003885
17,393,582,139,0.03810776025056839,2.160302973862293
17,394,582,139,0.03903805837035179,2.065064878624198
17,395,582,139,0.03944141045212746,2.011299435028247
17,396,582,139,0.03988689184188843,2.0072018377103107
17,397,582,139,0.03861293941736221,2.0527720866703913
17,398,582,141,0.03837868198752403,2.0527720866703913
17,399,582,141,0.03937716409564018,2.0072018377103107
17,400,582,141,0.038874074816703796,2.011299435028247
17,401,582,141,0.038301222026348114,2.065064878624198
17,402,582,141,0.03913765773177147,2.160302973862293
17,403,582,141,0.03853335604071617,2.1126839262432457
17,404,582,141,0.04032549262046814,2.065064878624198
17,405,582,141,0.03973539546132088,2.0174458310051504
17,406,582,141,0.041352540254592896,2.092195939653563
17,407,582,141,0.04042325168848038,2.216613894579994
17,408,582,141,0.04011481627821922,2.475693797727694
17,409,582,141,0.040323857218027115,2.73887129819333
17,410,582,141,0.04053988680243492,3.1013844912149984
17,411,582,141,0.039392199367284775,3.5258583224684905
17,412,582,141,0.03862086683511734,4.0476190476190474
17,413,582,144,0.03925308957695961,2.45160489228286
17,414,582,144,0.03964407369494438,2.7352703793381763
17,415,582,144,0.04024345427751541,3.1182715589495267
17,416,582,151,0.03950222209095955,3.5238095238095237
17,417,582,151,0.039871569722890854,3.0
17,418,582,152,0.042080629616975784,3.174085801204445
17,419,582,152,0.044283829629421234,2.592413236481031
17,420,582,152,0.04621165618300438,2.155646613273729
17,421,582,152,0.047211360186338425,1.9052585832246844
17,422,582,153,0.04855332896113396,1.5985596324579368
17,423,582,153,0.04410070180892944,1.439312100329048
17,424,582,154,0.04554630070924759,1.2196560501645255
17,425,582,154,0.04488114267587662,1.2713726951015067
17,426,582,154,0.04509317874908447,1.5258583224684907
17,427,582,154,0.04831939935684204,1.9523809523809523
17,428,582,158,0.048950329422950745,1.5714285714285714
17,429,582,158,0.04820403829216957,1.2299000434593652
17,430,582,158,0.04142256826162338,1.029179859688335
17,431,582,158,0.04428029805421829,0.8678835289004767
17,432,582,158,0.046289339661598206,0.8924691128080982
17,433,582,160,0.0431450679898262,1.1592475321288886
17,434,582,161,0.0435982272028923,1.4679952815546033
17,435,582,161,0.0429890938103199,1.0890916992611892
17,436,582,161,0.0413905531167984,0.94213695908611
17,437,582,161,0.04559220373630524,0.993853604023094
17,438,582,161,0.04493832215666771,1.2442416340721414
17,439,582,161,0.042889900505542755,1.5734773700875384
17,440,582,161,0.04355265945196152,2.0
17,441,582,164,0.04334428161382675,0.8550940584838903
17,442,582,164,0.04115791246294975,0.8054262122058731
17,443,582,164,0.03960814327001572,0.9877072080461934
17,444,582,167,0.03927461802959442,1.8095238095238095
17,445,582,167,0.042378392070531845,1.4306202272303954
17,446,582,167,0.046831510961055756,1.0706525113304766
17,447,582,167,0.04370328411459923,0.9196001738374607
17,448,582,167,0.04432186856865883,0.9672192214565084
17,449,582,167,0.04630980268120766,1.2590799031477
17,450,582,168,0.05066132918000221,0.9815608120692874
17,451,582,170,0.05192830413579941,0.9421369590861126
17,452,582,170,0.04873659461736679,0.8095238095238095
17,453,582,170,0.047582514584064484,0.8259141987955554
17,454,582,170,0.04834015667438507,0.979015334947538
17,455,582,170,0.047581035643815994,1.254485627366984
17,456,582,173,0.04669081047177315,1.3789035822934141
17,457,582,174,0.04612407460808754,1.9047619047619047
17,458,582,174,0.04369482770562172,1.5299559197864272
17,459,582,174,0.04314503073692322,1.2667784193207905
17,460,582,174,0.042187854647636414,1.1029366114111856
17,461,582,174,0.04296281561255455,1.1275221953188044
17,462,582,174,0.04606585204601288,1.2309554851927724
17,463,582,174,0.04338395223021507,1.4337244676227723
17,464,582,176,0.044815074652433395,1.823368721673806
17,465,582,176,0.04546425864100456,1.8438567082634856
17,466,582,176,0.04493841901421547,1.9636803874091995
17,467,582,176,0.04377031326293945,2.065064878624198
17,468,582,176,0.044949233531951904,2.160302973862293
17,469,582,176,0.04417959973216057,2.2555410691003885
17,470,582,176,0.04430737346410751,2.350779164338484
17,471,582,176,0.04498706012964249,2.4460172595765792
17,472,582,176,0.043080996721982956,2.541255354814674
17,473,582,176,0.04520941153168678,2.6364934500527695
17,474,582,176,0.04559743404388428,2.731731545290865
17,475,582,176,0.04555666819214821,2.731731545290865
17,476,582,176,0.04696260020136833,2.731731545290865
17,477,582,176,0.04552428424358368,2.731731545290865
17,478,582,176,0.044876907020807266,2.731731545290865
17,479,582,176,0.046935729682445526,2.731731545290865
17,480,582,176,0.0465531051158905,4.874588688148007
17,481,582,176,0.04763343185186386,7.01744583100515
17,482,582,176,0.04975556954741478,9.160302973862294
17,483,582,176,0.0506296269595623,11.303160116719436
17,484,582,176,0.052360571920871735,11.303160116719436
17,485,582,176,0.05681782215833664,11.303160116719436
17,486,582,176,0.05526341497898102,11.303160116719436
17,487,582,176,0.053073540329933167,11.303160116719436
17,488,582,176,0.05491427332162857,11.303160116719436
17,489,582,176,0.05371234938502312,11.207922021481341
17,490,582,131,0.05457039922475815,36.91705469671572
17,491,582,131,0.05572492256760597,36.86328925311976
17,492,582,131,0.054756712168455124,36.85919165580183
17,493,582,131,0.05589544028043747,36.904761904761905
17,494,582,176,0.05575096607208252,10.235053082510708
17,495,582,176,0.05818953365087509,9.798286459303407
17,496,582,176,0.054049067199230194,9.432172347426585
17,497,582,176,0.05365385860204697,9.165393928105791
17,498,582,176,0.05386368930339813,8.997951201341033
17,499,582,178,0.05700026825070381,9.13416526975849
17,500,582,178,0.054664742201566696,8.736822499534364
17,501,582,178,0.05476883798837662,6.651828397591108
17,502,582,178,0.052141547203063965,4.749115291488173
17,503,582,178,0.05477041006088257,3.0368783758614253
17,504,582,178,0.05804170295596123,5.055317563792141
17,505,582,181,0.06018652766942978,8.747066492829205
17,506,582,181,0.06141264736652374,12.192028310672377
17,507,582,181,0.06555096805095673,15.688706773452536
17,508,582,181,0.06596572697162628,19.3302911777488
17,509,582,182,0.06280769407749176,23.168994846960953
17,510,582,182,0.06873106956481934,26.609859067486187
17,511,582,182,0.07138823717832565,30.14596138324951
17,512,582,182,0.058818839490413666,33.73173154529087
17,513,582,182,0.06382786482572556,37.28267213012976
17,514,582,106,0.06257031112909317,41.98056745514373
17,515,582,106,0.05945131555199623,38.66616998820388
17,516,582,106,0.05968351289629936,35.32054386291675
17,517,582,107,0.05736582353711128,31.35996771589992
17,518,582,107,0.05487601086497307,30.28112000993357
17,519,582,109,0.05750822275876999,28.56068789967095
17,520,582,110,0.05558180436491966,27.461352207114913
17,521,582,110,0.05438707023859024,26.173589122741664
17,522,582,110,0.05374325066804886,24.947786676600238
17,523,582,63,0.0543888583779335,32.59756627553237
17,524,582,63,0.056189171969890594,29.386105420003723
17,525,582,115,0.06820356100797653,27.666666666666668
17,526,582,115,0.05933002382516861,29.71633451294468
17,527,582,115,0.060144200921058655,31.76805115788167
17,528,582,62,0.0652015209197998,21.11268392624325
17,529,582,62,0.06736904382705688,18.779350592909914
17,530,582,62,0.06756512075662613,16.350779164338487
17,531,582,62,0.06796171516180038,13.982616253802695
17,532,582,62,0.060284342616796494,11.751164090147142
17,533,582,62,0.06152325123548508,9.71838331160365
17,534,582,63,0.05807367339730263,9.111628484509842
17,535,582,63,0.05446852743625641,9.333333333333334
17,536,582,64,0.0558772049844265,6.380952380952381
17,537,582,65,0.05838082358241081,3.5985596324579374
17,538,582,66,0.05873556435108185,4.933941764450238
17,539,582,66,0.0566629022359848,8.894517911467062
17,540,582,66,0.055346932262182236,12.983112932265474
17,541,582,70,0.059096962213516235,18.19047619047619
17,542,582,70,0.06567283719778061,21.4306202272304
17,543,582,70,0.07205600291490555,24.761904761904763
17,544,582,69,0.06663443893194199,27.72657850623952
17,545,582,70,0.06602174043655396,31.67895945862048
17,546,582,72,0.058704812079668045,36.304153473644995
17,547,582,72,0.05554274097084999,39.747066492829205
17,548,582,187,0.055862173438072205,42.29186068169119
17,549,582,187,0.05588081106543541,38.81157260818278
17,550,582,187,0.05508069694042206,35.38095238095238
17,551,582,195,0.05429505184292793,28.719438753337055
17,552,582,195,0.0551442913711071,24.999006643074434
17,553,582,195,0.05402698740363121,21.27857453281182
17,554,582,195,0.05382733792066574,17.5581424225492
17,555,582,195,0.055569782853126526,13.885329359905633
17,556,582,195,0.054797880351543427,10.16489724964301
17,557,582,195,0.056299950927495956,6.349227044142297
17,558,582,195,0.05660711228847504,2.533556838641581
17,559,582,195,0.05922796577215195,2.549947227913327
17,560,582,195,0.059256043285131454,2.6160054634630874
17,561,582,195,0.05875254422426224,2.731731545290865
17,562,582,195,0.05935916677117348,2.731731545290865
17,563,582,195,0.055892426520586014,2.731731545290865
17,564,582,195,0.058162838220596313,2.731731545290865
18,25,243,15,0.041864365339279175,0.9175513751784946
18,26,243,16,0.04393380507826805,0.7393679766561121
18,27,243,16,0.03275483846664429,1.0394238529831754
18,28,243,18,0.030754955485463142,0.7188799900664312
18,29,243,19,0.031201545149087906,1.0025454771217472
18,30,243,19,0.026587504893541336,0.7792885081020666
18,31,243,19,0.023277578875422478,0.7792885081020666
18,32,243,19,0.019772378727793694,0.9774632147513502
18,33,243,19,0.01837795414030552,1.476190476190477
18,34,243,22,0.019019287079572678,1.0189358663934938
18,35,243,22,0.01951785385608673,0.7209287887253988
18,36,243,23,0.018804268911480904,0.8883715154901604
18,37,243,23,0.018778974190354347,0.6584714720307951
18,38,243,23,0.019057543948292732,0.6728130626435713
18,39,243,25,0.02156697027385235,1.0952380952380953
18,40,243,25,0.0224163718521595,0.7869870242751604
18,41,243,25,0.02338496595621109,0.7808406282982557
18,42,243,25,0.023787371814250946,1.0271310610293667
18,43,243,27,0.023855218663811684,0.8637859315825429
18,44,243,27,0.029082387685775757,0.6047060284348442
18,45,243,27,0.02660290338099003,0.7204321102626203
18,46,243,27,0.02860088087618351,1.0225367852486504
18,47,243,27,0.03163094446063042,1.4014403675420632
18,48,243,29,0.03187551349401474,0.8320605947724586
18,49,243,30,0.03246777877211571,0.972868938970634
18,50,243,32,0.03350932523608208,2.2380952380952372
18,51,243,32,0.030967991799116135,1.8591916558018247
18,52,243,32,0.03241434320807457,1.5299559197864279
18,53,243,32,0.030244339257478714,1.4966784627801577
18,54,243,32,0.02741619385778904,1.691252250574286
18,55,243,32,0.026694348081946373,2.260632023343888
18,56,243,32,0.02885686419904232,2.970820140311667
18,57,243,32,0.029388971626758575,3.830011796113491
18,58,243,32,0.02907203696668148,4.817719004159683
18,59,243,34,0.027300164103507996,4.428571428571429
18,60,243,34,0.02557806856930256,5.138759545539207
18,61,243,34,0.02455510012805462,5.853045259824921
18,62,243,34,0.024607373401522636,6.666666666666668
18,63,243,45,0.02455841191112995,5.651269634320482
18,64,243,45,0.025013983249664307,5.508412491463339
18,65,243,50,0.02539348043501377,6.124417954926431
18,66,243,50,0.025846140459179878,5.190972868938972
18,67,243,50,0.025483516976237297,4.4003849258086545
18,68,243,50,0.025661388412117958,3.775190910784132
18,69,243,51,0.02619166485965252,3.251381386974608
18,70,243,51,0.03137186914682388,2.8289563543800833
18,71,243,51,0.03137926757335663,2.55143726330167
18,72,243,51,0.03283021226525307,2.373253864779288
18,73,243,54,0.03143126145005226,1.0829453032842873
18,74,243,55,0.03236223757266998,1.3026013534488112
18,75,243,55,0.0417364202439785,0.8740299248773841
18,76,243,55,0.038584426045417786,0.9032097845657177
18,77,243,56,0.03216465190052986,1.1290122307071464
18,78,243,56,0.031078267842531204,1.3650586701434149
18,79,243,58,0.03374326974153519,1.6697088222511958
18,80,243,58,0.027986494824290276,1.628236170609053
18,81,243,58,0.029596643522381783,1.8079716893276223
18,82,243,58,0.028900302946567535,2.219656050164524
18,83,243,58,0.03195786848664284,2.9047619047619047
18,84,243,62,0.04459928348660469,2.1315577078288936
18,85,243,62,0.03990206494927406,2.1295089091699255
18,86,243,62,0.03911406174302101,2.226795803066989
18,87,243,66,0.03931767866015434,2.306698950766747
18,88,243,66,0.03684493899345398,1.9093561805426202
18,89,243,67,0.04329537972807884,1.9856584093872225
18,90,243,67,0.04346701130270958,1.6999441236729367
18,91,243,68,0.04336236044764519,1.7163345129446819
18,92,243,68,0.04018745198845863,1.455702489600796
18,93,243,70,0.046103160828351974,2.0563109207177015
18,94,243,70,0.044850483536720276,1.422921711057305
18,95,243,70,0.04270039498806,1.1162227602905586
18,96,243,70,0.038359105587005615,1.2380952380952395
18,97,243,70,0.039668936282396317,1.5837213633823808
18,98,243,70,0.03726726025342941,2.196622586453095
18,99,243,70,0.03852103278040886,2.8591916558018253
18,100,243,70,0.03719870746135712,3.5238095238095237
18,101,243,73,0.03440229594707489,2.046066927422859
18,102,243,76,0.032512735575437546,2.2805612466629404
18,103,243,76,0.03265438973903656,2.1812255541069088
18,104,243,76,0.03240891918540001,3.1336065064878613
18,105,243,76,0.035812877118587494,4.1853231514248455
18,106,243,79,0.03691238537430763,4.794126777177623
18,107,243,79,0.0389411635696888,5.603650586701432
18,108,243,82,0.04244685918092728,6.435711181473893
18,109,243,82,0.03739635646343231,6.851989818091512
18,110,243,82,0.033098943531513214,7.417271993543179
18,111,243,84,0.03271833062171936,7.9410815173527025
18,112,243,84,0.03212723135948181,8.471037437139133
18,113,243,84,0.030193205922842026,9.340473086235798
18,114,243,102,0.031131191179156303,9.096231452163655
18,115,243,102,0.03271675854921341,8.222698205749051
18,116,243,103,0.03220909461379051,7.375799341901037
18,117,243,105,0.0311674065887928,6.9923014838269095
18,118,243,105,0.03101862221956253,5.868380207363257
18,119,243,105,0.03242558613419533,5.085987458868813
18,120,243,105,0.0341065414249897,4.443906376109766
18,121,243,107,0.036837801337242126,3.40448252312659
18,122,243,107,0.04531548544764519,2.673806419569131
18,123,243,108,0.04325887933373451,1.8745266033401624
18,124,243,108,0.03776576742529869,1.1643384863723847
18,125,243,110,0.03807897865772247,1.1561432917365118
18,126,243,112,0.038554660975933075,1.8571428571428572
18,127,243,112,0.034177325665950775,1.3066989507667477
18,128,243,112,0.037210747599601746,1.1561432917365118
18,129,243,112,0.04116924852132797,1.199664742037623
18,130,243,112,0.04278133437037468,1.396287328490718
18,131,243,112,0.047770906239748,1.7291239833612717
18,132,243,115,0.04716847464442253,1.1413050226609545
18,133,243,115,0.04283100739121437,1.0255789408331784
18,134,243,115,0.041254568845033646,1.2222015272862734
18,135,243,116,0.040850039571523666,1.0317253368100816
18,136,243,117,0.03830896317958832,0.9779598932141292
18,137,243,117,0.04008243605494499,1.170484882349288
18,138,243,120,0.046340249478816986,1.7332215806792082
18,139,243,120,0.05211600661277771,1.3297324144781766
18,140,243,120,0.04785037785768509,1.1499968957596072
18,141,243,120,0.04420093819499016,1.139752902464766
18,142,243,120,0.03966546058654785,1.2739181722232562
18,143,243,123,0.041363347321748734,1.366610790339604
18,144,243,123,0.039967555552721024,1.1039299683367472
18,145,243,123,0.04153994470834732,1.089588377723971
18,146,243,123,0.03973215073347092,1.5140622089774631
18,147,243,125,0.04005318507552147,1.5514372633016702
18,148,243,125,0.038455184549093246,1.5678276525734147
18,149,243,125,0.037526585161685944,1.9052585832246844
18,150,243,127,0.03669140860438347,1.9948469609486548
18,151,243,127,0.0359899178147316,1.9677158999192907
18,152,243,127,0.03771241381764412,2.1392562240019877
18,153,243,127,0.036613963544368744,2.557086980815795
18,154,243,132,0.036059170961380005,2.331781213137147
18,155,243,132,0.036398109048604965,2.4085801204445296
18,156,243,135,0.03455909341573715,3.9610728254796053
18,157,243,135,0.03590012341737747,3.8847705966350023
18,158,243,135,0.035130277276039124,4.019432544856272
18,159,243,135,0.03641544654965401,4.253430185633574
18,160,243,135,0.03361723572015762,4.646675358539764
18,161,243,135,0.03421878442168236,5.2841621655180955
18,162,243,135,0.03309069946408272,6.342025206431986
18,163,243,136,0.032295096665620804,6.644129881418017
18,164,243,139,0.03225868567824364,6.3322778915999285
18,165,243,146,0.032642751932144165,6.601601788042468
18,166,243,152,0.03227623179554939,6.8228099584031785
18,167,243,152,0.03300364688038826,6.147948097100639
18,168,243,152,0.03197470307350159,5.572421928354131
18,169,243,152,0.032680559903383255,5.237039796361831
18,170,243,153,0.03398068621754646,4.812565965108338
18,171,243,153,0.03329833969473839,4.58471472030794
18,172,243,158,0.03583386540412903,6.679456137083256
18,173,243,158,0.03709397837519646,5.615446700192463
18,174,243,159,0.03750095143914223,7.387595455392066
18,175,243,159,0.033904992043972015,8.78288942695722
18,176,243,159,0.035299740731716156,10.648227478735954
18,177,243,159,0.0322580561041832,12.857142857142854
18,178,243,159,0.03398698568344116,15.02048798658968
18,179,243,161,0.034076984971761703,17.411684360836905
18,180,243,163,0.03581676259636879,20.56528217545167
18,181,243,163,0.032571256160736084,22.236046439436272
18,182,243,112,0.035982467234134674,29.761904761904763
18,183,243,165,0.036688998341560364,22.81821568262246
18,184,243,115,0.03993130847811699,28.657974793568016
18,185,243,115,0.052201516926288605,28.970820140311666
18,186,243,115,0.05033637955784798,29.38300117961134
18,187,243,115,0.04928644374012947,29.894517911467066
18,188,243,117,0.04847373813390732,29.07679890730738
18,189,243,117,0.049159783869981766,29.453653690941824
18,190,243,117,0.044733889400959015,29.882225119513254
18,191,243,120,0.039571091532707214,28.971813497237225
18,192,243,171,0.04642924666404724,23.19047619047619
18,193,243,171,0.042075660079717636,20.240144036754206
18,194,243,171,0.04634743556380272,19.861240454460795
18,195,243,172,0.04249364510178566,17.799279816228964
18,196,243,172,0.04761193320155144,15.076798907307378
18,197,243,172,0.04833483323454857,12.57397404855032
18,198,243,172,0.045916598290205,10.46234556404048
18,199,243,173,0.044693075120449066,8.008691873098652
18,200,243,174,0.04068612679839134,5.683553734401192
18,201,243,174,0.04099764674901962,3.550940584838889
18,202,243,174,0.04098782688379288,1.8095238095238095
18,203,243,175,0.04053976386785507,1.4638976842366695
18,204,243,176,0.040767520666122437,1.2841621655181013
18,205,243,178,0.04120239242911339,1.3425218848947684
18,206,243,178,0.03930313140153885,1.2452349909977036
18,207,243,178,0.042183857411146164,1.3696529459241338
18,208,243,181,0.04152936115860939,1.780840628298257
18,209,243,181,0.0451943501830101,1.3834978580741304
18,210,243,183,0.04162903502583504,2.238095238095238
18,211,243,183,0.039240580052137375,1.6502762773949209
18,212,243,183,0.04039865359663963,1.207363258210716
18,213,243,183,0.0391307957470417,0.9631216241385719
18,214,243,183,0.03983447328209877,0.9569752281616686
18,215,243,183,0.040743738412857056,1.1305643509033334
18,216,243,183,0.04190292954444885,1.4782392748494457
18,217,243,186,0.04326840490102768,1.2109641770658728
18,218,243,186,0.0425906665623188,1.0076985161730931
18,219,243,186,0.04295317828655243,1.0758055503818231
18,220,243,188,0.04195816069841385,1.9728689389706346
18,221,243,188,0.038469813764095306,1.792636741789284
18,222,243,188,0.036922454833984375,1.711740237163965
18,223,243,188,0.03731904178857803,1.7301794250946776
18,224,243,188,0.03845278546214104,1.8397591109455491
18,225,243,188,0.038598544895648956,1.9990066430744378
19,25,277,14,0.027107274159789085,0.7828894269572233
19,26,277,15,0.03344261646270752,0.993853604023096
19,27,277,15,0.03982086107134819,0.7204321102626183
19,28,277,15,0.04359825327992439,0.7890358229341293
19,29,277,15,0.040507230907678604,1.1720370025454785
19,30,277,16,0.03177953511476517,0.9027131061029372
19,31,277,18,0.03755133971571922,0.8760787235363516
19,32,277,18,0.031063707545399666,0.6856025330601612
19,33,277,19,0.03323671594262123,0.9196001738374614
19,34,277,18,0.025065625086426735,0.8714844477556354
19,35,277,19,0.02066526561975479,0.7368224995343641
19,36,277,19,0.017169024795293808,0.9457378779412686
19,37,277,20,0.01635921001434326,0.8817284410504759
19,38,277,23,0.01719963178038597,2.5238095238095237
19,39,277,23,0.016613595187664032,2.002048798658968
19,40,277,23,0.01595771498978138,1.5299559197864285
19,41,277,23,0.016092289239168167,1.1920283106723804
19,42,277,23,0.017270268872380257,1.0450735704973009
19,43,277,23,0.0163574256002903,1.0056497175141277
19,44,277,23,0.017335083335638046,1.0758055503818231
19,45,277,23,0.017638202756643295,1.3057055938411881
19,46,277,23,0.018197476863861084,1.5376544359595217
19,47,277,23,0.01779555156826973,1.8192711243558708
19,48,277,23,0.017701406031847,2.0553175637921406
19,49,277,27,0.017113106325268745,1.9124604209349978
19,50,277,27,0.017721252515912056,1.5335568386415852
19,51,277,27,0.018045825883746147,1.2335009623145232
19,52,277,27,0.02220599539577961,1.0327807785434917
19,53,277,27,0.02558060921728611,0.9313962873284931
19,54,277,27,0.02782396413385868,0.9667225429937313
19,55,277,27,0.031031891703605652,1.1136772831688106
19,56,277,27,0.03399522975087166,1.3599677158999204
19,57,277,27,0.033827051520347595,1.7347737008753965
19,58,277,28,0.030704285949468613,1.386602098466506
19,59,277,30,0.0343044139444828,1.1648972496430114
19,60,277,32,0.033223435282707214,2.0204879865896817
19,61,277,32,0.03190378472208977,1.7368224995343642
19,62,277,32,0.028805287554860115,1.4075867635189672
19,63,277,32,0.02977486327290535,1.136214068417459
19,64,277,32,0.02955387346446514,0.9559818712361098
19,65,277,32,0.027729570865631104,0.81107592972
19,66,277,32,0.028040427714586258,0.852548581362143
19,67,277,32,0.02753155305981636,1.1259700751226194
19,68,277,32,0.028055166825652122,1.6666666666666674
19,69,277,34,0.02639845572412014,0.9124604209349972
19,70,277,34,0.026607481762766838,0.9790153349475387
19,71,277,34,0.024873606860637665,1.2442416340721434
19,72,277,36,0.024496594443917274,0.8468988638480174
19,73,277,36,0.0269633699208498,0.9257465698143681
19,74,277,36,0.02780679427087307,1.215558452846589
19,75,277,37,0.027612630277872086,1.2698205749053224
19,76,277,37,0.027411261573433876,1.7664990376854794
19,77,277,37,0.02594783529639244,2.4577512882597636
19,78,277,40,0.028224635869264603,2.187371950083815
19,79,277,40,0.02718040719628334,2.2247470044080213
19,80,277,40,0.028475776314735413,2.4812814304339734
19,81,277,42,0.028320565819740295,2.4607934438442913
19,82,277,42,0.029588866978883743,2.4689886384801643
19,83,277,46,0.0295399259775877,2.5202086049543686
19,84,277,46,0.030558155849575996,2.2119575339914337
19,85,277,47,0.030515402555465698,2.0686037126715098
19,86,277,50,0.02967178076505661,3.5714285714285716
19,87,277,50,0.02904544025659561,2.811572608182778
19,88,277,50,0.028299953788518906,2.1013844912149997
19,89,277,50,0.02859044447541237,1.59651083379897
19,90,277,50,0.032307159155607224,1.2406407152169874
19,91,277,50,0.0338931567966938,1.0624573166946063
19,92,277,50,0.0368574857711792,1.26932389644254
19,93,277,51,0.03555544465780258,0.8156702055007156
19,94,277,51,0.03414630517363548,1.2380952380952381
19,95,277,52,0.03193124011158943,0.9129570993977777
19,96,277,54,0.03098181262612343,0.9063140249580932
19,97,277,54,0.03371650353074074,0.6994474452101583
19,98,277,54,0.030891630798578262,0.6210964177065873
19,99,277,56,0.027194276452064514,1.3333333333333333
19,100,277,56,0.030776606872677803,0.8673868504376983
19,101,277,56,0.03263649716973305,0.6318370894642081
19,102,277,56,0.030874567106366158,0.6651145464704782
19,103,277,56,0.03004811517894268,0.9421369590861126
19,104,277,58,0.03269258141517639,0.8095238095238095
19,105,277,58,0.039913129061460495,0.8428012665300809
19,106,277,58,0.032902106642723083,1.2339976407773017
19,107,277,58,0.036343302577733994,1.8095238095238095
19,108,277,60,0.04213227704167366,1.193021667597939
19,109,277,60,0.04619811475276947,1.3998882473458754
19,110,277,61,0.042616650462150574,1.3153908238654017
19,111,277,62,0.04264943301677704,1.5125100887812746
19,112,277,62,0.039806585758924484,1.5867635189669091
19,113,277,62,0.04017854109406471,1.9052585832246838
19,114,277,67,0.03840108588337898,2.619047619047619
19,115,277,67,0.035132069140672684,2.0972868938970635
19,116,277,67,0.04228265956044197,1.6400322841000812
19,117,277,68,0.046115197241306305,1.7060905196498422
19,118,277,68,0.04682937636971474,1.2923573601539708
19,119,277,68,0.043680693954229355,1.1889240702800028
19,120,277,68,0.046616096049547195,1.2344943192400821
19,121,277,70,0.04348817467689514,1.0373750543242077
19,122,277,70,0.0421244353055954,0.8842739181722252
19,123,277,70,0.03904839977622032,0.9795120134103191
19,124,277,70,0.044492222368717194,1.2401440367542063
19,125,277,70,0.04610343649983406,1.619047619047619
19,126,277,73,0.04508594796061516,0.9897560067051588
19,127,277,73,0.03989094868302345,0.7762463525175382
19,128,277,74,0.036532219499349594,1.093189296579127
19,129,277,74,0.036915868520736694,0.8279629974545235
19,130,277,74,0.0317658856511116,0.7573104861240457
19,131,277,76,0.030885016545653343,1.619047619047619
19,132,277,76,0.030487840995192528,1.3082510709629362
19,133,277,76,0.03212953358888626,1.1464580617123008
19,134,277,76,0.0324055477976799,1.1213757993419038
19,135,277,76,0.03204513341188431,1.228906686533807
19,136,277,76,0.030772486701607704,1.435773266281742
19,137,277,76,0.031625308096408844,1.508474576271188
19,138,277,78,0.03030022233724594,1.3861054200037262
19,139,277,78,0.03116360493004322,1.2452970758055515
19,140,277,78,0.03373481333255768,1.1874340348916628
19,141,277,78,0.033506207168102264,1.2289066865338056
19,142,277,78,0.0339437872171402,1.2186626932389646
19,143,277,78,0.03422261402010918,1.3620165145588885
19,144,277,78,0.03465604782104492,1.720432110262619
19,145,277,78,0.03049745410680771,2.144905941516111
19,146,277,78,0.03131905198097229,2.619047619047619
19,147,277,82,0.033604979515075684,1.176134599863413
19,148,277,82,0.03172803670167923,1.1556466132737306
19,149,277,82,0.03238149732351303,1.2467871111938895
19,150,277,82,0.033472053706645966,1.43726330167008
19,151,277,82,0.03176417201757431,1.9631216241385718
19,152,277,83,0.03394501283764839,1.9364872415719863
19,153,277,85,0.03186352923512459,1.8125659651083372
19,154,277,87,0.03187999501824379,2.1023778481405593
19,155,277,87,0.03239084780216217,1.8955112683926232
19,156,277,87,0.030367841944098473,1.8002731731545278
19,157,277,87,0.03058558702468872,1.8330539516980182
19,158,277,90,0.03020816668868065,1.8059228906686515
19,159,277,90,0.03175104409456253,1.5657788539144453
19,160,277,90,0.031768422573804855,1.43726330167008
19,161,277,94,0.032239023596048355,3.4285714285714284
19,162,277,94,0.030162205919623375,2.7163345129446825
19,163,277,94,0.02982506901025772,2.1013844912149997
19,164,277,94,0.03065858595073223,1.6313404110014285
19,165,277,94,0.03272613510489464,1.339479729310238
19,166,277,94,0.03160836920142174,1.1904761904761918
19,167,277,94,0.03214592486619949,1.2401440367542076
19,168,277,94,0.03308229520916939,1.4884832681442854
19,169,277,94,0.031086409464478493,1.8632892531197618
19,170,277,94,0.03136077895760536,2.3353821319923016
19,171,277,94,0.03362083062529564,2.857142857142857
19,172,277,98,0.03226754069328308,1.0368783758614253
19,173,277,98,0.03319135680794716,0.9318929657912701
19,174,277,98,0.033957790583372116,1.0460669274228578
19,175,277,98,0.035366807132959366,1.2882597628360324
19,176,277,101,0.034147150814533234,1.652325076053889
19,177,277,101,0.03469095006585121,1.2135096541876194
19,178,277,101,0.03370054438710213,0.9155025765195257
19,179,277,101,0.03411493077874184,0.9032097845657163
19,180,277,102,0.03206103667616844,0.7578071645868254
19,181,277,102,0.03469422459602356,0.8264108772583351
19,182,277,103,0.035523585975170135,0.6129012230707157
19,183,277,105,0.03687082603573799,1.267275097783573
19,184,277,105,0.0404985286295414,0.8740299248773827
19,185,277,105,0.03842729702591896,0.7209287887253988
19,186,277,105,0.038908153772354126,0.8033774135469048
19,187,277,106,0.03650201857089996,0.7480598497547641
19,188,277,106,0.03992198407649994,0.9257465698143668
19,189,277,106,0.03494732081890106,1.4761904761904763
19,190,277,107,0.03443360701203346,1.2176072515055572
19,191,277,109,0.03786921873688698,1.0091885515614325
19,192,277,110,0.03924861177802086,1.1044266467995276
19,193,277,110,0.04221563786268234,1.058856397839447
19,194,277,110,0.040749914944171906,1.253430185633574
19,195,277,112,0.03843770921230316,1.232942199043893
19,196,277,112,0.039302077144384384,1.2349909977028612
19,197,277,113,0.04582666605710983,1.2267958030669883
19,198,277,113,0.042334385216236115,3.7690445148072267
19,199,277,115,0.03871629759669304,6.145899298441672
19,200,277,115,0.04256148263812065,8.373750543242068
19,201,277,117,0.043930020183324814,10.96771589991929
19,202,277,117,0.0396384559571743,10.752654125535479
19,203,277,117,0.03981577605009079,10.713230272552307
19,204,277,117,0.03538990393280983,10.870429006022226
19,205,277,119,0.03811832144856453,10.535046874029925
19,206,277,120,0.0374990850687027,10.59905631092072
19,207,277,120,0.038916245102882385,10.4418575774508
19,208,277,172,0.04018598794937134,39.44955609362389
19,209,277,172,0.03740434721112251,36.57807164586826
19,210,277,172,0.04315999895334244,34.044018128763895
19,211,277,174,0.04543658345937729,32.470540758676364
19,212,277,123,0.041702404618263245,22.78338610542
19,213,277,123,0.0399433895945549,25.627739492146276
19,214,277,124,0.037802401930093765,27.849444340969768
19,215,277,126,0.03801994025707245,29.79567889737382
19,216,277,126,0.037582460790872574,32.32563481716025
19,217,277,126,0.036683276295661926,35.145402619978896
19,218,277,178,0.038323160260915756,15.936983920034766
19,219,277,178,0.038101449608802795,16.048612404544606
19,220,277,181,0.04059922322630882,16.12901223070715
19,221,277,183,0.03840151056647301,16.952380952380953
19,222,277,183,0.03716620057821274,16.467995281554604
19,223,277,183,0.03604697436094284,13.559135779474765
19,224,277,183,0.036682963371276855,11.099832371018811
19,225,277,183,0.03876854106783867,8.899112187247779
19,226,277,183,0.036444514989852905,6.942633637548893
19,227,277,186,0.038544755429029465,4.656919351834607
19,228,277,186,0.03864896669983864,2.0419693301049215
19,229,277,186,0.03895009681582451,2.052213323399764
19,230,277,186,0.04011952504515648,2.2734214937604764
19,231,277,186,0.04215557873249054,2.753709567268889
19,232,277,186,0.052442021667957306,3.238095238095238
19,233,277,188,0.04395861178636551,2.3194884211833395
19,234,277,195,0.037621717900037766,4.619047619047619
19,235,277,195,0.03140198811888695,4.097286893897062
19,236,277,195,0.03088933788239956,3.6251940150245225
19,237,277,195,0.03112490475177765,3.202768982429997
19,238,277,195,0.03106900304555893,2.972868938970632
19,239,277,195,0.030356625095009804,2.7926367417892815
19,240,277,195,0.03285874426364899,2.662072390885948
19,241,277,195,0.032753098756074905,2.581175886260629
19,242,277,195,0.033494073897600174,2.549947227913327
19,243,277,195,0.033487819135189056,2.5683864158440395
19,244,277,195,0.03375225141644478,2.731731545290865
19,245,277,195,0.03363090753555298,2.731731545290865
19,246,277,195,0.03545087203383446,2.731731545290865
19,247,277,195,0.036666739732027054,2.731731545290865
19,248,277,195,0.03669542074203491,2.731731545290865
19,249,277,195,0.03799637407064438,2.731731545290865
19,250,277,195,0.038509584963321686,2.731731545290865
19,251,277,195,0.037023160606622696,2.731731545290865
19,252,277,195,0.03767154738306999,2.731731545290865
19,253,277,195,0.03906595706939697,2.731731545290865
19,254,277,195,0.03812975436449051,2.731731545290865
19,255,277,195,0.0386362299323082,2.731731545290865
19,256,277,195,0.039022646844387054,2.731731545290865
19,257,277,195,0.03763490170240402,2.731731545290865
19,258,277,195,0.03882737085223198,2.731731545290865
19,259,277,195,0.03853422775864601,2.731731545290865
