video,frame,video_length,phase,appearance,temporal,appearance_score,temporal_score,combined_score,label,threshold,above_threshold,alarm_active,new_alarm
01,35,230,18,0.0904366746544838,8.947454844006568,2.820913968353689,0.042388590919202176,1.4316512796364456,0,0.6656536262440776,True,False,False
01,36,230,18,0.0910133644938469,8.865353037766832,2.841962334120508,0.04115277194196598,1.4415575530312368,0,0.6656536262440776,True,False,False
01,37,230,33,0.09040892869234085,7.535303776683087,3.2514082056687346,0.03539372524554583,1.6434009654571402,0,0.6656536262440776,True,True,True
01,38,230,33,0.09031935036182404,6.903119868637108,3.247638420171251,0.02634778255136997,1.6369931013613104,0,0.6656536262440776,True,True,False
01,39,230,33,0.09005992114543915,6.303776683087028,3.2367206849119667,0.017771758958190303,1.6272462219350785,0,0.6656536262440776,True,True,False
01,40,230,33,0.09129329025745392,5.753694581280788,3.2886253918281616,0.009900614016504834,1.6492630029223332,0,0.6656536262440776,True,True,False
01,41,230,38,0.08973877131938934,9.045977011494253,3.223205519472099,0.05701000389136862,1.6401077616817339,0,0.6656536262440776,True,True,False
01,42,230,42,0.08691006153821945,10.426929392446633,3.1630254673871585,0.07877840755905177,1.620901937473105,0,0.6656536262440776,True,True,False
01,43,230,42,0.08959605544805527,9.366174055829228,3.278101696848448,0.06362674219850759,1.670864219523478,1,0.6656536262440776,True,True,False
01,44,230,42,0.08798397332429886,8.387520525451558,3.209035146956243,0.04964780635503333,1.629341476655638,1,0.6656536262440776,True,True,False
01,45,230,42,0.08896571397781372,7.490968801313627,3.251095932091179,0.03684160002862909,1.643968766059904,1,0.6656536262440776,True,True,False
01,46,230,42,0.08920793235301971,6.706075533661739,3.26147331128883,0.025630305845440043,1.643551808567135,1,0.6656536262440776,True,True,False
01,47,230,48,0.09091712534427643,10.426929392446633,3.33470038903284,0.07877840755905177,1.7067393982959458,1,0.6656536262440776,True,True,False
01,48,230,48,0.09123878180980682,9.080459770114942,3.3484811400239494,0.05954564347910402,1.7040133917515268,1,0.6656536262440776,True,True,False
01,49,230,48,0.08884792774915695,7.819376026272577,3.246049608260492,0.04153251809690905,1.6437910631787005,1,0.6656536262440776,True,True,False
01,50,230,48,0.09139733016490936,6.722495894909687,3.3552738385575083,0.02586485174885405,1.6905693451531811,1,0.6656536262440776,True,True,False
01,51,230,48,0.0900726318359375,5.789819376026273,3.2985196931688945,0.012542644434939038,1.6555311688019168,1,0.6656536262440776,True,True,False
01,52,230,60,0.08920024335384369,14.71264367816092,3.0606864948986563,0.20350267107764985,1.632094582988153,1,0.6656536262440776,True,True,False
01,53,230,60,0.09006758034229279,12.794745484400659,3.0957227737328994,0.16362319356694519,1.6296729836499222,1,0.6656536262440776,True,True,False
01,54,230,60,0.09036713093519211,10.95894909688013,3.107823189416255,0.12545088547022606,1.6166370374432404,1,0.6656536262440776,True,True,False
01,55,230,62,0.09156960994005203,10.673234811165845,3.1563976077423197,0.11950993590955603,1.6379537718259378,1,0.6656536262440776,True,True,False
01,56,230,62,0.0900021344423294,8.798029556650246,3.093079071423172,0.08051818649412387,1.586798628958648,1,0.6656536262440776,True,True,False
01,57,230,62,0.08887771517038345,7.0870279146141195,3.0476578941147547,0.04494077590666298,1.5462993350107088,1,0.6656536262440776,True,True,False
01,58,230,66,0.09151355922222137,8.855500821018062,3.154133425994132,0.08171320508391383,1.617923315539023,1,0.6656536262440776,True,True,False
01,59,230,66,0.0902123972773552,7.369458128078818,3.101572687416207,0.05081343869077365,1.5761930630534904,1,0.6656536262440776,True,True,False
01,60,230,66,0.09138400852680206,6.0771756978653535,3.1489001956023355,0.023942592114639588,1.5864213938584875,1,0.6656536262440776,True,True,False
01,61,230,66,0.08841320872306824,5.0311986863711,3.0288940484294224,0.0021932537804624473,1.5155436511049425,1,0.6656536262440776,True,True,False
01,62,230,62,0.08986315131187439,4.466338259441708,3.0874648156301783,0.0,1.5437324078150891,1,0.6656536262440776,True,True,False
01,63,230,62,0.09057896584272385,4.417077175697865,3.1163803096428224,0.0,1.5581901548214112,1,0.6656536262440776,True,True,False
01,64,230,62,0.08968566358089447,4.51231527093596,3.0802951575675275,0.0,1.5401475787837637,1,0.6656536262440776,True,True,False
01,65,230,66,0.09115796536207199,4.07224958949097,3.139769129530521,0.0,1.5698845647652604,1,0.6656536262440776,True,True,False
01,66,230,66,0.09201497584581375,3.8325123152709364,3.1743882668117944,0.0,1.5871941334058972,1,0.6656536262440776,True,True,False
01,67,230,66,0.09112653881311417,3.7044334975369457,3.1384996467957267,0.0,1.5692498233978633,1,0.6656536262440776,True,True,False
01,68,230,66,0.09308218955993652,4.026272577996714,3.217498612342652,0.0,1.608749306171326,1,0.6656536262440776,True,True,False
01,69,230,66,0.0893610268831253,4.51231527093596,3.0671813828590295,0.0,1.5335906914295148,1,0.6656536262440776,True,True,False
01,70,230,62,0.09075754880905151,8.71592775041051,3.1235942099913947,0.07881101708013825,1.6012026135357664,1,0.6656536262440776,True,True,False
01,71,230,62,0.09102915972471237,9.382594417077176,3.1345659959318675,0.09267323272170169,1.6136196143267845,1,0.6656536262440776,True,True,False
01,72,230,62,0.09268087148666382,10.049261083743843,3.201287275683822,0.10653544836326516,1.6539113620235437,1,0.6656536262440776,True,True,False
01,73,230,62,0.09103470295667648,10.144499178981938,3.1347899160728554,0.1085157648834885,1.621652840478172,1,0.6656536262440776,True,True,False
01,74,230,62,0.0922035276889801,10.239737274220033,3.182004862252627,0.11049608140371185,1.6462504718281694,1,0.6656536262440776,True,True,False
01,75,230,100,0.09121298789978027,25.85550082101806,3.1965039624798917,0.40516504218334504,1.8008345023316183,1,0.6656536262440776,True,True,False
01,76,230,109,0.09112316370010376,32.61740558292282,3.1928230227889642,0.5390365687751891,1.8659297957820766,1,0.6656536262440776,True,True,False
01,77,230,109,0.09205890446901321,30.46141215106732,3.231169095997544,0.49635242248692024,1.8637607592422323,1,0.6656536262440776,True,True,False
01,78,230,109,0.0911255031824112,28.38752052545156,3.1929188933150883,0.45529371969782395,1.8241063065064562,1,0.6656536262440776,True,True,False
01,79,230,109,0.08749440312385559,26.586206896551726,3.0441186771662023,0.4196314893259801,1.7318750832460912,1,0.6656536262440776,True,True,False
01,80,230,109,0.09206938743591309,24.866995073891626,3.2315986814442206,0.3855947024533087,1.8085966919487646,1,0.6656536262440776,True,True,False
01,81,230,133,0.09067588299512863,44.85550082101806,2.7883472603711428,0.5708947072236915,1.6796209837974172,1,0.6656536262440776,True,True,False
01,82,230,133,0.08897160738706589,41.747126436781606,2.727284613017053,0.5220024136439192,1.6246435133304862,1,0.6656536262440776,True,True,False
01,83,230,133,0.09223232418298721,38.5303776683087,2.8441131347003665,0.4714054759139807,1.6577593053071735,1,0.6656536262440776,True,True,False
01,84,230,133,0.08967498689889908,35.39573070607554,2.7524860621746714,0.42209993526750156,1.5872929987210864,1,0.6656536262440776,True,True,False
01,85,230,133,0.09057203680276871,32.343185550082104,2.7846265456034494,0.37408579170448164,1.5793561686539654,1,0.6656536262440776,True,True,False
01,86,230,133,0.08997058868408203,29.563218390804597,2.7630772056965713,0.33035908645854684,1.5467181460775592,1,0.6656536262440776,True,True,False
01,87,230,133,0.08913201838731766,26.865353037766834,2.73303199348401,0.2879237782960716,1.510477885890041,1,0.6656536262440776,True,True,False
01,88,230,133,0.08989546447992325,24.2495894909688,2.7603855736831795,0.24677986721705555,1.5035827204501175,1,0.6656536262440776,True,True,False
01,89,230,133,0.09136760234832764,21.715927750410508,2.813130936633694,0.20692735322149902,1.5100291449275964,1,0.6656536262440776,True,True,False
01,90,230,133,0.09192561358213425,19.264367816091955,2.833123972401122,0.1683662363094019,1.500745104355262,1,0.6656536262440776,True,True,False
01,91,230,133,0.09073026478290558,16.70443349753695,2.790295710442128,0.12810047524713838,1.4591980928446333,1,0.6656536262440776,True,True,False
01,92,230,133,0.0914144515991211,14.226600985221678,2.814809502744991,0.08912611126833418,1.4519678070066626,1,0.6656536262440776,True,True,False
01,93,230,133,0.09078891575336456,11.83087027914614,2.7923971214516907,0.05144314437298933,1.42192013291234,1,0.6656536262440776,True,True,False
01,94,230,133,0.09141601622104645,9.517241379310343,2.8148655617277156,0.015051574561103917,1.4149585681444097,1,0.6656536262440776,True,True,False
01,95,230,133,0.0920499786734581,7.285714285714285,2.837579860685118,0.0,1.418789930342559,1,0.6656536262440776,True,True,False
01,96,230,133,0.08952248841524124,6.945812807881772,2.747022179991779,0.0,1.3735110899958896,1,0.6656536262440776,True,True,False
01,97,230,133,0.09038642793893814,7.116584564860425,2.7779763485670896,0.0,1.3889881742835448,1,0.6656536262440776,True,True,False
01,98,230,133,0.09218458831310272,7.369458128078817,2.8424028018321925,0.0,1.4212014009160963,1,0.6656536262440776,True,True,False
01,99,230,133,0.09174378216266632,7.704433497536945,2.8266091177659116,0.0,1.4133045588829558,1,0.6656536262440776,True,True,False
01,100,230,137,0.08929463475942612,5.395730706075537,2.738858390421855,0.0,1.3694291952109274,1,0.6656536262440776,True,True,False
01,101,230,137,0.09047125279903412,5.405582922824305,2.7810155462733737,0.0,1.3905077731366868,1,0.6656536262440776,True,True,False
01,102,230,137,0.09104475378990173,5.379310344827589,2.8015635659697753,0.0,1.4007817829848876,1,0.6656536262440776,True,True,False
01,103,230,137,0.09090691059827805,5.435139573070609,2.796624769591737,0.0,1.3983123847958685,1,0.6656536262440776,True,True,False
01,104,230,137,0.0921662449836731,5.573070607553366,2.8417455769966304,0.0,1.4208727884983152,1,0.6656536262440776,True,True,False
01,105,230,137,0.09040460735559464,5.763546798029557,2.778627700556842,0.0,1.389313850278421,1,0.6656536262440776,True,True,False
01,106,230,137,0.09035122394561768,5.954022988505748,2.776715021455786,0.0,1.388357510727893,1,0.6656536262440776,True,True,False
01,107,230,137,0.08958996832370758,6.144499178981938,2.7494399238324307,0.0,1.3747199619162154,1,0.6656536262440776,True,True,False
01,108,230,137,0.08880548924207687,6.334975369458128,2.72133275073692,0.0,1.36066637536846,1,0.6656536262440776,True,True,False
01,109,230,137,0.08999498933553696,6.525451559934319,2.7639514588795384,0.0,1.3819757294397692,1,0.6656536262440776,True,True,False
01,110,230,137,0.0891396775841713,6.7159277504105095,2.733306415551824,0.0,1.366653207775912,1,0.6656536262440776,True,True,False
01,111,230,137,0.08826613426208496,6.9064039408867,2.702008151601599,0.0,1.3510040758007995,1,0.6656536262440776,True,True,False
01,112,230,137,0.08765345811843872,7.09688013136289,2.680056521756788,0.0,1.340028260878394,1,0.6656536262440776,True,True,False
01,113,230,137,0.08925358951091766,7.287356321839081,2.7373877764417123,0.0,1.3686938882208561,1,0.6656536262440776,True,True,False
01,114,230,137,0.08811512589454651,7.477832512315271,2.6965976589260636,0.0,1.3482988294630318,1,0.6656536262440776,True,True,False
01,115,230,137,0.08772498369216919,7.668308702791462,2.682619218109913,0.0,1.3413096090549566,1,0.6656536262440776,True,True,False
01,116,230,137,0.09093373268842697,7.858784893267652,2.797585780724159,0.0,1.3987928903620794,1,0.6656536262440776,True,True,False
01,117,230,137,0.09061120450496674,8.049261083743843,2.7860298888043222,0.0,1.3930149444021611,1,0.6656536262440776,True,True,False
01,118,230,137,0.09293661266565323,8.239737274220033,2.869347151457472,0.0,1.434673575728736,1,0.6656536262440776,True,True,False
01,119,230,137,0.09094896167516708,8.430213464696223,2.7981314214893453,0.0,1.3990657107446727,1,0.6656536262440776,True,True,False
01,120,230,137,0.08953959494829178,8.620689655172415,2.747635091536235,0.0009495184097274905,1.3742923049729812,1,0.6656536262440776,True,True,False
01,121,230,137,0.09220582991838455,8.620689655172415,2.843163869259563,0.0009495184097274905,1.4220566938346453,1,0.6656536262440776,True,True,False
01,122,230,137,0.08835375308990479,8.620689655172415,2.705147454634177,0.0009495184097274905,1.3530484865219523,1,0.6656536262440776,True,True,False
01,123,230,137,0.09000952541828156,8.620689655172415,2.7644722735238036,0.0009495184097274905,1.3827108959667656,1,0.6656536262440776,True,True,False
01,124,230,137,0.08760768175125122,8.620689655172415,2.6784163960907876,0.0009495184097274905,1.3396829572502575,1,0.6656536262440776,True,True,False
01,125,230,137,0.08566969633102417,8.620689655172415,2.608980138402862,0.0009495184097274905,1.3049648284062947,1,0.6656536262440776,True,True,False
01,126,230,137,0.08715010434389114,8.620689655172415,2.6620218131192064,0.0009495184097274905,1.331485665764467,1,0.6656536262440776,True,True,False
01,127,230,137,0.08993031084537506,8.620689655172415,2.761634087312718,0.0009495184097274905,1.3812918028612227,1,0.6656536262440776,True,True,False
01,128,230,137,0.09330768138170242,8.620689655172415,2.8826422065794564,0.0009495184097274905,1.441795862494592,1,0.6656536262440776,True,True,False
01,129,230,142,0.08853398263454437,5.008210180623975,2.785859563577143,0.0,1.3929297817885715,1,0.6656536262440776,True,True,False
01,130,230,142,0.08831358700990677,4.852216748768474,2.7777568663927625,0.0,1.3888784331963813,1,0.6656536262440776,True,True,False
01,131,230,142,0.09078588336706161,4.77832512315271,2.8686491822679616,0.0,1.4343245911339808,1,0.6656536262440776,True,True,False
01,132,230,142,0.0887046754360199,4.786535303776684,2.7921349698343407,0.0,1.3960674849171704,1,0.6656536262440776,True,True,False
01,133,230,142,0.08883034437894821,4.876847290640393,2.79675510415735,0.0,1.398377552078675,1,0.6656536262440776,True,True,False
01,134,230,142,0.088236004114151,5.0492610837438425,2.7749045833130506,0.0,1.3874522916565253,1,0.6656536262440776,True,True,False
01,135,230,142,0.08925583958625793,5.287356321839081,2.8123981498117496,0.0,1.4061990749058748,1,0.6656536262440776,True,True,False
01,136,230,142,0.08999836444854736,5.525451559934319,2.8396965779039496,0.0,1.4198482889519748,1,0.6656536262440776,True,True,False
01,137,230,142,0.09015326201915741,5.763546798029557,2.8453912831019914,0.0,1.4226956415509957,1,0.6656536262440776,True,True,False
01,138,230,142,0.08894682675600052,6.001642036124795,2.80103750055303,0.0,1.400518750276515,1,0.6656536262440776,True,True,False
01,139,230,142,0.08912474662065506,6.239737274220033,2.8075786049363507,0.0,1.4037893024681753,1,0.6656536262440776,True,True,False
01,140,230,142,0.08851028978824615,6.477832512315271,2.7849885119884092,0.0,1.3924942559942046,1,0.6656536262440776,True,True,False
01,141,230,142,0.09139634668827057,6.7159277504105095,2.8910924564575504,0.0,1.4455462282287752,1,0.6656536262440776,True,True,False
01,142,230,142,0.09276282787322998,6.954022988505748,2.941330219879967,0.0,1.4706651099399835,1,0.6656536262440776,True,True,False
01,143,230,142,0.09114574640989304,7.192118226600986,2.8818793054553313,0.0,1.4409396527276657,1,0.6656536262440776,True,True,False
01,144,230,142,0.08928032964468002,7.430213464696224,2.813298510369035,0.002577127917030064,1.4079378191430325,1,0.6656536262440776,True,True,False
01,145,230,142,0.09073849767446518,7.668308702791462,2.8669070790904945,0.006251913734558773,1.4365794964125267,1,0.6656536262440776,True,True,False
01,146,230,142,0.09029055386781693,7.9064039408867,2.8504387257515496,0.00992669955208748,1.4301827126518185,1,0.6656536262440776,True,True,False
01,147,230,142,0.09231554716825485,8.144499178981938,2.924886245028883,0.01360148536961619,1.4692438651992494,1,0.6656536262440776,True,True,False
01,148,230,142,0.09111973643302917,8.382594417077176,2.880923066116882,0.017276271187144882,1.4490996686520135,1,0.6656536262440776,True,True,False
01,149,230,142,0.09170746803283691,8.620689655172415,2.9025306238293553,0.020951057004673607,1.4617408404170145,1,0.6656536262440776,True,True,False
01,150,230,142,0.09086853265762329,8.620689655172415,2.871687727951554,0.020951057004673607,1.4463193924781137,1,0.6656536262440776,True,True,False
01,151,230,142,0.09226295351982117,8.620689655172415,2.9229526748512504,0.020951057004673607,1.471951865927962,1,0.6656536262440776,True,True,False
01,152,230,142,0.09215167909860611,8.620689655172415,2.9188617454557355,0.020951057004673607,1.4699064012302046,1,0.6656536262440776,True,True,False
01,153,230,142,0.0898781344294548,8.620689655172415,2.835276401964517,0.020951057004673607,1.4281137294845954,1,0.6656536262440776,True,True,False
01,154,230,142,0.08991747349500656,8.620689655172415,2.836722676300528,0.020951057004673607,1.4288368666526008,1,0.6656536262440776,True,True,False
01,155,230,142,0.08977853506803513,8.620689655172415,2.8316146983047084,0.020951057004673607,1.426282877654691,1,0.6656536262440776,True,True,False
01,156,230,142,0.09040211886167526,8.620689655172415,2.854540337855228,0.020951057004673607,1.4377456974299507,1,0.6656536262440776,True,True,False
01,157,230,150,0.08987164497375488,4.164203612479474,2.8994258709622445,0.0,1.4497129354811222,1,0.6656536262440776,True,True,False
01,158,230,150,0.09068126231431961,3.86535303776683,2.929783767427905,0.0,1.4648918837139524,1,0.6656536262440776,True,True,False
01,159,230,150,0.09149575978517532,3.648604269293923,2.960324652180364,0.0,1.480162326090182,1,0.6656536262440776,True,True,False
01,160,230,150,0.09067601710557938,3.5139573070607533,2.9295870899410246,0.0,1.4647935449705123,1,0.6656536262440776,True,True,False
01,161,230,150,0.09069313108921051,3.46141215106732,2.930228806116257,0.0,1.4651144030581285,1,0.6656536262440776,True,True,False
01,162,230,150,0.0919128954410553,3.4909688013136266,2.9759658204445056,0.0,1.4879829102222528,1,0.6656536262440776,True,True,False
01,163,230,150,0.0913839116692543,3.6026272577996705,2.95613072826979,0.0,1.478065364134895,1,0.6656536262440776,True,True,False
01,164,230,150,0.09005414694547653,3.7963875205254514,2.9062690741456647,0.0,1.4531345370728324,1,0.6656536262440776,True,True,False
01,165,230,150,0.08805486559867859,4.072249589490969,2.831302823929875,0.0,1.4156514119649375,1,0.6656536262440776,True,True,False
01,166,230,150,0.0875406265258789,4.430213464696224,2.8120206078155796,0.0,1.4060103039077898,1,0.6656536262440776,True,True,False
01,167,230,150,0.08920404314994812,4.811165845648604,2.874393073328149,0.0,1.4371965366640744,1,0.6656536262440776,True,True,False
01,168,230,150,0.08928826451301575,5.192118226600986,2.8775510879754393,0.0,1.4387755439877197,1,0.6656536262440776,True,True,False
01,169,230,150,0.08993251621723175,5.573070607553366,2.9017083355472026,0.005061216279689354,1.453384775913446,1,0.6656536262440776,True,True,False
01,170,230,150,0.08974678069353104,5.954022988505748,2.894743885163064,0.013550501424617287,1.4541471932938406,1,0.6656536262440776,True,True,False
01,171,230,151,0.09119594097137451,5.395730706075534,2.9490824664565833,0.001109307677740162,1.4750958870671618,1,0.6656536262440776,True,True,False
01,172,230,151,0.08830786496400833,5.811165845648604,2.8407894395861066,0.010367019495269306,1.425578229540688,1,0.6656536262440776,True,True,False
01,173,230,151,0.08729937672615051,6.239737274220033,2.8029745609048167,0.019917465283313226,1.411446013094065,1,0.6656536262440776,True,True,False
01,174,230,151,0.09181948751211166,6.668308702791462,2.9724633408237446,0.029467911071357145,1.5009656259475508,1,0.6656536262440776,True,True,False
01,175,230,151,0.08975963294506073,7.09688013136289,2.895225800880206,0.03901835685940105,1.4671220788698036,1,0.6656536262440776,True,True,False
01,176,230,151,0.0862686038017273,7.525451559934319,2.7643240822757162,0.04856880264744497,1.4064464424615806,1,0.6656536262440776,True,True,False
01,177,230,151,0.08678419888019562,7.954022988505748,2.783657143990313,0.058119248435488886,1.420888196212901,1,0.6656536262440776,True,True,False
01,178,230,151,0.08853956311941147,8.001642036124796,2.849477332323318,0.0591804090786049,1.4543288707009614,1,0.6656536262440776,True,True,False
01,179,230,151,0.0883556604385376,8.049261083743843,2.8425816073110153,0.06024156972172088,1.451411588516368,1,0.6656536262440776,True,True,False
01,180,230,151,0.08631506562232971,8.09688013136289,2.7660662425146145,0.06130273036483687,1.4136844864397258,1,0.6656536262440776,True,True,False
01,181,230,151,0.0872943326830864,8.144499178981938,2.802785426446553,0.06236389100795285,1.4325746587272528,1,0.6656536262440776,True,True,False
01,182,230,151,0.0879271849989891,8.192118226600986,2.826515235730068,0.06342505165106885,1.4449701436905684,1,0.6656536262440776,True,True,False
01,183,230,151,0.08808659017086029,8.239737274220033,2.832492387479783,0.06448621229418483,1.448489299886984,1,0.6656536262440776,True,True,False
01,184,230,151,0.08594153076410294,8.28735632183908,2.752059955860164,0.06554737293730081,1.4088036643987323,0,0.6656536262440776,True,True,False
01,185,230,151,0.08659105002880096,8.334975369458128,2.776414719033098,0.0666085335804168,1.4215116263067573,0,0.6656536262440776,True,True,False
01,186,230,151,0.08679156005382538,8.382594417077176,2.7839331629633777,0.06766969422353279,1.4258014285934553,0,0.6656536262440776,True,True,False
01,187,230,151,0.08712974190711975,8.430213464696223,2.796613832181399,0.06873085486664877,1.432672343524024,0,0.6656536262440776,True,True,False
01,188,230,151,0.08552498370409012,8.47783251231527,2.7364408579390105,0.06979201550976476,1.4031164367243876,0,0.6656536262440776,True,True,False
01,189,230,151,0.08587387204170227,8.52545155993432,2.749522983902269,0.07085317615288078,1.4101880800275748,0,0.6656536262440776,True,True,False
01,190,230,151,0.08513980358839035,8.573070607553367,2.7219979137391146,0.07191433679599678,1.3969561252675557,0,0.6656536262440776,True,True,False
01,191,230,151,0.08656040579080582,8.620689655172415,2.7752656643405724,0.07297549743911276,1.4241205808898425,0,0.6656536262440776,True,True,False
01,192,230,151,0.08708209544420242,8.620689655172415,2.7948272518850947,0.07297549743911276,1.4339013746621037,0,0.6656536262440776,True,True,False
01,193,230,151,0.08791239559650421,8.620689655172415,2.8259606834410667,0.07297549743911276,1.4494680904400896,0,0.6656536262440776,True,True,False
01,194,230,168,0.08766184747219086,7.592775041050903,2.8148195634321094,0.05246279145755143,1.4336411774448303,0,0.6656536262440776,True,True,False
01,195,230,168,0.0879383534193039,6.86535303776683,2.8251454054421568,0.034656370963419905,1.4299008882027884,0,0.6656536262440776,True,True,False
01,196,230,168,0.08695632219314575,6.220032840722494,2.7884724174065805,0.018859704475398007,1.4036660609409892,0,0.6656536262440776,True,True,False
01,197,230,175,0.0847720354795456,11.807881773399014,2.727334242343152,0.076487595133392,1.4019109187382721,0,0.6656536262440776,True,True,False
01,198,230,175,0.08733491599559784,10.747126436781608,2.8244603002983073,0.057849467262464406,1.4411548837803858,0,0.6656536262440776,True,True,False
01,199,230,175,0.08849838376045227,9.76847290640394,2.8685524992324476,0.040653918948110164,1.454603209090279,0,0.6656536262440776,True,True,False
01,200,230,175,0.08455047756433487,8.871921182266007,2.718937812319045,0.024900950190329247,1.371919381254687,0,0.6656536262440776,True,True,False
01,201,230,175,0.08702318370342255,8.057471264367813,2.8126465116777797,0.010590560989121681,1.4116185363334506,0,0.6656536262440776,True,True,False
01,202,230,175,0.08624982088804245,7.325123152709358,2.78333820754245,0.0,1.391669103771225,0,0.6656536262440776,True,True,False
01,203,230,175,0.08569490164518356,6.747126436781609,2.762308308487552,0.0,1.381154154243776,0,0.6656536262440776,True,True,False
01,204,230,175,0.08790198713541031,6.333333333333333,2.8459507225185994,0.0,1.4229753612592997,0,0.6656536262440776,True,True,False
01,205,230,175,0.08798664063215256,6.083743842364532,2.8491588550785045,0.0,1.4245794275392523,0,0.6656536262440776,True,True,False
01,206,230,175,0.08907309919595718,5.926108374384236,2.890332619041761,0.0,1.4451663095208804,0,0.6656536262440776,True,True,False
01,207,230,175,0.08891253918409348,5.8505747126436765,2.88424784024701,0.0,1.442123920123505,0,0.6656536262440776,True,True,False
01,208,230,175,0.08889634162187576,5.857142857142854,2.8836339975973675,0.0,1.4418169987986837,0,0.6656536262440776,True,True,False
01,209,230,175,0.08860285580158234,5.945812807881772,2.872511699615742,0.0,1.436255849807871,0,0.6656536262440776,True,True,False
01,210,230,175,0.0860450267791748,6.1165845648604265,2.775577079248653,0.0,1.3877885396243266,0,0.6656536262440776,True,True,False
01,211,230,175,0.08711452037096024,6.369458128078818,2.8161079178608355,0.0,1.4080539589304177,0,0.6656536262440776,True,True,False
01,212,230,175,0.08773071318864822,6.704433497536947,2.839459915329099,0.0,1.4197299576645495,0,0.6656536262440776,True,True,False
01,213,230,175,0.0883718803524971,7.121510673234812,2.863758371197363,0.0,1.4318791855986814,0,0.6656536262440776,True,True,False
01,214,230,175,0.08568853884935379,7.620689655172415,2.762067176186359,0.0029160377481515765,1.3824916069672553,0,0.6656536262440776,True,True,False
01,215,230,175,0.08705267310142517,7.954022988505748,2.8137640780104767,0.00877291074783934,1.411268494379158,0,0.6656536262440776,True,True,False
01,216,230,175,0.08858076483011246,8.28735632183908,2.871674513113355,0.014629783747527103,1.443152148430441,0,0.6656536262440776,True,True,False
01,217,230,175,0.08954640477895737,8.620689655172415,2.908269586917183,0.020486656747214883,1.464378121832199,0,0.6656536262440776,True,True,False
01,218,230,175,0.0902644693851471,8.620689655172415,2.935482242411462,0.020486656747214883,1.4779844495793384,0,0.6656536262440776,True,True,False
01,219,230,175,0.09022310376167297,8.620689655172415,2.9339146000973804,0.020486656747214883,1.4772006284222976,0,0.6656536262440776,True,True,False
01,220,230,175,0.08869199454784393,8.620689655172415,2.875889810683046,0.020486656747214883,1.4481882337151304,0,0.6656536262440776,True,True,False
01,221,230,175,0.09277696907520294,8.620689655172415,3.030699006899791,0.020486656747214883,1.525592831823503,0,0.6656536262440776,True,True,False
01,222,230,187,0.09053151309490204,4.5779967159277515,2.786883506401953,0.0,1.3934417532009764,0,0.6656536262440776,True,True,False
01,223,230,187,0.08918053656816483,4.088669950738917,2.7384091914526216,0.0,1.3692045957263108,0,0.6656536262440776,True,True,False
01,224,230,187,0.08906757086515427,3.68144499178982,2.73435587523444,0.0,1.36717793761722,0,0.6656536262440776,True,True,False
01,225,230,187,0.08783692866563797,3.3563218390804597,2.69019926970602,0.0,1.34509963485301,0,0.6656536262440776,True,True,False
01,226,230,187,0.09066390991210938,3.1133004926108363,2.7916340293670685,0.0,1.3958170146835343,0,0.6656536262440776,True,True,False
01,227,230,187,0.09031464159488678,2.9523809523809526,2.779101951958025,0.0,1.3895509759790126,0,0.6656536262440776,True,True,False
01,228,230,187,0.08864543586969376,2.8735632183908058,2.7192092725243935,0.0,1.3596046362621967,0,0.6656536262440776,True,True,False
01,229,230,187,0.08937396854162216,2.876847290640396,2.745349713524672,0.0,1.372674856762336,0,0.6656536262440776,True,True,False
02,35,256,33,0.09393110871315002,2.6223316912972074,3.3996344908134426,0.0,1.6998172454067213,0,0.6656536262440776,True,False,False
02,36,256,33,0.09313942492008209,2.9720853858784877,3.3663175260466125,0.0,1.6831587630233062,0,0.6656536262440776,True,False,False
02,37,256,34,0.09197435528039932,2.513957307060755,3.3172871120402934,0.0,1.6586435560201467,0,0.6656536262440776,True,True,True
02,38,256,34,0.09457547962665558,2.727422003284072,3.42675198798847,0.0,1.713375993994235,0,0.6656536262440776,True,True,False
02,39,256,34,0.09273544698953629,3.0853858784893267,3.349316649438524,0.0,1.674658324719262,0,0.6656536262440776,True,True,False
02,40,256,34,0.09503050148487091,3.5254515599343184,3.445900980744214,0.0,1.722950490372107,0,0.6656536262440776,True,True,False
02,41,256,34,0.09482342004776001,4.001642036124794,3.4371862325019236,0.0,1.7185931162509618,0,0.6656536262440776,True,True,False
02,42,256,34,0.09283435344696045,4.4778325123152705,3.353478996812648,0.0,1.676739498406324,0,0.6656536262440776,True,True,False
02,43,256,34,0.09499410539865494,4.954022988505747,3.444369299620101,0.0,1.7221846498100506,0,0.6656536262440776,True,True,False
02,44,256,34,0.09408041834831238,5.430213464696223,3.4059179892222895,0.005271910871692777,1.7055949500469911,0,0.6656536262440776,True,True,False
02,45,256,34,0.09568266570568085,5.906403940886699,3.4733464489439743,0.012085737836136916,1.7427160933900556,0,0.6656536262440776,True,True,False
02,46,256,34,0.09261003136634827,6.3825944170771765,3.3440386989037876,0.018899564800581067,1.6814691318521844,1,0.6656536262440776,True,True,False
02,47,256,34,0.09360340237617493,6.858784893267652,3.3858434032877573,0.025713391765025195,1.7057783975263914,1,0.6656536262440776,True,True,False
02,48,256,33,0.09258601069450378,8.239737274220033,3.3430278207166553,0.0454734899619132,1.6942506553392842,1,0.6656536262440776,True,True,False
02,49,256,33,0.09335050731897354,8.620689655172415,3.3752006494708167,0.05092455153346852,1.7130626005021425,1,0.6656536262440776,True,True,False
02,50,256,33,0.09233302623033524,9.001642036124796,3.3323813043258173,0.056375613105023835,1.6943784587154205,1,0.6656536262440776,True,True,False
02,51,256,33,0.09221962094306946,9.144499178981938,3.3276087928846465,0.05841976119435707,1.6930142770395018,1,0.6656536262440776,True,True,False
02,52,256,38,0.09366930276155472,5.4663382594417085,3.3886167337980497,0.0057888218827885545,1.697202777840419,1,0.6656536262440776,True,True,False
02,53,256,38,0.09182406216859818,5.376026272577998,3.3109622253185735,0.004496544355049155,1.6577293848368113,1,0.6656536262440776,True,True,False
02,54,256,38,0.09266409277915955,5.302134646962234,3.3463138019204837,0.0034392263778078138,1.6748765141491457,1,0.6656536262440776,True,True,False
02,55,256,42,0.0925484150648117,3.6880131362889985,3.404589851369572,0.0,1.702294925684786,1,0.6656536262440776,True,True,False
02,56,256,42,0.09082823991775513,3.436781609195402,3.3308922643380394,0.0,1.6654461321690197,1,0.6656536262440776,True,True,False
02,57,256,42,0.0903983861207962,3.297208538587848,3.3124760073269894,0.0,1.6562380036634947,1,0.6656536262440776,True,True,False
02,58,256,42,0.0918380618095398,3.2151067323481097,3.374156135975466,0.0,1.687078067987733,1,0.6656536262440776,True,True,False
02,59,256,42,0.09048866480588913,3.261083743842364,3.316343823498565,0.0,1.6581719117492826,1,0.6656536262440776,True,True,False
02,60,256,42,0.09112962335348129,3.4417077175697863,3.343804456461206,0.0,1.671902228230603,1,0.6656536262440776,True,True,False
02,61,256,44,0.09029911458492279,2.33169129720854,3.3082229098053193,0.0,1.6541114549026597,1,0.6656536262440776,True,True,False
02,62,256,44,0.08970491588115692,2.472906403940888,3.282765612180865,0.0,1.6413828060904325,1,0.6656536262440776,True,True,False
02,63,256,44,0.08847145736217499,2.7783251231527095,3.229920460506629,0.0,1.6149602302533146,1,0.6656536262440776,True,True,False
02,64,256,44,0.09054341912269592,3.192118226600985,3.318689666615253,0.0,1.6593448333076266,1,0.6656536262440776,True,True,False
02,65,256,44,0.09077858924865723,3.668308702791461,3.3287650771656883,0.0,1.6643825385828441,1,0.6656536262440776,True,True,False
02,66,256,44,0.09076771140098572,4.144499178981937,3.3282990367587804,0.0,1.6641495183793902,1,0.6656536262440776,True,True,False
02,67,256,44,0.0905313789844513,4.620689655172414,3.3181738301100734,0.0,1.6590869150550367,1,0.6656536262440776,True,True,False
02,68,256,44,0.0917339026927948,5.09688013136289,3.3696936394764454,0.0026448073108683618,1.686169223393657,1,0.6656536262440776,True,True,False
02,69,256,44,0.09292452782392502,5.620689655172414,3.420703677247043,0.010126821629774864,1.715415249438409,1,0.6656536262440776,True,True,False
02,70,256,44,0.09027973562479019,6.1444991789819365,3.3073926556283557,0.017608835948681355,1.6625007457885186,1,0.6656536262440776,True,True,False
02,71,256,44,0.09112802892923355,6.668308702791462,3.3437361464289608,0.025090850267587884,1.6844134983482744,1,0.6656536262440776,True,True,False
02,72,256,44,0.08786939829587936,7.192118226600986,3.2041264008073203,0.03257286458649439,1.6183496326969073,1,0.6656536262440776,True,True,False
02,73,256,46,0.08795888721942902,5.707717569786536,3.2079603811685318,0.011369914917869059,1.6096651480432005,1,0.6656536262440776,True,True,False
02,74,256,46,0.0888475626707077,5.9802955665024635,3.246033967178342,0.015263376914541407,1.6306486720464417,1,0.6656536262440776,True,True,False
02,75,256,46,0.0889267846941948,6.334975369458128,3.2494280820048145,0.020329568428283734,1.6348788252165491,1,0.6656536262440776,True,True,False
02,76,256,55,0.09102945029735565,3.550082101806241,3.2363257707782473,0.0,1.6181628853891237,1,0.6656536262440776,True,True,False
02,77,256,55,0.0895584225654602,3.2036124794745495,3.1752101644108186,0.0,1.5876050822054093,1,0.6656536262440776,True,True,False
02,78,256,55,0.09099329262971878,2.9392446633825946,3.234823557234243,0.0,1.6174117786171216,1,0.6656536262440776,True,True,False
02,79,256,55,0.08965037018060684,2.756978653530377,3.179030238044974,0.0,1.589515119022487,1,0.6656536262440776,True,True,False
02,80,256,55,0.08909900486469269,2.656814449917898,3.156123106601134,0.0,1.578061553300567,1,0.6656536262440776,True,True,False
02,81,256,55,0.09086576104164124,2.6387520525451555,3.229525104888741,0.0,1.6147625524443705,1,0.6656536262440776,True,True,False
02,82,256,55,0.08911816030740738,2.6075533661740553,3.15691894237728,0.0,1.57845947118864,1,0.6656536262440776,True,True,False
02,83,256,62,0.09108024090528488,4.569786535303777,3.1366294320697876,0.0,1.5683147160348938,1,0.6656536262440776,True,True,False
02,84,256,62,0.08985354751348495,3.7947454844006567,3.0870768679665583,0.0,1.5435384339832792,1,0.6656536262440776,True,True,False
02,85,256,62,0.09096433222293854,3.1740558292282426,3.1319472739604493,0.0,1.5659736369802246,1,0.6656536262440776,True,True,False
02,86,256,62,0.0893423780798912,2.7175697865353023,3.066428060126647,0.0,1.5332140300633235,1,0.6656536262440776,True,True,False
02,87,256,62,0.08732966333627701,2.425287356321838,2.9851239811928587,0.0,1.4925619905964294,1,0.6656536262440776,True,True,False
02,88,256,62,0.08690211176872253,2.2972085385878467,2.9678529364474455,0.0,1.4839264682237228,1,0.6656536262440776,True,True,False
02,89,256,62,0.08653274923563004,2.3333333333333313,2.9529324512465416,0.0,1.4764662256232708,1,0.6656536262440776,True,True,False
02,90,256,62,0.0871654823422432,2.533661740558291,2.978491851855751,0.0,1.4892459259278754,1,0.6656536262440776,True,True,False
02,91,256,133,0.08909318596124649,65.33169129720855,2.7316406629222927,0.8929691398384618,1.8123049013803771,1,0.6656536262440776,True,True,False
02,92,256,133,0.09203007817268372,61.175697865353044,2.8368668438143687,0.8275986194737478,1.8322327316440583,1,0.6656536262440776,True,True,False
02,93,256,133,0.08891624212265015,57.10180623973728,2.7253009258712124,0.7635194961924932,1.7444102110318527,1,0.6656536262440776,True,True,False
02,94,256,137,0.09020444005727768,56.52216748768474,2.7714558880336067,0.75440223278327,1.7629290604084384,1,0.6656536262440776,True,True,False
02,95,256,137,0.0887002944946289,52.27093596059114,2.717563718465069,0.6875336918017431,1.702548705133406,1,0.6656536262440776,True,True,False
02,96,256,133,0.08900130540132523,46.039408866995075,2.728348665898674,0.5895166531671758,1.6589326595329248,1,0.6656536262440776,True,True,False
02,97,256,137,0.08852055668830872,44.692939244663386,2.7111238760876946,0.568337740998442,1.6397308085430682,1,0.6656536262440776,True,True,False
02,98,256,137,0.08885275572538376,41.228243021346465,2.723026265910277,0.513840784076456,1.6184335249933663,1,0.6656536262440776,True,True,False
02,99,256,137,0.08707480132579803,37.89819376026272,2.659323774364932,0.46146171837134337,1.5603927463681375,1,0.6656536262440776,True,True,False
02,100,256,137,0.08914608508348465,34.65024630541872,2.733535990433458,0.4103740497496902,1.5719550200915742,1,0.6656536262440776,True,True,False
02,101,256,137,0.09001325070858002,31.513957307060753,2.7646057472921957,0.3610426811615417,1.5628242142268687,1,0.6656536262440776,True,True,False
02,102,256,62,0.08854725956916809,46.8111658456486,3.034309063451806,0.870937625169478,1.952623344310642,1,0.6656536262440776,True,True,False
02,103,256,62,0.08857008814811707,47.14449917898194,3.0352312291937236,0.8778687329902598,1.9565499810919917,1,0.6656536262440776,True,True,False
02,104,256,62,0.09008156508207321,47.14449917898194,3.0962876905402035,0.8778687329902598,1.9870782117652317,1,0.6656536262440776,True,True,False
02,105,256,62,0.08715993165969849,47.14449917898194,2.978267630746832,0.8778687329902598,1.928068181868546,1,0.6656536262440776,True,True,False
02,106,256,62,0.08952578902244568,47.14449917898194,3.073836987694789,0.8778687329902598,1.9758528603425245,1,0.6656536262440776,True,True,False
02,107,256,62,0.09020048379898071,47.14449917898194,3.101091439693842,0.8778687329902598,1.989480086342051,1,0.6656536262440776,True,True,False
02,108,256,62,0.08755677193403244,47.14449917898194,2.994298085678869,0.8778687329902598,1.9360834093345645,1,0.6656536262440776,True,True,False
02,109,256,62,0.08968491107225418,47.14449917898194,3.080264759806452,0.8778687329902598,1.979066746398356,1,0.6656536262440776,True,True,False
02,110,256,72,0.08816191554069519,42.28407224958949,3.159466989966869,0.8943431149905713,2.02690505247872,1,0.6656536262440776,True,True,False
02,111,256,72,0.08724670112133026,42.10344827586207,3.1205965159380438,0.8899328515950747,2.0052646837665593,1,0.6656536262440776,True,True,False
02,112,256,72,0.08918343484401703,38.541871921182256,3.202852385464973,0.8029704760966,2.0029114307807863,1,0.6656536262440776,True,True,False
02,113,256,72,0.09059910476207733,34.980295566502456,3.2629779250314668,0.7160081005981256,1.9894930128147963,1,0.6656536262440776,True,True,False
02,114,256,72,0.09052227437496185,31.45155993431855,3.259714827877612,0.6298475911715596,1.9447812095245858,1,0.6656536262440776,True,True,False
02,115,256,103,0.09004692733287811,35.29228243021347,3.148719527570446,0.5919935179782282,1.870356522774337,1,0.6656536262440776,True,True,False
02,116,256,103,0.09089992195367813,32.60591133004926,3.1836747152276454,0.5388090066853051,1.8612418609564751,1,0.6656536262440776,True,True,False
02,117,256,103,0.08926649391651154,30.11001642036125,3.1167378528238254,0.4893955243104623,1.8030666885671438,1,0.6656536262440776,True,True,False
02,118,256,103,0.0896037369966507,27.423645320197043,3.130557863952735,0.4362110130175392,1.7833844384851372,1,0.6656536262440776,True,True,False
02,119,256,103,0.08777597546577454,24.737274220032845,3.0556573361575365,0.38302650172461616,1.7193419189410764,1,0.6656536262440776,True,True,False
02,120,256,109,0.08888508379459381,25.390804597701152,3.101107903864141,0.395965031978029,1.748536467921085,1,0.6656536262440776,True,True,False
02,121,256,109,0.0871407613158226,22.579638752052546,3.0296266563939835,0.34030984656636376,1.6849682514801736,1,0.6656536262440776,True,True,False
02,122,256,109,0.08879055082798004,19.771756978653528,3.0972340018403783,0.2847196788946655,1.6909768403675218,1,0.6656536262440776,True,True,False
02,123,256,109,0.08941031247377396,17.865353037766834,3.1226314476192774,0.24697688084388095,1.6848041642315792,1,0.6656536262440776,True,True,False
02,124,256,109,0.08901340514421463,16.12315270935961,3.1063664327540583,0.21248496979144127,1.6594257012727498,1,0.6656536262440776,True,True,False
02,125,256,109,0.08786723017692566,14.545155993431855,3.059396897316667,0.18124394573734645,1.6203204215270068,1,0.6656536262440776,True,True,False
02,126,256,109,0.08888965100049973,13.131362889983578,3.101295065114186,0.15325380868159658,1.6272744368978913,1,0.6656536262440776,True,True,False
02,127,256,100,0.09188207238912582,13.592775041050903,3.2239226276312145,0.16238880114694587,1.6931557143890803,1,0.6656536262440776,True,True,False
02,128,256,100,0.09107863157987595,12.850574712643677,3.1909981242709917,0.14769479191442678,1.6693464580927093,1,0.6656536262440776,True,True,False
02,129,256,72,0.09218233823776245,30.525451559934318,3.330220130132309,0.6072349679437407,1.968727549038025,1,0.6656536262440776,True,True,False
02,130,256,72,0.08968896418809891,31.001642036124796,3.2243229445210453,0.6188620259864136,1.9215924852537294,1,0.6656536262440776,True,True,False
02,131,256,72,0.08956325054168701,31.001642036124796,3.218983704967419,0.6188620259864136,1.9189228654769162,1,0.6656536262440776,True,True,False
02,132,256,72,0.08858846873044968,31.001642036124796,3.1775833180463255,0.6188620259864136,1.8982226720163695,1,0.6656536262440776,True,True,False
02,133,256,72,0.08702447265386581,31.001642036124796,3.1111581529814853,0.6188620259864136,1.8650100894839494,1,0.6656536262440776,True,True,False
02,134,256,72,0.08479484170675278,31.001642036124796,3.0164625166476955,0.6188620259864136,1.8176622713170545,1,0.6656536262440776,True,True,False
02,135,256,100,0.08705399185419083,18.610837438423644,3.026070897963282,0.26173590781636685,1.6439034028898245,1,0.6656536262440776,True,True,False
02,136,256,100,0.0871838927268982,17.97536945812808,3.03139415472434,0.249154975132772,1.6402745649285562,1,0.6656536262440776,True,True,False
02,137,256,100,0.08617521077394485,17.339901477832512,2.99005899727769,0.23657404244917712,1.6133165198634336,1,0.6656536262440776,True,True,False
02,138,256,100,0.08838910609483719,16.70443349753695,3.0807830470057023,0.22399310976558234,1.6523880783856424,1,0.6656536262440776,True,True,False
02,139,256,72,0.0873732641339302,30.430213464696223,3.125971829296513,0.604909556335206,1.8654406928158596,1,0.6656536262440776,True,True,False
02,140,256,72,0.08648692071437836,28.95402298850575,3.0883275481954606,0.56886567640292,1.8285966122991903,1,0.6656536262440776,True,True,False
02,141,256,72,0.08674748986959457,27.192118226600986,3.099394295360101,0.5258455616450302,1.8126199285025657,1,0.6656536262440776,True,True,False
02,142,256,93,0.0853702574968338,17.76518883415435,4.357404344346131,0.24379827528891845,2.300601309817525,1,0.6656536262440776,True,True,False
02,143,256,103,0.08583147823810577,16.182266009852214,2.9759730523008376,0.21365528911084533,1.5948141707058414,1,0.6656536262440776,True,True,False
02,144,256,103,0.08682780712842941,15.07553366174056,3.0168019889439415,0.1917443107420006,1.604273149842971,1,0.6656536262440776,True,True,False
02,145,256,103,0.08795762807130814,13.968801313628898,3.063101346658905,0.1698333323731557,1.6164673395160305,1,0.6656536262440776,True,True,False
02,146,256,100,0.08862733095884323,12.862068965517242,3.09054535338242,0.14792235400431095,1.6192338536933655,1,0.6656536262440776,True,True,False
02,147,256,100,0.08871576935052872,11.61247947454844,3.0941695035260253,0.12318310394690604,1.6086763037364658,1,0.6656536262440776,True,True,False
02,148,256,100,0.08661244064569473,10.791461412151067,3.0079764047778874,0.10692866895518138,1.5574525368665344,1,0.6656536262440776,True,True,False
02,149,256,100,0.08804299682378769,9.970443349753694,3.066599704901991,0.09067423396345674,1.5786369694327238,1,0.6656536262440776,True,True,False
02,150,256,100,0.0887812077999115,9.540229885057471,3.096851130376176,0.08215691002779303,1.5895040202019846,1,0.6656536262440776,True,True,False
02,151,256,103,0.08640242367982864,8.985221674876845,2.999370040477302,0.07116891197338715,1.5352694762253445,1,0.6656536262440776,True,True,False
02,152,256,103,0.0867759957909584,8.372742200328407,3.0146787926424556,0.0590431034695606,1.536860948056008,1,0.6656536262440776,True,True,False
02,153,256,103,0.0880947858095169,7.92446633825944,3.068721985243036,0.05016818196407891,1.5594450836035576,1,0.6656536262440776,True,True,False
02,154,256,109,0.087870754301548,7.827586206896552,3.059541313746147,0.04825015863505544,1.5538957361906012,1,0.6656536262440776,True,True,False
02,155,256,109,0.08813857287168503,6.722495894909689,3.070516351746319,0.026371689136194094,1.5484440204412566,1,0.6656536262440776,True,True,False
02,156,256,133,0.0860765129327774,25.426929392446635,2.623556007806335,0.26529850139386313,1.444427254600099,1,0.6656536262440776,True,True,False
02,157,256,133,0.0849430039525032,23.937602627257803,2.582943410402647,0.24187255829991,1.4124079843512787,1,0.6656536262440776,True,True,False
02,158,256,133,0.08493809401988983,22.530377668308706,2.5827674919759067,0.21973801228941617,1.4012527521326614,1,0.6656536262440776,True,True,False
02,159,256,133,0.08546607941389084,21.205254515599346,2.6016847291700955,0.19889486336238174,1.4002897962662386,1,0.6656536262440776,True,True,False
02,160,256,133,0.08588913083076477,18.62889983579639,2.6168422772562203,0.15837082288342627,1.3876065500698234,1,0.6656536262440776,True,True,False
02,161,256,133,0.08804205805063248,16.134646962233173,2.693979704432824,0.11913817948793026,1.4065589419603772,1,0.6656536262440776,True,True,False
02,162,256,133,0.08582109212875366,13.72249589490969,2.61440451235031,0.08119693317589356,1.347800722763102,1,0.6656536262440776,True,True,False
02,163,256,137,0.08656396716833115,14.238095238095237,2.6410210504004192,0.08930690686001844,1.3651639786302188,1,0.6656536262440776,True,True,False
02,164,256,137,0.08644697815179825,12.97701149425288,2.636829440177839,0.06947104765808243,1.3531502439179608,1,0.6656536262440776,True,True,False
02,165,256,137,0.08507785946130753,11.880131362889987,2.587775160818435,0.052217982623065026,1.31999657172075,1,0.6656536262440776,True,True,False
02,166,256,137,0.08831670880317688,10.94745484400657,2.703820191481288,0.03754771175496641,1.3706839516181273,1,0.6656536262440776,True,True,False
02,167,256,137,0.08770494163036346,10.036124794745485,2.6819011292359645,0.02321320412856724,1.3525571666822658,1,0.6656536262440776,True,True,False
02,168,256,137,0.08842445909976959,9.259441707717569,2.707680786758256,0.01099658771904146,1.3593386872386488,1,0.6656536262440776,True,True,False
02,169,256,137,0.08910323679447174,8.564860426929393,2.7320007751494138,7.136839297510077e-05,1.3660360717711943,1,0.6656536262440776,True,True,False
02,170,256,137,0.08609255403280258,7.9523809523809526,2.6241307458530305,0.0,1.3120653729265153,1,0.6656536262440776,True,True,False
02,171,256,137,0.08893853425979614,7.422003284072249,2.7260996329012697,0.0,1.3630498164506348,1,0.6656536262440776,True,True,False
02,172,256,137,0.08860662579536438,7.1165845648604265,2.714207654032622,0.0,1.357103827016311,1,0.6656536262440776,True,True,False
02,173,256,137,0.08895280957221985,6.893267651888341,2.726611104381748,0.0,1.363305552190874,0,0.6656536262440776,True,True,False
02,174,256,137,0.0880320593714714,6.752052545155994,2.69362146083846,0.0,1.34681073041923,0,0.6656536262440776,True,True,False
02,175,256,142,0.08716309815645218,3.8423645320197064,2.735459916038707,0.0,1.3677299580193536,0,0.6656536262440776,True,True,False
02,176,256,142,0.08545488119125366,3.518883415435141,2.6726584660689805,0.0,1.3363292330344902,0,0.6656536262440776,True,True,False
02,177,256,137,0.08807343989610672,7.954022988505748,2.6951040874577576,0.0,1.3475520437288788,0,0.6656536262440776,True,True,False
02,178,256,137,0.08984165638685226,8.144499178981938,2.7584576785725266,0.0,1.3792288392862633,0,0.6656536262440776,True,True,False
02,179,256,137,0.0897764265537262,8.334975369458128,2.7561205528879835,0.0,1.3780602764439918,0,0.6656536262440776,True,True,False
02,180,256,137,0.0909639447927475,8.52545155993432,2.7986682529858173,0.0,1.3993341264929087,0,0.6656536262440776,True,True,False
02,181,256,137,0.09011907130479813,8.71592775041051,2.768397203157137,0.002447539026540369,1.3854223710918387,0,0.6656536262440776,True,True,False
02,182,256,137,0.09248518943786621,8.9064039408867,2.8531730671512743,0.0054435802601661264,1.4293083237057203,0,0.6656536262440776,True,True,False
02,183,256,137,0.09357886016368866,9.09688013136289,2.8923582960757788,0.008439621493791911,1.4503989587847854,0,0.6656536262440776,True,True,False
02,184,256,137,0.09176809340715408,9.09688013136289,2.8274801675784373,0.008439621493791911,1.4179598945361147,0,0.6656536262440776,True,True,False
02,185,256,137,0.09038665890693665,9.09688013136289,2.7779846239407298,0.008439621493791911,1.393212122717261,0,0.6656536262440776,True,True,False
02,186,256,142,0.09041641652584076,5.484400656814452,2.8550659818800015,0.0,1.4275329909400007,0,0.6656536262440776,True,True,False
02,187,256,142,0.0882219597697258,5.3284072249589505,2.774388252418471,0.0,1.3871941262092355,0,0.6656536262440776,True,True,False
02,188,256,142,0.08615240454673767,5.254515599343186,2.698302443973774,0.0,1.349151221986887,0,0.6656536262440776,True,True,False
02,189,256,137,0.08726651966571808,9.811165845648604,2.6661928683814544,0.01967477611988853,1.3429338222506715,0,0.6656536262440776,True,True,False
02,190,256,137,0.08805161714553833,9.811165845648604,2.694322198122518,0.01967477611988853,1.3569984871212033,0,0.6656536262440776,True,True,False
02,191,256,137,0.0900559350848198,9.811165845648604,2.7661350897304304,0.01967477611988853,1.3929049329251595,0,0.6656536262440776,True,True,False
02,192,256,142,0.08952625840902328,5.98522167487685,2.8223399162938527,0.0,1.4111699581469264,0,0.6656536262440776,True,True,False
02,193,256,142,0.08659155666828156,5.977011494252876,2.7144475769118683,0.0,1.3572237884559342,0,0.6656536262440776,True,True,False
02,194,256,142,0.08849850296974182,5.968801313628901,2.784555177518794,0.0,1.392277588759397,0,0.6656536262440776,True,True,False
02,195,256,142,0.08791910856962204,5.977011494252873,2.763254131355941,0.0,1.3816270656779706,0,0.6656536262440776,True,True,False
02,196,256,151,0.08994858711957932,4.026272577996717,2.902310939722203,0.0,1.4511554698611016,0,0.6656536262440776,True,True,False
02,197,256,151,0.08911868929862976,3.249589490968801,2.8711925942234635,0.0,1.4355962971117318,0,0.6656536262440776,True,True,False
02,198,256,151,0.09121691435575485,2.875205254515598,2.9498688970326734,0.0,1.4749344485163367,0,0.6656536262440776,True,True,False
02,199,256,151,0.08840982615947723,2.6650246305418688,2.8446126376087686,0.0,1.4223063188043843,0,0.6656536262440776,True,True,False
02,200,256,151,0.08852607011795044,2.573070607553361,2.8489713906631766,0.0,1.4244856953315883,0,0.6656536262440776,True,True,False
02,201,256,151,0.085248664021492,2.563218390804596,2.726079809706167,0.0,1.3630399048530835,0,0.6656536262440776,True,True,False
02,202,256,151,0.08764992654323578,2.6354679802955676,2.8161189866970155,0.0,1.4080594933485078,0,0.6656536262440776,True,True,False
02,203,256,151,0.08430885523557663,2.773399014778328,2.690840176868713,0.0,1.3454200884343566,0,0.6656536262440776,True,True,False
02,204,256,151,0.08460517972707748,2.9934318555008224,2.701951337391717,0.0,1.3509756686958585,0,0.6656536262440776,True,True,False
02,205,256,151,0.08794791251420975,3.295566502463054,2.8272924470489604,0.0,1.4136462235244802,0,0.6656536262440776,True,True,False
02,206,256,151,0.0832894891500473,3.742200328407223,2.6526174158992912,0.0,1.3263087079496456,0,0.6656536262440776,True,True,False
02,207,256,151,0.08665414899587631,4.068965517241379,2.7787807156756936,0.0,1.3893903578378468,0,0.6656536262440776,True,True,False
02,208,256,151,0.0868806466460228,4.477832512315271,2.7872736071546065,0.0,1.3936368035773032,0,0.6656536262440776,True,True,False
02,209,256,151,0.0861000195145607,4.9064039408867,2.758002744923961,0.0,1.3790013724619805,0,0.6656536262440776,True,True,False
02,210,256,151,0.08559767156839371,5.573070607553366,2.739166405612309,0.005061216279689354,1.3721138109459992,0,0.6656536262440776,True,True,False
02,211,256,151,0.08576034009456635,6.239737274220033,2.7452659220484636,0.019917465283313226,1.3825916936658884,0,0.6656536262440776,True,True,False
02,212,256,151,0.08471737056970596,6.9064039408867,2.7061581123880813,0.0347737142869371,1.3704659133375092,0,0.6656536262440776,True,True,False
02,213,256,151,0.08550690859556198,7.334975369458128,2.735763102849279,0.044324160074981,1.3900436314621298,0,0.6656536262440776,True,True,False
02,214,256,151,0.08733835071325302,7.763546798029557,2.8044359528563363,0.05387460586302492,1.4291552793596807,0,0.6656536262440776,True,True,False
02,215,256,151,0.08695428818464279,8.192118226600986,2.790034914370974,0.06342505165106885,1.4267299830110214,0,0.6656536262440776,True,True,False
02,216,256,151,0.08810596913099289,8.620689655172415,2.8332190325698043,0.07297549743911276,1.4530972650044585,0,0.6656536262440776,True,True,False
02,217,256,151,0.0862368494272232,8.620689655172415,2.763133401240087,0.07297549743911276,1.4180544493396,0,0.6656536262440776,True,True,False
02,218,256,168,0.08317996561527252,7.592775041050903,2.647448103810962,0.05246279145755143,1.3499554476342566,0,0.6656536262440776,True,True,False
02,219,256,168,0.08757498860359192,6.86535303776683,2.811575904611428,0.034656370963419905,1.423116137787424,0,0.6656536262440776,True,True,False
02,220,256,168,0.08590713143348694,6.220032840722494,2.7492914227995833,0.018859704475398007,1.3840755636374906,0,0.6656536262440776,True,True,False
02,221,256,175,0.08820629864931107,11.807881773399014,2.857483284239843,0.076487595133392,1.4669854396866175,0,0.6656536262440776,True,True,False
02,222,256,175,0.08513747155666351,10.747126436781608,2.74118325535127,0.057849467262464406,1.399516361306867,0,0.6656536262440776,True,True,False
02,223,256,175,0.0858764573931694,9.76847290640394,2.769188767404976,0.040653918948110164,1.4049213431765433,0,0.6656536262440776,True,True,False
02,224,256,175,0.08824363350868225,8.871921182266007,2.8588981717823256,0.024900950190329247,1.4418995609863274,0,0.6656536262440776,True,True,False
02,225,256,175,0.08830904960632324,8.057471264367813,2.861377260312159,0.010590560989121681,1.4359839106506402,0,0.6656536262440776,True,True,False
02,226,256,175,0.09038013964891434,7.325123152709358,2.9398658243506035,0.0,1.4699329121753018,0,0.6656536262440776,True,True,False
02,227,256,175,0.08717601001262665,6.747126436781609,2.818438204607614,0.0,1.409219102303807,0,0.6656536262440776,True,True,False
02,228,256,175,0.08676747977733612,6.333333333333333,2.8029560426181113,0.0,1.4014780213090556,0,0.6656536262440776,True,True,False
02,229,256,175,0.08666805922985077,6.083743842364532,2.7991882798228835,0.0,1.3995941399114418,0,0.6656536262440776,True,True,False
02,230,256,175,0.08538375794887543,5.926108374384236,2.750516826016666,0.0,1.375258413008333,0,0.6656536262440776,True,True,False
02,231,256,175,0.08709798008203506,5.8505747126436765,2.815481086820262,0.0,1.407740543410131,0,0.6656536262440776,True,True,False
02,232,256,175,0.08639182150363922,5.857142857142854,2.788719636732666,0.0,1.394359818366333,0,0.6656536262440776,True,True,False
02,233,256,175,0.08645140379667282,5.945812807881772,2.7909776402603517,0.0,1.3954888201301758,0,0.6656536262440776,True,True,False
02,234,256,175,0.08654612302780151,6.1165845648604265,2.794567236214768,0.0,1.397283618107384,0,0.6656536262440776,True,True,False
02,235,256,175,0.08597676455974579,6.369458128078818,2.772990130602829,0.0,1.3864950653014145,0,0.6656536262440776,True,True,False
02,236,256,175,0.0876515656709671,6.704433497536947,2.83646044409306,0.0,1.41823022204653,0,0.6656536262440776,True,True,False
02,237,256,175,0.08584484457969666,7.121510673234812,2.767990729519773,0.0,1.3839953647598866,0,0.6656536262440776,True,True,False
02,238,256,175,0.08609087020158768,7.620689655172415,2.777314417713809,0.0029160377481515765,1.3901152277309803,0,0.6656536262440776,True,True,False
02,239,256,175,0.08808062225580215,7.954022988505748,2.852720497756787,0.00877291074783934,1.4307467042523132,0,0.6656536262440776,True,True,False
02,240,256,181,0.08616749942302704,4.277504105090313,2.6302985702561275,0.0,1.3151492851280637,0,0.6656536262440776,True,True,False
02,241,256,181,0.08470537513494492,4.407224958949097,2.577836168554202,0.0,1.288918084277101,0,0.6656536262440776,True,True,False
02,242,256,181,0.08627952635288239,4.285714285714286,2.6343182024060137,0.0,1.3171591012030068,0,0.6656536262440776,True,True,False
02,243,256,181,0.08700665086507797,4.246305418719211,2.660408117303849,0.0,1.3302040586519246,0,0.6656536262440776,True,True,False
02,244,256,181,0.0859668105840683,4.288998357963873,2.623097664989478,0.0,1.311548832494739,0,0.6656536262440776,True,True,False
02,245,256,181,0.08540520071983337,4.413793103448275,2.6029465721327254,0.0,1.3014732860663627,0,0.6656536262440776,True,True,False
02,246,256,181,0.08664517104625702,4.620689655172415,2.647437879673094,0.0,1.323718939836547,0,0.6656536262440776,True,True,False
02,247,256,181,0.0842895433306694,4.9064039408867,2.562915730302709,0.0,1.2814578651513544,0,0.6656536262440776,True,True,False
02,248,256,181,0.0863482654094696,5.192118226600986,2.6367846247400686,0.0,1.3183923123700343,0,0.6656536262440776,True,True,False
02,249,256,187,0.08540220558643341,2.262725779967162,2.6028391039148313,0.0,1.3014195519574157,0,0.6656536262440776,True,True,False
02,250,256,187,0.08696600049734116,2.022988505747129,2.6589495436798947,0.0,1.3294747718399473,0,0.6656536262440776,True,True,False
02,251,256,187,0.08791352063417435,1.9474548440065698,2.6929474619447022,0.0,1.3464737309723511,0,0.6656536262440776,True,True,False
02,252,256,187,0.08654244989156723,2.0361247947454846,2.6437521475335304,0.0,1.3218760737667652,0,0.6656536262440776,True,True,False
02,253,256,187,0.08677041530609131,2.288998357963873,2.651931762117866,0.0,1.325965881058933,0,0.6656536262440776,True,True,False
02,254,256,187,0.0873108059167862,2.699507389162561,2.6713214880975986,0.0,1.3356607440487993,0,0.6656536262440776,True,True,False
02,255,256,187,0.08706624805927277,3.1921182266009858,2.66254652097284,0.0,1.33127326048642,0,0.6656536262440776,True,True,False
03,35,409,186,0.0906853973865509,21.14449917898194,2.7924050202636015,0.24043193142868333,1.5164184758461423,0,0.6656536262440776,True,False,False
03,36,409,186,0.09085476398468018,19.620689655172413,2.798482053918245,0.21368555057009533,1.50608380224417,0,0.6656536262440776,True,False,False
03,37,409,186,0.08775586634874344,18.09688013136289,2.6872906771421223,0.1869391697115074,1.4371149234268148,0,0.6656536262440776,True,True,True
03,38,409,186,0.08779539912939072,16.573070607553365,2.688709150684773,0.16019278885291938,1.424450969768846,0,0.6656536262440776,True,True,False
03,39,409,186,0.08785350620746613,15.049261083743843,2.6907940875786918,0.13344640799433144,1.4121202477865116,0,0.6656536262440776,True,True,False
03,40,409,186,0.08672821521759033,13.52545155993432,2.650417583047837,0.10670002713574346,1.3785588050917903,0,0.6656536262440776,True,True,False
03,41,409,186,0.08856837451457977,12.001642036124796,2.7164442382515634,0.07995364627715548,1.3981989422643595,0,0.6656536262440776,True,True,False
03,42,409,33,0.08775652945041656,34.49753694581281,3.1397854935903338,0.42119730716338294,1.7804914003768584,0,0.6656536262440776,True,True,False
03,43,409,33,0.08915776759386063,33.65188834154351,3.1987547465469346,0.40909689031273205,1.8039258184298332,0,0.6656536262440776,True,True,False
03,44,409,33,0.09020668268203735,31.62561576354679,3.242896949964735,0.38010288178126966,1.8114999158730023,0,0.6656536262440776,True,True,False
03,45,409,33,0.08965005725622177,29.68144499178981,3.219472105522292,0.35228367100229774,1.7858778882622948,0,0.6656536262440776,True,True,False
03,46,409,33,0.08943263441324234,27.81937602627257,3.2103221528991894,0.3256392579758162,1.7679807054375027,0,0.6656536262440776,True,True,False
03,47,409,33,0.09129852801561356,26.03940886699507,3.288845815948991,0.3001696427018251,1.794507729325408,0,0.6656536262440776,True,True,False
03,48,409,33,0.08776013553142548,24.34154351395731,3.1399372507375336,0.27587482518032436,1.707906037958929,0,0.6656536262440776,True,True,False
03,49,409,33,0.08852323889732361,22.72577996715928,3.1720514460484583,0.2527548054113139,1.7124031257298862,0,0.6656536262440776,True,True,False
03,50,409,34,0.08785291761159897,21.395730706075533,3.143841861799678,0.23372308182096982,1.688782471810324,0,0.6656536262440776,True,True,False
03,51,409,38,0.08727096021175385,21.270935960591135,3.1193509547529397,0.23193738923718457,1.675644171995062,0,0.6656536262440776,True,True,False
03,52,409,38,0.08805952966213226,19.221674876847292,3.152536856529006,0.20261443733502493,1.6775756469320156,0,0.6656536262440776,True,True,False
03,53,409,42,0.08858004957437515,19.61576354679803,3.2345728844317523,0.21003029510952448,1.7223015897706384,0,0.6656536262440776,True,True,False
03,54,409,42,0.08736882358789444,17.159277504105088,3.182680242739854,0.17494222795879052,1.6788112353493223,0,0.6656536262440776,True,True,False
03,55,409,42,0.0872393399477005,14.866995073891628,3.1771327658688615,0.14219961984219662,1.659666192855529,0,0.6656536262440776,True,True,False
03,56,409,42,0.08685062825679779,12.768472906403943,3.1604791630543487,0.11222465338588779,1.6363519082201183,0,0.6656536262440776,True,True,False
03,57,409,42,0.0885956734418869,10.916256157635464,3.2352422589066054,0.08576787548078885,1.6605050671936972,0,0.6656536262440776,True,True,False
03,58,409,42,0.08860775083303452,9.2807881773399,3.235759691440576,0.062407103500754776,1.6490833974706656,0,0.6656536262440776,True,True,False
03,59,409,42,0.08841660618782043,7.809523809523809,3.227570467715085,0.04139179055486066,1.6344811291349728,0,0.6656536262440776,True,True,False
03,60,409,42,0.0875617116689682,6.561576354679803,3.1909441606127538,0.0235663018953969,1.6072552312540753,0,0.6656536262440776,True,True,False
03,61,409,42,0.0861537829041481,5.454844006568145,3.1306241676997795,0.007757908005293499,1.5691910378525364,0,0.6656536262440776,True,True,False
03,62,409,42,0.08525572717189789,4.430213464696223,3.0921487016404505,0.0,1.5460743508202253,0,0.6656536262440776,True,True,False
03,63,409,42,0.08829911798238754,4.858784893267652,3.2225369121147236,0.0,1.6112684560573618,0,0.6656536262440776,True,True,False
03,64,409,42,0.08534874022006989,5.28735632183908,3.0961336663252697,0.005365539790470717,1.5507496030578702,0,0.6656536262440776,True,True,False
03,65,409,51,0.08749935030937195,3.0295566502463047,3.0896635450258563,0.0,1.5448317725129281,1,0.6656536262440776,True,True,False
03,66,409,51,0.08431357890367508,2.4646962233169125,2.9573068620173677,0.0,1.4786534310086838,1,0.6656536262440776,True,True,False
03,67,409,48,0.08421538025140762,2.5238095238095246,3.047577044011859,0.0,1.5237885220059295,1,0.6656536262440776,True,True,False
03,68,409,54,0.08541689068078995,3.3793103448275863,3.003145269280987,0.0,1.5015726346404934,1,0.6656536262440776,True,True,False
03,69,409,54,0.08533443510532379,2.67487684729064,2.9997195537871693,0.0,1.4998597768935846,1,0.6656536262440776,True,True,False
03,70,409,54,0.08561592549085617,2.2528735632183907,3.0114144084968393,0.0,1.5057072042484196,1,0.6656536262440776,True,True,False
03,71,409,54,0.0853293240070343,2.1642036124794735,2.999507207096218,0.0,1.499753603548109,1,0.6656536262440776,True,True,False
03,72,409,54,0.0856543630361557,2.275862068965517,3.0130113422849125,0.0,1.5065056711424563,1,0.6656536262440776,True,True,False
03,73,409,54,0.08627159148454666,2.4696223316912977,3.038654836335181,0.0,1.5193274181675904,1,0.6656536262440776,True,True,False
03,74,409,48,0.08525453507900238,7.477832512315271,3.092097628719146,0.03665396330589793,1.564375796012522,1,0.6656536262440776,True,True,False
03,75,409,48,0.08560251444578171,7.763546798029557,3.10700613365382,0.04073506202530148,1.5738705978395608,1,0.6656536262440776,True,True,False
03,76,409,48,0.08587179332971573,8.049261083743843,3.118542868165093,0.044816160744705034,1.581679514454899,1,0.6656536262440776,True,True,False
03,77,409,42,0.08594267070293427,14.049261083743843,3.1215794725424306,0.13051923385217953,1.626049353197305,1,0.6656536262440776,True,True,False
03,78,409,42,0.08619613200426102,14.049261083743843,3.1324385332291382,0.13051923385217953,1.6314788835406588,1,0.6656536262440776,True,True,False
03,79,409,42,0.08650852739810944,14.049261083743843,3.1458225114628595,0.13051923385217953,1.6381708726575195,1,0.6656536262440776,True,True,False
03,80,409,48,0.08834853768348694,9.55665024630542,3.224654203908572,0.06634747467810996,1.645500839293341,1,0.6656536262440776,True,True,False
03,81,409,50,0.08737199008464813,8.371100164203613,3.0843722121758232,0.050733493945795266,1.5675528530608092,1,0.6656536262440776,True,True,False
03,82,409,50,0.08840871602296829,8.423645320197046,3.12744423113473,0.05148319230934433,1.5894637117220372,1,0.6656536262440776,True,True,False
03,83,409,50,0.08703857660293579,8.532019704433496,3.070520150338981,0.053029445184164185,1.5617747977615726,1,0.6656536262440776,True,True,False
03,84,409,50,0.08896910399198532,8.666666666666666,3.150726219492188,0.05495054724075861,1.6028383833664734,1,0.6656536262440776,True,True,False
03,85,409,50,0.08821101486682892,8.801313628899834,3.119230500166225,0.056871649297353014,1.5880510747317889,1,0.6656536262440776,True,True,False
03,86,409,50,0.08749870955944061,8.507389162561575,3.089636924303667,0.052678024076250565,1.5711574741899588,1,0.6656536262440776,True,True,False
03,87,409,50,0.08744999021291733,8.272577996715928,3.087612820787441,0.049327809514140813,1.568470315150791,1,0.6656536262440776,True,True,False
03,88,409,50,0.08692583441734314,8.262725779967159,3.0658361414068,0.049187241070975364,1.5575116912388878,1,0.6656536262440776,True,True,False
03,89,409,55,0.08593729138374329,5.4417077175697885,3.0247659388478674,0.008937810177936269,1.5168518745129018,1,0.6656536262440776,True,True,False
03,90,409,55,0.08603747189044952,4.848932676518885,3.028928057807827,0.0004802755141486441,1.514704166660988,1,0.6656536262440776,True,True,False
03,91,409,55,0.08602049201726913,4.338259441707718,3.028222608669812,0.0,1.514111304334906,1,0.6656536262440776,True,True,False
03,92,409,55,0.09027168899774551,3.909688013136288,3.20484367135666,0.0,1.60242183567833,1,0.6656536262440776,True,True,False
03,93,409,62,0.0859498530626297,4.502463054187193,2.929386225130703,0.0,1.4646931125653515,1,0.6656536262440776,True,True,False
03,94,409,62,0.08694806694984436,3.569786535303777,2.969709306648538,0.0,1.484854653324269,1,0.6656536262440776,True,True,False
03,95,409,62,0.0896599069237709,2.9293924466338255,3.0792547114285553,0.0,1.5396273557142777,1,0.6656536262440776,True,True,False
03,96,409,62,0.08827526122331619,2.371100164203611,3.0233216271788983,0.0,1.5116608135894491,1,0.6656536262440776,True,True,False
03,97,409,62,0.08905557543039322,1.9573070607553358,3.0548426005739775,0.0,1.5274213002869887,1,0.6656536262440776,True,True,False
03,98,409,62,0.08675384521484375,1.822660098522167,2.9618636746118834,0.0,1.4809318373059417,1,0.6656536262440776,True,True,False
03,99,409,62,0.08519219607114792,1.9343185550082094,2.898780495215118,0.0,1.449390247607559,1,0.6656536262440776,True,True,False
03,100,409,62,0.08691076934337616,2.292282430213464,2.9682026611837733,0.0,1.4841013305918866,1,0.6656536262440776,True,True,False
03,101,409,62,0.08639080822467804,2.7914614121510666,2.947198711184768,0.0,1.473599355592384,1,0.6656536262440776,True,True,False
03,102,409,62,0.08634678274393082,3.28735632183908,2.9454202916779173,0.0,1.4727101458389587,1,0.6656536262440776,True,True,False
03,103,409,62,0.086369089782238,3.8587848932676514,2.9463213896646345,0.0,1.4731606948323173,1,0.6656536262440776,True,True,False
03,104,409,62,0.08801402896642685,4.430213464696223,3.0127690895669144,0.0,1.5063845447834572,1,0.6656536262440776,True,True,False
03,105,409,62,0.08990731090307236,5.001642036124794,3.089248652559795,0.0015786727914276018,1.5454136626756114,1,0.6656536262440776,True,True,False
03,106,409,62,0.08876755833625793,5.573070607553366,3.043208083248484,0.013460571912767713,1.5283343275806258,1,0.6656536262440776,True,True,False
03,107,409,62,0.09069477766752243,6.1444991789819365,3.1210585551690526,0.025342471034107788,1.5732005131015803,1,0.6656536262440776,True,True,False
03,108,409,62,0.0879453644156456,6.7159277504105095,3.0099953691108072,0.03722437015544792,1.5236098696331275,1,0.6656536262440776,True,True,False
03,109,409,62,0.08841174095869064,7.287356321839081,3.0288347577469295,0.04910626927678801,1.5389705135118588,1,0.6656536262440776,True,True,False
03,110,409,62,0.088633693754673,7.620689655172415,3.0378005924243863,0.05603737709756974,1.546918984760978,1,0.6656536262440776,True,True,False
03,111,409,62,0.08890420198440552,7.954022988505748,3.048727835111007,0.06296848491835146,1.5558481600146792,1,0.6656536262440776,True,True,False
03,112,409,62,0.08951474726200104,8.28735632183908,3.073390953220402,0.06989959273913318,1.5716452729797676,1,0.6656536262440776,True,True,False
03,113,409,62,0.08737857639789581,8.620689655172415,2.987099835662731,0.07683070055991491,1.531965268111323,1,0.6656536262440776,True,True,False
03,114,409,62,0.08891946077346802,8.620689655172415,3.0493442174345864,0.07683070055991491,1.5630874589972505,1,0.6656536262440776,True,True,False
03,115,409,62,0.08838583528995514,8.620689655172415,3.0277882922493293,0.07683070055991491,1.552309496404622,1,0.6656536262440776,True,True,False
03,116,409,62,0.08986301720142365,8.620689655172415,3.0874593982074128,0.07683070055991491,1.5821450493836637,1,0.6656536262440776,True,True,False
03,117,409,62,0.08796892315149307,8.620689655172415,3.0109470297100054,0.07683070055991491,1.54388886513496,1,0.6656536262440776,True,True,False
03,118,409,62,0.08846455812454224,8.620689655172415,3.030968319412874,0.07683070055991491,1.5538995099863944,1,0.6656536262440776,True,True,False
03,119,409,62,0.08736726641654968,8.620689655172415,2.9866429663428127,0.07683070055991491,1.5317368334513637,1,0.6656536262440776,True,True,False
03,120,409,62,0.08800463378429413,8.620689655172415,3.0123895690053746,0.07683070055991491,1.5446101347826446,1,0.6656536262440776,True,True,False
03,121,409,62,0.08862748742103577,8.620689655172415,3.037549886137501,0.07683070055991491,1.5571902933487078,1,0.6656536262440776,True,True,False
03,122,409,62,0.08988446742296219,8.620689655172415,3.0883258848820145,0.07683070055991491,1.5825782927209646,1,0.6656536262440776,True,True,False
03,123,409,62,0.08837563544511795,8.620689655172415,3.0273762671511943,0.07683070055991491,1.5521034838555545,1,0.6656536262440776,True,True,False
03,124,409,62,0.08924342691898346,8.620689655172415,3.062430905029255,0.07683070055991491,1.569630802794585,1,0.6656536262440776,True,True,False
03,125,409,62,0.08890221267938614,8.620689655172415,3.0486474766733136,0.07683070055991491,1.5627390886166141,1,0.6656536262440776,True,True,False
03,126,409,62,0.08767416328191757,8.620689655172415,2.999040136406563,0.07683070055991491,1.5379354184832388,1,0.6656536262440776,True,True,False
03,127,409,62,0.08749915659427643,8.620689655172415,2.99197070066508,0.07683070055991491,1.5344007006124973,1,0.6656536262440776,True,True,False
03,128,409,62,0.08658059686422348,8.620689655172415,2.954865267302219,0.07683070055991491,1.5158479839310668,1,0.6656536262440776,True,True,False
03,129,409,72,0.0882238820195198,4.154351395730707,3.1620987955359743,0.0,1.5810493977679871,1,0.6656536262440776,True,True,False
03,130,409,72,0.0898674875497818,3.7602627257799677,3.23190508871262,0.0,1.61595254435631,1,0.6656536262440776,True,True,False
03,131,409,72,0.08692330867052078,3.4482758620689653,3.106861572962571,0.0,1.5534307864812855,1,0.6656536262440776,True,True,False
03,132,409,72,0.08670205622911453,3.218390804597701,3.097464663237893,0.0,1.5487323316189465,1,0.6656536262440776,True,True,False
03,133,409,72,0.08885245025157928,3.0706075533661745,3.188794993304106,0.0,1.594397496652053,1,0.6656536262440776,True,True,False
03,134,409,72,0.0884949117898941,3.004926108374385,3.1736098200865737,0.0,1.5868049100432868,1,0.6656536262440776,True,True,False
03,135,409,72,0.09021662920713425,3.021346469622332,3.2467336375612237,0.0,1.6233668187806118,1,0.6656536262440776,True,True,False
03,136,409,72,0.08852294087409973,3.1198686371100157,3.174800255646388,0.0,1.587400127823194,1,0.6656536262440776,True,True,False
03,137,409,72,0.09003052115440369,3.3004926108374386,3.23882936062114,0.0,1.61941468031057,1,0.6656536262440776,True,True,False
03,138,409,72,0.08737792819738388,3.563218390804598,3.1261699187862644,0.0,1.5630849593931322,1,0.6656536262440776,True,True,False
03,139,409,72,0.08570228517055511,3.9080459770114944,3.055002947005897,0.0,1.5275014735029484,1,0.6656536262440776,True,True,False
03,140,409,72,0.08898517489433289,4.334975369458128,3.194431999966129,0.0,1.5972159999830644,1,0.6656536262440776,True,True,False
03,141,409,72,0.09017068147659302,4.811165845648604,3.2447821712939793,0.0,1.6223910856469896,1,0.6656536262440776,True,True,False
03,142,409,72,0.08765324205160141,5.28735632183908,3.1378628945455014,0.0,1.5689314472727507,1,0.6656536262440776,True,True,False
03,143,409,72,0.0895054042339325,5.763546798029556,3.2165268889954897,0.002627949724748076,1.6095774193601189,1,0.6656536262440776,True,True,False
03,144,409,72,0.08793047815561295,6.239737274220031,3.1496375110209613,0.01425500776742099,1.581946259394191,1,0.6656536262440776,True,True,False
03,145,409,72,0.08805227279663086,6.715927750410508,3.1548103047732954,0.025882065810093925,1.5903461852916947,1,0.6656536262440776,True,True,False
03,146,409,72,0.08785586804151535,7.192118226600984,3.1464687120587134,0.03750912385276686,1.59198891795574,1,0.6656536262440776,True,True,False
03,147,409,72,0.0877717137336731,7.66830870279146,3.1428945574473097,0.0491361818954398,1.5960153696713748,1,0.6656536262440776,True,True,False
03,148,409,72,0.08846085518598557,8.144499178981937,3.1721633870871293,0.06076323993811274,1.616463313512621,1,0.6656536262440776,True,True,False
03,149,409,72,0.08846287429332733,8.620689655172413,3.1722491414828524,0.07239029798078567,1.622319719731819,1,0.6656536262440776,True,True,False
03,150,409,72,0.0889725610613823,8.620689655172413,3.193896272320524,0.07239029798078567,1.6331432851506549,1,0.6656536262440776,True,True,False
03,151,409,72,0.08787108212709427,8.620689655172413,3.1471148761770387,0.07239029798078567,1.6097525870789122,1,0.6656536262440776,True,True,False
03,152,409,72,0.08758699148893356,8.620689655172413,3.135049137767759,0.07239029798078567,1.6037197178742724,1,0.6656536262440776,True,True,False
03,153,409,72,0.0867481678724289,8.620689655172413,3.0994230911165985,0.07239029798078567,1.5859066945486922,1,0.6656536262440776,True,True,False
03,154,409,72,0.08786121755838394,8.620689655172413,3.146695913741846,0.07239029798078567,1.6095431058613159,1,0.6656536262440776,True,True,False
03,155,409,72,0.08816596120595932,8.620689655172413,3.1596388151951995,0.07239029798078567,1.6160145565879926,1,0.6656536262440776,True,True,False
03,156,409,72,0.08851440250873566,8.620689655172413,3.174437618976652,0.07239029798078567,1.6234139584787188,1,0.6656536262440776,True,True,False
03,157,409,72,0.09049170464277267,8.620689655172413,3.258416487340154,0.07239029798078567,1.6654033926604699,1,0.6656536262440776,True,True,False
03,158,409,72,0.0902719646692276,8.620689655172413,3.249083814303047,0.07239029798078567,1.6607370561419164,1,0.6656536262440776,True,True,False
03,159,409,72,0.08777059614658356,8.620689655172413,3.142847091914622,0.07239029798078567,1.6076186949477038,1,0.6656536262440776,True,True,False
03,160,409,72,0.08821548521518707,8.620689655172413,3.1617421711670453,0.07239029798078567,1.6170662345739155,1,0.6656536262440776,True,True,False
03,161,409,72,0.08700262010097504,8.620689655172413,3.1102300435989934,0.07239029798078567,1.5913101707898896,1,0.6656536262440776,True,True,False
03,162,409,72,0.08776023983955383,8.620689655172413,3.142407244645047,0.07239029798078567,1.6073987713129163,1,0.6656536262440776,True,True,False
03,163,409,72,0.0888531282544136,8.620689655172413,3.1888237890606037,0.07239029798078567,1.6306070435206947,1,0.6656536262440776,True,True,False
03,164,409,72,0.08752639591693878,8.620689655172413,3.1324755565854177,0.07239029798078567,1.6024329272831017,1,0.6656536262440776,True,True,False
03,165,409,72,0.08670831471681595,8.620689655172413,3.0977304702209456,0.07239029798078567,1.5850603841008657,1,0.6656536262440776,True,True,False
03,166,409,72,0.08896627277135849,8.620689655172413,3.193629199589933,0.07239029798078567,1.6330097487853594,1,0.6656536262440776,True,True,False
03,167,409,72,0.09055434167385101,8.620689655172413,3.2610767722288716,0.07239029798078567,1.6667335351048287,1,0.6656536262440776,True,True,False
03,168,409,72,0.0890808254480362,8.620689655172413,3.198494416690449,0.07239029798078567,1.6354423573356174,1,0.6656536262440776,True,True,False
03,169,409,72,0.09091190248727798,8.620689655172413,3.276262894757058,0.07239029798078567,1.6743265963689218,1,0.6656536262440776,True,True,False
03,170,409,72,0.08904506266117096,8.620689655172413,3.1969755196444343,0.07239029798078567,1.63468290881261,1,0.6656536262440776,True,True,False
03,171,409,72,0.08941321074962616,8.620689655172413,3.2126112989856175,0.07239029798078567,1.6425007984832016,1,0.6656536262440776,True,True,False
03,172,409,72,0.08925647288560867,8.620689655172413,3.2059544162445732,0.07239029798078567,1.6391723571126795,1,0.6656536262440776,True,True,False
03,173,409,72,0.08700115978717804,8.620689655172413,3.1101680219696144,0.07239029798078567,1.5912791599752,1,0.6656536262440776,True,True,False
03,174,409,72,0.08817603439092636,8.620689655172413,3.16006663786316,0.07239029798078567,1.616228467921973,1,0.6656536262440776,True,True,False
03,175,409,72,0.08885492384433746,8.620689655172413,3.188900050349789,0.07239029798078567,1.6306451741652874,1,0.6656536262440776,True,True,False
03,176,409,72,0.08857257664203644,8.620689655172413,3.1769083581715027,0.07239029798078567,1.6246493280761443,1,0.6656536262440776,True,True,False
03,177,409,72,0.08746771514415741,8.620689655172413,3.129983299682415,0.07239029798078567,1.6011867988316004,1,0.6656536262440776,True,True,False
03,178,409,72,0.08908864110708237,8.620689655172413,3.19882635898238,0.07239029798078567,1.635608328481583,1,0.6656536262440776,True,True,False
03,179,409,72,0.08597815036773682,8.620689655172413,3.0667193390945933,0.07239029798078567,1.5695548185376895,1,0.6656536262440776,True,True,False
03,180,409,72,0.08638854324817657,8.620689655172413,3.0841493155713815,0.07239029798078567,1.5782698067760836,1,0.6656536262440776,True,True,False
03,181,409,72,0.08837875723838806,8.620689655172413,3.168676569055872,0.07239029798078567,1.6205334335183288,1,0.6656536262440776,True,True,False
03,182,409,72,0.08808845281600952,8.620689655172413,3.156346922284847,0.07239029798078567,1.6143686101328163,1,0.6656536262440776,True,True,False
03,183,409,72,0.08906641602516174,8.620689655172413,3.197882427755659,0.07239029798078567,1.6351363628682223,1,0.6656536262440776,True,True,False
03,184,409,72,0.08735533058643341,8.620689655172413,3.125210165715314,0.07239029798078567,1.5988002318480499,1,0.6656536262440776,True,True,False
03,185,409,72,0.08887088298797607,8.620689655172413,3.1895778581565732,0.07239029798078567,1.6309840780686795,1,0.6656536262440776,True,True,False
03,186,409,72,0.0859425812959671,8.620689655172413,3.0652086694075775,0.07239029798078567,1.5687994836941817,1,0.6656536262440776,True,True,False
03,187,409,72,0.08700405806303024,8.620689655172413,3.1102911159177187,0.07239029798078567,1.5913407069492522,1,0.6656536262440776,True,True,False
03,188,409,72,0.0891546905040741,8.620689655172413,3.2016315719642385,0.07239029798078567,1.6370109349725122,1,0.6656536262440776,True,True,False
03,189,409,72,0.08826350420713425,8.620689655172413,3.1637816068882048,0.07239029798078567,1.6180859524344953,1,0.6656536262440776,True,True,False
03,190,409,72,0.08953499794006348,8.620689655172413,3.2177837763010673,0.07239029798078567,1.6450870371409265,1,0.6656536262440776,True,True,False
03,191,409,72,0.08696500211954117,8.620689655172413,3.1086323537687166,0.07239029798078567,1.5905113258747512,1,0.6656536262440776,True,True,False
03,192,409,72,0.08734551817178726,8.620689655172413,3.1247934183383133,0.07239029798078567,1.5985918581595495,1,0.6656536262440776,True,True,False
03,193,409,72,0.08767074346542358,8.620689655172413,3.138606204787395,0.07239029798078567,1.6054982513840903,1,0.6656536262440776,True,True,False
03,194,409,72,0.08822296559810638,8.620689655172413,3.16205987379917,0.07239029798078567,1.617225085889978,1,0.6656536262440776,True,True,False
03,195,409,72,0.08631298691034317,8.620689655172413,3.080940329124791,0.07239029798078567,1.5766653135527884,1,0.6656536262440776,True,True,False
03,196,409,72,0.08716832846403122,8.620689655172413,3.1172679163490797,0.07239029798078567,1.5948291071649328,1,0.6656536262440776,True,True,False
03,197,409,72,0.08725176751613617,8.620689655172413,3.120811693019563,0.07239029798078567,1.5966009955001743,1,0.6656536262440776,True,True,False
03,198,409,72,0.08654838800430298,8.620689655172413,3.0909381524932984,0.07239029798078567,1.581664225237042,1,0.6656536262440776,True,True,False
03,199,409,72,0.08710655570030212,8.620689655172413,3.1146443381389735,0.07239029798078567,1.5935173180598796,1,0.6656536262440776,True,True,False
03,200,409,72,0.08767513930797577,8.620689655172413,3.1387929025493007,0.07239029798078567,1.6055916002650432,1,0.6656536262440776,True,True,False
03,201,409,72,0.0869322344660759,8.620689655172413,3.1072406643503054,0.07239029798078567,1.5898154811655456,1,0.6656536262440776,True,True,False
03,202,409,72,0.08734903484582901,8.620689655172413,3.1249427765478384,0.07239029798078567,1.598666537264312,1,0.6656536262440776,True,True,False
03,203,409,72,0.08923295885324478,8.620689655172413,3.2049557414368186,0.07239029798078567,1.6386730197088022,1,0.6656536262440776,True,True,False
03,204,409,72,0.09250573068857193,8.620689655172413,3.3439550731077823,0.07239029798078567,1.708172685544284,1,0.6656536262440776,True,True,False
03,205,409,72,0.08936797082424164,8.620689655172413,3.210689894222409,0.07239029798078567,1.6415400961015973,1,0.6656536262440776,True,True,False
03,206,409,72,0.08841357380151749,8.620689655172413,3.170155278617544,0.07239029798078567,1.6212727882991649,1,0.6656536262440776,True,True,False
03,207,409,72,0.0893331915140152,8.620689655172413,3.2092127668451598,0.07239029798078567,1.6408015324129728,1,0.6656536262440776,True,True,False
03,208,409,72,0.08987811952829361,8.620689655172413,3.232356644146925,0.07239029798078567,1.6523734710638553,1,0.6656536262440776,True,True,False
03,209,409,72,0.09084998071193695,8.620689655172413,3.2736329878092603,0.07239029798078567,1.673011642895023,1,0.6656536262440776,True,True,False
03,210,409,72,0.08720109611749649,8.620689655172413,3.1186596057674905,0.07239029798078567,1.5955249518741381,1,0.6656536262440776,True,True,False
03,211,409,72,0.08881160616874695,8.620689655172413,3.1870602863028035,0.07239029798078567,1.6297252921417946,1,0.6656536262440776,True,True,False
03,212,409,72,0.08978433907032013,8.620689655172413,3.2283736530806357,0.07239029798078567,1.6503819755307108,1,0.6656536262440776,True,True,False
03,213,409,72,0.08788278698921204,8.620689655172413,3.147611998522724,0.07239029798078567,1.6100011482517549,1,0.6656536262440776,True,True,False
03,214,409,72,0.08809110522270203,8.620689655172413,3.1564595738157597,0.07239029798078567,1.6144249358982727,1,0.6656536262440776,True,True,False
03,215,409,72,0.08810361474752426,8.620689655172413,3.1569908713449806,0.07239029798078567,1.6146905846628832,1,0.6656536262440776,True,True,False
03,216,409,72,0.08999837934970856,8.620689655172413,3.237464251901034,0.07239029798078567,1.6549272749409099,1,0.6656536262440776,True,True,False
03,217,409,72,0.09103140234947205,8.620689655172413,3.2813382259489394,0.07239029798078567,1.6768642619648626,1,0.6656536262440776,True,True,False
03,218,409,72,0.08689012378454208,8.620689655172413,3.105452163078623,0.07239029798078567,1.5889212305297045,1,0.6656536262440776,True,True,False
03,219,409,72,0.087886743247509,8.620689655172413,3.147780026508439,0.07239029798078567,1.6100851622446124,1,0.6656536262440776,True,True,False
03,220,409,72,0.08992929011583328,8.620689655172413,3.2345299326702643,0.07239029798078567,1.653460115325525,1,0.6656536262440776,True,True,False
03,221,409,72,0.0879308432340622,8.620689655172413,3.149653016428306,0.07239029798078567,1.611021657204546,1,0.6656536262440776,True,True,False
03,222,409,72,0.0898735523223877,8.620689655172413,3.2321626683366733,0.07239029798078567,1.6522764831587295,1,0.6656536262440776,True,True,False
03,223,409,72,0.09015000611543655,8.620689655172413,3.243904058939252,0.07239029798078567,1.6581471784600188,1,0.6656536262440776,True,True,False
03,224,409,72,0.08935759961605072,8.620689655172413,3.2102494140790645,0.07239029798078567,1.6413198560299251,1,0.6656536262440776,True,True,False
03,225,409,72,0.09047114104032516,8.620689655172413,3.257543121538695,0.07239029798078567,1.6649667097597405,1,0.6656536262440776,True,True,False
03,226,409,72,0.08912455290555954,8.620689655172413,3.2003515847660866,0.07239029798078567,1.6363709413734362,1,0.6656536262440776,True,True,False
03,227,409,72,0.09011819958686829,8.620689655172413,3.2425531898789526,0.07239029798078567,1.6574717439298692,1,0.6656536262440776,True,True,False
03,228,409,72,0.08870963007211685,8.620689655172413,3.1827292146634694,0.07239029798078567,1.6275597563221276,1,0.6656536262440776,True,True,False
03,229,409,72,0.08870487660169601,8.620689655172413,3.1825273279311035,0.07239029798078567,1.6274588129559446,1,0.6656536262440776,True,True,False
03,230,409,72,0.08831162005662918,8.620689655172413,3.1658251562888635,0.07239029798078567,1.6191077271348246,1,0.6656536262440776,True,True,False
03,231,409,72,0.08947441726922989,8.620689655172413,3.215210827992495,0.07239029798078567,1.6438005629866403,1,0.6656536262440776,True,True,False
03,232,409,72,0.08875466883182526,8.620689655172413,3.1846420756307943,0.07239029798078567,1.62851618680579,1,0.6656536262440776,True,True,False
03,233,409,72,0.08922825008630753,8.620689655172413,3.20475575332576,0.07239029798078567,1.638573025653273,1,0.6656536262440776,True,True,False
03,234,409,72,0.08999515324831009,8.620689655172413,3.237327234730008,0.07239029798078567,1.6548587663553969,1,0.6656536262440776,True,True,False
03,235,409,72,0.08760987222194672,8.620689655172413,3.136020915440324,0.07239029798078567,1.6042056067105548,1,0.6656536262440776,True,True,False
03,236,409,72,0.08843114972114563,8.620689655172413,3.1709017532282835,0.07239029798078567,1.6216460256045346,1,0.6656536262440776,True,True,False
03,237,409,72,0.08812117576599121,8.620689655172413,3.1577367130819507,0.07239029798078567,1.6150635055313682,1,0.6656536262440776,True,True,False
03,238,409,72,0.09207397699356079,8.620689655172413,3.3256178720828844,0.07239029798078567,1.699004085031835,1,0.6656536262440776,True,True,False
03,239,409,72,0.09003924578428268,8.620689655172413,3.2391999082129903,0.07239029798078567,1.655795103096888,1,0.6656536262440776,True,True,False
03,240,409,72,0.09037281572818756,8.620689655172413,3.2533671039728085,0.07239029798078567,1.6628787009767971,1,0.6656536262440776,True,True,False
03,241,409,72,0.08996596187353134,8.620689655172413,3.2360874350161986,0.07239029798078567,1.6542388664984922,1,0.6656536262440776,True,True,False
03,242,409,72,0.08845866471529007,8.620689655172413,3.172070354643061,0.07239029798078567,1.6222303263119233,1,0.6656536262440776,True,True,False
03,243,409,72,0.0882294625043869,8.620689655172413,3.1623358067625293,0.07239029798078567,1.6173630523716576,1,0.6656536262440776,True,True,False
03,244,409,72,0.08940083533525467,8.620689655172413,3.21208569732032,0.07239029798078567,1.6422379976505528,1,0.6656536262440776,True,True,False
03,245,409,72,0.08989354968070984,8.620689655172413,3.2330119849349033,0.07239029798078567,1.6527011414578445,1,0.6656536262440776,True,True,False
03,246,409,72,0.08777561038732529,8.620689655172413,3.1430600539379485,0.07239029798078567,1.6077251759593671,1,0.6656536262440776,True,True,False
03,247,409,72,0.09110438078641891,8.620689655172413,3.284437725233463,0.07239029798078567,1.6784140116071244,1,0.6656536262440776,True,True,False
03,248,409,72,0.08871062099933624,8.620689655172413,3.1827713007691196,0.07239029798078567,1.6275807993749527,1,0.6656536262440776,True,True,False
03,249,409,72,0.08652801811695099,8.620689655172413,3.090073014050839,0.07239029798078567,1.5812316560158124,1,0.6656536262440776,True,True,False
03,250,409,72,0.08835792541503906,8.620689655172413,3.167791811526568,0.07239029798078567,1.6200910547536769,1,0.6656536262440776,True,True,False
03,251,409,72,0.0875566378235817,8.620689655172413,3.133759973899954,0.07239029798078567,1.6030751359403699,1,0.6656536262440776,True,True,False
03,252,409,72,0.08731191605329514,8.620689655172413,3.1233662879888286,0.07239029798078567,1.5978782929848072,1,0.6656536262440776,True,True,False
03,253,409,72,0.08718761801719666,8.620689655172413,3.118087171443274,0.07239029798078567,1.5952387347120298,1,0.6656536262440776,True,True,False
03,254,409,72,0.08731645345687866,8.620689655172413,3.123558998051542,0.07239029798078567,1.5979746480161638,1,0.6656536262440776,True,True,False
03,255,409,72,0.08735388517379761,8.620689655172413,3.125148776959704,0.07239029798078567,1.5987695374702449,1,0.6656536262440776,True,True,False
03,256,409,72,0.09075868874788284,8.620689655172413,3.269755686662423,0.07239029798078567,1.6710729923216043,1,0.6656536262440776,True,True,False
03,257,409,72,0.08909007161855698,8.620689655172413,3.1988871148642204,0.07239029798078567,1.635638706422503,1,0.6656536262440776,True,True,False
03,258,409,72,0.08863915503025055,8.620689655172413,3.179736038172167,0.07239029798078567,1.6260631680764763,1,0.6656536262440776,True,True,False
03,259,409,72,0.0861126184463501,8.620689655172413,3.072430391987609,0.07239029798078567,1.5724103449841973,1,0.6656536262440776,True,True,False
03,260,409,100,0.08762391656637192,18.04597701149425,3.0494260572796223,0.2505528565420603,1.6499894569108413,0,0.6656536262440776,True,True,False
03,261,409,100,0.09097547084093094,16.794745484400657,3.1867706615171283,0.22578109761467197,1.7062758795659,0,0.6656536262440776,True,True,False
03,262,409,100,0.08987998962402344,15.625615763546799,3.1418785243591887,0.20263478218645609,1.6722566532728225,0,0.6656536262440776,True,True,False
03,263,409,100,0.08999118953943253,14.53858784893268,3.1464354275515487,0.18111391025741272,1.6637746689044808,0,0.6656536262440776,True,True,False
03,264,409,133,0.08872095495462418,44.141215106732346,2.7183039639845705,0.5596595525975949,1.6389817582910826,0,0.6656536262440776,True,True,False
03,265,409,133,0.08922729641199112,41.318555008210176,2.736445718584402,0.5152613208682613,1.6258535197263315,0,0.6656536262440776,True,True,False
03,266,409,137,0.08836153149604797,42.141215106732346,2.7054261478625796,0.5282011196445243,1.616813633753552,0,0.6656536262440776,True,True,False
03,267,409,133,0.08801360428333282,36.11001642036125,2.6929602317898467,0.4333350898935981,1.5631476608417223,0,0.6656536262440776,True,True,False
03,268,409,133,0.0852421298623085,33.533661740558294,2.593660820109446,0.3928110494146427,1.4932359347620443,0,0.6656536262440776,True,True,False
03,269,409,133,0.08926066011190414,31.03940886699507,2.7376411096541204,0.3535784060191465,1.5456097578366335,0,0.6656536262440776,True,True,False
03,270,409,133,0.08854600042104721,28.627257799671593,2.7120355019258118,0.31563715970710987,1.5138363308164609,0,0.6656536262440776,True,True,False
03,271,409,133,0.08799851685762405,26.297208538587853,2.6924196630278594,0.2789873104785327,1.485703486753196,0,0.6656536262440776,True,True,False
03,272,409,133,0.08733116090297699,24.049261083743843,2.6685089052105915,0.24362885833341472,1.456068881772003,0,0.6656536262440776,True,True,False
03,273,409,133,0.08569839596748352,21.883415435139575,2.6100084203145535,0.20956180327175622,1.4097851117931548,0,0.6656536262440776,True,True,False
03,274,409,133,0.08699104189872742,19.799671592775045,2.6563227501564075,0.1767861452935571,1.4165544477249823,0,0.6656536262440776,True,True,False
03,275,409,133,0.08580439537763596,17.79802955665025,2.6138062829203776,0.14530188439881733,1.3795540836595974,0,0.6656536262440776,True,True,False
03,276,409,133,0.08780419081449509,15.878489326765187,2.6854571373734624,0.1151090205875369,1.4002830789804996,0,0.6656536262440776,True,True,False
03,277,409,133,0.08721978962421417,14.041050903119867,2.664518573430746,0.08620755385971592,1.375363063645231,0,0.6656536262440776,True,True,False
03,278,409,133,0.08598119020462036,12.285714285714286,2.6201406810207217,0.05859748421535434,1.339369082618038,0,0.6656536262440776,True,True,False
03,279,409,133,0.08558215945959091,10.612479474548438,2.605843771793188,0.03227881165445208,1.31906129172382,0,0.6656536262440776,True,True,False
03,280,409,133,0.087006576359272,9.02134646962233,2.656879335770602,0.0072515361770092365,1.3320654359738056,0,0.6656536262440776,True,True,False
03,281,409,133,0.08904064446687698,8.845648604269293,2.7297581488928926,0.004487946418406172,1.3671230476556493,0,0.6656536262440776,True,True,False
03,282,409,133,0.09001820534467697,8.752052545155992,2.764783267404157,0.0030157537432624728,1.3838995105737097,0,0.6656536262440776,True,True,False
03,283,409,133,0.09011515974998474,8.74055829228243,2.7682570557003254,0.0028349581515781644,1.3855460069259518,0,0.6656536262440776,True,True,False
03,284,409,133,0.08884208649396896,8.811165845648603,2.7226439970376024,0.00394555964335322,1.3632947783404779,0,0.6656536262440776,True,True,False
03,285,409,133,0.09009092301130295,8.811165845648603,2.7673886753631676,0.00394555964335322,1.3856671175032604,0,0.6656536262440776,True,True,False
03,286,409,133,0.08998049050569534,8.811165845648603,2.763431978972957,0.00394555964335322,1.3836887693081552,0,0.6656536262440776,True,True,False
03,287,409,133,0.08911951631307602,8.620689655172413,2.732584055517287,0.0009495184097274626,1.3667667869635072,0,0.6656536262440776,True,True,False
03,288,409,140,0.08888692408800125,4.331691297208538,2.7988352191777413,0.0,1.3994176095888706,0,0.6656536262440776,True,True,False
03,289,409,140,0.08682452887296677,4.080459770114941,2.723012643618822,0.0,1.361506321809411,0,0.6656536262440776,True,True,False
03,290,409,140,0.08838366717100143,3.911330049261082,2.7803333164693753,0.0,1.3901666582346877,0,0.6656536262440776,True,True,False
03,291,409,140,0.08661486953496933,3.8243021346469597,2.715304658805311,0.0,1.3576523294026555,0,0.6656536262440776,True,True,False
03,292,409,137,0.08949459344148636,6.144499178981938,2.74602272841406,0.0,1.37301136420703,0,0.6656536262440776,True,True,False
03,293,409,140,0.08984600752592087,3.9573070607553342,2.834095277923442,0.0,1.417047638961721,0,0.6656536262440776,True,True,False
03,294,409,140,0.08895861357450485,4.034482758620689,2.8014708350226454,0.0,1.4007354175113227,0,0.6656536262440776,True,True,False
03,295,409,140,0.08762621134519577,4.19376026272578,2.752485961526917,0.0,1.3762429807634584,0,0.6656536262440776,True,True,False
03,296,409,133,0.08997025340795517,11.144499178981937,2.763065193057416,0.04064706475526889,1.4018561289063425,0,0.6656536262440776,True,True,False
03,297,409,133,0.08970323950052261,11.144499178981937,2.7534983272341558,0.04064706475526889,1.3970726959947124,0,0.6656536262440776,True,True,False
03,298,409,133,0.08666876703500748,11.144499178981937,2.6447759344528214,0.04064706475526889,1.3427114996040452,0,0.6656536262440776,True,True,False
03,299,409,133,0.08675378561019897,11.144499178981937,2.647822072795062,0.04064706475526889,1.3442345687751656,0,0.6656536262440776,True,True,False
03,300,409,133,0.08837631344795227,11.144499178981937,2.705955771775559,0.04064706475526889,1.373301418265414,0,0.6656536262440776,True,True,False
03,301,409,133,0.08688054233789444,11.144499178981937,2.652363651238366,0.04064706475526889,1.3465053579968176,0,0.6656536262440776,True,True,False
03,302,409,133,0.08751966804265976,11.144499178981937,2.67526294483876,0.04064706475526889,1.3579550047970146,0,0.6656536262440776,True,True,False
03,303,409,133,0.08729037642478943,11.144499178981937,2.6670476343942364,0.04064706475526889,1.3538473495747527,0,0.6656536262440776,True,True,False
03,304,409,133,0.08698298037052155,11.144499178981937,2.6560339129216075,0.04064706475526889,1.3483404888384383,0,0.6656536262440776,True,True,False
03,305,409,133,0.08816862851381302,11.144499178981937,2.6985146091877086,0.04064706475526889,1.3695808369714888,0,0.6656536262440776,True,True,False
03,306,409,133,0.08706839382648468,11.144499178981937,2.659094199483298,0.04064706475526889,1.3498706321192835,0,0.6656536262440776,True,True,False
03,307,409,133,0.08858215808868408,11.144499178981937,2.713330998321824,0.04064706475526889,1.3769890315385465,0,0.6656536262440776,True,True,False
03,308,409,133,0.08683580160140991,11.144499178981937,2.650760631279979,0.04064706475526889,1.345703848017624,0,0.6656536262440776,True,True,False
03,309,409,133,0.09015164524316788,10.811165845648603,2.769564297787956,0.03540399259642379,1.40248414519219,0,0.6656536262440776,True,True,False
03,310,409,133,0.08869074285030365,10.47783251231527,2.7172214917229116,0.03016092043757871,1.373691206080245,0,0.6656536262440776,True,True,False
03,311,409,133,0.0885261595249176,10.144499178981937,2.7113246206353563,0.024917848278733605,1.368121234457045,0,0.6656536262440776,True,True,False
03,312,409,133,0.08907537162303925,9.811165845648603,2.731002391361842,0.019674776119888503,1.3753385837408654,0,0.6656536262440776,True,True,False
03,313,409,137,0.0881345123052597,6.513957307060759,2.6972922564167754,0.0,1.3486461282083877,0,0.6656536262440776,True,True,False
03,314,409,137,0.08959323167800903,6.072249589490972,2.749556846853542,0.0,1.374778423426771,0,0.6656536262440776,True,True,False
03,315,409,137,0.08886406570672989,5.712643678160922,2.723431492271115,0.0,1.3617157461355576,0,0.6656536262440776,True,True,False
03,316,409,137,0.08709101378917694,5.435139573070609,2.6599046522049736,0.0,1.3299523261024868,0,0.6656536262440776,True,True,False
03,317,409,137,0.08750919252634048,5.573070607553366,2.674887616602042,0.0,1.337443808301021,0,0.6656536262440776,True,True,False
03,318,409,137,0.08973757177591324,5.763546798029557,2.754728421483656,0.0,1.377364210741828,0,0.6656536262440776,True,True,False
03,319,409,137,0.09056839346885681,5.954022988505748,2.7844960082579617,0.0,1.3922480041289809,0,0.6656536262440776,True,True,False
03,320,409,137,0.08964917808771133,6.144499178981938,2.751561355907252,0.0,1.375780677953626,0,0.6656536262440776,True,True,False
03,321,409,137,0.08878142386674881,6.334975369458128,2.7204705101931084,0.0,1.3602352550965542,0,0.6656536262440776,True,True,False
03,322,409,137,0.08674958348274231,6.525451559934319,2.647671514384316,0.0,1.323835757192158,0,0.6656536262440776,True,True,False
03,323,409,137,0.08934676647186279,6.7159277504105095,2.7407262223367317,0.0,1.3703631111683658,0,0.6656536262440776,True,True,False
03,324,409,137,0.09106605499982834,6.9064039408867,2.8023267689774403,0.0,1.4011633844887201,0,0.6656536262440776,True,True,False
03,325,409,137,0.0915909856557846,7.09688013136289,2.821134557681548,0.0,1.410567278840774,0,0.6656536262440776,True,True,False
03,326,409,137,0.09142201393842697,7.287356321839081,2.8150804544948267,0.0,1.4075402272474133,0,0.6656536262440776,True,True,False
03,327,409,137,0.0912294015288353,7.477832512315271,2.80817932677389,0.0,1.404089663386945,0,0.6656536262440776,True,True,False
03,328,409,137,0.09416626393795013,7.668308702791462,2.9134044398758188,0.0,1.4567022199379094,0,0.6656536262440776,True,True,False
03,329,409,137,0.09578816592693329,7.858784893267652,2.971515715263226,0.0,1.485757857631613,0,0.6656536262440776,True,True,False
03,330,409,137,0.09500151872634888,8.049261083743843,2.9433308604345116,0.0,1.4716654302172558,0,0.6656536262440776,True,True,False
03,331,409,137,0.09782377630472183,8.239737274220033,3.044449786525631,0.0,1.5222248932628155,0,0.6656536262440776,True,True,False
03,332,409,137,0.09436861425638199,8.430213464696223,2.9206544680273323,0.0,1.4603272340136662,0,0.6656536262440776,True,True,False
03,333,409,133,0.09398078173398972,12.430213464696223,2.9067587809475843,0.06087034308224284,1.4838145620149137,0,0.6656536262440776,True,True,False
03,334,409,133,0.0953044667840004,12.239737274220033,2.9541852142276803,0.05787430184861708,1.5060297580381488,0,0.6656536262440776,True,True,False
03,335,409,140,0.09507139027118683,6.509031198686372,3.02620296666271,0.0,1.513101483331355,0,0.6656536262440776,True,True,False
03,336,409,140,0.09495299309492111,6.448275862068966,3.021850173959387,0.0,1.5109250869796935,0,0.6656536262440776,True,True,False
03,337,409,140,0.09352972358465195,6.426929392446635,2.9695246258799495,0.0,1.4847623129399747,0,0.6656536262440776,True,True,False
03,338,409,140,0.09491334855556488,6.405582922824302,3.020392669084025,0.0,1.5101963345420124,0,0.6656536262440776,True,True,False
03,339,409,140,0.09604480862617493,6.384236453201969,3.061990039011154,0.0,1.530995019505577,0,0.6656536262440776,True,True,False
03,340,409,140,0.09740782529115677,6.362889983579637,3.112100431682388,0.0,1.556050215841194,0,0.6656536262440776,True,True,False
03,341,409,140,0.09644684195518494,6.341543513957305,3.076770524460232,0.0,1.538385262230116,0,0.6656536262440776,True,True,False
03,342,409,140,0.09773971140384674,6.392446633825944,3.1243020018145073,0.0,1.5621510009072537,0,0.6656536262440776,True,True,False
03,343,409,145,0.09487086534500122,3.6387520525451578,3.018830802367371,0.0,1.5094154011836856,0,0.6656536262440776,True,True,False
03,344,409,145,0.09391278773546219,3.4614121510673255,2.9836077222268527,0.0,1.4918038611134263,0,0.6656536262440776,True,True,False
03,345,409,43,0.093937948346138,90.71921182266009,3.4641217252656586,1.2256609660728142,2.3448913456692364,0,0.6656536262440776,True,True,False
03,346,409,43,0.09634068608283997,85.84236453201972,3.567062390213375,1.1560008327588573,2.3615316114861162,0,0.6656536262440776,True,True,False
03,347,409,145,0.09412659704685211,12.761904761904763,2.991468278026189,0.0848669868792074,1.5381676324526983,0,0.6656536262440776,True,True,False
03,348,409,145,0.09312395751476288,12.945812807881772,2.954606908718307,0.08770544213136748,1.5211561754248373,0,0.6656536262440776,True,True,False
03,349,409,151,0.0940127819776535,11.293924466338256,3.054704423082656,0.13254686043886552,1.5936256417607608,0,0.6656536262440776,True,True,False
03,350,409,151,0.0929114818572998,10.998357963875204,3.0134094144950234,0.12596034610228354,1.5696848802986534,0,0.6656536262440776,True,True,False
03,351,409,151,0.09094815701246262,10.866995073891628,2.9397914108015106,0.12303300639713607,1.5314122085993234,0,0.6656536262440776,True,True,False
03,352,409,151,0.0931684598326683,10.896551724137932,3.0230452144949966,0.12369165783079425,1.5733684361628955,0,0.6656536262440776,True,True,False
03,353,409,151,0.09235574305057526,11.008210180623973,2.9925710995143615,0.12617989658016962,1.5593754980472656,0,0.6656536262440776,True,True,False
03,354,409,151,0.09309999644756317,11.405582922824303,3.020478070422637,0.13503509918824103,1.577756584805439,0,0.6656536262440776,True,True,False
03,355,409,151,0.09113616496324539,11.990147783251231,2.9468410694718687,0.14806176087614764,1.5474514151740082,0,0.6656536262440776,True,True,False
03,356,409,151,0.09311866015195847,12.37274220032841,3.0211778958553563,0.15658763776739,1.5888827668113732,0,0.6656536262440776,True,True,False
03,357,409,151,0.09321358799934387,12.73234811165846,3.0247373672478837,0.16460123021023146,1.5946692987290576,0,0.6656536262440776,True,True,False
03,358,409,151,0.09246727079153061,13.09195402298851,2.9967530104534355,0.1726148226530729,1.5846839165532542,0,0.6656536262440776,True,True,False
03,359,409,151,0.09020275622606277,13.45155993431856,2.9118414166929805,0.18062841509591437,1.5462349158944475,0,0.6656536262440776,True,True,False
03,360,409,166,0.0898779034614563,16.665024630541872,2.897575989720546,0.27454060913266803,1.586058299426607,0,0.6656536262440776,True,True,False
03,361,409,166,0.08844657242298126,15.673234811165846,2.844124343122405,0.25026278073886343,1.5471935619306343,0,0.6656536262440776,True,True,False
03,362,409,166,0.08982140570878983,14.763546798029557,2.8954661368437895,0.2279947063511685,1.561730421597479,0,0.6656536262440776,True,True,False
03,363,409,166,0.09262143075466156,13.935960591133007,3.0000303118632434,0.20773638596958324,1.6038833489164133,0,0.6656536262440776,True,True,False
03,364,409,166,0.09171973168849945,13.428571428571429,2.966357249149728,0.19531610621182555,1.5808366776807767,0,0.6656536262440776,True,True,False
03,365,409,175,0.09114104509353638,18.628899835796386,2.9687020287112316,0.19633710469350524,1.5825195667023684,0,0.6656536262440776,True,True,False
03,366,409,175,0.09426586329936981,13.91297208538588,3.087123965379041,0.11347533496393251,1.6002996501714868,0,0.6656536262440776,True,True,False
03,367,409,166,0.09418721497058868,4.441707717569787,3.0585029798268004,0.0,1.5292514899134002,0,0.6656536262440776,True,True,False
03,368,409,166,0.09354075789451599,4.229885057471265,3.034361677610704,0.0,1.517180838805352,0,0.6656536262440776,True,True,False
03,369,409,175,0.09238642454147339,7.525451559934316,3.0158984530778303,0.0012426454625264435,1.5085705492701784,0,0.6656536262440776,True,True,False
03,370,409,175,0.09431187063455582,6.628899835796387,3.088867515683338,0.0,1.544433757841669,0,0.6656536262440776,True,True,False
03,371,409,175,0.09230328351259232,5.860426929392448,3.012747638851815,0.0,1.5063738194259075,0,0.6656536262440776,True,True,False
03,372,409,175,0.09271431714296341,5.256157635467979,3.0283246725663777,0.0,1.5141623362831889,0,0.6656536262440776,True,True,False
03,373,409,175,0.09316132217645645,4.816091954022984,3.045264922616024,0.0,1.522632461308012,0,0.6656536262440776,True,True,False
03,374,409,175,0.08998946845531464,4.5402298850574665,2.925060470471125,0.0,1.4625302352355625,0,0.6656536262440776,True,True,False
03,375,409,175,0.09339482337236404,4.428571428571426,3.0541139698284363,0.0,1.5270569849142182,0,0.6656536262440776,True,True,False
03,376,409,175,0.09253871440887451,4.4351395730706065,3.021669816352295,0.0,1.5108349081761474,0,0.6656536262440776,True,True,False
03,377,409,175,0.09011620283126831,4.523809523809524,2.929863351552272,0.0,1.464931675776136,0,0.6656536262440776,True,True,False
03,378,409,175,0.08954186737537384,4.740558292282431,2.908097631915512,0.0,1.454048815957756,0,0.6656536262440776,True,True,False
03,379,409,186,0.0898609384894371,6.119868637110014,2.762822655618086,0.0,1.381411327809043,0,0.6656536262440776,True,True,False
03,380,409,186,0.09067555516958237,4.6995073891625605,2.792051872214253,0.0,1.3960259361071266,0,0.6656536262440776,True,True,False
03,381,409,186,0.09054463356733322,4.075533661740559,2.7873542813564582,0.0,1.3936771406782291,0,0.6656536262440776,True,True,False
03,382,409,186,0.09066224098205566,3.553366174055828,2.7915741465789883,0.0,1.3957870732894941,0,0.6656536262440776,True,True,False
03,383,409,186,0.088521309196949,3.1954022988505706,2.7147554901609254,0.0,1.3573777450804627,0,0.6656536262440776,True,True,False
03,384,409,186,0.0877993106842041,3.0016420361247924,2.688849500969336,0.0,1.344424750484668,0,0.6656536262440776,True,True,False
03,385,409,186,0.0886867418885231,2.9720853858784886,2.7206913715293797,0.0,1.3603456857646898,0,0.6656536262440776,True,True,False
03,386,409,186,0.08884740620851517,2.8587848932676523,2.726456159217604,0.0,1.363228079608802,0,0.6656536262440776,True,True,False
03,387,409,186,0.08730091154575348,2.827586206896553,2.6709664687111228,0.0,1.3354832343555614,0,0.6656536262440776,True,True,False
03,388,409,186,0.08937058597803116,3.126436781609197,2.7452283439452594,0.0,1.3726141719726297,0,0.6656536262440776,True,True,False
03,389,409,186,0.0890096127986908,3.5894909688013152,2.7322762850180284,0.0,1.3661381425090142,0,0.6656536262440776,True,True,False
03,390,409,187,0.08937415480613708,3.200328407224961,2.7453563968715557,0.0,1.3726781984357779,0,0.6656536262440776,True,True,False
03,391,409,188,0.09075161069631577,2.878489326765191,2.79478081641391,0.0,1.397390408206955,0,0.6656536262440776,True,True,False
03,392,409,187,0.08994632214307785,4.144499178981938,2.765886301829691,0.0,1.3829431509148455,0,0.6656536262440776,True,True,False
03,393,409,187,0.09042590111494064,4.7159277504105095,2.7830940487187497,0.0,1.3915470243593748,0,0.6656536262440776,True,True,False
03,394,409,187,0.0895204097032547,5.287356321839081,2.750604160844838,0.0,1.375302080422419,0,0.6656536262440776,True,True,False
03,395,409,187,0.09158511459827423,5.858784893267652,2.8246877243841104,0.0,1.4123438621920552,0,0.6656536262440776,True,True,False
03,396,409,187,0.09437167644500732,6.430213464696224,2.924672197771341,0.0,1.4623360988856704,0,0.6656536262440776,True,True,False
03,397,409,187,0.09278053045272827,7.001642036124795,2.8675803753498372,0.0,1.4337901876749186,0,0.6656536262440776,True,True,False
03,398,409,187,0.09574376046657562,7.573070607553366,2.9739038695895617,0.0022219769068841607,1.488062923248223,0,0.6656536262440776,True,True,False
03,399,409,188,0.09209376573562622,7.205254515599344,2.842938608054817,0.0,1.4214693040274085,0,0.6656536262440776,True,True,False
03,400,409,188,0.09206214547157288,7.287356321839081,2.8418040430877967,0.0,1.4209020215438983,0,0.6656536262440776,True,True,False
03,401,409,188,0.09159345179796219,7.3825944170771765,2.8249868709906365,0.0,1.4124934354953183,0,0.6656536262440776,True,True,False
03,402,409,188,0.09341681003570557,7.477832512315271,2.89041068830543,0.0005503281032224181,1.4454805082043263,0,0.6656536262440776,True,True,False
03,403,409,188,0.09377358108758926,7.573070607553366,2.903211970926959,0.0022219769068841607,1.4527169739169217,0,0.6656536262440776,True,True,False
03,404,409,188,0.09575150907039642,7.668308702791462,2.974181896819934,0.003893625710545919,1.48903776126524,0,0.6656536262440776,True,True,False
03,405,409,188,0.09419289976358414,7.763546798029557,2.9182575214321202,0.005565274514207661,1.461911397973164,0,0.6656536262440776,True,True,False
03,406,409,188,0.09438709914684296,7.858784893267652,2.925225578893332,0.007236923317869404,1.4662312511056008,0,0.6656536262440776,True,True,False
03,407,409,188,0.09437936544418335,7.954022988505748,2.9249480863307107,0.008908572121531162,1.4669283292261208,0,0.6656536262440776,True,True,False
03,408,409,188,0.09451891481876373,8.049261083743843,2.92995524981617,0.01058022092519292,1.4702677353706815,0,0.6656536262440776,True,True,False
04,35,191,25,0.09318678826093674,3.8193760262725767,2.8528567919747543,0.0,1.4264283959873771,0,0.6656536262440776,True,False,False
04,36,191,30,0.08948709070682526,2.9113300492610845,3.2126138739505996,0.0,1.6063069369752998,0,0.6656536262440776,True,False,False
04,37,191,30,0.0896606296300888,2.438423645320197,3.2199170298856727,0.0,1.6099585149428364,0,0.6656536262440776,True,True,True
04,38,191,30,0.0884762778878212,2.1297208538587853,3.1700751541087895,0.0,1.5850375770543947,0,0.6656536262440776,True,True,False
04,39,191,30,0.08960885554552078,1.9852216748768474,3.217738186051188,0.0,1.608869093025594,0,0.6656536262440776,True,True,False
04,40,191,30,0.08981002122163773,2.004926108374385,3.2262039773205924,0.0,1.6131019886602962,0,0.6656536262440776,True,True,False
04,41,191,30,0.08878174424171448,2.188834154351396,3.182930301377468,0.0,1.591465150688734,0,0.6656536262440776,True,True,False
04,42,191,34,0.08993262052536011,1.8637110016420355,3.2313634067775574,0.0,1.6156817033887787,0,0.6656536262440776,True,True,False
04,43,191,34,0.09268375486135483,1.505747126436781,3.347141254630112,0.0,1.673570627315056,0,0.6656536262440776,True,True,False
04,44,191,34,0.09245136380195618,1.3940886699507384,3.3373613844270005,0.0,1.6686806922135002,0,0.6656536262440776,True,True,False
04,45,191,34,0.09169306606054306,1.5287356321839072,3.305449427463067,0.0,1.6527247137315335,0,0.6656536262440776,True,True,False
04,46,191,34,0.09377702325582504,1.909688013136288,3.3931500082489032,0.0,1.6965750041244516,0,0.6656536262440776,True,True,False
04,47,191,34,0.09124057739973068,2.4614121510673224,3.286407040967753,0.0,1.6432035204838764,0,0.6656536262440776,True,True,False
04,48,191,34,0.08943522721529007,3.0952380952380945,3.210431267542217,0.0,1.6052156337711085,0,0.6656536262440776,True,True,False
04,49,191,34,0.0922955870628357,3.811165845648604,3.330805726506233,0.0,1.6654028632531166,0,0.6656536262440776,True,True,False
04,50,191,42,0.0896959975361824,3.0525451559934322,3.2823835228883524,0.0,1.6411917614441762,0,0.6656536262440776,True,True,False
04,51,191,42,0.09100224077701569,2.103448275862069,3.338346995614014,0.0,1.669173497807007,0,0.6656536262440776,True,True,False
04,52,191,42,0.09189796447753906,1.6880131362889972,3.37672255027104,0.0,1.68836127513552,0,0.6656536262440776,True,True,False
04,53,191,42,0.09245212376117706,1.5188834154351378,3.400464436151164,0.0,1.700232218075582,0,0.6656536262440776,True,True,False
04,54,191,42,0.08998201787471771,1.5960591133004907,3.2946375127382015,0.0,1.6473187563691007,1,0.6656536262440776,True,True,False
04,55,191,42,0.09064707905054092,1.9195402298850561,3.3231307763284774,0.0,1.6615653881642387,1,0.6656536262440776,True,True,False
04,56,191,42,0.09006737172603607,2.459770114942527,3.298294333903636,0.0,1.649147166951818,1,0.6656536262440776,True,True,False
04,57,191,42,0.09061576426029205,2.8440065681444984,3.3217891545269476,0.0,1.6608945772634738,1,0.6656536262440776,True,True,False
04,58,191,42,0.0886378139257431,3.3103448275862064,3.2370476866747353,0.0,1.6185238433373677,1,0.6656536262440776,True,True,False
04,59,191,42,0.09186388552188873,3.8587848932676514,3.3752625031332344,0.0,1.6876312515666172,1,0.6656536262440776,True,True,False
04,60,191,48,0.09469757974147797,1.9967159277504132,3.4966666675442077,0.0,1.7483333337721039,1,0.6656536262440776,True,True,False
04,61,191,48,0.09507466852664948,1.7799671592775062,3.5128223093759976,0.0,1.7564111546879988,1,0.6656536262440776,True,True,False
04,62,191,48,0.0934918150305748,1.8095238095238102,3.445008003673038,0.0,1.722504001836519,1,0.6656536262440776,True,True,False
04,63,191,48,0.0923956111073494,1.8850574712643682,3.398043260475551,0.0,1.6990216302377754,1,0.6656536262440776,True,True,False
04,64,191,48,0.09153631329536438,2.1247947454844014,3.3612283027701495,0.0,1.6806141513850748,1,0.6656536262440776,True,True,False
04,65,191,57,0.09206021577119827,6.141215106732348,3.2791501551121383,0.018918169642682846,1.6490341623774105,1,0.6656536262440776,True,True,False
04,66,191,57,0.09564775973558426,5.12807881773399,3.428198959563123,0.004463048070502903,1.716331003816813,1,0.6656536262440776,True,True,False
04,67,191,57,0.09132149815559387,4.197044334975369,3.2484592483174777,0.0,1.6242296241587388,1,0.6656536262440776,True,True,False
04,68,191,62,0.09195015579462051,7.6174055829228235,3.1717698458083077,0.05596909032101029,1.613869468064659,1,0.6656536262440776,True,True,False
04,69,191,62,0.09160886704921722,6.366174055829229,3.157983407773052,0.029951828451869073,1.5939676181124605,1,0.6656536262440776,True,True,False
04,70,191,62,0.09324391931295395,5.197044334975369,3.2240317232303175,0.005641735996713446,1.6148367296135155,1,0.6656536262440776,True,True,False
04,71,191,62,0.09168040752410889,4.507389162561575,3.1608733018506934,0.0,1.5804366509253467,1,0.6656536262440776,True,True,False
04,72,191,62,0.0899587944149971,3.9819376026272573,3.091328340966013,0.0,1.5456641704830065,1,0.6656536262440776,True,True,False
04,73,191,62,0.09144391864538193,3.6206896551724137,3.1513202787390067,0.0,1.5756601393695033,1,0.6656536262440776,True,True,False
04,74,191,62,0.08876786381006241,3.407224958949097,3.043220422933673,0.0,1.5216102114668364,1,0.6656536262440776,True,True,False
04,75,191,62,0.09102793037891388,3.275862068965517,3.134516336223181,0.0,1.5672581681115905,1,0.6656536262440776,True,True,False
04,76,191,62,0.09368697553873062,3.2266009852216744,3.2419290822410476,0.0,1.6209645411205238,1,0.6656536262440776,True,True,False
04,77,191,62,0.0933396965265274,3.3218390804597697,3.2279006659889182,0.0,1.6139503329944591,1,0.6656536262440776,True,True,False
04,78,191,72,0.0909891203045845,6.8555008210180635,3.2795424466289114,0.029289996615705017,1.6544162216223082,1,0.6656536262440776,True,True,False
04,79,191,72,0.09298153966665268,5.509031198686371,3.364163365431239,0.0,1.6820816827156195,1,0.6656536262440776,True,True,False
04,80,191,100,0.09153910726308823,30.665024630541872,3.209868130629492,0.500383522364868,1.85512582649718,1,0.6656536262440776,True,True,False
04,81,191,100,0.09136518836021423,28.270935960591128,3.202741042440597,0.45298558992899896,1.827863316184798,1,0.6656536262440776,True,True,False
04,82,191,100,0.09141925722360611,25.958949096880133,3.2049567507465904,0.4072131009923024,1.8060849258694465,1,0.6656536262440776,True,True,False
04,83,191,100,0.0930996984243393,23.729064039408872,3.273820183277298,0.3630660555547784,1.8184431194160382,1,0.6656536262440776,True,True,False
04,84,191,100,0.09270031005144119,21.58128078817734,3.257453496803164,0.3205444536164267,1.7889989752097952,1,0.6656536262440776,True,True,False
04,85,191,100,0.09159853309392929,19.51559934318555,3.2123033641211007,0.27964829517724743,1.745975829649174,1,0.6656536262440776,True,True,False
04,86,191,103,0.08907993882894516,19.467980295566502,3.109092941665802,0.2787055379477274,1.6938992398067647,1,0.6656536262440776,True,True,False
04,87,191,103,0.08892035484313965,17.64860426929392,3.102553289439527,0.24268571000606548,1.672619499722796,1,0.6656536262440776,True,True,False
04,88,191,103,0.09036204218864441,15.99343185550082,3.161632737863087,0.2099167690627487,1.685774753462918,1,0.6656536262440776,True,True,False
04,89,191,103,0.09237721562385559,14.740558292282431,3.2442132886332016,0.18511250126537693,1.7146628949492893,1,0.6656536262440776,True,True,False
04,90,191,103,0.09238643199205399,13.609195402298848,3.2445909696549067,0.1627138898467803,1.7036524297508435,1,0.6656536262440776,True,True,False
04,91,191,103,0.09289291501045227,12.559934318555005,3.2653463279204633,0.1419407219273562,1.7036435249239097,1,0.6656536262440776,True,True,False
04,92,191,103,0.08737316727638245,11.592775041050901,3.0391505077359793,0.1227929975071046,1.5809717526215419,1,0.6656536262440776,True,True,False
04,93,191,103,0.08635347336530685,10.707717569786535,2.997364087112223,0.10527071658602548,1.5513174018491243,1,0.6656536262440776,True,True,False
04,94,191,103,0.08913819491863251,9.904761904761903,3.111480239894349,0.08937387916411875,1.6004270595292338,1,0.6656536262440776,True,True,False
04,95,191,103,0.0885603278875351,9.183908045977011,3.087799609301422,0.07510248524138455,1.5814510472714034,1,0.6656536262440776,True,True,False
04,96,191,109,0.08917995542287827,6.821018062397371,3.1131915593176775,0.028322221335201004,1.5707568903264393,1,0.6656536262440776,True,True,False
04,97,191,109,0.08874978870153427,5.489326765188833,3.0955635953167335,0.00195752777862365,1.5487605615476785,1,0.6656536262440776,True,True,False
04,98,191,109,0.08872740715742111,4.321839080459769,3.0946464135954703,0.0,1.5473232067977352,1,0.6656536262440776,True,True,False
04,99,191,133,0.08669278025627136,21.426929392446635,2.6456363063638757,0.20238163548772203,1.4240089709257988,1,0.6656536262440776,True,True,False
04,100,191,133,0.08663894236087799,18.604269293924467,2.6437073434630753,0.15798340375838846,1.4008453736107318,1,0.6656536262440776,True,True,False
04,101,191,133,0.0883360356092453,17.19704433497537,2.7045126533917054,0.13584885774789462,1.4201807555698,1,0.6656536262440776,True,True,False
04,102,191,137,0.08964350819587708,19.188834154351394,2.7513582088317596,0.1671781509926192,1.4592681799121894,1,0.6656536262440776,True,True,False
04,103,191,133,0.09080728143453598,14.81937602627258,2.7930551471298632,0.09844999821091092,1.445752572670387,1,0.6656536262440776,True,True,False
04,104,191,137,0.09007775038480759,16.049261083743843,2.766916712118134,0.11779512652113246,1.4423559193196331,1,0.6656536262440776,True,True,False
04,105,191,137,0.08806870877742767,14.563218390804602,2.6949345757719003,0.09442083931051767,1.394677707541209,1,0.6656536262440776,True,True,False
04,106,191,137,0.08815537393093109,13.24137931034483,2.69803970951977,0.07362934626682156,1.3858345278932958,1,0.6656536262440776,True,True,False
04,107,191,137,0.08961167931556702,12.19704433497537,2.750217808954619,0.05720277536521821,1.4037102921599185,1,0.6656536262440776,True,True,False
04,108,191,137,0.08974852412939072,11.264367816091955,2.755120834362728,0.04253250449711962,1.3988266694299238,1,0.6656536262440776,True,True,False
04,109,191,137,0.087733693420887,10.466338259441708,2.6829312797804135,0.029980124845894403,1.3564557023131538,1,0.6656536262440776,True,True,False
04,110,191,137,0.08740118891000748,9.750410509031198,2.6710179451088227,0.018719142278128577,1.3448685436934757,1,0.6656536262440776,True,True,False
04,111,191,137,0.08491425216197968,9.116584564860426,2.581913259858198,0.008749556793822142,1.2953314083260101,1,0.6656536262440776,True,True,False
04,112,191,137,0.08646831661462784,8.564860426929393,2.637593977923188,7.136839297510077e-05,1.3188326731580815,1,0.6656536262440776,True,True,False
04,113,191,137,0.08841122686862946,8.095238095238095,2.707206687932928,0.0,1.353603343966464,1,0.6656536262440776,True,True,False
04,114,191,137,0.08862385898828506,7.707717569786535,2.714825103685203,0.0,1.3574125518426015,1,0.6656536262440776,True,True,False
04,115,191,137,0.09014543145895004,7.402298850574712,2.7693416635422783,0.0,1.3846708317711391,1,0.6656536262440776,True,True,False
04,116,191,137,0.08765760809183121,7.178981937602627,2.6802052115347763,0.0,1.3401026057673882,1,0.6656536262440776,True,True,False
04,117,191,151,0.08841442316770554,8.141215106732348,2.844785009781219,0.06229070751532415,1.4535378586482715,1,0.6656536262440776,True,True,False
04,118,191,151,0.08658869564533234,6.223316912972085,2.776326437661146,0.019551547820169768,1.397938992740658,1,0.6656536262440776,True,True,False
04,119,191,151,0.08803361654281616,4.4499178981937595,2.8305060566108664,0.0,1.4152530283054332,1,0.6656536262440776,True,True,False
04,120,191,151,0.08737349510192871,3.9211822660098505,2.8057537478927186,0.0,1.4028768739463593,1,0.6656536262440776,True,True,False
04,121,191,151,0.08859232813119888,3.5369458128078795,2.851455840792189,0.0,1.4257279203960944,1,0.6656536262440776,True,True,False
04,122,191,151,0.08692111819982529,3.316912972085385,2.7887911527636016,0.0,1.3943955763818008,1,0.6656536262440776,True,True,False
04,123,191,151,0.0860578864812851,3.060755336617406,2.756422899486025,0.0,1.3782114497430125,1,0.6656536262440776,True,True,False
04,124,191,151,0.08767519146203995,3.087027914614122,2.817066335216917,0.0,1.4085331676084585,1,0.6656536262440776,True,True,False
04,125,191,151,0.08994006365537643,3.0771756978653544,2.901991338806023,0.0,1.4509956694030115,1,0.6656536262440776,True,True,False
04,126,191,151,0.09052464365959167,3.1494252873563235,2.9239111005930947,0.0,1.4619555502965473,1,0.6656536262440776,True,True,False
04,127,191,151,0.08728993684053421,3.303776683087029,2.8026205973027185,0.0,1.4013102986513593,1,0.6656536262440776,True,True,False
04,128,191,151,0.08769915252923965,3.5402298850574723,2.817964793736528,0.0,1.408982396868264,1,0.6656536262440776,True,True,False
04,129,191,151,0.08685881644487381,3.8587848932676523,2.78645504886404,0.0,1.39322752443202,1,0.6656536262440776,True,True,False
04,130,191,151,0.0860731452703476,4.259441707717569,2.7569950521751307,0.0,1.3784975260875654,1,0.6656536262440776,True,True,False
04,131,191,151,0.0860103890299797,4.742200328407224,2.7546419066183256,0.0,1.3773209533091628,1,0.6656536262440776,True,True,False
04,132,191,151,0.08728908002376556,5.307060755336617,2.802588469588242,0.0,1.401294234794121,1,0.6656536262440776,True,True,False
04,133,191,151,0.08492863178253174,5.954022988505748,2.7140796892921792,0.013550501424617287,1.3638150953583983,1,0.6656536262440776,True,True,False
04,134,191,151,0.08460134267807007,6.620689655172415,2.70180746110515,0.02840675042824116,1.3651071057666957,1,0.6656536262440776,True,True,False
04,135,191,151,0.08668430149555206,7.287356321839081,2.7799113318538238,0.04326299943186501,1.4115871656428445,1,0.6656536262440776,True,True,False
04,136,191,151,0.08550185710191727,7.954022988505748,2.7355736890195845,0.058119248435488886,1.3968464687275368,1,0.6656536262440776,True,True,False
04,137,191,151,0.08828627318143845,8.620689655172415,2.8399798211813074,0.07297549743911276,1.45647765931021,1,0.6656536262440776,True,True,False
04,138,191,151,0.08617518097162247,8.620689655172415,2.7608210439120953,0.07297549743911276,1.416898270675604,1,0.6656536262440776,True,True,False
04,139,191,151,0.08750621974468231,8.620689655172415,2.8107304705507894,0.07297549743911276,1.441852983994951,1,0.6656536262440776,True,True,False
04,140,191,151,0.08539865911006927,8.620689655172415,2.7317041153395047,0.07297549743911276,1.4023398063893087,1,0.6656536262440776,True,True,False
04,141,191,151,0.08299636095762253,8.620689655172415,2.6416261057198547,0.07297549743911276,1.3573008015794836,1,0.6656536262440776,True,True,False
04,142,191,151,0.08365854620933533,8.620689655172415,2.666455800324175,0.07297549743911276,1.3697156488816438,1,0.6656536262440776,True,True,False
04,143,191,151,0.0840132012963295,8.620689655172415,2.6797541597744297,0.07297549743911276,1.3763648286067711,1,0.6656536262440776,True,True,False
04,144,191,168,0.08419787138700485,7.592775041050903,2.6854607913851885,0.05246279145755143,1.3689617914213699,0,0.6656536262440776,True,True,False
04,145,191,168,0.08636266738176346,6.86535303776683,2.766302963711857,0.034656370963419905,1.4004796673376385,0,0.6656536262440776,True,True,False
04,146,191,168,0.08674227446317673,6.220032840722494,2.7804790159432624,0.018859704475398007,1.3996693602093302,0,0.6656536262440776,True,True,False
04,147,191,168,0.08579530566930771,5.656814449917896,2.745115399876302,0.005072791993485774,1.3750940959348938,0,0.6656536262440776,True,True,False
04,148,191,168,0.08682969957590103,5.175697865353034,2.7837438205925915,0.0,1.3918719102962958,0,0.6656536262440776,True,True,False
04,149,191,175,0.0865548700094223,10.188834154351396,2.7948987225398274,0.048039926277765696,1.4214693244087966,0,0.6656536262440776,True,True,False
04,150,191,175,0.08936525136232376,9.12807881773399,2.9014043752412864,0.029401798406838108,1.4654030868240622,0,0.6656536262440776,True,True,False
04,151,191,175,0.08724833279848099,8.14942528735632,2.821179037450335,0.012206250092483868,1.4166926437714096,0,0.6656536262440776,True,True,False
04,152,191,175,0.08683823049068451,7.2528735632183885,2.805637298276346,0.0,1.402818649138173,0,0.6656536262440776,True,True,False
04,153,191,175,0.08854183554649353,6.510673234811163,2.870199201317412,0.0,1.435099600658706,0,0.6656536262440776,True,True,False
04,154,191,175,0.08441546559333801,5.932676518883413,2.713821233361287,0.0,1.3569106166806435,0,0.6656536262440776,True,True,False
04,155,191,175,0.08517710119485855,5.5188834154351385,2.742685108641724,0.0,1.371342554320862,0,0.6656536262440776,True,True,False
04,156,191,175,0.08374828845262527,5.2692939244663375,2.688537071563906,0.0,1.344268535781953,0,0.6656536262440776,True,True,False
04,157,191,175,0.08255546540021896,5.18390804597701,2.6433323887109115,0.0,1.3216661943554557,0,0.6656536262440776,True,True,False
04,158,191,181,0.08398908376693726,5.873563218390806,2.552134957111137,0.0,1.2760674785555686,0,0.6656536262440776,True,True,False
04,159,191,181,0.08433794975280762,4.776683087027915,2.564652598490911,0.0,1.2823262992454556,0,0.6656536262440776,True,True,False
04,160,191,175,0.08372140675783157,6.0213464696223316,2.6875183299448127,0.0,1.3437591649724063,0,0.6656536262440776,True,True,False
04,161,191,175,0.08386608213186264,6.274220032840723,2.6930011250555537,0.0,1.3465005625277768,0,0.6656536262440776,True,True,False
04,162,191,175,0.08728662133216858,6.609195402298851,2.8226300666023643,0.0,1.4113150333011821,0,0.6656536262440776,True,True,False
04,163,191,175,0.086620032787323,7.026272577996717,2.7973682109546254,0.0,1.3986841054773127,0,0.6656536262440776,True,True,False
04,164,191,181,0.08503977209329605,3.2758620689655205,2.58983464754803,0.0,1.294917323774015,0,0.6656536262440776,True,True,False
04,165,191,181,0.0840778723359108,3.5665024630541886,2.555320774903781,0.0,1.2776603874518906,0,0.6656536262440776,True,True,False
04,166,191,181,0.08690360933542252,3.857142857142857,2.6567108898076452,0.0,1.3283554449038226,0,0.6656536262440776,True,True,False
04,167,191,181,0.08802511543035507,4.151067323481116,2.696951588729818,0.0,1.348475794364909,0,0.6656536262440776,True,True,False
04,168,191,181,0.08774963766336441,4.527093596059111,2.6870671860223228,0.0,1.3435335930111614,0,0.6656536262440776,True,True,False
04,169,191,181,0.08790762722492218,4.985221674876847,2.692736000849294,0.0,1.346368000424647,0,0.6656536262440776,True,True,False
04,170,191,187,0.08744603395462036,3.0377668308702797,2.6761735979353505,0.0,1.3380867989676752,0,0.6656536262440776,True,True,False
04,171,191,187,0.0858507975935936,2.7159277504105095,2.618935009216275,0.0,1.3094675046081374,0,0.6656536262440776,True,True,False
04,172,191,187,0.08612452447414398,2.5517241379310356,2.628756588463061,0.0,1.3143782942315305,0,0.6656536262440776,True,True,False
04,173,191,187,0.08633201569318771,2.4696223316912986,2.636201569557912,0.0,1.318100784778956,0,0.6656536262440776,True,True,False
04,174,191,187,0.08621673285961151,2.4761904761904763,2.6320651125044945,0.0,1.3160325562522472,0,0.6656536262440776,True,True,False
04,175,191,187,0.08694398403167725,2.6469622331691305,2.6581595720782114,0.0,1.3290797860391057,0,0.6656536262440776,True,True,False
04,176,191,187,0.08843928575515747,2.981937602627259,2.7118124115271067,0.0,1.3559062057635534,0,0.6656536262440776,True,True,False
04,177,191,187,0.0879882276058197,3.4778325123152714,2.6956280187129193,0.0,1.3478140093564597,0,0.6656536262440776,True,True,False
04,178,191,187,0.08762877434492111,4.0492610837438425,2.6827304958962617,0.0,1.3413652479481308,0,0.6656536262440776,True,True,False
04,179,191,187,0.08801484853029251,4.334975369458128,2.6965832026495744,0.0,1.3482916013247872,0,0.6656536262440776,True,True,False
04,180,191,187,0.08674290776252747,4.620689655172415,2.6509447654500433,0.0,1.3254723827250217,0,0.6656536262440776,True,True,False
04,181,191,187,0.08733335882425308,5.192118226600986,2.6721307077383076,0.0,1.3360653538691538,0,0.6656536262440776,True,True,False
04,182,191,187,0.08831687271595001,5.763546798029557,2.707420115954971,0.0,1.3537100579774854,0,0.6656536262440776,True,True,False
04,183,191,187,0.08986259996891022,6.334975369458128,2.7628822710722907,0.0,1.3814411355361453,0,0.6656536262440776,True,True,False
04,184,191,187,0.08863706141710281,6.9064039408867,2.718908789248491,0.0,1.3594543946242454,0,0.6656536262440776,True,True,False
04,185,191,187,0.0907442569732666,7.192118226600986,2.7945169578789315,0.0,1.3972584789394658,0,0.6656536262440776,True,True,False
04,186,191,187,0.09111111611127853,7.477832512315271,2.8076802105676952,0.0005503281032224181,1.4041152693354588,0,0.6656536262440776,True,True,False
04,187,191,187,0.08992361277341843,7.763546798029557,2.765071468177599,0.005565274514207661,1.3853183713459034,0,0.6656536262440776,True,True,False
04,188,191,187,0.09131325036287308,8.049261083743843,2.8149329786061643,0.01058022092519292,1.4127565997656786,0,0.6656536262440776,True,True,False
04,189,191,187,0.09445413947105408,8.334975369458128,2.927631049103806,0.015595167336178148,1.471613108219992,0,0.6656536262440776,True,True,False
04,190,191,187,0.09288943558931351,8.620689655172415,2.8714879946059484,0.020610113747163407,1.4460490541765558,0,0.6656536262440776,True,True,False
05,35,290,30,0.08622276782989502,2.2068965517241397,3.0752391654741444,0.0,1.5376195827370722,0,0.6656536262440776,True,False,False
05,36,290,30,0.0851147472858429,1.9802955665024646,3.028609587162263,0.0,1.5143047935811316,0,0.6656536262440776,True,False,False
05,37,290,33,0.08524615317583084,2.3087027914614127,3.034139630148133,0.0,1.5170698150740665,0,0.6656536262440776,True,True,True
05,38,290,34,0.08617899566888809,2.293924466338259,3.0733970720034867,0.0,1.5366985360017433,0,0.6656536262440776,True,True,False
05,39,290,34,0.08894030749797821,1.8111658456486026,3.189603226184708,0.0,1.594801613092354,0,0.6656536262440776,True,True,False
05,40,290,34,0.0853630006313324,1.5353037766830848,3.039057000684358,0.0,1.519528500342179,0,0.6656536262440776,True,True,False
05,41,290,34,0.08792298287153244,1.5057471264367794,3.146790465544029,0.0,1.5733952327720144,0,0.6656536262440776,True,True,False
05,42,290,34,0.0872398093342781,1.692939244663381,3.118040011297481,0.0,1.5590200056487404,0,0.6656536262440776,True,True,False
05,43,290,34,0.0850924625992775,2.044334975369457,3.0276717656183076,0.0,1.5138358828091538,0,0.6656536262440776,True,True,False
05,44,290,34,0.0843437984585762,2.5599343185550074,2.9961652259918314,0.0,1.4980826129959157,0,0.6656536262440776,True,True,False
05,45,290,38,0.085832878947258,1.617405582922826,3.0588312078027386,0.0,1.5294156039013693,0,0.6656536262440776,True,True,False
05,46,290,38,0.08803436160087585,1.5681444991789832,3.151477691976856,0.0,1.575738845988428,0,0.6656536262440776,True,True,False
05,47,290,38,0.08517450094223022,1.7881773399014778,3.031124240717101,0.0,1.5155621203585505,0,0.6656536262440776,True,True,False
05,48,290,42,0.0858946293592453,1.9835796387520521,3.119521233813841,0.0,1.5597606169069205,0,0.6656536262440776,True,True,False
05,49,290,42,0.08756723254919052,1.4860426929392436,3.191180692079547,0.0,1.5955903460397736,0,0.6656536262440776,True,True,False
05,50,290,42,0.08882766216993332,1.2643678160919525,3.2451813685983075,0.0,1.6225906842991538,0,0.6656536262440776,True,True,False
05,51,290,42,0.08593585342168808,1.3645320197044304,3.121287399273718,0.0,1.560643699636859,0,0.6656536262440776,True,True,False
05,52,290,42,0.08421821147203445,1.7110016420361234,3.0476983421999586,0.0,1.5238491710999793,0,0.6656536262440776,True,True,False
05,53,290,42,0.08207011967897415,2.274220032840722,2.9556674916544967,0.0,1.4778337458272484,0,0.6656536262440776,True,True,False
05,54,290,42,0.08322773873806,3.0016420361247946,3.0052634479164633,0.0,1.5026317239582316,0,0.6656536262440776,True,True,False
05,55,290,42,0.0827397033572197,3.811165845648604,2.984354513139973,0.0,1.4921772565699865,0,0.6656536262440776,True,True,False
05,56,290,42,0.08454377949237823,4.382594417077176,3.0616466762140995,0.0,1.5308233381070497,0,0.6656536262440776,True,True,False
05,57,290,42,0.0842352956533432,4.954022988505747,3.04843028100341,0.0006042579511665823,1.5245172694772884,0,0.6656536262440776,True,True,False
05,58,290,48,0.08419081568717957,1.7274220032840746,3.046524622627219,0.0,1.5232623113136095,0,0.6656536262440776,True,True,False
05,59,290,48,0.08524732291698456,1.6715927750410526,3.0917886375452506,0.0,1.5458943187726253,0,0.6656536262440776,True,True,False
05,60,290,48,0.08367270976305008,1.8292282430213476,3.0243273734108116,0.0,1.5121636867054058,0,0.6656536262440776,True,True,False
05,61,290,48,0.0823480486869812,2.1510673234811164,2.9675748240509887,0.0,1.4837874120254944,0,0.6656536262440776,True,True,False
05,62,290,48,0.08283758908510208,2.574712643678161,2.988548238390626,0.0,1.494274119195313,0,0.6656536262440776,True,True,False
05,63,290,54,0.08864359557628632,2.807881773399015,3.1372025830767734,0.0,1.5686012915383867,0,0.6656536262440776,True,True,False
05,64,290,54,0.08664477616548538,2.1444991789819374,3.0541592402074436,0.0,1.5270796201037218,0,0.6656536262440776,True,True,False
05,65,290,54,0.0864618793129921,1.730706075533662,3.0465605717388224,0.0,1.5232802858694112,0,0.6656536262440776,True,True,False
05,66,290,57,0.09068409353494644,2.952380952380953,3.221977511061529,0.0,1.6109887555307645,0,0.6656536262440776,True,True,False
05,67,290,57,0.08593656867742538,2.3037766830870288,3.024735913149584,0.0,1.512367956574792,0,0.6656536262440776,True,True,False
05,68,290,62,0.0835878774523735,5.855500821018063,2.8339736724750235,0.019333234696878338,1.426653453585951,0,0.6656536262440776,True,True,False
05,69,290,62,0.08393724262714386,4.985221674876847,2.848086359747955,0.0012372389086304774,1.4246617993282926,0,0.6656536262440776,True,True,False
05,70,290,62,0.0853530690073967,4.197044334975369,2.905278994790669,0.0,1.4526394973953345,0,0.6656536262440776,True,True,False
05,71,290,62,0.08512657135725021,3.4909688013136275,2.896129569675036,0.0,1.448064784837518,0,0.6656536262440776,True,True,False
05,72,290,62,0.08954611420631409,2.8834154351395718,3.0746580282117444,0.0,1.5373290141058722,0,0.6656536262440776,True,True,False
05,73,290,62,0.08575811237096786,2.4991789819376016,2.9216408154152163,0.0,1.4608204077076081,0,0.6656536262440776,True,True,False
05,74,290,62,0.08855560421943665,2.344827586206896,3.0346461475350135,0.0,1.5173230737675067,0,0.6656536262440776,True,True,False
05,75,290,66,0.08712264895439148,3.333333333333334,2.9767615872179296,0.0,1.4883807936089648,0,0.6656536262440776,True,True,False
05,76,290,66,0.08837541937828064,2.548440065681446,3.0273675390811827,0.0,1.5136837695405914,0,0.6656536262440776,True,True,False
05,77,290,66,0.08816543966531754,1.9802955665024633,3.018885359869542,0.0,1.509442679934771,0,0.6656536262440776,True,True,False
05,78,290,68,0.08661440014839172,2.036124794745486,2.956230758807141,0.0,1.4781153794035704,0,0.6656536262440776,True,True,False
05,79,290,68,0.0875692367553711,1.655172413793105,2.99480160502816,0.0,1.49740080251408,0,0.6656536262440776,True,True,False
05,80,290,68,0.0848865956068039,1.665024630541873,2.8864356935714377,0.0,1.4432178467857188,0,0.6656536262440776,True,True,False
05,81,290,68,0.08735787123441696,2.0098522167487696,2.986263445781273,0.0,1.4931317228906364,0,0.6656536262440776,True,True,False
05,82,290,72,0.08798404783010483,1.822660098522167,3.1519126922211376,0.0,1.5759563461105688,0,0.6656536262440776,True,True,False
05,83,290,72,0.09004446119070053,1.1559934318555005,3.239421414032201,0.0,1.6197107070161005,0,0.6656536262440776,True,True,False
05,84,290,72,0.08771029859781265,1.1527093596059101,3.140286168207664,0.0,1.570143084103832,0,0.6656536262440776,True,True,False
05,85,290,72,0.08733934164047241,1.5566502463054188,3.1245310921609915,0.0,1.5622655460804957,0,0.6656536262440776,True,True,False
05,86,290,72,0.08892927318811417,2.2397372742200323,3.1920577740210767,0.0,1.5960288870105384,0,0.6656536262440776,True,True,False
05,87,290,72,0.0867200717329979,2.9540229885057467,3.098229807624823,0.0,1.5491149038124115,0,0.6656536262440776,True,True,False
05,88,290,75,0.0875050351023674,1.3727422003284073,3.1315683320373084,0.0,1.5657841660186542,0,0.6656536262440776,True,True,False
05,89,290,75,0.08810648322105408,1.6075533661740553,3.157112699545546,0.0,1.578556349772773,0,0.6656536262440776,True,True,False
05,90,290,75,0.08634256571531296,2.0886699507389155,3.0821965835565988,0.0,1.5410982917782994,0,0.6656536262440776,True,True,False
05,91,290,72,0.08587616682052612,5.525451559934318,3.0623879510183745,0.0,1.5311939755091872,0,0.6656536262440776,True,True,False
05,92,290,80,0.08698366582393646,1.7454844006568155,4.57249972329764,0.0,2.28624986164882,0,0.6656536262440776,True,True,False
05,93,290,80,0.08697409182786942,1.3448275862068972,4.571907309310656,0.0,2.285953654655328,0,0.6656536262440776,True,True,False
05,94,290,80,0.08524852246046066,1.288998357963874,4.4651335628409345,0.0,2.2325667814204673,1,0.6656536262440776,True,True,False
05,95,290,80,0.08388524502515793,1.5812807881773387,4.380777499274801,0.0,2.1903887496374006,1,0.6656536262440776,True,True,False
05,96,290,80,0.08585140854120255,1.9950738916256152,4.502438586186315,0.0,2.2512192930931576,1,0.6656536262440776,True,True,False
05,97,290,80,0.08543265610933304,2.5566502463054186,4.476527274338472,0.0,2.238263637169236,1,0.6656536262440776,True,True,False
05,98,290,90,0.08642566949129105,6.569786535303778,4.421528813836159,0.0,2.2107644069180794,1,0.6656536262440776,True,True,False
05,99,290,85,0.085514597594738,1.6896551724137923,4.481597600430967,0.0,2.2407988002154835,1,0.6656536262440776,True,True,False
05,100,290,85,0.0893598198890686,1.4975369458128067,4.719529959528831,0.0,2.3597649797644156,1,0.6656536262440776,True,True,False
05,101,290,85,0.08845189958810806,1.6338259441707716,4.663350211637821,0.0,2.3316751058189107,1,0.6656536262440776,True,True,False
05,102,290,80,0.08608408272266388,6.430213464696222,4.516835859648992,0.0265505709590231,2.271693215304008,1,0.6656536262440776,True,True,False
05,103,290,80,0.08777172863483429,6.8111658456486035,4.621263001298673,0.03715256585387532,2.3292077835762743,1,0.6656536262440776,True,True,False
05,104,290,75,0.086541548371315,11.954022988505747,3.090647663433248,0.15377970427949622,1.622213683856372,1,0.6656536262440776,True,True,False
05,105,290,75,0.08752235770225525,12.096880131362889,3.132304047793972,0.15726782169229808,1.644785934743135,1,0.6656536262440776,True,True,False
05,106,290,75,0.08879576623439789,12.239737274220033,3.186387541486173,0.1607559391051,1.6735717402956365,1,0.6656536262440776,True,True,False
05,107,290,84,0.08904903382062912,5.942528735632184,4.700299325568453,0.012978189563458012,2.3566387575659555,1,0.6656536262440776,True,True,False
05,108,290,84,0.08897147327661514,6.215106732348111,4.695500080740041,0.020564099703740173,2.3580320902218905,1,0.6656536262440776,True,True,False
05,109,290,84,0.08945967257022858,6.397372742200328,4.725708583850673,0.02563660588188068,2.375672594866277,1,0.6656536262440776,True,True,False
05,110,290,84,0.08745834231376648,6.579638752052546,4.601871470465565,0.030709112060021214,2.3162902912627934,1,0.6656536262440776,True,True,False
05,111,290,84,0.08852867782115936,6.761904761904764,4.668101049097646,0.03578161823816175,2.351941333667904,1,0.6656536262440776,True,True,False
05,112,290,84,0.08614760637283325,7.087027914614121,4.520766537978199,0.04482987250187177,2.2827982052400353,1,0.6656536262440776,True,True,False
05,113,290,84,0.08669082075357437,7.0311986863711,4.55437923165684,0.043276131870729644,2.298827681763785,1,0.6656536262440776,True,True,False
05,114,290,84,0.0876103863120079,6.975369458128077,4.61127955780595,0.041722391239587465,2.3265009745227685,1,0.6656536262440776,True,True,False
05,115,290,84,0.08550942689180374,6.96551724137931,4.4812776507757395,0.041448201716444755,2.261362926246092,1,0.6656536262440776,True,True,False
05,116,290,85,0.08796888589859009,6.2430213464696225,4.633462580227533,0.021340970019311272,2.3274017751234224,1,0.6656536262440776,True,True,False
05,117,290,85,0.08533794432878494,6.336617405582922,4.470666755581626,0.023945770489167184,2.2473062630353966,1,0.6656536262440776,True,True,False
05,118,290,85,0.08560805767774582,6.525451559934318,4.487380667398075,0.02920106968273617,2.258290868540406,1,0.6656536262440776,True,True,False
05,119,290,85,0.0867941603064537,6.28735632183908,4.56077361453581,0.022574822873453533,2.2916742187046317,1,0.6656536262440776,True,True,False
05,120,290,85,0.08838844299316406,6.28735632183908,4.659423682511636,0.022574822873453533,2.3409992526925447,1,0.6656536262440776,True,True,False
05,121,290,85,0.08624434471130371,6.28735632183908,4.526752454870811,0.022574822873453533,2.2746636388721324,1,0.6656536262440776,True,True,False
05,122,290,85,0.08735363930463791,6.28735632183908,4.595392720458489,0.022574822873453533,2.308983771665971,1,0.6656536262440776,True,True,False
05,123,290,85,0.08446283638477325,6.525451559934318,4.416517351035892,0.02920106968273617,2.222859210359314,1,0.6656536262440776,True,True,False
05,124,290,85,0.08549591153860092,6.763546798029556,4.480441355855592,0.035827316492018806,2.2581343361738053,1,0.6656536262440776,True,True,False
05,125,290,96,0.0868619903922081,4.090311986863712,4.448038694760058,0.0,2.224019347380029,1,0.6656536262440776,True,True,False
05,126,290,96,0.08900528401136398,3.5894909688013144,4.578260415767133,0.0,2.2891302078835665,1,0.6656536262440776,True,True,False
05,127,290,96,0.08832307904958725,3.2528735632183907,4.536811169892403,0.0,2.2684055849462017,1,0.6656536262440776,True,True,False
05,128,290,100,0.08535086363554001,4.628899835796387,2.9562777655852894,0.0,1.4781388827926447,1,0.6656536262440776,True,True,False
05,129,290,100,0.0885557159781456,3.949096880131363,3.087610616130496,0.0,1.543805308065248,1,0.6656536262440776,True,True,False
05,130,290,100,0.08683401346206665,3.3809523809523805,3.017056320626302,0.0,1.508528160313151,1,0.6656536262440776,True,True,False
05,131,290,80,0.08895611763000488,16.858784893267654,4.694549913248077,0.31678018120560253,2.5056650472268394,1,0.6656536262440776,True,True,False
05,132,290,80,0.09009448438882828,16.66830870279146,4.7649890888569315,0.31147918375817635,2.538234136307554,1,0.6656536262440776,True,True,False
05,133,290,85,0.08976859599351883,12.422003284072249,4.7448239621715596,0.19330349928365986,2.4690637307276098,1,0.6656536262440776,True,True,False
05,134,290,85,0.08928245306015015,12.305418719211822,4.7147427012869265,0.19005892325980425,2.4524008122733654,1,0.6656536262440776,True,True,False
05,135,290,85,0.0876438096165657,12.188834154351394,4.613347705000979,0.18681434723594859,2.4000810261184635,1,0.6656536262440776,True,True,False
05,136,290,85,0.08876805007457733,12.072249589490971,4.682912781839933,0.18356977121209306,2.433241276526013,1,0.6656536262440776,True,True,False
05,137,290,85,0.08781559020280838,11.924466338259442,4.623977041097411,0.17945692836495208,2.4017169847311814,1,0.6656536262440776,True,True,False
05,138,290,90,0.0860600546002388,9.083743842364534,4.399314871745766,0.052442238533480116,2.225878555139623,1,0.6656536262440776,True,True,False
05,139,290,90,0.08728943765163422,8.763546798029555,4.47400943309695,0.04538446906737252,2.2596969510821614,1,0.6656536262440776,True,True,False
05,140,290,90,0.08613789826631546,8.525451559934318,4.4040444785879655,0.040136384079754124,2.22209043133386,1,0.6656536262440776,True,True,False
05,141,290,90,0.08605756610631943,8.369458128078819,4.399163676427495,0.03669798357062485,2.21793082999906,1,0.6656536262440776,True,True,False
05,142,290,96,0.08587749302387238,7.487684729064041,4.388222839160159,0.017261972271651837,2.2027424057159055,1,0.6656536262440776,True,True,False
05,143,290,100,0.08837015926837921,7.7881773399014795,3.080006617872156,0.04746994575545269,1.5637382818138044,1,0.6656536262440776,True,True,False
05,144,290,103,0.08677095174789429,8.364532019704434,3.01447209090301,0.05888055911964337,1.5366763250113267,1,0.6656536262440776,True,True,False
05,145,290,103,0.08608045428991318,8.082101806239738,2.9861759356495203,0.05328903348249009,1.5197324845660052,1,0.6656536262440776,True,True,False
05,146,290,103,0.08717182278633118,7.348111658456485,3.0308995360863755,0.038757568599888235,1.534828552343132,1,0.6656536262440776,True,True,False
05,147,290,103,0.08635372668504715,6.6568144499179,2.997374467997217,0.02507133433685614,1.5112229011670366,1,0.6656536262440776,True,True,False
05,148,290,103,0.08585948497056961,6.004926108374384,2.9771207507330035,0.012165312953426743,1.4946430318432151,1,0.6656536262440776,True,True,False
05,149,290,103,0.08723733574151993,5.16256157635468,3.033584216137995,0.0,1.5167921080689974,1,0.6656536262440776,True,True,False
05,150,290,114,0.08654003590345383,11.735632183908047,2.963647390373264,0.1173450562425546,1.5404962233079091,1,0.6656536262440776,True,True,False
05,151,290,133,0.08657392114400864,28.85550082101806,2.641377692309563,0.31922724359912696,1.4803024679543448,1,0.6656536262440776,True,True,False
05,152,290,133,0.087324358522892,26.413793103448274,2.668265182109508,0.2808210943370449,1.4745431382232763,1,0.6656536262440776,True,True,False
05,153,290,133,0.08715876936912537,24.054187192118228,2.6623322731044863,0.2437063421584223,1.4530193076314544,1,0.6656536262440776,True,True,False
05,154,290,133,0.08488854020833969,22.014778325123157,2.580992023908757,0.21162803860529125,1.396310031257024,1,0.6656536262440776,True,True,False
05,155,290,133,0.08656428754329681,20.05747126436782,2.641032529144501,0.18084113213561956,1.4109368306400603,1,0.6656536262440776,True,True,False
05,156,290,133,0.08545086532831192,18.18226600985222,2.601139622299983,0.15134562274940727,1.376242622524695,1,0.6656536262440776,True,True,False
05,157,290,133,0.08667033165693283,16.389162561576356,2.6448319934355458,0.1231415104466543,1.3839867519411,1,0.6656536262440776,True,True,False
05,158,290,133,0.08548422157764435,14.678160919540232,2.6023347464221644,0.09622879522736079,1.3492817708247626,1,0.6656536262440776,True,True,False
05,159,290,137,0.08830868452787399,14.752052545155996,2.7035326889841715,0.09739105260247423,1.400461870793323,1,0.6656536262440776,True,True,False
05,160,290,137,0.09076361358165741,12.954022988505752,2.7914905676167727,0.06910945647471378,1.4303000120457432,1,0.6656536262440776,True,True,False
05,161,290,133,0.0880538672208786,11.133004926108374,2.6944028162786267,0.04046626916358458,1.3674345427211057,1,0.6656536262440776,True,True,False
05,162,290,133,0.08979222178459167,9.988505747126435,2.7566864816659655,0.022464193820160773,1.389575337743063,1,0.6656536262440776,True,True,False
05,163,290,133,0.08678705245256424,9.21182266009852,2.6490139935468022,0.010247577410634994,1.3296307854787186,1,0.6656536262440776,True,True,False
05,164,290,133,0.08568499237298965,8.707717569786533,2.6095281816958793,0.002318399318194391,1.3059232905070368,1,0.6656536262440776,True,True,False
05,165,290,133,0.0844796746969223,8.428571428571427,2.566342743932669,0.0,1.2831713719663345,1,0.6656536262440776,True,True,False
05,166,290,133,0.0835535004734993,8.231527093596057,2.5331587625826026,0.0,1.2665793812913013,1,0.6656536262440776,True,True,False
05,167,290,137,0.08691607415676117,6.533661740558294,2.6536367240412884,0.0,1.3268183620206442,1,0.6656536262440776,True,True,False
05,168,290,133,0.0860363021492958,8.274220032840722,2.6221152919503123,0.0,1.3110576459751562,1,0.6656536262440776,True,True,False
05,169,290,131,0.08615369349718094,9.847290640394087,2.6263213173398787,0.020242990836610634,1.3232821540882447,1,0.6656536262440776,True,True,False
05,170,290,131,0.08583274483680725,10.096880131362887,2.6148220182978403,0.02416883797032714,1.3194954281340838,1,0.6656536262440776,True,True,False
05,171,290,131,0.08686933666467667,10.906403940886698,2.651962162143043,0.03690201321323666,1.34443208767814,1,0.6656536262440776,True,True,False
05,172,290,131,0.0849728062748909,10.811165845648603,2.584011200549783,0.03540399259642379,1.3097075965731033,1,0.6656536262440776,True,True,False
05,173,290,131,0.08430284261703491,10.715927750410506,2.5600070110946405,0.03390597197961088,1.2969564915371257,1,0.6656536262440776,True,True,False
05,174,290,131,0.08333715051412582,10.620689655172411,2.525407140009473,0.032407951362798,1.2789075456861354,1,0.6656536262440776,True,True,False
05,175,290,133,0.084815613925457,8.755336617405582,2.5783791414187167,0.003067409626600858,1.2907232755226588,1,0.6656536262440776,True,True,False
05,176,290,133,0.0871412456035614,8.646962233169129,2.6617044124979703,0.0013627654764344645,1.3315335889872024,1,0.6656536262440776,True,True,False
05,177,290,133,0.0855180025100708,8.620689655172413,2.6035450865539422,0.0009495184097274626,1.3022473024818348,1,0.6656536262440776,True,True,False
05,178,290,137,0.08624246716499329,5.94417077175698,2.629501997240659,0.0,1.3147509986203294,1,0.6656536262440776,True,True,False
05,179,290,137,0.08333796262741089,5.645320197044335,2.525436237290982,0.0,1.262718118645491,1,0.6656536262440776,True,True,False
05,180,290,137,0.08564607053995132,5.267651888341545,2.6081336477637205,0.0,1.3040668238818602,1,0.6656536262440776,True,True,False
05,181,290,137,0.08489787578582764,5.054187192118228,2.581326509172347,0.0,1.2906632545861736,1,0.6656536262440776,True,True,False
05,182,290,137,0.08469902724027634,5.192118226600986,2.5742019463631225,0.0,1.2871009731815612,1,0.6656536262440776,True,True,False
05,183,290,137,0.085248664021492,5.3825944170771765,2.5938949330992056,0.0,1.2969474665496028,1,0.6656536262440776,True,True,False
05,184,290,137,0.08462436497211456,5.573070607553366,2.5715268650970113,0.0,1.2857634325485057,1,0.6656536262440776,True,True,False
05,185,290,137,0.08263173699378967,5.763546798029557,2.5001328141743127,0.0,1.2500664070871563,1,0.6656536262440776,True,True,False
05,186,290,137,0.08570810407400131,5.954022988505748,2.6103562529549826,0.0,1.3051781264774913,0,0.6656536262440776,True,True,False
05,187,290,137,0.08502410352230072,6.144499178981938,2.5858491343405396,0.0,1.2929245671702698,0,0.6656536262440776,True,True,False
05,188,290,137,0.08583594858646393,6.144499178981938,2.6149368057386573,0.0,1.3074684028693286,0,0.6656536262440776,True,True,False
05,189,290,137,0.08496896922588348,6.334975369458128,2.583873722568339,0.0,1.2919368612841695,0,0.6656536262440776,True,True,False
05,190,290,137,0.08524101227521896,6.620689655172415,2.5936207779789284,0.0,1.2968103889894642,0,0.6656536262440776,True,True,False
05,191,290,137,0.08641504496335983,6.9064039408867,2.6356853030351837,0.0,1.3178426515175918,0,0.6656536262440776,True,True,False
05,192,290,137,0.08549823611974716,7.192118226600986,2.6028368747388546,0.0,1.3014184373694273,0,0.6656536262440776,True,True,False
05,193,290,137,0.08454632759094238,7.477832512315271,2.568730856596737,0.0,1.2843654282983685,0,0.6656536262440776,True,True,False
05,194,290,137,0.08177852630615234,7.763546798029557,2.469563050051971,0.0,1.2347815250259855,0,0.6656536262440776,True,True,False
05,195,290,137,0.08512211591005325,8.049261083743843,2.5893608291869312,0.0,1.2946804145934656,0,0.6656536262440776,True,True,False
05,196,290,137,0.08629985898733139,8.239737274220033,2.631558294116505,0.0,1.3157791470582525,0,0.6656536262440776,True,True,False
05,197,290,137,0.0860719308257103,8.430213464696223,2.623391835071213,0.0,1.3116959175356064,0,0.6656536262440776,True,True,False
05,198,290,137,0.08405841141939163,8.620689655172415,2.551249263255372,0.0009495184097274905,1.2760993908325498,0,0.6656536262440776,True,True,False
05,199,290,137,0.08620712906122208,8.620689655172415,2.628235865073693,0.0009495184097274905,1.3145926917417101,0,0.6656536262440776,True,True,False
05,200,290,137,0.08886115998029709,8.620689655172415,2.723327382731769,0.0009495184097274905,1.3621384505707483,0,0.6656536262440776,True,True,False
05,201,290,137,0.08945080637931824,8.620689655172415,2.7444538777403813,0.0009495184097274905,1.3727016980750544,0,0.6656536262440776,True,True,False
05,202,290,137,0.088249072432518,8.620689655172415,2.701396841742364,0.0009495184097274905,1.3511731800760458,0,0.6656536262440776,True,True,False
05,203,290,142,0.08701005578041077,5.008210180623975,2.7298334158235567,0.0,1.3649167079117783,0,0.6656536262440776,True,True,False
05,204,290,142,0.08659840375185013,4.852216748768474,2.7146993053427004,0.0,1.3573496526713502,0,0.6656536262440776,True,True,False
05,205,290,142,0.0867464542388916,4.77832512315271,2.72014228210991,0.0,1.360071141054955,0,0.6656536262440776,True,True,False
05,206,290,137,0.08683593571186066,9.334975369458128,2.650765436335641,0.01218467303582411,1.3314750546857326,0,0.6656536262440776,True,True,False
05,207,290,137,0.0865081325173378,9.334975369458128,2.6390205455597613,0.01218467303582411,1.3256026092977926,0,0.6656536262440776,True,True,False
05,208,290,137,0.08644375205039978,9.334975369458128,2.6367138518944118,0.01218467303582411,1.3244492624651178,0,0.6656536262440776,True,True,False
05,209,290,137,0.08484436571598053,9.334975369458128,2.5794092919631657,0.01218467303582411,1.2957969824994948,0,0.6656536262440776,True,True,False
05,210,290,137,0.08424443751573563,9.334975369458128,2.5579144093537916,0.01218467303582411,1.2850495411948077,0,0.6656536262440776,True,True,False
05,211,290,137,0.08637964725494385,9.334975369458128,2.6344170352879233,0.01218467303582411,1.3233008541618736,0,0.6656536262440776,True,True,False
05,212,290,137,0.08721815794706345,9.334975369458128,2.6644601119201905,0.01218467303582411,1.3383223924780072,0,0.6656536262440776,True,True,False
05,213,290,137,0.08707603812217712,9.334975369458128,2.659368087656038,0.01218467303582411,1.335776380345931,0,0.6656536262440776,True,True,False
05,214,290,137,0.08723574876785278,9.334975369458128,2.665090375054537,0.01218467303582411,1.3386375240451804,0,0.6656536262440776,True,True,False
05,215,290,137,0.08856862783432007,9.334975369458128,2.712846221595024,0.01218467303582411,1.362515447315424,0,0.6656536262440776,True,True,False
05,216,290,137,0.08693546801805496,9.334975369458128,2.6543315884795367,0.01218467303582411,1.3332581307576803,0,0.6656536262440776,True,True,False
05,217,290,137,0.08757530152797699,9.334975369458128,2.677256242095925,0.01218467303582411,1.3447204575658744,0,0.6656536262440776,True,True,False
05,218,290,137,0.08957374840974808,9.334975369458128,2.748858779044852,0.01218467303582411,1.380521726040338,0,0.6656536262440776,True,True,False
05,219,290,137,0.08993324637413025,9.334975369458128,2.7617392646422108,0.01218467303582411,1.3869619688390173,0,0.6656536262440776,True,True,False
05,220,290,137,0.08845700323581696,9.334975369458128,2.708846813598928,0.01218467303582411,1.360515743317376,0,0.6656536262440776,True,True,False
05,221,290,137,0.08985692262649536,9.334975369458128,2.7590046540753965,0.01218467303582411,1.3855946635556102,0,0.6656536262440776,True,True,False
05,222,290,137,0.08882536739110947,9.334975369458128,2.7220449667650595,0.01218467303582411,1.3671148199004417,0,0.6656536262440776,True,True,False
05,223,290,142,0.09032466262578964,5.72249589490969,2.8516927113406134,0.0,1.4258463556703067,0,0.6656536262440776,True,True,False
05,224,290,142,0.08857844769954681,5.3284072249589505,2.787494291841785,0.0,1.3937471459208925,0,0.6656536262440776,True,True,False
05,225,290,142,0.08898527920246124,5.016420361247948,2.8024511789333615,0.0,1.4012255894666807,0,0.6656536262440776,True,True,False
05,226,290,142,0.0899878516793251,4.786535303776684,2.8393100830008984,0.0,1.4196550415004492,0,0.6656536262440776,True,True,False
05,227,290,142,0.08753836899995804,4.876847290640393,2.749256496674348,0.0,1.374628248337174,0,0.6656536262440776,True,True,False
05,228,290,145,0.08685129880905151,3.1412151067323477,2.7239968223478535,0.0,1.3619984111739267,0,0.6656536262440776,True,True,False
05,229,290,145,0.08656191825866699,3.0492610837438425,2.7133579406791695,0.0,1.3566789703395847,0,0.6656536262440776,True,True,False
05,230,290,151,0.08672545105218887,3.5024630541871926,2.7814543002629697,0.0,1.3907271501314848,0,0.6656536262440776,True,True,False
05,231,290,151,0.08672821521759033,2.917898193760263,2.7815579470635843,0.0,1.3907789735317921,0,0.6656536262440776,True,True,False
05,232,290,151,0.08539027720689774,2.4154351395730704,2.731389822480499,0.0,1.3656949112402494,0,0.6656536262440776,True,True,False
05,233,290,151,0.08794165402650833,1.9950738916256145,2.8270577750475696,0.0,1.4135288875237848,0,0.6656536262440776,True,True,False
05,234,290,151,0.08489564806222916,1.7027914614121484,2.7128429119705624,0.0,1.3564214559852812,0,0.6656536262440776,True,True,False
05,235,290,151,0.0852385088801384,1.5779967159277493,2.725699026446767,0.0,1.3628495132233835,0,0.6656536262440776,True,True,False
05,236,290,151,0.08528663963079453,1.699507389162561,2.727503765886036,0.0,1.363751882943018,0,0.6656536262440776,True,True,False
05,237,290,151,0.08725690841674805,2.0640394088669933,2.8013821437525204,0.0,1.4006910718762602,0,0.6656536262440776,True,True,False
05,238,290,151,0.0848751813173294,2.5927750410509027,2.712075478651728,0.0,1.356037739325864,0,0.6656536262440776,True,True,False
05,239,290,151,0.08794315159320831,3.239737274220033,2.827113928705045,0.0,1.4135569643525225,0,0.6656536262440776,True,True,False
05,240,290,151,0.08754704147577286,3.9064039408866997,2.8122611466170055,0.0,1.4061305733085028,0,0.6656536262440776,True,True,False
05,241,290,151,0.08907704055309296,4.573070607553366,2.8696309079284927,0.0,1.4348154539642464,0,0.6656536262440776,True,True,False
05,242,290,151,0.08997202664613724,5.239737274220033,2.9031898422416984,0.0,1.4515949211208492,0,0.6656536262440776,True,True,False
05,243,290,151,0.08856939524412155,5.9064039408867,2.850595935529949,0.0124893407815013,1.431542638155725,0,0.6656536262440776,True,True,False
05,244,290,151,0.08601343631744385,6.334975369458128,2.7547561695332883,0.0220397865695452,1.3883979780514168,0,0.6656536262440776,True,True,False
05,245,290,151,0.08635520935058594,6.763546798029557,2.76757149578068,0.03159023235758912,1.3995808640691345,0,0.6656536262440776,True,True,False
05,246,290,168,0.08618345111608505,8.998357963875204,2.7596103089449437,0.08686978004214865,1.4232400444935462,0,0.6656536262440776,True,True,False
05,247,290,168,0.08805299550294876,7.842364532019704,2.8294266010395,0.058572443636124766,1.4439995223378124,0,0.6656536262440776,True,True,False
05,248,290,168,0.08513971418142319,6.7684729064039395,2.720632982055972,0.032284861236210494,1.3764589216460912,0,0.6656536262440776,True,True,False
05,249,290,168,0.08604798465967178,5.9195402298850555,2.7545514476756328,0.011504004813036674,1.3830277262443347,0,0.6656536262440776,True,True,False
05,250,290,168,0.08684729784727097,5.175697865353034,2.7844010106881867,0.0,1.3922005053440933,0,0.6656536262440776,True,True,False
05,251,290,168,0.08678921312093735,4.776683087027912,2.7822318938443,0.0,1.39111594692215,0,0.6656536262440776,True,True,False
05,252,290,168,0.08838905394077301,4.459770114942527,2.8419763721071654,0.0,1.4209881860535827,0,0.6656536262440776,True,True,False
05,253,290,168,0.08775275200605392,4.22495894909688,2.818214303633785,0.0,1.4091071518168925,0,0.6656536262440776,True,True,False
05,254,290,168,0.08563666045665741,4.072249589490969,2.739190950805383,0.0,1.3695954754026916,0,0.6656536262440776,True,True,False
05,255,290,171,0.08687112480401993,4.62889983579639,2.806883901449377,0.0,1.4034419507246885,0,0.6656536262440776,True,True,False
05,256,290,175,0.08636987209320068,6.22495894909688,2.7878878150004462,0.0,1.3939439075002231,0,0.6656536262440776,True,True,False
05,257,290,175,0.08577113598585129,5.400656814449917,2.7651973784006794,0.0,1.3825986892003397,0,0.6656536262440776,True,True,False
05,258,290,175,0.08497472107410431,4.740558292282428,2.735015463797092,0.0,1.367507731898546,0,0.6656536262440776,True,True,False
05,259,290,175,0.08826198428869247,4.244663382594413,2.8595936154097723,0.0,1.4297968077048862,0,0.6656536262440776,True,True,False
05,260,290,175,0.0850546807050705,3.942528735632179,2.7380457118725103,0.0,1.3690228559362552,0,0.6656536262440776,True,True,False
05,261,290,175,0.08711563795804977,3.8571428571428545,2.816150271309523,0.0,1.4080751356547614,0,0.6656536262440776,True,True,False
05,262,290,175,0.08540692925453186,3.935960591133004,2.7513949541861176,0.0,1.3756974770930588,0,0.6656536262440776,True,True,False
05,263,290,175,0.08499186486005783,4.178981937602627,2.735665165699956,0.0,1.367832582849978,0,0.6656536262440776,True,True,False
05,264,290,175,0.08645422756671906,4.513957307060756,2.7910846533073683,0.0,1.3955423266536842,0,0.6656536262440776,True,True,False
05,265,290,181,0.08786119520664215,2.477832512315274,2.6910699761380616,0.0,1.3455349880690308,0,0.6656536262440776,True,True,False
05,266,290,181,0.0849137008190155,1.784893267651891,2.585311091043094,0.0,1.292655545521547,0,0.6656536262440776,True,True,False
05,267,290,181,0.08536434918642044,1.6945812807881784,2.601480780494136,0.0,1.300740390247068,0,0.6656536262440776,True,True,False
05,268,290,181,0.0885830670595169,1.8177339901477825,2.7169714206537696,0.0,1.3584857103268848,0,0.6656536262440776,True,True,False
05,269,290,181,0.08432521671056747,2.1050903119868605,2.5641957248979237,0.0,1.2820978624489618,0,0.6656536262440776,True,True,False
05,270,290,181,0.08489532023668289,2.556650246305418,2.584651578372585,0.0,1.2923257891862925,0,0.6656536262440776,True,True,False
05,271,290,181,0.08394067734479904,3.0968801313628904,2.5503980889229347,0.0,1.2751990444614674,0,0.6656536262440776,True,True,False
05,272,290,181,0.08619622141122818,3.7159277504105095,2.631329142345633,0.0,1.3156645711728165,0,0.6656536262440776,True,True,False
05,273,290,181,0.08692456036806107,4.334975369458128,2.6574626326651525,0.0,1.3287313163325762,0,0.6656536262440776,True,True,False
05,274,290,181,0.08648409694433212,4.954022988505748,2.6416583886217246,0.0,1.3208291943108623,0,0.6656536262440776,True,True,False
05,275,290,181,0.0873781070113182,5.573070607553366,2.6737363149937092,0.0,1.3368681574968546,0,0.6656536262440776,True,True,False
05,276,290,181,0.08710022270679474,6.0492610837438425,2.6637655634444735,0.0,1.3318827817222367,0,0.6656536262440776,True,True,False
05,277,290,187,0.08919394761323929,2.4006568144499196,2.7388903924282664,0.0,1.3694451962141332,0,0.6656536262440776,True,True,False
05,278,290,187,0.08799459040164948,2.4072249589490973,2.6958563218424754,0.0,1.3479281609212377,0,0.6656536262440776,True,True,False
05,279,290,187,0.08694283664226532,2.5714285714285716,2.658118402661406,0.0,1.329059201330703,0,0.6656536262440776,True,True,False
05,280,290,187,0.08942112326622009,2.8177339901477825,2.7470416696218143,0.0,1.3735208348109071,0,0.6656536262440776,True,True,False
05,281,290,187,0.08709961920976639,3.1461412151067303,2.6637439094005693,0.0,1.3318719547002846,0,0.6656536262440776,True,True,False
05,282,290,187,0.08959599584341049,3.556650246305418,2.753316263010347,0.0,1.3766581315051736,0,0.6656536262440776,True,True,False
05,283,290,187,0.08848456293344498,4.0492610837438425,2.7134369994876586,0.0,1.3567184997438293,0,0.6656536262440776,True,True,False
05,284,290,187,0.08943159133195877,4.620689655172415,2.7474172737166924,0.0,1.3737086368583462,0,0.6656536262440776,True,True,False
05,285,290,187,0.0888136476278305,5.192118226600986,2.7252448694283564,0.0,1.3626224347141782,0,0.6656536262440776,True,True,False
05,286,290,187,0.08875679969787598,5.477832512315271,2.723205111959373,0.0,1.3616025559796865,0,0.6656536262440776,True,True,False
05,287,290,187,0.09066395461559296,5.763546798029557,2.7916356333703205,0.0,1.3958178166851603,0,0.6656536262440776,True,True,False
05,288,290,187,0.09382166713476181,6.0492610837438425,2.904937343758521,0.0,1.4524686718792605,0,0.6656536262440776,True,True,False
05,289,290,187,0.09192261099815369,6.334975369458128,2.836797414270088,0.0,1.418398707135044,0,0.6656536262440776,True,True,False
06,35,233,187,0.08870600163936615,8.620689655172415,2.7213824295971807,0.020610113747163407,1.370996271672172,1,0.6656536262440776,True,False,False
06,36,233,187,0.08943305164575577,8.620689655172415,2.7474696711562627,0.020610113747163407,1.384039892451713,1,0.6656536262440776,True,False,False
06,37,233,187,0.08888963609933853,8.620689655172415,2.727971407623135,0.020610113747163407,1.374290760685149,1,0.6656536262440776,True,True,True
06,38,233,187,0.09261391311883926,8.620689655172415,2.861601987895201,0.020610113747163407,1.4411060508211821,1,0.6656536262440776,True,True,False
06,39,233,187,0.08899446576833725,8.620689655172415,2.731732795249425,0.020610113747163407,1.3761714544982941,1,0.6656536262440776,True,True,False
06,40,233,187,0.09146930277347565,8.620689655172415,2.8205322866255425,0.020610113747163407,1.4205712001863529,1,0.6656536262440776,True,True,False
06,41,233,187,0.08892539888620377,8.620689655172415,2.7292546102248543,0.020610113747163407,1.3749323619860088,1,0.6656536262440776,True,True,False
06,42,233,187,0.08800654113292694,8.620689655172415,2.69628512537855,0.020610113747163407,1.3584476195628565,1,0.6656536262440776,True,True,False
06,43,233,187,0.08845000714063644,8.620689655172415,2.712197104973747,0.020610113747163407,1.3664036093604552,1,0.6656536262440776,True,True,False
06,44,233,181,0.08979777246713638,14.334975369458128,2.760556199022799,0.1209090419668683,1.4407326204948336,1,0.6656536262440776,True,True,False
06,45,233,181,0.09222596138715744,14.049261083743843,2.847681913005298,0.11589409555588308,1.4817880042805907,1,0.6656536262440776,True,True,False
06,46,233,181,0.08928398787975311,13.763546798029557,2.742121122311971,0.11087914914489781,1.4265001357284344,1,0.6656536262440776,True,True,False
06,47,233,175,0.08626624941825867,19.192118226600986,2.783960803238154,0.2062332004515984,1.4950970018448764,1,0.6656536262440776,True,True,False
06,48,233,175,0.08610459417104721,18.620689655172413,2.7778345180636896,0.1961928467378479,1.4870136824007687,1,0.6656536262440776,True,True,False
06,49,233,175,0.08749324828386307,18.049261083743843,2.830460654552008,0.18615249302409748,1.5083065737880528,1,0.6656536262440776,True,True,False
06,50,233,175,0.08703934401273727,17.47783251231527,2.8132589425457986,0.176112139310347,1.4946855409280728,1,0.6656536262440776,True,True,False
06,51,233,175,0.0857105627655983,16.9064039408867,2.762901821481824,0.16607178559659658,1.4644868035392105,1,0.6656536262440776,True,True,False
06,52,233,175,0.08757686614990234,16.334975369458128,2.833629539582797,0.15603143188284607,1.4948304857328214,1,0.6656536262440776,True,True,False
06,53,233,175,0.08593325316905975,15.763546798029557,2.771341169667268,0.14599107816909562,1.4586661239181817,1,0.6656536262440776,True,True,False
06,54,233,175,0.08653552830219269,15.192118226600986,2.7941657255212116,0.13595072445534517,1.4650582249882784,1,0.6656536262440776,True,True,False
06,55,233,175,0.08734481036663055,14.620689655172415,2.824835269497353,0.12591037074159472,1.4753728201194738,1,0.6656536262440776,True,True,False
06,56,233,175,0.08839058876037598,14.049261083743843,2.864467367928389,0.11587001702784426,1.4901686924781166,1,0.6656536262440776,True,True,False
06,57,233,175,0.08991944044828415,13.47783251231527,2.922406603376375,0.10582966331409377,1.5141181333452345,1,0.6656536262440776,True,True,False
06,58,233,175,0.08715903013944626,12.9064039408867,2.8177947145438904,0.09578930960034332,1.456792012072117,1,0.6656536262440776,True,True,False
06,59,233,175,0.08766340464353561,12.334975369458128,2.8369091082928213,0.08574895588659286,1.461329032089707,1,0.6656536262440776,True,True,False
06,60,233,175,0.08992371708154678,11.763546798029557,2.9225686759066853,0.0757086021728424,1.4991386390397639,1,0.6656536262440776,True,True,False
06,61,233,175,0.08884097635746002,11.192118226600986,2.8815358077493958,0.06566824845909194,1.473602028104244,1,0.6656536262440776,True,True,False
06,62,233,175,0.08891461044549942,10.620689655172415,2.8843263353052437,0.055627894745341494,1.4699771150252927,1,0.6656536262440776,True,True,False
06,63,233,175,0.08867502212524414,10.049261083743843,2.8752466029756474,0.04558754103159104,1.4604170720036191,1,0.6656536262440776,True,True,False
06,64,233,175,0.0887475311756134,9.47783251231527,2.877994494726483,0.03554718731784055,1.4567708410221618,1,0.6656536262440776,True,True,False
06,65,233,168,0.0866430401802063,15.858784893267652,2.7767732094727995,0.25480482479267125,1.5157890171327353,1,0.6656536262440776,True,True,False
06,66,233,164,0.08644329756498337,19.049261083743843,2.769314018417417,0.3329038654700924,1.5511089419437547,1,0.6656536262440776,True,True,False
06,67,233,161,0.08765042573213577,21.09688013136289,2.8143930298095237,0.3830271303824671,1.5987100800959955,1,0.6656536262440776,True,True,False
06,68,233,151,0.08892323821783066,29.95402298850575,2.8638638434943084,0.5483754655550765,1.7061196545246924,1,0.6656536262440776,True,True,False
06,69,233,151,0.08927235007286072,28.811165845648606,2.8769543506004736,0.5229076101202927,1.6999309803603833,1,0.6656536262440776,True,True,False
06,70,233,151,0.09034339338541031,27.66830870279146,2.9171148318099527,0.49743975468550894,1.707277293247731,1,0.6656536262440776,True,True,False
06,71,233,151,0.08833863586187363,26.525451559934318,2.841943243592946,0.47197189925072514,1.6569575714218354,1,0.6656536262440776,True,True,False
06,72,233,151,0.08766210824251175,25.382594417077176,2.8165757589854374,0.4465040438159414,1.6315399014006895,1,0.6656536262440776,True,True,False
06,73,233,151,0.08669413626194,24.239737274220033,2.7802801021417243,0.42103618838115764,1.600658145261441,1,0.6656536262440776,True,True,False
06,74,233,151,0.08575115352869034,23.09688013136289,2.7449214570749936,0.3955683329463739,1.5702448950106838,1,0.6656536262440776,True,True,False
06,75,233,151,0.08783379197120667,21.95402298850575,2.8230133148521674,0.3701004775115901,1.5965568961818788,1,0.6656536262440776,True,True,False
06,76,233,151,0.08876202255487442,20.811165845648606,2.857818804487048,0.34463262207680634,1.6012257132819272,1,0.6656536262440776,True,True,False
06,77,233,151,0.09072469919919968,19.66830870279146,2.9314125028661304,0.31916476664202253,1.6252886347540765,1,0.6656536262440776,True,True,False
06,78,233,151,0.08916329592466354,18.525451559934318,2.8728651909762353,0.29369691120723873,1.583281051091737,1,0.6656536262440776,True,True,False
06,79,233,151,0.09199105203151703,17.382594417077176,2.978896426747591,0.268229055772455,1.6235627412600229,1,0.6656536262440776,True,True,False
06,80,233,151,0.08826462924480438,16.239737274220033,2.839168247176497,0.24276120033767123,1.540964723757084,1,0.6656536262440776,True,True,False
06,81,233,151,0.0883273258805275,15.09688013136289,2.8415191577618604,0.21729334490288746,1.5294062513323738,1,0.6656536262440776,True,True,False
06,82,233,151,0.08890145272016525,13.954022988505747,2.8630469614323233,0.19182548946810368,1.5274362254502134,1,0.6656536262440776,True,True,False
06,83,233,151,0.08540376275777817,12.811165845648604,2.7318954847692107,0.1663576340333199,1.4491265594012652,1,0.6656536262440776,True,True,False
06,84,233,151,0.08594764024019241,11.668308702791462,2.7522890404329505,0.14088977859853616,1.4465894095157434,1,0.6656536262440776,True,True,False
06,85,233,145,0.0865258276462555,16.239737274220033,2.7120310935421172,0.13854420316559224,1.4252876483538548,1,0.6656536262440776,True,True,False
06,86,233,145,0.0866868793964386,15.144499178981938,2.7179520530207544,0.1216401884049602,1.4197961207128573,1,0.6656536262440776,True,True,False
06,87,233,145,0.08667808026075363,14.239737274220033,2.71762855870431,0.1076760022983511,1.4126522805013304,1,0.6656536262440776,True,True,False
06,88,233,145,0.08862452954053879,13.47783251231527,2.7891884597903127,0.09591668768225922,1.4425525737362859,1,0.6656536262440776,True,True,False
06,89,233,142,0.08759356290102005,16.049261083743843,2.7512856633942655,0.1356043745115693,1.4434450189529173,1,0.6656536262440776,True,True,False
06,90,233,142,0.08649911731481552,15.620689655172415,2.7110491061378372,0.12898976004001764,1.4200194330889275,1,0.6656536262440776,True,True,False
06,91,233,142,0.0872335433959961,15.192118226600986,2.738049787979423,0.12237514556846593,1.4302124667739446,1,0.6656536262440776,True,True,False
06,92,233,142,0.08964157849550247,14.763546798029557,2.8265795818568775,0.11576053109691425,1.471170056476896,1,0.6656536262440776,True,True,False
06,93,233,142,0.08752263337373734,14.334975369458128,2.7486779869399434,0.10914591662536258,1.428911951782653,1,0.6656536262440776,True,True,False
06,94,233,142,0.08688969165086746,13.9064039408867,2.7254083094034334,0.1025313021538109,1.413969805778622,1,0.6656536262440776,True,True,False
06,95,233,142,0.08488377183675766,13.47783251231527,2.65166201404659,0.09591668768225922,1.3737893508644246,1,0.6656536262440776,True,True,False
06,96,233,142,0.08631604164838791,13.049261083743843,2.704318452163509,0.08930207321070757,1.3968102626871084,1,0.6656536262440776,True,True,False
06,97,233,142,0.08841148763895035,12.620689655172415,2.7813561172971526,0.0826874587391559,1.4320217880181543,1,0.6656536262440776,True,True,False
06,98,233,137,0.0884295105934143,16.95402298850575,2.707861777188196,0.13202632238085485,1.4199440497845253,1,0.6656536262440776,True,True,False
06,99,233,137,0.08668138831853867,16.28735632183908,2.645228143580133,0.12154017806316465,1.3833841608216488,1,0.6656536262440776,True,True,False
06,100,233,137,0.0865275040268898,15.620689655172415,2.639714609155399,0.11105403374547447,1.3753843214504369,1,0.6656536262440776,True,True,False
06,101,233,142,0.08652263134717941,11.128078817733993,2.7119135837523163,0.059650353165820784,1.3857819684590684,1,0.6656536262440776,True,True,False
06,102,233,142,0.08685921132564545,10.453201970443352,2.7242877207086194,0.04923423612441182,1.3867609784165156,1,0.6656536262440776,True,True,False
06,103,233,142,0.0870613306760788,9.77832512315271,2.7317185029410616,0.03881811908300284,1.3852683110120323,1,0.6656536262440776,True,True,False
06,104,233,142,0.08683530986309052,9.119868637110017,2.7234089994832553,0.028655435546251024,1.3760322175147532,1,0.6656536262440776,True,True,False
06,105,233,137,0.08878838270902634,13.239737274220033,2.7207198391924643,0.07360351832515236,1.3971616787588084,1,0.6656536262440776,True,True,False
06,106,233,137,0.08692484349012375,12.858784893267652,2.653950921292083,0.06761143585790082,1.360781178574992,1,0.6656536262440776,True,True,False
06,107,233,137,0.08767879754304886,12.47783251231527,2.68096441032939,0.06161935339064928,1.3712918818600195,1,0.6656536262440776,True,True,False
06,108,233,137,0.0874330922961235,12.09688013136289,2.6721610144613313,0.05562727092339776,1.3638941426923645,1,0.6656536262440776,True,True,False
06,109,233,137,0.08656573295593262,11.71592775041051,2.641084316966637,0.04963518845614622,1.3453597527113916,1,0.6656536262440776,True,True,False
06,110,233,137,0.08719949424266815,11.47783251231527,2.663791408340547,0.04589013691411399,1.3548407726273304,1,0.6656536262440776,True,True,False
06,111,233,137,0.08476060628890991,11.239737274220033,2.5764082677546414,0.042145085372081795,1.3092766765633617,1,0.6656536262440776,True,True,False
06,112,233,137,0.08897638320922852,11.001642036124796,2.727455726388132,0.0384000338300496,1.3829278801090907,1,0.6656536262440776,True,True,False
06,113,233,137,0.08768149465322495,10.763546798029557,2.6810610453377057,0.034654982288017375,1.3578580138128615,1,0.6656536262440776,True,True,False
06,114,233,137,0.08581364899873734,10.52545155993432,2.614137831761063,0.03090993074598518,1.322523881253524,1,0.6656536262440776,True,True,False
06,115,233,137,0.08711321651935577,10.28735632183908,2.6607001558645895,0.02716487920395295,1.3439325175342713,1,0.6656536262440776,True,True,False
06,116,233,137,0.08493548631668091,10.049261083743843,2.5826740603380323,0.023419827661920755,1.3030469439999766,1,0.6656536262440776,True,True,False
06,117,233,137,0.08630504459142685,9.811165845648604,2.6317440896021065,0.01967477611988853,1.3257094328609975,1,0.6656536262440776,True,True,False
06,118,233,137,0.0869951993227005,9.573070607553367,2.6564717068819332,0.015929724577856335,1.3362007157298947,1,0.6656536262440776,True,True,False
06,119,233,137,0.08681347966194153,9.573070607553367,2.6499608564597743,0.015929724577856335,1.3329452905188153,1,0.6656536262440776,True,True,False
06,120,233,137,0.08812752366065979,9.573070607553367,2.697041859627272,0.015929724577856335,1.3564857921025641,1,0.6656536262440776,True,True,False
06,121,233,137,0.08509968966245651,9.573070607553367,2.588557317101212,0.015929724577856335,1.3022435208395342,1,0.6656536262440776,True,True,False
06,122,233,137,0.0875609964132309,9.334975369458128,2.6767437028253003,0.01218467303582411,1.344464187930562,1,0.6656536262440776,True,True,False
06,123,233,137,0.08761707693338394,9.09688013136289,2.6787530169346723,0.008439621493791911,1.3435963192142322,1,0.6656536262440776,True,True,False
06,124,233,137,0.08555559813976288,8.858784893267652,2.604892103824554,0.0046945699517596876,1.3047933368881568,1,0.6656536262440776,True,True,False
06,125,233,137,0.08430374413728714,8.620689655172415,2.5600393117465914,0.0009495184097274905,1.2804944150781594,1,0.6656536262440776,True,True,False
06,126,233,137,0.08527848869562149,8.620689655172415,2.5949635240889513,0.0009495184097274905,1.2979565212493394,1,0.6656536262440776,True,True,False
06,127,233,137,0.08718085289001465,8.620689655172415,2.6631235056035134,0.0009495184097274905,1.3320365120066204,1,0.6656536262440776,True,True,False
06,128,233,137,0.08581752330064774,8.620689655172415,2.614276644480191,0.0009495184097274905,1.3076130814449591,1,0.6656536262440776,True,True,False
06,129,233,137,0.086869016289711,8.620689655172415,2.6519506833989612,0.0009495184097274905,1.3264501009043443,1,0.6656536262440776,True,True,False
06,130,233,137,0.08487946540117264,8.620689655172415,2.580666881808954,0.0009495184097274905,1.2908082001093408,1,0.6656536262440776,True,True,False
06,131,233,137,0.08842013776302338,8.620689655172415,2.7075259571869217,0.0009495184097274905,1.3542377377983246,1,0.6656536262440776,True,True,False
06,132,233,137,0.0876060277223587,8.620689655172415,2.678357133737622,0.0009495184097274905,1.3396533260736747,1,0.6656536262440776,True,True,False
06,133,233,137,0.0893734022974968,8.620689655172415,2.741680559780734,0.0009495184097274905,1.3713150390952307,1,0.6656536262440776,True,True,False
06,134,233,137,0.08853693306446075,8.620689655172415,2.7117106267735456,0.0009495184097274905,1.3563300725916365,1,0.6656536262440776,True,True,False
06,135,233,137,0.090235635638237,8.620689655172415,2.772573597370121,0.0009495184097274905,1.3867615578899242,1,0.6656536262440776,True,True,False
06,136,233,137,0.09135353565216064,8.620689655172415,2.8126269396842463,0.0009495184097274905,1.4067882290469869,1,0.6656536262440776,True,True,False
06,137,233,137,0.08994840830564499,8.620689655172415,2.762282502879566,0.0009495184097274905,1.3816160106446467,1,0.6656536262440776,True,True,False
06,138,233,137,0.09023965150117874,8.620689655172415,2.7727174820924474,0.0009495184097274905,1.3868335002510874,1,0.6656536262440776,True,True,False
06,139,233,137,0.08934284746646881,8.620689655172415,2.740585807932383,0.0009495184097274905,1.3707676631710553,1,0.6656536262440776,True,True,False
06,140,233,137,0.0888790562748909,8.620689655172415,2.723968590715124,0.0009495184097274905,1.3624590545624258,1,0.6656536262440776,True,True,False
06,141,233,137,0.08773048967123032,8.620689655172415,2.6828164923395965,0.0009495184097274905,1.341883005374662,1,0.6656536262440776,True,True,False
06,142,233,137,0.08484959602355957,8.620689655172415,2.5795966891339877,0.0009495184097274905,1.2902731037718576,1,0.6656536262440776,True,True,False
06,143,233,137,0.08593353629112244,8.620689655172415,2.618433284575452,0.0009495184097274905,1.3096914014925898,1,0.6656536262440776,True,True,False
06,144,233,137,0.08755338937044144,8.620689655172415,2.6764711493902436,0.0009495184097274905,1.3387103338999855,1,0.6656536262440776,True,True,False
06,145,233,137,0.08761069178581238,8.620689655172415,2.6785242428956484,0.0009495184097274905,1.339736880652688,1,0.6656536262440776,True,True,False
06,146,233,137,0.08719266206026077,8.620689655172415,2.663546617449316,0.0009495184097274905,1.3322480679295217,1,0.6656536262440776,True,True,False
06,147,233,137,0.08853308111429214,8.620689655172415,2.7115726148970283,0.0009495184097274905,1.3562610666533779,1,0.6656536262440776,True,True,False
06,148,233,137,0.08755321055650711,8.620689655172415,2.676464742649361,0.0009495184097274905,1.3387071305295442,1,0.6656536262440776,True,True,False
06,149,233,137,0.08922233432531357,8.620689655172415,2.736267931524904,0.0009495184097274905,1.3686087249673158,1,0.6656536262440776,True,True,False
06,150,233,137,0.0859195664525032,8.620689655172415,2.6179327579439824,0.0009495184097274905,1.309441138176855,1,0.6656536262440776,True,True,False
06,151,233,139,0.08775468170642853,6.850574712643679,2.6836832709915335,0.0,1.3418416354957667,1,0.6656536262440776,True,True,False
06,152,233,139,0.08794189244508743,6.837438423645321,2.690390861748302,0.0,1.345195430874151,1,0.6656536262440776,True,True,False
06,153,233,51,0.08746060729026794,89.97372742200328,3.088053919963251,1.2150150525374557,2.151534486250353,1,0.6656536262440776,True,True,False
06,154,233,51,0.08720508962869644,85.87848932676518,3.077438133132089,1.1565854363283523,2.1170117847302206,1,0.6656536262440776,True,True,False
06,155,233,51,0.0898185595870018,81.78325123152709,3.186017868076368,1.098155820119249,2.1420868440978085,1,0.6656536262440776,True,True,False
06,156,233,51,0.08851463347673416,77.68801313628899,3.1318446984212676,1.0397262039101456,2.0857854511657066,1,0.6656536262440776,True,True,False
06,157,233,42,0.09044603258371353,73.72413793103448,3.3145173281503966,0.9829059560393273,2.1487116420948618,1,0.6656536262440776,True,True,False
06,158,233,42,0.09076095372438431,69.13464696223316,3.328009517136133,0.9173503760351152,2.122679946585624,1,0.6656536262440776,True,True,False
06,159,233,42,0.09154761582612991,64.62725779967158,3.361712537905272,0.8529675255479728,2.1073400317266224,1,0.6656536262440776,True,True,False
06,160,233,42,0.09244953840970993,60.201970443349744,3.400353671753084,0.7897574045779007,2.095055538165492,1,0.6656536262440776,True,True,False
06,161,233,50,0.09188465774059296,58.22003284072249,3.271856386775568,0.7619629602152258,2.016909673495397,1,0.6656536262440776,True,True,False
06,162,233,50,0.09207547456026077,53.7487684729064,3.2797840997521797,0.6981683150919746,1.9889762074220771,1,0.6656536262440776,True,True,False
06,163,233,50,0.09271302819252014,49.27750410509031,3.3062720278737534,0.6343736699687235,1.9703228489212385,1,0.6656536262440776,True,True,False
06,164,233,50,0.09084075689315796,44.78653530377668,3.228486277636798,0.5702978879591414,1.8993920827979698,1,0.6656536262440776,True,True,False
06,165,233,50,0.09015469998121262,40.21346469622331,3.199983222754155,0.5050507022565139,1.8525169625053346,1,0.6656536262440776,True,True,False
06,166,233,50,0.08853926509618759,35.57799671592774,3.1328680485091467,0.4389132497471719,1.7858906491281592,1,0.6656536262440776,True,True,False
06,167,233,42,0.09042505919933319,33.80952380952381,3.3136187639411876,0.41277177402058346,1.8631952689808855,1,0.6656536262440776,True,True,False
06,168,233,42,0.08866395056247711,30.041050903119867,3.2381674604743464,0.35894348918707114,1.7985554748307089,1,0.6656536262440776,True,True,False
06,169,233,42,0.09085480868816376,26.35467980295566,3.3320305520716236,0.30628793387062875,1.819159242971126,1,0.6656536262440776,True,True,False
06,170,233,50,0.09154009073972702,19.210180623973727,3.2575409386466645,0.20538220950164582,1.7314615740741552,1,0.6656536262440776,True,True,False
06,171,233,50,0.09073659032583237,15.060755336617408,3.224158553021359,0.14617946685513256,1.6851690099382457,1,0.6656536262440776,True,True,False
06,172,233,42,0.09067297726869583,16.645320197044335,3.3242403355438275,0.16760094118193244,1.74592063836288,1,0.6656536262440776,True,True,False
06,173,233,42,0.08948927372694016,13.382594417077176,3.273526839922557,0.12099667017357124,1.6972617550480642,1,0.6656536262440776,True,True,False
06,174,233,42,0.0896904319524765,12.954022988505747,3.28214507618701,0.11487502209446591,1.6985100491407379,1,0.6656536262440776,True,True,False
06,175,233,42,0.08950386196374893,12.52545155993432,3.2741518447970264,0.10875337401536062,1.6914526094061935,1,0.6656536262440776,True,True,False
06,176,233,42,0.09124623239040375,12.09688013136289,3.3488003457821054,0.10263172593625529,1.7257160358591803,1,0.6656536262440776,True,True,False
06,177,233,42,0.09064622968435287,11.668308702791462,3.3230943868720475,0.09651007785714996,1.7098022323645987,1,0.6656536262440776,True,True,False
06,178,233,42,0.0884992852807045,11.668308702791462,3.231112694013342,0.09651007785714996,1.663811385935246,1,0.6656536262440776,True,True,False
06,179,233,42,0.08934000134468079,11.668308702791462,3.2671315525579026,0.09651007785714996,1.6818208152075262,1,0.6656536262440776,True,True,False
06,180,233,42,0.08915743976831436,11.668308702791462,3.2593100538658066,0.09651007785714996,1.6779100658614783,1,0.6656536262440776,True,True,False
06,181,233,42,0.089739128947258,11.668308702791462,3.284231405022317,0.09651007785714996,1.6903707414397335,1,0.6656536262440776,True,True,False
06,182,233,42,0.08913745731115341,11.28735632183908,3.2584539440224325,0.09106861289794523,1.6747612784601889,1,0.6656536262440776,True,True,False
06,183,233,42,0.08835025876760483,10.9064039408867,3.224727940438706,0.08562714793874049,1.6551775441887233,1,0.6656536262440776,True,True,False
06,184,233,42,0.08942729979753494,10.52545155993432,3.270871686426216,0.08018568297953578,1.6755286847028759,1,0.6656536262440776,True,True,False
06,185,233,42,0.08985327929258347,10.144499178981938,3.2891219564430245,0.07474421802033104,1.6819330872316778,1,0.6656536262440776,True,True,False
06,186,233,42,0.08985304832458496,9.763546798029557,3.2891120610645217,0.06930275306112631,1.679207407062824,1,0.6656536262440776,True,True,False
06,187,233,42,0.08652719110250473,9.382594417077176,3.1466221218870403,0.06386128810192157,1.605241704994481,1,0.6656536262440776,True,True,False
06,188,233,42,0.08696582168340683,9.382594417077176,3.165414403281198,0.06386128810192157,1.6146378456915598,1,0.6656536262440776,True,True,False
06,189,233,42,0.08751706779003143,9.382594417077176,3.189031479709883,0.06386128810192157,1.6264463839059022,1,0.6656536262440776,True,True,False
06,190,233,42,0.08722571283578873,9.382594417077176,3.176548938537194,0.06386128810192157,1.6202051133195579,1,0.6656536262440776,True,True,False
06,191,233,42,0.08707640320062637,9.001642036124796,3.1701520551437485,0.05841982314271686,1.6142859391432327,1,0.6656536262440776,True,True,False
06,192,233,42,0.08960222452878952,8.620689655172415,3.2783659992162013,0.052978358183512125,1.6656721786998567,1,0.6656536262440776,True,True,False
06,193,233,42,0.09032611548900604,8.620689655172415,3.3093797114728765,0.052978358183512125,1.6811790348281943,1,0.6656536262440776,True,True,False
06,194,233,42,0.09087923914194107,8.620689655172415,3.333077227752617,0.052978358183512125,1.6930277929680646,1,0.6656536262440776,True,True,False
06,195,233,42,0.09086475521326065,8.620689655172415,3.332456691758762,0.052978358183512125,1.692717524971137,1,0.6656536262440776,True,True,False
06,196,233,42,0.09027328342199326,8.620689655172415,3.307116223441793,0.052978358183512125,1.6800472908126525,1,0.6656536262440776,True,True,False
06,197,233,42,0.09037306159734726,8.620689655172415,3.3113910269550173,0.052978358183512125,1.6821846925692647,1,0.6656536262440776,True,True,False
06,198,233,42,0.08884798735380173,8.620689655172415,3.246052161906557,0.052978358183512125,1.6495152600450347,1,0.6656536262440776,True,True,False
06,199,233,38,0.09060622751712799,12.430213464696223,3.2597112656170717,0.1054351672490216,1.6825732164330467,1,0.6656536262440776,True,True,False
06,200,233,38,0.09104811400175095,12.239737274220033,3.278307473557706,0.10270963646324396,1.6905085550104748,1,0.6656536262440776,True,True,False
06,201,233,38,0.08950567990541458,12.049261083743843,3.2133961757734575,0.09998410567746632,1.656690140725462,1,0.6656536262440776,True,True,False
06,202,233,38,0.08829822391271591,11.858784893267652,3.162581988191892,0.09725857489168864,1.6299202815417904,1,0.6656536262440776,True,True,False
06,203,233,38,0.08912172168493271,11.668308702791462,3.197237802170587,0.094533044105911,1.6458854231382491,1,0.6656536262440776,True,True,False
06,204,233,34,0.08792689442634583,15.28735632183908,3.1469550781520454,0.14631812903568645,1.646636603593866,1,0.6656536262440776,True,True,False
06,205,233,34,0.09172006696462631,14.9064039408867,3.306585724780116,0.14086706746413113,1.7237263961221236,1,0.6656536262440776,True,True,False
06,206,233,34,0.09155488759279251,14.52545155993432,3.2996343695044605,0.13541600589257582,1.7175251876985183,1,0.6656536262440776,True,True,False
06,207,233,34,0.0890786424279213,14.144499178981938,3.195424868647635,0.12996494432102051,1.662694906484328,1,0.6656536262440776,True,True,False
06,208,233,34,0.09180908650159836,13.763546798029557,3.31033199419074,0.1245138827494652,1.7174229384701027,1,0.6656536262440776,True,True,False
06,209,233,34,0.09359782189130783,13.382594417077176,3.3856085559669875,0.1190628211779099,1.7523356885724488,1,0.6656536262440776,True,True,False
06,210,233,34,0.08912384510040283,13.001642036124796,3.197327163300653,0.1136117596063546,1.6554694614535037,1,0.6656536262440776,True,True,False
06,211,233,34,0.09190068393945694,12.620689655172415,3.314186751148742,0.10816069803479927,1.7111737245917706,1,0.6656536262440776,True,True,False
06,212,233,34,0.09340839833021164,12.239737274220033,3.3776369160694566,0.10270963646324396,1.7401732762663502,1,0.6656536262440776,True,True,False
06,213,233,34,0.09190439432859421,11.858784893267652,3.314342897965489,0.09725857489168864,1.7058007364285888,1,0.6656536262440776,True,True,False
06,214,233,34,0.0946928933262825,11.47783251231527,3.4316931881593793,0.09180751332013333,1.7617503507397563,1,0.6656536262440776,True,True,False
06,215,233,33,0.09460493922233582,12.049261083743843,3.4279917560877005,0.09998410567746632,1.7639879308825834,1,0.6656536262440776,True,True,False
06,216,233,33,0.09441258013248444,11.620689655172415,3.419896578347201,0.09385166140946659,1.7568741198783338,1,0.6656536262440776,True,True,False
06,217,233,33,0.0940852090716362,11.192118226600986,3.4061196004736316,0.08771921714146687,1.7469194088075493,1,0.6656536262440776,True,True,False
06,218,233,33,0.0956844687461853,10.763546798029557,3.473422327517574,0.08158677287346713,1.7775045501955207,1,0.6656536262440776,True,True,False
06,219,233,25,0.09444862604141235,17.95402298850575,2.8979389373368956,0.18299496934714454,1.54046695334202,1,0.6656536262440776,True,True,False
06,220,233,25,0.09392789751291275,17.334975369458128,2.8793346764887344,0.1739240810895083,1.5266293787891214,1,0.6656536262440776,True,True,False
06,221,233,25,0.09278788417577744,16.715927750410508,2.8386049980984245,0.16485319283187208,1.5017290954651483,1,0.6656536262440776,True,True,False
06,222,233,25,0.09487240761518478,16.09688013136289,2.913079538455531,0.15578230457423592,1.5344309215148835,1,0.6656536262440776,True,True,False
06,223,233,25,0.09682076424360275,15.47783251231527,2.9826891967640043,0.14671141631659967,1.564700306540302,1,0.6656536262440776,True,True,False
06,224,233,20,0.09700465202331543,19.620689655172413,2.989259023522721,0.20741659157924197,1.5983378075509815,1,0.6656536262440776,True,True,False
06,225,233,20,0.09552045911550522,18.95402298850575,2.936232714237435,0.19764794268640304,1.566940328461919,1,0.6656536262440776,True,True,False
06,226,233,18,0.09335744380950928,20.192118226600986,2.9275179230259534,0.21164635804147414,1.5695821405337138,1,0.6656536262440776,True,True,False
06,227,233,18,0.0931713804602623,19.430213464696223,2.920726873204311,0.20017795793272206,1.5604524155685164,1,0.6656536262440776,True,True,False
06,228,233,18,0.09520218521356583,18.66830870279146,2.994848382429678,0.18870955782396998,1.591778970126824,1,0.6656536262440776,True,True,False
06,229,233,18,0.09381918609142303,17.9064039408867,2.944370865069219,0.17724115771521795,1.5608060113922184,1,0.6656536262440776,True,True,False
06,230,233,18,0.09278139472007751,17.14449917898194,2.906492943727907,0.16577275760646587,1.5361328506671865,0,0.6656536262440776,True,True,False
06,231,233,18,0.09286947548389435,16.382594417077176,2.909707767377107,0.1543043574977138,1.5320060624374103,0,0.6656536262440776,True,True,False
06,232,233,18,0.09304659813642502,15.620689655172415,2.9161724943786647,0.14283595738896168,1.5295042258838132,0,0.6656536262440776,True,True,False
07,35,231,30,0.09024806320667267,2.5944170771756982,3.244638394583634,0.0,1.622319197291817,1,0.6656536262440776,True,False,False
07,36,231,30,0.09036364406347275,2.2036124794745495,3.249502461989644,0.0,1.624751230994822,1,0.6656536262440776,True,False,False
07,37,231,30,0.0902046263217926,1.9770114942528745,3.2428104107650917,0.0,1.6214052053825458,1,0.6656536262440776,True,True,True
07,38,231,30,0.09154672175645828,1.9146141215106733,3.2992907210884876,0.0,1.6496453605442438,1,0.6656536262440776,True,True,False
07,39,231,34,0.09289266914129257,2.486042692939245,3.3559331356373012,0.0,1.6779665678186506,1,0.6656536262440776,True,True,False
07,40,231,34,0.09152409434318542,1.8817733990147778,3.298338476344592,0.0,1.649169238172296,1,0.6656536262440776,True,True,False
07,41,231,34,0.09152150899171829,1.5238095238095217,3.298229675249389,0.0,1.6491148376246945,1,0.6656536262440776,True,True,False
07,42,231,34,0.09227041900157928,1.4121510673234794,3.3297465619540834,0.0,1.6648732809770417,1,0.6656536262440776,True,True,False
07,43,231,34,0.08957727998495102,1.5467980295566495,3.216409370369716,0.0,1.608204685184858,1,0.6656536262440776,True,True,False
07,44,231,34,0.08972086757421494,1.898193760262725,3.222452064049122,0.0,1.611226032024561,1,0.6656536262440776,True,True,False
07,45,231,34,0.08900853991508484,2.4137931034482745,3.19247469716416,0.0,1.59623734858208,1,0.6656536262440776,True,True,False
07,46,231,34,0.09079008549451828,3.047619047619047,3.267448685289483,0.0,1.6337243426447414,1,0.6656536262440776,True,True,False
07,47,231,34,0.09197595715522766,3.7635467980295565,3.3173545248226235,0.0,1.6586772624113117,1,0.6656536262440776,True,True,False
07,48,231,34,0.09223662316799164,4.525451559934318,3.3283243090208234,0.0,1.6641621545104117,1,0.6656536262440776,True,True,False
07,49,231,34,0.09279220551252365,5.28735632183908,3.3517052567677954,0.00322776278235953,1.6774665097750774,1,0.6656536262440776,True,True,False
07,50,231,34,0.088673897087574,5.715927750410509,3.178391696613593,0.009360207050359257,1.593875951831976,1,0.6656536262440776,True,True,False
07,51,231,38,0.08937752991914749,3.03776683087028,3.208003153187022,0.0,1.604001576593511,1,0.6656536262440776,True,True,False
07,52,231,38,0.08814624696969986,3.357963875205255,3.156186239661769,0.0,1.5780931198308845,1,0.6656536262440776,True,True,False
07,53,231,38,0.0901433452963829,3.7602627257799677,3.2402314799061713,0.0,1.6201157399530857,1,0.6656536262440776,True,True,False
07,54,231,38,0.0896039754152298,4.244663382594417,3.2175328122259486,0.0,1.6087664061129743,1,0.6656536262440776,True,True,False
07,55,231,38,0.08883941173553467,4.811165845648604,3.1853571615413645,0.0,1.5926785807706823,1,0.6656536262440776,True,True,False
07,56,231,42,0.09023308753967285,2.6699507389162562,3.3053941083765412,0.0,1.6526970541882706,1,0.6656536262440776,True,True,False
07,57,231,42,0.08947861939668655,2.673234811165845,3.273070375688394,0.0,1.636535187844197,1,0.6656536262440776,True,True,False
07,58,231,42,0.09041251987218857,2.8407224958949095,3.313081540650211,0.0,1.6565407703251056,1,0.6656536262440776,True,True,False
07,59,231,42,0.09016145020723343,3.1724137931034475,3.3023249450118715,0.0,1.6511624725059357,1,0.6656536262440776,True,True,False
07,60,231,42,0.0922979936003685,3.4778325123152705,3.393861026632192,0.0,1.696930513316096,1,0.6656536262440776,True,True,False
07,61,231,42,0.09084959328174591,3.8587848932676514,3.3318071080409144,0.0,1.6659035540204572,1,0.6656536262440776,True,True,False
07,62,231,42,0.09151523560285568,4.239737274220032,3.360325269680326,0.0,1.680162634840163,1,0.6656536262440776,True,True,False
07,63,231,42,0.08830739557743073,4.620689655172414,3.2228915497120347,0.0,1.6114457748560174,1,0.6656536262440776,True,True,False
07,64,231,42,0.09194016456604004,5.001642036124794,3.3785305316852354,0.0012844410710671711,1.6899074863781514,1,0.6656536262440776,True,True,False
07,65,231,42,0.08997166901826859,5.382594417077176,3.294194135940123,0.006725906030271908,1.6504600209851974,1,0.6656536262440776,True,True,False
07,66,231,42,0.09071434289216995,5.763546798029556,3.3260125659131092,0.012167370989476631,1.669089968451293,1,0.6656536262440776,True,True,False
07,67,231,42,0.09148435294628143,6.1444991789819365,3.3590021618127697,0.017608835948681355,1.6883054988807256,1,0.6656536262440776,True,True,False
07,68,231,42,0.09284213930368423,6.525451559934319,3.417173899973354,0.023050300907886102,1.7201121004406201,1,0.6656536262440776,True,True,False
07,69,231,42,0.09186676144599915,6.9064039408867,3.3753857165558827,0.02849176586709084,1.7019387412114868,1,0.6656536262440776,True,True,False
07,70,231,42,0.09009024500846863,7.287356321839081,3.299274295581175,0.03393323082629556,1.6666037632037354,1,0.6656536262440776,True,True,False
07,71,231,42,0.09155541658401489,7.668308702791462,3.3620467463340615,0.0393746957855003,1.700710721059781,1,0.6656536262440776,True,True,False
07,72,231,42,0.0919479951262474,7.858784893267652,3.378866016937057,0.04209542826510265,1.7104807226010799,1,0.6656536262440776,True,True,False
07,73,231,43,0.09319750219583511,7.110016420361249,3.432398737814361,0.031400135069424406,1.7318994364418927,1,0.6656536262440776,True,True,False
07,74,231,43,0.09085892885923386,7.334975369458128,3.332207072855884,0.03461341394619615,1.68341024340104,1,0.6656536262440776,True,True,False
07,75,231,43,0.09059429168701172,7.573070607553366,3.320869203531942,0.03801432954569911,1.6794417665388206,1,0.6656536262440776,True,True,False
07,76,231,145,0.09031621366739273,89.19704433497537,2.8513820910570837,1.2645746077077855,2.0579783493824344,1,0.6656536262440776,True,True,False
07,77,231,145,0.09088942408561707,84.48275862068965,2.8724557872769654,1.191813848520717,2.032134817898841,1,0.6656536262440776,True,True,False
07,78,231,145,0.09268541634082794,79.76847290640394,2.938484236858916,1.1190530893336488,2.0287686630962822,1,0.6656536262440776,True,True,False
07,79,231,145,0.09230019152164459,75.11001642036123,2.9243217049897696,1.0471540040624143,1.985737854526092,1,0.6656536262440776,True,True,False
07,80,231,145,0.09410819411277771,70.53366174055827,2.9907917065091536,0.9765220863144659,1.9836568964118098,1,0.6656536262440776,True,True,False
07,81,231,145,0.0965542122721672,66.03940886699506,3.0807179220845216,0.9071573360898034,1.9939376290871624,1,0.6656536262440776,True,True,False
07,82,231,145,0.09174380451440811,61.62725779967158,2.9038665101810075,0.8390597533884266,1.871463131784717,1,0.6656536262440776,True,True,False
07,83,231,145,0.09030509740114212,57.29720853858784,2.850973408990923,0.7722293382103356,1.8116013736006293,1,0.6656536262440776,True,True,False
07,84,231,145,0.09025399386882782,53.04926108374383,2.849094621932079,0.7066660905555303,1.7778803562438048,1,0.6656536262440776,True,True,False
07,85,231,145,0.09276893734931946,48.88341543513957,2.9415548306669987,0.6423700104240109,1.791962420545505,1,0.6656536262440776,True,True,False
07,86,231,145,0.08910191804170609,44.79967159277504,2.8067393275565142,0.5793410978157773,1.6930402126861457,1,0.6656536262440776,True,True,False
07,87,231,145,0.08855749666690826,40.79802955665024,2.786724041191622,0.5175793527308291,1.6521516969612255,1,0.6656536262440776,True,True,False
07,88,231,145,0.09116601943969727,36.878489326765184,2.882624629786446,0.45708477516916685,1.6698547024778063,1,0.6656536262440776,True,True,False
07,89,231,142,0.09089744091033936,33.89819376026272,2.872750520456046,0.4110865940738937,1.64191855726497,1,0.6656536262440776,True,True,False
07,90,231,145,0.08809269964694977,29.346469622331693,2.7696360907791817,0.3408348265829312,1.5552354586810564,1,0.6656536262440776,True,True,False
07,91,231,145,0.0889943540096283,25.591133004926114,2.8027848081267823,0.2828745840678405,1.5428296960973114,1,0.6656536262440776,True,True,False
07,92,231,145,0.09027953445911407,21.917898193760266,2.85003360458811,0.22618150907603551,1.5381075568320728,1,0.6656536262440776,True,True,False
07,93,231,145,0.09082217514514923,18.369458128078822,2.8699834251260503,0.17141452871962495,1.5206989769228376,1,0.6656536262440776,True,True,False
07,94,231,145,0.08996224403381348,14.990147783251235,2.838368635104522,0.119257913461183,1.4788132742828524,1,0.6656536262440776,True,True,False
07,95,231,142,0.08898736536502838,14.264367816091955,2.802527875299665,0.10805615255533683,1.455292013927501,1,0.6656536262440776,True,True,False
07,96,231,137,0.09058928489685059,15.954022988505747,2.785244529151104,0.11629710590431955,1.4507708175277116,1,0.6656536262440776,True,True,False
07,97,231,137,0.09006626158952713,15.573070607553367,2.766505079016413,0.11030502343706804,1.4384050512267406,1,0.6656536262440776,True,True,False
07,98,231,137,0.09005217254161835,15.192118226600986,2.766000281224355,0.10431294096981648,1.4351566110970857,1,0.6656536262440776,True,True,False
07,99,231,137,0.09261813759803772,14.811165845648604,2.857936478997646,0.09832085850256495,1.4781286687501054,1,0.6656536262440776,True,True,False
07,100,231,137,0.09287665039300919,14.430213464696223,2.867198757681436,0.0923287760353134,1.4797637668583747,1,0.6656536262440776,True,True,False
07,101,231,142,0.09101593494415283,10.436781609195403,2.87710687406209,0.04898080261975465,1.4630438383409223,1,0.6656536262440776,True,True,False
07,102,231,142,0.09021438658237457,9.899835796387523,2.8476384866346867,0.040693527017465786,1.4441660068260762,1,0.6656536262440776,True,True,False
07,103,231,142,0.09072153270244598,9.444991789819378,2.86628337328309,0.033673418938462665,1.4499783961107764,1,0.6656536262440776,True,True,False
07,104,231,142,0.08874436467885971,9.07224958949097,2.7935941182032664,0.027920478382745285,1.410757298293006,1,0.6656536262440776,True,True,False
07,105,231,137,0.08944255113601685,13.47783251231527,2.744158099869625,0.07734856986718457,1.410753334868405,1,0.6656536262440776,True,True,False
07,106,231,137,0.08898426592350006,13.09688013136289,2.727738156882049,0.07135648739993304,1.399547322140991,1,0.6656536262440776,True,True,False
07,107,231,137,0.0897335633635521,12.71592775041051,2.754584803708866,0.0653644049326815,1.4099746043207737,1,0.6656536262440776,True,True,False
07,108,231,137,0.09028111398220062,12.334975369458128,2.7742030451346493,0.05937232246542996,1.4167876838000397,1,0.6656536262440776,True,True,False
07,109,231,142,0.09073999524116516,8.27586206896552,2.8669621361248767,0.015628953406873432,1.441295544765875,1,0.6656536262440776,True,True,False
07,110,231,142,0.08984500169754028,7.94745484400657,2.8340582993182597,0.01056028331373038,1.4223092913159952,1,0.6656536262440776,True,True,False
07,111,231,142,0.08876141160726547,7.492610837438424,2.794220837082204,0.003540175234727245,1.3988805061584657,1,0.6656536262440776,True,True,False
07,112,231,142,0.08755060285329819,7.119868637110017,2.7497062660795994,0.0,1.3748531330397997,1,0.6656536262440776,True,True,False
07,113,231,142,0.08752281218767166,6.829228243021346,2.748684560914198,0.0,1.374342280457099,1,0.6656536262440776,True,True,False
07,114,231,142,0.08713746070861816,6.620689655172415,2.7345173724799547,0.0,1.3672586862399774,1,0.6656536262440776,True,True,False
07,115,231,142,0.08709926903247833,6.477832512315271,2.7331132811454113,0.0,1.3665566405727056,1,0.6656536262440776,True,True,False
07,116,231,142,0.08817475289106369,6.477832512315271,2.7726527232152582,0.0,1.3863263616076291,1,0.6656536262440776,True,True,False
07,117,231,142,0.08946278691291809,6.7159277504105095,2.820006429349066,0.0,1.410003214674533,1,0.6656536262440776,True,True,False
07,118,231,142,0.08731728792190552,6.954022988505748,2.7411285992553243,0.0,1.3705642996276621,1,0.6656536262440776,True,True,False
07,119,231,142,0.08723092079162598,7.192118226600986,2.7379533696903557,0.0,1.3689766848451779,1,0.6656536262440776,True,True,False
07,120,231,142,0.08624092489480972,7.430213464696224,2.701556835145392,0.002577127917030064,1.352066981531211,1,0.6656536262440776,True,True,False
07,121,231,142,0.0847255066037178,7.668308702791462,2.6458434990000868,0.006251913734558773,1.3260477063673228,1,0.6656536262440776,True,True,False
07,122,231,142,0.08354649692773819,7.668308702791462,2.602497999752424,0.006251913734558773,1.3043749567434915,1,0.6656536262440776,True,True,False
07,123,231,151,0.08578026294708252,3.27422003284072,2.746012961252892,0.0,1.373006480626446,1,0.6656536262440776,True,True,False
07,124,231,151,0.08470281213521957,2.825944170771755,2.705612220613417,0.0,1.3528061103067086,1,0.6656536262440776,True,True,False
07,125,231,151,0.08519753068685532,2.5418719211822647,2.7241624835805163,0.0,1.3620812417902581,1,0.6656536262440776,True,True,False
07,126,231,151,0.08574501425027847,2.5977011494252853,2.744691255016486,0.0,1.372345627508243,1,0.6656536262440776,True,True,False
07,127,231,151,0.08751386404037476,2.735632183908043,2.8110171056382027,0.0,1.4055085528191014,1,0.6656536262440776,True,True,False
07,128,231,151,0.08660046756267548,2.95566502463054,2.776767844520905,0.0,1.3883839222604526,1,0.6656536262440776,True,True,False
07,129,231,151,0.08551571518182755,3.257799671592774,2.7360933198798074,0.0,1.3680466599399037,1,0.6656536262440776,True,True,False
07,130,231,151,0.08651892840862274,3.403940886699507,2.7737104035884967,0.0,1.3868552017942484,1,0.6656536262440776,True,True,False
07,131,231,151,0.08672866225242615,3.6321839080459775,2.781574709349398,0.0,1.390787354674699,1,0.6656536262440776,True,True,False
07,132,231,151,0.08633924275636673,3.9425287356321843,2.7669728028057023,0.0,1.3834864014028512,1,0.6656536262440776,True,True,False
07,133,231,151,0.08517458289861679,4.334975369458128,2.723302019575416,0.0,1.361651009787708,1,0.6656536262440776,True,True,False
07,134,231,151,0.08393152058124542,4.763546798029557,2.6766914107848465,0.0,1.3383457053924233,1,0.6656536262440776,True,True,False
07,135,231,151,0.08639191836118698,5.192118226600986,2.76894795881741,0.0,1.384473979408705,1,0.6656536262440776,True,True,False
07,136,231,151,0.08824192732572556,5.620689655172415,2.838317002428594,0.00612237692280536,1.4222196896756998,1,0.6656536262440776,True,True,False
07,137,231,151,0.08757329732179642,6.0492610837438425,2.8132456515371267,0.01567282271084926,1.414459237123988,1,0.6656536262440776,True,True,False
07,138,231,151,0.08637337386608124,6.477832512315271,2.768252603327574,0.02522326849889318,1.3967379359132337,1,0.6656536262440776,True,True,False
07,139,231,151,0.08539953082799911,6.9064039408867,2.7317368017968415,0.0347737142869371,1.3832552580418893,1,0.6656536262440776,True,True,False
07,140,231,151,0.08588660508394241,7.334975369458128,2.7500004296765272,0.044324160074981,1.397162294875754,1,0.6656536262440776,True,True,False
07,141,231,151,0.08437448740005493,7.763546798029557,2.693301159797586,0.05387460586302492,1.3735878828303056,1,0.6656536262440776,True,True,False
07,142,231,151,0.08507619798183441,8.192118226600986,2.719612919839263,0.06342505165106885,1.391518985745166,1,0.6656536262440776,True,True,False
07,143,231,151,0.08517085015773773,8.620689655172415,2.723162054488872,0.07297549743911276,1.3980687759639923,1,0.6656536262440776,True,True,False
07,144,231,151,0.08580384403467178,8.620689655172415,2.7468971718295614,0.07297549743911276,1.409936334634337,1,0.6656536262440776,True,True,False
07,145,231,151,0.0848662406206131,8.620689655172415,2.711740232935455,0.07297549743911276,1.3923578651872839,1,0.6656536262440776,True,True,False
07,146,231,151,0.08611007779836655,8.620689655172415,2.758379896354768,0.07297549743911276,1.4156776968969402,1,0.6656536262440776,True,True,False
07,147,231,151,0.08599616587162018,8.620689655172415,2.7541085865580213,0.07297549743911276,1.413542041998567,1,0.6656536262440776,True,True,False
07,148,231,151,0.08386088162660599,8.620689655172415,2.6740426902548604,0.07297549743911276,1.3735090938469865,1,0.6656536262440776,True,True,False
07,149,231,151,0.08149563521146774,8.620689655172415,2.585353994757731,0.07297549743911276,1.3291647460984217,1,0.6656536262440776,True,True,False
07,150,231,151,0.08303161710500717,8.620689655172415,2.6429480913276904,0.07297549743911276,1.3579617943834015,1,0.6656536262440776,True,True,False
07,151,231,151,0.08314117789268494,8.620689655172415,2.6470562482091844,0.07297549743911276,1.3600158728241485,1,0.6656536262440776,True,True,False
07,152,231,151,0.08511073887348175,8.620689655172415,2.720908085789797,0.07297549743911276,1.3969417916144549,1,0.6656536262440776,True,True,False
07,153,231,151,0.08249238133430481,8.620689655172415,2.6227285840649825,0.07297549743911276,1.3478520407520476,1,0.6656536262440776,True,True,False
07,154,231,151,0.0848131999373436,8.620689655172415,2.7097513877236663,0.07297549743911276,1.3913634425813894,1,0.6656536262440776,True,True,False
07,155,231,151,0.08332366496324539,8.620689655172415,2.653898892649744,0.07297549743911276,1.3634371950444284,1,0.6656536262440776,True,True,False
07,156,231,151,0.08674387633800507,8.620689655172415,2.782145185809922,0.07297549743911276,1.4275603416245173,1,0.6656536262440776,True,True,False
07,157,231,151,0.08737892657518387,8.620689655172415,2.8059574096653543,0.07297549743911276,1.4394664535522335,1,0.6656536262440776,True,True,False
07,158,231,151,0.08505629748106003,8.620689655172415,2.7188667187491258,0.07297549743911276,1.3959211080941192,1,0.6656536262440776,True,True,False
07,159,231,151,0.0861753523349762,8.620689655172415,2.7608274694549904,0.07297549743911276,1.4169014834470515,1,0.6656536262440776,True,True,False
07,160,231,151,0.08628269284963608,8.620689655172415,2.7648523736502764,0.07297549743911276,1.4189139355446945,1,0.6656536262440776,True,True,False
07,161,231,151,0.08480045199394226,8.620689655172415,2.709273383206547,0.07297549743911276,1.3911244403228298,1,0.6656536262440776,True,True,False
07,162,231,151,0.08779826015233994,8.620689655172415,2.821680992501413,0.07297549743911276,1.4473282449702627,1,0.6656536262440776,True,True,False
07,163,231,151,0.08582011610269547,8.620689655172415,2.7475073190331782,0.07297549743911276,1.4102414082361454,1,0.6656536262440776,True,True,False
07,164,231,151,0.08483852446079254,8.620689655172415,2.710700971215009,0.07297549743911276,1.3918382343270608,1,0.6656536262440776,True,True,False
07,165,231,151,0.08409067243337631,8.620689655172415,2.682659063905934,0.07297549743911276,1.3778172806725233,1,0.6656536262440776,True,True,False
07,166,231,151,0.08461567014455795,8.620689655172415,2.7023446923654775,0.07297549743911276,1.387660094902295,1,0.6656536262440776,True,True,False
07,167,231,151,0.08333826065063477,8.620689655172415,2.6544461812815596,0.07297549743911276,1.363710839360336,1,0.6656536262440776,True,True,False
07,168,231,151,0.08513028919696808,8.620689655172415,2.721641156422714,0.07297549743911276,1.3973083269309132,1,0.6656536262440776,True,True,False
07,169,231,151,0.08465886861085892,8.620689655172415,2.703964487917936,0.07297549743911276,1.3884699926785242,1,0.6656536262440776,True,True,False
07,170,231,151,0.08470375090837479,8.620689655172415,2.7056474214136257,0.07297549743911276,1.3893114594263691,1,0.6656536262440776,True,True,False
07,171,231,151,0.08493511378765106,8.620689655172415,2.714322742436477,0.07297549743911276,1.3936491199377947,1,0.6656536262440776,True,True,False
07,172,231,157,0.08422084152698517,4.610837438423646,2.6875399621634366,0.0,1.3437699810817183,1,0.6656536262440776,True,True,False
07,173,231,157,0.08343582600355148,4.407224958949097,2.6581045501603873,0.0,1.3290522750801936,1,0.6656536262440776,True,True,False
07,174,231,168,0.08478987962007523,7.0213464696223316,2.7075687552360814,0.03847490357502826,1.373021829405555,1,0.6656536262440776,True,True,False
07,175,231,168,0.0837358757853508,6.293924466338258,2.668208021085581,0.02066848308089671,1.344438252083239,1,0.6656536262440776,True,True,False
07,176,231,168,0.08382460474967957,5.648604269293923,2.6715215167877164,0.004871816592874833,1.3381966666902956,1,0.6656536262440776,True,True,False
07,177,231,168,0.0851956233382225,5.085385878489324,2.7227208544003187,0.0,1.3613604272001594,1,0.6656536262440776,True,True,False
07,178,231,168,0.08304987847805023,4.604269293924463,2.642590127913801,0.0,1.3212950639569006,1,0.6656536262440776,True,True,False
07,179,231,175,0.08276421576738358,9.617405582922824,2.6512434482130613,0.03799957256401524,1.3446215103885384,1,0.6656536262440776,True,True,False
07,180,231,175,0.0829913318157196,8.556650246305418,2.659850516055307,0.01936144469308765,1.3396059803741973,1,0.6656536262440776,True,True,False
07,181,231,175,0.08426497131586075,7.577996715927749,2.708117917961047,0.0021658963787333967,1.35514190716989,1,0.6656536262440776,True,True,False
07,182,231,175,0.0873340591788292,6.681444991789817,2.8244278293209804,0.0,1.4122139146604902,1,0.6656536262440776,True,True,False
07,183,231,175,0.0858374685049057,5.939244663382591,2.7677111967584365,0.0,1.3838555983792182,1,0.6656536262440776,True,True,False
07,184,231,175,0.08625084906816483,5.361247947454842,2.7833771727152423,0.0,1.3916885863576212,1,0.6656536262440776,True,True,False
07,185,231,175,0.08516313135623932,4.947454844006567,2.742155690533132,0.0,1.371077845266566,1,0.6656536262440776,True,True,False
07,186,231,175,0.08638276904821396,4.697865353037765,2.7883765737982986,0.0,1.3941882868991493,1,0.6656536262440776,True,True,False
07,187,231,175,0.08582038432359695,4.612479474548438,2.767063753706169,0.0,1.3835318768530844,1,0.6656536262440776,True,True,False
07,188,231,175,0.08423864096403122,4.619047619047616,2.7071200707099727,0.0,1.3535600353549864,1,0.6656536262440776,True,True,False
07,189,231,175,0.08478958159685135,4.707717569786534,2.7279991914875437,0.0,1.3639995957437718,1,0.6656536262440776,True,True,False
07,190,231,175,0.08574555069208145,4.878489326765188,2.764227766782063,0.0,1.3821138833910316,1,0.6656536262440776,True,True,False
07,191,231,175,0.0842524915933609,5.1313628899835795,2.7076449711173716,0.0,1.3538224855586858,1,0.6656536262440776,True,True,False
07,192,231,175,0.08738124370574951,5.4663382594417085,2.826215991924561,0.0,1.4131079959622805,1,0.6656536262440776,True,True,False
07,193,231,175,0.08511408418416977,6.169129720853859,2.740296938848406,0.0,1.370148469424203,1,0.6656536262440776,True,True,False
07,194,231,175,0.08489084988832474,6.954022988505748,2.7318369786512675,0.0,1.3659184893256338,1,0.6656536262440776,True,True,False
07,195,231,175,0.08477188646793365,7.287356321839081,2.7273285952166604,0.0,1.3636642976083302,1,0.6656536262440776,True,True,False
07,196,231,175,0.08385930955410004,7.620689655172415,2.6927444631565085,0.0029160377481515765,1.34783025045233,1,0.6656536262440776,True,True,False
07,197,231,175,0.08570686727762222,7.954022988505748,2.7627617727448315,0.00877291074783934,1.3857673417463354,1,0.6656536262440776,True,True,False
07,198,231,175,0.08631231635808945,8.28735632183908,2.785706612393047,0.014629783747527103,1.4001681980702871,1,0.6656536262440776,True,True,False
07,199,231,175,0.08453889936208725,8.620689655172415,2.718499030590644,0.020486656747214883,1.3694928436689293,1,0.6656536262440776,True,True,False
07,200,231,175,0.08471253514289856,8.620689655172415,2.725079344735037,0.020486656747214883,1.372783000741126,0,0.6656536262440776,True,True,False
07,201,231,175,0.08501992374658585,8.620689655172415,2.7367285196183335,0.020486656747214883,1.3786075881827742,0,0.6656536262440776,True,True,False
07,202,231,175,0.08362769335508347,8.620689655172415,2.683966852094215,0.020486656747214883,1.352226754420715,0,0.6656536262440776,True,True,False
07,203,231,175,0.08474968373775482,8.620689655172415,2.7264871733694047,0.020486656747214883,1.3734869150583098,0,0.6656536262440776,True,True,False
07,204,231,175,0.08591298013925552,8.620689655172415,2.770572878108079,0.020486656747214883,1.395529767427647,0,0.6656536262440776,True,True,False
07,205,231,175,0.0904146209359169,8.620689655172415,2.941172569420771,0.020486656747214883,1.4808296130839929,0,0.6656536262440776,True,True,False
07,206,231,175,0.08864162862300873,8.620689655172415,2.8739810819288687,0.020486656747214883,1.4472338693380418,0,0.6656536262440776,True,True,False
07,207,231,175,0.08666632324457169,8.620689655172415,2.799122490799256,0.020486656747214883,1.4098045737732354,0,0.6656536262440776,True,True,False
07,208,231,175,0.08592008799314499,8.620689655172415,2.770842246041731,0.020486656747214883,1.395664451394473,0,0.6656536262440776,True,True,False
07,209,231,175,0.08715460449457169,8.620689655172415,2.8176269948870885,0.020486656747214883,1.4190568258171516,0,0.6656536262440776,True,True,False
07,210,231,175,0.08542504161596298,8.620689655172415,2.752081362411177,0.020486656747214883,1.386284009579196,0,0.6656536262440776,True,True,False
07,211,231,175,0.0825173482298851,8.620689655172415,2.6418878537543478,0.020486656747214883,1.3311872552507813,0,0.6656536262440776,True,True,False
07,212,231,175,0.0852988064289093,8.620689655172415,2.7472973992037777,0.020486656747214883,1.3838920279754963,0,0.6656536262440776,True,True,False
07,213,231,175,0.0843425914645195,8.620689655172415,2.7110595061505465,0.020486656747214883,1.3657730814488807,0,0.6656536262440776,True,True,False
07,214,231,181,0.08490298688411713,4.610837438423646,2.5849266649303284,0.0,1.2924633324651642,0,0.6656536262440776,True,True,False
07,215,231,181,0.08436712622642517,4.407224958949097,2.565699477946814,0.0,1.282849738973407,0,0.6656536262440776,True,True,False
07,216,231,181,0.08639311045408249,4.285714285714286,2.6383937073358497,0.0,1.3191968536679248,0,0.6656536262440776,True,True,False
07,217,231,181,0.0855436697602272,4.246305418719211,2.6079149722062582,0.0,1.3039574861031291,0,0.6656536262440776,True,True,False
07,218,231,181,0.08826141804456711,4.288998357963873,2.7054303499206798,0.0,1.3527151749603399,0,0.6656536262440776,True,True,False
07,219,231,181,0.08666154742240906,4.413793103448275,2.6480254795311313,0.0,1.3240127397655657,0,0.6656536262440776,True,True,False
07,220,231,181,0.08666262030601501,4.620689655172415,2.6480639756091833,0.0,1.3240319878045916,0,0.6656536262440776,True,True,False
07,221,231,181,0.08569680899381638,4.9064039408867,2.6134097526803712,0.0,1.3067048763401856,0,0.6656536262440776,True,True,False
07,222,231,181,0.08566588163375854,5.192118226600986,2.612300049763759,0.0,1.3061500248818796,0,0.6656536262440776,True,True,False
07,223,231,187,0.0870123878121376,2.262725779967162,2.660613964387875,0.0,1.3303069821939375,0,0.6656536262440776,True,True,False
07,224,231,187,0.08534885942935944,2.022988505747129,2.6009249933672662,0.0,1.3004624966836331,0,0.6656536262440776,True,True,False
07,225,231,187,0.08731981366872787,1.9474548440065698,2.6716446947529064,0.0,1.3358223473764532,0,0.6656536262440776,True,True,False
07,226,231,187,0.08782333135604858,2.0361247947454846,2.689711385383491,0.0,1.3448556926917454,0,0.6656536262440776,True,True,False
07,227,231,187,0.08800549060106277,2.288998357963873,2.6962474313021243,0.0,1.3481237156510621,0,0.6656536262440776,True,True,False
07,228,231,187,0.0886840671300888,2.699507389162561,2.720595398668126,0.0,1.360297699334063,0,0.6656536262440776,True,True,False
07,229,231,187,0.0861189216375351,3.1921182266009858,2.6285555533887917,0.0,1.3142777766943958,0,0.6656536262440776,True,True,False
07,230,231,187,0.08940659463405609,3.763546798029557,2.7465203685648656,0.0,1.3732601842824328,0,0.6656536262440776,True,True,False
08,35,235,187,0.08474458009004593,23.382594417077176,2.5792428794063373,0.27971567831473443,1.429479278860536,1,0.6656536262440776,True,False,False
08,36,235,186,0.08709187060594559,22.858784893267654,2.663465882170197,0.27052160989459484,1.4669937460323959,1,0.6656536262440776,True,False,False
08,37,235,186,0.08691354095935822,21.334975369458128,2.6570672458634976,0.24377522903600682,1.4504212374497523,1,0.6656536262440776,True,True,True
08,38,235,186,0.08630329370498657,19.811165845648606,2.6351709974684066,0.21702884817741888,1.4260999228229128,1,0.6656536262440776,True,True,False
08,39,235,186,0.08740510046482086,18.28735632183908,2.674704865624132,0.19028246731883086,1.4324936664714816,1,0.6656536262440776,True,True,False
08,40,235,186,0.08661497384309769,16.76354679802956,2.646354375476267,0.16353608646024292,1.404945230968255,1,0.6656536262440776,True,True,False
08,41,235,25,0.08658398687839508,25.311986863711002,2.616956063425565,0.2908110178417542,1.4538835406336594,1,0.6656536262440776,True,True,False
08,42,235,33,0.08695468306541443,29.582922824302138,3.1060408495904865,0.3508739136993094,1.728457381644898,1,0.6656536262440776,True,True,False
08,43,235,33,0.08660713583230972,28.901477832512313,3.0914147842073785,0.3411230923536393,1.716268938280509,1,0.6656536262440776,True,True,False
08,44,235,33,0.08510325103998184,28.220032840722492,3.028125782868608,0.3313722710079693,1.6797490269382886,1,0.6656536262440776,True,True,False
08,45,235,33,0.08753366768360138,27.538587848932668,3.1304066510551327,0.32162144966229916,1.726014050358716,1,0.6656536262440776,True,True,False
08,46,235,34,0.08652172982692719,26.26108374384236,3.087820585491779,0.3033415966335491,1.6955810910626639,1,0.6656536262440776,True,True,False
08,47,235,34,0.0887618213891983,24.420361247947458,3.1820918744939726,0.2770026310227151,1.7295472527583438,1,0.6656536262440776,True,True,False
08,48,235,34,0.08768724650144577,22.67487684729064,3.136869812367586,0.2520264308047698,1.694448121586178,1,0.6656536262440776,True,True,False
08,49,235,34,0.08979953080415726,21.011494252873565,3.2257625019832843,0.22822502833931496,1.7269937651612997,1,0.6656536262440776,True,True,False
08,50,235,34,0.08849070966243744,19.430213464696223,3.170682496245413,0.20559842362635045,1.6881404599358818,1,0.6656536262440776,True,True,False
08,51,235,34,0.0871710404753685,17.931034482758623,3.115145964874644,0.18414661666587634,1.64964629077026,1,0.6656536262440776,True,True,False
08,52,235,34,0.08906775712966919,16.559934318555012,3.194966775275613,0.16452749419928722,1.6797471347374502,1,0.6656536262440776,True,True,False
08,53,235,34,0.08858964592218399,15.307060755336616,3.1748460978108364,0.14660008049628412,1.6607230891535603,1,0.6656536262440776,True,True,False
08,54,235,34,0.08831022679805756,14.136288998357962,3.163087113737633,0.12984746454577145,1.6464672891417023,1,0.6656536262440776,True,True,False
08,55,235,38,0.08788885176181793,12.315270935960593,3.1453541029586534,0.10379045039553511,1.6245722766770943,1,0.6656536262440776,True,True,False
08,56,235,38,0.08665016293525696,10.737274220032841,3.0932255228955565,0.08121083759267021,1.5872181802441134,1,0.6656536262440776,True,True,False
08,57,235,38,0.08606847375631332,9.351395730706074,3.0687459035705107,0.06138025153063276,1.5650630775505716,1,0.6656536262440776,True,True,False
08,58,235,38,0.08585988730192184,8.136288998357966,3.0599678186676127,0.04399324479377536,1.551980531730694,1,0.6656536262440776,True,True,False
08,59,235,42,0.08661945164203644,5.817733990147785,3.150574846790285,0.01294137247074285,1.581758109630514,1,0.6656536262440776,True,True,False
08,60,235,42,0.08833259344100952,3.978653530377668,3.2239711035861185,0.0,1.6119855517930592,1,0.6656536262440776,True,True,False
08,61,235,42,0.08812922984361649,2.4088669950738906,3.2152583824172516,0.0,1.6076291912086258,1,0.6656536262440776,True,True,False
08,62,235,42,0.08816030621528625,2.8965517241379297,3.21658978963452,0.0,1.60829489481726,1,0.6656536262440776,True,True,False
08,63,235,42,0.08827056735754013,3.1674876847290636,3.2213137156494698,0.0,1.6106568578247349,1,0.6656536262440776,True,True,False
08,64,235,42,0.09055572003126144,3.573070607553366,3.319216675321969,0.0,1.6596083376609845,1,0.6656536262440776,True,True,False
08,65,235,42,0.09288087487220764,4.001642036124794,3.418833450710007,0.0,1.7094167253550034,1,0.6656536262440776,True,True,False
08,66,235,42,0.09117317944765091,4.430213464696223,3.345670533323386,0.0,1.672835266661693,1,0.6656536262440776,True,True,False
08,67,235,42,0.08926230669021606,4.811165845648604,3.263802874911852,0.0,1.631901437455926,1,0.6656536262440776,True,True,False
08,68,235,42,0.09178698807954788,5.192118226600985,3.3719679805033067,0.004005173550669539,1.6879865770269882,1,0.6656536262440776,True,True,False
08,69,235,42,0.08923213928937912,5.573070607553366,3.2625104107970784,0.009446638509874275,1.6359785246534764,1,0.6656536262440776,True,True,False
08,70,235,51,0.09393873065710068,2.6863711001642034,3.357195302618798,0.0,1.678597651309399,1,0.6656536262440776,True,True,False
08,71,235,51,0.09082164615392685,2.1625615763546784,3.22769229912034,0.0,1.61384614956017,1,0.6656536262440776,True,True,False
08,72,235,51,0.0884471982717514,1.8850574712643666,3.1290430221824908,0.0,1.5645215110912454,1,0.6656536262440776,True,True,False
08,73,235,140,0.08637171983718872,84.95073891625617,2.7063654233970333,1.1990367034034461,1.9527010634002397,1,0.6656536262440776,True,True,False
08,74,235,140,0.09089168906211853,79.98522167487685,2.8725390576175234,1.122398411595123,1.9974687346063233,1,0.6656536262440776,True,True,False
08,75,235,145,0.08851254731416702,79.61740558292283,2.7850715084133735,1.116721501090803,1.9508965047520883,1,0.6656536262440776,True,True,False
08,76,235,140,0.08877747505903244,70.72906403940885,2.794811399102742,0.9795379450198861,1.887174672061314,1,0.6656536262440776,True,True,False
08,77,235,140,0.09112920612096786,66.20032840722494,2.8812712128367814,0.9096409844354435,1.8954560986361124,1,0.6656536262440776,True,True,False
08,78,235,140,0.09133913367986679,61.753694581280776,2.888989058611674,0.8410111913742867,1.8650001249929804,1,0.6656536262440776,True,True,False
08,79,235,140,0.08891616016626358,57.38916256157635,2.799910063968367,0.7736485658364157,1.7867793149023914,1,0.6656536262440776,True,True,False
08,80,235,145,0.08917288482189178,55.80952380952383,2.809348373588806,0.7492682626883981,1.779308318138602,1,0.6656536262440776,True,True,False
08,81,235,145,0.08720225840806961,51.233169129720864,2.7368996164004633,0.6786363449404496,1.7077679806704564,1,0.6656536262440776,True,True,False
08,82,235,145,0.08944308757781982,46.75533661740558,2.8192821965186847,0.6095250282204441,1.7144036123695643,1,0.6656536262440776,True,True,False
08,83,235,137,0.08975974470376968,42.228243021346465,2.7555228573531245,0.5295700005529912,1.6425464289530578,1,0.6656536262440776,True,True,False
08,84,235,137,0.08866444230079651,38.60755336617405,2.716279166918065,0.47261938917243246,1.5944492780452486,1,0.6656536262440776,True,True,False
08,85,235,137,0.08820687234401703,35.068965517241374,2.69988485089402,0.416960174875333,1.5584225128846765,1,0.6656536262440776,True,True,False
08,86,235,137,0.08752672374248505,31.61247947454844,2.6755157441560944,0.362592357661693,1.5190540509088937,1,0.6656536262440776,True,True,False
08,87,235,137,0.0909615084528923,28.238095238095237,2.798580961141289,0.30951593753151235,1.5540484493364006,1,0.6656536262440776,True,True,False
08,88,235,137,0.0893736481666565,24.945812807881772,2.741689369049448,0.2577309144847912,1.4997101417671195,1,0.6656536262440776,True,True,False
08,89,235,137,0.09052104502916336,21.735632183908045,2.7827995566617005,0.20723728852152928,1.495018422591615,1,0.6656536262440776,True,True,False
08,90,235,137,0.0926528126001358,18.60755336617406,2.8591788528338378,0.15803505964172687,1.5086069562377824,1,0.6656536262440776,True,True,False
08,91,235,137,0.090884268283844,15.990147783251235,2.795813516027451,0.11686532062104174,1.4563394183242464,1,0.6656536262440776,True,True,False
08,92,235,137,0.09143311530351639,13.454844006568145,2.8154782063246344,0.07698697868381595,1.4462325925042252,1,0.6656536262440776,True,True,False
08,93,235,137,0.0882209986448288,11.001642036124796,2.7003909834237625,0.0384000338300496,1.369395508626906,1,0.6656536262440776,True,True,False
08,94,235,137,0.0889953076839447,10.858784893267652,2.728133773131563,0.036153002904830256,1.3821433880181966,1,0.6656536262440776,True,True,False
08,95,235,137,0.09188418090343475,10.71592775041051,2.831639477149067,0.033905971979610934,1.432772724564339,1,0.6656536262440776,True,True,False
08,96,235,137,0.09316811710596085,10.334975369458128,2.8776417453204206,0.027913889512359392,1.45277781741639,1,0.6656536262440776,True,True,False
08,97,235,137,0.09342129528522491,10.192118226600986,2.8867128895678733,0.025666858587140073,1.4561898740775068,1,0.6656536262440776,True,True,False
08,98,235,137,0.09104251116514206,10.049261083743843,2.8014832147612037,0.023419827661920755,1.4124515212115623,1,0.6656536262440776,True,True,False
08,99,235,131,0.09184272587299347,15.620689655172415,2.8301541810544015,0.11105403374547447,1.470604107399938,1,0.6656536262440776,True,True,False
08,100,235,131,0.09064264595508575,15.192118226600986,2.78715640740955,0.10431294096981648,1.4457346741896833,1,0.6656536262440776,True,True,False
08,101,235,131,0.08988203853368759,14.52545155993432,2.759904534221895,0.09382679665212632,1.4268656654370107,1,0.6656536262440776,True,True,False
08,102,235,131,0.08877068012952805,13.858784893267652,2.720085571845066,0.0833406523344361,1.401713112089751,1,0.6656536262440776,True,True,False
08,103,235,129,0.08982601761817932,15.09688013136289,2.76007403726648,0.1129793288388628,1.4365266830526715,1,0.6656536262440776,True,True,False
08,104,235,131,0.09085731953382492,12.919540229885055,2.7948479667869037,0.06856706969966071,1.4317075182432821,1,0.6656536262440776,True,True,False
08,105,235,131,0.09159128367900848,12.551724137931036,2.8211452355830193,0.06278161076576275,1.441963423174391,1,0.6656536262440776,True,True,False
08,106,235,131,0.08704123646020889,12.239737274220028,2.6581211757117207,0.05787430184861699,1.357997738780169,1,0.6656536262440776,True,True,False
08,107,235,131,0.08604809641838074,11.954022988505745,2.6225378699010413,0.05338023999817839,1.3379590549496099,1,0.6656536262440776,True,True,False
08,108,235,131,0.08814773708581924,11.668308702791458,2.6977660882945664,0.048886178147739726,1.373326133221153,1,0.6656536262440776,True,True,False
08,109,235,131,0.08603277057409286,11.382594417077174,2.6219887588178765,0.04439211629730109,1.3331904375575887,1,0.6656536262440776,True,True,False
08,110,235,131,0.0867442637681961,11.096880131362887,2.647480913843052,0.039898054446862424,1.3436894841449574,1,0.6656536262440776,True,True,False
08,111,235,131,0.08686906099319458,10.811165845648603,2.651952285084182,0.03540399259642379,1.343678138840303,1,0.6656536262440776,True,True,False
08,112,235,131,0.08708026260137558,10.525451559934316,2.6595194469093943,0.030909930745985123,1.3452146888276897,1,0.6656536262440776,True,True,False
08,113,235,131,0.08675143122673035,10.23973727422003,2.647737717373438,0.02641586889554646,1.3370767931344922,1,0.6656536262440776,True,True,False
08,114,235,131,0.08721177279949188,9.954022988505745,2.6642313378811666,0.021921807045107822,1.3430765724631373,1,0.6656536262440776,True,True,False
08,115,235,131,0.08735346049070358,9.668308702791458,2.6693078791881852,0.017427745194669157,1.3433678121914272,1,0.6656536262440776,True,True,False
08,116,235,131,0.08617621660232544,9.382594417077174,2.6271282997435765,0.01293368334423052,1.3200309915439035,1,0.6656536262440776,True,True,False
08,117,235,131,0.08767494559288025,9.096880131362887,2.6808263984528726,0.008439621493791856,1.3446330099733323,1,0.6656536262440776,True,True,False
08,118,235,131,0.08602700382471085,8.811165845648603,2.621782141424406,0.00394555964335322,1.3128638505338797,1,0.6656536262440776,True,True,False
08,119,235,131,0.09001045674085617,8.525451559934316,2.764505641965902,0.0,1.382252820982951,1,0.6656536262440776,True,True,False
08,120,235,131,0.08550681918859482,8.525451559934316,2.6031443983012297,0.0,1.3015721991506148,1,0.6656536262440776,True,True,False
08,121,235,137,0.08668234199285507,4.515599343185551,2.6452623128648414,0.0,1.3226311564324207,1,0.6656536262440776,True,True,False
08,122,235,137,0.08610228449106216,4.311986863711002,2.62447937933607,0.0,1.312239689668035,1,0.6656536262440776,True,True,False
08,123,235,137,0.0873502716422081,4.190476190476191,2.669193625642442,0.0,1.334596812821221,1,0.6656536262440776,True,True,False
08,124,235,137,0.09243593364953995,4.246305418719211,2.8514082769855964,0.0,1.4257041384927982,1,0.6656536262440776,True,True,False
08,125,235,137,0.08898737281560898,4.288998357963873,2.727849474004888,0.0,1.363924737002444,1,0.6656536262440776,True,True,False
08,126,235,137,0.0864749401807785,4.413793103448275,2.637831294283389,0.0,1.3189156471416945,1,0.6656536262440776,True,True,False
08,127,235,137,0.08922507613897324,4.620689655172415,2.7363661682184404,0.0,1.3681830841092202,1,0.6656536262440776,True,True,False
08,128,235,137,0.08838197588920593,4.9064039408867,2.7061586519035146,0.0,1.3530793259517573,1,0.6656536262440776,True,True,False
08,129,235,137,0.08865001052618027,5.192118226600986,2.7157620895393144,0.0,1.3578810447696572,1,0.6656536262440776,True,True,False
08,130,235,137,0.08829779922962189,5.477832512315271,2.7031426786329305,0.0,1.3515713393164652,1,0.6656536262440776,True,True,False
08,131,235,137,0.0866013765335083,5.763546798029557,2.642361393982611,0.0,1.3211806969913056,1,0.6656536262440776,True,True,False
08,132,235,137,0.08498875796794891,6.0492610837438425,2.584582735226037,0.0,1.2922913676130185,1,0.6656536262440776,True,True,False
08,133,235,142,0.0857422724366188,2.72249589490969,2.683224212274082,0.0,1.341612106137041,1,0.6656536262440776,True,True,False
08,134,235,142,0.0869794636964798,2.8522167487684746,2.7287087183948335,0.0,1.3643543591974168,1,0.6656536262440776,True,True,False
08,135,235,142,0.08654022216796875,3.064039408866996,2.712560298469612,0.0,1.356280149234806,1,0.6656536262440776,True,True,False
08,136,235,142,0.0877358689904213,3.3579638752052547,2.756517451238546,0.0,1.378258725619273,1,0.6656536262440776,True,True,False
08,137,235,142,0.08696763217449188,3.7339901477832504,2.7282737404316544,0.0,1.3641368702158272,1,0.6656536262440776,True,True,False
08,138,235,142,0.08566251397132874,4.192118226600986,2.6802919458409393,0.0,1.3401459729204697,1,0.6656536262440776,True,True,False
08,139,235,142,0.08517392724752426,4.7159277504105095,2.662329382937044,0.0,1.331164691468522,1,0.6656536262440776,True,True,False
08,140,235,142,0.08842218667268753,5.239737274220033,2.7817494600900523,0.0,1.3908747300450262,1,0.6656536262440776,True,True,False
08,141,235,142,0.08915586769580841,5.763546798029557,2.808722750372244,0.0,1.404361375186122,1,0.6656536262440776,True,True,False
08,142,235,142,0.08653783798217773,6.001642036124795,2.7124726454795507,0.0,1.3562363227397753,1,0.6656536262440776,True,True,False
08,143,235,142,0.08780758082866669,6.239737274220033,2.759153888830232,0.0,1.379576944415116,1,0.6656536262440776,True,True,False
08,144,235,142,0.08467726409435272,6.477832512315271,2.6440698955293165,0.0,1.3220349477646582,1,0.6656536262440776,True,True,False
08,145,235,142,0.08757317066192627,6.7159277504105095,2.750535956413648,0.0,1.375267978206824,1,0.6656536262440776,True,True,False
08,146,235,142,0.08566871285438538,6.954022988505748,2.6805198436150985,0.0,1.3402599218075493,1,0.6656536262440776,True,True,False
08,147,235,142,0.08654837310314178,7.192118226600986,2.712859962129384,0.0,1.356429981064692,1,0.6656536262440776,True,True,False
08,148,235,142,0.0882415696978569,7.430213464696224,2.775109198261725,0.002577127917030064,1.3888431630893774,1,0.6656536262440776,True,True,False
08,149,235,151,0.0866752564907074,3.152709359605911,2.779572174937528,0.0,1.389786087468764,1,0.6656536262440776,True,True,False
08,150,235,151,0.08564642071723938,3.0443349753694573,2.7409943328802866,0.0,1.3704971664401433,1,0.6656536262440776,True,True,False
08,151,235,151,0.08973633497953415,3.018062397372741,2.8943522064178846,0.0,1.4471761032089423,1,0.6656536262440776,True,True,False
08,152,235,151,0.08839302510023117,3.0738916256157616,2.8439826550336056,0.0,1.4219913275168028,1,0.6656536262440776,True,True,False
08,153,235,151,0.0886552482843399,3.2118226600985187,2.853815132520459,0.0,1.4269075662602295,1,0.6656536262440776,True,True,False
08,154,235,151,0.08481910824775696,3.193760262725778,2.7099729292678365,0.0,1.3549864646339183,1,0.6656536262440776,True,True,False
08,155,235,151,0.08526581525802612,3.257799671592774,2.7267229227385505,0.0,1.3633614613692753,1,0.6656536262440776,True,True,False
08,156,235,151,0.08579669147729874,3.403940886699507,2.7466289752565434,0.0,1.3733144876282717,1,0.6656536262440776,True,True,False
08,157,235,151,0.08712427318096161,3.6321839080459775,2.796408773551612,0.0,1.398204386775806,1,0.6656536262440776,True,True,False
08,158,235,151,0.08830761909484863,3.9425287356321843,2.840780220328909,0.0,1.4203901101644545,1,0.6656536262440776,True,True,False
08,159,235,151,0.08511492609977722,4.334975369458128,2.721065092533585,0.0,1.3605325462667925,1,0.6656536262440776,True,True,False
08,160,235,151,0.0853644460439682,4.763546798029557,2.7304212417319005,0.0,1.3652106208659502,1,0.6656536262440776,True,True,False
08,161,235,151,0.08723967522382736,5.192118226600986,2.8007359576344046,0.0,1.4003679788172023,1,0.6656536262440776,True,True,False
08,162,235,151,0.0902014672756195,5.620689655172415,2.911793085435551,0.00612237692280536,1.4589577311791782,1,0.6656536262440776,True,True,False
08,163,235,151,0.08730843663215637,6.0492610837438425,2.803314276563973,0.01567282271084926,1.409493549637411,1,0.6656536262440776,True,True,False
08,164,235,151,0.08470916748046875,6.477832512315271,2.705850524443401,0.02522326849889318,1.3655368964711472,1,0.6656536262440776,True,True,False
08,165,235,151,0.08616112917661667,6.9064039408867,2.760294149394686,0.0347737142869371,1.3975339318408115,1,0.6656536262440776,True,True,False
08,166,235,151,0.08657597005367279,7.334975369458128,2.7758492712583176,0.044324160074981,1.4100867156666492,1,0.6656536262440776,True,True,False
08,167,235,151,0.08803283423185349,7.763546798029557,2.830476722610692,0.05387460586302492,1.4421756642368586,1,0.6656536262440776,True,True,False
08,168,235,151,0.08904225379228592,8.192118226600986,2.8683265227207606,0.06342505165106885,1.4658757871859147,1,0.6656536262440776,True,True,False
08,169,235,151,0.08861689269542694,8.620689655172415,2.8523769283976486,0.07297549743911276,1.4626762129183806,1,0.6656536262440776,True,True,False
08,170,235,151,0.08884504437446594,8.620689655172415,2.860931840334072,0.07297549743911276,1.4669536688865923,1,0.6656536262440776,True,True,False
08,171,235,151,0.08848331868648529,8.620689655172415,2.8473683573965314,0.07297549743911276,1.460171927417822,1,0.6656536262440776,True,True,False
08,172,235,161,0.08912952244281769,4.154351395730706,2.869628438347911,0.0,1.4348142191739555,1,0.6656536262440776,True,True,False
08,173,235,164,0.08825935423374176,4.482758620689657,2.8371328644085527,0.0,1.4185664322042764,1,0.6656536262440776,True,True,False
08,174,235,168,0.09098748862743378,6.497536945812807,2.9390123538935446,0.025652673016048653,1.4823325134547967,1,0.6656536262440776,True,True,False
08,175,235,168,0.08811216056346893,5.770114942528735,2.8316360618985694,0.00784625252191713,1.4197411572102432,1,0.6656536262440776,True,True,False
08,176,235,168,0.08645743131637573,5.124794745484399,2.7698418294298404,0.0,1.3849209147149202,1,0.6656536262440776,True,True,False
08,177,235,168,0.09067896008491516,4.561576354679801,2.9274906596265673,0.0,1.4637453298132836,1,0.6656536262440776,True,True,False
08,178,235,168,0.08891527354717255,4.110016420361246,2.8616275245507317,0.0,1.4308137622753658,1,0.6656536262440776,True,True,False
08,179,235,168,0.08516188710927963,3.793103448275861,2.7214610081882715,0.0,1.3607305040941358,1,0.6656536262440776,True,True,False
08,180,235,168,0.08731028437614441,3.5582922824302132,2.801690786187927,0.0,1.4008453930939635,1,0.6656536262440776,True,True,False
08,181,235,168,0.08654395490884781,3.4778325123152714,2.7730729676940857,0.0,1.3865364838470429,1,0.6656536262440776,True,True,False
08,182,235,168,0.08837909251451492,3.4893267651888342,2.8416043724637228,0.0,1.4208021862318614,1,0.6656536262440776,True,True,False
08,183,235,168,0.08981245011091232,3.5829228243021345,2.895131698869655,0.0,1.4475658494348276,1,0.6656536262440776,True,True,False
08,184,235,168,0.08680926263332367,3.7586206896551717,2.7829806231191716,0.0,1.3914903115595858,1,0.6656536262440776,True,True,False
08,185,235,168,0.08805279433727264,4.016420361247945,2.8294190887056385,0.0,1.4147095443528193,1,0.6656536262440776,True,True,False
08,186,235,168,0.08856010437011719,4.356321839080457,2.8483640817662157,0.0,1.4241820408831078,1,0.6656536262440776,True,True,False
08,187,235,168,0.08865972608327866,4.778325123152707,2.8520843564352267,0.0,1.4260421782176134,1,0.6656536262440776,True,True,False
08,188,235,168,0.08793244510889053,5.282430213464695,2.824924765414296,0.0,1.412462382707148,1,0.6656536262440776,True,True,False
08,189,235,171,0.0890008881688118,4.210180623973729,2.887596021543908,0.0,1.443798010771954,1,0.6656536262440776,True,True,False
08,190,235,171,0.09111379832029343,4.532019704433499,2.9676694516322337,0.0,1.4838347258161169,1,0.6656536262440776,True,True,False
08,191,235,171,0.08931904286146164,5.018062397372743,2.899653201316226,0.0,1.449826600658113,1,0.6656536262440776,True,True,False
08,192,235,171,0.08804041892290115,5.668308702791462,2.8511969030293405,0.0,1.4255984515146702,1,0.6656536262440776,True,True,False
08,193,235,171,0.09054956585168839,6.144499178981938,2.946286607171608,0.0,1.473143303585804,1,0.6656536262440776,True,True,False
08,194,235,175,0.08749310672283173,3.6469622331691305,2.8304552897818414,0.0,1.4152276448909207,1,0.6656536262440776,True,True,False
08,195,235,175,0.08753681927919388,3.507389162561578,2.832111874338166,0.0,1.416055937169083,1,0.6656536262440776,True,True,False
08,196,235,175,0.08820544183254242,3.5320197044334996,2.857450813262516,0.0,1.428725406631258,1,0.6656536262440776,True,True,False
08,197,235,175,0.08696737140417099,3.7208538587848947,2.8105313804503327,0.0,1.4052656902251663,1,0.6656536262440776,True,True,False
08,198,235,175,0.08773644268512726,4.001642036124795,2.8396770473427027,0.0,1.4198385236713513,1,0.6656536262440776,True,True,False
08,199,235,175,0.09092947095632553,4.334975369458128,2.9606839561620646,0.0,1.4803419780810323,1,0.6656536262440776,True,True,False
08,200,235,175,0.08826130628585815,4.668308702791462,2.8595679209842353,0.0,1.4297839604921176,1,0.6656536262440776,True,True,False
08,201,235,175,0.08621788769960403,5.001642036124795,2.78212802833529,0.0,1.391064014167645,1,0.6656536262440776,True,True,False
08,202,235,175,0.08803951740264893,5.334975369458128,2.851162737914066,0.0,1.425581368957033,1,0.6656536262440776,True,True,False
08,203,235,175,0.08839001506567001,5.668308702791462,2.8644456264913964,0.0,1.4322228132456982,1,0.6656536262440776,True,True,False
08,204,235,175,0.08545447885990143,6.001642036124795,2.7531969522496023,0.0,1.3765984761248011,1,0.6656536262440776,True,True,False
08,205,235,175,0.08657233417034149,6.334975369458128,2.795560565764649,0.0,1.3977802828823245,1,0.6656536262440776,True,True,False
08,206,235,175,0.08550757169723511,6.668308702791462,2.7552090234185767,0.0,1.3776045117092883,1,0.6656536262440776,True,True,False
08,207,235,175,0.09221044927835464,7.001642036124795,3.0092294790475185,0.0,1.5046147395237592,1,0.6656536262440776,True,True,False
08,208,235,175,0.08647672832012177,7.334975369458128,2.791937369407607,0.0,1.3959686847038035,1,0.6656536262440776,True,True,False
08,209,235,175,0.08461948484182358,7.668308702791462,2.7215529965973273,0.003752733890964112,1.3626528652441456,1,0.6656536262440776,True,True,False
08,210,235,181,0.08779456466436386,3.848932676518884,2.688679209290733,0.0,1.3443396046453664,1,0.6656536262440776,True,True,False
08,211,235,181,0.08534702658653259,3.835796387520526,2.600859229233928,0.0,1.300429614616964,1,0.6656536262440776,True,True,False
08,212,235,181,0.08393850922584534,3.9047619047619047,2.5503202947652057,0.0,1.2751601473826029,1,0.6656536262440776,True,True,False
08,213,235,181,0.08383534103631973,4.05582922824302,2.5466185225931204,0.0,1.2733092612965602,1,0.6656536262440776,True,True,False
08,214,235,181,0.08380471169948578,4.288998357963873,2.5455195130315227,0.0,1.2727597565157613,1,0.6656536262440776,True,True,False
08,215,235,181,0.0838775560259819,4.413793103448275,2.5481332363309,0.0,1.27406661816545,1,0.6656536262440776,True,True,False
08,216,235,181,0.08536618202924728,4.620689655172415,2.601546544627474,0.0,1.300773272313737,1,0.6656536262440776,True,True,False
08,217,235,181,0.08486617356538773,4.9064039408867,2.5836057682521836,0.0,1.2918028841260918,1,0.6656536262440776,True,True,False
08,218,235,181,0.08187161386013031,5.192118226600986,2.476158135066578,0.0,1.238079067533289,1,0.6656536262440776,True,True,False
08,219,235,181,0.08323695510625839,5.477832512315271,2.5251478697275993,0.0,1.2625739348637997,1,0.6656536262440776,True,True,False
08,220,235,187,0.08993741124868393,2.2266009852216775,2.7655665705147627,0.0,1.3827832852573814,1,0.6656536262440776,True,True,False
08,221,235,187,0.0879296362400055,2.0689655172413817,2.693525705117102,0.0,1.346762852558551,1,0.6656536262440776,True,True,False
08,222,235,187,0.08618266880512238,2.0755336617405593,2.630842862026357,0.0,1.3154214310131784,1,0.6656536262440776,True,True,False
08,223,235,187,0.08691044896841049,2.246305418719211,2.656956302305224,0.0,1.328478151152612,1,0.6656536262440776,True,True,False
08,224,235,187,0.08679445087909698,2.574712643678159,2.6527941811997717,0.0,1.3263970905998859,0,0.6656536262440776,True,True,False
08,225,235,187,0.086360864341259,2.9852216748768465,2.6372366863232997,0.0,1.3186183431616498,0,0.6656536262440776,True,True,False
08,226,235,187,0.08722225576639175,3.4778325123152714,2.668144224988966,0.0,1.334072112494483,0,0.6656536262440776,True,True,False
08,227,235,187,0.08706655353307724,4.0492610837438425,2.6625574816617297,0.0,1.3312787408308648,0,0.6656536262440776,True,True,False
08,228,235,187,0.08445948362350464,4.620689655172415,2.5690133486657545,0.0,1.2845066743328772,0,0.6656536262440776,True,True,False
08,229,235,187,0.08542586117982864,5.192118226600986,2.6036878889690938,0.0,1.3018439444845469,0,0.6656536262440776,True,True,False
08,230,235,187,0.08513655513525009,5.763546798029557,2.593307314588934,0.0,1.296653657294467,0,0.6656536262440776,True,True,False
08,231,235,187,0.08703722059726715,6.0492610837438425,2.6615049881944444,0.0,1.3307524940972222,0,0.6656536262440776,True,True,False
08,232,235,187,0.08831550180912018,6.334975369458128,2.707370926521905,0.0,1.3536854632609525,0,0.6656536262440776,True,True,False
08,233,235,187,0.08688950538635254,6.620689655172415,2.656204826781592,0.0,1.328102413390796,0,0.6656536262440776,True,True,False
08,234,235,187,0.09068498760461807,6.9064039408867,2.7923903169004567,0.0,1.3961951584502283,0,0.6656536262440776,True,True,False
09,35,229,34,0.09100854396820068,16.931034482758623,3.2766422210602317,0.16983758004054364,1.7232399005503878,0,0.6656536262440776,True,False,False
09,36,229,41,0.07249196618795395,22.188834154351394,2.5453099756110342,0.24678363817449783,1.396046806892766,0,0.6656536262440776,True,False,False
09,37,229,42,0.07091128081083298,22.04597701149425,2.477588558783698,0.244743088814796,1.361165823799247,0,0.6656536262440776,True,True,True
09,38,229,42,0.07094626128673553,21.054187192118228,2.4790872298182403,0.23057651624859063,1.3548318730334155,0,0.6656536262440776,True,True,False
09,39,229,42,0.07370137423276901,20.1576354679803,2.5971247310979426,0.21777030992218646,1.4074475205100645,0,0.6656536262440776,True,True,False
09,40,229,41,0.07701248675584793,18.77175697865353,2.738982962080034,0.19797463567404508,1.4684787988770396,0,0.6656536262440776,True,True,False
09,41,229,41,0.07693547755479813,18.159277504105088,2.735683651363734,0.18922607347670292,1.4624548624202185,0,0.6656536262440776,True,True,False
09,42,229,41,0.07464955002069473,17.711001642036123,2.6377474942923866,0.18282297031350084,1.4102852323029438,0,0.6656536262440776,True,True,False
09,43,229,41,0.0726027861237526,17.426929392446635,2.5500578420578464,0.17876532618443872,1.3644115841211426,0,0.6656536262440776,True,True,False
09,44,229,41,0.07342668622732162,17.307060755336618,2.585356253206249,0.17705314108951653,1.3812046971478826,0,0.6656536262440776,True,True,False
09,45,229,41,0.07624951004981995,15.80295566502463,2.7062946964160726,0.15556873633679438,1.4309317163764335,0,0.6656536262440776,True,True,False
09,46,229,41,0.072797991335392,14.380952380952381,2.5584210329215322,0.13525706110114227,1.3468390470113372,0,0.6656536262440776,True,True,False
09,47,229,42,0.07783874124288559,12.577996715927746,2.7743822422480138,0.10950392090628533,1.4419430815771495,0,0.6656536262440776,True,True,False
09,48,229,42,0.07794827967882156,11.259441707717569,2.779075205304423,0.09066988486214142,1.4348725450832822,0,0.6656536262440776,True,True,False
09,49,229,42,0.07697965949773788,10.036124794745485,2.7375765415095987,0.07319621505779866,1.4053863782836986,0,0.6656536262440776,True,True,False
09,50,229,42,0.07549463957548141,8.847290640394089,2.673953726616985,0.05621509165062528,1.365084409133805,0,0.6656536262440776,True,True,False
09,51,229,42,0.06775885075330734,7.740558292282431,2.3425287720388126,0.040406697760521894,1.1914677348996672,0,0.6656536262440776,True,True,False
09,52,229,42,0.06855309754610062,6.7159277504105095,2.3765567442697546,0.02577103338748847,1.2011638888286216,0,0.6656536262440776,True,True,False
09,53,229,42,0.06976927816867828,7.09688013136289,2.4286616577908267,0.031212498346693197,1.22993707806876,0,0.6656536262440776,True,True,False
09,54,229,42,0.07107266038656235,7.477832512315271,2.4845025555053564,0.03665396330589793,1.2605782594056272,0,0.6656536262440776,True,True,False
09,55,229,42,0.0749344453215599,7.858784893267652,2.6499532840727547,0.04209542826510265,1.3460243561689287,0,0.6656536262440776,True,True,False
09,56,229,42,0.07717227935791016,8.239737274220033,2.745828967975205,0.04753689322430739,1.3966829305997561,0,0.6656536262440776,True,True,False
09,57,229,42,0.07331372052431107,8.28735632183908,2.580516455501088,0.04821707634420798,1.3143667659226481,0,0.6656536262440776,True,True,False
09,58,229,42,0.06958019733428955,8.28735632183908,2.4205608540603447,0.04821707634420798,1.2343889652022764,0,0.6656536262440776,True,True,False
09,59,229,42,0.07213005423545837,8.28735632183908,2.5298045559086084,0.04821707634420798,1.2890108161264082,0,0.6656536262440776,True,True,False
09,60,229,42,0.06870142370462418,8.28735632183908,2.3829114925031236,0.04821707634420798,1.2155642844236658,0,0.6656536262440776,True,True,False
09,61,229,42,0.06969559192657471,8.334975369458128,2.425504712842664,0.04889725946410857,1.2372009861533864,0,0.6656536262440776,True,True,False
09,62,229,42,0.07332725077867508,8.382594417077176,2.5810961331578994,0.04957744258400916,1.3153367878709543,0,0.6656536262440776,True,True,False
09,63,229,42,0.07661138474941254,8.430213464696223,2.721798520089708,0.05025762570390974,1.3860280728968088,0,0.6656536262440776,True,True,False
09,64,229,42,0.07393880933523178,8.47783251231527,2.607297180198857,0.050937808823810334,1.3291174945113338,0,0.6656536262440776,True,True,False
09,65,229,42,0.07112229615449905,8.52545155993432,2.4866291042661914,0.05161799194371095,1.2691235481049512,0,0.6656536262440776,True,True,False
09,66,229,42,0.07034973800182343,8.573070607553367,2.4535303399972412,0.052298175063611535,1.2529142575304264,0,0.6656536262440776,True,True,False
09,67,229,42,0.06946639716625214,8.620689655172415,2.4156853053102707,0.052978358183512125,1.2343318317468914,0,0.6656536262440776,True,True,False
09,68,229,42,0.0737047791481018,8.620689655172415,2.59727060812942,0.052978358183512125,1.3251244831564661,0,0.6656536262440776,True,True,False
09,69,229,42,0.07424109429121017,8.620689655172415,2.620247996218761,0.052978358183512125,1.3366131772011365,0,0.6656536262440776,True,True,False
09,70,229,42,0.07495368272066116,8.620689655172415,2.6507774733403133,0.052978358183512125,1.3518779157619127,0,0.6656536262440776,True,True,False
09,71,229,42,0.07292664051055908,8.620689655172415,2.5639327587476113,0.052978358183512125,1.3084555584655617,0,0.6656536262440776,True,True,False
09,72,229,42,0.07422679662704468,8.620689655172415,2.6196354403688593,0.052978358183512125,1.3363068992761857,0,0.6656536262440776,True,True,False
09,73,229,42,0.07494885474443436,8.620689655172415,2.650570628009028,0.052978358183512125,1.35177449309627,0,0.6656536262440776,True,True,False
09,74,229,42,0.07677312195301056,8.620689655172415,2.728727838687757,0.052978358183512125,1.3908530984356346,0,0.6656536262440776,True,True,False
09,75,229,42,0.07799965143203735,8.620689655172415,2.781276129006908,0.052978358183512125,1.41712724359521,0,0.6656536262440776,True,True,False
09,76,229,54,0.07777316868305206,4.5779967159277515,2.6855776975304018,0.0,1.3427888487652009,0,0.6656536262440776,True,True,False
09,77,229,42,0.07924437522888184,9.192118226600986,2.834603919787476,0.061140555622319216,1.4478722377048976,0,0.6656536262440776,True,True,False
09,78,229,42,0.07837770879268646,9.192118226600986,2.797473267587258,0.061140555622319216,1.4293069116047885,0,0.6656536262440776,True,True,False
09,79,229,42,0.07241588085889816,9.192118226600986,2.5420502464087456,0.061140555622319216,1.3015954010155324,0,0.6656536262440776,True,True,False
09,80,229,42,0.07366911321878433,9.192118226600986,2.5957425701651275,0.061140555622319216,1.3284415628937234,0,0.6656536262440776,True,True,False
09,81,229,145,0.08234438300132751,88.53858784893266,2.5583030882479485,1.2544119241710334,1.906357506209491,0,0.6656536262440776,True,True,False
09,82,229,145,0.07857561856508255,83.91954022988504,2.4197469937866,1.1831210793109765,1.8014340365487884,0,0.6656536262440776,True,True,False
09,83,229,145,0.07986956834793091,79.30049261083744,2.467318188901997,1.1118302344509199,1.7895742116764584,0,0.6656536262440776,True,True,False
09,84,229,145,0.07799544185400009,74.68144499178982,2.398417186486383,1.0405393895908628,1.7194782880386228,0,0.6656536262440776,True,True,False
09,85,229,145,0.07595333456993103,70.10509031198684,2.3233404830897664,0.9699074718429143,1.6466239774663403,0,0.6656536262440776,True,True,False
09,86,229,137,0.09684297442436218,61.80131362889982,3.0093085458358657,0.8374390652497079,1.923373805542787,0,0.6656536262440776,True,True,False
09,87,229,145,0.08054143190383911,61.497536945812804,2.4920188015012568,0.8370576287016352,1.664538215101446,0,0.6656536262440776,True,True,False
09,88,229,145,0.08511310815811157,57.085385878489326,2.6600934099437006,0.7689600460002585,1.7145267279719796,0,0.6656536262440776,True,True,False
09,89,229,145,0.08289282768964767,52.75533661740558,2.578466289033569,0.7021296308221675,1.6402979599278682,0,0.6656536262440776,True,True,False
09,90,229,145,0.07926005870103836,48.50738916256157,2.4449099759084327,0.6365663831673621,1.5407381795378974,0,0.6656536262440776,True,True,False
09,91,229,145,0.07965995371341705,44.3415435139573,2.4596118475820496,0.5722703030358425,1.515941075308946,0,0.6656536262440776,True,True,False
09,92,229,151,0.07754046469926834,41.88341543513958,2.4370485535357953,0.8142145025287894,1.6256315280322924,0,0.6656536262440776,True,True,False
09,93,229,151,0.08008790016174316,37.185550082101805,2.5325687186162757,0.7095255163234496,1.6210471174698626,0,0.6656536262440776,True,True,False
09,94,229,142,0.08398532122373581,33.66009852216749,2.6186310804043846,0.407411808256365,1.5130214443303749,0,0.6656536262440776,True,True,False
09,95,229,142,0.08742842078208923,30.047619047619047,2.745214324254554,0.3516564372317916,1.5484353807431728,0,0.6656536262440776,True,True,False
09,96,229,142,0.09015952050685883,26.51724137931034,2.845621372200902,0.2971682337305038,1.571394802965703,0,0.6656536262440776,True,True,False
09,97,229,142,0.08340492099523544,23.64039408866995,2.5972930556363494,0.25276668371457073,1.42502986967546,0,0.6656536262440776,True,True,False
09,98,229,142,0.08494262397289276,20.274220032840724,2.653825673323133,0.20081281525985456,1.427319244291494,0,0.6656536262440776,True,True,False
09,99,229,142,0.0801335871219635,16.990147783251235,2.4770246618889047,0.15012611432842413,1.3135753881086645,0,0.6656536262440776,True,True,False
09,100,229,142,0.08235771209001541,13.788177339901479,2.55879312324551,0.10070658092027943,1.3297498520828948,0,0.6656536262440776,True,True,False
09,101,229,142,0.08046186715364456,10.668308702791462,2.4890936568735564,0.05255421503542049,1.2708239359544884,0,0.6656536262440776,True,True,False
09,102,229,151,0.08853152394294739,5.875205254515598,2.849175890550103,0.011794097601528714,1.4304849940758158,0,0.6656536262440776,True,True,False
09,103,229,145,0.08725226670503616,8.114942528735634,2.738738137866998,0.013145305061233332,1.3759417214641156,0,0.6656536262440776,True,True,False
09,104,229,145,0.08549618721008301,7.993431855500822,2.6741770541217913,0.011269897126770399,1.3427234756242807,0,0.6656536262440776,True,True,False
09,105,229,145,0.08450999110937119,7.954022988505748,2.637920216529738,0.01066165671559322,1.3242909366226656,0,0.6656536262440776,True,True,False
09,106,229,145,0.08249770104885101,7.954022988505748,2.5639397233400745,0.01066165671559322,1.2873006900278339,0,0.6656536262440776,True,True,False
09,107,229,142,0.08202987164258957,11.192118226600986,2.5467402892809003,0.06063874383398365,1.303689516557442,0,0.6656536262440776,True,True,False
09,108,229,142,0.08447791635990143,11.049261083743843,2.63674100989782,0.05843387234346643,1.3475874411206432,0,0.6656536262440776,True,True,False
09,109,229,142,0.08260105550289154,10.9064039408867,2.5677394804592297,0.056229000852949185,1.3119842406560895,0,0.6656536262440776,True,True,False
09,110,229,142,0.08660196512937546,10.763546798029557,2.7148302369966046,0.05402412936243197,1.3844271831795183,0,0.6656536262440776,True,True,False
09,111,229,142,0.09375017881393433,10.620689655172415,2.9776295143890814,0.05181925787191475,1.514724386130498,0,0.6656536262440776,True,True,False
09,112,229,142,0.08860962837934494,10.47783251231527,2.78864062860243,0.04961438638139751,1.4191275074919139,0,0.6656536262440776,True,True,False
09,113,229,142,0.0904083400964737,10.049261083743843,2.8547690573761693,0.04299977190984586,1.4488844146430075,0,0.6656536262440776,True,True,False
09,114,229,142,0.08714170008897781,9.620689655172415,2.7346732304529073,0.03638515743829418,1.3855291939456007,0,0.6656536262440776,True,True,False
09,115,229,142,0.07957064360380173,9.620689655172415,2.4563284213574743,0.03638515743829418,1.2463567893978842,0,0.6656536262440776,True,True,False
09,116,229,142,0.08096121996641159,9.620689655172415,2.507452027810697,0.03638515743829418,1.2719185926244956,0,0.6656536262440776,True,True,False
09,117,229,142,0.07881412655115128,9.620689655172415,2.428515579779852,0.03638515743829418,1.232450368609073,0,0.6656536262440776,True,True,False
09,118,229,142,0.07851963490247726,9.620689655172415,2.4176887920137244,0.03638515743829418,1.2270369747260093,0,0.6656536262440776,True,True,False
09,119,229,142,0.08101924508810043,9.620689655172415,2.509585282456313,0.03638515743829418,1.2729852199473035,0,0.6656536262440776,True,True,False
09,120,229,142,0.0829540342092514,9.620689655172415,2.5807165056377976,0.03638515743829418,1.3085508315380459,0,0.6656536262440776,True,True,False
09,121,229,142,0.08427899330854416,9.620689655172415,2.629427737455179,0.03638515743829418,1.3329064474467365,0,0.6656536262440776,True,True,False
09,122,229,142,0.08284956216812134,9.620689655172415,2.5768756611795514,0.03638515743829418,1.3066304093089227,0,0.6656536262440776,True,True,False
09,123,229,142,0.08093418926000595,9.192118226600986,2.5064582620358777,0.0297705429667425,1.26811440250131,0,0.6656536262440776,True,True,False
09,124,229,142,0.08716236799955368,9.049261083743843,2.7354330723105007,0.027565671476225285,1.381499371893363,0,0.6656536262440776,True,True,False
09,125,229,142,0.07903896272182465,8.9064039408867,2.4367815306582217,0.02536079998570804,1.2310711653219648,0,0.6656536262440776,True,True,False
09,126,229,137,0.08643382787704468,13.52545155993432,2.6363582777754155,0.07809758017559103,1.3572279289755034,0,0.6656536262440776,True,True,False
09,127,229,137,0.08957931399345398,13.144499178981938,2.7490581888548298,0.07210549770833949,1.4105818432815846,0,0.6656536262440776,True,True,False
09,128,229,137,0.07782328873872757,12.9064039408867,2.327850479832276,0.06836044616630726,1.1981054629992915,0,0.6656536262440776,True,True,False
09,129,229,137,0.08716406673192978,12.668308702791462,2.6625220728031396,0.06461539462427507,1.3635687337137072,0,0.6656536262440776,True,True,False
09,130,229,137,0.07960078120231628,12.430213464696223,2.39153642063034,0.06087034308224284,1.2262033818562916,0,0.6656536262440776,True,True,False
09,131,229,137,0.08423090726137161,12.192118226600986,2.557429632626992,0.05712529154021064,1.3072774620836014,0,0.6656536262440776,True,True,False
09,132,229,137,0.08219560235738754,11.954022988505747,2.484506506213595,0.05338023999817842,1.2689433731058868,0,0.6656536262440776,True,True,False
09,133,229,137,0.07880566269159317,11.71592775041051,2.3630480464523025,0.04963518845614622,1.2063416174542243,0,0.6656536262440776,True,True,False
09,134,229,137,0.0785396620631218,11.47783251231527,2.3535174854940446,0.04589013691411399,1.1997038112040792,0,0.6656536262440776,True,True,False
09,135,229,137,0.08445654064416885,11.239737274220033,2.5655138718309547,0.042145085372081795,1.3038294786015183,0,0.6656536262440776,True,True,False
09,136,229,137,0.08094897866249084,11.001642036124796,2.439841111306455,0.0384000338300496,1.2391205725682524,0,0.6656536262440776,True,True,False
09,137,229,137,0.08196724951267242,10.763546798029557,2.4763248311587063,0.034654982288017375,1.2554899067233618,0,0.6656536262440776,True,True,False
09,138,229,137,0.09742803126573563,10.52545155993432,3.030270601161819,0.03090993074598518,1.530590265953902,0,0.6656536262440776,True,True,False
09,139,229,137,0.0837312787771225,10.28735632183908,2.5395283977578025,0.02716487920395295,1.2833466384808778,0,0.6656536262440776,True,True,False
09,140,229,137,0.07809855043888092,10.049261083743843,2.3377128565787557,0.023419827661920755,1.1805663421203383,0,0.6656536262440776,True,True,False
09,141,229,137,0.08195800334215164,9.811165845648604,2.475993549265558,0.01967477611988853,1.2478341626927232,0,0.6656536262440776,True,True,False
09,142,229,137,0.08455698937177658,9.573070607553367,2.569112858521875,0.015929724577856335,1.2925212915498656,0,0.6656536262440776,True,True,False
09,143,229,137,0.07930252701044083,9.334975369458128,2.3808502437853454,0.01218467303582411,1.1965174584105847,0,0.6656536262440776,True,True,False
09,144,229,137,0.08111896365880966,9.09688013136289,2.445931519358179,0.008439621493791911,1.2271855704259855,0,0.6656536262440776,True,True,False
09,145,229,137,0.08279475569725037,8.858784893267652,2.5059736262791437,0.0046945699517596876,1.2553340981154517,0,0.6656536262440776,True,True,False
09,146,229,142,0.0817052498459816,5.008210180623975,2.5348057868528735,0.0,1.2674028934264367,0,0.6656536262440776,True,True,False
09,147,229,142,0.08459407836198807,4.852216748768474,2.6410116279229605,0.0,1.3205058139614803,0,0.6656536262440776,True,True,False
09,148,229,137,0.08211742341518402,9.09688013136289,2.481705425710122,0.008439621493791911,1.245072523601957,0,0.6656536262440776,True,True,False
09,149,229,142,0.07649535685777664,4.942528735632185,2.3432675686334092,0.0,1.1716337843167046,0,0.6656536262440776,True,True,False
09,150,229,142,0.07944930344820023,4.9507389162561575,2.4518674319945446,0.0,1.2259337159972723,0,0.6656536262440776,True,True,False
09,151,229,142,0.08043135702610016,5.04105090311987,2.4879719725163665,0.0,1.2439859862581832,0,0.6656536262440776,True,True,False
09,152,229,142,0.0820915549993515,5.197044334975371,2.549008036483141,0.0,1.2745040182415706,0,0.6656536262440776,True,True,False
09,153,229,142,0.08380690962076187,5.3530377668308695,2.6120718975918638,0.0,1.3060359487959319,0,0.6656536262440776,True,True,False
09,154,229,151,0.08845316618680954,3.788177339901478,2.8462377412184012,0.0,1.4231188706092006,0,0.6656536262440776,True,True,False
09,155,229,151,0.07997863739728928,3.2036124794745486,2.5284717365919906,0.0,1.2642358682959953,0,0.6656536262440776,True,True,False
09,156,229,151,0.07867516577243805,2.701149425287356,2.4795959842451376,0.0,1.2397979921225688,0,0.6656536262440776,True,True,False
09,157,229,151,0.07717057317495346,2.3267651888341527,2.423178879510726,0.0,1.211589439755363,0,0.6656536262440776,True,True,False
09,158,229,151,0.07945709675550461,2.116584564860424,2.508915736476073,0.0,1.2544578682380365,0,0.6656536262440776,True,True,False
09,159,229,151,0.07994233816862106,2.0246305418719186,2.527110638983923,0.0,1.2635553194919615,0,0.6656536262440776,True,True,False
09,160,229,151,0.08595509827136993,2.060755336617403,2.752568691234608,0.0,1.376284345617304,0,0.6656536262440776,True,True,False
09,161,229,151,0.1195811778306961,2.2610837438423643,4.013432300079788,0.0,2.006716150039894,0,0.6656536262440776,True,True,False
09,162,229,151,0.08676322549581528,2.6256157635467994,2.7828707134142228,0.0,1.3914353567071114,0,0.6656536262440776,True,True,False
09,163,229,151,0.08850115537643433,3.091954022988505,2.848037172600496,0.0,1.424018586300248,0,0.6656536262440776,True,True,False
09,164,229,151,0.08876491338014603,3.64039408866995,2.857927200601976,0.0,1.428963600300988,0,0.6656536262440776,True,True,False
09,165,229,151,0.0796922892332077,4.287356321839081,2.517734654414061,0.0,1.2588673272070305,0,0.6656536262440776,True,True,False
09,166,229,151,0.07652221620082855,4.954022988505748,2.3988676982809074,0.0,1.1994338491404537,0,0.6656536262440776,True,True,False
09,167,229,151,0.07511668652296066,5.3825944170771765,2.3461651160827994,0.0008165737072254064,1.1734908448950123,0,0.6656536262440776,True,True,False
09,168,229,154,0.08090447634458542,3.3185550082101827,2.563187547997768,0.0,1.281593773998884,0,0.6656536262440776,True,True,False
09,169,229,154,0.08220376819372177,3.9244663382594434,2.6119065729722637,0.0,1.3059532864861318,0,0.6656536262440776,True,True,False
09,170,229,154,0.0814206600189209,4.374384236453203,2.5825426800553526,0.0,1.2912713400276763,0,0.6656536262440776,True,True,False
09,171,229,154,0.07814384996891022,4.9064039408867,2.459673448812761,0.0,1.2298367244063806,0,0.6656536262440776,True,True,False
09,172,229,154,0.07992267608642578,5.477832512315271,2.526373377779553,0.00293889499345738,1.2646561363865052,0,0.6656536262440776,True,True,False
09,173,229,154,0.07859425246715546,6.0492610837438425,2.4765620105128683,0.01567282271084926,1.2461174166118587,0,0.6656536262440776,True,True,False
09,174,229,154,0.07807586342096329,6.620689655172415,2.4571241845119363,0.02840675042824116,1.2427654674700888,0,0.6656536262440776,True,True,False
09,175,229,168,0.07844457775354385,6.592775041050903,2.470609712351275,0.027983987663135864,1.2492968500072055,0,0.6656536262440776,True,True,False
09,176,229,168,0.0806511640548706,5.86535303776683,2.5530125024790418,0.010177567169004342,1.281595034824023,0,0.6656536262440776,True,True,False
09,177,229,168,0.08419815450906754,5.220032840722494,2.685471364299512,0.0,1.342735682149756,0,0.6656536262440776,True,True,False
09,178,229,171,0.08189358562231064,6.998357963875205,2.6182489822603086,0.0,1.3091244911301543,0,0.6656536262440776,True,True,False
09,179,229,171,0.08635678887367249,6.1707717569786515,2.78739199729448,0.0,1.39369599864724,0,0.6656536262440776,True,True,False
09,180,229,171,0.0816635712981224,5.507389162561576,2.6095320778078004,0.0,1.3047660389039002,0,0.6656536262440776,True,True,False
09,181,229,171,0.07937654852867126,5.008210180623973,2.5228602627703083,0.0,1.2614301313851541,0,0.6656536262440776,True,True,False
09,182,229,171,0.07921218127012253,4.630541871921182,2.516631199893696,0.0,1.258315599946848,0,0.6656536262440776,True,True,False
09,183,229,171,0.08261226117610931,4.334975369458128,2.645484790973203,0.0,1.3227423954866016,0,0.6656536262440776,True,True,False
09,184,229,171,0.08409451693296432,4.121510673234812,2.7016581699672506,0.0,1.3508290849836253,0,0.6656536262440776,True,True,False
09,185,229,175,0.08677136152982712,4.702791461412154,2.8031031502632184,0.0,1.4015515751316092,0,0.6656536262440776,True,True,False
09,186,229,175,0.08707823604345322,4.154351395730709,2.814732842560119,0.0,1.4073664212800594,0,0.6656536262440776,True,True,False
09,187,229,175,0.08292996138334274,3.7799671592775055,2.6575247470097216,0.0,1.3287623735048608,0,0.6656536262440776,True,True,False
09,188,229,175,0.08068359643220901,3.569786535303776,2.572393750435476,0.0,1.286196875217738,0,0.6656536262440776,True,True,False
09,189,229,175,0.08138483762741089,3.666666666666664,2.598968845348848,0.0,1.299484422674424,0,0.6656536262440776,True,True,False
09,190,229,175,0.08346287161111832,3.8981937602627243,2.677720565481803,0.0,1.3388602827409015,0,0.6656536262440776,True,True,False
09,191,229,175,0.0871366336941719,4.211822660098521,2.8169459514321957,0.0,1.4084729757160979,0,0.6656536262440776,True,True,False
09,192,229,175,0.08588419109582901,4.607553366174056,2.769481853269893,0.0,1.3847409266349464,0,0.6656536262440776,True,True,False
09,193,229,175,0.08753887563943863,5.085385878489327,2.832189804683751,0.0,1.4160949023418754,0,0.6656536262440776,True,True,False
09,194,229,175,0.0847209244966507,5.645320197044335,2.7253972779565165,0.0,1.3626986389782583,0,0.6656536262440776,True,True,False
09,195,229,175,0.08254395425319672,6.287356321839081,2.6428961481894317,0.0,1.3214480740947159,0,0.6656536262440776,True,True,False
09,196,229,175,0.08149392902851105,6.620689655172415,2.6031031066533834,0.0,1.3015515533266917,0,0.6656536262440776,True,True,False
09,197,229,175,0.08332502096891403,6.954022988505748,2.6724964087643794,0.0,1.3362482043821897,0,0.6656536262440776,True,True,False
09,198,229,175,0.08459693938493729,7.287356321839081,2.720698586359141,0.0,1.3603492931795704,0,0.6656536262440776,True,True,False
09,199,229,175,0.08241800963878632,7.477832512315271,2.6381231968786905,0.0004059493197139548,1.3192645730992023,0,0.6656536262440776,True,True,False
09,200,229,175,0.08162008970975876,7.668308702791462,2.6078842462975373,0.003752733890964112,1.3058184900942507,0,0.6656536262440776,True,True,False
09,201,229,175,0.08164243400096893,7.858784893267652,2.6087310329149602,0.007099518462214254,1.3079152756885872,0,0.6656536262440776,True,True,False
09,202,229,175,0.08159539848566055,8.049261083743843,2.6069485174378713,0.010446303033464426,1.3086974102356679,0,0.6656536262440776,True,True,False
09,203,229,175,0.08133673667907715,8.239737274220033,2.597145952917344,0.013793087604714567,1.3054695202610294,0,0.6656536262440776,True,True,False
09,204,229,175,0.0805487334728241,8.430213464696223,2.56728281860421,0.01713987217596471,1.2922113453900872,0,0.6656536262440776,True,True,False
09,205,229,175,0.08020265400409698,8.620689655172415,2.554167367327357,0.020486656747214883,1.287327012037286,0,0.6656536262440776,True,True,False
09,206,229,175,0.08304253220558167,8.620689655172415,2.661790868717837,0.020486656747214883,1.341138762732526,0,0.6656536262440776,True,True,False
09,207,229,175,0.08420255035161972,8.620689655172415,2.7057523366736955,0.020486656747214883,1.3631194967104552,0,0.6656536262440776,True,True,False
09,208,229,175,0.08227088302373886,8.620689655172415,2.6325475065371617,0.020486656747214883,1.3265170816421883,0,0.6656536262440776,True,True,False
09,209,229,175,0.08248378336429596,8.620689655172415,2.640615838512104,0.020486656747214883,1.3305512476296595,0,0.6656536262440776,True,True,False
09,210,229,175,0.08282358944416046,8.620689655172415,2.6534935457636584,0.020486656747214883,1.3369901012554366,0,0.6656536262440776,True,True,False
09,211,229,175,0.08144211769104004,8.620689655172415,2.601139600772237,0.020486656747214883,1.310813128759726,0,0.6656536262440776,True,True,False
09,212,229,187,0.07995711266994476,4.5779967159277515,2.4074640224545267,0.0,1.2037320112272634,0,0.6656536262440776,True,True,False
09,213,229,187,0.081807941198349,4.088669950738917,2.473873499767766,0.0,1.236936749883883,0,0.6656536262440776,True,True,False
09,214,229,187,0.08272469788789749,3.68144499178982,2.5067675964612195,0.0,1.2533837982306097,0,0.6656536262440776,True,True,False
09,215,229,187,0.081515833735466,3.3563218390804597,2.4633924078504714,0.0,1.2316962039252357,0,0.6656536262440776,True,True,False
09,216,229,187,0.08304112404584885,3.1133004926108363,2.5181212661476837,0.0,1.2590606330738419,0,0.6656536262440776,True,True,False
09,217,229,187,0.08228308707475662,2.9523809523809526,2.4909221830009867,0.0,1.2454610915004933,0,0.6656536262440776,True,True,False
09,218,229,187,0.08180108666419983,2.8735632183908058,2.4736275526024367,0.0,1.2368137763012184,0,0.6656536262440776,True,True,False
09,219,229,187,0.08247048407793045,2.876847290640396,2.4976461646339967,0.0,1.2488230823169983,0,0.6656536262440776,True,True,False
09,220,229,187,0.08348110318183899,2.962233169129723,2.5339081334892133,0.0,1.2669540667446066,0,0.6656536262440776,True,True,False
09,221,229,187,0.0836457684636116,3.1297208538587875,2.5398164794685054,0.0,1.2699082397342527,0,0.6656536262440776,True,True,False
09,222,229,187,0.08418681472539902,3.3793103448275885,2.5592297308292693,0.0,1.2796148654146347,0,0.6656536262440776,True,True,False
09,223,229,187,0.08499033749103546,3.711001642036127,2.5880608872850286,0.0,1.2940304436425143,0,0.6656536262440776,True,True,False
09,224,229,187,0.08542521297931671,4.124794745484402,2.6036646309219376,0.0,1.3018323154609688,0,0.6656536262440776,True,True,False
09,225,229,187,0.08672554790973663,4.620689655172415,2.650321877520459,0.0,1.3251609387602294,0,0.6656536262440776,True,True,False
09,226,229,187,0.0866139605641365,5.192118226600986,2.6463180180692185,0.0,1.3231590090346093,0,0.6656536262440776,True,True,False
09,227,229,187,0.08696912974119186,5.763546798029557,2.659061823907545,0.0,1.3295309119537726,0,0.6656536262440776,True,True,False
09,228,229,187,0.08615436404943466,6.334975369458128,2.6298272606338706,0.0,1.3149136303169353,0,0.6656536262440776,True,True,False
10,35,231,25,0.05919574201107025,2.9589490968801306,1.6384461032488604,0.0,0.8192230516244302,0,0.6656536262440776,True,False,False
10,36,231,34,0.06349034607410431,6.331691297208538,2.118575278535879,0.01817119019403702,1.0683732343649581,0,0.6656536262440776,True,False,False
10,37,231,34,0.06256654858589172,5.413793103448276,2.0796984837398242,0.005036951321194707,1.0423677175305095,0,0.6656536262440776,True,True,True
10,38,231,34,0.060044072568416595,4.614121510673234,1.97354341863016,0.0,0.98677170931508,0,0.6656536262440776,True,True,False
10,39,231,34,0.060904256999492645,3.9786535303776667,2.0097431420981344,0.0,1.0048715710490672,0,0.6656536262440776,True,True,False
10,40,231,34,0.06540706753730774,3.5451559934318544,2.199237964846417,0.0,1.0996189824232085,0,0.6656536262440776,True,True,False
10,41,231,34,0.06006399914622307,3.1937602627257786,1.974382002287568,0.0,0.987191001143784,0,0.6656536262440776,True,True,False
10,42,231,35,0.06748136878013611,3.1871921182265996,2.2865321876513223,0.0,1.1432660938256611,0,0.6656536262440776,True,True,False
10,43,231,42,0.06731785833835602,7.855500821018062,2.3236353024193193,0.042048519084419846,1.1828419107518695,0,0.6656536262440776,True,True,False
10,44,231,42,0.06154131144285202,6.794745484400656,2.07615029003463,0.026896853723875642,1.0515235718792528,0,0.6656536262440776,True,True,False
10,45,231,42,0.05908874422311783,5.816091954022988,1.9710747769763663,0.012917917880401421,0.9919963474283839,0,0.6656536262440776,True,True,False
10,46,231,42,0.06498945504426956,4.978653530377667,2.2238793533207253,0.00095607680628756,1.1124177150635064,0,0.6656536262440776,True,True,False
10,47,231,42,0.0616292767226696,4.305418719211821,2.079918992818298,0.0,1.039959496409149,0,0.6656536262440776,True,True,False
10,48,231,42,0.06387702375650406,3.796387520525449,2.176219379981975,0.0,1.0881096899909874,0,0.6656536262440776,True,True,False
10,49,231,48,0.06458937376737595,6.712643678160919,2.2067386425192663,0.025724124206805664,1.116231383363036,0,0.6656536262440776,True,True,False
10,50,231,48,0.06664849817752838,5.3694581280788185,2.2949578571065876,0.006538269307540723,1.1507480632070641,0,0.6656536262440776,True,True,False
10,51,231,48,0.0627577155828476,4.190476190476192,2.1282647797284464,0.0,1.0641323898642232,0,0.6656536262440776,True,True,False
10,52,231,48,0.06505715101957321,3.1756978653530377,2.22677965683933,0.0,1.113389828419665,0,0.6656536262440776,True,True,False
10,53,231,48,0.0585976243019104,2.387520525451561,1.9500336910159997,0.0,0.9750168455079998,0,0.6656536262440776,True,True,False
10,54,231,48,0.05943724140524864,2.178981937602628,1.9860054667112323,0.0,0.9930027333556162,0,0.6656536262440776,True,True,False
10,55,231,48,0.060518089681863785,2.216748768472906,2.0323123268411596,0.0,1.0161561634205798,0,0.6656536262440776,True,True,False
10,56,231,48,0.06269290298223495,2.497536945812808,2.1254880088382477,0.0,1.0627440044191239,0,0.6656536262440776,True,True,False
10,57,231,48,0.06449081003665924,2.9802955665024635,2.202515869544621,0.0,1.1012579347723106,0,0.6656536262440776,True,True,False
10,58,231,48,0.06641638278961182,3.6206896551724137,2.2850133209169967,0.0,1.1425066604584984,0,0.6656536262440776,True,True,False
10,59,231,48,0.06304630637168884,4.28735632183908,2.1406288955648596,0.0,1.0703144477824298,0,0.6656536262440776,True,True,False
10,60,231,48,0.06228526309132576,4.954022988505747,2.10802346379514,0.0006042579511665823,1.0543138608731533,0,0.6656536262440776,True,True,False
10,61,231,48,0.06384488940238953,5.620689655172414,2.174842645547048,0.010126821629774864,1.0924847335884116,0,0.6656536262440776,True,True,False
10,62,231,48,0.06271293759346008,6.28735632183908,2.1263463531219293,0.019649385308383133,1.0729978692151563,0,0.6656536262440776,True,True,False
10,63,231,60,0.057049211114645004,4.528735632183908,1.761938089903795,0.0,0.8809690449518975,0,0.6656536262440776,True,True,False
10,64,231,60,0.058147087693214417,3.8423645320197046,1.8062870689564743,0.0,0.9031435344782371,0,0.6656536262440776,True,True,False
10,65,231,66,0.0635681301355362,8.52216748768473,2.025271335868781,0.07478209726313213,1.0500267165659565,0,0.6656536262440776,True,True,False
10,66,231,66,0.06663738936185837,7.461412151067323,2.149254774255611,0.05272546843443757,1.1009901213450244,0,0.6656536262440776,True,True,False
10,67,231,66,0.07090003788471222,6.482758620689654,2.3214454500921553,0.03237600901972865,1.176910729555942,0,0.6656536262440776,True,True,False
10,68,231,60,0.08063305914402008,3.596059113300492,2.714613101515039,0.0,1.3573065507575195,0,0.6656536262440776,True,True,False
10,69,231,60,0.08052604645490646,3.7307060755336607,2.710290299115834,0.0,1.355145149557917,0,0.6656536262440776,True,True,False
10,70,231,66,0.07132647186517715,4.653530377668309,2.338671349647853,0.0,1.1693356748239265,0,0.6656536262440776,True,True,False
10,71,231,66,0.059413958340883255,4.210180623973729,1.8574626026299685,0.0,0.9287313013149843,0,0.6656536262440776,True,True,False
10,72,231,66,0.06750994920730591,3.9277504105090317,2.1845020316097905,0.0,1.0922510158048953,0,0.6656536262440776,True,True,False
10,73,231,66,0.06641598790884018,3.727422003284072,2.14031121120508,0.0,1.07015560560254,0,0.6656536262440776,True,True,False
10,74,231,66,0.06713523715734482,3.6091954022988504,2.1693654514341163,0.0,1.0846827257170581,0,0.6656536262440776,True,True,False
10,75,231,66,0.06594827771186829,3.5763546798029546,2.121417949309231,0.0,1.0607089746546154,0,0.6656536262440776,True,True,False
10,76,231,66,0.07826120406389236,3.7077175697865346,2.618801465382276,0.0,1.309400732691138,0,0.6656536262440776,True,True,False
10,77,231,66,0.08267810940742493,3.999999999999999,2.797223381271256,0.0,1.398611690635628,0,0.6656536262440776,True,True,False
10,78,231,66,0.07929305732250214,4.374384236453201,2.660483417110542,0.0,1.330241708555271,0,0.6656536262440776,True,True,False
10,79,231,66,0.06812456250190735,4.83087027914614,2.209329478209749,0.0,1.1046647391048745,0,0.6656536262440776,True,True,False
10,80,231,66,0.0635361522436142,5.369458128078817,2.0239795815070605,0.009226791766083287,1.016603186636572,0,0.6656536262440776,True,True,False
10,81,231,66,0.06411778181791306,5.990147783251231,2.047474643074555,0.02213299253581479,1.034803817805185,0,0.6656536262440776,True,True,False
10,82,231,66,0.06864086538553238,6.692939244663383,2.2301856529544195,0.03674636271953193,1.1334660078369758,0,0.6656536262440776,True,True,False
10,83,231,66,0.06560815125703812,7.477832512315271,2.107678462271279,0.05306690231723471,1.0803726822942568,0,0.6656536262440776,True,True,False
10,84,231,66,0.06480849534273148,7.763546798029557,2.075376176126194,0.059007851877904756,1.0671920140020494,0,0.6656536262440776,True,True,False
10,85,231,72,0.06255872547626495,4.039408866995074,2.072062646900372,0.0,1.036031323450186,0,0.6656536262440776,True,True,False
10,86,231,72,0.06109973043203354,3.835796387520525,2.010097026850008,0.0,1.005048513425004,0,0.6656536262440776,True,True,False
10,87,231,72,0.06219322979450226,3.7142857142857135,2.056539519090101,0.0,1.0282697595450505,0,0.6656536262440776,True,True,False
10,88,231,72,0.06229843199253082,3.67487684729064,2.061007607900461,0.0,1.0305038039502306,0,0.6656536262440776,True,True,False
10,89,231,72,0.06729863584041595,4.003284072249589,2.273373464136552,0.0,1.136686732068276,0,0.6656536262440776,True,True,False
10,90,231,72,0.06259012222290039,4.413793103448276,2.073396111932019,0.0,1.0366980559660095,0,0.6656536262440776,True,True,False
10,91,231,72,0.057706933468580246,4.620689655172414,1.8660000551868,0.0,0.9330000275934,0,0.6656536262440776,True,True,False
10,92,231,72,0.06001695618033409,4.906403940886699,1.9641100455052771,0.0,0.9820550227526386,0,0.6656536262440776,True,True,False
10,93,231,72,0.06044645234942436,5.192118226600985,1.982351366154145,0.0,0.9911756830770725,0,0.6656536262440776,True,True,False
10,94,231,72,0.06283807754516602,5.4778325123152705,2.0839271314510546,0.0,1.0419635657255273,0,0.6656536262440776,True,True,False
10,95,231,72,0.06246665120124817,5.763546798029556,2.0681521198806534,0.002627949724748076,1.0353900348027008,0,0.6656536262440776,True,True,False
10,96,231,72,0.061444588005542755,6.049261083743842,2.0247436244899744,0.009604184550351834,1.017173904520163,0,0.6656536262440776,True,True,False
10,97,231,72,0.06392298638820648,6.334975369458127,2.1300047719632196,0.016580419375955592,1.0732925956695876,0,0.6656536262440776,True,True,False
10,98,231,72,0.0758613795042038,6.620689655172413,2.637045515358941,0.02355665420155935,1.33030108478025,0,0.6656536262440776,True,True,False
10,99,231,68,0.07328438758850098,10.715927750410511,2.4177618094459348,0.12039766400482864,1.2690797367253817,0,0.6656536262440776,True,True,False
10,100,231,68,0.0846218690276146,10.811165845648606,2.875742001999611,0.12237798052505197,1.4990599912623315,0,0.6656536262440776,True,True,False
10,101,231,68,0.0808652862906456,10.906403940886701,2.723993970969945,0.12435829704527532,1.4241761340076102,0,0.6656536262440776,True,True,False
10,102,231,100,0.07772243022918701,19.474548440065682,2.6436693214670517,0.2788355734276612,1.4612524474473565,0,0.6656536262440776,True,True,False
10,103,231,100,0.060778964310884476,17.937602627257803,1.9493366535984638,0.24840727112315272,1.0988719623608083,0,0.6656536262440776,True,True,False
10,104,231,100,0.06709866970777512,16.48275862068966,2.208314239974498,0.21960441231781666,1.2139593261461574,0,0.6656536262440776,True,True,False
10,105,231,100,0.07313372939825058,15.110016420361251,2.4556272227986056,0.19242699701165308,1.3240271099051293,0,0.6656536262440776,True,True,False
10,106,231,100,0.07092267274856567,14.105090311986865,2.3650195000465595,0.1725315685817821,1.268775534314171,0,0.6656536262440776,True,True,False
10,107,231,100,0.06764688342809677,13.182266009852215,2.230779696382796,0.15426158365108353,1.1925206400169397,0,0.6656536262440776,True,True,False
10,108,231,100,0.06624198704957962,12.341543513957308,2.173207918844587,0.13761704221955753,1.1554124805320725,0,0.6656536262440776,True,True,False
10,109,231,103,0.06117953732609749,12.804597701149424,1.9657518859759535,0.14678454355489018,1.0562682147654219,0,0.6656536262440776,True,True,False
10,110,231,103,0.06154574826359749,11.781609195402297,1.9807589818359785,0.12653151755520126,1.05364524969559,0,0.6656536262440776,True,True,False
10,111,231,103,0.06789976358413696,10.922824302134645,2.24114256748845,0.10952937855385729,1.1753359730211537,0,0.6656536262440776,True,True,False
10,112,231,106,0.06965206563472748,11.075533661740558,2.312950812835928,0.1125527034623181,1.2127517581491232,0,0.6656536262440776,True,True,False
10,113,231,114,0.07328921556472778,16.569786535303777,2.428639909368178,0.2104536302012503,1.319546769784714,0,0.6656536262440776,True,True,False
10,114,231,133,0.07235003262758255,32.66502463054187,2.131748683730551,0.3791480682716424,1.2554483760010966,0,0.6656536262440776,True,True,False
10,115,231,133,0.06644776463508606,29.8423645320197,1.920275781513274,0.3347498365423087,1.1275128090277913,0,0.6656536262440776,True,True,False
10,116,231,133,0.06343694776296616,27.101806239737275,1.8124009471612283,0.29164300189643455,1.0520219745288315,0,0.6656536262440776,True,True,False
10,117,231,133,0.0723906010389328,24.443349753694584,2.133202213068339,0.24982756433401979,1.1915148887011793,0,0.6656536262440776,True,True,False
10,118,231,133,0.07261606305837631,21.866995073891626,2.1412803124789557,0.20930352385506432,1.17529191816701,0,0.6656536262440776,True,True,False
10,119,231,133,0.07113371044397354,19.37274220032841,2.0881689644555106,0.1700708804595683,1.1291199224575394,0,0.6656536262440776,True,True,False
10,120,231,133,0.07211926579475403,16.77011494252874,2.123480517673744,0.12913359291390586,1.126307055293825,0,0.6656536262440776,True,True,False
10,121,231,133,0.07615204155445099,14.249589490968804,2.2679712109087493,0.0894877024517028,1.178729456680226,0,0.6656536262440776,True,True,False
10,122,231,133,0.07541056722402573,11.811165845648603,2.2414048589955553,0.05113320907295907,1.1462690340342572,0,0.6656536262440776,True,True,False
10,123,231,133,0.07121332734823227,10.978653530377667,2.091021565833583,0.03803844264668093,1.064530004240132,0,0.6656536262440776,True,True,False
10,124,231,133,0.07126931101083755,10.228243021346469,2.093027409624977,0.026235073303862176,1.0596312414644196,0,0.6656536262440776,True,True,False
10,125,231,133,0.08428724110126495,9.559934318555007,2.559448022952615,0.01572310104450279,1.287585561998559,0,0.6656536262440776,True,True,False
10,126,231,133,0.08836088329553604,8.973727422003282,2.7054029234268797,0.006502525868602797,1.3559527246477412,0,0.6656536262440776,True,True,False
10,127,231,133,0.08758002519607544,8.469622331691296,2.677425486834246,0.0,1.338712743417123,0,0.6656536262440776,True,True,False
10,128,231,133,0.07689688354730606,8.047619047619046,2.2946582231085695,0.0,1.1473291115542847,0,0.6656536262440776,True,True,False
10,129,231,133,0.06655888259410858,7.707717569786534,1.9242570370768686,0.0,0.9621285185384343,0,0.6656536262440776,True,True,False
10,130,231,133,0.06874092668294907,7.592775041050901,2.002437695227224,0.0,1.001218847613612,0,0.6656536262440776,True,True,False
10,131,231,114,0.07036209106445312,23.09688013136289,2.3104560184506155,0.3361691809776822,1.3233125997141488,0,0.6656536262440776,True,True,False
10,132,231,133,0.07734657824039459,8.431855500821017,2.3107703755862334,0.0,1.1553851877931167,0,0.6656536262440776,True,True,False
10,133,231,133,0.07583169639110565,8.623973727422003,2.25649353461719,0.0010011742930658484,1.1287473544551279,0,0.6656536262440776,True,True,False
10,134,231,133,0.08163420855998993,9.279146141215106,2.4643922762644674,0.011306523019071719,1.2378493996417697,0,0.6656536262440776,True,True,False
10,135,231,133,0.07256434857845306,9.19704433497537,2.1394274296261386,0.010015125935612356,1.0747212777808755,0,0.6656536262440776,True,True,False
10,136,231,133,0.0654989555478096,9.11494252873563,1.8862808135464586,0.008723728852152937,0.9475022711993057,0,0.6656536262440776,True,True,False
10,137,231,133,0.06990448385477066,9.032840722495894,2.044126892046761,0.007432331768693572,1.0257796119077272,0,0.6656536262440776,True,True,False
10,138,231,137,0.07206635922193527,6.224958949096883,2.1215849232150417,0.0,1.0607924616075208,0,0.6656536262440776,True,True,False
10,139,231,137,0.07488962262868881,6.034482758620692,2.2227398872236273,0.0,1.1113699436118136,0,0.6656536262440776,True,True,False
10,140,231,137,0.07694409042596817,5.926108374384238,2.296349602701632,0.0,1.148174801350816,0,0.6656536262440776,True,True,False
10,141,231,137,0.07801836729049683,5.8998357963875225,2.3348399671878877,0.0,1.1674199835939438,0,0.6656536262440776,True,True,False
10,142,231,137,0.073844775557518,5.955665024630543,2.1853039655076674,0.0,1.0926519827538337,0,0.6656536262440776,True,True,False
10,143,231,137,0.06777781993150711,6.064039408866996,1.96793045493732,0.0,0.98396522746866,0,0.6656536262440776,True,True,False
10,144,231,137,0.06968752294778824,6.172413793103448,2.036353379775614,0.0,1.018176689887807,0,0.6656536262440776,True,True,False
10,145,231,137,0.07715233415365219,6.280788177339902,2.3038107863547412,0.0,1.1519053931773706,0,0.6656536262440776,True,True,False
10,146,231,137,0.08786986023187637,6.389162561576355,2.687810012962675,0.0,1.3439050064813376,0,0.6656536262440776,True,True,False
10,147,231,137,0.0817408338189125,6.497536945812809,2.4682125624633815,0.0,1.2341062812316907,0,0.6656536262440776,True,True,False
10,148,231,137,0.08662047237157822,6.605911330049261,2.6430455805193884,0.0,1.3215227902596942,0,0.6656536262440776,True,True,False
10,149,231,137,0.07984751462936401,6.714285714285714,2.4003766552584747,0.0,1.2001883276292373,0,0.6656536262440776,True,True,False
10,150,231,137,0.07079324126243591,6.822660098522168,2.075970262867098,0.0,1.037985131433549,0,0.6656536262440776,True,True,False
10,151,231,151,0.07685225456953049,6.9507389162561575,2.4112430145256907,0.03576169143742439,1.2235023529815576,0,0.6656536262440776,True,True,False
10,152,231,151,0.07671444863080978,5.270935960591133,2.4060757605522047,0.0,1.2030378802761024,0,0.6656536262440776,True,True,False
10,153,231,151,0.07655727118253708,4.577996715927749,2.4001821408601276,0.0,1.2000910704300638,0,0.6656536262440776,True,True,False
10,154,231,151,0.0770663321018219,3.967159277504103,2.4192701938304144,0.0,1.2096350969152072,0,0.6656536262440776,True,True,False
10,155,231,151,0.07153094559907913,3.500821018062395,2.2117120278572595,0.0,1.1058560139286298,0,0.6656536262440776,True,True,False
10,156,231,151,0.06467363983392715,3.1986863711001634,1.954586385876008,0.0,0.977293192938004,0,0.6656536262440776,True,True,False
10,157,231,151,0.07168116420507431,3.060755336617406,2.217344714633504,0.0,1.108672357316752,0,0.6656536262440776,True,True,False
10,158,231,151,0.07242383807897568,3.087027914614122,2.2451924587985714,0.0,1.1225962293992857,0,0.6656536262440776,True,True,False
10,159,231,151,0.07404112070798874,3.0771756978653544,2.305835056415172,0.0,1.152917528207586,0,0.6656536262440776,True,True,False
10,160,231,151,0.07925431430339813,3.1494252873563235,2.501312084259574,0.0,1.250656042129787,0,0.6656536262440776,True,True,False
10,161,231,151,0.07288515567779541,3.303776683087029,2.2624902996439613,0.0,1.1312451498219807,0,0.6656536262440776,True,True,False
10,162,231,151,0.07209394872188568,3.5402298850574723,2.232822729982393,0.0,1.1164113649911964,0,0.6656536262440776,True,True,False
10,163,231,151,0.07066626846790314,3.8587848932676523,2.1792895765222187,0.0,1.0896447882611093,0,0.6656536262440776,True,True,False
10,164,231,151,0.07278832793235779,4.259441707717569,2.2588595885367257,0.0,1.1294297942683629,0,0.6656536262440776,True,True,False
10,165,231,151,0.0778813436627388,4.742200328407224,2.4498303552115592,0.0,1.2249151776057796,0,0.6656536262440776,True,True,False
10,166,231,151,0.08130611479282379,5.307060755336617,2.5782476236870364,0.0,1.2891238118435182,0,0.6656536262440776,True,True,False
10,167,231,151,0.08193766325712204,5.954022988505748,2.601928542970262,0.013550501424617287,1.3077395221974397,0,0.6656536262440776,True,True,False
10,168,231,151,0.06976278126239777,6.620689655172415,2.1454118794071233,0.02840675042824116,1.0869093149176823,0,0.6656536262440776,True,True,False
10,169,231,151,0.06713978946208954,7.287356321839081,2.047058608652707,0.04326299943186501,1.0451608040422862,0,0.6656536262440776,True,True,False
10,170,231,151,0.07197067141532898,7.954022988505748,2.22820025029785,0.058119248435488886,1.1431597493666696,0,0.6656536262440776,True,True,False
10,171,231,151,0.07475679367780685,8.620689655172415,2.3326703585170954,0.07297549743911276,1.202822927978104,0,0.6656536262440776,True,True,False
10,172,231,151,0.07716671377420425,8.620689655172415,2.4230341651098684,0.07297549743911276,1.2480048312744905,0,0.6656536262440776,True,True,False
10,173,231,168,0.0763065442442894,7.592775041050903,2.390766958662785,0.05246279145755143,1.221614875060168,0,0.6656536262440776,True,True,False
10,174,231,175,0.07443750649690628,13.426929392446633,2.335684278710357,0.1049352639890183,1.2203097713496878,0,0.6656536262440776,True,True,False
10,175,231,175,0.06882788240909576,12.366174055829225,2.123095096012691,0.08629713611809067,1.1046961160653908,0,0.6656536262440776,True,True,False
10,176,231,175,0.07205929607152939,11.387520525451558,2.2455567046163014,0.06910158780373646,1.157329146210019,0,0.6656536262440776,True,True,False
10,177,231,175,0.07318080961704254,10.490968801313628,2.2880589550867176,0.05334861904595557,1.1707037870663366,0,0.6656536262440776,True,True,False
10,178,231,175,0.07208262383937836,9.676518883415431,2.246440762268569,0.03903822984474798,1.1427394960566584,0,0.6656536262440776,True,True,False
10,179,231,175,0.07552181929349899,8.944170771756976,2.3767767240521334,0.026170420200113793,1.2014735721261236,0,0.6656536262440776,True,True,False
10,180,231,175,0.07589567452669144,8.29392446633826,2.3909447997070297,0.014745190112052962,1.2028449949095412,0,0.6656536262440776,True,True,False
10,181,231,175,0.07589821517467499,7.725779967159277,2.3910410832137123,0.0047625395805654365,1.197901811397139,0,0.6656536262440776,True,True,False
10,182,231,175,0.07340048253536224,7.311986863711002,2.296383948960705,0.0,1.1481919744803526,0,0.6656536262440776,True,True,False
10,183,231,175,0.0740862637758255,6.990147783251232,2.3223731545005686,0.0,1.1611865772502843,0,0.6656536262440776,True,True,False
10,184,231,175,0.0840817540884018,6.750410509031199,2.701174493583241,0.0,1.3505872467916205,0,0.6656536262440776,True,True,False
10,185,231,181,0.08027756959199905,7.407224958949097,2.4189623197675596,0.0,1.2094811598837798,0,0.6656536262440776,True,True,False
10,186,231,181,0.07635197043418884,6.474548440065681,2.2781081108494385,0.0,1.1390540554247193,0,0.6656536262440776,True,True,False
10,187,231,187,0.06855710595846176,9.426929392446633,1.9984210044447803,0.034761485516093,1.0165912449804366,0,0.6656536262440776,True,True,False
10,188,231,187,0.07134638726711273,7.801313628899834,2.098503054696516,0.0062281697294528,1.0523656122129845,0,0.6656536262440776,True,True,False
10,189,231,187,0.07141076773405075,6.339901477832511,2.1008130867134867,0.0,1.0504065433567433,0,0.6656536262440776,True,True,False
10,190,231,187,0.07183276116847992,5.042692939244662,2.1159546100799016,0.0,1.0579773050399508,0,0.6656536262440776,True,True,False
10,191,231,187,0.07716634124517441,3.909688013136287,2.3073285054277193,0.0,1.1536642527138596,0,0.6656536262440776,True,True,False
10,192,231,187,0.0786905288696289,2.9441707717569794,2.3620177983113786,0.0,1.1810088991556893,0,0.6656536262440776,True,True,False
10,193,231,187,0.09075719118118286,2.2249589490968824,2.7949810494865535,0.0,1.3974905247432767,0,0.6656536262440776,True,True,False
10,194,231,187,0.09620636701583862,2.558292282430216,2.990502629910554,0.0,1.495251314955277,0,0.6656536262440776,True,True,False
10,195,231,187,0.07714343070983887,2.807881773399017,2.306506453760993,0.0,1.1532532268804965,0,0.6656536262440776,True,True,False
10,196,231,187,0.07730208337306976,3.1395730706075553,2.312199061302871,0.0,1.1560995306514354,0,0.6656536262440776,True,True,False
10,197,231,187,0.06802454590797424,3.5533661740558307,1.9793122463680495,0.0,0.9896561231840247,0,0.6656536262440776,True,True,False
10,198,231,187,0.07018037885427475,4.0492610837438425,2.0566655705368286,0.0,1.0283327852684143,0,0.6656536262440776,True,True,False
10,199,231,187,0.07909955084323883,4.620689655172415,2.3766938934007946,0.0,1.1883469467003973,0,0.6656536262440776,True,True,False
10,200,231,187,0.08976458758115768,5.192118226600986,2.7593654939419534,0.0,1.3796827469709767,0,0.6656536262440776,True,True,False
10,201,231,187,0.08709555864334106,5.763546798029557,2.663598212438499,0.0,1.3317991062192496,0,0.6656536262440776,True,True,False
10,202,231,187,0.07716521620750427,6.334975369458128,2.3072881380125403,0.0,1.1536440690062701,0,0.6656536262440776,True,True,False
10,203,231,187,0.07229673862457275,6.9064039408867,2.13260255983396,0.0,1.06630127991698,0,0.6656536262440776,True,True,False
10,204,231,187,0.0686509907245636,7.477832512315271,2.0017896786081693,0.0005503281032224181,1.0011700033556958,0,0.6656536262440776,True,True,False
10,205,231,187,0.06845413893461227,8.049261083743843,1.9947264502873296,0.01058022092519292,1.0026533356062612,0,0.6656536262440776,True,True,False
10,206,231,187,0.07100172340869904,8.334975369458128,2.0861361896224446,0.015595167336178148,1.0508656784793113,0,0.6656536262440776,True,True,False
10,207,231,187,0.07563755661249161,8.620689655172415,2.252474267542964,0.020610113747163407,1.1365421906450637,0,0.6656536262440776,True,True,False
10,208,231,187,0.07857342809438705,8.620689655172415,2.3578161117923733,0.020610113747163407,1.1892131127697683,0,0.6656536262440776,True,True,False
10,209,231,187,0.07650939375162125,8.620689655172415,2.283756608301883,0.020610113747163407,1.1521833610245231,0,0.6656536262440776,True,True,False
10,210,231,187,0.06940194219350815,8.620689655172415,2.0287345272394006,0.020610113747163407,1.024672320493282,0,0.6656536262440776,True,True,False
10,211,231,187,0.06615236401557922,8.620689655172415,1.9121365901680334,0.020610113747163407,0.9663733519575984,0,0.6656536262440776,True,True,False
10,212,231,187,0.06762545555830002,8.620689655172415,1.9649925073344858,0.020610113747163407,0.9928013105408247,0,0.6656536262440776,True,True,False
10,213,231,187,0.06838883459568024,8.620689655172415,1.9923832688698146,0.020610113747163407,1.006496691308489,0,0.6656536262440776,True,True,False
10,214,231,187,0.07300206273794174,8.620689655172415,2.1579102558124976,0.020610113747163407,1.0892601847798304,0,0.6656536262440776,True,True,False
10,215,231,187,0.07443317770957947,8.620689655172415,2.2092600139251815,0.020610113747163407,1.1149350638361724,0,0.6656536262440776,True,True,False
10,216,231,187,0.07400070875883102,8.620689655172415,2.1937426191300133,0.020610113747163407,1.1071763664385883,0,0.6656536262440776,True,True,False
10,217,231,187,0.06819196790456772,8.620689655172415,1.9853195058812243,0.020610113747163407,1.002964809814194,0,0.6656536262440776,True,True,False
10,218,231,187,0.06906624883413315,8.620689655172415,2.0166895321512603,0.020610113747163407,1.0186498229492118,0,0.6656536262440776,True,True,False
10,219,231,187,0.06798768043518066,8.620689655172415,1.977989478352777,0.020610113747163407,0.9992997960499702,0,0.6656536262440776,True,True,False
10,220,231,187,0.06654883921146393,8.620689655172415,1.9263624950113463,0.020610113747163407,0.9734863043792549,0,0.6656536262440776,True,True,False
10,221,231,187,0.0682060644030571,8.620689655172415,1.985825301573402,0.020610113747163407,1.0032177076602826,0,0.6656536262440776,True,True,False
10,222,231,187,0.07069435715675354,8.620689655172415,2.075107597928416,0.020610113747163407,1.0478588558377897,0,0.6656536262440776,True,True,False
10,223,231,187,0.0719493180513382,8.620689655172415,2.1201367812260057,0.020610113747163407,1.0703734474865845,0,0.6656536262440776,True,True,False
10,224,231,187,0.07242852449417114,8.620689655172415,2.1373311614212964,0.020610113747163407,1.0789706375842298,0,0.6656536262440776,True,True,False
10,225,231,187,0.07187839597463608,8.620689655172415,2.117592030066471,0.020610113747163407,1.069101071906817,0,0.6656536262440776,True,True,False
10,226,231,187,0.07105210423469543,8.620689655172415,2.087943901287617,0.020610113747163407,1.0542770075173902,0,0.6656536262440776,True,True,False
10,227,231,187,0.0715470239520073,8.620689655172415,2.105702088626038,0.020610113747163407,1.0631561011866006,0,0.6656536262440776,True,True,False
10,228,231,187,0.0720311850309372,8.620689655172415,2.123074245848442,0.020610113747163407,1.0718421797978026,0,0.6656536262440776,True,True,False
10,229,231,18,0.07621116191148758,20.90311986863711,2.301702817059926,0.22234855038433973,1.2620256837221329,0,0.6656536262440776,True,True,False
10,230,231,18,0.08115241676568985,19.50903119868637,2.4820516500360434,0.2013643441508688,1.3417079970934562,0,0.6656536262440776,True,True,False
11,35,232,24,0.05205497145652771,5.858784893267652,1.3833251510007476,0.0057637680056370835,0.6945444595031923,0,0.6656536262440776,True,False,False
11,36,232,24,0.048305682837963104,6.239737274220031,1.2493729289940159,0.011345853087259345,0.6303593910406377,0,0.6656536262440776,False,False,False
11,37,232,24,0.052024565637111664,6.620689655172415,1.382238831037929,0.01692793816888166,0.6995833846034053,0,0.6656536262440776,True,False,False
11,38,232,30,0.05060635879635811,2.9917898193760277,1.5763697238086503,0.0,0.7881848619043251,0,0.6656536262440776,True,False,False
11,39,232,32,0.04958423599600792,2.640394088669951,1.5333550383688048,0.0,0.7666775191844024,0,0.6656536262440776,True,True,True
11,40,232,34,0.050374485552310944,2.676518883415435,1.5666116451793621,0.0,0.7833058225896811,0,0.6656536262440776,True,True,False
11,41,232,34,0.050669651478528976,2.5221674876847295,1.5790333125802647,0.0,0.7895166562901323,0,0.6656536262440776,True,True,False
11,42,232,34,0.051410164684057236,2.5517241379310334,1.6101968308864179,0.0,0.8050984154432089,0,0.6656536262440776,True,True,False
11,43,232,34,0.05373816937208176,2.7192118226600974,1.7081678274472538,0.0,0.8540839137236269,0,0.6656536262440776,True,True,False
11,44,232,34,0.049827128648757935,2.7356321839080446,1.5435768542309614,0.0,0.7717884271154807,0,0.6656536262440776,True,True,False
11,45,232,34,0.04874933511018753,2.83415435139573,1.4982193394442644,0.0,0.7491096697221322,0,0.6656536262440776,True,True,False
11,46,232,34,0.04882638528943062,3.0147783251231526,1.5014618942743587,0.0,0.7507309471371794,0,0.6656536262440776,True,True,False
11,47,232,34,0.04508720338344574,3.277504105090312,1.3441033719586488,0.0,0.6720516859793244,0,0.6656536262440776,True,True,False
11,48,232,34,0.04976235702633858,3.6223316912972088,1.5408510262161255,0.0,0.7704255131080627,0,0.6656536262440776,True,True,False
11,49,232,34,0.0503031425178051,4.049261083743842,1.5636092679830589,0.0,0.7818046339915294,0,0.6656536262440776,True,True,False
11,50,232,34,0.06214841827750206,4.525451559934318,2.0621020230385416,0.0,1.0310510115192708,0,0.6656536262440776,True,True,False
11,51,232,42,0.04833631590008736,2.8505747126436773,1.51040772019858,0.0,0.75520386009929,0,0.6656536262440776,True,True,False
11,52,232,42,0.05928013101220131,2.3875205254515595,1.9792743748889976,0.0,0.9896371874444988,0,0.6656536262440776,True,True,False
11,53,232,42,0.057204876095056534,2.1642036124794735,1.8903640798352686,0.0,0.9451820399176343,0,0.6656536262440776,True,True,False
11,54,232,42,0.05004721134901047,2.1050903119868614,1.583707736458329,0.0,0.7918538682291645,0,0.6656536262440776,True,True,False
11,55,232,42,0.047385308891534805,2.210180623973726,1.4696636588160368,0.0,0.7348318294080184,0,0.6656536262440776,True,True,False
11,56,232,42,0.043090421706438065,2.479474548440064,1.2856574995270322,0.0,0.6428287497635161,0,0.6656536262440776,False,False,False
11,57,232,48,0.04525477811694145,3.251231527093597,1.3783851762425485,0.0,0.6891925881212743,0,0.6656536262440776,True,False,False
11,58,232,48,0.0478542223572731,2.3743842364532037,1.4897533520142194,0.0,0.7448766760071097,0,0.6656536262440776,True,False,False
11,59,232,48,0.049029942601919174,2.0755336617405598,1.5401248186656256,0.0,0.7700624093328128,0,0.6656536262440776,True,True,True
11,60,232,48,0.045422956347465515,1.9178981937602637,1.385590448218524,0.0,0.692795224109262,0,0.6656536262440776,True,True,False
11,61,232,48,0.04517397657036781,1.8292282430213476,1.3749233897953472,0.0,0.6874616948976736,0,0.6656536262440776,True,True,False
11,62,232,48,0.039387043565511703,1.9047619047619055,1.126993404583788,0.0,0.563496702291894,0,0.6656536262440776,False,False,False
11,63,232,48,0.04514950513839722,2.1444991789819374,1.373874958482684,0.0,0.686937479241342,0,0.6656536262440776,True,False,False
11,64,232,48,0.04780283942818642,2.5451559934318557,1.4875519495030969,0.0,0.7437759747515484,0,0.6656536262440776,True,False,False
11,65,232,48,0.0488913431763649,3.027914614121511,1.5341867935495292,0.0,0.7670933967747646,0,0.6656536262440776,True,True,True
11,66,232,48,0.04606815055012703,3.592775041050903,1.4132325496546767,0.0,0.7066162748273384,0,0.6656536262440776,True,True,False
11,67,232,48,0.04435506835579872,4.239737274220032,1.339838846504909,0.0,0.6699194232524545,0,0.6656536262440776,True,True,False
11,68,232,48,0.04482429847121239,4.906403940886699,1.3599421059478134,0.0,0.6799710529739067,0,0.6656536262440776,True,True,False
11,69,232,48,0.044529154896736145,5.573070607553366,1.3472972486471022,0.009446638509874275,0.6783719435784883,0,0.6656536262440776,True,True,False
11,70,232,48,0.04334503784775734,6.239737274220031,1.2965660371062542,0.018969202188482533,0.6577676196473684,0,0.6656536262440776,False,False,False
11,71,232,51,0.04444329813122749,4.413793103448278,1.3008483652709772,0.0,0.6504241826354886,0,0.6656536262440776,False,False,False
11,72,232,51,0.047206584364175797,4.638752052545157,1.4156523965150378,0.0,0.7078261982575189,0,0.6656536262440776,True,False,False
11,73,232,54,0.0447322279214859,3.1822660098522184,1.3128522989469957,0.0,0.6564261494734979,0,0.6656536262440776,False,False,False
11,74,232,54,0.04512965679168701,3.2643678160919554,1.3293639566565116,0.0,0.6646819783282558,0,0.6656536262440776,False,False,False
11,75,232,62,0.044159501791000366,4.633825944170773,1.241255291902654,0.0,0.620627645951327,0,0.6656536262440776,False,False,False
11,76,232,62,0.04503733292222023,3.9901477832512326,1.276715484068324,0.0,0.638357742034162,0,0.6656536262440776,False,False,False
11,77,232,62,0.04448513314127922,3.510673234811166,1.2544092458299985,0.0,0.6272046229149992,0,0.6656536262440776,False,False,False
11,78,232,66,0.04475291073322296,5.665024630541872,1.2652261837697478,0.015372601656431634,0.6402993927130898,0,0.6656536262440776,False,False,False
11,79,232,66,0.044611506164073944,4.889983579638752,1.2595141133990377,0.0,0.6297570566995189,0,0.6656536262440776,False,False,False
11,80,232,66,0.04811324179172516,4.226600985221674,1.40096753633396,0.0,0.70048376816698,0,0.6656536262440776,True,False,False
11,81,232,66,0.09471195191144943,3.7274220032840706,3.2833332405685987,0.0,1.6416666202842993,0,0.6656536262440776,True,False,False
11,82,232,66,0.08075016736984253,3.3924466338259434,2.7193437154613385,0.0,1.3596718577306692,0,0.6656536262440776,True,True,True
11,83,232,66,0.08034681528806686,3.192118226600985,2.703050214557227,0.0,1.3515251072786134,0,0.6656536262440776,True,True,False
11,84,232,72,0.06788210570812225,6.236453201970443,2.298154269442283,0.01417482116023017,1.1561645453012566,0,0.6656536262440776,True,True,False
11,85,232,72,0.04947865381836891,5.178981937602627,1.5165331721503796,0.0,0.7582665860751898,0,0.6656536262440776,True,True,False
11,86,232,72,0.050389621406793594,4.285714285714285,1.5552232771549903,0.0,0.7776116385774952,0,0.6656536262440776,True,True,False
11,87,232,75,0.0496850311756134,5.665024630541872,1.5252983156349806,0.00022235150902265505,0.7627603335720017,0,0.6656536262440776,True,True,False
11,88,232,75,0.09796250611543655,4.504105090311987,3.575712181631328,0.0,1.787856090815664,0,0.6656536262440776,True,True,False
11,89,232,77,0.07549583911895752,4.998357963875206,2.621520488927363,0.0,1.3107602444636814,0,0.6656536262440776,True,True,False
11,90,232,80,0.09359323978424072,6.474548440065682,4.981482976964325,0.027784423813165433,2.5046337003887453,0,0.6656536262440776,True,True,False
11,91,232,80,0.09262102097272873,5.032840722495895,4.921324604398081,0.0,2.4606623021990406,0,0.6656536262440776,True,True,False
11,92,232,80,0.0690443366765976,3.816091954022988,3.4624606727718303,0.0,1.7312303363859152,0,0.6656536262440776,True,True,False
11,93,232,80,0.05940304324030876,2.7405582922824303,2.8658824995324843,0.0,1.4329412497662422,0,0.6656536262440776,True,True,False
11,94,232,72,0.07497657090425491,6.740558292282429,2.599466420256113,0.026483465364025297,1.3129749428100692,0,0.6656536262440776,True,True,False
11,95,232,80,0.0744297206401825,1.9917898193760264,3.795694231984466,0.0,1.897847115992233,0,0.6656536262440776,True,True,False
11,96,232,80,0.06381740421056747,2.1592775041050905,3.1390316802994285,0.0,1.5695158401497142,0,0.6656536262440776,True,True,False
11,97,232,80,0.06525799632072449,2.513957307060755,3.2281717749495606,0.0,1.6140858874747803,0,0.6656536262440776,True,True,False
11,98,232,75,0.06941389292478561,7.239737274220031,2.363211477855056,0.038671829657034154,1.2009416537560451,0,0.6656536262440776,True,True,False
11,99,232,68,0.06458326429128647,14.334975369458128,2.0662779155589055,0.19564969177331587,1.1309638036661107,0,0.6656536262440776,True,True,False
11,100,232,68,0.06038236245512962,14.430213464696223,1.8965815114541313,0.19763000829353922,1.0471057598738354,0,0.6656536262440776,True,True,False
11,101,232,66,0.06983904540538788,16.430213464696223,2.2785864127840463,0.23921665521822955,1.2589015340011378,0,0.6656536262440776,True,True,False
11,102,232,66,0.06631757318973541,16.430213464696223,2.1363357257987516,0.23921665521822955,1.1877761905084907,0,0.6656536262440776,True,True,False
11,103,232,66,0.060039110481739044,16.430213464696223,1.8827157683689424,0.23921665521822955,1.0609662117935859,0,0.6656536262440776,True,True,False
11,104,232,66,0.06186914071440697,16.430213464696223,1.9566402641079035,0.23921665521822955,1.0979284596630665,0,0.6656536262440776,True,True,False
11,105,232,62,0.07086686789989471,19.95402298850575,2.3201055408614053,0.31248836646649353,1.3162969536639495,0,0.6656536262440776,True,True,False
11,106,232,66,0.06790030002593994,15.967159277504104,2.2002703434735476,0.2295882197233505,1.214929281598449,0,0.6656536262440776,True,True,False
11,107,232,66,0.059467069804668427,15.599343185550083,1.859608052529205,0.22194010074869486,1.04077407663895,0,0.6656536262440776,True,True,False
11,108,232,66,0.061753686517477036,15.088669950738915,1.9519764650423823,0.21132150699370408,1.0816489860180432,0,0.6656536262440776,True,True,False
11,109,232,66,0.058691155165433884,14.577996715927751,1.828264800697638,0.20070291323871342,1.0144838569681758,0,0.6656536262440776,True,True,False
11,110,232,66,0.05758868530392647,14.001642036124796,1.783730274915229,0.18871858395253419,0.9862244294338817,0,0.6656536262440776,True,True,False
11,111,232,66,0.06046164408326149,13.334975369458128,1.899784111212534,0.1748563683109707,1.0373202397617522,0,0.6656536262440776,True,True,False
11,112,232,66,0.06193677335977554,12.668308702791462,1.959372300505507,0.16099415266940728,1.0601832265874571,0,0.6656536262440776,True,True,False
11,113,232,62,0.06041235849261284,15.811165845648604,1.8977932083460898,0.2263445978367778,1.0620689030914339,0,0.6656536262440776,True,True,False
11,114,232,62,0.058513931930065155,14.954022988505747,1.821105826996553,0.20852174915476765,1.0148137880756603,0,0.6656536262440776,True,True,False
11,115,232,62,0.058804694563150406,14.47783251231527,1.8328512510047803,0.1986201665536509,1.0157357087792156,0,0.6656536262440776,True,True,False
11,116,232,62,0.05844879150390625,13.620689655172415,1.8184744643720143,0.18079731787164077,0.9996358911218275,0,0.6656536262440776,True,True,False
11,117,232,62,0.05843765288591385,12.763546798029557,1.8180245173145186,0.1629744691896306,0.9904994932520746,0,0.6656536262440776,True,True,False
11,118,232,62,0.058799248188734055,11.9064039408867,1.832631243446901,0.14515162050762045,0.9888914319772607,0,0.6656536262440776,True,True,False
11,119,232,62,0.05739102140069008,11.28735632183908,1.7757455956942512,0.1322795631261687,0.9540125794102099,0,0.6656536262440776,True,True,False
11,120,232,103,0.059632230550050735,28.04597701149425,1.9023442191500555,0.4485318747412664,1.175438046945661,0,0.6656536262440776,True,True,False
11,121,232,62,0.061519213020801544,12.668308702791462,1.9425048537561485,0.16099415266940728,1.051749503212778,0,0.6656536262440776,True,True,False
11,122,232,133,0.05905725806951523,55.14121510673236,1.6554806427184927,0.7326809338394832,1.194080788278988,0,0.6656536262440776,True,True,False
11,123,232,133,0.05779477208852768,52.03284072249589,1.6102469165055395,0.6837886402597108,1.1470177783826252,0,0.6656536262440776,True,True,False
11,124,232,133,0.05743389576673508,49.006568144499184,1.597317045613876,0.636187743763398,1.116752394688637,0,0.6656536262440776,True,True,False
11,125,232,133,0.06296174973249435,46.062397372742204,1.7953750332651532,0.5898782443505445,1.1926266388078488,0,0.6656536262440776,True,True,False
11,126,232,133,0.06419012695550919,43.00985221674877,1.8393866736547098,0.5418641007875246,1.1906253872211172,0,0.6656536262440776,True,True,False
11,127,232,133,0.06295531988143921,40.229885057471265,1.7951446575409087,0.4981373955415899,1.1466410265412492,0,0.6656536262440776,True,True,False
11,128,232,133,0.06147615984082222,37.5320197044335,1.7421476965369753,0.45570208737911466,1.098924891958045,0,0.6656536262440776,True,True,False
11,129,232,133,0.06255459785461426,34.91625615763546,1.780787151222525,0.4145581763000985,1.097672663761312,0,0.6656536262440776,True,True,False
11,130,232,133,0.061126191169023514,32.38259441707718,1.7296086368391634,0.37470566230454216,1.052157149571853,0,0.6656536262440776,True,True,False
11,131,232,133,0.060450948774814606,29.931034482758616,1.7054153150542097,0.33614454539244476,1.0207799302233274,0,0.6656536262440776,True,True,False
11,132,232,133,0.06072087213397026,27.5615763546798,1.7150864238905843,0.29887482556380707,1.0069806247271957,0,0.6656536262440776,True,True,False
11,133,232,133,0.05959569290280342,25.27422003284072,1.674772273833021,0.26289650281862864,0.9688343883258248,0,0.6656536262440776,True,True,False
11,134,232,133,0.062326300889253616,22.878489326765187,1.772607478274162,0.2252135359232839,0.998910507098723,0,0.6656536262440776,True,True,False
11,135,232,133,0.06141892075538635,20.564860426929393,1.7400968720856334,0.1888219661113985,0.964459419098516,0,0.6656536262440776,True,True,False
11,136,232,133,0.062144916504621506,18.333333333333332,1.7661086404911588,0.15372179338297245,0.9599152169370656,0,0.6656536262440776,True,True,False
11,137,232,137,0.06422517448663712,14.981937602627259,1.840642394867741,0.10100696443616047,0.9708246796519507,0,0.6656536262440776,True,True,False
11,138,232,137,0.06171690300107002,12.425287356321844,1.7507733053455359,0.060792859257235356,0.9057830823013856,0,0.6656536262440776,True,True,False
11,139,232,137,0.06185668706893921,10.032840722495896,1.7557816415569063,0.023161548245228883,0.8894715949010676,0,0.6656536262440776,True,True,False
11,140,232,137,0.06891337782144547,7.804597701149427,2.008616462913623,0.0,1.0043082314568115,0,0.6656536262440776,True,True,False
11,141,232,137,0.06596976518630981,7.692939244663383,1.903149495343368,0.0,0.951574747671684,0,0.6656536262440776,True,True,False
11,142,232,137,0.06493306159973145,5.763546798029557,1.8660053472851132,0.0,0.9330026736425566,0,0.6656536262440776,True,True,False
11,143,232,137,0.06023300066590309,5.954022988505748,1.6976064322344397,0.0,0.8488032161172199,0,0.6656536262440776,True,True,False
11,144,232,137,0.056962378323078156,6.144499178981938,1.5804230038009721,0.0,0.7902115019004861,0,0.6656536262440776,True,True,False
11,145,232,137,0.06942486017942429,6.334975369458128,2.026942411313836,0.0,1.013471205656918,0,0.6656536262440776,True,True,False
11,146,232,137,0.06333983689546585,6.525451559934319,1.8089215529667875,0.0,0.9044607764833937,0,0.6656536262440776,True,True,False
11,147,232,137,0.06670664250850677,6.7159277504105095,1.9295511406263663,0.0,0.9647755703131832,0,0.6656536262440776,True,True,False
11,148,232,137,0.06374548375606537,6.9064039408867,1.8234555116069853,0.0,0.9117277558034926,0,0.6656536262440776,True,True,False
11,149,232,137,0.06298404186964035,7.09688013136289,1.7961737402952105,0.0,0.8980868701476052,0,0.6656536262440776,True,True,False
11,150,232,137,0.0588056780397892,7.287356321839081,1.6464667587176802,0.0,0.8232333793588401,0,0.6656536262440776,True,True,False
11,151,232,137,0.05566896125674248,7.477832512315271,1.5340810448890607,0.0,0.7670405224445304,0,0.6656536262440776,True,True,False
11,152,232,137,0.058689117431640625,7.668308702791462,1.642290497978465,0.0,0.8211452489892325,0,0.6656536262440776,True,True,False
11,153,232,137,0.06015217304229736,7.858784893267652,1.6947104518816398,0.0,0.8473552259408199,0,0.6656536262440776,True,True,False
11,154,232,137,0.061899714171886444,8.049261083743843,1.7573232635818332,0.0,0.8786616317909166,0,0.6656536262440776,True,True,False
11,155,232,137,0.0600920133292675,8.239737274220033,1.6925549839958784,0.0,0.8462774919979392,0,0.6656536262440776,True,True,False
11,156,232,137,0.059252120554447174,8.430213464696223,1.662462388595538,0.0,0.831231194297769,0,0.6656536262440776,True,True,False
11,157,232,137,0.058793969452381134,8.620689655172415,1.6460472506636243,0.0009495184097274905,0.8234983845366759,0,0.6656536262440776,True,True,False
11,158,232,137,0.05504044145345688,8.620689655172415,1.5115617511072788,0.0009495184097274905,0.7562556347585031,0,0.6656536262440776,True,True,False
11,159,232,137,0.055080659687519073,8.620689655172415,1.513002733910838,0.0009495184097274905,0.7569761261602828,0,0.6656536262440776,True,True,False
11,160,232,137,0.05368370935320854,8.620689655172415,1.462951272027778,0.0009495184097274905,0.7319503952187527,0,0.6656536262440776,True,True,False
11,161,232,145,0.05667915940284729,4.164203612479474,1.6147383721613748,0.0,0.8073691860806874,0,0.6656536262440776,True,True,False
11,162,232,145,0.05644668638706207,3.86535303776683,1.6061916577992152,0.0,0.8030958288996076,0,0.6656536262440776,True,True,False
11,163,232,145,0.05909741297364235,3.648604269293923,1.7036438412759203,0.0,0.8518219206379601,0,0.6656536262440776,True,True,False
11,164,232,145,0.05774381384253502,3.5139573070607533,1.6538796779154283,0.0,0.8269398389577142,0,0.6656536262440776,True,True,False
11,165,232,151,0.05716647580265999,3.9310344827586214,1.6730932693217473,0.0,0.8365466346608736,0,0.6656536262440776,True,True,False
11,166,232,151,0.057921458035707474,3.3464696223316914,1.70140253508955,0.0,0.850701267544775,0,0.6656536262440776,True,True,False
11,167,232,151,0.055261142551898956,2.844006568144499,1.6016497531554097,0.0,0.8008248765777048,0,0.6656536262440776,True,True,False
11,168,232,151,0.05670928955078125,2.4269293924466333,1.6559503399344186,0.0,0.8279751699672093,0,0.6656536262440776,True,True,False
11,169,232,151,0.05773233622312546,2.174055829228242,1.694311110390373,0.0,0.8471555551951865,0,0.6656536262440776,True,True,False
11,170,232,151,0.05745965987443924,2.085385878489327,1.6840866747869105,0.0,0.8420433373934553,0,0.6656536262440776,True,True,False
11,171,232,151,0.05693497508764267,2.1609195402298864,1.6644127799274366,0.0,0.8322063899637183,0,0.6656536262440776,True,True,False
11,172,232,151,0.056682270020246506,2.3973727422003295,1.654937199442699,0.0,0.8274685997213495,0,0.6656536262440776,True,True,False
11,173,232,151,0.058458056300878525,2.7159277504105095,1.7215231448659576,0.0,0.8607615724329788,0,0.6656536262440776,True,True,False
11,174,232,151,0.05574299395084381,3.1165845648604265,1.6197175416625063,0.0,0.8098587708312531,0,0.6656536262440776,True,True,False
11,175,232,151,0.07394696772098541,3.5993431855500804,2.3023046396513887,0.0,1.1511523198256943,0,0.6656536262440776,True,True,False
11,176,232,151,0.058726899325847626,4.164203612479474,1.731603843868568,0.0,0.865801921934284,0,0.6656536262440776,True,True,False
11,177,232,151,0.05927952006459236,4.811165845648604,1.7523252419056794,0.0,0.8761626209528397,0,0.6656536262440776,True,True,False
11,178,232,151,0.05435032770037651,5.477832512315271,1.5674972942386858,0.00293889499345738,0.7852180946160716,0,0.6656536262440776,True,True,False
11,179,232,151,0.053643207997083664,6.144499178981938,1.540982710538664,0.017795143997081254,0.7793889272678726,0,0.6656536262440776,True,True,False
11,180,232,151,0.05527587607502937,6.811165845648604,1.6022022101586846,0.03265139300070511,0.8174268015796948,0,0.6656536262440776,True,True,False
11,181,232,151,0.05174480378627777,7.477832512315271,1.4697990098024378,0.04750764200432898,0.7586533259033834,0,0.6656536262440776,True,True,False
11,182,232,151,0.0536327138543129,7.763546798029557,1.5405892158791887,0.05387460586302492,0.7972319108711068,0,0.6656536262440776,True,True,False
11,183,232,151,0.05483227223157883,8.049261083743843,1.5855685748886603,0.06024156972172088,0.8229050723051906,0,0.6656536262440776,True,True,False
11,184,232,151,0.05547402426600456,8.334975369458128,1.609632093345582,0.0666085335804168,0.8381203134629994,0,0.6656536262440776,True,True,False
11,185,232,168,0.05416390299797058,7.592775041050903,1.563871849961275,0.05246279145755143,0.8081673207094132,0,0.6656536262440776,True,True,False
11,186,232,168,0.05772371590137482,6.86535303776683,1.6968095535067744,0.034656370963419905,0.8657329622350972,0,0.6656536262440776,True,True,False
11,187,232,168,0.05569097772240639,6.220032840722494,1.6208989501256512,0.018859704475398007,0.8198793273005246,0,0.6656536262440776,True,True,False
11,188,232,168,0.05467350035905838,5.656814449917896,1.5829022610402042,0.005072791993485774,0.793987526516845,0,0.6656536262440776,True,True,False
11,189,232,168,0.05270221084356308,5.175697865353034,1.5092863974192088,0.0,0.7546431987096044,0,0.6656536262440776,True,True,False
11,190,232,166,0.07463621348142624,4.195402298850573,2.328390102967901,0.0,1.1641950514839505,0,0.6656536262440776,True,True,False
11,191,232,175,0.09981414675712585,9.47454844006568,3.2973885084564207,0.035489484135577606,1.6664389962959991,0,0.6656536262440776,True,True,False
11,192,232,175,0.08434858173131943,8.413793103448276,2.7112865206355106,0.016851356264650046,1.3640689384500804,0,0.6656536262440776,True,True,False
11,193,232,175,0.06779745221138,7.4351395730706065,2.084044651610294,0.0,1.042022325805147,0,0.6656536262440776,True,True,False
11,194,232,175,0.057187262922525406,6.610837438423643,1.6819479275024372,0.0,0.8409739637512186,0,0.6656536262440776,True,True,False
11,195,232,175,0.05321706458926201,5.950738916256155,1.531488430465884,0.0,0.765744215232942,0,0.6656536262440776,True,True,False
11,196,232,175,0.05469878017902374,5.454844006568142,1.5876413386263994,0.0,0.7938206693131997,0,0.6656536262440776,True,True,False
11,197,232,175,0.05437612161040306,5.123152709359604,1.5754134744558712,0.0,0.7877067372279356,0,0.6656536262440776,True,True,False
11,198,232,181,0.0561721995472908,7.192118226600986,1.554038854117554,0.0,0.777019427058777,0,0.6656536262440776,True,True,False
11,199,232,181,0.05897466838359833,5.931034482758621,1.654594085328674,0.0,0.827297042664337,0,0.6656536262440776,True,True,False
11,200,232,181,0.06444621086120605,4.834154351395731,1.8509182020465003,0.0,0.9254591010232501,0,0.6656536262440776,True,True,False
11,201,232,181,0.06273544579744339,3.977011494252874,1.7895343342561203,0.0,0.8947671671280601,0,0.6656536262440776,True,True,False
11,202,232,187,0.05831985920667648,7.188834154351396,1.6310989130250653,0.0,0.8155494565125326,0,0.6656536262440776,True,True,False
11,203,232,187,0.05656202882528305,5.556650246305418,1.5680262971440473,0.0,0.7840131485720236,0,0.6656536262440776,True,True,False
11,204,232,187,0.054086748510599136,4.006568144499178,1.4792108994023463,0.0,0.7396054497011731,0,0.6656536262440776,True,True,False
11,205,232,187,0.056255895644426346,2.5484400656814423,1.5570419492063907,0.0,0.7785209746031954,0,0.6656536262440776,True,True,False
11,206,232,187,0.0587565153837204,2.1461412151067303,1.646766549458185,0.0,0.8233832747290925,0,0.6656536262440776,True,True,False
11,207,232,187,0.059217698872089386,1.990147783251232,1.663314249008984,0.0,0.831657124504492,0,0.6656536262440776,True,True,False
11,208,232,187,0.06178942322731018,2.0804597701149445,1.7555901501002598,0.0,0.8777950750501299,0,0.6656536262440776,True,True,False
11,209,232,187,0.062357138842344284,2.413793103448278,1.7759603230678684,0.0,0.8879801615339342,0,0.6656536262440776,True,True,False
11,210,232,187,0.059622976928949356,2.9113300492610854,1.6778560088260326,0.0,0.8389280044130163,0,0.6656536262440776,True,True,False
11,211,232,187,0.06258565187454224,3.4778325123152714,1.784159586692043,0.0,0.8920797933460215,0,0.6656536262440776,True,True,False
11,212,232,187,0.059080883860588074,4.0492610837438425,1.658405197055781,0.0,0.8292025985278905,0,0.6656536262440776,True,True,False
11,213,232,187,0.06136966124176979,4.620689655172415,1.7405286932295148,0.0,0.8702643466147574,0,0.6656536262440776,True,True,False
11,214,232,187,0.06108503043651581,5.192118226600986,1.730315870856142,0.0,0.865157935428071,0,0.6656536262440776,True,True,False
11,215,232,187,0.062141064554452896,5.763546798029557,1.7682073733486043,0.0,0.8841036866743022,0,0.6656536262440776,True,True,False
11,216,232,187,0.06223089247941971,6.334975369458128,1.771430484216861,0.0,0.8857152421084304,0,0.6656536262440776,True,True,False
11,217,232,187,0.06023940443992615,6.9064039408867,1.6999740106707335,0.0,0.8499870053353668,0,0.6656536262440776,True,True,False
11,218,232,187,0.06322351843118668,7.477832512315271,1.8070468417630872,0.0005503281032224181,0.9037985849331548,0,0.6656536262440776,True,True,False
11,219,232,187,0.06267111003398895,7.763546798029557,1.7872259062424019,0.005565274514207661,0.8963955903783047,0,0.6656536262440776,True,True,False
11,220,232,187,0.06267467886209488,8.049261083743843,1.7873539591686984,0.01058022092519292,0.8989670900469456,0,0.6656536262440776,True,True,False
11,221,232,187,0.06372793018817902,8.334975369458128,1.8251456124587147,0.015595167336178148,0.9203703898974464,0,0.6656536262440776,True,True,False
11,222,232,187,0.0644863098859787,8.620689655172415,1.852356992963678,0.020610113747163407,0.9364835533554208,0,0.6656536262440776,True,True,False
11,223,232,187,0.06631805002689362,8.620689655172415,1.9180815608882498,0.020610113747163407,0.9693458373177066,0,0.6656536262440776,True,True,False
11,224,232,187,0.06285420805215836,8.620689655172415,1.7937956362293304,0.020610113747163407,0.9072028749882469,0,0.6656536262440776,True,True,False
11,225,232,187,0.06413130462169647,8.620689655172415,1.8396190684706093,0.020610113747163407,0.9301145911088864,0,0.6656536262440776,True,True,False
11,226,232,187,0.062226682901382446,8.620689655172415,1.7712794405772834,0.020610113747163407,0.8959447771622234,0,0.6656536262440776,True,True,False
11,227,232,187,0.06589382141828537,8.620689655172415,1.9028598373592274,0.020610113747163407,0.9617349755531954,0,0.6656536262440776,True,True,False
11,228,232,187,0.06696393340826035,8.620689655172415,1.9412564672091792,0.020610113747163407,0.9809332904781713,0,0.6656536262440776,True,True,False
11,229,232,187,0.06729982048273087,8.620689655172415,1.9533084129780791,0.020610113747163407,0.9869592633626213,0,0.6656536262440776,True,True,False
11,230,232,18,0.06907669454813004,20.90311986863711,2.041304820831606,0.22234855038433973,1.1318266856079728,0,0.6656536262440776,True,True,False
11,231,232,18,0.06878255307674408,19.50903119868637,2.030569071986508,0.2013643441508688,1.1159667080686884,0,0.6656536262440776,True,True,False
12,35,231,18,0.020990489050745964,8.620689655172416,0.2862261415103668,0.03747003138980208,0.16184808645008444,0,0.6656536262440776,False,False,False
12,36,231,18,0.021345457062125206,8.620689655172416,0.2991819732747729,0.03747003138980208,0.1683260023322875,0,0.6656536262440776,False,False,False
12,37,231,18,0.022028982639312744,8.620689655172416,0.3241296927898395,0.03747003138980208,0.1807998620898208,0,0.6656536262440776,False,False,False
12,38,231,18,0.0222035963088274,8.620689655172416,0.33050284545001124,0.03747003138980208,0.18398643841990667,0,0.6656536262440776,False,False,False
12,39,231,18,0.02241099439561367,8.620689655172416,0.3380725831010804,0.03747003138980208,0.18777130724544125,0,0.6656536262440776,False,False,False
12,40,231,13,0.022671198472380638,13.382594417077176,0.3475696649082739,0.10914753206950248,0.22835859848888818,0,0.6656536262440776,False,False,False
12,41,231,13,0.023537542670965195,13.144499178981938,0.37919000625486066,0.10556365703551747,0.24237683164518906,0,0.6656536262440776,False,False,False
12,42,231,13,0.023631976917386055,12.9064039408867,0.38263672305808266,0.10197978200153245,0.24230825252980756,0,0.6656536262440776,False,False,False
12,43,231,13,0.02252882346510887,12.668308702791462,0.3423731779501903,0.09839590696754744,0.22038454245886885,0,0.6656536262440776,False,False,False
12,44,231,13,0.021911365911364555,12.430213464696223,0.31983684810770663,0.0948120319335624,0.20732444002063452,0,0.6656536262440776,False,False,False
12,45,231,13,0.024325111880898476,12.192118226600986,0.40793517162081927,0.09122815689957739,0.24958166426019834,0,0.6656536262440776,False,False,False
12,46,231,13,0.020685046911239624,11.954022988505749,0.2750779342174665,0.08764428186559238,0.18136110804152944,0,0.6656536262440776,False,False,False
12,47,231,13,0.020894085988402367,11.715927750410508,0.28270756570280536,0.08406040683160731,0.18338398626720634,0,0.6656536262440776,False,False,False
12,48,231,34,0.020767616108059883,8.676518883415437,0.3206457244830359,0.05172341400516198,0.18618456924409893,0,0.6656536262440776,False,False,False
12,49,231,34,0.022434845566749573,7.99671592775041,0.39080886994560693,0.041996088614541696,0.2164024792800743,0,0.6656536262440776,False,False,False
12,50,231,34,0.022448813542723656,7.399014778325122,0.3913966937301372,0.0334435609764118,0.2124201273532745,0,0.6656536262440776,False,False,False
12,51,231,34,0.02371174842119217,6.883415435139571,0.4445456368020659,0.026065831090772276,0.23530573394641907,0,0.6656536262440776,False,False,False
12,52,231,34,0.022978786379098892,6.4499178981937595,0.41369989921634015,0.019862898957623148,0.21678139908698166,0,0.6656536262440776,False,False,False
12,53,231,42,0.023843400180339813,12.331691297208538,0.4610559777316797,0.10598573235507543,0.2835208550433776,0,0.6656536262440776,False,False,False
12,54,231,42,0.0238412544131279,11.270935960591132,0.46096404647333084,0.09083406699453121,0.275899056733931,0,0.6656536262440776,False,False,False
12,55,231,42,0.02252538874745369,10.292282430213463,0.404588319511011,0.076855131151057,0.24072172533103398,0,0.6656536262440776,False,False,False
12,56,231,42,0.024004876613616943,9.39573070607553,0.4679741241281939,0.06404892482465273,0.2660115244764233,0,0.6656536262440776,False,False,False
12,57,231,42,0.02194734290242195,8.58128078817734,0.3798230599702388,0.05241544801531852,0.21611925399277865,0,0.6656536262440776,False,False,False
12,58,231,42,0.02225382812321186,7.908045977011493,0.3929538282363029,0.04279906597534462,0.21787644710582377,0,0.6656536262440776,False,False,False
12,59,231,42,0.024260401725769043,7.399014778325122,0.4789216048099108,0.03552814296951072,0.25722487388971077,0,0.6656536262440776,False,False,False
12,60,231,48,0.0233160313218832,10.049261083743843,0.43846187595644487,0.07338385178052986,0.2559228638684874,0,0.6656536262440776,False,False,False
12,61,231,48,0.02363903447985649,8.55008210180624,0.45230032338834075,0.05196981079883193,0.25213506709358635,0,0.6656536262440776,False,False,False
12,62,231,48,0.025668738409876823,7.2151067323481115,0.5392590742381438,0.03290122885127397,0.2860801515447089,0,0.6656536262440776,False,False,False
12,63,231,48,0.024373484775424004,6.044334975369458,0.4837664300057624,0.01617810593785599,0.24997226797180921,0,0.6656536262440776,False,False,False
12,64,231,48,0.0256753321737051,5.037766830870279,0.5395415713341118,0.001800442058577967,0.2706710066963449,0,0.6656536262440776,False,False,False
12,65,231,48,0.022893859073519707,4.257799671592775,0.4203747200820536,0.0,0.2101873600410268,0,0.6656536262440776,False,False,False
12,66,231,48,0.0724988505244255,3.724137931034483,2.5456049217315706,0.0,1.2728024608657853,0,0.6656536262440776,True,False,False
12,67,231,48,0.10938745737075806,3.433497536945813,4.126026146966345,0.0,2.0630130734831726,0,0.6656536262440776,True,False,False
12,68,231,48,0.0904281884431839,3.3070607553366176,3.313752830359613,0.0,1.6568764151798065,0,0.6656536262440776,True,True,True
12,69,231,60,0.06305008381605148,7.474548440065682,2.0043447346281544,0.05299861554067529,1.028671675084415,0,0.6656536262440776,True,True,False
12,70,231,60,0.043496113270521164,6.318555008210181,1.214457558739554,0.028961670191757383,0.6217096144656558,0,0.6656536262440776,False,False,False
12,71,231,60,0.028981924057006836,5.244663382594417,0.6281535187758542,0.006631894256825118,0.31739270651633966,0,0.6656536262440776,False,False,False
12,72,231,60,0.023427583277225494,4.252873563218389,0.40378463460223935,0.0,0.20189231730111967,0,0.6656536262440776,False,False,False
12,73,231,60,0.03133994713425636,3.343185550082101,0.7234064079439074,0.0,0.3617032039719537,0,0.6656536262440776,False,False,False
12,74,231,66,0.04280941188335419,7.379310344827585,1.1867180969189934,0.051018299020451914,0.6188681979697227,0,0.6656536262440776,False,False,False
12,75,231,66,0.07934381067752838,6.318555008210181,2.662533610659479,0.028961670191757383,1.3457476404256181,0,0.6656536262440776,True,False,False
12,76,231,66,0.033365290611982346,5.343185550082102,0.8052206275214785,0.0086804975536079,0.4069505625375432,0,0.6656536262440776,False,False,False
12,77,231,68,0.03610089421272278,5.911330049261084,0.9157259695188085,0.020494109898388572,0.46811003970859855,0,0.6656536262440776,False,False,False
12,78,231,68,0.02907220460474491,4.893267651888341,0.6318004224430384,0.0,0.3159002112215192,0,0.6656536262440776,False,False,False
12,79,231,68,0.020668748766183853,4.098522167487684,0.2923408745946941,0.0,0.14617043729734705,0,0.6656536262440776,False,False,False
12,80,231,68,0.019177094101905823,3.4942528735632172,0.2320851384297976,0.0,0.1160425692148988,0,0.6656536262440776,False,False,False
12,81,231,68,0.01763799786567688,3.339901477832511,0.16991298896148702,0.0,0.08495649448074351,0,0.6656536262440776,False,False,False
12,82,231,62,0.018154919147491455,5.783251231527093,0.19079414404446643,0.01783092561257096,0.1043125348285187,0,0.6656536262440776,False,False,False
12,83,231,66,0.025757772848010063,4.2988505747126435,0.4979131828204332,0.0,0.2489565914102166,0,0.6656536262440776,False,False,False
12,84,231,72,0.05333542078733444,3.4548440065681443,1.680335617927437,0.0,0.8401678089637185,0,0.6656536262440776,True,False,False
12,85,231,72,0.07161299884319305,3.0870279146141204,2.4566106722726953,0.0,1.2283053361363476,0,0.6656536262440776,True,False,False
12,86,231,72,0.05682077631354332,2.9655172413793087,1.828363685007862,0.0,0.914181842503931,0,0.6656536262440776,True,True,True
12,87,231,68,0.046909648925065994,5.484400656814451,1.3523481233021457,0.011616828945663231,0.6819824761239045,0,0.6656536262440776,True,True,False
12,88,231,68,0.02947770617902279,6.00985221674877,0.648180752595369,0.02254271319517137,0.33536173289527016,0,0.6656536262440776,False,False,False
12,89,231,68,0.022784261032938957,6.6206896551724155,0.37779748332047763,0.03524405363522459,0.2065207684778511,0,0.6656536262440776,False,False,False
12,90,231,68,0.026041684672236443,7.001642036124797,0.5093818668157059,0.043165319716118,0.27627359326591194,0,0.6656536262440776,False,False,False
12,91,231,68,0.019577499479055405,7.382594417077177,0.24825960651702647,0.051086585797011384,0.14967309615701893,0,0.6656536262440776,False,False,False
12,92,231,72,0.024192048236727715,4.788177339901478,0.4425746278560644,0.0,0.2212873139280322,0,0.6656536262440776,False,False,False
12,93,231,72,0.026694098487496376,4.9786535303776684,0.5488403042194292,0.0,0.2744201521097146,0,0.6656536262440776,False,False,False
12,94,231,72,0.026629453524947166,5.28407224958949,0.5460947395903153,0.0,0.27304736979515765,0,0.6656536262440776,False,False,False
12,95,231,72,0.021577494218945503,5.435139573070607,0.33153075453544484,0.0,0.16576537726772242,0,0.6656536262440776,False,False,False
12,96,231,75,0.02213202975690365,3.796387520525452,0.35508267719988423,0.0,0.17754133859994212,0,0.6656536262440776,False,False,False
12,97,231,75,0.0198505986481905,3.6830870279146146,0.2581870134260075,0.0,0.12909350671300374,0,0.6656536262440776,False,False,False
12,98,231,78,0.02241329662501812,3.1264367816091965,0.3670284860299057,0.0,0.18351424301495284,0,0.6656536262440776,False,False,False
12,99,231,78,0.026066703721880913,2.6535303776683077,0.5221939452606194,0.0,0.2610969726303097,0,0.6656536262440776,False,False,False
12,100,231,78,0.022229041904211044,2.3875205254515595,0.35920292276486265,0.0,0.17960146138243133,0,0.6656536262440776,False,False,False
12,101,231,80,0.021153369918465614,2.1215106732348126,0.4990921525590302,0.0,0.2495460762795151,0,0.6656536262440776,False,False,False
12,102,231,80,0.020184697583317757,1.7635467980295576,0.4391532267303767,0.0,0.21957661336518836,0,0.6656536262440776,False,False,False
12,103,231,80,0.021386276930570602,2.0295566502463047,0.5135038329766436,0.0,0.2567519164883218,0,0.6656536262440776,False,False,False
12,104,231,80,0.02131040208041668,2.433497536945812,0.5088088945019714,0.0,0.2544044472509857,0,0.6656536262440776,False,False,False
12,105,231,80,0.021879591047763824,2.7159277504105086,0.5440288280733178,0.0,0.2720144140366589,0,0.6656536262440776,False,False,False
12,106,231,80,0.02059626765549183,3.0968801313628895,0.46462011283234206,0.0,0.23231005641617103,0,0.6656536262440776,False,False,False
12,107,231,75,0.01969490572810173,8.239737274220031,0.25157451095802646,0.06308865154664732,0.1573315812523369,0,0.6656536262440776,False,False,False
12,108,231,75,0.0221027173101902,8.573070607553365,0.35383773538670016,0.07122759217651838,0.21253266378160926,0,0.6656536262440776,False,False,False
12,109,231,78,0.022754766047000885,6.374384236453202,0.3815311839966064,0.017542658662245785,0.1995369213294261,0,0.6656536262440776,False,False,False
12,110,231,78,0.05749146640300751,6.686371100164202,1.8568488587030034,0.02516038634537628,0.9410046225241898,0,0.6656536262440776,True,False,False
12,111,231,78,0.03723672777414322,7.041050903119865,0.9966009482950503,0.033820539921987816,0.5152107441085191,0,0.6656536262440776,False,False,False
12,112,231,68,0.037570346146821976,17.001642036124796,0.9750848212480279,0.2510985543395697,0.6130916877937987,0,0.6656536262440776,False,False,False
12,113,231,68,0.024708786979317665,16.811165845648606,0.45553915533383216,0.24713792129912301,0.3513385383164776,0,0.6656536262440776,False,False,False
12,114,231,68,0.02515733428299427,16.620689655172413,0.4736583277100301,0.24317728825867624,0.3584178079843532,0,0.6656536262440776,False,False,False
12,115,231,100,0.023713303729891777,14.045977011494253,0.43040899608111977,0.1713612492623779,0.30088512267174883,0,0.6656536262440776,False,False,False
12,116,231,100,0.023066174238920212,12.794745484400659,0.40389003307265026,0.14658949033498955,0.2752397617038199,0,0.6656536262440776,False,False,False
12,117,231,100,0.020943447947502136,11.768472906403941,0.31690203332207945,0.12627144659533374,0.2215867399587066,0,0.6656536262440776,False,False,False
12,118,231,103,0.08521485328674316,13.188834154351396,2.9507041463037798,0.15439161913101734,1.5525478827173986,0,0.6656536262440776,True,False,False
12,119,231,103,0.05137452483177185,12.123152709359605,1.5639485880854116,0.13329336251175875,0.8486209752985852,0,0.6656536262440776,True,False,False
12,120,231,103,0.050747375935316086,11.221674876847288,1.538248417380869,0.11544599289084506,0.8268472051358571,0,0.6656536262440776,True,True,True
12,121,231,109,0.031255051493644714,15.331691297208538,0.7394651166203079,0.19681569445941866,0.46814040553986325,0,0.6656536262440776,False,False,False
12,122,231,109,0.0330427885055542,14.032840722495896,0.8127254645864038,0.17110117830251032,0.4919133214444571,0,0.6656536262440776,False,False,False
12,123,231,109,0.06636562198400497,12.81609195402299,2.1782744013621094,0.1470121056447744,1.1626432535034419,0,0.6656536262440776,True,False,False
12,124,231,109,0.06691094487905502,11.68144499178982,2.200621393553413,0.12454847648621094,1.1625849350198119,0,0.6656536262440776,True,False,False
12,125,231,109,0.03474452346563339,10.632183908045976,0.8824615020969279,0.1037753085667868,0.49311840533185736,0,0.6656536262440776,False,False,False
12,126,231,109,0.029045626521110535,9.793103448275863,0.6489242589804308,0.08716327600524425,0.3680437674928375,0,0.6656536262440776,False,False,False
12,127,231,109,0.053667645901441574,9.200328407224957,1.6579192595953975,0.075427573941219,0.8666734167683082,0,0.6656536262440776,True,False,False
12,128,231,109,0.04982003942131996,8.61247947454844,1.5002467452979833,0.0637893984871442,0.7820180718925638,0,0.6656536262440776,True,False,False
12,129,231,109,0.043931420892477036,8.142857142857142,1.2589348299610337,0.054491861671877695,0.6567133458164557,0,0.6656536262440776,False,False,False
12,130,231,109,0.03190701827406883,7.898193760262726,0.7661823087341469,0.04964804004434376,0.40791517438924535,0,0.6656536262440776,False,False,False
12,131,231,109,0.03797583654522896,7.735632183908044,1.014878697143821,0.046429661915982245,0.5306541795299017,0,0.6656536262440776,False,False,False
12,132,231,109,0.07127626240253448,7.655172413793102,2.3795093835777497,0.04483672728679325,1.2121730554322714,0,0.6656536262440776,True,False,False
12,133,231,109,0.047704774886369705,7.180623973727421,1.4135645236745247,0.035441663861576406,0.7245030937680506,0,0.6656536262440776,True,False,False
12,134,231,109,0.03082882985472679,6.788177339901477,0.7219988196371431,0.027672043935532027,0.37483543178633755,0,0.6656536262440776,False,False,False
12,135,231,109,0.03875751793384552,6.47783251231527,1.046911513015046,0.021527867508660106,0.534219690261853,0,0.6656536262440776,False,False,False
12,136,231,109,0.03390178456902504,6.906403940886698,0.8479265876219247,0.030012682574340373,0.4389696350981326,0,0.6656536262440776,False,False,False
12,137,231,109,0.033936936408281326,7.334975369458127,0.8493670880749602,0.03849749764002064,0.4439322928574904,0,0.6656536262440776,False,False,False
12,138,231,109,0.03696025162935257,7.763546798029556,0.9732606605810754,0.046982312705700906,0.5101214866433882,0,0.6656536262440776,False,False,False
12,139,231,109,0.032104406505823135,8.049261083743842,0.774271155385751,0.05263885608282108,0.413455005734286,0,0.6656536262440776,False,False,False
12,140,231,109,0.03392980247735977,8.334975369458126,0.8490747440343114,0.058295399459941236,0.4536850717471263,0,0.6656536262440776,False,False,False
12,141,231,103,0.03935810923576355,14.334975369458128,1.0715233700559925,0.17708281037946494,0.6243030902177287,0,0.6656536262440776,False,False,False
12,142,231,109,0.04470498487353325,8.824302134646961,1.2906349995322202,0.06798304271500914,0.6793090211236147,0,0.6656536262440776,True,False,False
12,143,231,109,0.04734603315591812,8.742200328407225,1.3988635112617587,0.0663575992158367,0.7326105552387977,0,0.6656536262440776,True,False,False
12,144,231,106,0.041413065046072006,11.231527093596057,1.1557341777504357,0.11564104611074576,0.6356876119305908,0,0.6656536262440776,False,False,False
12,145,231,106,0.04146968573331833,11.049261083743842,1.1580544582067398,0.11203256154258291,0.6350435098746614,0,0.6656536262440776,False,False,False
12,146,231,109,0.03867043927311897,8.535303776683088,1.0433430837982482,0.06226148159792211,0.5528022826980852,0,0.6656536262440776,False,False,False
12,147,231,109,0.04639679566025734,8.288998357963875,1.3599643506070844,0.05738515110040469,0.7086747508537445,0,0.6656536262440776,True,False,False
12,148,231,109,0.049379862844944,8.088669950738913,1.48220858367969,0.05341906896242381,0.767813826321057,0,0.6656536262440776,True,False,False
12,149,231,111,0.04014279693365097,6.597701149425289,1.090339224366408,0.01838556985778597,0.554362397112097,0,0.6656536262440776,False,False,False
12,150,231,62,0.038801539689302444,52.9064039408867,1.0248191699818443,0.9976778824637724,1.0112485262228084,0,0.6656536262440776,True,False,False
12,151,231,62,0.03639686852693558,50.668308702791464,0.9276819205950748,0.9511404442385237,0.9394111824167992,0,0.6656536262440776,True,False,False
12,152,231,106,0.041335247457027435,14.660098522167486,1.1525452614762246,0.18351956663618788,0.6680324140562063,0,0.6656536262440776,True,True,True
12,153,231,62,0.04519486427307129,48.287356321839084,1.2830789995266256,0.9016325312329401,1.0923557653797829,0,0.6656536262440776,True,True,False
12,154,231,62,0.044253140687942505,46.04926108374384,1.2450378568649325,0.8550950930076913,1.0500664749363118,0,0.6656536262440776,True,True,False
12,155,231,62,0.04483046755194664,43.8111658456486,1.2683591094520235,0.8085576547824425,1.0384583821172328,0,0.6656536262440776,True,True,False
12,156,231,62,0.043880242854356766,41.57307060755337,1.2299745623805627,0.7620202165571939,0.9959973894688783,0,0.6656536262440776,True,True,False
12,157,231,62,0.040566787123680115,39.33497536945813,1.0961267495569755,0.7154827783319451,0.9058047639444603,0,0.6656536262440776,True,True,False
12,158,231,62,0.042712073773145676,37.09688013136289,1.1827861013787573,0.6689453401066964,0.9258657207427268,0,0.6656536262440776,True,True,False
12,159,231,62,0.04363477975130081,34.858784893267654,1.2200590233954618,0.6224079018814477,0.9212334626384547,0,0.6656536262440776,True,True,False
12,160,231,62,0.04243284463882446,32.62068965517241,1.1715065757283918,0.575870463656199,0.8736885196922954,0,0.6656536262440776,True,True,False
12,161,231,62,0.04089989513158798,30.382594417077176,1.1095827248035153,0.5293330254309503,0.8194578751172328,0,0.6656536262440776,True,True,False
12,162,231,62,0.040646348148584366,28.430213464696223,1.099340635612807,0.4887365367663716,0.7940385861895893,0,0.6656536262440776,True,True,False
12,163,231,133,0.04071943461894989,41.42692939244663,0.9984530813862891,0.5169659650184276,0.7577095232023583,0,0.6656536262440776,True,True,False
12,164,231,133,0.04305398464202881,40.36617405582923,1.0820978886670731,0.5002811147001325,0.7911895016836028,0,0.6656536262440776,True,True,False
12,165,231,133,0.04094984754920006,39.24466338259442,1.0067085674350986,0.48264063054007733,0.744674598987588,0,0.6656536262440776,True,True,False
12,166,231,133,0.04196319356560707,38.20525451559935,1.0430158349655358,0.4662915434634816,0.7546536892145087,0,0.6656536262440776,True,True,False
12,167,231,137,0.042564596980810165,40.37931034482759,1.0645635731871932,0.500487738233486,0.7825256557103396,0,0.6656536262440776,True,True,False
12,168,231,137,0.04186461865901947,39.1576354679803,1.039483985580117,0.4812717496316104,0.7603778676058637,0,0.6656536262440776,True,True,False
12,169,231,137,0.04071592912077904,38.10016420361248,0.9983274825702323,0.4646385551966535,0.7314830188834429,0,0.6656536262440776,True,True,False
12,170,231,145,0.039135709404945374,44.0935960591133,0.9697652102120069,0.5684434571155197,0.7691043336637633,0,0.6656536262440776,True,True,False
12,171,231,145,0.03708341717720032,40.22331691297208,0.8943140641984723,0.5087091800678288,0.7015116221331505,0,0.6656536262440776,True,True,False
12,172,231,145,0.03748039901256561,36.4351395730706,0.908908834874858,0.4502420705434237,0.6795754527091409,0,0.6656536262440776,True,True,False
12,173,231,151,0.036824747920036316,40.04597701149425,0.9103476634005838,0.7732683384030379,0.8418080009018108,0,0.6656536262440776,True,True,False
12,174,231,151,0.04061466455459595,35.88998357963875,1.0524566463000757,0.6806546284814319,0.8665556373907538,0,0.6656536262440776,True,True,False
12,175,231,151,0.03894795477390289,31.81609195402298,0.9899606986153461,0.5898705058755429,0.7899156022454445,0,0.6656536262440776,True,True,False
12,176,231,151,0.041928764432668686,27.824302134646956,1.1017309219921483,0.5009159705853715,0.80132344628876,0,0.6656536262440776,True,True,False
12,177,231,151,0.04239612817764282,23.91789819376026,1.1192554727531676,0.413864206103546,0.7665598394283568,0,0.6656536262440776,True,True,False
12,178,231,151,0.04134484753012657,20.17569786535304,1.0798360242623666,0.330471616253155,0.7051538202577607,0,0.6656536262440776,True,True,False
12,179,231,151,0.04074331745505333,16.597701149425287,1.0572806924715272,0.2507382010341983,0.6540094467528628,0,0.6656536262440776,False,False,False
12,180,231,151,0.04032371565699577,13.180623973727425,1.0415470522639807,0.17459077695404748,0.6080689146090141,0,0.6656536262440776,False,False,False
12,181,231,151,0.04044438526034355,9.845648604269295,1.0460717519479437,0.10027294018961376,0.5731723460687788,0,0.6656536262440776,False,False,False
12,182,231,151,0.039472561329603195,6.592775041050903,1.0096316600748025,0.02778469074089728,0.5187081754078499,0,0.6656536262440776,False,False,False
12,183,231,151,0.03947253152728081,3.422003284072248,1.0096305425890817,0.0,0.5048152712945408,0,0.6656536262440776,False,False,False
12,184,231,151,0.03977580741047859,3.7766830870279127,1.0210023566564879,0.0,0.5105011783282439,0,0.6656536262440776,False,False,False
12,185,231,151,0.04114806279540062,4.295566502463053,1.0724572660472005,0.0,0.5362286330236002,0,0.6656536262440776,False,False,False
12,186,231,151,0.041681159287691116,4.9786535303776684,1.092446571251401,0.0,0.5462232856257005,0,0.6656536262440776,False,False,False
12,187,231,151,0.04052804410457611,5.763546798029557,1.049208674052252,0.00930585885215332,0.5292572664522026,0,0.6656536262440776,False,False,False
12,188,231,151,0.04085257649421692,6.430213464696224,1.061377534810097,0.024162107855777194,0.542769821332937,0,0.6656536262440776,False,False,False
12,189,231,151,0.039895664900541306,7.09688013136289,1.0254966048545562,0.03901835685940105,0.5322574808569787,0,0.6656536262440776,False,False,False
12,190,231,158,0.04063963517546654,3.474548440065681,1.0533929596484828,0.0,0.5266964798242414,0,0.6656536262440776,False,False,False
12,191,231,158,0.07421351224184036,3.5090311986863703,2.312299152567774,0.0,1.156149576283887,0,0.6656536262440776,True,False,False
12,192,231,151,0.0533594973385334,9.001642036124796,1.5303445258470347,0.08146478258404069,0.8059046542155377,0,0.6656536262440776,True,False,False
12,193,231,34,0.04715767130255699,69.76026272577998,1.4312362744076979,0.9257729418579965,1.1785046081328472,0,0.6656536262440776,True,True,True
12,194,231,34,0.03961941599845886,65.88998357963877,1.1139987755866811,0.8703929758056005,0.9921958756961409,0,0.6656536262440776,True,True,False
12,195,231,34,0.03566401079297066,62.10180623973728,0.9475407818476602,0.8161878075056946,0.8818642946766775,0,0.6656536262440776,True,True,False
12,196,231,34,0.07801155000925064,58.395730706075526,2.729680929700458,0.7631574369582793,1.7464191833293687,0,0.6656536262440776,True,True,False
12,197,231,34,0.0728193074464798,54.77175697865352,2.5111722725328014,0.7113018641633544,1.611237068348078,0,0.6656536262440776,True,True,False
12,198,231,34,0.07357469201087952,51.229885057471265,2.542961632297241,0.66062108912092,1.6017913607090803,0,0.6656536262440776,True,True,False
12,199,231,34,0.055705659091472626,47.77011494252873,1.7909670286359296,0.6111151118309758,1.2010410702334526,0,0.6656536262440776,True,True,False
12,200,231,34,0.05254379287362099,44.39244663382595,1.657904073072112,0.5627839322935222,1.110344002682817,0,0.6656536262440776,True,True,False
12,201,231,34,0.05601393058896065,41.09688013136289,1.8039402266606426,0.5156275505085587,1.1597838885846006,0,0.6656536262440776,True,True,False
12,202,231,34,0.11278438568115234,37.88341543513957,4.193049702773353,0.4696459664760856,2.331347834624719,0,0.6656536262440776,True,True,False
12,203,231,34,0.06882093846797943,34.75205254515599,2.342906205262113,0.42483918019610295,1.3838726927291078,0,0.6656536262440776,True,True,False
12,204,231,34,0.05980554595589638,31.702791461412147,1.9635053417933317,0.38120719166861067,1.1723562667309713,0,0.6656536262440776,True,True,False
12,205,231,25,0.05478755384683609,30.449917898193753,1.4809531333294081,0.3660969843089787,0.9235250588191934,0,0.6656536262440776,True,True,False
12,206,231,25,0.048838626593351364,27.99343185550082,1.2684136077738215,0.3301021598171386,0.79925788379548,0,0.6656536262440776,True,True,False
12,207,231,25,0.04531625658273697,25.61904761904762,1.1425685908510352,0.2953103709032342,0.7189394808771348,0,0.6656536262440776,True,True,False
12,208,231,25,0.04125445708632469,23.326765188834152,0.9974511770578691,0.2617216175672656,0.6295863973125674,0,0.6656536262440776,False,False,False
12,209,231,25,0.04011818394064903,21.116584564860425,0.9568551258720032,0.2293358998092329,0.593095512840618,0,0.6656536262440776,False,False,False
12,210,231,25,0.04726678505539894,18.98850574712644,1.2122558434425672,0.1981532176291361,0.7052045305358516,0,0.6656536262440776,True,False,False
12,211,231,25,0.04726284369826317,17.27586206896552,1.2121150291175657,0.17305789547339454,0.6925864622954802,0,0.6656536262440776,True,False,False
12,212,231,25,0.045210618525743484,15.645320197044336,1.1387944208944505,0.1491656088955888,0.6439800148950197,0,0.6656536262440776,False,False,False
12,213,231,25,0.041965797543525696,13.763546798029557,1.0228655008241303,0.12159203344929943,0.5722287671367149,0,0.6656536262440776,False,False,False
12,214,231,25,0.04003051295876503,13.334975369458128,0.9537228722570841,0.11531218773247436,0.5345175299947792,0,0.6656536262440776,False,False,False
12,215,231,25,0.04070153832435608,12.9064039408867,0.9776968438256459,0.10903234201564929,0.5433645929206476,0,0.6656536262440776,False,False,False
12,216,231,25,0.04598650708794594,12.47783251231527,1.1665148786959672,0.10275249629882421,0.6346336874973957,0,0.6656536262440776,False,False,False
12,217,231,25,0.04699431359767914,12.049261083743843,1.2025211548367714,0.09647265058199918,0.6494969027093853,0,0.6656536262440776,False,False,False
12,218,231,25,0.0440865233540535,11.620689655172415,1.0986334566919778,0.0901928048651741,0.5944131307785759,0,0.6656536262440776,False,False,False
12,219,231,25,0.044883765280246735,11.192118226600986,1.1271168140312149,0.08391295914834904,0.6055148865897819,0,0.6656536262440776,False,False,False
12,220,231,25,0.04447653144598007,10.763546798029557,1.1125674201258653,0.07763311343152396,0.5951002667786947,0,0.6656536262440776,False,False,False
12,221,231,25,0.044596973806619644,10.334975369458128,1.1168705089175688,0.0713532677146989,0.5941118883161338,0,0.6656536262440776,False,False,False
12,222,231,25,0.04548449441790581,9.9064039408867,1.1485792862493254,0.06507342199787382,0.6068263541235996,0,0.6656536262440776,False,False,False
12,223,231,20,0.04739966243505478,14.239737274220033,1.2170032027605984,0.12856963980132727,0.6727864212809628,0,0.6656536262440776,True,False,False
12,224,231,20,0.046409014612436295,13.573070607553367,1.1816099613844038,0.1188009909084883,0.6502054761464461,0,0.6656536262440776,False,False,False
12,225,231,18,0.046557437628507614,14.811165845648604,1.2193837046824707,0.13065078227341262,0.6750172434779417,0,0.6656536262440776,True,False,False
12,226,231,18,0.04744866490364075,14.47783251231527,1.2519122432277052,0.1256333572258336,0.6887728002267695,0,0.6656536262440776,True,False,False
12,227,231,18,0.04849674552679062,14.144499178981938,1.2901657077477977,0.12061593217825459,0.7053908199630261,0,0.6656536262440776,True,True,True
12,228,231,18,0.047490619122982025,13.811165845648604,1.2534435130609518,0.11559850713067553,0.6845210100958137,0,0.6656536262440776,True,True,False
12,229,231,18,0.04926100745797157,13.47783251231527,1.3180601903121485,0.11058108208309649,0.7143206361976225,0,0.6656536262440776,True,True,False
12,230,231,18,0.048187337815761566,13.144499178981938,1.2788727626874057,0.10556365703551747,0.6922182098614615,0,0.6656536262440776,True,True,False
13,35,229,13,0.01849069818854332,8.620689655172413,0.19498730077354484,0.037470031389802025,0.11622866608167343,0,0.6656536262440776,False,False,False
13,36,229,13,0.018297899514436722,8.620689655172413,0.18795042109410534,0.037470031389802025,0.11271022624195368,0,0.6656536262440776,False,False,False
13,37,229,13,0.018289336934685707,8.620689655172413,0.18763789900995356,0.037470031389802025,0.11255396519987779,0,0.6656536262440776,False,False,False
13,38,229,13,0.017938878387212753,8.620689655172413,0.17484665631792762,0.037470031389802025,0.10615834385386483,0,0.6656536262440776,False,False,False
13,39,229,13,0.018017716705799103,8.620689655172413,0.17772414375186468,0.037470031389802025,0.10759708757083336,0,0.6656536262440776,False,False,False
13,40,229,13,0.01862654648721218,8.620689655172413,0.19994557207296673,0.037470031389802025,0.11870780173138437,0,0.6656536262440776,False,False,False
13,41,229,13,0.018285611644387245,8.620689655172413,0.18750193116825167,0.037470031389802025,0.11248598127902684,0,0.6656536262440776,False,False,False
13,42,229,13,0.01686098612844944,8.620689655172413,0.13550510914461578,0.037470031389802025,0.08648757026720891,0,0.6656536262440776,False,False,False
13,43,229,42,0.01880420558154583,18.998357963875204,0.24516140260721336,0.2012113691411582,0.22318638587418577,0,0.6656536262440776,False,False,False
13,44,229,42,0.017696041613817215,17.699507389162562,0.1976842543664468,0.18265878818111106,0.19017152127377893,0,0.6656536262440776,False,False,False
13,45,229,42,0.01707981899380684,16.48275862068966,0.17128338452088349,0.16527893673813393,0.1682811606295087,0,0.6656536262440776,False,False,False
13,46,229,48,0.017372528091073036,20.569786535303777,0.18382394134011723,0.22365741209787773,0.20374067671899748,0,0.6656536262440776,False,False,False
13,47,229,48,0.016627952456474304,18.98522167487685,0.15192403409736163,0.20102373241842705,0.17647388325789434,0,0.6656536262440776,False,False,False
13,48,229,48,0.017373403534293175,17.48275862068966,0.18386144801670057,0.17956278225604633,0.18171211513637345,0,0.6656536262440776,False,False,False
13,49,229,48,0.016612550243735313,16.062397372742204,0.1512641559938137,0.1592745616107356,0.15526935880227466,0,0.6656536262440776,False,False,False
13,50,229,48,0.017555279657244682,14.727422003284076,0.19165357977904576,0.14020597966317766,0.16592977972111173,0,0.6656536262440776,False,False,False
13,51,229,48,0.018231844529509544,13.55665024630542,0.2206396970599142,0.12348285674975963,0.1720612769048369,0,0.6656536262440776,False,False,False
13,52,229,48,0.019218256697058678,12.55008210180624,0.26290062420521465,0.1091051928704816,0.18600290853784812,0,0.6656536262440776,False,False,False
13,53,229,48,0.01902017556130886,11.704433497536947,0.25441421991888025,0.09702607884466076,0.1757201493817705,0,0.6656536262440776,False,False,False
13,54,229,48,0.0196694266051054,10.94088669950739,0.28223012889034893,0.0861196943359099,0.1841749116131294,0,0.6656536262440776,False,False,False
13,55,229,48,0.019994085654616356,10.259441707717569,0.296139519801995,0.076386039344229,0.186262779573112,0,0.6656536262440776,False,False,False
13,56,229,48,0.020948292687535286,9.660098522167486,0.3370206800576663,0.06782511386961809,0.20242289696364218,0,0.6656536262440776,False,False,False
13,57,229,48,0.020301884040236473,9.142857142857142,0.3093265480829341,0.06043691791207721,0.18488173299750565,0,0.6656536262440776,False,False,False
13,58,229,55,0.02252855710685253,8.018062397372741,0.3903742409224885,0.045696458065700135,0.2180353494940943,0,0.6656536262440776,False,False,False
13,59,229,66,0.028095971792936325,15.71264367816092,0.5923652715649199,0.22429599453999502,0.4083306330524575,0,0.6656536262440776,False,False,False
13,60,229,66,0.026195649057626724,13.270935960591135,0.515601293876833,0.17352477616806194,0.34456303502244745,0,0.6656536262440776,False,False,False
13,61,229,66,0.027608511969447136,10.911330049261082,0.5726742189248185,0.12446072721011439,0.34856747306746644,0,0.6656536262440776,False,False,False
13,62,229,66,0.02597471885383129,8.63382594417077,0.5066767670479656,0.07710384766615257,0.29189030735705906,0,0.6656536262440776,False,False,False
13,63,229,66,0.025390127673745155,6.438423645320197,0.4830620707277252,0.031454137536176416,0.2572581041319508,0,0.6656536262440776,False,False,False
13,64,229,66,0.02717277780175209,5.706075533661739,0.5550726361487064,0.016226186363424426,0.2856494112560654,0,0.6656536262440776,False,False,False
13,65,229,66,0.028780631721019745,5.05582922824302,0.6200222681722675,0.002705404604658115,0.31136383638846277,0,0.6656536262440776,False,False,False
13,66,229,66,0.028385138139128685,4.487684729064038,0.6040462131938373,0.0,0.30202310659691867,0,0.6656536262440776,False,False,False
13,67,229,66,0.02806759998202324,4.28735632183908,0.5912191856820145,0.0,0.29560959284100724,0,0.6656536262440776,False,False,False
13,68,229,66,0.0283610001206398,4.169129720853858,0.6030711523379698,0.0,0.3015355761689849,0,0.6656536262440776,False,False,False
13,69,229,66,0.03146893158555031,4.1330049261083746,0.7286167647729149,0.0,0.36430838238645746,0,0.6656536262440776,False,False,False
13,70,229,66,0.029904857277870178,4.178981937602627,0.6654356203144676,0.0,0.3327178101572338,0,0.6656536262440776,False,False,False
13,71,229,66,0.032282207161188126,4.326765188834154,0.7614692202966639,0.0,0.38073461014833193,0,0.6656536262440776,False,False,False
13,72,229,66,0.034157443791627884,4.619047619047619,0.8372198389596084,0.0,0.4186099194798042,0,0.6656536262440776,False,False,False
13,73,229,66,0.03477754816412926,4.993431855500821,0.8622690989250349,0.0014079558500290396,0.431838527387532,0,0.6656536262440776,False,False,False
13,74,229,66,0.03590468689799309,5.449917898193759,0.9078001295284263,0.010899817791789206,0.4593499736601077,0,0.6656536262440776,False,False,False
13,75,229,66,0.037777263671159744,5.988505747126436,0.9834433026398484,0.022098849147535068,0.5027710758936917,0,0.6656536262440776,False,False,False
13,76,229,66,0.03846411034464836,6.609195402298851,1.0111886333350721,0.03500504991726657,0.5230968416261693,0,0.6656536262440776,False,False,False
13,77,229,66,0.03742517903447151,7.311986863711002,0.969220762071943,0.04961842010098371,0.5094195910864633,0,0.6656536262440776,False,False,False
13,78,229,66,0.039260607212781906,8.09688013136289,1.0433633090772287,0.06593895969868649,0.5546511343879577,0,0.6656536262440776,False,False,False
13,79,229,66,0.03768382593989372,8.620689655172415,0.9796688638117186,0.07683070055991491,0.5282497821858168,0,0.6656536262440776,False,False,False
13,80,229,66,0.036746349185705185,8.620689655172415,0.9417992728709436,0.07683070055991491,0.5093149867154292,0,0.6656536262440776,False,False,False
13,81,229,66,0.035991162061691284,8.620689655172415,0.9112933138246297,0.07683070055991491,0.49406200719227233,0,0.6656536262440776,False,False,False
13,82,229,66,0.03394000977277756,8.620689655172415,0.8284365413325671,0.07683070055991491,0.452633620946241,0,0.6656536262440776,False,False,False
13,83,229,66,0.0330674834549427,8.620689655172415,0.7931906383340791,0.07683070055991491,0.435010669446997,0,0.6656536262440776,False,False,False
13,84,229,66,0.03534233570098877,8.620689655172415,0.8850838224835202,0.07683070055991491,0.4809572615217176,0,0.6656536262440776,False,False,False
13,85,229,66,0.03690621256828308,8.620689655172415,0.9482569912917845,0.07683070055991491,0.5125438459258497,0,0.6656536262440776,False,False,False
13,86,229,75,0.03285110741853714,4.105090311986864,0.8103373377947228,0.0,0.4051686688973614,0,0.6656536262440776,False,False,False
13,87,229,75,0.03235306590795517,3.758620689655172,0.7891847978076599,0.0,0.39459239890382997,0,0.6656536262440776,False,False,False
13,88,229,75,0.035715993493795395,3.4942528735632177,0.9320131740005612,0.0,0.4660065870002806,0,0.6656536262440776,False,False,False
13,89,229,75,0.03450639918446541,3.3119868637110015,0.8806399622248425,0.0,0.44031998111242127,0,0.6656536262440776,False,False,False
13,90,229,75,0.033252816647291183,3.2118226600985222,0.8273985070825258,0.0,0.4136992535412629,0,0.6656536262440776,False,False,False
13,91,229,75,0.032827701419591904,3.19376026272578,0.8093432513217946,0.0,0.4046716256608973,0,0.6656536262440776,False,False,False
13,92,229,75,0.03356420621275902,3.2577996715927746,0.8406236702369302,0.0,0.4203118351184651,0,0.6656536262440776,False,False,False
13,93,229,75,0.031144587323069572,3.4039408866995067,0.7378589724554082,0.0,0.3689294862277041,0,0.6656536262440776,False,False,False
13,94,229,75,0.030389685183763504,3.6321839080459766,0.7057971917630077,0.0,0.35289859588150385,0,0.6656536262440776,False,False,False
13,95,229,75,0.03447892889380455,3.942528735632184,0.8794732594313724,0.0,0.4397366297156862,0,0.6656536262440776,False,False,False
13,96,229,75,0.03146249055862427,4.334975369458128,0.7513607805561622,0.0,0.3756803902780811,0,0.6656536262440776,False,False,False
13,97,229,75,0.03235042095184326,4.763546798029556,0.7890724627136317,0.0,0.39453623135681587,0,0.6656536262440776,False,False,False
13,98,229,78,0.028538774698972702,2.7750410509031194,0.6271863587096297,0.0,0.31359317935481484,0,0.6656536262440776,False,False,False
13,99,229,78,0.02995237335562706,3.0673234811165844,0.6872239288222086,0.0,0.3436119644111043,0,0.6656536262440776,False,False,False
13,100,229,78,0.02833784930408001,3.517241379310344,0.6186527679153245,0.0,0.30932638395766227,0,0.6656536262440776,False,False,False
13,101,229,78,0.030257107689976692,4.049261083743842,0.700166434729456,0.0,0.350083217364728,0,0.6656536262440776,False,False,False
13,102,229,78,0.02958998829126358,4.620689655172414,0.6718329134112526,0.0,0.3359164567056263,0,0.6656536262440776,False,False,False
13,103,229,78,0.029006227850914,5.192118226600985,0.647039767067023,0.0,0.3235198835335115,0,0.6656536262440776,False,False,False
13,104,229,78,0.03049047477543354,5.763546798029556,0.7100778708284715,0.002627949724748076,0.3563529102766098,0,0.6656536262440776,False,False,False
13,105,229,78,0.031767964363098145,6.334975369458127,0.7643346928242049,0.016580419375955592,0.3904575561000802,0,0.6656536262440776,False,False,False
13,106,229,78,0.03392273187637329,6.906403940886698,0.8558507713416703,0.030532889027163106,0.4431918301844167,0,0.6656536262440776,False,False,False
13,107,229,78,0.03396899625658989,7.049261083743842,0.8578156861765096,0.034021006439964994,0.4459183463082373,0,0.6656536262440776,False,False,False
13,108,229,87,0.03485124558210373,3.1494252873563227,1.34668108807622,0.0,0.67334054403811,0,0.6656536262440776,True,False,False
13,109,229,87,0.035002969205379486,2.706075533661741,1.3560693514466113,0.0,0.6780346757233057,0,0.6656536262440776,True,False,False
13,110,229,87,0.0337207168340683,2.426929392446633,1.2767269081983432,0.0,0.6383634540991716,0,0.6656536262440776,False,False,False
13,111,229,87,0.03413083031773567,2.3119868637110015,1.3021036643902264,0.0,0.6510518321951132,0,0.6656536262440776,False,False,False
13,112,229,96,0.031089017167687416,7.665024630541873,1.059397729254357,0.021170890745188298,0.5402843099997727,0,0.6656536262440776,False,False,False
13,113,229,96,0.032282810658216476,6.74712643678161,1.1319299485799403,0.000938618275680053,0.5664342834278102,0,0.6656536262440776,False,False,False
13,114,229,96,0.03269222378730774,5.911330049261084,1.1568049735399613,0.0,0.5784024867699806,0,0.6656536262440776,False,False,False
13,115,229,96,0.0366426482796669,5.157635467980295,1.39682391985032,0.0,0.69841195992516,0,0.6656536262440776,True,False,False
13,116,229,109,0.03294520080089569,16.04597701149425,0.8087263813024153,0.21095705290221906,0.5098417171023172,0,0.6656536262440776,False,False,False
13,117,229,109,0.039142534136772156,14.509031198686372,1.0626892369258256,0.1805287505977106,0.6216089937617681,0,0.6656536262440776,False,False,False
13,118,229,109,0.03803640976548195,13.054187192118228,1.0173609499380512,0.15172589179237453,0.5845434208652128,0,0.6656536262440776,False,False,False
13,119,229,109,0.035079412162303925,11.824302134646965,0.8961850320594198,0.12737674817477104,0.5117808901170954,0,0.6656536262440776,False,False,False
13,120,229,109,0.03541511297225952,10.676518883415437,0.9099418419179228,0.10465304805633997,0.5072974449871314,0,0.6656536262440776,False,False,False
13,121,229,109,0.033712901175022125,9.610837438423644,0.8401862639179978,0.08355479143708133,0.46187052767753956,0,0.6656536262440776,False,False,False
13,122,229,109,0.03524975851178169,8.627257799671593,0.90316571923788,0.06408197831699525,0.48362384877743764,0,0.6656536262440776,False,False,False
13,123,229,109,0.03523033484816551,7.725779967159276,0.9023697496149332,0.046234608696081564,0.4743021791555074,0,0.6656536262440776,False,False,False
13,124,229,55,0.03332260996103287,47.477832512315274,0.8388260756783795,0.608696501017169,0.7237612883477742,0,0.6656536262440776,True,False,False
13,125,229,55,0.03420291468501091,46.38259441707718,0.8753993882186589,0.5930699757519436,0.7342346819853013,0,0.6656536262440776,True,False,False
13,126,229,55,0.031750041991472244,45.287356321839084,0.7734918587021593,0.5774434504867183,0.6754676545944388,0,0.6656536262440776,True,True,True
13,127,229,55,0.0323600172996521,44.19211822660098,0.7988340123681114,0.5618169252214928,0.6803254687948022,0,0.6656536262440776,True,True,False
13,128,229,55,0.03164157271385193,43.09688013136289,0.7689853728417868,0.5461903999562676,0.6575878863990272,0,0.6656536262440776,False,False,False
13,129,229,55,0.02955058217048645,41.57307060755337,0.682112670039863,0.5244491474133455,0.6032809087266042,0,0.6656536262440776,False,False,False
13,130,229,55,0.027762195095419884,40.04926108374384,0.6078119902209087,0.5027078948704232,0.5552599425456659,0,0.6656536262440776,False,False,False
13,131,229,55,0.02848338894546032,38.52545155993432,0.6377748512180219,0.4809666423275011,0.5593707467727616,0,0.6656536262440776,False,False,False
13,132,229,55,0.028192078694701195,37.00164203612479,0.6256720184636376,0.45922538978457883,0.5424487041241082,0,0.6656536262440776,False,False,False
13,133,229,55,0.02602587267756462,35.04926108374384,0.5356743988514706,0.43136940996395984,0.48352190440771525,0,0.6656536262440776,False,False,False
13,134,229,55,0.024595068767666817,33.09688013136289,0.4762299392737991,0.40351343014334073,0.4398716847085699,0,0.6656536262440776,False,False,False
13,135,229,55,0.027622312307357788,31.14449917898194,0.6020003925008807,0.37565745032272174,0.48882892141180123,0,0.6656536262440776,False,False,False
13,136,229,55,0.029945509508252144,29.192118226600986,0.6985203985926924,0.3478014705021027,0.5231609345473975,0,0.6656536262440776,False,False,False
13,137,229,55,0.02881050668656826,26.620689655172413,0.6513653489821908,0.31111310683592147,0.48123922790905616,0,0.6656536262440776,False,False,False
13,138,229,55,0.02772851660847664,24.049261083743843,0.606412777203747,0.2744247431697403,0.44041876018674364,0,0.6656536262440776,False,False,False
13,139,229,109,0.029390746727585793,37.33990147783251,0.6630670698346419,0.6325320788475893,0.6477995743411156,0,0.6656536262440776,False,False,False
13,140,229,133,0.027577094733715057,52.80788177339902,0.5275749780894341,0.6959794287275674,0.6117772034085007,0,0.6656536262440776,False,False,False
13,141,229,133,0.028600452467799187,51.74712643678161,0.5642409563724247,0.6792945784092722,0.6217677673908484,0,0.6656536262440776,False,False,False
13,142,229,46,0.031148696318268776,32.33497536945813,0.7740373034050401,0.3917095518940065,0.5828734276495233,0,0.6656536262440776,False,False,False
13,143,229,46,0.03199354559183121,29.334975369458128,0.8102332413439377,0.3488580153402693,0.5795456283421034,0,0.6656536262440776,False,False,False
13,144,229,46,0.03156184405088425,26.334975369458128,0.7917378213048649,0.30600647878653203,0.5488721500456984,0,0.6656536262440776,False,False,False
13,145,229,46,0.03502554073929787,25.9064039408867,0.9401332266111111,0.2998848307074268,0.620009028659269,0,0.6656536262440776,False,False,False
13,146,229,55,0.035976067185401917,19.513957307060753,0.9490671294132359,0.2097164031659137,0.5793917662895748,0,0.6656536262440776,False,False,False
13,147,229,133,0.03536522388458252,58.446633825944176,0.8066165730272968,0.7846725804195578,0.7956445767234273,0,0.6656536262440776,True,False,False
13,148,229,133,0.03702240809798241,54.97865353037768,0.8659919784751439,0.7301239676142336,0.7980579730446887,0,0.6656536262440776,True,False,False
13,149,229,133,0.039745308458805084,51.592775041050906,0.963551025689482,0.6768667518923686,0.8202088887909254,0,0.6656536262440776,True,True,True
13,150,229,133,0.03927268832921982,48.28899835796388,0.9466174756411341,0.6249009332539629,0.7857592044475485,0,0.6656536262440776,True,True,False
13,151,229,133,0.043587833642959595,45.06732348111658,1.101225213572711,0.5742265116990167,0.8377258626358639,0,0.6656536262440776,True,True,False
13,152,229,133,0.03599937632679939,41.92775041050903,0.8293376791468875,0.5248434872275298,0.6770905831872087,0,0.6656536262440776,True,True,False
13,153,229,133,0.034149475395679474,38.870279146141215,0.763057408712589,0.4767518598395025,0.6199046342760457,0,0.6656536262440776,False,False,False
13,154,229,133,0.03340000659227371,35.894909688013136,0.7362046220924259,0.4299516295349345,0.5830781258136801,0,0.6656536262440776,False,False,False
13,155,229,133,0.033508069813251495,33.00164203612479,0.7400764291659392,0.3844427963138258,0.5622596127398825,0,0.6656536262440776,False,False,False
13,156,229,133,0.033484071493148804,30.19047619047619,0.7392165911499583,0.34022536017617655,0.5397209756630674,0,0.6656536262440776,False,False,False
13,157,229,46,0.035346414893865585,62.38752052545155,0.9538804609976139,0.8209754643223037,0.8874279626599588,0,0.6656536262440776,True,False,False
13,158,229,151,0.037039902061223984,37.41379310344827,0.9184152118769756,0.7146117690611433,0.8165134904690594,0,0.6656536262440776,True,False,False
13,159,229,16,0.037886276841163635,62.320197044334996,0.9028985658485968,0.8457697916409209,0.8743341787447589,0,0.6656536262440776,True,True,True
13,160,229,16,0.04668687283992767,57.79967159277504,1.2241079073424028,0.7777255987542946,1.0009167530483487,0,0.6656536262440776,True,True,False
13,161,229,16,0.05456354096531868,54.50410509031198,1.511595184576515,0.7281198250080329,1.1198575047922739,0,0.6656536262440776,True,True,False
13,162,229,16,0.048367712646722794,51.29064039408866,1.2854561896147694,0.6797498702390073,0.9826030299268884,0,0.6656536262440776,True,True,False
13,163,229,16,0.0469449982047081,48.95894909688012,1.2335291190939266,0.6446526112854988,0.9390908651897127,0,0.6656536262440776,True,True,False
13,164,229,16,0.04880125820636749,46.6272577996716,1.3012799910641935,0.6095553523319905,0.955417671698092,0,0.6656536262440776,True,True,False
13,165,229,16,0.048452991992235184,44.29556650246305,1.288568765447009,0.574458093378482,0.9315134294127455,0,0.6656536262440776,True,True,False
13,166,229,16,0.05226266011595726,41.96387520525452,1.4276162787634445,0.5393608344249735,0.9834885565942091,0,0.6656536262440776,True,True,False
13,167,229,16,0.053278762847185135,39.20361247947454,1.464702595330368,0.4978126004102919,0.98125759787033,0,0.6656536262440776,True,True,False
13,168,229,16,0.04829838126897812,36.072249589490966,1.2829256921128556,0.4506784646185027,0.8668020783656791,0,0.6656536262440776,True,True,False
13,169,229,16,0.0438263975083828,33.02298850574712,1.1197045921880833,0.40478014780394966,0.7622423699960165,0,0.6656536262440776,True,True,False
13,170,229,16,0.053692713379859924,30.055829228243013,1.4798112059324402,0.3601176499666328,0.9199644279495365,0,0.6656536262440776,True,True,False
13,171,229,16,0.04448377341032028,27.17077175697865,1.1436978854383235,0.3166909711065523,0.730194428272438,0,0.6656536262440776,True,True,False
13,172,229,16,0.041578274220228195,24.36781609195402,1.0376512629491947,0.27450011122370793,0.6560756870864514,0,0.6656536262440776,False,False,False
13,173,229,16,0.040746212005615234,21.64696223316913,1.0072821656658697,0.23354507031809987,0.6204136179919848,0,0.6656536262440776,False,False,False
13,174,229,18,0.03726772964000702,18.0,0.8803224654124154,0.1786499913492672,0.5294862283808414,0,0.6656536262440776,False,False,False
13,175,229,18,0.036417003720998764,15.239737274220033,0.8492721692421639,0.13710175733458568,0.49318696328837475,0,0.6656536262440776,False,False,False
13,176,229,18,0.032924339175224304,12.64367816091954,0.7217948394153505,0.09802516127437656,0.4099100003448635,0,0.6656536262440776,False,False,False
13,177,229,18,0.035772401839494705,10.155993431855503,0.8257451097211195,0.06057984626411929,0.4431624779926194,0,0.6656536262440776,False,False,False
13,178,229,18,0.029588570818305016,8.740558292282433,0.6000439991935748,0.039274327096566954,0.31965916314507087,0,0.6656536262440776,False,False,False
13,179,229,16,0.03056514449417591,9.09688013136289,0.6356875609921995,0.0446377814577721,0.3401626712249858,0,0.6656536262440776,False,False,False
13,180,229,16,0.029835818335413933,9.09688013136289,0.609068184847329,0.0446377814577721,0.32685298315255057,0,0.6656536262440776,False,False,False
13,181,229,187,0.028050392866134644,36.71592775041051,0.5450018449410597,0.5137465108273792,0.5293741778842195,0,0.6656536262440776,False,False,False
13,182,229,187,0.028257496654987335,35.33497536945813,0.5524329246743925,0.4895076031742839,0.5209702639243382,0,0.6656536262440776,False,False,False
13,183,229,187,0.02856222726404667,33.95402298850575,0.5633669470100129,0.46526869552118855,0.5143178212656008,0,0.6656536262440776,False,False,False
13,184,229,188,0.028891069814562798,31.633825944170773,0.5751661285997615,0.4245438720802566,0.49985500034000907,0,0.6656536262440776,False,False,False
13,185,229,188,0.02528076432645321,30.28735632183908,0.44562495461905005,0.4009102165802112,0.4232675855996306,0,0.6656536262440776,False,False,False
13,186,229,188,0.02652060240507126,28.95402298850575,0.4901115169831312,0.37750713332894675,0.433809325156039,0,0.6656536262440776,False,False,False
13,187,229,188,0.027259161695837975,27.620689655172413,0.516611722546173,0.3541040500776822,0.4353578863119276,0,0.6656536262440776,False,False,False
13,188,229,188,0.02428019419312477,26.28735632183908,0.40972355232822305,0.33070096682641775,0.3702122595773204,0,0.6656536262440776,False,False,False
13,189,229,188,0.024951959028840065,24.95402298850575,0.4338271096986783,0.3072978835751533,0.3705624966369158,0,0.6656536262440776,False,False,False
13,190,229,188,0.024451525881886482,23.620689655172413,0.4158710952924921,0.28389480032388875,0.3498829478081904,0,0.6656536262440776,False,False,False
13,191,229,188,0.027526354417204857,22.28735632183908,0.5261988499842698,0.2604917170726243,0.39334528352844705,0,0.6656536262440776,False,False,False
13,192,229,187,0.023931410163640976,21.9064039408867,0.3972088516210783,0.2538051218579773,0.3255069867395278,0,0.6656536262440776,False,False,False
13,193,229,187,0.024438435211777687,20.525451559934318,0.41540138967348766,0.22956621420488194,0.3224838019391848,0,0.6656536262440776,False,False,False
13,194,229,187,0.023834191262722015,19.14449917898194,0.3937205455484664,0.2053273065517866,0.2995239260501265,0,0.6656536262440776,False,False,False
13,195,229,187,0.024598900228738785,17.66830870279146,0.42115902618054674,0.17941675009502947,0.3002878881377881,0,0.6656536262440776,False,False,False
13,196,229,187,0.024163704365491867,16.192118226600986,0.40554378718699713,0.15350619363827242,0.2795249904126348,0,0.6656536262440776,False,False,False
13,197,229,187,0.02360261231660843,14.71592775041051,0.38541127403458186,0.12759563718151531,0.2565034556080486,0,0.6656536262440776,False,False,False
13,198,229,187,0.024099206551909447,13.239737274220033,0.4032295446614898,0.10168508072475821,0.252457312693124,0,0.6656536262440776,False,False,False
13,199,229,187,0.024606775492429733,11.763546798029557,0.4214415980868004,0.0757745242680011,0.24860806117740075,0,0.6656536262440776,False,False,False
13,200,229,187,0.02369329333305359,10.382594417077176,0.3886649946315669,0.05153561661490574,0.22010030562323632,0,0.6656536262440776,False,False,False
13,201,229,187,0.02349269390106201,9.001642036124796,0.38146729737142193,0.02729670896181041,0.20438200316661617,0,0.6656536262440776,False,False,False
13,202,229,187,0.022851994261145592,9.001642036124796,0.35847838859427283,0.02729670896181041,0.19288754877804162,0,0.6656536262440776,False,False,False
13,203,229,187,0.02194339595735073,9.001642036124796,0.3258770224943367,0.02729670896181041,0.17658686572807356,0,0.6656536262440776,False,False,False
13,204,229,187,0.02172420732676983,9.001642036124796,0.3180123272151729,0.02729670896181041,0.17265451808849167,0,0.6656536262440776,False,False,False
13,205,229,187,0.023674864321947098,8.954022988505747,0.3880037442908683,0.026460884559979508,0.20723231442542392,0,0.6656536262440776,False,False,False
13,206,229,187,0.022209396585822105,8.9064039408867,0.3354213765123762,0.025625060158148635,0.18052321833526241,0,0.6656536262440776,False,False,False
13,207,229,187,0.023282213136553764,8.858784893267652,0.3739150485590831,0.024789235756317765,0.19935214215770042,0,0.6656536262440776,False,False,False
13,208,229,187,0.02295951545238495,8.811165845648604,0.36233635058303626,0.023953411354486892,0.1931448809687616,0,0.6656536262440776,False,False,False
13,209,229,187,0.024961672723293304,8.763546798029557,0.4341756462386766,0.023117586952656023,0.22864661659566632,0,0.6656536262440776,False,False,False
13,210,229,187,0.024767734110355377,8.71592775041051,0.4272169454631019,0.02228176255082515,0.22474935400696353,0,0.6656536262440776,False,False,False
13,211,229,187,0.024056702852249146,8.668308702791462,0.4017044717360399,0.02144593814899428,0.21157520494251708,0,0.6656536262440776,False,False,False
13,212,229,187,0.024574747309088707,8.620689655172415,0.4202923965901042,0.020610113747163407,0.22045125516863381,0,0.6656536262440776,False,False,False
13,213,229,187,0.023348772898316383,8.620689655172415,0.3763032757345958,0.020610113747163407,0.19845669474087962,0,0.6656536262440776,False,False,False
13,214,229,187,0.0260486900806427,8.620689655172415,0.4731788566518163,0.020610113747163407,0.24689448519948987,0,0.6656536262440776,False,False,False
13,215,229,187,0.023266207426786423,8.620689655172415,0.37334074856134475,0.020610113747163407,0.1969754311542541,0,0.6656536262440776,False,False,False
13,216,229,187,0.02277497947216034,8.620689655172415,0.3557150251581636,0.020610113747163407,0.18816256945266352,0,0.6656536262440776,False,False,False
13,217,229,187,0.025386516004800797,8.620689655172415,0.4494194248124159,0.020610113747163407,0.23501476927978968,0,0.6656536262440776,False,False,False
13,218,229,187,0.022834714502096176,8.620689655172415,0.3578583745038482,0.020610113747163407,0.18923424412550582,0,0.6656536262440776,False,False,False
13,219,229,187,0.022932935506105423,8.620689655172415,0.3613826369826958,0.020610113747163407,0.1909963753649296,0,0.6656536262440776,False,False,False
13,220,229,187,0.021624265238642693,8.620689655172415,0.3144263106111176,0.020610113747163407,0.1675182121791405,0,0.6656536262440776,False,False,False
13,221,229,187,0.023202473297715187,8.620689655172415,0.37105390775806163,0.020610113747163407,0.19583201075261253,0,0.6656536262440776,False,False,False
13,222,229,187,0.021873777732253075,8.620689655172415,0.3233790547629894,0.020610113747163407,0.1719945842550764,0,0.6656536262440776,False,False,False
13,223,229,187,0.023360712453722954,8.620689655172415,0.3767316782698574,0.020610113747163407,0.1986708960085104,0,0.6656536262440776,False,False,False
13,224,229,187,0.024735115468502045,8.620689655172415,0.4260465577567836,0.020610113747163407,0.2233283357519735,0,0.6656536262440776,False,False,False
13,225,229,18,0.02534104324877262,20.90311986863711,0.4450152336670245,0.22234855038433973,0.3336818920256821,0,0.6656536262440776,False,False,False
13,226,229,18,0.02531818114221096,19.50903119868637,0.4441807990225,0.2013643441508688,0.3227725715866844,0,0.6656536262440776,False,False,False
13,227,229,18,0.02761971764266491,18.197044334975367,0.5281836351757101,0.18161595689463408,0.3548997960351721,0,0.6656536262440776,False,False,False
13,228,229,18,0.027242913842201233,16.967159277504102,0.5144308279071683,0.16310338861563559,0.33876710826140194,0,0.6656536262440776,False,False,False
14,35,230,13,0.022405877709388733,9.811165845648603,0.33788583127050287,0.05538940655972713,0.196637618915115,0,0.6656536262440776,False,False,False
14,36,230,13,0.023252911865711212,9.811165845648603,0.3688013833096279,0.05538940655972713,0.21209539493467752,0,0.6656536262440776,False,False,False
14,37,230,13,0.02327258512377739,9.811165845648603,0.36951942948165556,0.05538940655972713,0.21245441802069134,0,0.6656536262440776,False,False,False
14,38,230,13,0.023459846153855324,9.811165845648603,0.3763541929644052,0.05538940655972713,0.21587179976206616,0,0.6656536262440776,False,False,False
14,39,230,13,0.023646753281354904,9.811165845648603,0.3831760395021932,0.05538940655972713,0.21928272303096016,0,0.6656536262440776,False,False,False
14,40,230,13,0.0231881495565176,9.573070607553365,0.3664376503655614,0.05180553152574212,0.20912159094565178,0,0.6656536262440776,False,False,False
14,41,230,13,0.022032713517546654,9.334975369458126,0.3242658645833039,0.04822165649175708,0.1862437605375305,0,0.6656536262440776,False,False,False
14,42,230,13,0.023205403238534927,9.096880131362889,0.36706738542440376,0.04463778145777207,0.20585258344108792,0,0.6656536262440776,False,False,False
14,43,230,13,0.02465064264833927,8.85878489326765,0.41981658550009704,0.041053906423787034,0.23043524596194204,0,0.6656536262440776,False,False,False
14,44,230,42,0.02317971922457218,18.998357963875204,0.43262184700810247,0.2012113691411582,0.31691660807463035,0,0.6656536262440776,False,False,False
14,45,230,42,0.022577974945306778,17.699507389162562,0.40684127375207574,0.18265878818111106,0.2947500309665934,0,0.6656536262440776,False,False,False
14,46,230,42,0.021753035485744476,16.48275862068966,0.3714983334004104,0.16527893673813393,0.26838863506927213,0,0.6656536262440776,False,False,False
14,47,230,42,0.023753928020596504,15.348111658456489,0.4572227155834243,0.14907181481222673,0.30314726519782553,0,0.6656536262440776,False,False,False
14,48,230,42,0.022639263421297073,14.295566502463057,0.4094670603186667,0.1340374224033895,0.2717522413610281,0,0.6656536262440776,False,False,False
14,49,230,42,0.02443907968699932,13.325123152709358,0.4865767175005675,0.12017575951162222,0.30337623850609485,0,0.6656536262440776,False,False,False
14,50,230,42,0.023426733911037445,12.436781609195403,0.4432047149125657,0.10748682613692503,0.27534577052474535,0,0.6656536262440776,False,False,False
14,51,230,48,0.02459569275379181,15.049261083743843,0.4932865023384454,0.14480307937009196,0.3190447908542687,0,0.6656536262440776,False,False,False
14,52,230,48,0.024388529360294342,13.55008210180624,0.48441098623291884,0.123389038388394,0.30390001231065644,0,0.6656536262440776,False,False,False
14,53,230,48,0.024370936676859856,12.215106732348112,0.4836572616364731,0.10432045644083605,0.29398885903865457,0,0.6656536262440776,False,False,False
14,54,230,48,0.024522896856069565,11.044334975369457,0.49016770247838254,0.08759733352741805,0.2888825180029003,0,0.6656536262440776,False,False,False
14,55,230,48,0.024256493896245956,10.037766830870279,0.478754181389758,0.07321966964814006,0.27598692551894904,0,0.6656536262440776,False,False,False
14,56,230,48,0.023171359673142433,9.195402298850572,0.43226369814745147,0.061187464803001974,0.24672558147522672,0,0.6656536262440776,False,False,False
14,57,230,48,0.022776277735829353,8.517241379310343,0.4153371744097153,0.05150071899200392,0.2334189467008596,0,0.6656536262440776,False,False,False
14,58,230,48,0.02363142929971218,8.0,0.45197449411070306,0.04411252303446303,0.24804350857258306,0,0.6656536262440776,False,False,False
14,59,230,48,0.02410801500082016,7.564860426929391,0.4723928894383469,0.03789705659399209,0.2551449730161695,0,0.6656536262440776,False,False,False
14,60,230,48,0.023009583353996277,7.211822660098521,0.42533270371917153,0.032854319670591166,0.22909351169488135,0,0.6656536262440776,False,False,False
14,61,230,48,0.02474086731672287,6.94088669950739,0.4995062265361143,0.02898431226426023,0.2642452694001873,0,0.6656536262440776,False,False,False
14,62,230,60,0.025409013032913208,8.141215106732348,0.4838249491919308,0.06686083118223872,0.27534289018708474,0,0.6656536262440776,False,False,False
14,63,230,60,0.022849852219223976,5.985221674876847,0.3804470545048681,0.02203056237097565,0.20123880843792188,0,0.6656536262440776,False,False,False
14,64,230,66,0.024182001128792763,9.379310344827585,0.4342595187096325,0.09260494594514225,0.2634322323273874,0,0.6656536262440776,False,False,False
14,65,230,66,0.02276674099266529,8.31855500821018,0.37708975722970756,0.07054831711644768,0.2238190371730776,0,0.6656536262440776,False,False,False
14,66,230,66,0.02377385087311268,7.339901477832511,0.41777219445767666,0.050198857701738785,0.2339855260797077,0,0.6656536262440776,False,False,False
14,67,230,66,0.021510722115635872,6.443349753694579,0.3263525833483488,0.03155656770101552,0.17895457552468216,0,0.6656536262440776,False,False,False
14,68,230,66,0.022938892245292664,5.628899835796386,0.3840438470114682,0.014621447114277927,0.19933264706287307,0,0.6656536262440776,False,False,False
14,69,230,60,0.02324921078979969,3.960591133004926,0.39657923659773026,0.0,0.19828961829886513,0,0.6656536262440776,False,False,False
14,70,230,60,0.02344178967177868,4.177339901477833,0.40435850520550354,0.0,0.20217925260275177,0,0.6656536262440776,False,False,False
14,71,230,60,0.02434033527970314,4.558292282430214,0.44065546346254636,0.0,0.22032773173127318,0,0.6656536262440776,False,False,False
14,72,230,66,0.025341028347611427,4.2594417077175715,0.48107869205956677,0.0,0.24053934602978339,0,0.6656536262440776,False,False,False
14,73,230,66,0.025423703715205193,4.059113300492611,0.48441838271073834,0.0,0.24220919135536917,0,0.6656536262440776,False,False,False
14,74,230,66,0.025813426822423935,3.940886699507389,0.5001613380262718,0.0,0.2500806690131359,0,0.6656536262440776,False,False,False
14,75,230,66,0.02710198238492012,3.904761904761904,0.5522128388642085,0.0,0.27610641943210423,0,0.6656536262440776,False,False,False
14,76,230,66,0.027339667081832886,3.9540229885057467,0.5618141673288909,0.0,0.28090708366444544,0,0.6656536262440776,False,False,False
14,77,230,66,0.02660873532295227,4.167487684729063,0.5322880093833646,0.0,0.2661440046916823,0,0.6656536262440776,False,False,False
14,78,230,66,0.023338327184319496,4.545155993431854,0.4001791140256276,0.0,0.2000895570128138,0,0.6656536262440776,False,False,False
14,79,230,66,0.02432117611169815,5.083743842364531,0.43988152442686057,0.0032858422054132413,0.2215836833161369,0,0.6656536262440776,False,False,False
14,80,230,66,0.023709889501333237,5.704433497536946,0.41518846000828763,0.016192042975144743,0.2156902514917162,0,0.6656536262440776,False,False,False
14,81,230,60,0.02403499186038971,12.049261083743843,0.4283210452125002,0.1481220952879555,0.2882215702502279,0,0.6656536262440776,False,False,False
14,82,230,66,0.028034670278429985,7.395730706075534,0.5898889826670534,0.05135973290324907,0.3206243577851512,0,0.6656536262440776,False,False,False
14,83,230,66,0.02638089843094349,7.599343185550083,0.5230844852820568,0.05559351304993348,0.2893389991659951,0,0.6656536262440776,False,False,False
14,84,230,66,0.026647470891475677,7.802955665024632,0.5338527416588966,0.059827293196617885,0.29684001742775723,0,0.6656536262440776,False,False,False
14,85,230,66,0.027738789096474648,7.720853858784892,0.57793679368993,0.05812012378263219,0.3180284587362811,0,0.6656536262440776,False,False,False
14,86,230,66,0.028127653524279594,7.638752052545155,0.5936450624513656,0.05641295436864655,0.3250290084100061,0,0.6656536262440776,False,False,False
14,87,230,66,0.02751760743558407,7.556650246305418,0.5690021091933767,0.05470578495466091,0.3118539470740188,0,0.6656536262440776,False,False,False
14,88,230,60,0.02968716062605381,13.192118226600986,0.6566417135678432,0.17188589353063569,0.4142638035492394,0,0.6656536262440776,False,False,False
14,89,230,60,0.02864777110517025,12.9064039408867,0.6146553327769307,0.16594494396996562,0.3903001383734482,0,0.6656536262440776,False,False,False
14,90,230,60,0.0266877394169569,12.9064039408867,0.5354793980863214,0.16594494396996562,0.3507121710281435,0,0.6656536262440776,False,False,False
14,91,230,60,0.027652081102132797,12.9064039408867,0.5744342041458691,0.16594494396996562,0.37018957405791736,0,0.6656536262440776,False,False,False
14,92,230,60,0.029682235792279243,12.9064039408867,0.6564427737651645,0.16594494396996562,0.41119385886756504,0,0.6656536262440776,False,False,False
14,93,230,60,0.03098927065730095,12.620689655172415,0.7092407503150434,0.1600039944092956,0.4346223723621695,0,0.6656536262440776,False,False,False
14,94,230,60,0.030214756727218628,12.334975369458128,0.6779540804545865,0.15406304484862554,0.416008562651606,0,0.6656536262440776,False,False,False
14,95,230,60,0.028900185599923134,12.049261083743843,0.6248516748420607,0.1481220952879555,0.3864868850650081,0,0.6656536262440776,False,False,False
14,96,230,60,0.030819926410913467,11.763546798029557,0.702400050201451,0.14218114572728544,0.42229059796436824,0,0.6656536262440776,False,False,False
14,97,230,60,0.031580131500959396,11.47783251231527,0.7331087111495864,0.13624019616661537,0.43467445365810087,0,0.6656536262440776,False,False,False
14,98,230,60,0.030424654483795166,11.192118226600986,0.686432949018981,0.13029924660594536,0.4083660978124632,0,0.6656536262440776,False,False,False
14,99,230,54,0.028016190975904465,16.620689655172413,0.6183645528368713,0.16843613702299465,0.393400344929933,0,0.6656536262440776,False,False,False
14,100,230,48,0.030160780996084213,21.76354679802956,0.7317119764980317,0.2407088992760753,0.4862104378870535,0,0.6656536262440776,False,False,False
14,101,230,48,0.03158200904726982,20.9064039408867,0.792601751689314,0.22846560311786468,0.5105336774035893,0,0.6656536262440776,False,False,False
14,102,230,48,0.032157715409994125,20.334975369458128,0.8172667806220253,0.22030340567905757,0.5187850931505414,0,0.6656536262440776,False,False,False
14,103,230,54,0.032449688762426376,14.985221674876843,0.802559520529839,0.14510177545753072,0.4738306479936849,0,0.6656536262440776,False,False,False
14,104,230,54,0.04120192304253578,14.167487684729064,1.1661815607543693,0.13343459467479882,0.649808077714584,0,0.6656536262440776,False,False,False
14,105,230,54,0.043308161199092865,13.349753694581285,1.2536877438814127,0.12176741389206693,0.6877275788867399,0,0.6656536262440776,True,False,False
14,106,230,54,0.035448502749204636,12.5320197044335,0.9271488339814138,0.11010023310933498,0.5186245335453744,0,0.6656536262440776,False,False,False
14,107,230,54,0.039669137448072433,11.717569786535304,1.1025001501284915,0.0984799084743248,0.6004900293014082,0,0.6656536262440776,False,False,False
14,108,230,55,0.037940844893455505,10.243021346469622,1.0306961690304424,0.07744149814722984,0.5540688335888361,0,0.6656536262440776,False,False,False
14,109,230,52,0.05013136938214302,12.573070607553367,1.5371660879239117,0.11068593495585764,0.8239260114398846,0,0.6656536262440776,True,False,False
14,110,230,46,0.03611338138580322,17.9064039408867,0.9867396613450677,0.18561406656412743,0.5861768639545976,0,0.6656536262440776,False,False,False
14,111,230,46,0.03718022629618645,17.239737274220033,1.0324465742525408,0.17609150288551914,0.60426903856903,0,0.6656536262440776,False,False,False
14,112,230,46,0.03878108412027359,16.573070607553365,1.1010322406700845,0.16656893920691085,0.6338005899384977,0,0.6656536262440776,False,False,False
14,113,230,46,0.036301396787166595,15.9064039408867,0.9947948186521335,0.15704637552830258,0.575920597090218,0,0.6656536262440776,False,False,False
14,114,230,46,0.042122483253479004,15.239737274220033,1.2441880430590795,0.14752381184969432,0.695855927454387,0,0.6656536262440776,True,False,False
14,115,230,46,0.039482712745666504,14.573070607553367,1.1310921661213895,0.13800124817108603,0.6345467071462377,0,0.6656536262440776,False,False,False
14,116,230,46,0.037127356976270676,13.9064039408867,1.0301814901926662,0.12847868449247773,0.579330087342572,0,0.6656536262440776,False,False,False
14,117,230,133,0.03844987601041794,69.61740558292283,0.9171368574688706,0.9603800675950415,0.938758462531956,0,0.6656536262440776,True,False,False
14,118,230,133,0.03973521292209625,66.2233169129721,0.9631893117771398,0.9069937121648306,0.9350915119709853,0,0.6656536262440776,True,False,False
14,119,230,133,0.03739183768630028,62.91133004926108,0.8792283051390353,0.854898753818079,0.8670635294785571,0,0.6656536262440776,True,True,True
14,120,230,151,0.03316180035471916,75.83251231527095,0.7729995887293123,1.5707488575778619,1.171874223153587,0,0.6656536262440776,True,True,False
14,121,230,151,0.03359527140855789,71.15763546798031,0.7892532788542272,1.4665721558209233,1.1279127173375754,0,0.6656536262440776,True,True,False
14,122,230,151,0.03154430538415909,66.48275862068965,0.7123490290269499,1.362395454063984,1.037372241545467,0,0.6656536262440776,True,True,False
14,123,230,151,0.03221135213971138,61.824302134646956,0.7373610134894937,1.2585846697701886,0.9979728416298411,0,0.6656536262440776,True,True,False
14,124,230,133,0.03338814526796341,48.72577996715928,0.735779641613866,0.6317711657379669,0.6837754036759165,0,0.6656536262440776,True,True,False
14,125,230,133,0.032503291964530945,45.62068965517241,0.7040761513028033,0.582930528041533,0.6435033396721681,0,0.6656536262440776,False,False,False
14,126,230,133,0.03496672213077545,42.59770114942528,0.7923386170748749,0.5353812874285584,0.6638599522517166,0,0.6656536262440776,False,False,False
14,127,230,133,0.03573660925030708,39.656814449917896,0.819922973419594,0.4891234438990434,0.6545232086593187,0,0.6656536262440776,False,False,False
14,128,230,133,0.03684772178530693,36.79802955665024,0.8597331265277093,0.44415699745298765,0.6519450619903484,0,0.6656536262440776,False,False,False
14,129,230,133,0.037179283797740936,34.068965517241374,0.8716126923358967,0.40123095839879774,0.6364218253673473,0,0.6656536262440776,False,False,False
14,130,230,133,0.03604714199900627,31.279146141215104,0.8310490798052089,0.3573492855028479,0.5941991826540284,0,0.6656536262440776,False,False,False
14,131,230,133,0.035196803510189056,28.285714285714285,0.8005822239582975,0.31026494783991887,0.5554235858991081,0,0.6656536262440776,False,False,False
14,132,230,133,0.03353063389658928,25.3743842364532,0.7408848797810891,0.26447200726044906,0.5026784435207691,0,0.6656536262440776,False,False,False
14,133,230,133,0.037207599729299545,22.545155993431855,0.8726272264494438,0.2199704637644388,0.5462988451069413,0,0.6656536262440776,False,False,False
14,134,230,133,0.03956345468759537,19.79802955665025,0.9570353702116613,0.1767603173518879,0.5668978437817747,0,0.6656536262440776,False,False,False
14,135,230,133,0.03565704822540283,17.133004926108374,0.8170723741480475,0.1348415680227963,0.4759569710854219,0,0.6656536262440776,False,False,False
14,136,230,133,0.035811882466077805,14.55008210180624,0.8226199443837214,0.0942142157771641,0.4584170800804428,0,0.6656536262440776,False,False,False
14,137,230,133,0.03746761381626129,12.049261083743843,0.8819432950618956,0.05487826061499132,0.4684107778384435,0,0.6656536262440776,False,False,False
14,138,230,133,0.03723040223121643,12.049261083743842,0.8734442193857708,0.05487826061499129,0.46416124000038106,0,0.6656536262440776,False,False,False
14,139,230,133,0.03514261171221733,12.049261083743843,0.7986405810495,0.05487826061499132,0.42675942083224566,0,0.6656536262440776,False,False,False
14,140,230,133,0.03266892582178116,12.049261083743842,0.7100106619930455,0.05487826061499129,0.38244446130401843,0,0.6656536262440776,False,False,False
14,141,230,133,0.03467637673020363,11.192118226600984,0.7819358050401758,0.041396075063675326,0.4116659400519256,0,0.6656536262440776,False,False,False
14,142,230,133,0.035617683082818985,10.334975369458126,0.8156619568374499,0.027913889512359364,0.42178792317490466,0,0.6656536262440776,False,False,False
14,143,230,133,0.0379963144659996,9.47783251231527,0.9008861592196158,0.014431703961043428,0.4576589315903296,0,0.6656536262440776,False,False,False
14,144,230,133,0.03389882296323776,8.620689655172413,0.754076759680106,0.0009495184097274626,0.37751313904491673,0,0.6656536262440776,False,False,False
14,145,230,133,0.032659173011779785,8.620689655172413,0.7096612276673955,0.0009495184097274626,0.35530537303856147,0,0.6656536262440776,False,False,False
14,146,230,127,0.032853372395038605,14.334975369458128,0.716676747687961,0.1011349926510301,0.40890587016949553,0,0.6656536262440776,False,False,False
14,147,230,127,0.033451952040195465,14.049261083743843,0.7381455775047938,0.09669336658059285,0.41741947204269336,0,0.6656536262440776,False,False,False
14,148,230,133,0.029735036194324493,8.945812807881774,0.6048920609582934,0.006063450860226644,0.30547775590926,0,0.6656536262440776,False,False,False
14,149,230,133,0.03051050752401352,8.7816091954023,0.632676494481832,0.0034806566933078885,0.31807857558756997,0,0.6656536262440776,False,False,False
14,150,230,133,0.030145417898893356,8.617405582922824,0.6195956647581172,0.0008978625263891048,0.3102467636422532,0,0.6656536262440776,False,False,False
14,151,230,133,0.031826626509428024,8.453201970443349,0.6798318425383238,0.0,0.3399159212691619,0,0.6656536262440776,False,False,False
14,152,230,133,0.03200366348028183,8.288998357963873,0.6861749164336138,0.0,0.3430874582168069,0,0.6656536262440776,False,False,False
14,153,230,133,0.03229653462767601,8.12807881773399,0.6966682236832825,0.0,0.34833411184164126,0,0.6656536262440776,False,False,False
14,154,230,133,0.03467588499188423,8.049261083743842,0.781918186502748,0.0,0.390959093251374,0,0.6656536262440776,False,False,False
14,155,230,133,0.03501152992248535,8.049261083743842,0.793944039561093,0.0,0.3969720197805465,0,0.6656536262440776,False,False,False
14,156,230,133,0.03413434326648712,8.049261083743842,0.7625152382653809,0.0,0.38125761913269046,0,0.6656536262440776,False,False,False
14,157,230,139,0.03215239942073822,4.600985221674878,0.6915039901104302,0.0,0.3457519950552151,0,0.6656536262440776,False,False,False
14,158,230,139,0.032406285405159,4.233169129720856,0.7006004943738773,0.0,0.35030024718693864,0,0.6656536262440776,False,False,False
14,159,230,139,0.036127969622612,3.947454844006568,0.8339450601580087,0.0,0.41697253007900437,0,0.6656536262440776,False,False,False
14,160,230,151,0.033955514430999756,8.236453201970443,0.8027611668771522,0.06441302880155612,0.4335870978393541,0,0.6656536262440776,False,False,False
14,161,230,151,0.033008795231580734,7.461412151067323,0.7672624170381624,0.04714172454118552,0.40720207078967396,0,0.6656536262440776,False,False,False
14,162,230,151,0.03582092747092247,6.7684729064039395,0.8727078109203313,0.03170000759653212,0.45220390925843174,0,0.6656536262440776,False,False,False
14,163,230,151,0.03503711149096489,6.157635467980294,0.8433173777175486,0.01808787796759595,0.43070262784257224,0,0.6656536262440776,False,False,False
14,164,230,151,0.035843100398778915,5.628899835796385,0.8735392202966881,0.006305335654377,0.4399222779755325,0,0.6656536262440776,False,False,False
14,165,230,151,0.03638596087694168,5.182266009852215,0.8938946417602016,0.0,0.4469473208801008,0,0.6656536262440776,False,False,False
14,166,230,175,0.034579578787088394,25.950738916256157,0.8251794492931538,0.32498634954871586,0.5750828994209348,0,0.6656536262440776,False,False,False
14,167,230,175,0.04243028536438942,23.74712643678161,1.122699437930937,0.28626751425028746,0.7044834760906122,0,0.6656536262440776,True,False,False
14,168,230,175,0.04823528975248337,21.6256157635468,1.3426929917062904,0.2489912585084323,0.7958421251073613,0,0.6656536262440776,True,False,False
14,169,230,175,0.04295665770769119,19.871921182266007,1.1426474887281972,0.2181777591800256,0.6804126239541114,0,0.6656536262440776,True,True,True
14,170,230,175,0.03520265594124794,18.200328407224955,0.8487923440053315,0.18880683940819235,0.5187995917067619,0,0.6656536262440776,False,False,False
14,171,230,175,0.038814835250377655,16.610837438423644,0.9856839137548884,0.16087849919293248,0.5732812064739105,0,0.6656536262440776,False,False,False
14,172,230,175,0.038449645042419434,15.103448275862071,0.9718442185054815,0.134392738534246,0.5531184785198637,0,0.6656536262440776,False,False,False
14,173,230,187,0.04300212115049362,22.807881773399014,1.081483990669576,0.2696281424305687,0.6755560665500723,0,0.6656536262440776,True,False,False
14,174,230,187,0.040253590792417526,20.318555008210183,0.9828641230491119,0.22593470128658233,0.6043994121678471,0,0.6656536262440776,False,False,False
14,175,230,187,0.04084833338856697,17.911330049261085,1.0042040496495825,0.18368233669747674,0.5939431931735296,0,0.6656536262440776,False,False,False
14,176,230,187,0.04345294460654259,15.586206896551722,1.0976599624666894,0.14287104866325193,0.6202655055649706,0,0.6656536262440776,False,False,False
14,177,230,187,0.039475828409194946,13.343185550082099,0.954957273467404,0.10350083718390798,0.529229055325656,0,0.6656536262440776,False,False,False
14,178,230,187,0.039348289370536804,11.4679802955665,0.9503810521890218,0.0705866486704301,0.510483850429726,0,0.6656536262440776,False,False,False
14,179,230,187,0.040641289204359055,9.674876847290639,0.9967751085872527,0.03911353671183306,0.5179443226495429,0,0.6656536262440776,False,False,False
14,180,230,187,0.04769066721200943,7.970443349753693,1.249713455758255,0.00919678743250729,0.6294551215953811,0,0.6656536262440776,False,False,False
14,181,230,187,0.03710383176803589,7.001642036124795,0.8698477915728564,0.0,0.4349238957864282,0,0.6656536262440776,False,False,False
14,182,230,187,0.03907400742173195,6.197044334975371,0.9405395565685216,0.0,0.4702697782842608,0,0.6656536262440776,False,False,False
14,183,230,187,0.03666311874985695,5.556650246305421,0.8540345918446041,0.0,0.42701729592230203,0,0.6656536262440776,False,False,False
14,184,230,187,0.03463444486260414,5.0804597701149445,0.7812438549265638,0.0,0.3906219274632819,0,0.6656536262440776,False,False,False
14,185,230,187,0.03476713225245476,4.768472906403942,0.7860048039128186,0.0,0.3930024019564093,0,0.6656536262440776,False,False,False
14,186,230,187,0.036573126912117004,4.620689655172415,0.8508055996310897,0.0,0.42540279981554485,0,0.6656536262440776,False,False,False
14,187,230,187,0.037964873015880585,5.192118226600986,0.900742765546381,0.0,0.4503713827731905,0,0.6656536262440776,False,False,False
14,188,230,187,0.038781605660915375,5.763546798029557,0.9300479049631502,0.0,0.4650239524815751,0,0.6656536262440776,False,False,False
14,189,230,187,0.04144641011953354,6.334975369458128,1.025663608159276,0.0,0.512831804079638,0,0.6656536262440776,False,False,False
14,190,230,187,0.03935958072543144,6.9064039408867,0.9507861966771272,0.0,0.4753930983385636,0,0.6656536262440776,False,False,False
14,191,230,187,0.03681245446205139,7.477832512315271,0.8593928983753468,0.0005503281032224181,0.4299716132392846,0,0.6656536262440776,False,False,False
14,192,230,187,0.040034107863903046,8.049261083743843,0.9749888680818715,0.01058022092519292,0.4927845445035322,0,0.6656536262440776,False,False,False
14,193,230,187,0.038261137902736664,8.620689655172415,0.9113730297661257,0.020610113747163407,0.4659915717566445,0,0.6656536262440776,False,False,False
14,194,230,187,0.044187117367982864,8.620689655172415,1.124002775210614,0.020610113747163407,0.5723064444788888,0,0.6656536262440776,False,False,False
14,195,230,187,0.040802594274282455,8.620689655172415,1.0025628869887584,0.020610113747163407,0.5115865003679609,0,0.6656536262440776,False,False,False
14,196,230,187,0.039408501237630844,8.620689655172415,0.9525415109027293,0.020610113747163407,0.48657581232494634,0,0.6656536262440776,False,False,False
14,197,230,187,0.05167235806584358,8.620689655172415,1.3925802877570106,0.020610113747163407,0.706595200752087,0,0.6656536262440776,True,False,False
14,198,230,187,0.03966943919658661,8.620689655172415,0.961904211552463,0.020610113747163407,0.4912571626498132,0,0.6656536262440776,False,False,False
14,199,230,187,0.03996807336807251,8.620689655172415,0.9726194879445715,0.020610113747163407,0.49661480084586745,0,0.6656536262440776,False,False,False
14,200,230,187,0.0411827377974987,8.620689655172415,1.0162027959772861,0.020610113747163407,0.5184064548622248,0,0.6656536262440776,False,False,False
14,201,230,187,0.04020652174949646,8.620689655172415,0.9811752412915363,0.020610113747163407,0.5008926775193498,0,0.6656536262440776,False,False,False
14,202,230,187,0.04737866669893265,8.620689655172415,1.238518582393754,0.020610113747163407,0.6295643480704587,0,0.6656536262440776,False,False,False
14,203,230,187,0.0487653873860836,8.620689655172415,1.288275431610116,0.020610113747163407,0.6544427726786397,0,0.6656536262440776,False,False,False
14,204,230,187,0.06373106688261032,8.620689655172415,1.8252581600202404,0.020610113747163407,0.922934136883702,0,0.6656536262440776,True,False,False
14,205,230,187,0.04451571777462959,8.620689655172415,1.1357932684494134,0.020610113747163407,0.5782016910982885,0,0.6656536262440776,False,False,False
14,206,230,187,0.0404956229031086,8.620689655172415,0.991548463990124,0.020610113747163407,0.5060792888686437,0,0.6656536262440776,False,False,False
14,207,230,187,0.04382052272558212,8.620689655172415,1.1108490128744253,0.020610113747163407,0.5657295633107944,0,0.6656536262440776,False,False,False
14,208,230,187,0.04253306984901428,8.620689655172415,1.0646539865463986,0.020610113747163407,0.5426320501467811,0,0.6656536262440776,False,False,False
14,209,230,187,0.03988964855670929,8.620689655172415,0.9698055315725508,0.020610113747163407,0.4952078226598571,0,0.6656536262440776,False,False,False
14,210,230,187,0.04018624126911163,8.620689655172415,0.9804475584828112,0.020610113747163407,0.5005288361149873,0,0.6656536262440776,False,False,False
14,211,230,187,0.03889407590031624,8.620689655172415,0.9340834434786204,0.020610113747163407,0.4773467786128919,0,0.6656536262440776,False,False,False
14,212,230,187,0.0393984355032444,8.620689655172415,0.9521803428371204,0.020610113747163407,0.4863952282921419,0,0.6656536262440776,False,False,False
14,213,230,187,0.03582002967596054,8.620689655172415,0.8237837588437552,0.020610113747163407,0.4221969362954593,0,0.6656536262440776,False,False,False
14,214,230,187,0.03796396031975746,8.620689655172415,0.9007100171466497,0.020610113747163407,0.4606600654469065,0,0.6656536262440776,False,False,False
14,215,230,187,0.03969263285398483,8.620689655172415,0.9627364219064531,0.020610113747163407,0.49167326782680826,0,0.6656536262440776,False,False,False
14,216,230,187,0.04072685167193413,8.620689655172415,0.9998451708118666,0.020610113747163407,0.510227642279515,0,0.6656536262440776,False,False,False
14,217,230,187,0.03952803462743759,8.620689655172415,0.9568304819320391,0.020610113747163407,0.48872029783960125,0,0.6656536262440776,False,False,False
14,218,230,187,0.037961702793836594,8.620689655172415,0.9006290149824161,0.020610113747163407,0.46061956436478974,0,0.6656536262440776,False,False,False
14,219,230,187,0.037860214710235596,8.620689655172415,0.896987526599224,0.020610113747163407,0.4587988201731937,0,0.6656536262440776,False,False,False
14,220,230,187,0.036591000854969025,8.620689655172415,0.8514469335980741,0.020610113747163407,0.43602852367261874,0,0.6656536262440776,False,False,False
14,221,230,187,0.03524751588702202,8.620689655172415,0.8032414228604158,0.020610113747163407,0.4119257683037896,0,0.6656536262440776,False,False,False
14,222,230,187,0.04113943502306938,8.620689655172415,1.014649051493704,0.020610113747163407,0.5176295826204338,0,0.6656536262440776,False,False,False
14,223,230,187,0.039733726531267166,8.620689655172415,0.9642109018959915,0.020610113747163407,0.4924105078215774,0,0.6656536262440776,False,False,False
14,224,230,187,0.03589481860399246,8.620689655172415,0.8264672562846012,0.020610113747163407,0.42353868501588227,0,0.6656536262440776,False,False,False
14,225,230,187,0.03412441536784172,8.620689655172415,0.7629435144889162,0.020610113747163407,0.3917768141180398,0,0.6656536262440776,False,False,False
14,226,230,187,0.034589607268571854,8.620689655172415,0.779635039664658,0.020610113747163407,0.40012257670591067,0,0.6656536262440776,False,False,False
14,227,230,187,0.033718474209308624,8.620689655172415,0.7483779619569607,0.020610113747163407,0.38449403785206204,0,0.6656536262440776,False,False,False
14,228,230,187,0.03805313631892204,8.620689655172415,0.9039097363008123,0.020610113747163407,0.4622599250239878,0,0.6656536262440776,False,False,False
14,229,230,187,0.043266862630844116,8.620689655172415,1.09098316526268,0.020610113747163407,0.5557966395049218,0,0.6656536262440776,False,False,False
15,35,228,18,0.016587141901254654,8.620689655172416,0.12551018108503084,0.03747003138980208,0.08149010623741645,0,0.6656536262440776,False,False,False
15,36,228,18,0.01643630675971508,8.620689655172416,0.12000491115844228,0.03747003138980208,0.07873747127412217,0,0.6656536262440776,False,False,False
15,37,228,18,0.018404606729745865,8.620689655172416,0.1918450839518142,0.03747003138980208,0.11465755767080815,0,0.6656536262440776,False,False,False
15,38,228,18,0.01817941665649414,8.620689655172416,0.1836259638887768,0.03747003138980208,0.11054799763928944,0,0.6656536262440776,False,False,False
15,39,228,18,0.018288210034370422,8.620689655172416,0.18759676873783873,0.03747003138980208,0.1125334000638204,0,0.6656536262440776,False,False,False
15,40,228,25,0.018516317009925842,4.331691297208539,0.1850772316505891,0.0,0.09253861582529455,0,0.6656536262440776,False,False,False
15,41,228,25,0.017330575734376907,4.080459770114943,0.14271381428164717,0.0,0.07135690714082359,0,0.6656536262440776,False,False,False
15,42,228,25,0.01691862754523754,3.911330049261083,0.1279959888750789,0.0,0.06399799443753945,0,0.6656536262440776,False,False,False
15,43,228,34,0.018324242904782295,5.7717569786535305,0.2178195966291965,0.010159069522052717,0.11398933307562462,0,0.6656536262440776,False,False,False
15,44,228,34,0.020286966115236282,5.091954022988506,0.3004182055969611,0.0004317441314324608,0.1504249748641968,0,0.6656536262440776,False,False,False
15,45,228,34,0.02069312334060669,4.494252873563218,0.31751079494380163,0.0,0.15875539747190082,0,0.6656536262440776,False,False,False
15,46,228,42,0.02009313739836216,10.950738916256157,0.30038320075379943,0.08626042187795828,0.19332181131587886,0,0.6656536262440776,False,False,False
15,47,228,42,0.019569920375943184,9.889983579638752,0.277966976387297,0.07110875651741408,0.17453786645235553,0,0.6656536262440776,False,False,False
15,48,228,42,0.019267184659838676,8.911330049261082,0.2649968484190249,0.05712982067393983,0.16106333454648236,0,0.6656536262440776,False,False,False
15,49,228,42,0.020054876804351807,8.014778325123151,0.298743999384229,0.04432361434753561,0.17153380686588232,0,0.6656536262440776,False,False,False
15,50,228,42,0.02032081037759781,7.2003284072249585,0.3101374105100898,0.032690137538201366,0.1714137740241456,0,0.6656536262440776,False,False,False
15,51,228,42,0.0206011813133955,6.467980295566501,0.32214936259381727,0.02222939024593709,0.17218937641987717,0,0.6656536262440776,False,False,False
15,52,228,48,0.022275004535913467,9.807881773399014,0.3938610908024217,0.06993602700034408,0.2318985589013829,0,0.6656536262440776,False,False,False
15,53,228,48,0.022235874086618423,8.464696223316913,0.3921846221605866,0.05075017210107915,0.22146739713083285,0,0.6656536262440776,False,False,False
15,54,228,48,0.02156837470829487,7.285714285714286,0.3635868984859544,0.03390977623595416,0.19874833736095426,0,0.6656536262440776,False,False,False
15,55,228,48,0.0213478971272707,6.2709359605911335,0.35414096169060316,0.01941483940496915,0.18677790054778615,0,0.6656536262440776,False,False,False
15,56,228,48,0.02337184175848961,5.420361247947455,0.4408529664893517,0.007265361608124108,0.2240591640487379,0,0.6656536262440776,False,False,False
15,57,228,48,0.02590317279100418,4.733990147783251,0.5493029632199607,0.0,0.2746514816099804,0,0.6656536262440776,False,False,False
15,58,228,48,0.027755608782172203,4.211822660098521,0.628667011068838,0.0,0.314333505534419,0,0.6656536262440776,False,False,False
15,59,228,48,0.026722092181444168,3.8505747126436773,0.584387985319036,0.0,0.292193992659518,0,0.6656536262440776,False,False,False
15,60,228,48,0.031241970136761665,3.6338259441707716,0.7780334402913945,0.0,0.38901672014569727,0,0.6656536262440776,False,False,False
15,61,228,48,0.028399085626006126,3.9146141215106733,0.6562355355777358,0.0,0.3281177677888679,0,0.6656536262440776,False,False,False
15,62,228,48,0.026930315420031548,4.359605911330049,0.5933089084436602,0.0,0.2966544542218301,0,0.6656536262440776,False,False,False
15,63,228,48,0.02824971452355385,4.906403940886699,0.6498360187367856,0.0,0.3249180093683928,0,0.6656536262440776,False,False,False
15,64,228,48,0.02464238740503788,5.573070607553366,0.49528704462624834,0.009446638509874275,0.25236684156806133,0,0.6656536262440776,False,False,False
15,65,228,48,0.02744242362678051,6.239737274220031,0.6152491970247522,0.018969202188482533,0.3171091996066174,0,0.6656536262440776,False,False,False
15,66,228,48,0.028708448633551598,6.9064039408867,0.6694895970678877,0.02849176586709084,0.34899068146748924,0,0.6656536262440776,False,False,False
15,67,228,48,0.028456181287765503,7.192118226600986,0.6586816891039246,0.03257286458649439,0.34562727684520944,0,0.6656536262440776,False,False,False
15,68,228,48,0.0306084007024765,7.477832512315271,0.7508893796394046,0.03665396330589793,0.39377167147265124,0,0.6656536262440776,False,False,False
15,69,228,48,0.02801498956978321,7.763546798029557,0.6397796807304006,0.04073506202530148,0.34025737137785106,0,0.6656536262440776,False,False,False
15,70,228,48,0.030206939205527306,8.049261083743843,0.7336895359712474,0.044816160744705034,0.38925284835797624,0,0.6656536262440776,False,False,False
15,71,228,54,0.028655001893639565,4.325123152709361,0.6449047163871594,0.0,0.3224523581935797,0,0.6656536262440776,False,False,False
15,72,228,54,0.028706159442663193,4.407224958949098,0.647030117942181,0.0,0.3235150589710905,0,0.6656536262440776,False,False,False
15,73,228,54,0.027773503214120865,4.2857142857142865,0.6082817995360565,0.0,0.30414089976802827,0,0.6656536262440776,False,False,False
15,74,228,54,0.03030872344970703,4.246305418719212,0.7136105561687952,0.0,0.3568052780843976,0,0.6656536262440776,False,False,False
15,75,228,54,0.028097128495573997,4.288998357963875,0.62172719888713,0.0,0.310863599443565,0,0.6656536262440776,False,False,False
15,76,228,57,0.0283750519156456,2.8440065681444997,0.6332738597508919,0.0,0.31663692987544595,0,0.6656536262440776,False,False,False
15,77,228,60,0.02961246483027935,2.7208538587848943,0.6536243595712388,0.0,0.3268121797856194,0,0.6656536262440776,False,False,False
15,78,228,60,0.027248037979006767,2.2348111658456498,0.558112788466117,0.0,0.2790563942330585,0,0.6656536262440776,False,False,False
15,79,228,60,0.027961503714323044,1.9129720853858796,0.5869334023383761,0.0,0.29346670116918805,0,0.6656536262440776,False,False,False
15,80,228,60,0.029813610017299652,1.798029556650247,0.6617496660581798,0.0,0.3308748330290899,0,0.6656536262440776,False,False,False
15,81,228,60,0.030338501557707787,1.8866995073891633,0.6829527815858121,0.0,0.34147639079290604,0,0.6656536262440776,False,False,False
15,82,228,60,0.027320390567183495,2.139573070607553,0.561035488048285,0.0,0.2805177440241425,0,0.6656536262440776,False,False,False
15,83,228,60,0.02796652540564537,2.5533661740558284,0.5871362547241635,0.0,0.29356812736208177,0,0.6656536262440776,False,False,False
15,84,228,66,0.02997102029621601,2.6683087027914625,0.6681082907875957,0.0,0.33405414539379785,0,0.6656536262440776,False,False,False
15,85,228,66,0.02838900312781334,1.9852216748768488,0.6042023403082694,0.0,0.3021011701541347,0,0.6656536262440776,False,False,False
15,86,228,66,0.02784125693142414,1.5484400656814459,0.5820760056509593,0.0,0.29103800282547965,0,0.6656536262440776,False,False,False
15,87,228,66,0.02793719992041588,1.4039408866995065,0.5859516449460342,0.0,0.2929758224730171,0,0.6656536262440776,False,False,False
15,88,228,66,0.030244791880249977,1.5418719211822653,0.6791673574281849,0.0,0.33958367871409245,0,0.6656536262440776,False,False,False
15,89,228,66,0.03339722752571106,1.9261083743842367,0.8065107265595758,0.0,0.4032553632797879,0,0.6656536262440776,False,False,False
15,90,228,66,0.03481528162956238,2.5500821018062396,0.8637933510137888,0.0,0.4318966755068944,0,0.6656536262440776,False,False,False
15,91,228,66,0.03149836137890816,3.3349753694581277,0.7298055881020843,0.0,0.36490279405104215,0,0.6656536262440776,False,False,False
15,92,228,66,0.03456483036279678,3.9064039408866993,0.8536763139985921,0.0,0.42683815699929606,0,0.6656536262440776,False,False,False
15,93,228,66,0.032840751111507416,4.4778325123152705,0.7840317327286065,0.0,0.39201586636430324,0,0.6656536262440776,False,False,False
15,94,228,66,0.030651532113552094,5.049261083743842,0.6955977234991166,0.002568831051539273,0.34908327727532795,0,0.6656536262440776,False,False,False
15,95,228,66,0.028877900913357735,5.620689655172414,0.6239514797591378,0.014450730172879385,0.31920110496600856,0,0.6656536262440776,False,False,False
15,96,228,66,0.025690017268061638,6.192118226600984,0.4951761804519608,0.026332629294219458,0.26075440487309015,0,0.6656536262440776,False,False,False
15,97,228,66,0.029014060273766518,6.620689655172415,0.6294516687061175,0.03524405363522457,0.332347861170671,0,0.6656536262440776,False,False,False
15,98,228,68,0.027660226449370384,5.136288998357965,0.5747632373369107,0.004378430630364091,0.2895708339836374,0,0.6656536262440776,False,False,False
15,99,228,68,0.026112256571650505,5.408866995073892,0.5122326350622607,0.010046233084796434,0.2611394340735286,0,0.6656536262440776,False,False,False
15,100,228,68,0.024767067283391953,5.763546798029557,0.45789340173550175,0.017421204953214416,0.23765730334435808,0,0.6656536262440776,False,False,False
15,101,228,68,0.02320367842912674,6.144499178981938,0.39473994632674647,0.025342471034107823,0.21004120868042714,0,0.6656536262440776,False,False,False
15,102,228,68,0.023563971742987633,6.525451559934321,0.40929407831311065,0.033263737115001246,0.22127890771405595,0,0.6656536262440776,False,False,False
15,103,228,66,0.024872373789548874,8.811165845648604,0.4621472824784079,0.0807913336003616,0.27146930803938474,0,0.6656536262440776,False,False,False
15,104,228,66,0.026455555111169815,9.09688013136289,0.5261002591970211,0.08673228316103167,0.30641627117902637,0,0.6656536262440776,False,False,False
15,105,228,66,0.02439960651099682,9.09688013136289,0.44304973859909685,0.08673228316103167,0.2648910108800643,0,0.6656536262440776,False,False,False
15,106,228,66,0.02150777168571949,9.09688013136289,0.32623340004750045,0.08673228316103167,0.20648284160426605,0,0.6656536262440776,False,False,False
15,107,228,66,0.021496295928955078,9.09688013136289,0.3257698341911073,0.08673228316103167,0.20625105867606947,0,0.6656536262440776,False,False,False
15,108,228,66,0.020185450091958046,9.09688013136289,0.2728179125442992,0.08673228316103167,0.17977509785266543,0,0.6656536262440776,False,False,False
15,109,228,66,0.0199936181306839,9.09688013136289,0.2650688159716523,0.08673228316103167,0.175900549566342,0,0.6656536262440776,False,False,False
15,110,228,66,0.020170830190181732,9.09688013136289,0.27222733822084033,0.08673228316103167,0.179479810690936,0,0.6656536262440776,False,False,False
15,111,228,66,0.019959142431616783,9.09688013136289,0.26367616211091843,0.08673228316103167,0.17520422263597504,0,0.6656536262440776,False,False,False
15,112,228,66,0.021351292729377747,9.09688013136289,0.31991239630951396,0.08673228316103167,0.2033223397352728,0,0.6656536262440776,False,False,False
15,113,228,66,0.022114194929599762,9.09688013136289,0.350730007648829,0.08673228316103167,0.21873114540493033,0,0.6656536262440776,False,False,False
15,114,228,66,0.022854849696159363,9.09688013136289,0.38064892874487827,0.08673228316103167,0.23369060595295496,0,0.6656536262440776,False,False,False
15,115,228,66,0.022323815152049065,9.09688013136289,0.3591976651577776,0.08673228316103167,0.22296497415940464,0,0.6656536262440776,False,False,False
15,116,228,66,0.02230243757367134,9.09688013136289,0.35833411292050693,0.08673228316103167,0.2225331980407693,0,0.6656536262440776,False,False,False
15,117,228,66,0.024300819262862206,9.09688013136289,0.43905920479619653,0.08673228316103167,0.2628957439786141,0,0.6656536262440776,False,False,False
15,118,228,66,0.026312539353966713,9.09688013136289,0.5203231045111381,0.08673228316103167,0.30352769383608486,0,0.6656536262440776,False,False,False
15,119,228,96,0.025688068941235542,19.569786535303777,0.731248208893414,0.28357514012610907,0.5074116745097615,0,0.6656536262440776,False,False,False
15,120,228,103,0.025474047288298607,24.90311986863711,0.5025631691550267,0.38630989759294454,0.44443653337398564,0,0.6656536262440776,False,False,False
15,121,228,103,0.02815908007323742,23.318555008210183,0.6125941383717408,0.35493883805891596,0.4837664882153284,0,0.6656536262440776,False,False,False
15,122,228,103,0.030730631202459335,21.81609195402299,0.7179747001011094,0.3251932220240599,0.5215839610625846,0,0.6656536262440776,False,False,False
15,123,228,103,0.032887205481529236,20.395730706075536,0.8063497692790096,0.2970730494883763,0.551711409383693,0,0.6656536262440776,False,False,False
15,124,228,109,0.03300059959292412,23.85550082101806,0.8109965892546291,0.3655692385435038,0.5882829138990665,0,0.6656536262440776,False,False,False
15,125,228,109,0.03436727821826935,21.889983579638756,0.8670022270993563,0.3266561211733152,0.5968291741363357,0,0.6656536262440776,False,False,False
15,126,228,109,0.03260819613933563,20.00656814449918,0.7949161404182061,0.28936844730229877,0.5421422938602525,0,0.6656536262440776,False,False,False
15,127,228,109,0.03287933021783829,18.20853858784893,0.806027045883745,0.2537712346704218,0.5298991402770834,0,0.6656536262440776,False,False,False
15,128,228,109,0.02590847574174404,16.57471264367816,0.5203657762799928,0.22142490903688977,0.37089534265844126,0,0.6656536262440776,False,False,False
15,129,228,109,0.024069970473647118,15.105090311986865,0.4450249768329763,0.1923294704017027,0.3186772236173395,0,0.6656536262440776,False,False,False
15,130,228,115,0.02551240101456642,17.284072249589492,0.49963079525121495,0.22421118104093532,0.36192098814607515,0,0.6656536262440776,False,False,False
15,131,228,133,0.023390306159853935,32.0935960591133,0.3775661455846854,0.37015994457076506,0.3738630450777252,0,0.6656536262440776,False,False,False
15,132,228,133,0.02304830402135849,28.985221674876843,0.36531251954057964,0.3212676509909927,0.3432900852657862,0,0.6656536262440776,False,False,False
15,133,228,133,0.02198454737663269,25.958949096880133,0.32719908497626266,0.27366675449468,0.3004329197354713,0,0.6656536262440776,False,False,False
15,134,228,133,0.0218560378998518,23.014778325123157,0.32259470712493027,0.22735725508182653,0.2749759811033784,0,0.6656536262440776,False,False,False
15,135,228,133,0.024563271552324295,20.152709359605915,0.4195924304062961,0.18233915275243245,0.3009657915793643,0,0.6656536262440776,False,False,False
15,136,228,151,0.024785200133919716,33.28407224958949,0.4589055723389531,0.6225835270805672,0.5407445497097602,0,0.6656536262440776,False,False,False
15,137,228,151,0.022380685433745384,29.318555008210176,0.3687444497188101,0.534214459731425,0.4514794547251175,0,0.6656536262440776,False,False,False
15,138,228,151,0.022395798936486244,25.435139573070607,0.3693111546650264,0.4476749796980004,0.4084930671815134,0,0.6656536262440776,False,False,False
15,139,228,151,0.023111481219530106,21.63382594417077,0.3961468059812372,0.36296508698029284,0.379555946480765,0,0.6656536262440776,False,False,False
15,140,228,151,0.023469598963856697,19.343185550082097,0.40957500330368973,0.3119196008717822,0.360747302087736,0,0.6656536262440776,False,False,False
15,141,228,151,0.02203996479511261,17.467980295566502,0.3559685846859385,0.27013182658080087,0.3130502056333697,0,0.6656536262440776,False,False,False
15,142,228,151,0.021592916920781136,15.674876847290642,0.33920580997229166,0.23017363960553675,0.2846897247889142,0,0.6656536262440776,False,False,False
15,143,228,151,0.02305980771780014,13.963875205254519,0.39420922542689507,0.19204503994598981,0.2931271326864424,0,0.6656536262440776,False,False,False
15,144,228,151,0.02046961523592472,12.334975369458128,0.29708581755119745,0.15574602760216,0.22641592257667872,0,0.6656536262440776,False,False,False
15,145,228,151,0.021920278668403625,11.073891625615763,0.35148076203076556,0.1276435664327434,0.23956216423175447,0,0.6656536262440776,False,False,False
15,146,228,151,0.02441120520234108,9.894909688013136,0.44488203449868596,0.10137069257904407,0.273126363538865,0,0.6656536262440776,False,False,False
15,147,228,151,0.025614378973841667,8.798029556650246,0.48999695849467545,0.07692740604106194,0.2834621822678687,0,0.6656536262440776,False,False,False
15,148,228,151,0.02537774108350277,7.783251231527093,0.481123842499223,0.05431370681879705,0.26771877465901006,0,0.6656536262440776,False,False,False
15,149,228,151,0.02752840332686901,6.8505747126436765,0.5617663614343732,0.033529594912249334,0.2976479781733113,0,0.6656536262440776,False,False,False
15,150,228,151,0.02854095958173275,5.999999999999997,0.5997337769165674,0.014575070321418863,0.30715442361899314,0,0.6656536262440776,False,False,False
15,151,228,151,0.03782351315021515,5.517241379310343,0.9477979623654271,0.0038170969050016074,0.4758075296352144,0,0.6656536262440776,False,False,False
15,152,228,151,0.04080798104405403,5.973727422003283,1.0597053571144708,0.01398960238038939,0.5368474797474301,0,0.6656536262440776,False,False,False
15,153,228,151,0.039244480431079865,6.512315270935961,1.0010794021669664,0.02599169517149441,0.5135355486692305,0,0.6656536262440776,False,False,False
15,154,228,151,0.03552809730172157,7.1330049261083746,0.8617276755981038,0.03982337527831663,0.4507755254382102,0,0.6656536262440776,False,False,False
15,155,228,151,0.036762624979019165,7.835796387520526,0.9080182644153478,0.05548464270085609,0.48175145355810195,0,0.6656536262440776,False,False,False
15,156,228,151,0.04236970841884613,8.620689655172415,1.1182648216615811,0.07297549743911276,0.595620159550347,0,0.6656536262440776,False,False,False
15,157,228,151,0.03513836860656738,8.620689655172415,0.8471141751400539,0.07297549743911276,0.46004483628958337,0,0.6656536262440776,False,False,False
15,158,228,151,0.031790826469659805,8.620689655172415,0.7215927312245989,0.07297549743911276,0.39728411433185584,0,0.6656536262440776,False,False,False
15,159,228,151,0.03252110257744789,8.620689655172415,0.7489756013297676,0.07297549743911276,0.4109755493844402,0,0.6656536262440776,False,False,False
15,160,228,151,0.025768538936972618,8.620689655172415,0.49577743275751057,0.07297549743911276,0.28437646509831166,0,0.6656536262440776,False,False,False
15,161,228,151,0.028708111494779587,8.620689655172415,0.6060014051108615,0.07297549743911276,0.33948845127498717,0,0.6656536262440776,False,False,False
15,162,228,151,0.025608569383621216,8.620689655172415,0.4897791186219556,0.07297549743911276,0.2813773080305342,0,0.6656536262440776,False,False,False
15,163,228,151,0.02443969063460827,8.620689655172415,0.4459501413193029,0.07297549743911276,0.25946281937920784,0,0.6656536262440776,False,False,False
15,164,228,151,0.025288810953497887,8.620689655172415,0.4777892651080288,0.07297549743911276,0.2753823812735708,0,0.6656536262440776,False,False,False
15,165,228,157,0.02556406706571579,4.610837438423646,0.4881104330692074,0.0,0.2440552165346037,0,0.6656536262440776,False,False,False
15,166,228,157,0.024889543652534485,4.407224958949097,0.4628180993764303,0.0,0.23140904968821516,0,0.6656536262440776,False,False,False
15,167,228,157,0.02441113069653511,4.285714285714286,0.4448792407843837,0.0,0.22243962039219184,0,0.6656536262440776,False,False,False
15,168,228,157,0.025187943130731583,4.246305418719211,0.47400706484275273,0.0,0.23700353242137637,0,0.6656536262440776,False,False,False
15,169,228,175,0.02454543113708496,13.0935960591133,0.4449131044203857,0.09907839098933055,0.2719957477048581,0,0.6656536262440776,False,False,False
15,170,228,175,0.02462824061512947,12.032840722495894,0.44805135378995686,0.08044026311840295,0.2642458084541799,0,0.6656536262440776,False,False,False
15,171,228,175,0.0253852978348732,11.054187192118226,0.4767417211089378,0.06324471480404871,0.2699932179564933,0,0.6656536262440776,False,False,False
15,172,228,175,0.024978384375572205,10.157635467980294,0.4613208304418695,0.047491746046267796,0.25440628824406863,0,0.6656536262440776,False,False,False
15,173,228,175,0.025486605241894722,9.343185550082099,0.48058099064336596,0.03318135684506023,0.2568811737442131,0,0.6656536262440776,False,False,False
15,174,228,175,0.027042455971240997,8.610837438423644,0.5395434148225573,0.020313547200426045,0.27992848101149165,0,0.6656536262440776,False,False,False
15,175,228,175,0.025945181027054787,7.960591133004925,0.4979597400650887,0.008888317112365185,0.2534240285887269,0,0.6656536262440776,False,False,False
15,176,228,175,0.029108479619026184,7.392446633825944,0.6178399765602857,0.0,0.30891998828014283,0,0.6656536262440776,False,False,False
15,177,228,175,0.03348755091428757,6.9064039408867,0.7837946239772723,0.0,0.39189731198863614,0,0.6656536262440776,False,False,False
15,178,228,175,0.037251684814691544,6.502463054187193,0.9264448509666874,0.0,0.4632224254833437,0,0.6656536262440776,False,False,False
15,179,228,175,0.03518569469451904,6.180623973727423,0.8481495598324197,0.0,0.42407477991620984,0,0.6656536262440776,False,False,False
15,180,228,175,0.037923663854599,5.94088669950739,0.9519109914152618,0.0,0.4759554957076309,0,0.6656536262440776,False,False,False
15,181,228,175,0.03328684717416763,5.783251231527093,0.7761885093056713,0.0,0.38809425465283565,0,0.6656536262440776,False,False,False
15,182,228,175,0.034233126789331436,5.707717569786534,0.8120498802000717,0.0,0.40602494010003587,0,0.6656536262440776,False,False,False
15,183,228,175,0.032630227506160736,5.714285714285712,0.7513044464202235,0.0,0.37565222321011177,0,0.6656536262440776,False,False,False
15,184,228,187,0.02967543713748455,7.474548440065681,0.6033099696619745,0.0004926850410271737,0.3019013273515008,0,0.6656536262440776,False,False,False
15,185,228,187,0.027835499495267868,6.013136288998358,0.5372912676410401,0.0,0.26864563382052004,0,0.6656536262440776,False,False,False
15,186,228,187,0.02480798028409481,5.001642036124795,0.4286610162243182,0.0,0.2143305081121591,0,0.6656536262440776,False,False,False
15,187,228,187,0.025843897834420204,4.154351395730706,0.4658307172533135,0.0,0.23291535862665674,0,0.6656536262440776,False,False,False
15,188,228,187,0.025826366618275642,3.471264367816091,0.46520168064459555,0.0,0.23260084032229777,0,0.6656536262440776,False,False,False
15,189,228,187,0.026281198486685753,2.9523809523809526,0.48152147806665174,0.0,0.24076073903332587,0,0.6656536262440776,False,False,False
15,190,228,187,0.024727897718548775,2.8735632183908058,0.42578757806503026,0.0,0.21289378903251513,0,0.6656536262440776,False,False,False
15,191,228,187,0.026128550991415977,2.876847290640396,0.47604434162831233,0.0,0.23802217081415616,0,0.6656536262440776,False,False,False
15,192,228,187,0.025022683665156364,2.962233169129723,0.4363647765105163,0.0,0.21818238825525815,0,0.6656536262440776,False,False,False
15,193,228,187,0.025439869612455368,3.1297208538587875,0.4513338026938562,0.0,0.2256669013469281,0,0.6656536262440776,False,False,False
15,194,228,187,0.025854870676994324,3.3793103448275885,0.4662244332182473,0.0,0.23311221660912365,0,0.6656536262440776,False,False,False
15,195,228,187,0.024624548852443695,3.711001642036127,0.42207932304646745,0.0,0.21103966152323372,0,0.6656536262440776,False,False,False
15,196,228,187,0.025523779913783073,4.124794745484402,0.45434458363160946,0.0,0.22717229181580473,0,0.6656536262440776,False,False,False
15,197,228,187,0.025098536163568497,4.620689655172415,0.43908643586206964,0.0,0.21954321793103482,0,0.6656536262440776,False,False,False
15,198,228,187,0.02550940401852131,5.192118226600986,0.45382876291910573,0.0,0.22691438145955287,0,0.6656536262440776,False,False,False
15,199,228,187,0.027843881398439407,5.763546798029557,0.537592018250818,0.0,0.268796009125409,0,0.6656536262440776,False,False,False
15,200,228,187,0.02758445218205452,6.334975369458128,0.5282834527108444,0.0,0.2641417263554222,0,0.6656536262440776,False,False,False
15,201,228,187,0.027484238147735596,6.9064039408867,0.5246876784203386,0.0,0.2623438392101693,0,0.6656536262440776,False,False,False
15,202,228,187,0.03419940173625946,7.477832512315271,0.7656340962774592,0.0005503281032224181,0.3830922121903408,0,0.6656536262440776,False,False,False
15,203,228,187,0.0349588468670845,8.049261083743843,0.7928837055265988,0.01058022092519292,0.4017319632258959,0,0.6656536262440776,False,False,False
15,204,228,187,0.037634171545505524,8.620689655172415,0.8888768841547307,0.020610113747163407,0.454743498950947,0,0.6656536262440776,False,False,False
15,205,228,187,0.04057101905345917,8.620689655172415,0.9942537491418116,0.020610113747163407,0.5074319314444875,0,0.6656536262440776,False,False,False
15,206,228,187,0.0368068590760231,8.620689655172415,0.8591921306349528,0.020610113747163407,0.4399011221910581,0,0.6656536262440776,False,False,False
15,207,228,187,0.04482401907444,8.620689655172415,1.1468554105447992,0.020610113747163407,0.5837327621459814,0,0.6656536262440776,False,False,False
15,208,228,187,0.038274310529232025,8.620689655172415,0.911845676057759,0.020610113747163407,0.4662278949024612,0,0.6656536262440776,False,False,False
15,209,228,187,0.03821663558483124,8.620689655172415,0.909776244528611,0.020610113747163407,0.46519317913788716,0,0.6656536262440776,False,False,False
15,210,228,187,0.030313121154904366,8.620689655172415,0.6261906750530724,0.020610113747163407,0.32340039440011786,0,0.6656536262440776,False,False,False
15,211,228,187,0.030853591859340668,8.620689655172415,0.6455832748719649,0.020610113747163407,0.3330966943095641,0,0.6656536262440776,False,False,False
15,212,228,187,0.027624689042568207,8.620689655172415,0.5297271893047166,0.020610113747163407,0.27516865152594,0,0.6656536262440776,False,False,False
15,213,228,187,0.026619067415595055,8.620689655172415,0.49364453464639674,0.020610113747163407,0.2571273241967801,0,0.6656536262440776,False,False,False
15,214,228,187,0.025810617953538895,8.620689655172415,0.4646366036655571,0.020610113747163407,0.24262335870636026,0,0.6656536262440776,False,False,False
15,215,228,187,0.026802578940987587,8.620689655172415,0.5002291016634076,0.020610113747163407,0.2604196077052855,0,0.6656536262440776,False,False,False
15,216,228,187,0.02693765237927437,8.620689655172415,0.5050756643232458,0.020610113747163407,0.2628428890352046,0,0.6656536262440776,False,False,False
15,217,228,187,0.026551129296422005,8.620689655172415,0.4912068507039427,0.020610113747163407,0.25590848222555307,0,0.6656536262440776,False,False,False
15,218,228,187,0.029749173671007156,8.620689655172415,0.605955706192926,0.020610113747163407,0.3132829099700447,0,0.6656536262440776,False,False,False
15,219,228,187,0.03017372079193592,8.620689655172415,0.6211888582451198,0.020610113747163407,0.3208994859961416,0,0.6656536262440776,False,False,False
15,220,228,187,0.029625840485095978,8.620689655172415,0.6015303948871836,0.020610113747163407,0.3110702543171735,0,0.6656536262440776,False,False,False
15,221,228,187,0.029435157775878906,8.620689655172415,0.5946885190151404,0.020610113747163407,0.3076493163811519,0,0.6656536262440776,False,False,False
15,222,228,187,0.0274590365588665,8.620689655172415,0.5237834215869394,0.020610113747163407,0.27219676766705136,0,0.6656536262440776,False,False,False
15,223,228,187,0.029286058619618416,8.620689655172415,0.5893387003349403,0.020610113747163407,0.30497440704105183,0,0.6656536262440776,False,False,False
15,224,228,187,0.030175305902957916,8.620689655172415,0.6212457335271023,0.020610113747163407,0.32092792363713285,0,0.6656536262440776,False,False,False
15,225,228,187,0.03287680819630623,8.620689655172415,0.7181781897263052,0.020610113747163407,0.3693941517367343,0,0.6656536262440776,False,False,False
15,226,228,187,0.036540329456329346,8.620689655172415,0.8496287959117628,0.020610113747163407,0.43511945482946307,0,0.6656536262440776,False,False,False
15,227,228,187,0.0382278636097908,8.620689655172415,0.9101791166787758,0.020610113747163407,0.4653946152129696,0,0.6656536262440776,False,False,False
