video,frame,video_length,phase,appearance,temporal,appearance_score,temporal_score,combined_score,label
01,35,230,36,0.0978451743721962,2.4285714285714293,3.070531903945737,0.0,1.5352659519728684,0
01,36,230,36,0.09665754437446594,2.9080459770114944,3.0273658367375234,0.0,1.5136829183687617,0
01,37,230,42,0.09552144259214401,2.688013136289,2.9860726343219524,0.0,1.4930363171609762,0
01,38,230,42,0.0973740965127945,2.228243021346471,3.05340992270739,0.0,1.526704961353695,0
01,39,230,42,0.09608035534620285,2.0147783251231526,3.006387097202934,0.0,1.503193548601467,0
01,40,230,42,0.0969601422548294,1.7881773399014778,3.038364178363952,0.0,1.519182089181976,0
01,41,230,42,0.0969545990228653,1.7257799671592782,3.0381627018738238,0.0,1.5190813509369119,0
01,42,230,42,0.09392037242650986,1.8275862068965525,2.92787950808995,0.0,1.463939754044975,0
01,43,230,42,0.09639763832092285,2.139573070607553,3.0179191890471615,0.0,1.5089595945235807,1
01,44,230,42,0.09617675840854645,2.5533661740558284,3.009891000839718,0.0,1.504945500419859,1
01,45,230,48,0.09634526073932648,2.7536945812807896,3.016015452856838,0.0,1.508007726428419,1
01,46,230,50,0.09594885259866714,3.71264367816092,3.001607446597072,0.008510557257005764,1.505059001927039,1
01,47,230,50,0.09438015520572662,2.9014778325123154,2.944590953899487,0.0,1.4722954769497436,1
01,48,230,50,0.09393344819545746,2.310344827586205,2.9283547651331956,0.0,1.4641773825665978,1
01,49,230,50,0.09469428658485413,1.9096880131362868,2.956008496610215,0.0,1.4780042483051075,1
01,50,230,50,0.09576653689146042,1.7356321839080446,2.994980928165036,0.0,1.497490464082518,1
01,51,230,62,0.0974106416106224,10.379310344827585,3.0547382052128715,0.25013896609227354,1.6524385856525725,1
01,52,230,62,0.09622421115636826,8.9376026272578,3.0116157370838392,0.19788533482198659,1.6047505359529128,1
01,53,230,62,0.09566903114318848,7.720853858784892,2.9914369458716132,0.15378517449022952,1.5726110601809213,1
01,54,230,62,0.09399872273206711,6.729064039408865,2.9307272591251476,0.11783848509700245,1.524282872111075,1
01,55,230,68,0.09514690935611725,10.712643678160918,2.9724597019533365,0.2622203865340369,1.6173400442436867,1
01,56,230,68,0.09302147477865219,9.270935960591132,2.895207820481111,0.20996675526374992,1.5525872878724305,1
01,57,230,68,0.09309187531471252,7.911330049261081,2.8977666260660846,0.16068884331409428,1.5292277346900893,1
01,58,230,68,0.09285950660705566,6.922824302134647,2.8893208615847468,0.1248611826936926,1.5070910221392197,1
01,59,230,68,0.09423357248306274,6.098522167487685,2.9392632005839223,0.09498496071455358,1.5171240806492379,1
01,60,230,75,0.09506835043430328,10.617405582922824,2.969604368469586,0.25876855212210453,1.6141864602958451,1
01,61,230,75,0.0934537872672081,9.128078817733991,2.910920820297231,0.2047890036458514,1.5578549119715412,1
01,62,230,75,0.09436952322721481,7.720853858784894,2.9442045198250075,0.1537851744902296,1.5489948471576185,1
01,63,230,75,0.09656508266925812,6.395730706075533,3.0240051872180476,0.10575706465523911,1.5648811259366433,1
01,64,230,78,0.09321261942386627,7.231527093596059,2.902155238967988,0.13604988733926654,1.5191025631536272,1
01,65,230,78,0.0949612408876419,5.724137931034483,2.9657113227409813,0.0814156806124745,1.523563501676728,1
01,66,230,78,0.09489376097917557,4.666666666666666,2.9632586714357525,0.04308841576274233,1.5031735435992475,1
01,67,230,78,0.09600020945072174,3.901477832512314,3.0034740829498316,0.015354711694457878,1.5094143973221448,1
01,68,230,78,0.09995022416114807,3.3399014778325116,3.1470428718736203,0.0,1.5735214359368102,1
01,69,230,84,0.0946863666176796,5.760262725779968,2.955720634366927,0.08272499711355231,1.5192228157402397,1
01,70,230,84,0.09716548025608063,4.223316912972085,3.0458274741541813,0.02701953143133291,1.536423502792757,1
01,71,230,84,0.09624136239290237,2.8177339901477816,3.0122391226756067,0.0,1.5061195613378033,1
01,72,230,84,0.09564781934022903,2.229885057471263,2.9906659733347922,0.0,1.4953329866673961,1
01,73,230,84,0.09626127034425735,1.888341543513957,3.01296270490897,0.0,1.506481352454485,1
01,74,230,84,0.09555190056562424,1.8292282430213462,2.9871796718107206,0.0,1.4935898359053603,1
01,75,230,88,0.09545636177062988,2.2824302134646963,2.9837071811750855,0.0,1.4918535905875427,1
01,76,230,88,0.09510488063097,1.7142857142857122,2.9709321093715992,0.0,1.4854660546857996,1
01,77,230,89,0.09426634758710861,1.635467980295567,2.940454457411978,0.0,1.470227228705989,1
01,78,230,96,0.0938233733177185,6.8555008210180635,2.924353940314442,0.1224210928507749,1.5233875165826083,1
01,79,230,96,0.0941440686583519,5.6042692939244665,2.9360100593528617,0.07707113040435268,1.5065405948786073,1
01,80,230,100,0.0948236882686615,7.998357963875206,2.9607117811270767,0.16384310579396363,1.5622774434605202,1
01,81,230,100,0.09432194381952286,6.889983579638753,2.942475179951408,0.12367089496544008,1.533073037458424,1
01,82,230,100,0.09276970475912094,5.863711001642035,2.8860568882843247,0.0864744034575478,1.4862656458709362,1
01,83,230,100,0.09452059119939804,4.949096880131362,2.949695295784467,0.05332489022571427,1.5015100930050906,1
01,84,230,116,0.09530964493751526,18.474548440065682,2.9783745534283073,0.5435448911065274,1.7609597222674174,1
01,85,230,116,0.09456274658441544,16.74712643678161,2.951227491995683,0.4809357566004432,1.7160816242980632,1
01,86,230,114,0.09484231472015381,13.577996715927751,2.9613887854621845,0.366072990824072,1.6637308881431283,1
01,87,230,116,0.09318199753761292,13.551724137931036,2.901042243841071,0.36512076064147,1.6330815022412704,1
01,88,230,121,0.09241193532943726,16.0935960591133,2.873053259817306,0.4572490308082173,1.6651511453127616,1
01,89,230,121,0.09484851360321045,14.128078817733993,2.961614092504908,0.3860103102723023,1.6738122013886052,1
01,90,230,121,0.09388670325279236,12.54679802955665,2.926655755053809,0.32869795615694186,1.6276768556053756,1
01,91,230,121,0.09380274266004562,11.129720853858785,2.9236040903128764,0.27733704068284437,1.6004705654978604,1
01,92,230,121,0.0956420823931694,9.860426929392446,2.990457455999579,0.23133241998588322,1.610894937992731,1
01,93,230,121,0.09410160034894943,8.689655172413794,2.9344664894688157,0.18889866247367984,1.5616825759712478,1
01,94,230,121,0.09458600729703903,7.666666666666665,2.9520729350093657,0.1518211997386128,1.5519470673739892,1
01,95,230,121,0.09502632915973663,6.798029556650245,2.968077046689582,0.12033808932633283,1.5442075680079574,1
01,96,230,128,0.09427222609519958,8.569786535303777,2.940668119980138,0.184554112265558,1.562611116122848,1
01,97,230,128,0.09288393706083298,6.819376026272579,2.8902088204706744,0.12111177634969708,1.5056602984101857,1
01,98,230,128,0.09544644504785538,5.28735632183908,2.983346744067074,0.06558485382671554,1.5244657989468946,1
01,99,230,128,0.09389794617891312,4.334975369458128,2.92706439487048,0.031066509707391592,1.4790654522889357,1
01,100,230,131,0.09373006969690323,4.692939244663383,2.9209626901990196,0.0440406459453444,1.482501668072182,1
01,101,230,131,0.0966036319732666,3.538587848932677,3.025406315389987,0.0022020322972672603,1.513804173843627,1
01,102,230,131,0.09448926895856857,2.679802955665025,2.9485568452945494,0.0,1.4742784226472747,1
01,103,230,131,0.097430020570755,2.1494252873563204,3.055442560523118,0.0,1.527721280261559,1
01,104,230,131,0.09472507983446121,1.8555008210180606,2.957127720177015,0.0,1.4785638600885076,1
01,105,230,131,0.09637469798326492,2.241379310344827,3.017085390508043,0.0,1.5085426952540215,1
01,106,230,131,0.0939335972070694,2.7651888341543507,2.9283601811678763,0.0,1.4641800905839382,1
01,107,230,131,0.09527839720249176,3.5254515599343175,2.9772388109557304,0.0017259172059661764,1.4894823640808483,1
01,108,230,131,0.09451306611299515,4.239737274220031,2.949421786033083,0.027614675295459145,1.4885182306642712,1
01,109,230,131,0.09053059667348862,4.715927750410508,2.8046733847558025,0.044873847355121135,1.4247736160554618,1
01,110,230,131,0.09639988839626312,5.192118226600984,3.0180009711708427,0.06213301941478312,1.540066995292813,1
01,111,230,131,0.09281426668167114,5.66830870279146,2.887676553455637,0.07939219147444511,1.483534372465041,1
01,112,230,131,0.08988460153341293,6.1444991789819365,2.7811937912073246,0.0966513635341071,1.438922577370716,1
01,113,230,131,0.09142409265041351,6.620689655172411,2.83714874110746,0.11391053559376903,1.4755296383506145,1
01,114,230,131,0.09157653898000717,7.096880131362887,2.8426896153877173,0.131169707653431,1.486929661520574,1
01,115,230,131,0.09142617881298065,7.573070607553364,2.837224565592992,0.14842887971309301,1.4928267226530425,1
01,116,230,131,0.09455779939889908,8.04926108374384,2.951047679644278,0.165688051772755,1.5583678657085165,1
01,117,230,131,0.09399209171533585,8.192118226600982,2.9304862455818492,0.17086580339065358,1.5506760244862514,1
01,118,230,131,0.09193401783704758,8.334975369458126,2.855682682587108,0.1760435550085522,1.5158631187978302,1
01,119,230,131,0.09243382513523102,8.477832512315269,2.873848875311925,0.18122130662645078,1.5275350909691878,1
01,120,230,137,0.09333789348602295,4.610837438423646,2.90670849932419,0.04106492662471304,1.4738867129744515,1
01,121,230,137,0.09435846656560898,4.407224958949097,2.943802650051688,0.03368514270954722,1.4887438963806174,1
01,122,230,137,0.0929451733827591,4.285714285714286,2.892434539922775,0.029281078115012762,1.460857809018894,1
01,123,230,137,0.09207753837108612,4.246305418719211,2.860899136389981,0.02785273284110967,1.4443759346155454,1
01,124,230,137,0.0916469469666481,4.288998357963873,2.845248691774425,0.029400106887837944,1.4373243993311315,1
01,125,230,144,0.09286587685346603,3.5303776683087045,2.889552397067354,0.0019044603652041594,1.445728428716279,1
01,126,230,144,0.09429428726434708,2.9934318555008224,2.9414699639146398,0.0,1.4707349819573199,1
01,127,230,144,0.09373583644628525,2.538587848932677,2.921172290741169,0.0,1.4605861453705844,1
01,128,230,144,0.09472255408763885,2.165845648604269,2.957035918389175,0.0,1.4785179591945874,1
01,129,230,144,0.09307583421468735,1.947454844006567,2.89718358993269,0.0,1.448591794966345,1
01,130,230,144,0.09405820071697235,1.8932676518883416,2.9328890693680143,0.0,1.4664445346840072,1
01,131,230,144,0.0934925451874733,2.00328407224959,2.9123295309177237,0.0,1.4561647654588619,1
01,132,230,144,0.09202844649553299,2.277504105090313,2.859114823764371,0.0,1.4295574118821854,1
01,133,230,144,0.09220791608095169,2.7159277504105095,2.8656378959340025,0.0,1.4328189479670013,1
01,134,230,151,0.09149390459060669,3.4991789819376025,2.8396861533554443,0.0007736870233641691,1.4202299201894042,1
01,135,230,151,0.09221740812063217,2.783251231527093,2.8659828973431734,0.0,1.4329914486715867,1
01,136,230,151,0.0924382135272026,2.231527093596058,2.8740083775332765,0.0,1.4370041887666383,1
01,137,230,151,0.09270196408033371,1.906403940886697,2.883594758918404,0.0,1.441797379459202,1
01,138,230,151,0.09373140335083008,1.8275862068965476,2.921011163709413,0.0,1.4605055818547066,1
01,139,230,151,0.09212582558393478,1.9950738916256119,2.862654202428315,0.0,1.4313271012141575,1
01,140,230,151,0.09011726826429367,2.4088669950738897,2.7896503877580243,0.0,1.3948251938790122,1
01,141,230,144,0.09281020611524582,9.620689655172415,2.887528966510583,0.22264331956963967,1.5550861430401115,1
01,142,230,144,0.09428601711988449,9.954022988505747,2.941169373989852,0.234724740011403,1.5879470570006275,1
01,143,230,144,0.09287945926189423,10.28735632183908,2.8900460686285143,0.24680616045316642,1.5684261145408405,1
01,144,230,144,0.0930418148636818,10.620689655172415,2.8959471092150486,0.25888758089492986,1.5774173450549893,1
01,145,230,144,0.09338431060314178,10.954022988505747,2.9083955941272785,0.27096900133669316,1.5896822977319858,1
01,146,230,144,0.09192445874214172,10.954022988505747,2.8553352439623305,0.27096900133669316,1.5631521226495118,1
01,147,230,144,0.09233705699443817,10.954022988505747,2.8703317023901724,0.27096900133669316,1.5706503518634327,1
01,148,230,151,0.09161246567964554,6.655172413793103,2.8439954213492733,0.1151603377084343,1.479577879528854,1
01,149,230,151,0.09196238964796066,6.413793103448275,2.856713895590344,0.10641172290577802,1.481562809248061,1
01,150,230,151,0.09242915362119675,6.244663382594416,2.87367908262468,0.10028174110527736,1.4869804118649788,1
01,151,230,150,0.09175144881010056,6.722495894909687,2.8490469568961143,0.117600427551352,1.4833236922237332,1
01,152,230,150,0.09378541260957718,6.765188834154349,2.922974205479492,0.11914780159808028,1.5210610035387861,1
01,153,230,150,0.09192828088998795,6.889983579638751,2.8554741652518945,0.12367089496544001,1.4895725301086673,1
01,154,230,150,0.0915047749876976,7.09688013136289,2.8400812530854136,0.1311697076534311,1.4856254803694224,1
01,155,230,150,0.09277160465717316,7.0492610837438425,2.8861259427265056,0.12944379044746493,1.5077848665869853,1
01,156,230,151,0.09495745599269867,6.062397372742201,2.9655737554600874,0.0936756442134758,1.5296246998367815,1
01,157,230,151,0.09287738054990768,6.0492610837438425,2.889970514944716,0.09319952912217475,1.4915850220334455,1
01,158,230,151,0.09553257375955582,6.0492610837438425,2.9864772121126126,0.09319952912217475,1.5398383706173937,1
01,159,230,157,0.09530036896467209,2.9458128078817745,2.978037405269424,0.0,1.489018702634712,1
01,160,230,157,0.09417953342199326,2.3940886699507393,2.9372990756069073,0.0,1.4686495378034536,1
01,161,230,157,0.09385588020086288,2.0065681444991776,2.925535448280072,0.0,1.462767724140036,1
01,162,230,157,0.09572586417198181,2.116584564860424,2.9935026214988945,0.0,1.4967513107494472,1
01,163,230,157,0.09536213427782059,2.3940886699507367,2.9802823516446413,0.0,1.4901411758223206,1
01,164,230,151,0.09681081771850586,8.47783251231527,3.032936770010259,0.18122130662645086,1.6070790383183549,1
01,165,230,151,0.0942835882306099,8.811165845648604,2.941081092624554,0.19330272706821428,1.567191909846384,1
01,166,230,151,0.09360432624816895,9.144499178981938,2.916392369333573,0.20538414750997766,1.5608882584217754,1
01,167,230,151,0.09275687485933304,9.47783251231527,2.8855905676983022,0.21746556795174102,1.5515280678250216,1
01,168,230,151,0.0925595760345459,9.811165845648604,2.8784194669791052,0.22954698839350443,1.5539832276863048,1
01,169,230,151,0.09140259772539139,9.811165845648604,2.8363674781047457,0.22954698839350443,1.532957233249125,1
01,170,230,151,0.09356948733329773,9.811165845648604,2.9151261004251876,0.22954698839350443,1.572336544409346,1
01,171,230,151,0.09368457645177841,9.811165845648604,2.919309174810952,0.22954698839350443,1.5744280816022282,1
01,172,230,151,0.09096809476613998,9.858784893267652,2.8205748625788165,0.2312729055994706,1.5259238840891436,1
01,173,230,151,0.0909431129693985,9.9064039408867,2.81966686436457,0.23299882280543682,1.5263328435850034,1
01,174,230,151,0.09255054593086243,9.954022988505747,2.878091255277445,0.234724740011403,1.556407997644424,1
01,175,230,151,0.09218601882457733,10.001642036124796,2.8648420096376497,0.23645065721736927,1.5506463334275096,1
01,176,230,151,0.0911102294921875,10.049261083743843,2.825740947259158,0.23817657442333545,1.5319587608412466,1
01,177,230,157,0.09170984476804733,6.039408866995075,2.8475348000132175,0.09284244280369901,1.4701886214084583,1
01,178,230,157,0.09503401070833206,5.835796387520526,2.968356243277381,0.08546265888853319,1.526909451082957,1
01,179,230,157,0.0944899320602417,5.714285714285714,2.948580946648879,0.08105859429399873,1.5148197704714388,1
01,180,230,157,0.09340714663267136,5.389162561576354,2.909225601442121,0.06927474578429844,1.4892501736132098,1
01,181,230,157,0.0925627052783966,5.146141215106731,2.8785332037074034,0.06046661659522953,1.4694999101513164,1
01,182,230,157,0.09233180433511734,4.985221674876847,2.870140787167672,0.05463420672679208,1.4623874969472321,1
01,183,230,157,0.09270519763231277,4.9064039408867,2.883712286870979,0.051777516178986,1.4677449015249826,1
01,184,230,157,0.09228596836328506,4.9064039408867,2.8684748148998387,0.051777516178986,1.4601261655394124,0
01,185,230,157,0.09433925151824951,5.192118226600986,2.9431042523795905,0.062133019414783185,1.502618635897187,0
01,186,230,163,0.09246034175157547,2.262725779967162,2.8748126586833846,0.0,1.4374063293416923,0
01,187,230,163,0.09281560033559799,2.022988505747129,2.8877250269660304,0.0,1.4438625134830152,0
01,188,230,163,0.09332682192325592,1.9474548440065698,2.9063060879474016,0.0,1.4531530439737008,0
01,189,230,163,0.09077246487140656,2.0361247947454846,2.8134644214480455,0.0,1.4067322107240228,0
01,190,230,163,0.09037479758262634,2.288998357963873,2.799010649695226,0.0,1.399505324847613,0
01,191,230,163,0.09236019849777222,2.699507389162561,2.8711728125761105,0.0,1.4355864062880552,0
01,192,230,163,0.09030409157276154,3.1921182266009858,2.7964407412391563,0.0,1.3982203706195782,0
01,193,230,163,0.09305570274591446,3.763546798029557,2.8964518836473054,0.010355503235797219,1.4534036934415513,0
01,194,230,163,0.09167616069316864,4.334975369458128,2.846310505373608,0.031066509707391592,1.4386885075404998,0
01,195,230,163,0.0924396961927414,4.9064039408867,2.874062267078351,0.051777516178986,1.4629198916286685,0
01,196,230,163,0.09144128113985062,5.477832512315271,2.8377734807078974,0.07248852265058037,1.455131001679239,0
01,197,230,163,0.09021531045436859,6.0492610837438425,2.793213867776298,0.09319952912217475,1.4432066984492364,0
01,198,230,175,0.09150949120521545,5.0935960591133,2.840252670583063,0.05856215623002549,1.4494074134065442,0
01,199,230,175,0.09496737271547318,4.31855500821018,2.9659341925680986,0.030471365843265295,1.498202779205682,0
01,200,230,175,0.09181026369333267,3.632183908045975,2.851184665784651,0.005594352322786925,1.4283895090537189,0
01,201,230,175,0.09244121611118317,3.1100164203612457,2.8741175106320958,0.0,1.4370587553160479,0
01,202,230,175,0.0917380154132843,2.7520525451559914,2.8485587013696345,0.0,1.4242793506848173,0
01,203,230,175,0.08835431188344955,2.5582922824302132,2.725573281448732,0.0,1.362786640724366,0
01,204,230,175,0.0934513732790947,2.528735632183909,2.9108330805354012,0.0,1.4554165402677006,0
01,205,230,175,0.09006412327289581,2.663382594417079,2.787718758989094,0.0,1.393859379494547,0
01,206,230,175,0.09183615446090698,2.962233169129723,2.852125701810451,0.0,1.4260628509052256,0
01,207,230,187,0.09097999334335327,9.0935960591133,2.8210073329480836,0.2035392015311862,1.5122732672396348,0
01,208,230,187,0.0924721211194992,8.032840722495894,2.8752407962249067,0.1650929079086288,1.5201668520667677,0
01,209,230,187,0.09122263640165329,7.054187192118225,2.829826533020667,0.12962233360670275,1.4797244333136848,0
01,210,230,187,0.09205470979213715,6.157635467980294,2.860069399876873,0.09712747862540809,1.4785984392511407,0
01,211,230,187,0.09078506380319595,5.343185550082099,2.8139223471803123,0.0676083429647448,1.4407653450725286,0
01,212,230,187,0.09063006937503815,4.617405582922821,2.8082888587070127,0.041302984170363405,1.424795921438688,0
02,35,256,42,0.09684664011001587,3.195402298850575,3.0342387847475387,0.0,1.5171193923737694,0
02,36,256,42,0.10004977136850357,3.195402298850575,3.150661053842171,0.0,1.5753305269210855,0
02,37,256,42,0.10063870996236801,3.359605911330049,3.1720668477113465,0.0,1.5860334238556733,0
02,38,256,42,0.09959098696708679,3.6880131362889985,3.1339858954649955,0.007617841460816348,1.570801868462906,0
02,39,256,42,0.10241027921438217,4.170771756978654,3.2364570008251925,0.025115071066128862,1.6307860359456607,0
02,40,256,42,0.10154590010643005,4.735632183908046,3.2050399376501755,0.04558801999207271,1.6253139788211242,0
02,41,256,42,0.10221051424741745,5.382594417077176,3.2291962647320274,0.06903668823864796,1.6491164764853377,0
02,42,256,42,0.10166872292757034,6.049261083743842,3.2095041042358767,0.09319952912217472,1.6513518166790258,0
02,43,256,42,0.10249380767345428,6.7159277504105095,3.2394929590655503,0.11736237000570154,1.678427664535626,0
02,44,256,42,0.10060848295688629,7.3825944170771765,3.1709682050763335,0.14152521088922831,1.656246707982781,0
02,45,256,42,0.10034161061048508,8.049261083743843,3.1612683577646417,0.1656880517727551,1.6634782047686985,0
02,46,256,42,0.10154116898775101,8.334975369458128,3.204867978549058,0.17604355500855226,1.6904557667788052,1
02,47,256,48,0.1021742895245552,4.610837438423647,3.2278796267011094,0.041064926624713075,1.6344722766629112,1
02,48,256,50,0.10006988048553467,3.8784893267651888,3.1513919477223533,0.014521510284681134,1.5829567290035171,1
02,49,256,50,0.10106918215751648,3.579638752052545,3.1877129594991582,0.003689891957582911,1.5957014257283706,1
02,50,256,50,0.0980195626616478,3.4187192118226584,3.0768702893327506,0.0,1.5384351446663753,1
02,51,256,50,0.10151957720518112,3.366174055829227,3.204083195123801,0.0,1.6020415975619005,1
02,52,256,50,0.09947172552347183,3.395730706075532,3.129651172108167,0.0,1.5648255860540834,1
02,53,256,50,0.09726034104824066,3.5073891625615747,3.049275321832019,0.001071258955427254,1.5251732903937232,1
02,54,256,50,0.0983257070183754,3.7011494252873556,3.087997532584584,0.008093956552117336,1.5480457445683506,1
02,55,256,50,0.09969530254602432,3.977011494252873,3.1377773905433335,0.018092373469438764,1.577934882006386,1
02,56,256,50,0.09691088646650314,4.334975369458128,3.0365739081001926,0.031066509707391592,1.533820208903792,1
02,57,256,50,0.09569314122200012,4.715927750410509,2.9923132602829767,0.04487384735512116,1.518593553819049,1
02,58,256,50,0.09711965918540955,5.09688013136289,3.0441620434898162,0.05868118500285077,1.5514216142463335,1
02,59,256,57,0.09728991985321045,2.1740558292282426,3.0503504047161702,0.0,1.5251752023580851,1
02,60,256,62,0.09844226390123367,5.236453201970444,3.0922339549119555,0.06373990784792413,1.5779869313799397,1
02,61,256,62,0.09908375144004822,4.366174055829228,3.1155497134113372,0.03219728304923152,1.5738734982302844,1
02,62,256,62,0.098172627389431,3.584564860426929,3.0824336401569337,0.0038684351168207973,1.5431510376368773,1
02,63,256,62,0.09968181699514389,2.967159277504104,3.1372872394047158,0.0,1.5686436197023579,1
02,64,256,62,0.10197310149669647,2.5763546798029546,3.220567167476742,0.0,1.610283583738371,1
02,65,256,62,0.09770701080560684,2.3858784893267644,3.0655101565896405,0.0,1.5327550782948203,1
02,66,256,62,0.0992201492190361,2.425287356321839,3.1205072807564656,0.0,1.5602536403782328,1
02,67,256,62,0.09863250702619553,2.6288998357963878,3.0991486063890132,0.0,1.5495743031945066,1
02,68,256,62,0.09963749349117279,2.891625615763547,3.135676239888893,0.0,1.5678381199444464,1
02,69,256,62,0.09998264908790588,3.1412151067323486,3.148221401020176,0.0,1.574110700510088,1
02,70,256,62,0.1003134548664093,3.4729064039408866,3.1602449980116925,0.0,1.5801224990058462,1
02,71,256,62,0.10002604871988297,3.886699507389162,3.1497988211209775,0.01481908221674425,1.5823089516688609,1
02,72,256,62,0.09747059643268585,4.382594417077176,3.056917346766717,0.032792426913357785,1.5448548868400374,1
02,73,256,62,0.10016022622585297,4.954022988505747,3.154675689549361,0.053503433384952157,1.6040895614671564,1
02,74,256,62,0.10024097561836243,5.525451559934318,3.1576106387429204,0.07421443985654654,1.6159125392997336,1
02,75,256,62,0.10016457736492157,6.09688013136289,3.154833837762042,0.09492544632814094,1.6248796420450915,1
02,76,256,62,0.09908916056156158,6.668308702791462,3.1157463154702527,0.11563645279973535,1.615691384134994,1
02,77,256,62,0.09909527748823166,7.239737274220033,3.115968643693902,0.1363474592713297,1.6261580514826157,1
02,78,256,62,0.100248783826828,7.811165845648604,3.1578944389601977,0.1570584657429241,1.6574764523515608,1
02,79,256,62,0.09889732301235199,8.382594417077176,3.1087737124221095,0.17776947221451847,1.643271592318314,1
02,80,256,62,0.0979190543293953,8.620689655172415,3.0732171739405088,0.1863990582443495,1.6298081160924291,1
02,81,256,62,0.09855913370847702,8.620689655172415,3.0964817509121563,0.1863990582443495,1.641440404578253,1
02,82,256,68,0.09785246104001999,4.610837438423646,3.070796748041631,0.04106492662471304,1.555930837333172,1
02,83,256,68,0.09780694544315338,4.407224958949097,3.0691424202483613,0.03368514270954722,1.5514137814789541,1
02,84,256,68,0.09793664515018463,4.285714285714286,3.0738565368345845,0.029281078115012762,1.5515688074747986,1
02,85,256,68,0.09815245866775513,4.246305418719213,3.0817005798628787,0.027852732841109736,1.5547766563519942,1
02,86,256,68,0.09815049916505814,4.288998357963876,3.081629359006825,0.02940010688783804,1.5555147329473316,1
02,87,256,68,0.09401179850101471,4.413793103448277,2.9312025161683937,0.033923200255197745,1.4825628582117958,1
02,88,256,68,0.09620970487594604,4.620689655172415,3.0110884861076572,0.04142201294318881,1.526255249525423,1
02,89,256,68,0.09645417332649231,4.9064039408867,3.0199740326050812,0.051777516178986,1.5358757743920337,1
02,90,256,68,0.0958918035030365,5.192118226600986,2.9995339177195035,0.062133019414783185,1.5308334685671434,1
02,91,256,68,0.09784858673810959,5.477832512315271,3.0706559311399286,0.07248852265058037,1.5715722268952546,1
02,92,256,68,0.09802620857954025,5.763546798029557,3.0771118444795174,0.08284402588637756,1.5799779351829475,1
02,93,256,68,0.0989154651761055,6.0492610837438425,3.1094331146445042,0.09319952912217475,1.6013163218833395,1
02,94,256,68,0.09979913383722305,6.334975369458128,3.141551283508959,0.10355503235797194,1.6225531579334656,1
02,95,256,68,0.10019882023334503,6.6206896551724155,3.1560784425317046,0.11391053559376918,1.6349944890627368,1
02,96,256,68,0.09828061610460281,6.906403940886701,3.086358640490155,0.12426603882956637,1.6053123396598605,1
02,97,256,68,0.0996207743883133,7.192118226600987,3.1350685607977,0.13462154206536356,1.6348450514315316,1
02,98,256,68,0.09979485720396042,7.477832512315272,3.141395843313618,0.14497704530116073,1.6431864443073896,1
02,99,256,68,0.10021449625492096,7.763546798029559,3.156648209380131,0.15533254853695797,1.6559903789585446,1
02,100,256,68,0.09988413751125336,8.049261083743843,3.1446408604926575,0.1656880517727551,1.6551644561327064,1
02,101,256,68,0.09828299283981323,8.33497536945813,3.086445026243315,0.17604355500855234,1.6312442906259337,1
02,102,256,75,0.09871149808168411,4.331691297208539,3.1020196463733387,0.030947480934566347,1.5664835636539525,1
02,103,256,75,0.09930334985256195,4.080459770114943,3.1235313237205253,0.021841779813434332,1.57268655176698,1
02,104,256,75,0.10094603896141052,3.911330049261083,3.183237148438893,0.015711798012933667,1.5994744732259132,1
02,105,256,75,0.09833617508411407,3.8243021346469623,3.0883780090209147,0.012557535533064431,1.5504677722769895,1
02,106,256,75,0.0977969691157341,3.819376026272578,3.0687798167264773,0.012378992373826544,1.540579404550152,1
02,107,256,75,0.09696272015571594,3.896551724137931,3.038457875763931,0.01517616853522004,1.5268170221495754,1
02,108,256,75,0.09734413027763367,4.055829228243021,3.0523207581330682,0.0209490640172449,1.5366349110751565,1
02,109,256,75,0.10028881579637527,4.2972085385878485,3.159349456677212,0.02969767881990114,1.5945235677485565,1
02,110,256,78,0.0965508446097374,2.5221674876847295,3.0234876851042913,0.0,1.5117438425521457,1
02,111,256,78,0.09489516168832779,2.5812807881773403,2.9633095821617523,0.0,1.4816547910808762,1
02,112,256,78,0.09595585614442825,2.804597701149425,3.0018620002270726,0.0,1.5009310001135363,1
02,113,256,78,0.0977073535323143,3.192118226600985,3.0655226134694065,0.0,1.5327613067347032,1
02,114,256,78,0.09645725041627884,3.668308702791461,3.020085873721241,0.006903668823864802,1.5134947712725528,1
02,115,256,81,0.09614965319633484,1.8259441707717574,3.0089058241312694,0.0,1.5044529120656347,1
02,116,256,81,0.09646360576152802,2.0738916256157633,3.0203168676003798,0.0,1.5101584338001899,1
02,117,256,81,0.09676817059516907,2.5648604269293918,3.031386700884596,0.0,1.515693350442298,1
02,118,256,81,0.09736057370901108,3.1444991789819374,3.0529184175601016,0.0,1.5264592087800508,1
02,119,256,81,0.09896934032440186,3.7635467980295565,3.1113912819833707,0.010355503235797203,1.560873392609584,1
02,120,256,81,0.09820585697889328,4.382594417077176,3.083641415890766,0.032792426913357785,1.5582169214020618,1
02,121,256,81,0.09854654967784882,5.001642036124794,3.0960243667833574,0.05522935059091835,1.5756268586871378,1
02,122,256,84,0.09952723979949951,3.12807881773399,3.1316689158285222,0.0,1.5658344579142611,1
02,123,256,78,0.10007414221763611,8.9064039408867,3.151546846314226,0.19675456148014664,1.6741507038971863,1
02,124,256,78,0.09941143542528152,9.049261083743842,3.1274598444762893,0.2019323130980452,1.6646960787871672,1
02,125,256,78,0.09934963285923004,9.192118226600984,3.1252135440924014,0.20711006471594381,1.6661618044041726,1
02,126,256,78,0.09826824814081192,9.334975369458126,3.0859091096116433,0.2122878163338424,1.6490984629727428,1
02,127,256,78,0.0991082489490509,9.47783251231527,3.116440109512871,0.21746556795174102,1.666952838732306,1
02,128,256,84,0.0992128849029541,5.532019704433497,3.120243249065773,0.07445249740219706,1.5973478732339852,1
02,129,256,84,0.09832167625427246,5.55008210180624,3.0878510288464667,0.07510715565273597,1.5814790922496014,1
02,130,256,84,0.09913625568151474,5.571428571428571,3.1174580532311396,0.07588084267610012,1.5966694479536199,1
02,131,256,84,0.09955601394176483,5.532019704433497,3.132714752125397,0.07445249740219706,1.6035836247637971,1
02,132,256,84,0.09723982214927673,5.574712643678161,3.048529533856464,0.0759998714489254,1.5622647026526948,1
02,133,256,85,0.0962519571185112,4.957307060755337,3.012624202741416,0.05362246215777744,1.5331233324495965,1
02,134,256,85,0.09641025215387344,5.1034482758620685,3.0183776563828966,0.05891924254850126,1.538648449465699,1
02,135,256,88,0.09429917484521866,3.679802955665024,2.941647609852172,0.007320269528753182,1.4744839396904625,1
02,136,256,88,0.09568667411804199,3.4187192118226597,2.9920782043778273,0.0,1.4960391021889137,1
02,137,256,90,0.09864947199821472,2.786535303776684,3.0997652219374294,0.0,1.5498826109687147,1
02,138,256,90,0.09997650235891342,2.45977011494253,3.1479979895895904,0.0,1.5739989947947952,1
02,139,256,90,0.10152857005596161,2.3957307060755335,3.204410052816791,0.0,1.6022050264083956,1
02,140,256,93,0.09995850175619125,2.042692939244663,3.147343732600142,0.0,1.573671866300071,1
02,141,256,93,0.10018730163574219,1.5369458128078815,3.1556597830508735,0.0,1.5778298915254367,1
02,142,256,93,0.09862416237592697,1.3596059113300478,3.098845308446885,0.0,1.5494226542234426,1
02,143,256,94,0.09905948489904404,0.9408866995073886,3.1146677121635586,0.0,1.5573338560817793,1
02,144,256,94,0.09751594066619873,1.2594417077175686,3.0585654461201037,0.0,1.5292827230600519,1
02,145,256,96,0.09597376734018326,0.9277504105090317,3.0025130075957125,0.0,1.5012565037978562,1
02,146,256,96,0.09857533127069473,1.0788177339901488,3.097070473881966,0.0,1.548535236940983,1
02,147,256,96,0.09683379530906677,1.6929392446633824,3.0337719225580484,0.0,1.5168859612790242,1
02,148,256,96,0.09497490525245667,2.4778325123152705,2.9662079731212163,0.0,1.4831039865606082,1
02,149,256,100,0.09566335380077362,1.026272577996716,2.9912305949502724,0.0,1.4956152974751362,1
02,150,256,96,0.09413675963878632,3.811165845648604,2.9357444028517654,0.012081420441763396,1.4739129116467644,1
02,151,256,96,0.09284970909357071,4.382594417077176,2.88896475730448,0.032792426913357785,1.460878592108919,1
02,152,256,96,0.0941782221198082,4.954022988505747,2.9372514145017155,0.053503433384952157,1.4953774239433337,1
02,153,256,96,0.09560205787420273,5.525451559934318,2.9890027090842994,0.07421443985654654,1.531608574470423,1
02,154,256,96,0.09496581554412842,6.049261083743842,2.9658775950056837,0.09319952912217472,1.5295385620639292,1
02,155,256,96,0.09290211647748947,6.573070607553365,2.8908695767017396,0.1121846183878029,1.5015270975447712,1
02,156,256,100,0.09499355405569077,3.8472906403940885,2.9668857898615264,0.013390736942841208,1.4901382634021838,1
02,157,256,100,0.09460783749818802,4.119868637110016,2.952866384090112,0.02327012508733736,1.4880682545887247,1
02,158,256,103,0.09303987771272659,2.950738916256158,2.8958767007641977,0.0,1.4479383503820988,1
02,159,256,103,0.09270462393760681,2.9852216748768474,2.8836914351374574,0.0,1.4418457175687287,1
02,160,256,103,0.09253870695829391,3.1444991789819374,2.8776609513220506,0.0,1.4388304756610253,1
02,161,256,103,0.09324848651885986,3.32512315270936,2.903458878515672,0.0,1.451729439257836,1
02,162,256,103,0.09224645793437958,3.6272577996715927,2.8670387533042074,0.005415809163549119,1.4362272812338783,1
02,163,256,103,0.09354309737682343,4.011494252873563,2.9141669206832064,0.019342175584103956,1.4667545481336552,1
02,164,256,103,0.094674251973629,4.430213464696223,2.955280310747373,0.03451834411932398,1.4948993274333484,1
02,165,256,111,0.09116694331169128,3.420361247947455,2.8278022900586945,0.0,1.4139011450293473,1
02,166,256,111,0.09577466547489166,2.870279146141216,2.995276372856877,0.0,1.4976381864284385,1
02,167,256,115,0.09509751200675964,5.190476190476192,2.9706642864566306,0.06207350502837058,1.5163688957425006,1
02,168,256,115,0.09551186859607697,4.44991789819376,2.985724654093707,0.03523251675627553,1.5104785854249914,1
02,169,256,117,0.0923447459936142,5.25944170771757,2.8706111697797048,0.06457310925770089,1.4675921395187028,1
02,170,256,121,0.09406310319900513,8.236453201970445,2.933067256909015,0.17247269182379468,1.5527699743664047,1
02,171,256,121,0.09450891613960266,7.128078817733991,2.949270949467221,0.13230048099527106,1.540785715231246,1
02,172,256,121,0.09301148355007172,6.101806239737273,2.8948446753557593,0.09510398948737879,1.494974332421569,1
02,173,256,127,0.0955124944448471,10.379310344827587,2.9857474014393666,0.2501389660922736,1.61794318376582,0
02,174,256,127,0.0958162173628807,8.985221674876849,2.996786634127636,0.19961125202795282,1.5981989430777943,0
02,175,256,131,0.0937894880771637,11.236453201970445,2.923122334028014,0.2812054757996652,1.6021639049138396,0
02,176,256,131,0.09500119835138321,9.651888341543517,2.9671636324406547,0.22377409291147965,1.5954688626760671,0
02,177,256,131,0.09462800621986389,8.339901477832514,2.953599444384167,0.17622209816779022,1.5649107712759784,0
02,178,256,131,0.09667950123548508,7.139573070607552,3.0281638894477485,0.1327170817001594,1.580440485573954,0
02,179,256,131,0.09722329676151276,6.246305418719211,3.0479288956103563,0.10034125549169001,1.574135075551023,0
02,180,256,131,0.09793034195899963,5.487684729064038,3.073627438567584,0.07284560896905608,1.5732365237683201,0
02,181,256,131,0.0956152081489563,4.8111658456486035,2.9894806741448856,0.04832568176705355,1.5189031779559696,0
02,182,256,133,0.09887492656707764,4.541871921182266,3.1079596824095757,0.03856532239538266,1.5732625024024791,0
02,183,256,144,0.09846554696559906,12.236453201970443,3.0930802103308404,0.3174497371249553,1.7052649737278978,0
02,184,256,144,0.0976950004696846,10.366174055829228,3.065073624194363,0.24966285100097255,1.6573682375976677,0
02,185,256,143,0.0949815958738327,7.816091954022987,2.966451153078387,0.1572370089021619,1.5618440809902745,0
02,186,256,143,0.09678036719560623,6.538587848932674,3.0318300033232246,0.11093481627313766,1.5713824097981812,0
02,187,256,144,0.09580429643392563,5.927750410509028,2.9963533513531666,0.0887954645276402,1.5425744079404033,0
02,188,256,144,0.09560294449329376,4.944170771756977,2.9890349344906504,0.053146347066476356,1.5210906407785634,0
02,189,256,144,0.09671194851398468,4.05582922824302,3.0293432309995065,0.02094906401724487,1.5251461475083756,0
02,190,256,144,0.09594494849443436,3.3448275862068964,3.0014655464884337,0.0,1.5007327732442168,0
02,191,256,148,0.0956694558262825,4.436781609195404,2.9914523815704537,0.03475640166497457,1.513104391617714,0
02,192,256,148,0.0975949689745903,3.5254515599343215,3.0614378401130993,0.0017259172059663212,1.5315818786595328,0
02,193,256,150,0.09458686411380768,3.701149425287356,2.9521040772087805,0.008093956552117351,1.4800990168804489,0
02,194,256,150,0.09378083050251007,2.9835796387520515,2.9228076624130557,0.0,1.4614038312065278,0
02,195,256,151,0.09361150860786438,2.771756978653527,2.916653422205191,0.0,1.4583267111025955,0
02,196,256,151,0.09233123064041138,2.5550082101806204,2.870119935434151,0.0,1.4350599677170754,0
02,197,256,151,0.09362070262432098,2.5779967159277466,2.916987591545,0.0,1.4584937957725,0
02,198,256,151,0.0943327322602272,2.7651888341543494,2.9428673008623027,0.0,1.4714336504311514,0
02,199,256,151,0.09308283776044846,3.1165845648604265,2.8974381435626904,0.0,1.4487190717813452,0
02,200,256,157,0.09053178876638412,3.2315270935960605,2.8047167130332493,0.0,1.4023583565166247,0
02,201,256,157,0.09034057706594467,2.239737274220033,2.7977668573307657,0.0,1.3988834286653828,0
02,202,256,157,0.09184876084327698,1.5139573070607557,2.852583898344452,0.0,1.426291949172226,0
02,203,256,157,0.09135071188211441,1.3694581280788178,2.834481614828869,0.0,1.4172408074144345,0
02,204,256,157,0.09044194966554642,1.5747126436781589,2.8014513857241568,0.0,1.4007256928620784,0
02,205,256,157,0.09046769142150879,1.9441707717569767,2.8023870057152758,0.0,1.4011935028576379,0
02,206,256,157,0.09008924663066864,2.525451559934319,2.788631902436288,0.0,1.394315951218144,0
02,207,256,157,0.0899215042591095,3.1921182266009858,2.78253507219604,0.0,1.39126753609802,0
02,208,256,157,0.09202399104833603,3.811165845648605,2.858952884327413,0.012081420441763427,1.4355171523845882,0
02,209,256,163,0.0925716757774353,1.671592775041052,2.8788592489951914,0.0,1.4394296244975957,0
02,210,256,163,0.08876771479845047,1.476190476190479,2.740598986463851,0.0,1.3702994932319255,0
02,211,256,163,0.09098068624734879,1.5665024630541888,2.8210325175093494,0.0,1.4105162587546747,0
02,212,256,163,0.09217364341020584,1.7980295566502464,2.864392207957404,0.0,1.432196103978702,0
02,213,256,163,0.09258440136909485,2.193760262725778,2.879321778356937,0.0,1.4396608891784686,0
02,214,256,163,0.09147929400205612,2.6518883415435135,2.839155111154986,0.0,1.419577555577493,0
02,215,256,175,0.09079870581626892,8.236453201970443,2.8144181851553456,0.1724726918237946,1.4934454384895701,0
02,216,256,175,0.09251090884208679,7.175697865353037,2.8766505900523356,0.13402639820123718,1.5053384941267864,0
02,217,256,175,0.09180435538291931,6.197044334975368,2.850969920009555,0.09855582389931118,1.474762871954433,0
02,218,256,175,0.0912008136510849,5.300492610837436,2.8290333547416546,0.0660609689180165,1.4475471618298354,0
02,219,256,175,0.09486997127532959,4.486042692939241,2.9623940014989527,0.036541833257353204,1.4994679173781529,0
02,220,256,175,0.09181942045688629,3.7536945812807865,2.85151748111579,0.009998416917321382,1.4307579490165558,0
02,221,256,175,0.09144449234008789,3.3891625615763536,2.83789019625527,0.0,1.418945098127635,0
02,222,256,175,0.09308624267578125,3.106732348111658,2.8975618999551482,0.0,1.4487809499775741,0
02,223,256,175,0.0947684496641159,2.912972085385878,2.9587040570708805,0.0,1.4793520285354402,0
02,224,256,175,0.09463591873645782,2.8834154351395735,2.953887035825721,0.0,1.4769435179128605,0
02,225,256,175,0.09019455313682556,3.0180623973727436,2.7924594141452537,0.0,1.3962297070726268,0
02,226,256,175,0.09270316362380981,3.3169129720853876,2.8836383579975853,0.0,1.4418191789987926,0
02,227,256,187,0.09164097905158997,7.9507389162561575,2.8450317795854563,0.16211718858799742,1.503574484086727,0
02,228,256,187,0.09142260253429413,6.604269293924466,2.8370945807606516,0.11331539172964282,1.4752049862451473,0
02,229,256,187,0.09124144911766052,5.346469622331689,2.830510307399126,0.06772737173757008,1.449118839568348,0
02,230,256,187,0.09192700684070587,4.538587848932674,2.855427858155373,0.03844629362255732,1.4469370758889653,0
02,231,256,187,0.0917593389749527,3.894909688013134,2.8493337359324657,0.015116654148807336,1.4322251950406366,0
02,232,256,187,0.0927548035979271,3.4154351395730704,2.8855152848162384,0.0,1.4427576424081192,0
02,233,256,187,0.09140996634960175,3.1001642036124806,2.8366353010197143,0.0,1.4183176505098571,0
02,234,256,187,0.09200870990753174,2.949096880131365,2.8583974699708903,0.0,1.4291987349854451,0
02,235,256,187,0.0927959531545639,2.962233169129723,2.8870109227933587,0.0,1.4435054613966793,0
02,236,256,187,0.0925280973315239,3.1297208538587875,2.877275329652773,0.0,1.4386376648263866,0
02,237,256,187,0.09042610973119736,3.3793103448275885,2.800875661237581,0.0,1.4004378306187906,0
02,238,256,187,0.0908510759472847,3.711001642036127,2.8163216505439346,0.008451042870593204,1.412386346707264,0
03,35,409,34,0.09783878177404404,3.3694581280788185,3.0702995560579276,0.0,1.5351497780289638,0
03,36,409,34,0.10279076546430588,2.6190476190476195,3.2502863037793084,0.0,1.6251431518896542,0
03,37,409,34,0.0997578576207161,2.032840722495895,3.14005104190236,0.0,1.57002552095118,0
03,38,409,42,0.10141053795814514,7.90311986863711,3.2001200117460793,0.16039127138203124,1.6802556415640553,0
03,39,409,42,0.0981176495552063,6.794745484400656,3.080435394161429,0.12021906055350762,1.6003272273574682,0
03,40,409,42,0.09860937297344208,5.76847290640394,3.098307767004809,0.08302256904561542,1.5906651680252122,0
03,41,409,42,0.09977507591247559,4.824302134646961,3.1406768647097336,0.048801796858354535,1.594739330784044,0
03,42,409,42,0.09670061618089676,3.96223316912972,3.0289313415620267,0.017556743991725104,1.5232440427768759,0
03,43,409,42,0.09544544667005539,3.1822660098522157,2.983310456634712,0.0,1.491655228317356,0
03,44,409,42,0.0974116250872612,2.686371100164202,3.0547739510417653,0.0,1.5273869755208827,0
03,45,409,42,0.09610859304666519,2.4170771756978646,3.0074134357749576,0.0,1.5037067178874788,0
03,46,409,42,0.09463579952716827,2.3940886699507384,2.953882702997976,0.0,1.476941351498988,0
03,47,409,42,0.09650199860334396,2.6174055829228244,3.0217123089359044,0.0,1.5108561544679522,0
03,48,409,42,0.09476479887962341,3.218390804597701,2.9585713642211995,0.0,1.4792856821105997,0
03,49,409,42,0.0979597344994545,3.783251231527094,3.074695751408384,0.01106967587274875,1.5428827136405665,0
03,50,409,42,0.09656459838151932,4.430213464696223,3.023987585105335,0.03451834411932398,1.5292529646123294,0
03,51,409,42,0.09755054861307144,5.09688013136289,3.059823320174734,0.05868118500285077,1.5592522525887924,0
03,52,409,42,0.09818415343761444,5.763546798029556,3.0828525704394982,0.08284402588637753,1.582848298162938,0
03,53,409,48,0.09809795767068863,2.7027914614121533,3.079719665178353,0.0,1.5398598325891766,0
03,54,409,48,0.09780624508857727,2.8834154351395744,3.069116964885361,0.0,1.5345584824426806,0
03,55,409,48,0.09758971631526947,3.1428571428571437,3.061246924890599,0.0,1.5306234624452995,0
03,56,409,48,0.09708509594202042,3.48440065681445,3.04290579424559,0.00023805754565052594,1.5215719258956202,0
03,57,409,50,0.09800703078508377,2.83415435139573,3.07641480081609,0.0,1.538207400408045,0
03,58,409,50,0.09730563312768936,3.136288998357963,3.0509215255732673,0.0,1.5254607627866337,0
03,59,409,50,0.09643199294805527,3.221674876847289,3.0191678558428348,0.0,1.5095839279214174,0
03,60,409,50,0.09551583230495453,3.4154351395730695,2.9858687206162178,0.0,1.4929343603081089,0
03,61,409,50,0.09698538482189178,3.6912972085385873,3.03928165463889,0.007736870233641578,1.5235092624362658,0
03,62,409,50,0.09598589688539505,4.049261083743842,3.002953872818735,0.020711006471594375,1.5118324396451646,0
03,63,409,62,0.09883284568786621,6.998357963875206,3.1064301942157,0.12759884446867348,1.6170145193421868,0
03,64,409,62,0.09767147898674011,6.128078817733989,3.0642187031199883,0.09605621966998083,1.5801374613949846,0
03,65,409,62,0.0981212928891182,5.339901477832512,3.080567816209376,0.06748931419191961,1.5740285652006478,1
03,66,409,62,0.10067426413297653,4.633825944170771,3.1733591135862005,0.041898128034489765,1.6076286208103452,1
03,67,409,62,0.0968518853187561,4.009852216748767,3.034429429168305,0.019282661197691283,1.5268560451829982,1
03,68,409,62,0.09906726330518723,3.4679802955665013,3.1149504291739,0.0,1.55747521458695,1
03,69,409,62,0.09783215075731277,3.0082101806239723,3.070058542514629,0.0,1.5350292712573146,1
03,70,409,62,0.10012871772050858,2.6929392446633824,3.153530469016092,0.0,1.576765234508046,1
03,71,409,62,0.10118776559829712,2.548440065681446,3.192023039898189,0.0,1.5960115199490945,1
03,72,409,62,0.0986751988530159,2.65024630541872,3.1007003003250806,0.0,1.5503501501625403,1
03,73,409,62,0.09862357378005981,2.9983579638752054,3.0988239151098957,0.0,1.5494119575549479,1
03,74,409,62,0.09630505740642548,3.425287356321839,3.0145542066999416,0.0,1.5072771033499708,1
03,75,409,62,0.09936057031154633,3.9343185550082094,3.125611081037977,0.016544999422710444,1.5710780402303437,1
03,76,409,62,0.10068213939666748,4.525451559934318,3.173645351019084,0.037970178531256366,1.6058077647751703,1
03,77,409,62,0.09799493104219437,5.192118226600985,3.0759750188000043,0.06213301941478316,1.5690540191073938,1
03,78,409,62,0.0974142774939537,5.763546798029556,3.0548703564590847,0.08284402588637753,1.5688571911727311,1
03,79,409,68,0.09612815082073212,3.106732348111658,3.008124290326821,0.0,1.5040621451634104,1
03,80,409,68,0.09686164557933807,3.155993431855501,3.0347841794399013,0.0,1.5173920897199507,1
03,81,409,68,0.09598002582788467,3.3694581280788176,3.002740481052309,0.0,1.5013702405261544,1
03,82,409,68,0.09406226873397827,3.7471264367816097,2.933036927114802,0.009760359371670952,1.4713986432432364,1
03,83,409,68,0.09519392251968384,4.288998357963876,2.974168460895149,0.02940010688783804,1.5017842838914934,1
03,84,409,68,0.09651835262775421,4.413793103448277,3.022306718742129,0.033923200255197745,1.5281149594986634,1
03,85,409,68,0.09771443903446198,4.620689655172415,3.0657801459184815,0.04142201294318881,1.5536010794308353,1
03,86,409,68,0.09801757335662842,4.9064039408867,3.0767979852697613,0.051777516178986,1.5642877507243738,1
03,87,409,68,0.09579577296972275,5.192118226600986,2.9960435541694213,0.062133019414783185,1.5290882867921023,1
03,88,409,68,0.0949622243642807,5.477832512315271,2.965747068569875,0.07248852265058037,1.5191177956102278,1
03,89,409,68,0.09546180069446564,5.763546798029557,2.9839048664409367,0.08284402588637756,1.5333744461636571,1
03,90,409,68,0.09577333182096481,6.0492610837438425,2.9952278993464834,0.09319952912217475,1.544213714234329,1
03,91,409,68,0.0937964916229248,6.334975369458128,2.9233768876580144,0.10355503235797194,1.5134659600079932,1
03,92,409,68,0.0960083156824112,6.6206896551724155,3.0037687152364705,0.11391053559376918,1.5588396254151198,1
03,93,409,68,0.09599076211452484,6.906403940886701,3.003130706351065,0.12426603882956637,1.5636983725903155,1
03,94,409,68,0.09680023789405823,7.192118226600987,3.0325522315479176,0.13462154206536356,1.5835868868066405,1
03,95,409,68,0.09919280558824539,7.477832512315272,3.119513438392527,0.14497704530116073,1.632245241846844,1
03,96,409,68,0.09744001179933548,7.763546798029559,3.0558057056484698,0.15533254853695797,1.605569127092714,1
03,97,409,72,0.09974952787160873,4.942528735632184,3.1397482855637,0.05308683268006378,1.5964175591218819,1
03,98,409,75,0.09807460755109787,3.8555008210180626,3.0788709725438617,0.013688308874904357,1.546279640709383,1
03,99,409,75,0.09731297194957733,3.889983579638752,3.0511882652813,0.01493811098956953,1.5330631881354346,1
03,100,409,75,0.09810660779476166,3.720853858784893,3.080034065991577,0.008808129189068882,1.544421097590323,1
03,101,409,75,0.09825792163610458,3.676518883415435,3.0855337784082595,0.0072012407559279516,1.5463675095820937,1
03,102,409,75,0.09844513982534409,3.7536945812807883,3.092338484381296,0.009998416917321446,1.5511684506493089,1
03,103,409,75,0.0977180004119873,3.9129720853858783,3.065909589147354,0.015771312399346305,1.5408404507733502,1
03,104,409,75,0.0961805060505867,4.154351395730705,3.010027214111942,0.024519927202002533,1.5172735706569722,1
03,105,409,75,0.09683428704738617,4.4778325123152705,3.033789795472495,0.03624426132529017,1.5350170283988926,1
03,106,409,75,0.09810435771942139,4.811165845648604,3.079952283867896,0.04832568176705358,1.5641389828174748,1
03,107,409,82,0.09791538864374161,2.336617405582924,3.0730839394873595,0.0,1.5365419697436797,1
03,108,409,82,0.09470603615045547,1.9064039408867006,2.956435550944801,0.0,1.4782177754724004,1
03,109,409,82,0.09565377235412598,1.673234811165845,2.9908823439202927,0.0,1.4954411719601464,1
03,110,409,82,0.09454507380723953,1.653530377668309,2.9505851502825324,0.0,1.4752925751412662,1
03,111,409,82,0.09808593988418579,1.798029556650247,3.0792828619813415,0.0,1.5396414309906707,1
03,112,409,81,0.09770128130912781,2.8423645320197046,3.0653019100561614,0.0,1.5326509550280807,1
03,113,409,81,0.09686160087585449,3.3825944170771756,3.0347825546294973,0.0,1.5173912773147487,1
03,114,409,81,0.09677911549806595,4.001642036124794,3.0317845086319055,0.018985089265628183,1.5253847989487668,1
03,115,409,82,0.09470145404338837,3.6814449917898195,2.9562690078783644,0.007379783915165838,1.4818243958967652,1
03,116,409,82,0.09613770991563797,4.334975369458128,3.008471728951598,0.031066509707391592,1.5197691193294947,1
03,117,409,84,0.09481610357761383,3.270935960591133,2.9604361049618206,0.0,1.4802180524809103,1
03,118,409,84,0.09723436832427979,3.6945812807881775,3.0483313069871447,0.007855899006466858,1.5280936029968057,1
03,119,409,82,0.09538032114505768,6.001642036124794,2.980943378677441,0.09147361191620852,1.5362084952968247,1
03,120,409,84,0.09478751569986343,4.538587848932677,2.959397038708297,0.038446293622557415,1.4989216661654272,1
03,121,409,84,0.09568104147911072,4.885057471264368,2.9918734782668905,0.051003829155621815,1.521438653711256,1
03,122,409,84,0.09703674912452698,5.28735632183908,3.041148561793384,0.06558485382671554,1.5533667078100497,1
03,123,409,84,0.0984245240688324,5.715927750410509,3.0915891759831986,0.08111810868041133,1.586353642331805,1
03,124,409,84,0.09561827033758163,6.1444991789819365,2.989591973657577,0.0966513635341071,1.5431216685958422,1
03,125,409,84,0.09904004633426666,6.573070607553365,3.11396119043944,0.1121846183878029,1.6130729044136214,1
03,126,409,84,0.1002645418047905,7.001642036124794,3.1584671846276993,0.1277178732414987,1.643092528934599,1
03,127,409,84,0.10000450164079666,7.430213464696222,3.149015662506125,0.14325112809519447,1.6461333953006596,1
03,128,409,84,0.09618289768695831,7.525451559934318,3.01011414146857,0.14670296250712686,1.5784085519878484,1
03,129,409,84,0.09822774678468704,7.620689655172413,3.084437031385385,0.15015479691905925,1.617295914152222,1
03,130,409,84,0.09628386795520782,7.715927750410508,3.0137840465683228,0.15360663133099164,1.5836953389496573,1
03,131,409,84,0.0977964922785759,7.8111658456486035,3.068762485415499,0.15705846574292406,1.6129104755792114,1
03,132,409,84,0.09840493649244308,7.906403940886698,3.090877238224399,0.16051030015485646,1.6256937691896278,1
03,133,409,84,0.09955061227083206,8.049261083743842,3.1325184208682155,0.16568805177275506,1.6491032363204854,1
03,134,409,84,0.10226977616548538,8.192118226600984,3.2313502217246066,0.17086580339065363,1.7011080125576301,1
03,135,409,84,0.09919338673353195,8.334975369458126,3.1195345609277823,0.1760435550085522,1.6477890579681673,1
03,136,409,84,0.09892137348651886,8.430213464696223,3.1096478604196007,0.17949538942048465,1.6445716249200426,1
03,137,409,84,0.10230912268161774,8.525451559934318,3.2327803256820884,0.18294722383241704,1.7078637747572527,1
03,138,409,84,0.09925556182861328,8.525451559934318,3.1217944013983723,0.18294722383241704,1.6523708126153946,1
03,139,409,84,0.09841710329055786,8.525451559934318,3.0913194574560916,0.18294722383241704,1.6371333406442543,1
03,140,409,84,0.10213135927915573,8.620689655172413,3.226319267109553,0.18639905824434944,1.7063591626769512,1
03,141,409,84,0.10000172257423401,8.620689655172413,3.1489146534593266,0.18639905824434944,1.667656855851838,1
03,142,409,84,0.09865771234035492,8.620689655172413,3.100064728655281,0.18639905824434944,1.6432318934498154,1
03,143,409,84,0.0979517325758934,8.620689655172413,3.074404910346022,0.18639905824434944,1.6304019842951858,1
03,144,409,84,0.09831519424915314,8.620689655172413,3.0876154313378494,0.18639905824434944,1.6370072447910995,1
03,145,409,84,0.096685990691185,8.620689655172413,3.0283997577581,0.18639905824434944,1.6073994080012248,1
03,146,409,84,0.09829822927713394,8.620689655172413,3.0869988157894332,0.18639905824434944,1.6366989370168914,1
03,147,409,84,0.09733555465936661,8.620689655172413,3.0520090653371845,0.18639905824434944,1.619204061790767,1
03,148,409,84,0.09834352135658264,8.620689655172413,3.0886450195306816,0.18639905824434944,1.6375220388875156,1
03,149,409,84,0.0990605279803276,8.620689655172413,3.1147056244063247,0.18639905824434944,1.6505523413253371,1
03,150,409,84,0.09708410501480103,8.620689655172413,3.0428697776149622,0.18639905824434944,1.614634417929656,1
03,151,409,84,0.09781457483768463,8.620689655172413,3.0694197212240213,0.18639905824434944,1.6279093897341854,1
03,152,409,84,0.09790460765361786,8.620689655172413,3.072692089378199,0.18639905824434944,1.6295455738112743,1
03,153,409,84,0.09584588557481766,8.620689655172413,2.9978649666325956,0.18639905824434944,1.5921320124384726,1
03,154,409,84,0.09760645031929016,8.620689655172413,3.06185514558526,0.18639905824434944,1.6241271019148047,1
03,155,409,84,0.09824533760547638,8.620689655172413,3.0850763942794606,0.18639905824434944,1.635737726261905,1
03,156,409,84,0.0978476032614708,8.620689655172413,3.070620185311035,0.18639905824434944,1.6285096217776922,1
03,157,409,84,0.0977482721209526,8.620689655172413,3.0670098565927715,0.18639905824434944,1.6267044574185605,1
03,158,409,84,0.09761964529752731,8.620689655172413,3.0623347354562505,0.18639905824434944,1.6243668968503,1
03,159,409,84,0.0958191379904747,8.620689655172413,2.9968927884073806,0.18639905824434944,1.591645923325865,1
03,160,409,84,0.09568420797586441,8.620689655172413,2.9919885690038592,0.18639905824434944,1.5891938136241044,1
03,161,409,84,0.09706053137779236,8.620689655172413,3.0420129609284494,0.18639905824434944,1.6142060095863995,1
03,162,409,84,0.09683424234390259,8.620689655172413,3.0337881706620906,0.18639905824434944,1.61009361445322,1
03,163,409,84,0.0979980006814003,8.620689655172413,3.07608658911443,0.18639905824434944,1.6312428236793897,1
03,164,409,84,0.09697262197732925,8.620689655172413,3.0388177712684743,0.18639905824434944,1.612608414756412,1
03,165,409,84,0.0963553786277771,8.620689655172413,3.016383201611669,0.18639905824434944,1.6013911299280092,1
03,166,409,84,0.09810015559196472,8.620689655172413,3.0797995516898955,0.18639905824434944,1.6330993049671225,1
03,167,409,84,0.09981343895196915,8.620689655172413,3.142071222838322,0.18639905824434944,1.6642351405413358,1
03,168,409,84,0.09693887084722519,8.620689655172413,3.037591039413259,0.18639905824434944,1.6119950488288042,1
03,169,409,84,0.09787376970052719,8.620689655172413,3.0715712410009943,0.18639905824434944,1.628985149622672,1
03,170,409,84,0.0970175489783287,8.620689655172413,3.0404507057247545,0.18639905824434944,1.613424881984552,1
03,171,409,84,0.09695673733949661,8.620689655172413,3.0382404219714942,0.18639905824434944,1.612319740107922,1
03,172,409,84,0.09922190010547638,8.620689655172413,3.1205709191639657,0.18639905824434944,1.6534849887041576,1
03,173,409,84,0.09665768593549728,8.620689655172413,3.02737098197047,0.18639905824434944,1.6068850201074099,1
03,174,409,84,0.09664837270975113,8.620689655172413,3.0270324798029162,0.18639905824434944,1.606715769023633,1
03,175,409,84,0.09820418804883957,8.620689655172413,3.0835807563023403,0.18639905824434944,1.634989907273345,1
03,176,409,84,0.09771014004945755,8.620689655172413,3.0656238933179383,0.18639905824434944,1.626011475781144,1
03,177,409,84,0.09720222651958466,8.620689655172413,3.0471630683064825,0.18639905824434944,1.616781063275416,1
03,178,409,84,0.0968095138669014,8.620689655172413,3.0328893797068015,0.18639905824434944,1.6096442189755755,1
03,179,409,84,0.09574887901544571,8.620689655172413,2.9943391280553535,0.18639905824434944,1.5903690931498515,1
03,180,409,84,0.09447730332612991,8.620689655172413,2.948121937709676,0.18639905824434944,1.5672604979770128,1
03,181,409,84,0.09709842503070831,8.620689655172413,3.043390258547793,0.18639905824434944,1.6148946583960713,1
03,182,409,84,0.09694645553827286,8.620689655172413,3.037866715578515,0.18639905824434944,1.6121328869114322,1
03,183,409,84,0.0988166481256485,8.620689655172413,3.10584147124589,0.18639905824434944,1.6461202647451199,1
03,184,409,84,0.09837270528078079,8.620689655172413,3.0897057499229286,0.18639905824434944,1.638052404083639,1
03,185,409,84,0.09908235818147659,8.620689655172413,3.1154990734870713,0.18639905824434944,1.6509490658657104,1
03,186,409,84,0.09650920331478119,8.620689655172413,3.021974174212724,0.18639905824434944,1.6041866162285368,1
03,187,409,84,0.09706003963947296,8.620689655172413,3.0419950880140028,0.18639905824434944,1.6141970731291762,1
03,188,409,84,0.09903731197118759,8.620689655172413,3.113861806203046,0.18639905824434944,1.6501304322236978,1
03,189,409,84,0.09918805211782455,8.620689655172413,3.1193406668862074,0.18639905824434944,1.6528698625652785,1
03,190,409,84,0.09999626129865646,8.620689655172413,3.1487161557882732,0.18639905824434944,1.6675576070163114,1
03,191,409,84,0.09977942705154419,8.620689655172413,3.140835012922415,0.18639905824434944,1.6636170355833824,1
03,192,409,84,0.09787880629301071,8.620689655172413,3.0717543029732073,0.18639905824434944,1.6290766806087784,1
03,193,409,84,0.09867212921380997,8.620689655172413,3.1005887300106547,0.18639905824434944,1.6434938941275021,1
03,194,409,84,0.10040975362062454,8.620689655172413,3.1637451104242,0.18639905824434944,1.6750720843342748,1
03,195,409,84,0.09614081680774689,8.620689655172413,3.008584653274694,0.18639905824434944,1.5974918557595217,1
03,196,409,84,0.09853663295507431,8.620689655172413,3.095663929675346,0.18639905824434944,1.6410314939598478,1
03,197,409,84,0.0993790552020073,8.620689655172413,3.126282940140138,0.18639905824434944,1.6563409991922438,1
03,198,409,84,0.09802623093128204,8.620689655172413,3.0771126568847196,0.18639905824434944,1.6317558575645346,1
03,199,409,84,0.09709005057811737,8.620689655172413,3.0430858773987284,0.18639905824434944,1.614742467821539,1
03,200,409,84,0.09492471814155579,8.620689655172413,2.964383852640702,0.18639905824434944,1.5753914554425257,1
03,201,409,84,0.0956297367811203,8.620689655172413,2.9900087375262694,0.18639905824434944,1.5882038978853095,1
03,202,409,84,0.09686779975891113,8.620689655172413,3.0350078616722214,0.18639905824434944,1.6107034599582855,1
03,203,409,84,0.09768717736005783,8.620689655172413,3.0647892823736176,0.18639905824434944,1.6255941703089836,1
03,204,409,84,0.09843303263187408,8.620689655172413,3.091898431563476,0.18639905824434944,1.6391487449039128,1
03,205,409,84,0.09626453369855881,8.620689655172413,3.013081316068481,0.18639905824434944,1.5997401871564152,1
03,206,409,84,0.09646790474653244,8.620689655172413,3.0204731202009225,0.18639905824434944,1.603436089222636,1
03,207,409,84,0.09833880513906479,8.620689655172413,3.088473602033032,0.18639905824434944,1.6374363301386907,1
03,208,409,84,0.0983860045671463,8.620689655172413,3.0901891310181955,0.18639905824434944,1.6382940946312725,1
03,209,409,84,0.09817156940698624,8.620689655172413,3.0823951863106993,0.18639905824434944,1.6343971222775244,1
03,210,409,84,0.09650766104459763,8.620689655172413,3.021918118253777,0.18639905824434944,1.6041585882490632,1
03,211,409,84,0.09667988121509552,8.620689655172413,3.0281777003361845,0.18639905824434944,1.607288379290267,1
03,212,409,84,0.09681003540754318,8.620689655172413,3.0329083358281848,0.18639905824434944,1.6096536970362672,1
03,213,409,84,0.0972125232219696,8.620689655172413,3.04753731630293,0.18639905824434944,1.6169681872736397,1
03,214,409,84,0.09878391772508621,8.620689655172413,3.1046518392282385,0.18639905824434944,1.645525448736294,1
03,215,409,84,0.09691030532121658,8.620689655172413,3.0365527855649375,0.18639905824434944,1.6114759219046435,1
03,216,409,84,0.09579727053642273,8.620689655172413,2.996097985317964,0.18639905824434944,1.5912485217811567,1
03,217,409,84,0.0999976173043251,8.620689655172413,3.148765441703869,0.18639905824434944,1.6675822499741093,1
03,218,409,84,0.09660093486309052,8.620689655172413,3.0253082851622635,0.18639905824434944,1.6058536717033065,1
03,219,409,84,0.09761441498994827,8.620689655172413,3.062144632638952,0.18639905824434944,1.6242718454416507,1
03,220,409,84,0.09732647240161896,8.620689655172413,3.051678958023386,0.18639905824434944,1.6190390081338677,1
03,221,409,84,0.09716162830591202,8.620689655172413,3.0456874696576812,0.18639905824434944,1.6160432639510154,1
03,222,409,84,0.09977284073829651,8.620689655172413,3.1405956241895208,0.18639905824434944,1.6634973412169352,1
03,223,409,84,0.09982577711343765,8.620689655172413,3.1425196705098974,0.18639905824434944,1.6644593643771235,1
03,224,409,84,0.09874895960092545,8.620689655172413,3.103381237492108,0.18639905824434944,1.6448901478682287,1
03,225,409,84,0.09843863546848297,8.620689655172413,3.0921020744674763,0.18639905824434944,1.639250566355913,1
03,226,409,84,0.0987359955906868,8.620689655172413,3.102910042474873,0.18639905824434944,1.6446545503596113,1
03,227,409,84,0.09884990006685257,8.620689655172413,3.1070500593849246,0.18639905824434944,1.646724558814637,1
03,228,409,84,0.09782679378986359,8.620689655172413,3.069863836067852,0.18639905824434944,1.6281314471561008,1
03,229,409,84,0.09828133881092072,8.620689655172413,3.086384908258357,0.18639905824434944,1.6363919832513534,1
03,230,409,84,0.09604603797197342,8.620689655172413,3.005139784415931,0.18639905824434944,1.5957694213301403,1
03,231,409,84,0.09942872822284698,8.620689655172413,3.1280883753010036,0.18639905824434944,1.6572437167726766,1
03,232,409,84,0.09931401908397675,8.620689655172413,3.123919111803675,0.18639905824434944,1.6551590850240123,1
03,233,409,84,0.10108891129493713,8.620689655172413,3.1884300424909044,0.18639905824434944,1.687414550367627,1
03,234,409,84,0.0993402898311615,8.620689655172413,3.1248739587179113,0.18639905824434944,1.6556365084811304,1
03,235,409,84,0.0985674113035202,8.620689655172413,3.096782611638678,0.18639905824434944,1.6415908349415138,1
03,236,409,84,0.09693555533885956,8.620689655172413,3.03747053264161,0.18639905824434944,1.6119347954429797,1
03,237,409,84,0.09871577471494675,8.620689655172413,3.1021750865686797,0.18639905824434944,1.6442870724065146,1
03,238,409,84,0.0968855619430542,8.620689655172413,3.03565345300618,0.18639905824434944,1.6110262556252648,1
03,239,409,84,0.09967464953660965,8.620689655172413,3.1370267281365662,0.18639905824434944,1.661712893190458,1
03,240,409,84,0.09784119576215744,8.620689655172413,3.070387295819758,0.18639905824434944,1.6283931770320537,1
03,241,409,84,0.1006232351064682,8.620689655172413,3.171504392509739,0.18639905824434944,1.6789517253770443,1
03,242,409,84,0.09752463549375534,8.620689655172413,3.058881471743732,0.18639905824434944,1.6226402649940408,1
03,243,409,84,0.09716828167438507,8.620689655172413,3.045929295606182,0.18639905824434944,1.6161641769252657,1
03,244,409,84,0.09919286519289017,8.620689655172413,3.1195156048063994,0.18639905824434944,1.6529573315253745,1
03,245,409,84,0.10168401896953583,8.620689655172413,3.2100600601958673,0.18639905824434944,1.6982295592201084,1
03,246,409,84,0.0975627526640892,8.620689655172413,3.0602668934150965,0.18639905824434944,1.623332975829723,1
03,247,409,84,0.09816452860832214,8.620689655172413,3.0821392786720287,0.18639905824434944,1.6342691684581891,1
03,248,409,84,0.09801117330789566,8.620689655172413,3.076565366580218,0.18639905824434944,1.6314822124122839,1
03,249,409,84,0.09764052927494049,8.620689655172413,3.0630937927167734,0.18639905824434944,1.6247464254805615,1
03,250,409,84,0.09621036052703857,8.620689655172413,3.011112316660253,0.18639905824434944,1.5987556874523012,1
03,251,409,84,0.09661775082349777,8.620689655172413,3.025919484675999,0.18639905824434944,1.6061592714601742,1
03,252,409,84,0.0978848859667778,8.620689655172413,3.0719752771881867,0.18639905824434944,1.6291871677162681,1
03,253,409,84,0.09806573390960693,8.620689655172413,3.0785484476786165,0.18639905824434944,1.632473752961483,1
03,254,409,84,0.09314744919538498,8.620689655172413,2.899786536200313,0.18639905824434944,1.5430927972223312,1
03,255,409,84,0.09548290073871613,8.620689655172413,2.984671776951747,0.18639905824434944,1.5855354175980483,1
03,256,409,84,0.09829550981521606,8.620689655172413,3.086899973156507,0.18639905824434944,1.6366495157004284,1
03,257,409,84,0.09817136079072952,8.620689655172413,3.0823876038621463,0.18639905824434944,1.634393331053248,1
03,258,409,84,0.09702398627996445,8.620689655172413,3.0406846784229677,0.18639905824434944,1.6135418683336586,1
03,259,409,84,0.09727853536605835,8.620689655172413,3.0499366196665525,0.18639905824434944,1.618167838955451,1
03,260,409,84,0.09586729109287262,8.620689655172413,2.998642980014502,0.18639905824434944,1.5925210191294257,0
03,261,409,84,0.10008430480957031,8.620689655172413,3.1519162198794612,0.18639905824434944,1.6691576390619054,0
03,262,409,84,0.09772194921970367,8.620689655172413,3.066053114066397,0.18639905824434944,1.6262260861553732,0
03,263,409,84,0.09881683439016342,8.620689655172413,3.105848241289241,0.18639905824434944,1.6461236497667953,0
03,264,409,84,0.09710650146007538,8.620689655172413,3.0436838076274957,0.18639905824434944,1.6150414329359226,0
03,265,409,84,0.09969118982553482,8.620689655172413,3.137627907986142,0.18639905824434944,1.6620134831152458,0
03,266,409,93,0.09745007008314133,4.105090311986864,3.056171287989428,0.02273449560962373,1.5394528917995258,0
03,267,409,93,0.099571593105793,3.758620689655172,3.1332809985512813,0.010176960076559317,1.5717289793139202,0
03,268,409,93,0.09602242708206177,3.4942528735632177,3.004281613720748,0.0005951438641262665,1.5024383787924371,0
03,269,409,96,0.09915418177843094,3.2922824302134654,3.1181096022032473,0.0,1.5590548011016236,0
03,270,409,96,0.09860653430223465,2.845648604269295,3.098204591544139,0.0,1.5491022957720695,0
03,271,409,96,0.10123384743928909,2.563218390804598,3.193697948623246,0.0,1.596848974311623,0
03,272,409,96,0.09922803193330765,2.4449917898193765,3.120793788991083,0.0,1.5603968944955415,0
03,273,409,96,0.09827332943677902,2.4482758620689653,3.0860937963942607,0.0,1.5430468981971304,0
03,274,409,100,0.09763845056295395,2.658456486042693,3.063018239032975,0.0,1.5315091195164876,0
03,275,409,100,0.09740303456783295,2.1625615763546797,3.0544617166424137,0.0,1.5272308583212069,0
03,276,409,100,0.09890073537826538,1.912972085385877,3.108897739616301,0.0,1.5544488698081504,0
03,277,409,100,0.09927941858768463,1.909688013136288,3.1226615085507787,0.0,1.5613307542753894,0
03,278,409,103,0.09837117791175842,2.431855500821018,3.0896502355674498,0.0,1.5448251177837249,0
03,279,409,103,0.09641707688570023,2.0032840722495897,3.01862571077128,0.0,1.50931285538564,0
03,280,409,103,0.09762050211429596,1.903119868637109,3.0623658776556653,0.0,1.5311829388278326,0
03,281,409,103,0.09794312715530396,2.0985221674876833,3.074092134343202,0.0,1.537046067171601,0
03,282,409,103,0.09784349054098129,2.4975369458128065,3.070470702753843,0.0,1.5352353513769215,0
03,283,409,103,0.09798455238342285,2.9885057471264362,3.075597791984482,0.0,1.537798895992241,0
03,284,409,96,0.09734579175710678,9.811165845648603,3.05238114691976,0.22954698839350438,1.6409640676566322,0
03,285,409,100,0.09856125712394714,6.871921182266009,3.0965589294063585,0.1230162367149011,1.6097875830606299,0
03,286,409,100,0.09847110509872437,7.551724137931034,3.0932822284244366,0.1476551926897289,1.6204687105570827,0
03,287,409,100,0.09995858371257782,7.802955665024628,3.1473467114192166,0.15676089381086086,1.6520538026150386,0
03,288,409,100,0.09712613373994827,8.054187192118226,3.0443973701966995,0.16586659493199293,1.6051319825643462,0
03,289,409,100,0.09656069427728653,8.334975369458126,3.0238456849966964,0.1760435550085522,1.5999446200026244,0
03,290,409,103,0.09930494427680969,6.206896551724138,3.1235892752916103,0.09891291021778699,1.6112510927546986,0
03,291,409,121,0.09860152006149292,11.14121510673235,3.098022341977128,0.2777536413877328,1.6878879916824303,0
03,292,409,121,0.0974910631775856,10.032840722495896,3.0576612391301334,0.2375814305592092,1.6476213348446713,0
03,293,409,121,0.09745317697525024,9.006568144499179,3.056284212312524,0.2003849390513169,1.6283345756819203,0
03,294,409,121,0.09690685570240021,8.062397372742202,3.0364274043620756,0.16616416686405616,1.6012957856130658,0
03,295,409,121,0.09529817849397659,7.39080459770115,2.977957789559615,0.14182278282129146,1.5598902861904533,0
03,296,409,121,0.09558945894241333,6.801313628899836,2.988544783352032,0.12045711809915816,1.5545009507255951,0
03,297,409,121,0.0961306095123291,6.29392446633826,3.008213654899055,0.10206717269765626,1.5551404137983555,0
03,298,409,121,0.0978996753692627,5.86863711001642,3.0725128186302624,0.08665294661678569,1.579582882623524,0
03,299,409,121,0.09466661512851715,5.668308702791461,2.9550027389699784,0.07939219147444514,1.5171974652222118,0
03,300,409,121,0.09456522762775421,5.55008210180624,2.951317668973119,0.07510715565273597,1.5132124123129276,0
03,301,409,121,0.09474799036979675,5.513957307060755,2.957960435509198,0.07379783915165815,1.5158791373304281,0
03,302,409,121,0.09546907991170883,5.559934318555007,2.984169439735097,0.07546424197121171,1.5298168408531543,0
03,303,409,121,0.09566152840852737,5.688013136288997,2.9911642485254317,0.08010636411139663,1.5356353063184143,0
03,304,409,121,0.09384901821613312,5.898193760262725,2.9252860398830185,0.08772420557221297,1.5065051227276158,0
03,305,409,131,0.09761568903923035,7.1050903119868645,3.062190939735473,0.13146727958549428,1.5968291096604836,0
03,306,409,131,0.09596861153841019,5.990147783251232,3.0023256127957545,0.09105701121132018,1.5466913120035373,0
03,307,409,131,0.09504228085279465,5.039408866995073,2.9686568332021688,0.05659818147840877,1.5126275073402888,0
03,308,409,131,0.0947037935256958,4.25287356321839,2.956354039622854,0.028090790386760194,1.4922224150048071,0
03,309,409,131,0.09796865284442902,3.6305418719211824,3.075019901084034,0.0055348379363743825,1.540277369510204,0
03,310,409,131,0.09740252792835236,3.1724137931034484,3.0544433021244988,0.0,1.5272216510622494,0
03,311,409,131,0.09811889380216599,3.021346469622331,3.080480618051014,0.0,1.540240309025507,0
03,312,409,131,0.09824167191982269,3.1198686371100153,3.0849431598263113,0.0,1.5424715799131556,0
03,313,409,131,0.09735547006130219,3.3004926108374377,3.052732918372282,0.0,1.526366459186141,0
03,314,409,131,0.09723176062107086,3.563218390804597,3.0482365263802293,0.0030947480934566283,1.525665637236843,0
03,315,409,131,0.09954223036766052,3.9080459770114935,3.132213768917417,0.015592769240108403,1.5739032690787627,0
03,316,409,131,0.09749730676412582,4.334975369458127,3.0578881709832615,0.03106650970739156,1.5444773403453265,0
03,317,409,131,0.09915605932474136,4.8111658456486035,3.118177844240226,0.04832568176705355,1.5832517630036398,0
03,318,409,131,0.09823025017976761,5.28735632183908,3.0845280207680235,0.06558485382671554,1.5750564372973694,0
03,319,409,131,0.09919878840446472,5.763546798029556,3.119730892184964,0.08284402588637753,1.6012874590356707,0
03,320,409,131,0.09909915179014206,6.239737274220031,3.1161094605956046,0.10010319794603949,1.608106329270822,0
03,321,409,131,0.09838676452636719,6.715927750410507,3.090216752795068,0.11736237000570145,1.6037895614003848,0
03,322,409,131,0.09459121525287628,7.192118226600983,2.9522622254214617,0.13462154206536342,1.5434418837434125,0
03,323,409,131,0.09556841850280762,7.668308702791459,2.987780039255094,0.1518807141250254,1.5698303766900599,0
03,324,409,131,0.09724771976470947,8.144499178981935,3.04881658369455,0.16913988618468737,1.6089782349396187,0
03,325,409,137,0.09792214632034302,4.610837438423646,3.0733295566601364,0.04106492662471304,1.5571972416424247,0
03,326,409,137,0.09632276743650436,4.407224958949097,3.015197902421762,0.03368514270954722,1.5244415225656545,0
03,327,409,137,0.09878389537334442,4.285714285714286,3.1046510268230363,0.029281078115012762,1.5669660524690245,0
03,328,409,137,0.10191947966814041,4.246305418719211,3.2186182073968332,0.02785273284110967,1.6232354701189715,0
03,329,409,137,0.10144142061471939,4.288998357963873,3.201242484933688,0.029400106887837944,1.615321295910763,0
03,330,409,142,0.09740137308835983,2.8834154351395735,3.054401327855722,0.0,1.527200663927861,0
03,331,409,142,0.09925463050603867,2.4581280788177353,3.121760551181617,0.0,1.5608802755908084,0
03,332,409,142,0.09930896013975143,2.197044334975371,3.12373523742626,0.0,1.56186761871313,0
03,333,409,144,0.0997263491153717,2.0147783251231535,3.1389058213690917,0.0,1.5694529106845458,0
03,334,409,144,0.09944362193346024,1.6880131362889979,3.128629707967356,0.0,1.564314853983678,0
03,335,409,144,0.09990211576223373,1.607553366174056,3.1452943050769036,0.0,1.5726471525384518,0
03,336,409,144,0.10059399157762527,1.7175697865353046,3.1704414957036193,0.0,1.5852207478518097,0
03,337,409,144,0.10277100652456284,1.991789819376027,3.249568137580626,0.0,1.624784068790313,0
03,338,409,151,0.10112425684928894,4.331691297208538,3.189714725917205,0.030947480934566313,1.6103311034258856,0
03,339,409,151,0.10001008212566376,3.461412151067323,3.149218493004923,0.0,1.5746092465024615,0
03,340,409,151,0.1009223610162735,2.6732348111658446,3.1823765405281037,0.0,1.5911882702640519,0
03,341,409,151,0.1016637459397316,2.0131362889983557,3.209323208677536,0.0,1.604661604338768,0
03,342,409,151,0.09941001981496811,1.6518883415435106,3.127408392146821,0.0,1.5637041960734106,0
03,343,409,151,0.09866680204868317,1.6190476190476164,3.100395106770814,0.0,1.550197553385407,0
03,344,409,151,0.09675706177949905,1.8686371100164176,3.0309829354991376,0.0,1.5154914677495688,0
03,345,409,151,0.09658593684434891,2.3645320197044324,3.0247631612716344,0.0,1.5123815806358172,0
03,346,409,151,0.09809830784797668,3.001642036124795,3.079732392859853,0.0,1.5398661964299265,0
03,347,409,157,0.0969172939658165,2.302134646962234,3.0368067975914697,0.0,1.5184033987957348,0
03,348,409,157,0.09670628607273102,1.7307060755336627,3.0291374216816336,0.0,1.5145687108408168,0
03,349,409,157,0.09709750860929489,1.4811165845648615,3.043356949934506,0.0,1.521678474967253,0
03,350,409,157,0.09602363407611847,1.5599343185550083,3.0043254836016633,0.0,1.5021627418008316,0
03,351,409,157,0.0984865054488182,1.8604269293924447,3.0938419756087034,0.0,1.5469209878043517,0
03,352,409,157,0.0965854600071907,2.3251231527093577,3.0247458299606556,0.0,1.5123729149803278,0
03,353,409,163,0.09615164995193481,2.855500821018062,3.0089783989959926,0.0,1.5044891994979963,0
03,354,409,163,0.09563075006008148,2.206896551724139,2.9900455665620993,0.0,1.4950227832810496,0
03,355,409,163,0.09836670756340027,1.804597701149427,3.0894877545270236,0.0,1.5447438772635118,0
03,356,409,165,0.099199578166008,2.213464696223317,3.1197595971687724,0.0,1.5598797985843862,0
03,357,409,165,0.09860959649085999,1.719211822660097,3.0983158910568305,0.0,1.5491579455284152,0
03,358,409,165,0.09920909255743027,1.5533661740558278,3.1201054109831454,0.0,1.5600527054915727,0
03,359,409,165,0.09859579801559448,1.6026272577996705,3.0978143662453825,0.0,1.5489071831226913,0
03,360,409,165,0.09744133800268173,1.8160919540229874,3.0558539083571294,0.0,1.5279269541785647,0
03,361,409,175,0.097068190574646,7.474548440065681,3.042291345111046,0.14485801652833544,1.5935746808196907,0
03,362,409,175,0.09649797528982162,6.413793103448275,3.021566075999521,0.10641172290577802,1.5639888994526494,0
03,363,409,175,0.09986458718776703,5.4351395730706065,3.143930276742528,0.070941148603852,1.60743571267319,0
03,364,409,175,0.09780395776033401,4.538587848932674,3.06903382875301,0.03844629362255732,1.5537400611877836,0
03,365,409,175,0.09651463478803635,3.7241379310344795,3.022171588676841,0.008927157961894031,1.5155493733193677,0
03,366,409,180,0.0985335111618042,6.522167487684729,3.095550463748782,0.11033967240901145,1.6029450680788966,0
03,367,409,175,0.0954902321100235,2.586206896551722,2.9849382458580456,0.0,1.4924691229290228,0
03,368,409,180,0.09690071642398834,4.5632183908045985,3.036204263733224,0.039339009418746844,1.5377716365759853,0
03,369,409,180,0.09719061851501465,3.8128078817734,3.046741159204843,0.012140934828176067,1.5294410470165096,0
03,370,409,187,0.097342349588871,8.760262725779967,3.052256036518632,0.1914577810894228,1.6218569088040273,0
03,371,409,187,0.10118863731622696,7.413793103448275,3.192054723701072,0.14265598423106818,1.6673553539660702,0
03,372,409,187,0.09545139223337173,6.149425287356321,2.9835265564184783,0.09682990669334499,1.5401782315559116,0
03,373,409,187,0.09360896050930023,4.967159277504103,2.916560808012148,0.053979548476253116,1.4852701782442006,0
03,374,409,187,0.09428112953901291,4.152709359605908,2.9409917280523197,0.02446041281558983,1.4827260704339547,0
03,375,409,187,0.0968756154179573,3.4991789819376,3.035291932691232,0.0007736870233640725,1.5180328098572982,0
03,376,409,187,0.09684481471776962,3.019704433497536,3.034172438322698,0.0,1.517086219161349,0
03,377,409,187,0.09607240557670593,2.8719211822660107,3.0060981517527097,0.0,1.5030490758763548,0
03,378,409,187,0.09821891784667969,2.970443349753696,3.0841161313305436,0.0,1.5420580656652718,0
03,379,409,187,0.09613744914531708,3.2430213464696234,3.0084622508909065,0.0,1.5042311254454532,0
03,380,409,187,0.09911049902439117,3.6732348111658473,3.1165218916365522,0.0070822119831027526,1.5618020518098275,0
03,381,409,187,0.10067594051361084,4.192118226600986,3.17342004397636,0.025888758089493015,1.5996544010329266,0
03,382,409,187,0.09944897145032883,4.763546798029557,3.1288241436123987,0.04659976456108739,1.587711954086743,0
03,383,409,187,0.09584499895572662,5.334975369458128,2.9978327412262447,0.06731077103268177,1.5325717561294632,0
03,384,409,187,0.10039310902357101,5.9064039408867,3.163140139350348,0.08802177750427617,1.625580958427312,0
03,385,409,187,0.09574788808822632,6.477832512315271,2.994303111424726,0.10873278397587054,1.5515179477002983,0
03,386,409,187,0.09488999098539352,7.0492610837438425,2.9631216457583265,0.12944379044746493,1.5462827181028957,0
03,387,409,187,0.09337137639522552,7.3825944170771765,2.90792548231698,0.14152521088922831,1.524725346603104,0
03,388,409,187,0.09415749460458755,7.954022988505748,2.9364980440776076,0.1622362173608227,1.5493671307192152,0
03,389,409,187,0.09656380861997604,8.28735632183908,3.0239588801215262,0.17431763780258608,1.5991382589620562,0
03,390,409,187,0.09605973213911057,8.620689655172415,3.0056375180031023,0.1863990582443495,1.596018288123726,0
03,391,409,187,0.09586431086063385,8.620689655172415,2.9985346593208844,0.1863990582443495,1.592466858782617,0
04,35,191,28,0.09735868126153946,2.226600985221673,3.0528496339196547,0.0,1.5264248169598273,0
04,36,191,28,0.09605912119150162,2.6305418719211815,3.0056153122609106,0.0,1.5028076561304553,0
04,37,191,28,0.0973183885216713,3.192118226600985,3.0513851381419492,0.0,1.5256925690709746,0
04,38,191,28,0.09851247817277908,3.7635467980295565,3.094785990453578,0.010355503235797203,1.5525707468446877,0
04,39,191,28,0.09568474441766739,4.334975369458128,2.9920080667287103,0.031066509707391592,1.511537288218051,0
04,40,191,28,0.09624045342206955,4.906403940886699,3.012206084864053,0.05177751617898597,1.5319918005215196,0
04,41,191,28,0.10020726919174194,5.4778325123152705,3.1563855316981093,0.07248852265058034,1.614437027174345,0
04,42,191,36,0.09831856936216354,2.4794745484400655,3.0877381045233707,0.0,1.5438690522616854,0
04,43,191,36,0.09803071618080139,2.210180623973727,3.0772756795286136,0.0,1.5386378397643068,0
04,44,191,36,0.09773194044828415,2.129720853858784,3.0664162591917488,0.0,1.5332081295958744,0
04,45,191,36,0.09730615466833115,2.2134646962233147,3.05094048169465,0.0,1.525470240847325,0
04,46,191,42,0.0995720773935318,4.251231527093597,3.133298600663994,0.028031276000347622,1.580664938332171,0
04,47,191,42,0.09747584164142609,3.477832512315272,3.0571079911874834,4.8287056120641884e-17,1.5285539955937417,0
04,48,191,42,0.09384528547525406,2.868637110016421,2.925150368214263,0.0,1.4625751841071315,0
04,49,191,42,0.09522523730993271,2.426929392446634,2.9753066405833324,0.0,1.4876533202916662,0
04,50,191,42,0.0963091105222702,2.174055829228244,3.0147015228432608,0.0,1.5073507614216304,0
04,51,191,42,0.09786826372146606,2.085385878489328,3.0713711185195365,0.0,1.5356855592597682,0
04,52,191,42,0.09931100159883499,2.160919540229886,3.1238094371013876,0.0,1.5619047185506938,0
04,53,191,42,0.10156726092100143,2.3973727422003286,3.2058163262216772,0.0,1.6029081631108386,0
04,54,191,42,0.09794475883245468,2.7159277504105086,3.0741514399229577,0.0,1.5370757199614788,1
04,55,191,50,0.09813598543405533,4.807881773399015,3.081101837228909,0.048206652994228334,1.5646542451115688,1
04,56,191,50,0.09645193815231323,3.9014778325123154,3.0198927920848684,0.015354711694457925,1.5176237518896631,1
04,57,191,50,0.09662608802318573,3.159277504105089,3.026222511816393,0.0,1.5131112559081965,1
04,58,191,50,0.0995415598154068,2.581280788177337,3.132189396761353,0.0,1.5660946983806765,1
04,59,191,50,0.09764011949300766,2.229885057471263,3.063078898621401,0.0,1.5315394493107004,1
04,60,191,50,0.10062860697507858,2.1247947454844,3.171699640559984,0.0,1.585849820279992,1
04,61,191,50,0.097025565803051,2.2660098522167478,3.040742088390585,0.0,1.5203710441952925,1
04,62,191,50,0.09676598012447357,2.6535303776683077,3.031307085174787,0.0,1.5156535425873936,1
04,63,191,57,0.09766389429569244,3.4745484400656816,3.0639430269547328,0.0,1.5319715134773664,1
04,64,191,57,0.09564482420682907,2.6781609195402303,2.990557111037707,0.0,1.4952785555188535,1
04,65,191,62,0.09721572697162628,6.236453201970443,3.0476537610485686,0.09998416917321427,1.5738189651108914,1
04,66,191,66,0.09889308363199234,8.807881773399014,3.1086196262354386,0.19318369829538898,1.6509016622654138,1
04,67,191,66,0.09720483422279358,7.747126436781609,3.0472578489133975,0.1547374046728316,1.6009976267931145,1
04,68,191,66,0.09665892273187637,6.7684729064039395,3.0274159350583214,0.11926683037090555,1.5733413827146134,1
04,69,191,68,0.09594216197729111,7.3399014778325125,3.0013642666399014,0.13997783684249998,1.5706710517412006,1
04,70,191,68,0.09804435819387436,6.321839080459772,3.0777715175036464,0.10307891726667098,1.5904252173851587,1
04,71,191,75,0.09405805170536041,11.474548440065682,2.9328836533333336,0.28983506182949614,1.611359357581415,1
04,72,191,75,0.09527251124382019,9.985221674876849,2.977024877585836,0.235855513353243,1.6064401954695395,1
04,73,191,75,0.09750218689441681,8.57799671592775,3.05806554611906,0.18485168419762113,1.6214586151583406,1
04,74,191,75,0.0966787338256836,7.252873563218393,3.028135996869142,0.1368235743626308,1.5824797856158865,1
04,75,191,75,0.09827236831188202,6.009852216748769,3.086058862970569,0.09177118384827168,1.5889150234094205,1
04,76,191,75,0.0976593866944313,5.2298850574712645,3.0637791919056365,0.06350185030227361,1.563640521103955,1
04,77,191,75,0.096731998026371,4.57799671592775,3.0300719584658165,0.039874638896460445,1.5349732986811384,1
04,78,191,75,0.0958784893155098,4.162561576354678,2.9990499950207683,0.024817499134065633,1.511933747077417,1
04,79,191,84,0.09878728538751602,8.998357963875206,3.104774241612026,0.20008736711925382,1.65243080436564,1
04,80,191,78,0.09705626219511032,3.812807881773399,3.041857791534843,0.012140934828176035,1.5269993631815095,1
04,81,191,84,0.10063683986663818,6.210180623973726,3.171998876476102,0.0990319389906122,1.635515407733357,1
04,82,191,84,0.10113129764795303,4.801313628899836,3.189970633555876,0.04796859544857781,1.618969614502227,1
04,83,191,84,0.09939822554588318,3.5566502463054173,3.126979713001831,0.002856690547806086,1.5649182017748184,1
04,84,191,84,0.09961017966270447,2.809523809523809,3.1346834807318906,0.0,1.5673417403659453,1
04,85,191,85,0.09815949201583862,2.3842364532019706,3.0819562166998153,0.0,1.5409781083499077,1
04,86,191,85,0.09632054716348648,2.047619047619047,3.0151172035050173,0.0,1.5075586017525087,1
04,87,191,85,0.10144297033548355,2.0788177339901472,3.201298811694369,0.0,1.6006494058471845,1
04,88,191,88,0.0988423153758049,2.0673234811165844,3.1067743832196686,0.0,1.5533871916098343,1
04,89,191,88,0.10064417123794556,1.7422003284072252,3.1722653453824,0.0,1.5861326726912,1
04,90,191,96,0.09958299249410629,6.760262725779969,3.1336953252043673,0.11896925843884251,1.626332291821605,1
04,91,191,96,0.0976792648434639,5.509031198686371,3.0645016909320635,0.07361929599242027,1.5690604934622419,1
04,92,191,96,0.09681125730276108,4.6732348111658455,3.0329527473125677,0.04332647330839286,1.5381396103104803,1
04,93,191,96,0.0967770367860794,3.9261083743842367,3.0317089549481073,0.01624742749064734,1.5239781912193773,1
04,94,191,96,0.09590347856283188,3.3366174055829227,2.9999582640367493,0.0,1.4999791320183746,1
04,95,191,96,0.09991006553173065,2.835796387520525,3.1455832505271277,0.0,1.5727916252635639,1
04,96,191,96,0.09680914133787155,2.499178981937603,3.0328758396200994,0.0,1.5164379198100497,1
04,97,191,100,0.09888681769371033,3.5714285714285707,3.1083918819771084,0.0033923200255197615,1.555892101001314,1
04,98,191,100,0.09714643657207489,2.7750410509031194,3.0451353049219674,0.0,1.5225676524609837,1
04,99,191,103,0.09464003890752792,3.784893267651889,2.954036789184647,0.011129190259161387,1.482582989721904,1
04,100,191,103,0.09641913324594498,3.116584564860427,3.018700452049876,0.0,1.509350226024938,1
04,101,191,103,0.09652344882488251,2.369458128078817,3.0224919471282146,0.0,1.5112459735641073,1
04,102,191,103,0.09741123020648956,2.154351395730705,3.054759598549861,0.0,1.5273797992749305,1
04,103,191,103,0.09587640315294266,2.1428571428571423,2.998974170535236,0.0,1.499487085267618,1
04,104,191,103,0.09530901908874512,2.295566502463053,2.9783518060826477,0.0,1.4891759030413239,1
04,105,191,109,0.09333880245685577,3.71264367816092,2.9067415371357432,0.008510557257005764,1.4576260471963745,1
04,106,191,109,0.09616421163082123,2.7307060755336607,3.0094349707195898,0.0,1.5047174853597949,1
04,107,191,116,0.09654658287763596,8.0935960591133,3.0233327865124187,0.16729494020589603,1.5953138633591573,1
04,108,191,116,0.09642823785543442,6.699507389162562,3.019031371768877,0.11676722614157527,1.567899298955226,1
04,109,191,116,0.09932307153940201,5.530377668308702,3.1242481359105376,0.07439298301578443,1.599320559463161,1
04,110,191,116,0.09946028143167496,4.443349753694581,3.1292352206446763,0.034994459210624995,1.5821148399276506,1
04,111,191,116,0.09476581960916519,3.819376026272578,2.9586084640587633,0.012378992373826544,1.485493728216295,1
04,112,191,121,0.0942830815911293,6.807881773399016,2.941062678106639,0.12069517564480871,1.530878926875724,1
04,113,191,127,0.09418665617704391,11.33169129720854,2.9375579620646524,0.28465731021159757,1.611107636138125,1
04,114,191,127,0.0956207811832428,9.9376026272578,2.9896832338419497,0.23412959614727674,1.6119064149946132,1
04,115,191,131,0.09223224222660065,12.188834154351397,2.8665220635956534,0.3157238199189892,1.5911229417573214,1
04,116,191,131,0.0933876559138298,10.60426929392447,2.908517184105864,0.2582924370308036,1.5834048105683338,1
04,117,191,131,0.09091027826070786,9.101806239737275,2.8184734411226415,0.20383677346324935,1.5111551072929454,1
04,118,191,131,0.09187168627977371,7.901477832512315,2.853417155280103,0.16033175699561858,1.5068744561378606,1
04,119,191,131,0.09223879128694534,6.86535303776683,2.8667600983198773,0.12277817916925061,1.494769138744564,1
04,120,191,131,0.09237413108348846,6.106732348111657,2.8716792118187713,0.09528253264661665,1.483480872232694,1
04,121,191,131,0.09239277988672256,5.430213464696222,2.8723570285590814,0.07076260544461412,1.4715598170018478,1
04,122,191,131,0.09046562761068344,4.835796387520524,2.802311993634946,0.04921839756324295,1.4257651955990944,1
04,123,191,142,0.09174303710460663,11.045977011494253,2.8487412217383796,0.27430180697580037,1.56152151435709,1
04,124,191,144,0.09281942993402481,11.0935960591133,2.8878642190573287,0.2760277241817665,1.5819459716195476,1
04,125,191,144,0.09396132826805115,9.223316912972084,2.929368105221985,0.20824083805778373,1.5688044716398843,1
04,126,191,144,0.09463144838809967,7.776683087027912,2.953724554785295,0.15580866362825882,1.554766609206777,1
04,127,191,144,0.09199410676956177,6.438423645320194,2.857866698572166,0.10730443870196736,1.4825855686370666,1
04,128,191,144,0.09022661298513412,5.515599343185548,2.7936246740068413,0.07385735353807073,1.433741013772456,1
04,129,191,144,0.0933985635638237,4.67487684729064,2.9089136378445035,0.043385987694805464,1.4761498127696544,1
04,130,191,151,0.08955113589763641,8.47454844006568,2.769073517996755,0.18110227785362557,1.4750878979251902,1
04,131,191,151,0.08963233232498169,6.889983579638751,2.772024715294357,0.12367089496544001,1.4478478051298986,1
04,132,191,151,0.090925432741642,5.387520525451559,2.8190242518496853,0.06921523139788581,1.4441197416237856,1
04,133,191,151,0.09133407473564148,4.27750410509031,2.8338769145567504,0.028983506182949564,1.43143021036985,1
04,134,191,151,0.08941946923732758,3.6633825944170737,2.764287909752744,0.006725125664626803,1.3855065177086856,1
04,135,191,151,0.08827336132526398,3.2495894909687983,2.722631020608353,0.0,1.3613155103041765,1
04,136,191,157,0.09171576052904129,6.188834154351396,2.8477498165900474,0.09825825196724808,1.4730040342786477,1
04,137,191,157,0.0927349105477333,5.036124794745485,2.884792244186343,0.056479152705583555,1.4706356984459634,1
04,138,191,157,0.09118258953094482,4.0476190476190474,2.828370973700185,0.020651492085181765,1.4245112328926834,1
04,139,191,157,0.09229743480682373,3.2233169129720847,2.868891578768531,0.0,1.4344457893842655,1
04,140,191,157,0.09225387871265411,2.638752052545155,2.8673084718313144,0.0,1.4336542359156572,1
04,141,191,157,0.09109487384557724,2.349753694581282,2.825182824885295,0.0,1.4125914124426475,1
04,142,191,157,0.09071535617113113,2.339901477832514,2.8113887261566046,0.0,1.4056943630783023,1
04,143,191,163,0.09119442105293274,3.239737274220033,2.828801006853846,0.0,1.414400503426923,1
04,144,191,163,0.09152356535196304,2.4137931034482754,2.84076421505867,0.0,1.420382107529335,0
04,145,191,163,0.09266461431980133,1.9293924466338261,2.882237229825646,0.0,1.441118614912823,0
04,146,191,163,0.09358727931976318,1.691297208538588,2.9157727749660824,0.0,1.4578863874830412,0
04,147,191,163,0.09296558052301407,1.699507389162561,2.8931762658723192,0.0,1.4465881329361596,0
04,148,191,163,0.09181270748376846,1.9540229885057474,2.8512734887534172,0.0,1.4256367443767086,0
04,149,191,163,0.09346471726894379,2.454844006568145,2.9113180864410726,0.0,1.4556590432205363,0
04,150,191,175,0.09125340729951859,8.236453201970443,2.8309449441822654,0.1724726918237946,1.50170881800303,0
04,151,191,175,0.09130693972110748,7.175697865353037,2.8328906546413655,0.13402639820123718,1.4834585264213014,0
04,152,191,175,0.09170912951231003,6.197044334975368,2.847508803046749,0.09855582389931118,1.47303231347303,0
04,153,191,175,0.09144271165132523,5.300492610837436,2.837825474640834,0.0660609689180165,1.451943221779425,0
04,154,191,175,0.0901452973484993,4.486042692939241,2.7906691438814946,0.036541833257353204,1.4136054885694238,0
04,155,191,175,0.09152743220329285,3.7536945812807865,2.8409047611586384,0.009998416917321382,1.42545158903798,0
04,156,191,187,0.09029865264892578,12.807881773399014,2.7962430559733047,0.3381607435965497,1.5672018997849273,0
04,157,191,187,0.0922190248966217,11.461412151067323,2.8660416613194606,0.2893589467381951,1.5777003040288278,0
04,158,191,187,0.09014846384525299,10.197044334975368,2.790784234618463,0.24353286920047185,1.5171585519094672,0
04,159,191,187,0.09254908561706543,9.014778325123151,2.878038178137573,0.20068251098338002,1.5393603445604764,0
04,160,191,187,0.09172185510396957,7.91461412151067,2.8479713324084948,0.16080787208691952,1.5043896022477072,0
04,161,191,187,0.08876501768827438,6.896551724137929,2.740500956236127,0.12390895251109046,1.4322049543736088,0
04,162,191,187,0.09156760573387146,5.960591133004925,2.8423649241085993,0.08998575225589282,1.466175338182246,0
04,163,191,187,0.09191056340932846,5.106732348111659,2.8548301987283398,0.05903827132132654,1.456934235024833,0
04,164,191,187,0.08855269104242325,4.627257799671592,2.7327836484193653,0.041660070488839275,1.3872218594541024,0
04,165,191,187,0.09001397341489792,4.311986863711002,2.7858959925172497,0.030233308297614832,1.4080646504074323,0
04,166,191,187,0.09059708565473557,4.160919540229886,2.8070900194304036,0.02475798474765312,1.4159240020890285,0
04,167,191,187,0.09077926725149155,4.174055829228244,2.813711663431227,0.02523409983895414,1.4194728816350906,0
04,168,191,187,0.09248904883861542,4.351395730706077,2.875856057764653,0.03166165357151792,1.4537588556680854,0
04,169,191,187,0.0922062024474144,4.692939244663383,2.8655756115351725,0.0440406459453444,1.4548081287402583,0
04,170,191,187,0.09132201224565506,5.192118226600986,2.8334384865493347,0.062133019414783185,1.447785752982059,0
04,171,191,187,0.08989646285772324,5.763546798029557,2.781624907567921,0.08284402588637756,1.4322344667271494,0
04,172,191,187,0.09120327979326248,6.334975369458128,2.8291229901156227,0.10355503235797194,1.4663390112367973,0
04,173,191,187,0.09285687655210495,6.9064039408867,2.8892252685726296,0.12426603882956634,1.506745653701098,0
05,35,290,28,0.09721898287534714,1.9868637110016412,3.0477721014063452,0.0,1.5238860507031726,0
05,36,290,28,0.09548214077949524,2.668308702791461,2.9846441551748746,0.0,1.4923220775874373,0
05,37,290,28,0.09476464986801147,3.3825944170771756,2.9585659481865183,0.0,1.4792829740932592,0
05,38,290,30,0.09695809334516525,2.326765188834155,3.03828970788709,0.0,1.519144853943545,0
05,39,290,30,0.09601201117038727,3.027914614121511,3.003903032896556,0.0,1.501951516448278,0
05,40,290,30,0.09498646855354309,3.6206896551724137,2.9666282574124514,0.005177751617898609,1.485903004515175,0
05,41,290,30,0.09537768363952637,4.239737274220032,2.9808475148635893,0.027614675295459176,1.5042310950795243,0
05,42,290,30,0.09422893822193146,4.858784893267652,2.939094761905347,0.05005159897301977,1.4945731804391835,0
05,43,290,30,0.09648355096578598,5.4778325123152705,3.0210418038424134,0.07248852265058034,1.546765163246497,0
05,44,290,30,0.09314853698015213,5.954022988505747,2.899826073253483,0.08974769471024233,1.4947868839818625,0
05,45,290,30,0.0949416309595108,6.239737274220031,2.9649985725769796,0.10010319794603949,1.5325508852615095,0
05,46,290,30,0.09532147645950317,6.525451559934319,2.978804586581968,0.11045870118183673,1.5446316438819023,0
05,47,290,34,0.09414400905370712,3.704433497536947,2.9360078929389894,0.008212985324942662,1.4721104391319662,0
05,48,290,34,0.09394493699073792,3.8817733990147794,2.92877234140709,0.01464053905750643,1.4717064402322984,0
05,49,290,34,0.09299527108669281,4.141215106732348,2.894255410782481,0.024043812110701543,1.4591496114465914,0
05,50,290,34,0.09450189769268036,4.482758620689655,2.9490158542337523,0.03642280448452806,1.49271932935914,0
05,51,290,34,0.09520061314105988,4.906403940886699,2.97441164085232,0.05177751617898597,1.513094578515653,0
05,52,290,36,0.09194722771644592,3.5008210180623984,2.8561628140615665,0.0008332014097768408,1.4284980077356717,0
05,53,290,42,0.09209892898797989,2.8834154351395744,2.861676608168419,0.0,1.4308383040842094,0
05,54,290,42,0.09561936557292938,2.4696223316912977,2.9896317815124815,0.0,1.4948158907562408,0
05,55,290,42,0.09113489836454391,2.1576354679802954,2.8266375718005747,0.0,1.4133187859002874,0
05,56,290,42,0.09564527869224548,1.9277504105090304,2.9905736299434835,0.0,1.4952868149717418,0
05,57,290,42,0.0927734449505806,1.8390804597701143,2.886192830754814,0.0,1.443096415377407,0
05,58,290,42,0.09463932365179062,1.914614121510672,2.9540107922181784,0.0,1.4770053961090892,0
05,59,290,42,0.09507382661104202,2.062397372742199,2.9698034077441076,0.0,1.4849017038720538,0
05,60,290,42,0.09147238731384277,2.453201970443349,2.838904077947528,0.0,1.419452038973764,0
05,61,290,42,0.09355652332305908,3.0016420361247946,2.9146549054079522,0.0,1.4573274527039761,0
05,62,290,42,0.09422636777162552,3.573070607553366,2.9390013353071023,0.003451834411932401,1.4712265848595174,0
05,63,290,48,0.09659940004348755,2.0755336617405598,3.0252525000050503,0.0,1.5126262500025252,0
05,64,290,48,0.0974891185760498,1.694581280788179,3.057590559877548,0.0,1.528795279938774,0
05,65,290,48,0.09626761823892593,1.559934318555009,3.0131934279863746,0.0,1.5065967139931873,0
05,66,290,48,0.0966215655207634,1.6781609195402305,3.026058135163829,0.0,1.5130290675819145,0
05,67,290,48,0.0960465520620346,2.118226600985222,3.00515846973558,0.0,1.50257923486779,0
05,68,290,50,0.09617915004491806,1.533661740558291,3.009977928196346,0.0,1.504988964098173,0
05,69,290,50,0.09304947406053543,1.7701149425287341,2.8962254933976452,0.0,1.4481127466988226,0
05,70,290,50,0.09408610314130783,2.2725779967159268,2.933903221862006,0.0,1.466951610931003,0
05,71,290,60,0.09352098405361176,6.617405582922825,2.9133631811365666,0.11379150682094391,1.5135773439787552,0
05,72,290,60,0.09754452109336853,5.461412151067323,3.059604241571893,0.07189337878645408,1.5657488101791734,0
05,73,290,60,0.09417784959077835,4.482758620689655,2.9372378744150134,0.03642280448452806,1.4868303394497708,0
05,74,290,62,0.09692969173192978,5.339901477832512,3.0372574116769178,0.06748931419191961,1.5523733629344187,0
05,75,290,62,0.09633402526378632,4.607553366174055,3.015607083841901,0.04094589785188773,1.5282764908468944,0
05,76,290,62,0.09566807746887207,4.039408866995073,2.9914022832496556,0.020353920153118602,1.5058781017013871,0
05,77,290,66,0.09645906090736389,6.236453201970443,3.0201516785426135,0.09998416917321427,1.5600679238579138,0
05,78,290,66,0.09594986587762833,5.178981937602628,3.001644275632902,0.06165690432348216,1.531650589978192,0
05,79,290,66,0.09429942816495895,4.315270935960592,2.9416568171111295,0.03035233707044008,1.4860045770907848,0
05,80,290,66,0.09583807736635208,3.6978653530377663,2.9975811664153182,0.007974927779292089,1.5027780470973051,0
05,81,290,68,0.09842586517333984,3.825944170771758,3.0916379202953266,0.012617049919477086,1.5521274851074018,0
05,82,290,68,0.09763230383396149,3.116584564860428,3.0627948276023895,0.0,1.5313974138011948,0
05,83,290,68,0.10052676498889923,2.7356321839080455,3.167998051657348,0.0,1.583999025828674,0
05,84,290,72,0.09673513472080231,3.9540229885057467,3.0301859659958486,0.01725917205966199,1.5237225690277554,0
05,85,290,72,0.09732850641012192,2.9852216748768474,3.05175288689678,0.0,1.52587644344839,0
05,86,290,72,0.09598260372877121,2.3251231527093585,3.0028341784522876,0.0,1.5014170892261438,0
05,87,290,75,0.09596116095781326,3.3793103448275863,3.0020548110617113,0.0,1.5010274055308557,0
05,88,290,75,0.09493148326873779,2.264367816091954,2.9646297406152127,0.0,1.4823148703076063,0
05,89,290,78,0.09369787573814392,3.7602627257799677,2.919792555906219,0.010236474462971972,1.4650145151845955,0
05,90,290,78,0.09465242177248001,2.509031198686371,2.954486861666626,0.0,1.477243430833313,0
05,91,290,78,0.09397034347057343,1.3924466338259434,2.9296957753201776,0.0,1.4648478876600888,0
05,92,290,78,0.09500285238027573,1.0804597701149425,2.9672237504256125,0.0,1.4836118752128062,0
05,93,290,78,0.09487653523683548,1.1231527093596048,2.9626325778266445,0.0,1.4813162889133222,0
05,94,290,78,0.09422701597213745,1.5730706075533658,2.939024895057964,0.0,1.469512447528982,1
05,95,290,78,0.09524501115083694,2.2397372742200323,2.976025348385483,0.0,1.4880126741927415,1
05,96,290,82,0.09346433728933334,1.2840722495894898,2.911304275552636,0.0,1.455652137776318,1
05,97,290,82,0.09314107894897461,1.0771756978653524,2.8995550007177058,0.0,1.4497775003588529,1
05,98,290,84,0.09259095788002014,1.3070607553366176,2.879560083882895,0.0,1.4397800419414475,1
05,99,290,84,0.09368482977151871,1.054187192118226,2.9193183820699096,0.0,1.4596591910349548,1
05,100,290,84,0.09780444949865341,1.201970443349753,3.0690517016674566,0.0,1.5345258508337283,1
05,101,290,85,0.09457722306251526,1.1165845648604271,2.951753659764929,0.0,1.4758768298824645,1
05,102,290,84,0.09408579021692276,2.3825944170771756,2.9338918481891763,0.0,1.4669459240945881,1
05,103,290,84,0.09696955978870392,3.1444991789819374,3.038706471755783,0.0,1.5193532358778914,1
05,104,290,84,0.09520231187343597,3.9064039408866993,2.9744733836476818,0.015533254853695796,1.4950033192506889,1
05,105,290,84,0.09580110758543015,4.4778325123152705,2.996237448210996,0.03624426132529017,1.5162408547681432,1
05,106,290,84,0.095578633248806,5.049261083743842,2.9881513084324673,0.05695526779688454,1.522553288114676,1
05,107,290,84,0.09991306811571121,5.620689655172414,3.145692383625947,0.07766627426847895,1.6116793289472129,1
05,108,290,84,0.09595692902803421,6.049261083743842,3.001900995676775,0.09319952912217472,1.5475502623994748,1
05,109,290,85,0.09725015610456467,5.538587848932677,3.048905135861582,0.07469055494784758,1.5617978454047148,1
05,110,290,85,0.09491448104381561,5.858784893267652,2.9640117710581264,0.08629586029830995,1.5251538156782183,1
05,111,290,85,0.09541619569063187,6.192118226600984,2.9822472890268585,0.09837728074007329,1.5403122848834658,1
05,112,290,85,0.0938117653131485,6.525451559934318,2.9239320312128028,0.1104587011818367,1.5171953661973197,1
05,113,290,85,0.0943550318479538,6.858784893267651,2.943677810452294,0.12254012162360008,1.5331089660379469,1
05,114,290,88,0.09283588081598282,4.699507389162561,2.888462149286096,0.0442787034909949,1.4663704263885455,1
05,115,290,88,0.09280563145875931,4.972085385878489,2.8873626942458808,0.05415809163549107,1.4707603929406858,1
05,116,290,88,0.09389959275722504,5.326765188834154,2.9271242420537034,0.06701319910061859,1.497068720577161,1
05,117,290,88,0.09354419261217117,5.573070607553366,2.914206728538111,0.07594035706251276,1.4950735428003117,1
05,118,290,85,0.09406282007694244,8.715927750410508,2.933056966443121,0.1898508926562818,1.5614539295497014,1
05,119,290,85,0.09756169468164444,8.763546798029555,3.0602284395688626,0.191576809862248,1.6259026247155552,1
05,120,290,85,0.0957040786743164,8.811165845648603,2.9927107972285523,0.1933027270682142,1.5930067621483832,1
05,121,290,85,0.09504583477973938,8.85878489326765,2.9687860056293074,0.1950286442741804,1.581907324951744,1
05,122,290,88,0.09588862955570221,6.366174055829227,2.9994185561808013,0.1046858056998118,1.5520521809403065,1
05,123,290,88,0.0929357260465622,6.353037766830868,2.8920911633240083,0.10420969060851075,1.4981504269662596,1
05,124,290,88,0.0944424495100975,6.422003284072247,2.9468551271978223,0.10670929483784108,1.5267822110178317,1
05,125,290,88,0.0971735417842865,6.573070607553365,3.046120481630416,0.1121846183878029,1.5791525500091095,1
05,126,290,88,0.09660995006561279,6.763546798029556,3.0256359552604555,0.1190882872116677,1.5723621212360617,1
05,127,290,88,0.0942656621336937,6.954022988505746,2.940429543652446,0.12599195603553245,1.5332107498439893,1
05,128,290,88,0.09377702325582504,7.1444991789819365,2.9226692827269596,0.13289562485939727,1.5277824537931783,1
05,129,290,88,0.09346453100442886,7.334975369458127,2.9113113163977213,0.13979929368326208,1.5255553050404917,1
05,130,290,88,0.09600289911031723,7.47783251231527,3.003571842375821,0.14497704530116065,1.5742744438384908,1
05,131,290,88,0.09568619728088379,7.620689655172413,2.9920608730668485,0.15015479691905925,1.571107834992954,1
05,132,290,88,0.09578364342451096,7.763546798029556,2.995602688946399,0.15533254853695785,1.5754676187416783,1
05,133,290,88,0.09419681131839752,7.906403940886698,2.9379270648281532,0.16051030015485646,1.5492186824915049,1
05,134,290,88,0.09561751782894135,8.049261083743842,2.9895646226824386,0.16568805177275506,1.577626337227597,1
05,135,290,96,0.09566822648048401,3.592775041050903,2.9914076992843364,0.004166007048883947,1.49778685316661,1
05,136,290,96,0.09630171209573746,3.293924466338259,3.014432616721356,0.0,1.507216308360678,1
05,137,290,96,0.09362919628620148,3.077175697865352,2.917296305521809,0.0,1.4586481527609045,1
05,138,290,96,0.0936804860830307,2.942528735632184,2.9191605046589624,0.0,1.4595802523294812,1
05,139,290,96,0.0946430116891861,3.032840722495895,2.95414483907653,0.0,1.477072419538265,1
05,140,290,96,0.0943429172039032,3.2052545155993433,2.9432374868327393,0.0,1.4716187434163697,1
05,141,290,100,0.0931980088353157,2.2906403940886704,2.9016241967675294,0.0,1.4508120983837647,1
05,142,290,100,0.09405198693275452,2.137931034482758,2.9326632207218224,0.0,1.4663316103609112,1
05,143,290,100,0.09604035317897797,2.0065681444991785,3.004933162692856,0.0,1.502466581346428,1
05,144,290,100,0.09558670222759247,2.039408866995074,2.988444586710436,0.0,1.494222293355218,1
05,145,290,100,0.0966264009475708,2.2364532019704435,3.026233885489223,0.0,1.5131169427446114,1
05,146,290,100,0.09701105207204819,2.568144499178982,3.040214566612669,0.0,1.5201072833063345,1
05,147,290,100,0.09729485213756561,2.9819376026272573,3.050529675464107,0.0,1.5252648377320535,1
05,148,290,100,0.09586117416620255,3.4778325123152705,2.9984206517908523,0.0,1.4992103258954261,1
05,149,290,100,0.09775523841381073,4.049261083743842,3.067263056214102,0.020711006471594375,1.543987031342848,1
05,150,290,100,0.09664074331521988,4.620689655172414,3.0267551788272558,0.04142201294318878,1.5340885958852222,1
05,151,290,100,0.09487350285053253,5.192118226600985,2.962522361520889,0.06213301941478316,1.5123276904678362,1
05,152,290,100,0.09636428952217102,5.763546798029556,3.0167070804855847,0.08284402588637753,1.5497755531859811,1
05,153,290,100,0.09644383192062378,6.334975369458127,3.019598159798229,0.10355503235797191,1.5615765960781005,1
05,154,290,100,0.09388890862464905,6.906403940886698,2.9267359123670857,0.12426603882956627,1.525500975598326,1
05,155,290,100,0.09510537981987,7.47783251231527,2.9709502530877803,0.14497704530116065,1.5579636491944704,1
05,156,290,100,0.09366853535175323,7.66830870279146,2.918726138677557,0.15188071412502546,1.5353034264012912,1
05,157,290,100,0.09438920766115189,7.858784893267651,2.9449199780063497,0.15878438294889025,1.55185218047762,1
05,158,290,100,0.09247228503227234,8.049261083743842,2.8752467538630557,0.16568805177275506,1.5204674028179055,1
05,159,290,100,0.09607373923063278,8.239737274220031,3.0061466252631033,0.1725917205966198,1.5893691729298616,1
05,160,290,121,0.09705553948879242,11.569786535303777,3.0418315237666405,0.2932868962414285,1.6675592100040344,1
05,161,290,121,0.09453816711902618,10.461412151067325,2.9503341170750748,0.253114685412905,1.60172440124399,1
05,162,290,127,0.09409449994564056,15.0935960591133,2.9342084154162724,0.4210047694829272,1.6776065924495998,1
05,163,290,127,0.09442679584026337,13.889983579638754,2.9462861727545975,0.3773807242424713,1.6618334484985344,1
05,164,290,127,0.09350486844778061,12.768472906403943,2.9127774369858312,0.3367323983226467,1.624754917654239,1
05,165,290,127,0.09294179826974869,11.729064039408868,2.8923118667372534,0.2990597917234534,1.5956858292303533,1
05,166,290,127,0.09162677824497223,10.771756978653531,2.84451563148037,0.2643629044448916,1.5544392679626309,1
05,167,290,127,0.09444992989301682,9.89983579638752,2.9471270121388016,0.2327607652597863,1.589943888699294,1
05,168,290,127,0.09520992636680603,9.192118226600984,2.974750143019874,0.20711006471594381,1.590930103867909,1
05,169,290,121,0.09428750723600388,8.073891625615763,2.9412235343366606,0.1665807675689445,1.5539021509528026,1
05,170,290,121,0.09352613240480423,7.8949096880131355,2.91355030513479,0.16009369944996807,1.536822002292379,1
05,171,290,121,0.0922079011797905,7.798029556650245,2.8656373543305342,0.15658235065162301,1.5111098524910787,1
05,172,290,121,0.09396286308765411,7.783251231527092,2.9294238903791983,0.15604672117390936,1.5427353057765538,1
05,173,290,121,0.09194370359182358,7.850574712643678,2.856034724841364,0.15848681101682716,1.5072607679290955,1
05,174,290,121,0.09188718348741531,7.999999999999998,2.8539804228869126,0.16390262018037619,1.5089415215336444,1
05,175,290,121,0.09462195634841919,8.231527093596059,2.953379553376124,0.17229414866455672,1.5628368510203403,1
05,176,290,121,0.09263216704130173,8.545155993431854,2.881057888273888,0.18366139646936852,1.5323596423716284,1
05,177,290,121,0.095787912607193,8.940886699507388,2.995757858340006,0.1980043635948118,1.5968811109674088,1
05,178,290,121,0.0960349440574646,9.418719211822658,3.004736560633941,0.2153230500408864,1.6100298053374136,1
05,179,290,121,0.09262070059776306,9.978653530377667,2.8806411244051953,0.23561745580759239,1.558129290106394,1
05,180,290,121,0.09511054307222366,10.620689655172413,2.971137918689472,0.25888758089492975,1.6150127497922009,1
05,181,290,115,0.09499109536409378,16.334975369458128,2.966796425289292,0.46599764561087365,1.716397035450083,1
05,182,290,115,0.09563475102186203,16.049261083743843,2.9901909870932806,0.4556421423750765,1.7229165647341786,1
05,183,290,115,0.0947503075003624,15.47783251231527,2.9580446548484853,0.43493113590348204,1.6964878953759837,1
05,184,290,114,0.09343303740024567,15.858784893267652,2.910166637467921,0.44873847355121166,1.6794525555095663,1
05,185,290,121,0.09456855058670044,10.133004926108374,2.9514384465465024,0.2412118081303794,1.596325127338441,1
05,186,290,121,0.0928705707192421,9.51888341543514,2.889723002159801,0.21895342761205672,1.5543382148859288,0
05,187,290,121,0.09192423522472382,8.904761904761903,2.855327119910309,0.19669504709373398,1.5260110835020215,0
05,188,290,117,0.09171789884567261,11.525451559934318,2.847827536687718,0.29168000780828757,1.5697537722480028,0
05,189,290,121,0.09110473096370697,7.873563218390804,2.825541095579434,0.1593200124266039,1.492430554003019,0
05,190,290,121,0.09331157058477402,7.630541871921183,2.9057517567978155,0.1505118832375351,1.5281318200176752,0
05,191,290,121,0.09304537624120712,7.466338259441707,2.8960765524439216,0.14456044459627226,1.5203184985200968,0
05,192,290,121,0.09462928026914597,7.302134646962233,2.953645751480688,0.13860900595500955,1.5461273787178489,0
05,193,290,121,0.09431096166372299,7.239737274220031,2.9420760181954284,0.13634745927132966,1.539211738733379,0
05,194,290,121,0.09181410074234009,7.239737274220031,2.851324128677683,0.13634745927132966,1.4938357939745064,0
05,195,290,121,0.09343202412128448,7.239737274220031,2.910129808432091,0.13634745927132966,1.5232386338517103,0
05,196,290,121,0.09328117966651917,7.239737274220031,2.9046471565246534,0.13634745927132966,1.5204973078979915,0
05,197,290,121,0.09455745667219162,7.239737274220031,2.9510352227645122,0.13634745927132966,1.543691341017921,0
05,198,290,121,0.09512513875961304,7.239737274220031,2.9716684192864626,0.13634745927132966,1.5540079392788961,0
05,199,290,121,0.09450054168701172,7.239737274220031,2.9489665683181565,0.13634745927132966,1.542657013794743,0
05,200,290,121,0.09647992998361588,7.239737274220031,3.0209101941996686,0.13634745927132966,1.578628826735499,0
05,201,290,121,0.09418369829654694,7.239737274220031,2.937450453776237,0.13634745927132966,1.5368989565237834,0
05,202,290,121,0.09236887097358704,7.525451559934318,2.8714880257945365,0.14670296250712686,1.5090954941508317,0
05,203,290,121,0.09136498719453812,7.8111658456486035,2.8350004709512957,0.15705846574292406,1.4960294683471098,0
05,204,290,121,0.0950520858168602,8.096880131362889,2.9690132082841694,0.16741396897872124,1.5682135886314452,0
05,205,290,121,0.09550713747739792,8.430213464696223,2.9855526949925895,0.17949538942048465,1.582524042206537,0
05,206,290,121,0.09352726489305496,8.430213464696223,2.9135914669983647,0.17949538942048465,1.5465434282094246,0
05,207,290,127,0.09471461176872253,4.420361247947455,2.9567472437406845,0.034161257800848235,1.4954542507707664,0
05,208,290,127,0.09181193262338638,4.216748768472907,2.8512453253730765,0.026781473885682416,1.4390133996293795,0
05,209,290,127,0.09278018772602081,4.285714285714285,2.8864379063241232,0.029281078115012727,1.457859492219568,0
05,210,290,127,0.09248471260070801,4.246305418719212,2.8756984511554395,0.0278527328411097,1.4517755919982747,0
05,211,290,131,0.09190678596496582,3.0114942528735646,2.8546929022491803,0.0,1.4273464511245901,0
05,212,290,131,0.09322681277990341,2.6469622331691305,2.9026711162713403,0.0,1.4513355581356702,0
05,213,290,131,0.09366165101528168,2.4466338259441707,2.9184759178753015,0.0,1.4592379589376507,0
05,214,290,131,0.09797646105289459,2.4105090311986848,3.075303701301311,0.0,1.5376518506506556,0
05,215,290,131,0.09734660387039185,2.538587848932676,3.0524106643087707,0.0,1.5262053321543854,0
05,216,290,131,0.0945015400648117,2.8013136288998353,2.9490028557505186,0.0,1.4745014278752593,0
05,217,290,131,0.09531233459711075,3.1461412151067316,2.978472312854297,0.0,1.4892361564271486,0
05,218,290,131,0.09314732253551483,3.5730706075533654,2.899781932570834,0.003451834411932385,1.4516168834913832,0
05,219,290,131,0.09428717195987701,4.049261083743842,2.9412113482586286,0.020711006471594375,1.4809611773651115,0
05,220,290,131,0.09475571662187576,4.525451559934318,2.958241256907401,0.037970178531256366,1.4981057177193287,0
05,221,290,131,0.09304491430521011,5.001642036124794,2.8960597627364106,0.05522935059091835,1.4756445566636645,0
05,222,290,131,0.09488094598054886,5.47783251231527,2.9627928924531983,0.07248852265058031,1.5176407075518894,0
05,223,290,137,0.0977231040596962,2.1182266009852215,3.0660950883351736,0.0,1.5330475441675868,0
05,224,290,142,0.09478012472391129,3.779967159277503,2.959128403388126,0.010950647099923437,1.4850395252440247,0
05,225,290,142,0.09355037659406662,3.0131362889983557,2.9144314939773666,0.0,1.4572157469886833,0
05,226,290,144,0.09412377327680588,3.6650246305418714,2.9352723954293283,0.006784640051039539,1.4710285177401838,0
05,227,290,144,0.09555748105049133,2.806239737274219,2.987382502309519,0.0,1.4936912511547595,0
05,228,290,144,0.09414756298065186,2.4564860426929376,2.936137065366128,0.0,1.468068532683064,0
05,229,290,144,0.09581101685762405,2.297208538587849,2.9965976145172735,0.0,1.4982988072586367,0
05,230,290,144,0.09498120844364166,2.302134646962234,2.966437071388217,0.0,1.4832185356941086,0
05,231,290,150,0.09586260467767715,5.045977011494252,2.9984726457237887,0.0568362390240593,1.527654442373924,0
05,232,290,151,0.09248806536197662,5.0935960591133,2.875820311935759,0.05856215623002549,1.4671912340828923,0
05,233,290,151,0.0949026420712471,4.292282430213463,2.9635814671027316,0.029519135660663224,1.4965503013816974,0
05,234,290,151,0.0922711044549942,3.586206896551722,2.8679345654404225,0.003927949503233356,1.435931257471828,0
05,235,290,151,0.09353110194206238,3.080459770114939,2.913730929891397,0.0,1.4568654649456985,0
05,236,290,151,0.09345145523548126,2.82101806239737,2.9108360593544758,0.0,1.4554180296772379,0
05,237,290,151,0.09375470131635666,2.761904761904759,2.9218579607317663,0.0,1.4609289803658831,0
05,238,290,157,0.09304783493280411,5.0935960591133,2.8961659170161558,0.05856215623002549,1.4773640366230907,0
05,239,290,157,0.09258756041526794,3.9408866995073892,2.8794365982921715,0.016783056968360986,1.4481098276302662,0
05,240,290,157,0.09369136393070221,3.0246305418719213,2.919555875190665,0.0,1.4597779375953326,0
05,241,290,157,0.09669212996959686,2.2824302134646954,3.0286228983869514,0.0,1.5143114491934757,0
05,242,290,157,0.09595534950494766,1.8292282430213456,3.0018435857091577,0.0,1.5009217928545788,0
05,243,290,157,0.09587417542934418,1.7044334975369462,2.9988932008167577,0.0,1.4994466004083788,0
05,244,290,157,0.09548747539520264,2.144499178981938,2.9848380492164495,0.0,1.4924190246082247,0
05,245,290,157,0.09442092478275299,2.7701149425287346,2.9460727809881715,0.0,1.4730363904940857,0
05,246,290,157,0.09248443692922592,3.4778325123152714,2.8756884314912803,3.219137074709459e-17,1.4378442157456401,0
05,247,290,157,0.09607050567865372,4.09688013136289,3.006029097310529,0.0224369236775606,1.5142330104940447,0
05,248,290,157,0.09403954446315765,4.7159277504105095,2.9322109818259703,0.0448738473551212,1.4885424145905457,0
05,249,290,157,0.09247630089521408,5.334975369458128,2.875392715997705,0.06731077103268177,1.4713517435151933,0
05,250,290,157,0.0971686989068985,5.954022988505748,3.045944460503288,0.08974769471024237,1.567846077606765,0
05,251,290,157,0.09462553262710571,6.573070607553366,2.953509538208465,0.11218461838780293,1.5328470782981338,0
05,252,290,157,0.09282968193292618,6.9064039408867,2.888236842243372,0.12426603882956634,1.506251440536469,0
05,253,290,163,0.0917765200138092,3.1822660098522175,2.8499582047311693,0.0,1.4249791023655847,0
05,254,290,163,0.09115669876337051,3.2643678160919545,2.827429937674385,0.0,1.4137149688371926,0
05,255,290,163,0.09400180727243423,3.4285714285714284,2.930839371043042,0.0,1.465419685521521,0
05,256,290,175,0.09314831346273422,8.236453201970443,2.8998179492014615,0.1724726918237946,1.536145320512628,0
05,257,290,175,0.09197084605693817,7.175697865353037,2.8570212555584833,0.13402639820123718,1.4955238268798603,0
05,258,290,175,0.09199079126119614,6.197044334975368,2.8577461918005165,0.09855582389931118,1.4781510078499138,0
05,259,290,175,0.09409691393375397,5.586206896551722,2.9342961551781026,0.07641647215381371,1.5053563136659582,0
05,260,290,175,0.09543627500534058,5.057471264367813,2.982977099700105,0.05725283972894758,1.5201149697145264,0
05,261,290,175,0.09232012182474136,4.610837438423643,2.8697161700486924,0.04106492662471294,1.4553905483367027,0
05,262,290,175,0.09383627027273178,4.246305418719211,2.9248226981160705,0.02785273284110967,1.4763377154785902,0
05,263,290,175,0.09165434539318085,3.9638752052545154,2.84551759789633,0.017616258378137763,1.4315669281372339,0
05,264,290,175,0.09488631784915924,3.763546798029557,2.9629881405034433,0.010355503235797219,1.4866718218696202,0
05,265,290,175,0.09392687678337097,3.6453201970443354,2.9281159180037695,0.006070467414088042,1.4670931927089288,0
05,266,290,175,0.09224753081798553,3.609195402298851,2.8670777487539096,0.0047611509130102295,1.43591944983346,0
05,267,290,187,0.09169919788837433,9.665024630541872,2.8471478243352695,0.2242502080027806,1.535699016169025,0
05,268,290,187,0.09455549716949463,8.31855500821018,2.950964001908459,0.17544841114442594,1.5632062065264425,0
05,269,290,187,0.09345616400241852,7.054187192118225,2.911007206050391,0.12962233360670275,1.5203147698285469,0
05,270,290,187,0.09293495863676071,5.878489326765186,2.892063270745402,0.08701003293526136,1.4895366518403317,0
05,271,290,187,0.09297202527523041,4.866995073891623,2.8934105093722664,0.05034917090508281,1.4718798401386746,0
05,272,290,187,0.09550990909337997,4.019704433497536,2.9856534332376534,0.019639747516167056,1.5026465903769102,0
06,35,233,187,0.09640078246593475,8.620689655172415,3.018033467378928,0.1863990582443495,1.6022162628116388,1
06,36,233,187,0.09567150473594666,8.620689655172415,2.9915268520473157,0.1863990582443495,1.5889629551458326,1
06,37,233,187,0.09686627984046936,8.620689655172415,3.0349526181184765,0.1863990582443495,1.610675838181413,1
06,38,233,187,0.10024024546146393,8.620689655172415,3.1575841001729845,0.1863990582443495,1.671991579208667,1
06,39,233,187,0.09830863773822784,8.620689655172415,3.087377125811891,0.1863990582443495,1.6368880920281204,1
06,40,233,187,0.10092367976903915,8.620689655172415,3.182424472435029,0.1863990582443495,1.6844117653396893,1
06,41,233,187,0.09957911819219589,8.620689655172415,3.1335545083026646,0.1863990582443495,1.659976783273507,1
06,42,233,187,0.09870968759059906,8.620689655172415,3.1019538415519663,0.1863990582443495,1.644176449898158,1
06,43,233,187,0.09983397275209427,8.620689655172415,3.142817552417345,0.1863990582443495,1.6646083053308474,1
06,44,233,187,0.09806866943836212,8.620689655172415,3.0786551435618295,0.1863990582443495,1.6325271009030895,1
06,45,233,187,0.09784793853759766,8.620689655172415,3.070632371389067,0.1863990582443495,1.6285157148167082,1
06,46,233,187,0.09851939976215363,8.620689655172415,3.095037565264504,0.1863990582443495,1.6407183117544268,1
06,47,233,187,0.09957999736070633,8.620689655172415,3.1335864629072816,0.1863990582443495,1.6599927605758156,1
06,48,233,187,0.09990769624710083,8.620689655172415,3.145497135575702,0.1863990582443495,1.6659480969100258,1
06,49,233,181,0.0979248583316803,14.334975369458128,3.073428128491328,0.3935091229602933,1.7334686257258107,1
06,50,233,181,0.09770961850881577,14.049261083743843,3.0656049371965555,0.38315361972449613,1.7243792784605259,1
06,51,233,175,0.09595382958650589,19.47783251231527,3.001788342155413,0.5799081812046427,1.7908482616800279,1
06,52,233,175,0.1012168824672699,18.9064039408867,3.1930813330748298,0.5591971747330484,1.876139253903939,1
06,53,233,175,0.10152117162942886,18.334975369458128,3.2041411466948864,0.538486168261454,1.8713136574781701,1
06,54,233,175,0.09860803931951523,17.76354679802956,3.0982592934944155,0.5177751617898597,1.8080172276421376,1
06,55,233,175,0.1016007512807846,17.192118226600986,3.2070335800162013,0.49706415531826526,1.8520488676672333,1
06,56,233,175,0.10026988387107849,16.620689655172413,3.158661349471008,0.4763531488466708,1.8175072491588393,1
06,57,233,163,0.10111090540885925,27.47783251231527,3.1892294492097997,0.8698622718069641,2.029545860508382,1
06,58,233,163,0.09775365144014359,26.334975369458128,3.0672053754447504,0.8284402588637754,1.9478228171542629,1
06,59,233,163,0.09850360453128815,25.192118226600986,3.0944634655883325,0.7870182459205866,1.9407408557544596,1
06,60,233,163,0.09974102675914764,24.049261083743843,3.1394393007851567,0.7455962329773979,1.9425177668812772,1
06,61,233,163,0.09878594428300858,22.9064039408867,3.1047254972998983,0.704174220034209,1.9044498586670537,1
06,62,233,163,0.09886369854211807,21.76354679802956,3.1075515841963726,0.6627522070910203,1.8851518956436966,1
06,63,233,163,0.09889014065265656,20.620689655172413,3.1085126595504917,0.6213301941478314,1.8649214268491616,1
06,64,233,157,0.10333511233329773,25.192118226600986,3.2700713492702356,0.7870182459205866,2.028544797595411,1
06,65,233,157,0.10223471373319626,23.76354679802956,3.2300758287641993,0.7352407297416007,1.9826582792529,1
06,66,233,157,0.10097659379243851,22.334975369458128,3.1843477063502035,0.6834632135626146,1.9339054599564092,1
06,67,233,157,0.10491091012954712,20.9064039408867,3.3273459160203633,0.6316856973836288,1.979515806701996,1
06,68,233,157,0.10150972008705139,19.47783251231527,3.203724924429662,0.5799081812046427,1.8918165528171524,1
06,69,233,157,0.10324132442474365,18.049261083743843,3.2666624970421005,0.5281306650256569,1.8973965810338786,1
06,70,233,157,0.10381340980529785,16.9064039408867,3.28745573738887,0.48670865208246805,1.887082194735669,1
06,71,233,157,0.10172324627637863,15.763546798029557,3.211485831325605,0.44528663913927924,1.828386235232442,1
06,72,233,157,0.10412329435348511,14.9064039408867,3.2987189231111933,0.4142201294318877,1.8564695262715405,1
06,73,233,151,0.10557723790407181,19.76354679802956,3.3515645275010453,0.59026368444044,1.9709141059707427,1
06,74,233,151,0.10155186057090759,18.620689655172413,3.20525657903741,0.5488416714972512,1.8770491252673305,1
06,75,233,151,0.10441175103187561,17.47783251231527,3.309203283046408,0.5074196585540623,1.9083114708002353,1
06,76,233,151,0.10320119559764862,16.334975369458128,3.2652039589025437,0.46599764561087365,1.8656008022567088,1
06,77,233,151,0.10528495907783508,15.192118226600986,3.3409412462762664,0.4245756326676849,1.8827584394719756,1
06,78,233,151,0.10563631355762482,14.620689655172415,3.3537117144502737,0.40386462619609054,1.8787881703231821,1
06,79,233,151,0.10558091849088669,14.049261083743843,3.3516983035576624,0.38315361972449613,1.8674259616410793,1
06,80,233,151,0.10393036901950836,13.47783251231527,3.2917067830098796,0.3624426132529017,1.8270746981313906,1
06,81,233,148,0.10084736347198486,15.763546798029557,3.179650650273225,0.44528663913927924,1.8124686447062521,1
06,82,233,148,0.10407958924770355,15.049261083743843,3.297130400139296,0.4193978810497863,1.8582641405945413,1
06,83,233,143,0.10152865946292877,19.09688013136289,3.2044133024375996,0.5661008435569131,1.8852570729972564,1
06,84,233,143,0.10212841629981995,18.14449917898194,3.2262123004246055,0.5315824994375892,1.8788973999310974,1
06,85,233,143,0.10308466106653214,17.47783251231527,3.260968348980375,0.5074196585540623,1.8841940037672187,1
06,86,233,143,0.10256347060203552,16.811165845648606,3.2420249552788536,0.4832568176705357,1.8626408864746946,1
06,87,233,143,0.10161780565977097,16.14449917898194,3.207653445185426,0.45909397678700886,1.8333737109862174,1
06,88,233,143,0.10289052128791809,15.47783251231527,3.253912068196412,0.43493113590348204,1.844421602049947,1
06,89,233,143,0.0992649719119072,14.811165845648604,3.122136423988469,0.41076829501995527,1.766452359504212,1
06,90,233,143,0.09960915148258209,14.144499178981938,3.134646110092593,0.38660545413642855,1.7606257821145106,1
06,91,233,142,0.1023392379283905,14.430213464696223,3.2338749062910908,0.3969609573722257,1.8154179318316581,1
06,92,233,133,0.10042545944452286,22.28735632183908,3.164315960479563,0.6817372963566485,1.923026628418106,1
06,93,233,133,0.10101989656686783,21.14449917898194,3.1859216060284625,0.6403152834134597,1.913118444720961,1
06,94,233,133,0.09834074229001999,20.28735632183908,3.0885440104838833,0.6092487737060681,1.8488963920949757,1
06,95,233,133,0.10084651410579681,19.430213464696223,3.1796197788755443,0.5781822639986766,1.8789010214371105,1
06,96,233,133,0.09935750812292099,18.573070607553365,3.125499781525285,0.5471157542912849,1.8363077679082849,1
06,97,233,133,0.09929727762937546,17.715927750410508,3.1233106203072802,0.5160492445838933,1.8196799324455868,1
06,98,233,133,0.09798254072666168,16.858784893267654,3.07552467551629,0.4849827348765019,1.780253705196396,1
06,99,233,133,0.09902698546648026,16.001642036124796,3.1134864749996622,0.4539162251691103,1.7837013500843864,1
06,100,233,133,0.09801178425550461,15.144499178981938,3.07658757232241,0.4228497154617187,1.7497186438920642,1
06,101,233,131,0.09787061810493469,16.192118226600986,3.071456691867494,0.46081989399297507,1.7661382929302345,1
06,102,233,131,0.09812190383672714,15.382594417077176,3.0805900219515676,0.43147930149154967,1.7560346617215585,1
06,103,233,131,0.0989069864153862,14.573070607553367,3.1091249422711633,0.4021387089901243,1.7556318256306438,1
06,104,233,131,0.0968918725848198,14.001642036124796,3.0358828220749148,0.3814277025185299,1.7086552622967224,1
06,105,233,131,0.09870819747447968,13.430213464696223,3.101899681205158,0.3607166960469355,1.7313081886260469,1
06,106,233,131,0.09993846714496613,12.858784893267652,3.1466155467373,0.3400056895753411,1.7433106181563205,1
06,107,233,131,0.09948111325502396,12.287356321839075,3.129992382293061,0.3192946831037466,1.7246435326984038,1
06,108,233,131,0.10059679299592972,11.715927750410506,3.17054331715562,0.29858367663215224,1.7345634968938861,1
06,109,233,131,0.10172702372074127,11.144499178981935,3.2116231278047644,0.2778726701605579,1.7447478989826612,1
06,110,233,131,0.10502994060516357,10.573070607553364,3.3316722445234372,0.25716166368896354,1.7944169541062003,1
06,111,233,131,0.10136336088180542,10.001642036124792,3.198405295166118,0.23645065721736913,1.7174279761917435,1
06,112,233,131,0.10387244075536728,9.477832512315269,3.289601299527694,0.21746556795174096,1.7535334337397175,1
06,113,233,131,0.10300349444150925,9.382594417077174,3.258018234889709,0.21401373353980857,1.7360159842147587,1
06,114,233,131,0.10187092423439026,9.287356321839079,3.2168533924960743,0.21056189912787618,1.7137076458119753,1
06,115,233,131,0.10110889375209808,9.192118226600982,3.189156332741608,0.20711006471594373,1.698133198728776,1
06,116,233,131,0.10048531740903854,9.096880131362887,3.166491581610866,0.20365823030401134,1.6850749059574386,1
06,117,233,131,0.10309286415576935,9.001642036124792,3.2612665016895566,0.20020639589207898,1.7307364487908177,1
06,118,233,131,0.09979994595050812,8.906403940886698,3.14158080089797,0.19675456148014658,1.6691676811890583,1
06,119,233,133,0.09941855818033218,7.041050903119869,3.127718730934035,0.12914621851540178,1.6284324747247183,1
06,120,233,137,0.10004191845655441,4.610837438423646,3.1503756288144893,0.04106492662471304,1.5957202777196011,1
06,121,233,139,0.09619349986314774,3.783251231527093,3.010499492336113,0.011069675872748716,1.510784584104431,1
06,122,233,139,0.0979345366358757,3.484400656814449,3.07377989994385,0.00023805754565049377,1.5370089787447503,1
06,123,233,142,0.09996481239795685,3.169129720853859,3.147573101668877,0.0,1.5737865508344384,1
06,124,233,142,0.09716587513685226,2.7274220032840724,3.0458418266460856,0.0,1.5229209133230428,1
06,125,233,142,0.09901286661624908,2.4105090311986848,3.1129733057136506,0.0,1.5564866528568253,1
06,126,233,142,0.10181327164173126,2.2742200328407227,3.2147579286780483,0.0,1.6073789643390242,1
06,127,233,143,0.1030832901597023,1.9376026272578017,3.260918521461311,0.0,1.6304592607306554,1
06,128,233,143,0.10268813371658325,2.009852216748771,3.246556009892864,0.0,1.623278004946432,1
06,129,233,147,0.09947734326124191,2.4072249589490973,3.1298553566156353,0.0,1.5649276783078176,1
06,130,233,62,0.09951402246952057,79.47783251231526,3.1311885135523294,2.7545638607220524,2.942876187137191,1
06,131,233,62,0.10195904225111008,76.19211822660097,3.2200561646046024,2.6354755735103845,2.9277658690574935,1
06,132,233,62,0.10224325954914093,72.90640394088669,3.230386438353147,2.516387286298717,2.873386862325932,1
06,133,233,62,0.10105648636817932,69.6206896551724,3.1872515133443486,2.3972989990870492,2.792275256215699,1
06,134,233,62,0.10073694586753845,66.33497536945814,3.1756373685747055,2.2782107118753823,2.726924040225044,1
06,135,233,62,0.09982259571552277,63.04926108374384,3.142404038169461,2.1591224246637144,2.6507632314165877,1
06,136,233,62,0.10032439231872559,59.76354679802956,3.1606425349572675,2.040034137452047,2.6003383362046573,1
06,137,233,62,0.09938692301511765,56.477832512315274,3.126568906771287,1.9209458502403791,2.523757378505833,1
06,138,233,62,0.10239193588495255,53.19211822660098,3.2357902869559783,1.801857563028711,2.5188239249923448,1
06,139,233,62,0.1032707691192627,49.9064039408867,3.267732705495039,1.6827692758170436,2.475250990656041,1
06,140,233,62,0.10079527646303177,46.52545155993432,3.1777574753505293,1.5602291541934437,2.3689933147719864,1
06,141,233,62,0.10280190408229828,42.95402298850575,3.250691152371703,1.4307853637459789,2.340738258058841,1
06,142,233,66,0.09929616004228592,36.18062397372742,3.1232700000471736,1.1852885197938898,2.1542792599205316,1
06,143,233,66,0.10296927392482758,32.40558292282431,3.2567744425252485,1.0484649454312596,2.152619693978254,1
06,144,233,66,0.10117912292480469,28.569786535303777,3.1917089098866986,0.9094393387713614,2.05057412432903,1
06,145,233,66,0.1014513224363327,24.81609195402299,3.2016023804382314,0.7733894514320949,1.9874959159351633,1
06,146,233,62,0.1006726399064064,24.95402298850575,3.173300078808179,0.7783886598907557,1.9758443693494674,1
06,147,233,62,0.1000482514500618,21.095238095238095,3.1506058102884262,0.6385298518210809,1.8945678310547536,1
06,148,233,62,0.10139375925064087,17.155993431855503,3.1995101662410144,0.49575483881718746,1.847632502529101,1
06,149,233,62,0.1019744873046875,13.216748768472907,3.220617536599274,0.35297982581329396,1.7867986812062842,1
06,150,233,62,0.10207580029964447,9.382594417077176,3.224299898578793,0.21401373353980863,1.7191568160593007,1
06,151,233,62,0.10128171741962433,9.382594417077176,3.195437849764473,0.21401373353980863,1.7047257916521408,1
06,152,233,62,0.10329432785511017,9.382594417077176,3.2685889805780834,0.21401373353980863,1.741301357058946,1
06,153,233,62,0.10055876523256302,9.382594417077176,3.1691611451050634,0.21401373353980863,1.691587439322436,1
06,154,233,62,0.0984295979142189,9.382594417077176,3.091773591964082,0.21401373353980863,1.6528936627519453,1
06,155,233,60,0.10129686444997787,11.28735632183908,3.195988389689783,0.2830504217784566,1.7395194057341197,1
06,156,233,60,0.1012953445315361,11.192118226600986,3.195933146136038,0.2795985873665242,1.7377658667512812,1
06,157,233,60,0.10113945603370667,11.09688013136289,3.190267161454653,0.27614675295459185,1.7332069572046225,1
06,158,233,60,0.10074874758720398,11.001642036124796,3.1760663185214297,0.2726949185426594,1.7243806185320445,1
06,159,233,60,0.09827041625976562,10.9064039408867,3.08598791291625,0.269243084130727,1.6776154985234886,1
06,160,233,60,0.10282208025455475,10.811165845648604,3.251424483467492,0.2657912497187946,1.7586078665931433,1
06,161,233,60,0.10091700404882431,10.71592775041051,3.1821818340813266,0.2623394153068622,1.7222606246940944,1
06,162,233,53,0.09970476478338242,17.28735632183908,3.1381213087455686,0.5005159897301976,1.819318649237883,1
06,163,233,50,0.09949862957000732,19.525451559934318,3.1306290371697965,0.5816340984106089,1.8561315677902026,1
06,164,233,50,0.0988762229681015,18.76354679802956,3.108006801911299,0.5540194231151498,1.8310131125132245,1
06,165,233,48,0.10135490447282791,19.9064039408867,3.1980979351979792,0.5954414360583385,1.8967696856281588,1
06,166,233,50,0.09882336109876633,17.25287356321839,3.106085463608263,0.49926618761553243,1.8026758256118978,1
06,167,233,50,0.09955322742462158,16.599343185550083,3.132613472276865,0.4755794618233067,1.8040964670500856,1
06,168,233,50,0.09793147444725037,16.001642036124796,3.0736686004311586,0.4539162251691103,1.7637924128001345,1
06,169,233,50,0.09770244359970093,15.430213464696223,3.065344155126672,0.4332052186975158,1.7492746869120939,1
06,170,233,48,0.09826793521642685,16.76354679802956,3.0858977359388136,0.4815309004645695,1.7837143182016915,1
06,171,233,48,0.10009846091270447,16.09688013136289,3.152430743174143,0.45736805958104265,1.8048994013775927,1
06,172,233,48,0.10392091423273087,15.430213464696223,3.291363135609379,0.4332052186975158,1.8622841771534473,1
06,173,233,48,0.10103654116392136,14.763546798029557,3.186526577102315,0.4090423778139891,1.7977844774581522,1
06,174,233,48,0.10031665116548538,14.09688013136289,3.160361171955597,0.38487953693046234,1.7726203544430297,1
06,175,233,48,0.10125036537647247,13.430213464696223,3.1942983160676195,0.3607166960469355,1.7775075060572776,1
06,176,233,42,0.10140486061573029,18.573070607553365,3.1999136608247385,0.5471157542912849,1.8735147075580116,1
06,177,233,42,0.10131770372390747,17.715927750410508,3.1967458221399014,0.5160492445838933,1.8563975333618974,1
06,178,233,42,0.10250235348939896,16.858784893267654,3.239803568654498,0.4849827348765019,1.8623931517655,1
06,179,233,42,0.10087088495492935,16.001642036124796,3.180505571347599,0.4539162251691103,1.8172108982583548,1
06,180,233,42,0.10349774360656738,15.144499178981938,3.2759824095209296,0.4228497154617187,1.849416062491324,1
06,181,233,42,0.10180281847715378,14.28735632183908,3.2143779938451855,0.3917832057543271,1.8030805997997563,1
06,182,233,42,0.09984505921602249,13.430213464696223,3.143220505397601,0.3607166960469355,1.7519686007222683,1
06,183,233,42,0.09982740134000778,12.9064039408867,3.142578705287919,0.3417316067813073,1.7421551560346131,1
06,184,233,42,0.1004997193813324,12.52545155993432,3.1670150413627716,0.3279242691335778,1.7474696552481748,1
06,185,233,42,0.0977543368935585,12.144499178981938,3.0672302892042826,0.3141169314858482,1.6906736103450655,1
06,186,233,42,0.0989222452044487,11.858784893267652,3.109679544222484,0.303761428250051,1.7067204862362675,1
06,187,233,42,0.09885349869728088,11.47783251231527,3.1071808566224677,0.28995409060232136,1.6985674736123946,1
06,188,233,42,0.09748659282922745,11.09688013136289,3.0574987580897077,0.27614675295459185,1.6668227555221498,1
06,189,233,42,0.09546951949596405,10.71592775041051,2.9841854170374056,0.2623394153068622,1.6232624161721338,1
06,190,233,42,0.09816570580005646,10.334975369458128,3.0821820653460072,0.24853207765913263,1.6653570715025698,1
06,191,233,42,0.09627920389175415,10.049261083743843,3.013614524682812,0.23817657442333545,1.6258955495530736,1
06,192,233,42,0.10067664086818695,9.763546798029557,3.17344549933936,0.22782107118753825,1.7006332852634491,1
06,193,233,42,0.09921512007713318,9.47783251231527,3.120324489585986,0.21746556795174102,1.6688950287688635,1
06,194,233,42,0.09944582730531693,9.192118226600986,3.1287098652806327,0.20711006471594387,1.6679099649982883,1
06,195,233,42,0.1003962978720665,8.9064039408867,3.1632560424925185,0.19675456148014664,1.6800053019863326,1
06,196,233,42,0.09870732575654984,8.620689655172415,3.101867997402275,0.1863990582443495,1.6441335278233122,1
06,197,233,42,0.09923805296421051,8.620689655172415,3.121158017323371,0.1863990582443495,1.6537785377838603,1
06,198,233,42,0.09685078263282776,8.620689655172415,3.0343893505116664,0.1863990582443495,1.610394204378008,1
06,199,233,42,0.09927170723676682,8.620689655172415,3.122381228756044,0.1863990582443495,1.6543901435001969,1
06,200,233,42,0.09714818000793457,8.620689655172415,3.045198672527733,0.1863990582443495,1.6157988653860413,1
06,201,233,42,0.09742221236228943,8.620689655172415,3.0551587603058405,0.1863990582443495,1.620778909275095,1
06,202,233,42,0.0949588492512703,8.620689655172415,2.9656243953843533,0.1863990582443495,1.5760117268143514,1
06,203,233,42,0.0946369469165802,8.620689655172415,2.9539244064650187,0.1863990582443495,1.5701617323546841,1
06,204,233,42,0.09629187732934952,8.620689655172415,3.0140751584324192,0.1863990582443495,1.6002371083383844,1
06,205,233,42,0.09363268315792084,8.620689655172415,2.9174230407333415,0.1863990582443495,1.5519110494888455,1
06,206,233,42,0.09623637050390244,8.620689655172415,3.0120576855137977,0.1863990582443495,1.5992283718790736,1
06,207,233,42,0.09461233764886856,8.620689655172415,2.9530299483374742,0.1863990582443495,1.5697145032909119,1
06,208,233,42,0.09522219747304916,8.620689655172415,2.9751961534758427,0.1863990582443495,1.580797605860096,1
06,209,233,42,0.09689293056726456,8.620689655172415,3.0359212759211487,0.1863990582443495,1.6111601670827491,1
06,210,233,42,0.09216377139091492,8.620689655172415,2.8640333956597965,0.1863990582443495,1.525216226952073,1
06,211,233,42,0.09525474160909653,8.620689655172415,2.9763790154501435,0.1863990582443495,1.5813890368472465,1
06,212,233,42,0.0950639545917511,8.620689655172415,2.9694445954465003,0.1863990582443495,1.577921826845425,1
06,213,233,42,0.09533106535673141,8.620689655172415,2.9791531084136813,0.1863990582443495,1.5827760833290154,1
06,214,233,42,0.09691843390464783,8.620689655172415,3.0368482302567785,0.1863990582443495,1.611623644250564,1
06,215,233,42,0.10016097873449326,8.620689655172415,3.1547030405244993,0.1863990582443495,1.6705510493844244,1
07,35,231,28,0.09624679386615753,2.154351395730704,3.012436537139724,0.0,1.506218268569862,1
07,36,231,28,0.09451395273208618,2.4630541871921174,2.949454011439434,0.0,1.474727005719717,1
07,37,231,28,0.09436530619859695,2.9293924466338255,2.9440512460435393,0.0,1.4720256230217696,1
07,38,231,28,0.0954691469669342,3.4778325123152705,2.9841718769507035,0.0,1.4920859384753518,1
07,39,231,36,0.09657297283411026,3.6288998357963878,3.0242919662543994,0.005475323549961759,1.5148836449021805,1
07,40,231,36,0.09466278553009033,2.89983579638752,2.9548635468786806,0.0,1.4774317734393403,1
07,41,231,36,0.09584461152553558,2.3349753694581263,2.9978186595360743,0.0,1.4989093297680371,1
07,42,231,36,0.09700381010770798,1.9704433497536926,3.039951347327179,0.0,1.5199756736635894,1
07,43,231,42,0.09537491202354431,5.474548440065682,2.9807467766185254,0.07236949387775513,1.5265581352481403,1
07,44,231,42,0.09364546835422516,4.509031198686371,2.9178877365089595,0.037375034667130096,1.4776313855880447,1
07,45,231,42,0.0923265740275383,3.6256157635467976,2.869950684350374,0.0053562947771364795,1.4376534895637552,1
07,46,231,42,0.09671185165643692,2.889983579638752,3.0293397105769637,0.0,1.5146698552884819,1
07,47,231,42,0.0971098467707634,2.400656814449919,3.0438053976060813,0.0,1.5219026988030406,1
07,48,231,42,0.10047724097967148,2.1576354679802967,3.166198032531163,0.0,1.5830990162655816,1
07,49,231,42,0.09648928791284561,2.160919540229886,3.0212503211776265,0.0,1.5106251605888132,1
07,50,231,42,0.09562993794679642,2.3973727422003286,2.990016049173089,0.0,1.4950080245865445,1
07,51,231,42,0.09876039624214172,2.7159277504105086,3.103796918153864,0.0,1.551898459076932,1
07,52,231,42,0.09664013236761093,3.116584564860427,3.0267329730850645,0.0,1.5133664865425323,1
07,53,231,42,0.09614619612693787,3.599343185550082,3.008780172126673,0.0044040645945344565,1.5065921183606037,1
07,54,231,50,0.09580574929714203,3.67487684729064,2.9964061576913052,0.007141726369515312,1.5017739420304104,1
07,55,231,50,0.09627097100019455,2.9326765188834143,3.013315288766694,0.0,1.506657644383347,1
07,56,231,50,0.09605293720960617,2.4170771756978646,3.005390546821655,0.0,1.5026952734108274,1
07,57,231,50,0.0961996391415596,2.1477832512315262,3.010722632964965,0.0,1.5053613164824824,1
07,58,231,50,0.0987498015165329,2.1247947454844,3.103411838088055,0.0,1.5517059190440274,1
07,59,231,50,0.09712953120470047,2.3481116584564847,3.044520855787423,0.0,1.5222604278937115,1
07,60,231,50,0.09675535559654236,2.745484400656813,3.030920921902042,0.0,1.515460460951021,1
07,61,231,50,0.09977121651172638,3.2249589490968793,3.1405365894114996,0.0,1.5702682947057498,1
07,62,231,50,0.09820839762687683,3.7865353037766827,3.0837337592820746,0.011188704645573979,1.5474612319638243,1
07,63,231,50,0.09646467119455338,4.430213464696223,3.020355592248348,0.03451834411932398,1.527436968183836,1
07,64,231,50,0.09882485866546631,4.811165845648604,3.1061398947568057,0.04832568176705358,1.5772327882619297,1
07,65,231,50,0.09768996387720108,5.192118226600985,3.0648905622221494,0.06213301941478316,1.5635117908184664,1
07,66,231,57,0.0996016263961792,2.269293924466338,3.134372600341209,0.0,1.5671863001706046,1
07,67,231,60,0.0964108556509018,3.3842364532019706,3.0183995913233543,0.0,1.5091997956616772,1
07,68,231,60,0.09742669016122818,2.80623973727422,3.0553215121480006,0.0,1.5276607560740003,1
07,69,231,60,0.09828819334506989,2.3924466338259434,3.086634045853677,0.0,1.5433170229268385,1
07,70,231,60,0.09721768647432327,2.1855500821018046,3.0477249819046217,0.0,1.5238624909523109,1
07,71,231,62,0.09981335699558258,2.425287356321839,3.1420682440192476,0.0,1.5710341220096238,1
07,72,231,62,0.09895040094852448,2.126436781609195,3.1107029039754326,0.0,1.5553514519877163,1
07,73,231,62,0.10203194618225098,2.139573070607553,3.222705959572215,0.0,1.6113529797861075,1
07,74,231,62,0.09613355994224548,2.343185550082102,3.008320892385736,0.0,1.504160446192868,1
07,75,231,62,0.097315214574337,2.510673234811166,3.051269776603247,0.0,1.5256348883016235,1
07,76,231,62,0.09605275839567184,2.7602627257799677,3.005384047580038,0.0,1.502692023790019,1
07,77,231,62,0.09552626311779022,3.0919540229885056,2.9862478430438784,0.0,1.4931239215219392,1
07,78,231,68,0.09537479281425476,2.487684729064039,2.980742443790781,0.0,1.4903712218953904,1
07,79,231,68,0.09540119767189026,2.0410509031198685,2.98170216513623,0.0,1.490851082568115,1
07,80,231,68,0.09681464731693268,1.9031198686371096,3.0330759621015573,0.0,1.5165379810507786,1
07,81,231,68,0.10137190669775009,1.9523809523809523,3.1987159047550655,0.0,1.5993579523775328,1
07,82,231,68,0.0964786559343338,2.165845648604269,3.020863887103147,0.0,1.5104319435515734,1
07,83,231,68,0.09796173125505447,2.543513957307061,3.074768326273108,0.0,1.537384163136554,1
07,84,231,68,0.09549591690301895,3.085385878489327,2.9851448675811203,0.0,1.4925724337905601,1
07,85,231,68,0.09576576948165894,3.788177339901478,2.9949530355864296,0.011248219031986636,1.503100627309208,1
07,86,231,69,0.09416702389717102,3.6338259441707725,2.9368443994954485,0.005653866709199661,1.471249133102324,1
07,87,231,78,0.09428320825099945,4.379310344827586,2.941067281736118,0.032673398140532536,1.4868703399383252,1
07,88,231,78,0.09501918405294418,3.6042692939244665,2.9678173478266348,0.004582607753772343,1.4861999777902035,1
07,89,231,78,0.09646876156330109,2.911330049261083,3.0205042624003378,0.0,1.5102521312001689,1
07,90,231,78,0.09440390020608902,2.369458128078817,2.945453999025883,0.0,1.4727269995129415,1
07,91,231,78,0.09842371195554733,2.0738916256157633,3.091559658594188,0.0,1.545779829297094,1
07,92,231,78,0.10134173929691315,1.9195402298850575,3.197619428533925,0.0,1.5988097142669624,1
07,93,231,80,0.09979404509067535,2.1428571428571437,3.141366325924608,0.0,1.570683162962304,1
07,94,231,80,0.1014881357550621,1.9228243021346463,3.202940411806139,0.0,1.6014702059030694,1
07,95,231,80,0.09839851409196854,1.9490968801313628,3.090643807129654,0.0,1.545321903564827,1
07,96,231,80,0.09600318968296051,2.16584564860427,3.0035824036434486,0.0,1.5017912018217243,1
07,97,231,80,0.09541775286197662,2.546798029556651,2.9823038865892735,0.0,1.4911519432946367,1
07,98,231,78,0.09810737520456314,4.858784893267652,3.0800619585701834,0.05005159897301977,1.5650567787716017,1
07,99,231,78,0.0962183028459549,5.334975369458128,3.0114009913087427,0.06731077103268177,1.5393558811707122,1
07,100,231,78,0.09767400473356247,5.811165845648604,3.064310504907829,0.08456994309234375,1.5744402240000865,1
07,101,231,78,0.09783278405666351,6.28735632183908,3.070081560662023,0.10182911515200571,1.5859553379070144,1
07,102,231,78,0.09503338485956192,6.763546798029556,2.9683334959317214,0.1190882872116677,1.5437108915716946,1
07,103,231,78,0.09755437076091766,7.239737274220031,3.059962241464298,0.13634745927132966,1.5981548503678138,1
07,104,231,80,0.09914960712194443,5.945812807881774,3.117943329938545,0.08945012277817922,1.6036967263583621,1
07,105,231,80,0.09687924385070801,6.4088669950738915,3.0354238131357114,0.10623317974654016,1.5708284964411259,1
07,106,231,80,0.09682995080947876,6.954022988505746,3.033632188863282,0.12599195603553245,1.5798120724494071,1
07,107,231,81,0.09820640087127686,6.538587848932676,3.083661184417351,0.11093481627313773,1.5972980003452444,1
07,108,231,131,0.09918911010026932,40.95073891625616,3.1193791207324417,1.358177812322573,2.2387784665275072,1
07,109,231,131,0.09651786834001541,38.509031198686365,3.022289116629416,1.269679919726996,2.145984518178206,1
07,110,231,131,0.09456104785203934,36.14942528735632,2.951165749200321,1.18415774645205,2.0676617478261856,1
07,111,231,131,0.0971347987651825,33.871921182266014,3.0447123126133917,1.101611292497736,2.073161802555564,1
07,112,231,127,0.09496639668941498,29.390804597701152,2.9658987175409393,0.9391965319776753,1.9525476247593072,1
07,113,231,127,0.0963425561785698,27.467980295566502,3.015917151827381,0.8695051854884883,1.9427111686579346,1
07,114,231,127,0.09278510510921478,25.72249589490969,2.8866166354685916,0.8062413927318653,1.8464290141002284,1
07,115,231,127,0.09508965909481049,24.05911330049261,2.9703788614289492,0.7459533192958735,1.8581660903624113,1
07,116,231,127,0.0959700345993042,22.47783251231527,3.002377335926957,0.6886409651805132,1.845509150553735,1
07,117,231,127,0.09604496508836746,20.97865353037767,3.005100788966229,0.6343043303857844,1.8197025596760066,1
07,118,231,127,0.09609664976596832,19.5615763546798,3.006979340595286,0.5829434149116867,1.7949613777534863,1
07,119,231,131,0.09661364555358887,18.45320197044335,3.025770272920541,0.5427712040831632,1.784270738501852,1
07,120,231,131,0.09699247032403946,16.61576354679803,3.039539187087965,0.4761746056874329,1.757856896387699,1
07,121,231,131,0.09613844007253647,14.942528735632187,3.008498267521534,0.4155294459329656,1.7120138567272498,1
07,122,231,131,0.0919015109539032,13.433497536945813,2.8545011746214777,0.3608357248197608,1.6076684497206193,1
07,123,231,131,0.09464501589536667,12.088669950738915,2.9542176847429875,0.3120934423478188,1.6331555635454031,1
07,124,231,131,0.09717495739459991,10.878489326765186,3.0461719339598843,0.2682313395617122,1.6572016367607982,1
07,125,231,131,0.10032276809215546,9.845648604269291,3.1605835001792464,0.2307967905081695,1.6956901453437079,1
07,126,231,131,0.09438404440879822,8.894909688013135,2.944732312404658,0.1963379607752582,1.570535136589958,1
07,127,231,131,0.09734315425157547,8.026272577996714,3.052285283105909,0.16485485036297823,1.6085700667344436,1
07,128,231,131,0.09555405378341675,7.287356321839078,2.987257933511859,0.1380733764772958,1.5626656549945774,1
07,129,231,131,0.0948251262307167,7.287356321839078,2.9607640458617466,0.1380733764772958,1.5494187111695212,1
07,130,231,131,0.09572580456733704,7.287356321839078,2.993500455085022,0.1380733764772958,1.565786915781159,1
07,131,231,131,0.09522153437137604,7.287356321839078,2.975172052121513,0.1380733764772958,1.5566227142994045,1
07,132,231,131,0.093385711312294,7.287356321839078,2.908446504853279,0.1380733764772958,1.5232599406652874,1
07,133,231,131,0.09523208439350128,7.477832512315269,2.975555507376918,0.14497704530116062,1.5602662763390394,1
07,134,231,131,0.09483055770397186,7.668308702791459,2.9609614603258643,0.1518807141250254,1.556421087225445,1
07,135,231,131,0.0956156849861145,7.858784893267649,2.989498005455864,0.1587843829488902,1.574141194202377,1
07,136,231,131,0.09433434158563614,8.04926108374384,2.942925794036856,0.165688051772755,1.5543069229048054,1
07,137,231,131,0.0912172794342041,8.23973727422003,2.8296318265738902,0.17259172059661976,1.501111773585255,1
07,138,231,131,0.09299983829259872,8.430213464696221,2.8944214122454497,0.1794953894204846,1.536958400832967,1
07,139,231,131,0.09384232759475708,8.620689655172411,2.925042859925848,0.18639905824434935,1.5557209590850987,1
07,140,231,131,0.0951186865568161,8.620689655172411,2.971433904984781,0.18639905824434935,1.5789164816145653,1
07,141,231,131,0.09653434157371521,8.620689655172411,3.0228878592633857,0.18639905824434935,1.6046434587538676,1
07,142,231,131,0.0950833186507225,8.620689655172411,2.9701484091532784,0.18639905824434935,1.578273733698814,1
07,143,231,131,0.09696999937295914,8.620689655172411,3.038722449058091,0.18639905824434935,1.6125607536512203,1
07,144,231,131,0.09798690676689148,8.620689655172411,3.0756833653324396,0.18639905824434935,1.6310412117883946,1
07,145,231,137,0.09736739099025726,4.610837438423646,3.053166201146751,0.04106492662471304,1.547115563885732,1
07,146,231,137,0.09994304180145264,4.407224958949097,3.146781819002003,0.03368514270954722,1.590233480855775,1
07,147,231,137,0.09681165963411331,4.285714285714286,3.032967370606206,0.029281078115012762,1.5311242243606094,1
07,148,231,137,0.09544054418802261,4.246305418719211,2.9831322690937117,0.02785273284110967,1.5054925009674107,1
07,149,231,144,0.09428691118955612,3.81609195402299,2.941201870197937,0.012259963601001346,1.4767309168994693,1
07,150,231,144,0.09445713460445404,3.279146141215108,2.947388877415621,0.0,1.4736944387078106,1
07,151,231,144,0.09820842742919922,2.824302134646963,3.0837348424890108,0.0,1.5418674212445054,1
07,152,231,144,0.09806669503450394,2.451559934318555,3.078583381102308,0.0,1.539291690551154,1
07,153,231,144,0.0933723896741867,2.1609195402298838,2.9079623113528097,0.0,1.4539811556764048,1
07,154,231,144,0.09114126116037369,2.0246305418719213,2.826868836481448,0.0,1.413434418240724,1
07,155,231,144,0.09178943932056427,2.052545155993433,2.8504277749380003,0.0,1.4252138874690001,1
07,156,231,144,0.09495019167661667,2.2446633825944184,2.965309723769395,0.0,1.4826548618846975,1
07,157,231,144,0.0975504219532013,2.600985221674878,3.0598187165452555,0.0,1.5299093582726278,1
07,158,231,151,0.09332296997308731,3.784893267651888,2.9061660834509015,0.011129190259161356,1.4586476368550314,1
07,159,231,151,0.09579771757125854,3.0689655172413786,2.9961142334220066,0.0,1.4980571167110033,1
07,160,231,151,0.09746062010526657,2.5172413793103434,3.056554743244833,0.0,1.5282773716224165,1
07,161,231,151,0.09667645394802094,2.1297208538587817,3.028053131538525,0.0,1.5140265657692624,1
07,162,231,151,0.09405484050512314,1.9688013136288955,2.932766937785961,0.0,1.4663834688929804,1
07,163,231,151,0.0938415676355362,2.054187192118223,2.9250152381489753,0.0,1.4625076190744877,1
07,164,231,151,0.09636156260967255,2.3858784893267635,3.0166079670509247,0.0,1.5083039835254624,1
07,165,231,151,0.09221488237380981,2.9638752052545154,2.865891095555333,0.0,1.4329455477776665,1
07,166,231,151,0.09162788093090057,3.620689655172414,2.8445557101370085,0.005177751617898626,1.4248667308774536,1
07,167,231,151,0.09268192946910858,4.287356321839081,2.882866573055562,0.0293405925014254,1.4561035827784936,1
07,168,231,151,0.09472150355577469,4.954022988505748,2.9569977353446744,0.05350343338495219,1.5052505843648132,1
07,169,231,151,0.09376712888479233,5.620689655172415,2.92230965802415,0.07766627426847898,1.4999879661463145,1
07,170,231,151,0.0929601788520813,5.954022988505748,2.892979934615138,0.08974769471024237,1.4913638146626902,1
07,171,231,157,0.0941024124622345,2.372742200328408,2.9344960068578265,0.0,1.4672480034289133,1
07,172,231,157,0.09329985827207565,2.4137931034482754,2.9053260564718997,0.0,1.4526630282359498,1
07,173,231,157,0.09296275675296783,2.619047619047619,2.893073632015117,0.0,1.4465368160075585,1
07,174,231,157,0.09153497964143753,2.912972085385878,2.8411790833152244,0.0,1.4205895416576122,1
07,175,231,157,0.0899970754981041,3.288998357963873,2.7852818141844398,0.0,1.3926409070922199,1
07,176,231,157,0.08864378929138184,3.7471264367816084,2.736094741221511,0.009760359371670904,1.372927550296591,1
07,177,231,157,0.08993850648403168,4.287356321839081,2.7831530417531267,0.0293405925014254,1.406246817127276,1
07,178,231,157,0.09008704125881195,4.9064039408867,2.788551745123011,0.051777516178986,1.4201646306509985,1
07,179,231,157,0.08787791430950165,5.192118226600986,2.7082579477722786,0.062133019414783185,1.385195483593531,1
07,180,231,157,0.09169279783964157,5.477832512315271,2.8469152056457263,0.07248852265058037,1.4597018641481534,1
07,181,231,157,0.09053713083267212,5.763546798029557,2.804910877876558,0.08284402588637756,1.4438774518814679,1
07,182,231,157,0.09234800189733505,6.0492610837438425,2.870729510137482,0.09319952912217475,1.4819645196298283,1
07,183,231,157,0.09001254290342331,6.334975369458128,2.7858439985843133,0.10355503235797194,1.4446995154711426,1
07,184,231,157,0.09076745808124542,6.620689655172415,2.8132824426827683,0.11391053559376915,1.4635964891382687,1
07,185,231,157,0.09118246287107468,6.9064039408867,2.8283663700707065,0.12426603882956634,1.4763162044501363,1
07,186,231,157,0.09474837779998779,7.192118226600986,2.9579745171993683,0.13462154206536353,1.5462980296323658,1
07,187,231,163,0.0928431823849678,3.467980295566503,2.8887275349854584,0.0,1.4443637674927292,1
07,188,231,163,0.08965343236923218,3.5500821018062405,2.7727916258051675,0.0026186330021556567,1.3877051294036615,1
07,189,231,163,0.09209413826465607,3.7142857142857144,2.8615024826534294,0.008570071643418387,1.435036277148424,1
07,190,231,163,0.09121166914701462,3.9605911330049253,2.8294279128681556,0.017497229605312484,1.4234625712367341,1
07,191,231,163,0.09140349179506302,4.288998357963873,2.8363999743128305,0.029400106887837944,1.4329000406003343,1
07,192,231,163,0.0937177911400795,4.413793103448275,2.9205164089413165,0.033923200255197676,1.477219804598257,1
07,193,231,175,0.09295376390218735,6.807881773399014,2.8927467743221267,0.12069517564480864,1.5067209749834676,1
07,194,231,175,0.09175354987382889,6.032840722495894,2.8491233229851143,0.09260438525804844,1.4708638541215813,1
07,195,231,175,0.09130891412496567,5.339901477832511,2.832962417100887,0.06748931419191959,1.4502258656464033,1
07,196,231,175,0.09377085417509079,4.729064039408865,2.9224450588911717,0.04534996244642212,1.4838975106687968,1
07,197,231,175,0.09349475055932999,4.200328407224956,2.9124096882310004,0.02618633002155602,1.4692980091262782,1
07,198,231,175,0.09293229877948761,3.7536945812807865,2.8919665945263486,0.009998416917321382,1.450982505721835,1
07,199,231,175,0.09250834584236145,3.3891625615763536,2.8765574342558247,0.0,1.4382787171279123,1
07,200,231,175,0.09261821210384369,3.106732348111658,2.880550676626025,0.0,1.4402753383130125,0
07,201,231,187,0.09122943878173828,11.379310344827585,2.8300737750038483,0.2863832274175637,1.558228501210706,0
07,202,231,187,0.09108807146549225,10.032840722495894,2.8249355829021137,0.23758143055920913,1.5312585067306614,0
07,203,231,187,0.09052591025829315,8.76847290640394,2.8045030504650894,0.19175535302148589,1.4981292017432877,0
07,204,231,187,0.09109969437122345,7.586206896551722,2.825358033607221,0.14890499480439406,1.4871315142058075,0
07,205,231,187,0.09490842372179031,6.486042692939241,2.963791609248349,0.10903035590793354,1.5364109825781413,0
07,206,231,187,0.09511449187994003,5.467980295566501,2.971281443608515,0.07213143633210453,1.5217064399703097,0
07,207,231,187,0.09478459507226944,4.538587848932674,2.959290884428552,0.03844629362255732,1.4988685890255546,0
07,208,231,187,0.09501387923955917,4.05911330049261,2.967624536991996,0.021068092790070148,1.494346314891033,0
07,209,231,187,0.09227944910526276,3.743842364532021,2.868237863382551,0.009641330598845721,1.4389395969906984,0
07,210,231,187,0.09390521794557571,3.5927750410509054,2.9273286973629062,0.004166007048884027,1.465747352205895,0
07,211,231,187,0.09282901883125305,3.6059113300492633,2.8882127408890423,0.004642122140185047,1.4464274315146137,0
07,212,231,187,0.09243030846118927,3.7832512315270956,2.873721056893457,0.011069675872748813,1.4423953663831028,0
07,213,231,187,0.0920654907822609,4.124794745484402,2.8604612499860336,0.02344866824657531,1.4419549591163043,0
08,35,235,24,0.09233501553535461,2.2446633825944167,2.8702575027150448,0.0,1.4351287513575224,1
08,36,235,24,0.09334568679332733,2.532019704433496,2.906991757937999,0.0,1.4534958789689996,1
08,37,235,28,0.09425303339958191,1.6042692939244678,2.9399705347132428,0.0,1.4699852673566214,1
08,38,235,28,0.09645045548677444,1.3497536945812825,3.0198389025397936,0.0,1.5099194512698968,1
08,39,235,28,0.09652405977249146,1.3415435139573082,3.022514152870406,0.0,1.511257076435203,1
08,40,235,30,0.09377148747444153,1.2775041050903122,2.9224680770385656,0.0,1.4612340385192828,1
08,41,235,30,0.09776955842971802,1.177339901477833,3.0677835371469326,0.0,1.5338917685734663,1
08,42,235,30,0.09462754428386688,1.4055829228243018,2.9535826546766564,0.0,1.4767913273383282,1
08,43,235,30,0.09757686406373978,1.9064039408866993,3.0607797918993747,0.0,1.5303898959496873,1
08,44,235,30,0.09500118345022202,2.6272577996715927,2.9671630908371864,0.0,1.4835815454185932,1
08,45,235,30,0.09622429311275482,3.2397372742200323,3.0116187159029137,0.0,1.5058093579514569,1
08,46,235,30,0.09426770359277725,3.8587848932676514,2.940503743327574,0.013807337647729588,1.4771555404876517,1
08,47,235,42,0.09475347399711609,6.950738916256158,2.9581597455854536,0.1258729272627073,1.5420163364240804,1
08,48,235,42,0.09609588980674744,5.842364532019705,3.0069517188184136,0.08570071643418367,1.5463262176262986,1
08,49,235,42,0.09498344361782074,4.816091954022988,2.96651831190843,0.04850422492629144,1.5075112684173606,1
08,50,235,42,0.09511017799377441,3.8719211822660085,2.971124649404504,0.014283452739030575,1.4927040510717673,1
08,51,235,42,0.09492390602827072,3.343185550082101,2.964354335251691,0.0,1.4821771676258455,1
08,52,235,42,0.09855775535106659,2.8965517241379297,3.096431652591358,0.0,1.548215826295679,1
08,53,235,42,0.09414806216955185,2.532019704433496,2.9361552090823086,0.0,1.4680776045411543,1
08,54,235,42,0.09584274142980576,2.3185550082101805,2.9977506883008296,0.0,1.4988753441504148,1
08,55,235,42,0.09758628904819489,2.351395730706076,3.0611223560929393,0.0,1.5305611780464696,1
08,56,235,42,0.09629566222429276,2.630541871921183,3.014212725713313,0.0,1.5071063628566566,1
08,57,235,42,0.09350568801164627,3.0935960591133007,2.912807225176576,0.0,1.456403612588288,1
08,58,235,42,0.09534276276826859,3.5205254515599345,2.9795782671361293,0.0015473740467283382,1.4905628205914287,1
08,59,235,42,0.09649769961833954,4.029556650246304,3.021556056335361,0.01999683383464283,1.520776445085002,1
08,60,235,42,0.0945267528295517,4.620689655172414,2.9499192488185204,0.04142201294318878,1.4956706308808545,1
08,61,235,42,0.09581177681684494,5.192118226600985,2.996625236294146,0.06213301941478316,1.5293791278544646,1
08,62,235,42,0.09748053550720215,5.763546798029556,3.0572785962799305,0.08284402588637753,1.570061311083154,1
08,63,235,42,0.10138393938541412,6.334975369458127,3.1991532495555455,0.10355503235797191,1.6513541409567587,1
08,64,235,42,0.09598436206579208,6.9064039408867,3.0028980876615217,0.12426603882956634,1.563582063245544,1
08,65,235,42,0.09902394562959671,7.477832512315271,3.113375987892173,0.1449770453011607,1.6291765165966667,1
08,66,235,42,0.09541372954845428,8.049261083743843,2.9821576536528904,0.1656880517727551,1.5739228527128228,1
08,67,235,48,0.09530194103717804,4.610837438423647,2.9780945444353066,0.041064926624713075,1.5095797355300098,1
08,68,235,48,0.09394212812185287,4.407224958949098,2.928670249153356,0.03368514270954725,1.4811776959314515,1
08,69,235,48,0.09531856328248978,4.2857142857142865,2.978698703103957,0.029281078115012793,1.5039898906094848,1
08,70,235,48,0.09394314885139465,4.246305418719212,2.92870734899092,0.0278527328411097,1.4782800409160148,1
08,71,235,48,0.09598201513290405,4.288998357963875,3.002812785115298,0.029400106887838007,1.516106446001568,1
08,72,235,48,0.09508726745843887,4.413793103448276,2.9702919340723213,0.03392320025519771,1.5021075671637596,1
08,73,235,48,0.09538457542657852,4.620689655172414,2.9810980064675796,0.04142201294318878,1.511260009705384,1
08,74,235,52,0.09686210006475449,2.489326765188835,3.0348006983456783,0.0,1.5174003491728392,1
08,75,235,52,0.09692126512527466,2.3711001642036136,3.036951134915715,0.0,1.5184755674578574,1
08,76,235,52,0.09566406160593033,2.417077175697866,2.9912563211150065,0.0,1.4956281605575033,1
08,77,235,60,0.09591550379991531,5.093596059113301,3.000395338035495,0.058562156230025524,1.5294787471327602,1
08,78,235,60,0.09546897560358047,4.318555008210181,2.9841656485108206,0.030471365843265326,1.507318507177043,1
08,79,235,60,0.09496267139911652,3.6256157635467976,2.9657633166739177,0.0053562947771364795,1.485559805725527,1
08,80,235,60,0.0950721874833107,3.0147783251231512,2.969743831362618,0.0,1.484871915681309,1
08,81,235,60,0.094899982213974,2.4926108374384226,2.9634847908836783,0.0,1.4817423954418392,1
08,82,235,60,0.09355111420154572,2.134646962233168,2.9144583033490368,0.0,1.4572291516745184,1
08,83,235,60,0.09719480574131012,1.9408866995073872,3.0468933497793755,0.0,1.5234466748896878,1
08,84,235,60,0.0968402624130249,1.970443349753694,3.034006978463198,0.0,1.517003489231599,1
08,85,235,60,0.09610959142446518,2.2463054187192117,3.007449723207319,0.0,1.5037248616036596,1
08,86,235,60,0.09612657129764557,2.7684729064039404,3.0080668803592037,0.0,1.5040334401796018,1
08,87,235,60,0.09986824542284012,3.4778325123152705,3.1440632403939435,0.0,1.5720316201969717,1
08,88,235,66,0.09801230579614639,2.5024630541871935,3.0766065284437927,0.0,1.5383032642218963,1
08,89,235,66,0.09653418511152267,2.1412151067323486,3.0228821724269705,0.0,1.5114410862134853,1
08,90,235,66,0.09615097939968109,1.9441707717569787,3.008954026839929,0.0,1.5044770134199645,1
08,91,235,66,0.09650899469852448,1.973727422003284,3.021966591764171,0.0,1.5109832958820855,1
08,92,235,66,0.09844134002923965,2.249589490968802,3.092200375496934,0.0,1.546100187748467,1
08,93,235,66,0.09936831891536713,2.7717569786535305,3.1258927148413815,0.0,1.5629463574206908,1
08,94,235,66,0.09926300495862961,3.4778325123152705,3.1220649323306815,0.0,1.5610324661653407,1
08,95,235,66,0.09955357015132904,4.144499178981937,3.1326259291566307,0.02416284088352679,1.5783943850200788,1
08,96,235,66,0.0982341542840004,4.811165845648604,3.084669920876662,0.04832568176705358,1.5664978013218578,1
08,97,235,66,0.10081236809492111,5.4778325123152705,3.1783786945284245,0.07248852265058034,1.6254336085895025,1
08,98,235,66,0.09978754818439484,5.763546798029556,3.141130186812522,0.08284402588637753,1.6119871063494497,1
08,99,235,66,0.09933394193649292,6.049261083743842,3.1246432356405065,0.09319952912217472,1.6089213823813406,1
08,100,235,66,0.09885335713624954,6.334975369458127,3.107175711389521,0.10355503235797191,1.6053653718737464,1
08,101,235,66,0.10500743985176086,6.620689655172415,3.3308544232866266,0.11391053559376915,1.7223824794401978,1
08,102,235,66,0.09924912452697754,6.9064039408867,3.121560428700159,0.12426603882956634,1.6229132337648626,1
08,103,235,66,0.09897253662347794,7.192118226600986,3.111507455927275,0.13462154206536353,1.6230644989963192,1
08,104,235,66,0.09995076805353165,7.477832512315271,3.1470626404002053,0.1449770453011607,1.646019842850683,1
08,105,235,66,0.09815902262926102,7.763546798029557,3.0819391561905705,0.1553325485369579,1.6186358523637643,1
08,106,235,72,0.0980125442147255,4.039408866995074,3.0766151940992823,0.020353920153118633,1.5484845571262005,1
08,107,235,72,0.10055381059646606,4.121510673234811,3.1689810619519245,0.023329639473749997,1.5961553507128372,1
08,108,235,72,0.09932665526866913,4.285714285714285,3.1243783915446124,0.029281078115012727,1.5768297348298126,1
08,109,235,72,0.0967540442943573,4.246305418719212,3.03087326079685,0.0278527328411097,1.52936299681898,1
08,110,235,72,0.09669090807437897,4.288998357963875,3.0285784869025685,0.029400106887838007,1.5289892968952032,1
08,111,235,72,0.0962599515914917,4.413793103448276,3.012914773002044,0.03392320025519771,1.523418986628621,1
08,112,235,72,0.09560371935367584,4.620689655172414,2.9890630978709907,0.04142201294318878,1.5152425554070896,1
08,113,235,72,0.09610413759946823,4.906403940886699,3.0072514963379997,0.05177751617898597,1.529514506258493,1
08,114,235,70,0.09707369655370712,7.096880131362892,3.042491467592504,0.13116970765343117,1.5868305876229676,1
08,115,235,70,0.09704961627721786,7.287356321839082,3.0416162363880765,0.13807337647729598,1.5898448064326862,1
08,116,235,78,0.09343776106834412,2.417077175697866,2.9103383257673046,0.0,1.4551691628836523,1
08,117,235,72,0.09341174364089966,6.170771756978654,2.909392686112026,0.09760359371670921,1.5034981399143674,1
08,118,235,72,0.0922626256942749,6.430213464696222,2.867626393067081,0.10700686676990429,1.4873166299184928,1
08,119,235,72,0.09265783429145813,6.715927750410508,2.8819908002476664,0.11736237000570147,1.499676585126684,1
08,120,235,72,0.09394466131925583,7.001642036124794,2.928762321742931,0.1277178732414987,1.5282400974922148,1
08,121,235,72,0.09504783153533936,7.28735632183908,2.9688585804940306,0.13807337647729587,1.5534659784856633,1
08,122,235,72,0.09273819625377655,7.573070607553365,2.884911667751056,0.14842887971309307,1.5166702737320745,1
08,123,235,72,0.09271367639303207,7.858784893267651,2.88402045924432,0.15878438294889025,1.521402421096605,1
08,124,235,78,0.09279376268386841,4.157635467980295,2.88693130708355,0.02463895597482781,1.4557851315291888,1
08,125,235,78,0.09422057121992111,4.216748768472907,2.938790651558017,0.026781473885682416,1.4827860627218497,1
08,126,235,78,0.09272719919681549,4.3809523809523805,2.884511964391608,0.03273291252694514,1.4586224384592767,1
08,127,235,78,0.09382549673318863,4.341543513957307,2.9244311188086445,0.031304567253042086,1.4778678430308432,1
08,128,235,78,0.09324118494987488,4.384236453201971,2.90319349281631,0.032851941299770426,1.4680227170580402,1
08,129,235,78,0.09508614242076874,4.509031198686371,2.9702510430104807,0.037375034667130096,1.5038130388388053,1
08,130,235,78,0.0919332429766655,4.715927750410509,2.8556545192067673,0.04487384735512116,1.4502641832809442,1
08,131,235,78,0.09278279542922974,5.001642036124794,2.8865326869310386,0.05522935059091835,1.4708810187609784,1
08,132,235,78,0.09151525050401688,5.28735632183908,2.840462000323478,0.06558485382671554,1.4530234270750968,1
08,133,235,77,0.09414830058813095,6.525451559934318,2.9361638747377983,0.1104587011818367,1.5233112879598174,1
08,134,235,77,0.09394266456365585,6.763546798029556,2.928689746878207,0.1190882872116677,1.5238890170449375,1
08,135,235,143,0.0951678603887558,55.76026272577997,2.973221196429466,1.8949380633780606,2.4340796299037635,1
08,136,235,143,0.09636233001947403,52.36617405582923,3.016635859629531,1.7719218266631598,2.3942788431463455,1
08,137,235,143,0.09614692628383636,49.4351395730706,3.0088067106966094,1.6656886469166192,2.337247678806614,1
08,138,235,143,0.09267226606607437,46.30049261083743,2.8825153432065083,1.5520756832549134,2.217295513230711,1
08,139,235,143,0.09067196398973465,43.247947454843995,2.809811576857537,1.4414384389138384,2.125625007885688,1
08,140,235,143,0.09118163585662842,40.27750410509031,2.8283363110782274,1.3337769138933957,2.0810566124858116,1
08,141,235,143,0.09529934823513031,37.389162561576356,2.9780003054318596,1.2290911081935838,2.1035457068127217,1
08,142,235,143,0.09478431195020676,34.58292282430214,2.9592805939626583,1.1273810218144036,2.043330807888531,1
08,143,235,143,0.09350413084030151,31.858784893267654,2.912750627614161,1.0286466547558544,1.9706986411850078,1
08,144,235,143,0.09157005697488785,29.2167487684729,2.8424540178790996,0.9328880070179364,1.8876710124485179,1
08,145,235,143,0.09155850857496262,26.94252873563218,2.842034275191333,0.8504605818364473,1.8462474285138901,1
08,146,235,143,0.09245191514492035,24.750410509031195,2.8745063819221817,0.7710088759755896,1.8227576289488856,1
08,147,235,143,0.09227676689624786,22.64039408866995,2.8681403747582954,0.6945328894353634,1.7813366320968294,1
08,148,235,143,0.09175390005111694,20.61247947454844,2.8491360506666146,0.6210326222157684,1.7350843364411914,1
08,149,235,143,0.09291616082191467,18.666666666666668,2.891380037970411,0.5505080743168048,1.720944056143608,1
08,150,235,143,0.09289313107728958,16.80295566502463,2.8905429898104837,0.48295924573847243,1.686751117774478,1
08,151,235,143,0.09350115805864334,15.021346469622332,2.9126425777222775,0.4183861364807716,1.6655143571015245,1
08,152,235,143,0.0942484512925148,13.321839080459773,2.9398039916468064,0.3567887465437022,1.6482963690952543,1
08,153,235,143,0.09356363862752914,11.704433497536947,2.9149135210639634,0.298167075927264,1.6065402984956136,1
08,154,235,148,0.09091272205114365,6.98522167487685,2.818562264091408,0.1271227293773725,1.4728424967343903,1
08,155,235,148,0.08861757814884186,4.852216748768474,2.735142060721147,0.04981354142736931,1.3924778010742582,1
08,156,235,150,0.08929333090782166,3.855500821018062,2.7597032363953935,0.013688308874904341,1.386695772635149,1
08,157,235,150,0.0898163765668869,3.660098522167486,2.7787140597286912,0.00660609689180162,1.3926600783102465,1
08,158,235,150,0.09252890944480896,3.628899835796384,2.877304847041784,0.00547532354996163,1.4413900852958728,1
08,159,235,151,0.09412918239831924,3.0755336617405566,2.9354689974882433,0.0,1.4677344987441217,1
08,160,235,150,0.0913686603307724,3.912972085385878,2.835133976206179,0.01577131239934629,1.4254526443027626,1
08,161,235,150,0.09343104809522629,4.154351395730706,2.9100943334049316,0.024519927202002564,1.467307130303467,1
08,162,235,150,0.0960984006524086,4.477832512315271,3.007042979002786,0.036244261325290204,1.5216436201640382,1
08,163,235,150,0.09243908524513245,4.811165845648604,2.8740400613361596,0.04832568176705358,1.4611828715516066,1
08,164,235,150,0.09507247805595398,5.144499178981938,2.9697543926302457,0.060407102208816996,1.5150807474195314,1
08,165,235,150,0.09356630593538284,5.477832512315271,2.915010468084751,0.07248852265058037,1.4937494953676658,1
08,166,235,150,0.09409705549478531,5.811165845648604,2.9343013004110494,0.08456994309234375,1.5094356217516967,1
08,167,235,157,0.09286494553089142,2.151067323481116,2.8895185468505984,0.0,1.4447592734252992,1
08,168,235,157,0.09594026207923889,2.059113300492608,3.00129521219772,0.0,1.50064760609886,1
08,169,235,157,0.09303492307662964,2.121510673234809,2.895696617611059,0.0,1.4478483088055294,1
08,170,235,157,0.09333174675703049,2.348111658456484,2.9064850878936044,0.0,1.4532425439468022,1
08,171,235,157,0.09335893392562866,2.676518883415432,2.9074732434211277,0.0,1.4537366217105638,1
08,172,235,157,0.09217814356088638,3.0870279146141195,2.864555772204766,0.0,1.432277886102383,1
08,173,235,157,0.09275899827480316,3.5796387520525443,2.8856677461925044,0.0036898919575828948,1.4446788190750437,1
08,174,235,157,0.09691321104764938,4.154351395730706,3.0366583982412143,0.024519927202002564,1.5305891627216084,1
08,175,235,157,0.091250941157341,4.573070607553366,2.830855308808297,0.03969609573722259,1.4352757022727598,1
08,176,235,157,0.09343206137418747,5.001642036124795,2.9101311624407615,0.05522935059091839,1.48268025651584,1
08,177,235,157,0.09535524994134903,5.334975369458128,2.9800321308423854,0.06731077103268177,1.5236714509375335,1
08,178,235,157,0.09417232871055603,5.668308702791462,2.9370372103300872,0.07939219147444518,1.5082147009022662,1
08,179,235,157,0.09462620317935944,6.001642036124795,2.9535339103645284,0.09147361191620855,1.5225037611403685,1
08,180,235,157,0.09583485871553421,6.287356321839081,2.9974641800662116,0.10182911515200574,1.5496466476091086,1
08,181,235,157,0.09642570465803146,6.620689655172415,3.0189392991793023,0.11391053559376915,1.5664249173865357,1
08,182,235,157,0.09500442445278168,6.954022988505748,2.9672808895914953,0.12599195603553254,1.5466364228135139,1
08,183,235,157,0.09752101451158524,7.287356321839081,3.0587498621009868,0.13807337647729592,1.5984116192891413,1
08,184,235,163,0.09316565096378326,3.6108374384236464,2.90044810483658,0.004820665299422885,1.4526343850680015,1
08,185,235,163,0.09402846544981003,3.7405582922824308,2.931808299647448,0.009522301826020443,1.4706653007367343,1
08,186,235,163,0.09495826810598373,3.9523809523809526,2.965603272849098,0.01719965767324938,1.4914014652611738,1
08,187,235,163,0.0946628525853157,4.246305418719211,2.954865984094287,0.02785273284110967,1.4913593584676983,1
08,188,235,163,0.0952223539352417,4.288998357963873,2.9752018403122578,0.029400106887837944,1.5023009736000479,1
08,189,235,163,0.09697934985160828,4.413793103448275,3.0390623052343155,0.033923200255197676,1.5364927527447565,1
08,190,235,163,0.09487935155630112,4.620689655172415,2.962734940882113,0.04142201294318881,1.5020784769126507,1
08,191,235,163,0.09655299037694931,4.9064039408867,3.0235656760036957,0.051777516178986,1.537671596091341,1
08,192,235,163,0.09638968855142593,5.192118226600986,3.0176302435969378,0.062133019414783185,1.5398816315058605,1
08,193,235,163,0.09653254598379135,5.477832512315271,3.022822596045481,0.07248852265058037,1.5476555593480308,1
08,194,235,163,0.09658864140510559,5.763546798029557,3.024861462301092,0.08284402588637756,1.5538527440937349,1
08,195,235,163,0.09273111075162888,6.0492610837438425,2.884654135301981,0.09319952912217475,1.4889268322120779,1
08,196,235,163,0.09306538105010986,6.334975369458128,2.8968036550998275,0.10355503235797194,1.5001793437288997,1
08,197,235,163,0.0926990658044815,6.620689655172415,2.883489417043861,0.11391053559376915,1.4986999763188151,1
08,198,235,163,0.09395267069339752,6.9064039408867,2.929053433607027,0.12426603882956634,1.5266597362182965,1
08,199,235,163,0.09463032335042953,7.192118226600986,2.9536836637234543,0.13462154206536353,1.5441526028944088,1
08,200,235,175,0.09370507299900055,4.216748768472907,2.9200541503813047,0.026781473885682416,1.4734178121334935,1
08,201,235,175,0.09173061698675156,3.6945812807881784,2.8482897952477297,0.007855899006466889,1.4280728471270983,1
08,202,235,175,0.09168954938650131,3.3366174055829236,2.8467971360896835,0.0,1.4233985680448418,1
08,203,235,175,0.09518737345933914,3.142857142857143,2.973930426170925,0.0,1.4869652130854625,1
08,204,235,175,0.08958861231803894,3.1133004926108363,2.770435650718992,0.0,1.385217825359496,1
08,205,235,175,0.09372024983167648,2.9523809523809526,2.9206057735135507,0.0,1.4603028867567753,1
08,206,235,175,0.08985739946365356,2.8735632183908058,2.780205094076333,0.0,1.3901025470381665,1
08,207,235,175,0.09401983767747879,2.876847290640396,2.9314947112394263,0.0,1.4657473556197131,1
08,208,235,175,0.0901266485452652,2.962233169129723,2.7899913271411845,0.0,1.3949956635705922,1
08,209,235,175,0.091501384973526,3.1297208538587875,2.8399580382964236,0.0,1.4199790191482118,1
08,210,235,175,0.0939362645149231,3.3793103448275885,2.928457128188664,0.0,1.464228564094332,1
08,211,235,175,0.09433237463235855,3.711001642036127,2.9428543023790685,0.008451042870593204,1.475652672624831,1
08,212,235,175,0.09302585572004318,4.124794745484402,2.8953670519007284,0.02344866824657531,1.4594078600736518,1
08,213,235,175,0.09122039377689362,4.620689655172415,2.82974502169872,0.04142201294318881,1.4355835173209543,1
08,214,235,175,0.09180817008018494,5.192118226600986,2.851108570497385,0.062133019414783185,1.456620794956084,1
08,215,235,175,0.09254398196935654,5.763546798029557,2.877852678949753,0.08284402588637756,1.4803483524180654,1
08,216,235,175,0.09232970327138901,6.334975369458128,2.8700644210786717,0.10355503235797194,1.4868097267183218,1
08,217,235,175,0.09326685220003128,6.9064039408867,2.9041264047900883,0.12426603882956634,1.5141962218098273,1
09,35,229,42,0.09505189210176468,10.31855500821018,2.969006167439084,0.24793693379500628,1.6084715506170453,0
09,36,229,42,0.07849275320768356,9.101806239737273,2.3671411894761443,0.2038367734632493,1.2854889814696968,0
09,37,229,42,0.0803539827466011,7.967159277504103,2.4347901706574655,0.16271233245212363,1.2987512515547945,0
09,38,229,48,0.07829233258962631,11.807881773399014,2.359856622830383,0.3019164822712595,1.3308865525508213,0
09,39,229,48,0.07712576538324356,10.223316912972084,2.31745611212431,0.2444850993830739,1.2809706057536918,0
09,40,229,48,0.07692372053861618,8.720853858784892,2.3101125107005274,0.1900294358155197,1.2500709732580235,0
09,41,229,48,0.0781187042593956,7.303776683087027,2.3535458592202416,0.13866852034142216,1.2461071897808318,0
09,42,229,48,0.07818812131881714,6.288998357963875,2.3560689189763218,0.10188862953841835,1.2289787742573701,0
09,43,229,48,0.07794342935085297,5.4384236453201975,2.347175248426876,0.07106017737667732,1.2091177129017767,0
09,44,229,48,0.08003031462430954,4.942528735632184,2.4230260017271625,0.05308683268006378,1.2380564172036133,0
09,45,229,48,0.07656031847000122,4.702791461412151,2.2969041561225723,0.04439773226382014,1.1706509441931963,0
09,46,229,50,0.07712893933057785,4.321839080459769,2.317571473663012,0.03059039461609054,1.1740809341395513,0
09,47,229,50,0.08583452552556992,4.0197044334975365,2.633988134995336,0.019639747516167087,1.3268139412557514,0
09,48,229,50,0.08812496066093445,3.904761904761904,2.7172371916696814,0.015473740467283156,1.3663554660684822,0
09,49,229,48,0.08829455822706223,4.912972085385879,2.7234014515417058,0.05201557372463649,1.3877085126331712,0
09,50,229,48,0.08375608921051025,5.2282430213464695,2.5584444708614544,0.06344233591586096,1.3109434033886578,0
09,51,229,48,0.07604393362998962,5.6453201970443345,2.278135429539509,0.07855899006466835,1.1783472098020886,0
09,52,229,48,0.07531145215034485,6.430213464696224,2.251512369462258,0.10700686676990435,1.1792596181160813,0
09,53,229,48,0.07706404477357864,7.09688013136289,2.3152127905594964,0.1311697076534311,1.2231912491064638,0
09,54,229,48,0.08222102373838425,7.763546798029557,2.5026503771913404,0.1553325485369579,1.3289914628641493,0
09,55,229,48,0.08015920221805573,8.049261083743843,2.4277106009243754,0.1656880517727551,1.2966993263485653,0
09,56,229,48,0.07876487821340561,8.334975369458128,2.3770319520103365,0.17604355500855226,1.2765377535094444,0
09,57,229,50,0.07892649620771408,6.850574712643679,2.3829061832252005,0.12224254969153701,1.2525743664583688,0
09,58,229,50,0.08010058104991913,7.123152709359607,2.4255799328809236,0.13212193783603318,1.2788509353584783,0
09,59,229,58,0.07693943381309509,4.200328407224959,2.3106836315576245,0.02618633002155615,1.1684349807895904,0
09,60,229,58,0.07566428184509277,3.8555008210180626,2.264336456379606,0.013688308874904357,1.1390123826272551,0
09,61,229,62,0.0790749341249466,4.121510673234813,2.3883013661725423,0.023329639473750063,1.205815502823146,0
09,62,229,66,0.07829602807760239,6.426929392446635,2.3599909404904684,0.1068878379970791,1.2334393892437738,0
09,63,229,66,0.07767492532730103,5.651888341543514,2.3374160955354286,0.07879704761031887,1.2081065715728738,0
09,64,229,66,0.07773882150650024,4.958949096880131,2.339738491206583,0.053681976544190046,1.1967102338753866,0
09,65,229,66,0.07845427095890045,4.384236453201969,2.365742498519811,0.032851941299770364,1.1992972199097909,0
09,66,229,66,0.07567930966615677,4.003284072249588,2.264882663477171,0.01904460365204079,1.141963633564606,0
09,67,229,66,0.07431694120168686,3.7339901477832496,2.2153654832004435,0.009284244280369853,1.1123248637404066,0
09,68,229,66,0.07921276986598969,3.510673234811165,2.393311198252341,0.001190287728252533,1.1972507429902968,0
09,69,229,66,0.07827451825141907,3.346469622331691,2.359209135884286,0.0,1.179604567942143,0
09,70,229,68,0.08119980990886688,3.49425287356322,2.465532937514715,0.0005951438641263471,1.2330640406894207,0
09,71,229,68,0.07959579676389694,3.2873563218390807,2.4072328445977655,0.0,1.2036164222988828,0
09,72,229,68,0.07875889539718628,3.326765188834154,2.3768144982179,0.0,1.18840724910895,0
09,73,229,68,0.07861890643835068,3.5238095238095237,2.371726404436963,0.0016664028195535851,1.1866964036282581,0
09,74,229,68,0.08290840685367584,3.8029556650246303,2.5276342743724283,0.011783848509700262,1.2697090614410642,0
09,75,229,68,0.08160576224327087,4.164203612479474,2.4802878407957905,0.024877013520478303,1.2525824271581343,0
09,76,229,68,0.0797535702586174,4.607553366174056,2.4129673421178635,0.04094589785188776,1.2269566199848756,0
09,77,229,68,0.08183678239583969,5.1330049261083746,2.488684590163267,0.05999050150392858,1.2743375458335977,0
09,78,229,68,0.08291545510292053,5.835796387520526,2.527890452812833,0.08546265888853319,1.3066765558506832,0
09,79,229,68,0.08020873367786407,6.6206896551724155,2.429510890852294,0.11391053559376918,1.2717107132230316,0
09,80,229,68,0.08068445324897766,7.096880131362892,2.44680158157095,0.13116970765343117,1.2889856446121906,0
09,81,229,68,0.08618245273828506,7.573070607553368,2.6466340343716834,0.14842887971309315,1.3975314570423882,0
09,82,229,72,0.08109694719314575,4.752052545155993,2.461794248774515,0.04618316385619898,1.253988706315357,0
09,83,229,75,0.08312401175498962,3.4745484400656816,2.535470734952169,0.0,1.2677353674760845,0
09,84,229,75,0.08347654342651367,3.3185550082101805,2.5482839898001552,0.0,1.2741419949000776,0
09,85,229,75,0.07667644321918488,3.2446633825944167,2.301124871949369,0.0,1.1505624359746844,0
09,86,229,75,0.09436699002981186,3.2955665024630543,2.944112447235433,0.0,1.4720562236177166,0
09,87,229,75,0.08912329375743866,3.4679802955665027,2.7535229992210604,0.0,1.3767614996105302,0
09,88,229,78,0.09637897461652756,2.274220032840723,3.0172408307033836,0.0,1.5086204153516918,0
09,89,229,78,0.0883074551820755,2.185550082101806,2.7238702093433345,0.0,1.3619351046716672,0
09,90,229,78,0.08253152668476105,2.3399014778325116,2.513936039457589,0.0,1.2569680197287945,0
09,91,229,78,0.0809335708618164,2.563218390804598,2.455856108350417,0.0,1.2279280541752084,0
09,92,229,78,0.07882082462310791,2.9080459770114944,2.3790654022312667,0.0,1.1895327011156334,0
09,93,229,78,0.08418937772512436,3.3349753694581277,2.574192945704734,0.0,1.287096472852367,0
09,94,229,78,0.09026511013507843,3.811165845648604,2.7950239065666427,0.012081420441763396,1.403552663504203,0
09,95,229,82,0.08979916572570801,1.495894909688013,2.7780885077230515,0.0,1.3890442538615257,0
09,96,229,84,0.08929015696048737,1.3940886699507384,2.759587874856691,0.0,1.3797939374283454,0
09,97,229,84,0.08957968652248383,1.2561576354679798,2.770111230241608,0.0,1.385055615120804,0
09,98,229,84,0.0862664058804512,1.4203612479474537,2.6496854283108817,0.0,1.3248427141554409,0
09,99,229,84,0.08442751318216324,1.811165845648604,2.5828483107282216,0.0,1.2914241553641108,0
09,100,229,90,0.083736352622509,3.426929392446634,2.5577271170679743,0.0,1.2788635585339871,0
09,101,229,90,0.08535056561231613,2.510673234811166,2.6163979375588284,0.0,1.3081989687794142,0
09,102,229,90,0.08678979426622391,1.7651888341543516,2.6687087085239454,0.0,1.3343543542619727,0
09,103,229,90,0.09069208800792694,1.4597701149425284,2.8105430123411876,0.0,1.4052715061705938,0
09,104,229,90,0.09218356013298035,1.3300492610837438,2.8647526450654155,0.0,1.4323763225327077,0
09,105,229,90,0.09083165228366852,1.5057471264367823,2.815615670423284,0.0,1.407807835211642,0
09,106,229,90,0.08623819798231125,1.9014778325123152,2.648660172945794,0.0,1.324330086472897,0
09,107,229,90,0.08507632464170456,2.458128078817733,2.606430267332168,0.0,1.303215133666084,0
09,108,229,127,0.08604366332292557,32.141215106732346,2.6415895396699276,1.0388831292188263,1.840236334444377,0
09,109,229,127,0.08770319074392319,29.88998357963875,2.7019073763072323,0.9572889054471139,1.829598140877173,0
09,110,229,127,0.09206564724445343,27.720853858784896,2.8604669368224482,0.8786704009960331,1.8695686689092406,0
09,111,229,127,0.09220334887504578,25.633825944170773,2.865471894471034,0.8030276158655835,1.8342497551683088,0
09,112,229,127,0.09306120127439499,23.62889983579639,2.896651735327029,0.7303605500557652,1.813506142691397,0
09,113,229,127,0.09660874307155609,21.70607553366174,3.0255920853795404,0.6606692035665782,1.8431306444730593,0
09,114,229,127,0.09223399311304092,19.865353037766834,2.8665857020031535,0.5939535763980229,1.7302696392005883,0
09,115,229,127,0.08655998110771179,18.106732348111656,2.660355829037384,0.5302136685500987,1.5952847487937414,0
09,116,229,127,0.090896837413311,16.620689655172413,2.817984914794428,0.4763531488466708,1.6471690318205492,0
09,117,229,127,0.08179443329572678,15.311986863711002,2.4871453531069654,0.4289201828758067,1.458032767991386,0
09,118,229,127,0.08239208161830902,14.085385878489324,2.5088677142032374,0.3844629362255738,1.4466653252144055,0
09,119,229,127,0.09240742772817612,12.940886699507386,2.87288942476821,0.3429814088959724,1.6079354168320914,0
09,120,229,127,0.08627858757972717,11.878489326765187,2.6501281891460424,0.30447560088700243,1.4773018950165224,0
09,121,229,127,0.08883415907621384,11.183908045977011,2.7430139963280475,0.27930101543446106,1.5111575058812543,0
09,122,229,127,0.08895721286535263,10.57142857142857,2.7474865577675045,0.25710214930255093,1.5022943535350277,0
09,123,229,127,0.08709774911403656,10.041050903119869,2.6799017565971512,0.2378790024912723,1.4588903795442119,0
09,124,229,121,0.08940313011407852,13.021346469622332,2.7636940415499875,0.34589761383019124,1.5547958276900893,0
09,125,229,121,0.08804558962583542,12.940886699507386,2.71435234079692,0.3429814088959724,1.5286668748464463,0
09,126,229,121,0.09466976672410965,12.942528735632182,2.955117288103479,0.34304092328238506,1.649079105692932,0
09,127,229,121,0.09432874619960785,13.026272577996716,2.9427224219345893,0.3460761569894291,1.6443992894620092,0
09,128,229,121,0.09284181147813797,13.192118226600986,2.8886777074663943,0.3520871100171045,1.6203824087417493,0
09,129,229,121,0.09084144234657288,12.9064039408867,2.815971503901817,0.3417316067813073,1.578851555341562,0
09,130,229,122,0.0906815454363823,11.681444991789819,2.810159827887517,0.29733387451748716,1.553746851202502,0
09,131,229,122,0.09372879564762115,11.430213464696223,2.9209163831024982,0.28822817339635515,1.6045722782494267,0
09,132,229,121,0.09058302640914917,12.144499178981937,2.8065790165582643,0.3141169314858481,1.5603479740220563,0
09,133,229,121,0.0870659351348877,11.85878489326765,2.678745433192787,0.3037614282500509,1.491253430721419,0
09,134,229,121,0.08692990988492966,11.573070607553365,2.673801405934361,0.2934059250142537,1.4836036654743072,0
09,135,229,121,0.0876869484782219,11.287356321839079,2.7013170285270185,0.2830504217784565,1.4921837251527375,0
09,136,229,121,0.08514619618654251,11.001642036124794,2.6089698459940247,0.27269491854265937,1.440832382268342,0
09,137,229,121,0.09056968241930008,10.715927750410508,2.806094010652593,0.26233941530686217,1.5342167129797275,0
09,138,229,121,0.09991472959518433,10.430213464696223,3.1457527724126386,0.251983912071065,1.6988683422418518,0
09,139,229,121,0.09274565428495407,10.144499178981937,2.885182740286833,0.2416284088352678,1.5634055745610504,0
09,140,229,121,0.0898880809545517,9.85878489326765,2.7813202556171226,0.23127290559947056,1.5062965806082966,0
09,141,229,131,0.08694090694189072,4.962233169129722,2.6742011092938087,0.05380100531701536,1.364001057305412,0
09,142,229,131,0.0890718623995781,4.377668308702792,2.7516536548509607,0.03261388375411993,1.3921337693025404,0
09,143,229,131,0.08716602623462677,3.8292282430213467,2.682383383687923,0.012736078692302318,1.3475597311901126,0
09,144,229,131,0.09002618491649628,3.313628899835796,2.7863398365593466,0.0,1.3931699182796733,0
09,145,229,131,0.09078103303909302,3.165845648604269,2.813775843442195,0.0,1.4068879217210974,0
09,146,229,131,0.09139063209295273,3.1001642036124792,2.8359325705198724,0.0,1.4179662852599362,0
09,147,229,131,0.09260305762290955,3.1165845648604265,2.879999865898981,0.0,1.4399999329494906,0
09,148,229,131,0.09183964133262634,3.2151067323481106,2.852252437021983,0.0,1.4261262185109915,0
09,149,229,131,0.08725026249885559,3.395730706075533,2.685445068093015,0.0,1.3427225340465074,0
09,150,229,131,0.08665899932384491,3.6584564860426925,2.6639547840828177,0.006546582505389029,1.3352506832941033,0
09,151,229,131,0.09099120646715164,3.9556650246305414,2.8214148895578184,0.01731868644607461,1.4193667880019465,0
09,152,229,131,0.09126721322536469,4.334975369458127,2.8314467397954473,0.03106650970739156,1.4312566247514193,0
09,153,229,131,0.09646096080541611,4.8111658456486035,3.0202207329847943,0.04832568176705355,1.534273207375924,0
09,154,229,131,0.09499160200357437,5.28735632183908,2.966814839807207,0.06558485382671554,1.5161998468169613,0
09,155,229,131,0.0864003598690033,5.763546798029556,2.6545541726872437,0.08284402588637753,1.3686990992868107,0
09,156,229,137,0.08734389394521713,2.614121510673235,2.6888482334847352,0.0,1.3444241167423676,0
09,157,229,137,0.08120442181825638,2.6765188834154348,2.4657005637880878,0.0,1.2328502818940439,0
09,158,229,137,0.08424196392297745,2.9031198686371096,2.576104264343611,0.0,1.2880521321718055,0
09,159,229,142,0.08933041244745255,3.300492610837439,2.7610510166257263,0.0,1.3805255083128631,0
09,160,229,142,0.09218388050794601,2.894909688013137,2.864764289539979,0.0,1.4323821447699896,0
09,161,229,144,0.1149054542183876,3.054187192118228,3.6906115481438877,0.0,1.8453057740719438,0
09,162,229,144,0.10057968646287918,2.5730706075533667,3.1699215563742564,0.0,1.5849607781871282,0
09,163,229,144,0.09961281716823578,2.256157635467979,3.1347793445457417,0.0,1.5673896722728708,0
09,164,229,151,0.09115119278430939,6.665024630541872,2.8272298151929274,0.11551742402691006,1.4713736196099187,0
09,165,229,151,0.08742421865463257,5.794745484400656,2.6917677469794543,0.08397479922821745,1.3878712731038358,0
09,166,229,151,0.08432866632938385,5.006568144499178,2.579255584122671,0.05540789375015621,1.3173317389364136,0
09,167,229,151,0.08337286114692688,4.300492610837436,2.5445155128692107,0.029816707592726324,1.2871661102309686,0
09,168,229,151,0.08671658486127853,3.676518883415432,2.6660478106852374,0.007201240755927839,1.3366245257205827,0
09,169,229,151,0.09123550355434418,3.1346469622331674,2.8302942076153594,0.0,1.4151471038076797,0
09,170,229,151,0.09029541909694672,2.793103448275861,2.7961255280207302,0.0,1.3980627640103651,0
09,171,229,151,0.09032955765724182,2.697865353037766,2.7973663415661156,0.0,1.3986831707830578,0
09,172,229,151,0.08800511062145233,2.802955665024629,2.712881074975863,0.0,1.3564405374879316,0
09,173,229,151,0.08685503154993057,3.0623973727421983,2.6710798485072274,0.0,1.3355399242536137,0
09,174,229,151,0.08790269494056702,3.486042692939244,2.709158634339706,0.00029757193206313327,1.3547281031358847,0
09,175,229,151,0.08616172522306442,4.073891625615764,2.645880663947575,0.02160372226778384,1.3337421931076794,0
09,176,229,151,0.09052964299917221,4.763546798029557,2.804638722133845,0.04659976456108739,1.4256192433474661,0
09,177,229,157,0.0920349583029747,2.155993431855501,2.8593515044799247,0.0,1.4296757522399623,0
09,178,229,157,0.09411343187093735,2.152709359605911,2.934896522622476,0.0,1.467448261311238,0
09,179,229,157,0.09283481538295746,2.4285714285714284,2.8884234246381277,0.0,1.4442117123190639,0
09,180,229,157,0.09165818989276886,2.8177339901477825,2.845657331591096,0.0,1.422828665795548,0
09,181,229,157,0.08805417269468307,3.288998357963873,2.7146643043945375,0.0,1.3573321521972688,0
09,182,229,157,0.08524371683597565,3.7471264367816084,2.6125143698909157,0.009760359371670904,1.3111373646312934,0
09,183,229,157,0.08868217468261719,4.287356321839081,2.737489911755301,0.0293405925014254,1.3834152521283634,0
09,184,229,163,0.09621433913707733,2.581280788177342,3.011256924786232,0.0,1.505628462393116,0
09,185,229,163,0.0974154993891716,2.177339901477835,3.0549147679434676,0.0,1.5274573839717338,0
09,186,229,163,0.09701138734817505,1.9376026272578017,3.040226752690701,0.0,1.5201133763453505,0
09,187,229,163,0.09202859550714493,1.8620689655172424,2.8591202397990516,0.0,1.4295601198995258,0
09,188,229,163,0.08936875313520432,1.9507389162561573,2.7624445623491125,0.0,1.3812222811745563,0
09,189,229,163,0.09134473651647568,2.2036124794745486,2.8342644318381662,0.0,1.4171322159190831,0
09,190,229,175,0.09227070957422256,8.807881773399014,2.867920212948518,0.19318369829538898,1.5305519556219536,0
09,191,229,175,0.09724292159080505,7.747126436781609,3.048642187377826,0.1547374046728316,1.601689796025329,0
09,192,229,175,0.0964808315038681,6.7684729064039395,3.020942961209488,0.11926683037090555,1.5701048957901966,0
09,193,229,175,0.09842164814472198,5.871921182266008,3.091484646513858,0.0867719753896109,1.5891283109517345,0
09,194,229,175,0.09720015525817871,5.057471264367813,3.0470877854244183,0.05725283972894758,1.552170312576683,0
09,195,229,175,0.09615624696016312,4.325123152709358,3.0091454836658973,0.030709423388915757,1.5199274535274065,0
09,196,229,175,0.09191807359457016,3.6748768472906397,2.8551031668762556,0.007141726369515296,1.4311224466228856,0
09,197,229,175,0.09275024384260178,3.106732348111658,2.885349554155004,0.0,1.442674777077502,0
09,198,229,175,0.09083065390586853,2.912972085385878,2.8155793829909226,0.0,1.4077896914954613,0
09,199,229,175,0.09352410584688187,2.8834154351395735,2.9134766470631304,0.0,1.4567383235315652,0
09,200,229,175,0.09501493722200394,3.0180623973727436,2.9676629908382304,0.0,1.4838314954191152,0
09,201,229,175,0.09296080470085144,3.3169129720853876,2.8930026819607977,0.0,1.4465013409803988,0
09,202,229,175,0.09536825865507126,3.7799671592775055,2.9805049506700247,0.010950647099923534,1.4957277988849742,0
09,203,229,175,0.09079471975564957,4.407224958949097,2.814273306227632,0.03368514270954722,1.4239792244685896,0
09,204,229,175,0.0928240418434143,5.192118226600986,2.8880318453307012,0.062133019414783185,1.4750824323727423,0
09,205,229,175,0.09710580110549927,5.763546798029557,3.043658352264496,0.08284402588637756,1.5632511890754368,0
09,206,229,175,0.09550031274557114,6.334975369458128,2.985304640604206,0.10355503235797194,1.544429836481089,0
09,207,229,175,0.092808797955513,6.9064039408867,2.887477784982849,0.12426603882956634,1.5058719119062076,0
09,208,229,175,0.09426076710224152,7.477832512315271,2.9402516269131795,0.1449770453011607,1.54261433610717,0
09,209,229,175,0.09515050053596497,8.049261083743843,2.9725902283891457,0.1656880517727551,1.5691391400809505,0
09,210,229,187,0.09387028962373734,4.5779967159277515,2.926059178833712,0.03987463889646051,1.482966908865086,0
09,211,229,187,0.09424867480993271,4.088669950738917,2.9398121156988277,0.0221393517454975,1.4809757337221625,0
10,35,231,28,0.06398741155862808,2.210180623973727,1.8399243343126048,0.0,0.9199621671563024,0
10,36,231,28,0.06396953016519547,1.7422003284072238,1.839274410150901,0.0,0.9196372050754505,0
10,37,231,28,0.06468533724546432,1.4220032840722487,1.8652914159473635,0.0,0.9326457079736817,0
10,38,231,28,0.0625653862953186,1.380952380952379,1.7882388445513935,0.0,0.8941194222756967,0
10,39,231,28,0.06322202831506729,1.635467980295564,1.8121054137778192,0.0,0.9060527068889096,0
10,40,231,28,0.0695374608039856,2.129720853858784,2.041648608027364,0.0,1.020824304013682,0
10,41,231,28,0.0665956437587738,2.738916256157635,1.9347241681508272,0.0,0.9673620840754136,0
10,42,231,36,0.07081617414951324,4.188834154351396,2.088125226434255,0.025769729316667735,1.0569474778754615,0
10,43,231,36,0.07051343470811844,3.2348111658456484,2.077121739574879,0.0,1.0385608697874396,0
10,44,231,38,0.0650428831577301,4.045977011494253,1.8782869203623607,0.020591977698769158,0.9494394490305649,0
10,45,231,38,0.05962488427758217,3.1691297208538574,1.6813622011809155,0.0,0.8406811005904578,0
10,46,231,42,0.06828057020902634,5.760262725779968,1.9959651678994852,0.08272499711355231,1.0393450825065187,0
10,47,231,42,0.07193543016910553,4.699507389162561,2.128806146129154,0.0442787034909949,1.0865424248100746,0
10,48,231,42,0.06763197481632233,3.816091954022988,1.9723910645458262,0.012259963601001267,0.9923255140734137,0
10,49,231,42,0.07291427254676819,3.047619047619047,2.1643835363442765,0.0,1.0821917681721382,0
10,50,231,50,0.06849519908428192,9.0935960591133,2.0037661534520663,0.2035392015311862,1.1036526774916262,0
10,51,231,50,0.07045496255159378,7.747126436781609,2.0749964875661084,0.1547374046728316,1.11486694611947,0
10,52,231,50,0.06656444817781448,6.482758620689654,1.9335903212903884,0.10891132713510837,1.0212508242127485,0
10,53,231,50,0.06265541911125183,5.300492610837437,1.791511212705571,0.06606096891801652,0.9287860908117938,0
10,54,231,50,0.06420166045427322,4.581280788177339,1.8477115089767497,0.039993667669285686,0.9438525883230177,0
10,55,231,50,0.06303486227989197,3.9441707717569776,1.805302603416921,0.0169020857411862,0.9111023445790536,0
10,56,231,50,0.06694798171520233,3.448275862068964,1.9475303821537282,0.0,0.9737651910768641,0
10,57,231,50,0.06685463339090347,3.1165845648604256,1.9441375072279015,0.0,0.9720687536139507,0
10,58,231,50,0.0701911598443985,2.9556650246305405,2.0654082105688425,0.0,1.0327041052844212,0
10,59,231,50,0.06563681364059448,3.103448275862069,1.899874151393345,0.0,0.9499370756966725,0
10,60,231,50,0.06121933460235596,3.513957307060755,1.7393147200722203,0.0013093165010778123,0.8703120182866491,0
10,61,231,50,0.06096081808209419,4.026272577996716,1.7299185769052579,0.019877805061817612,0.8748981909835377,0
10,62,231,50,0.06361598521471024,4.620689655172414,1.8264243262670852,0.04142201294318878,0.933923169605137,0
10,63,231,50,0.05967414751648903,5.28735632183908,1.6831527422464088,0.06558485382671554,0.8743687980365622,0
10,64,231,50,0.06103169545531273,5.954022988505747,1.7324947138012106,0.08974769471024233,0.9111212042557264,0
10,65,231,50,0.066118985414505,6.525451559934319,1.917399356413682,0.11045870118183673,1.0139290287977594,0
10,66,231,50,0.07194389402866364,7.09688013136289,2.129113776899027,0.1311697076534311,1.1301417422762292,0
10,67,231,57,0.07726138830184937,3.188834154351396,2.3223855160890974,0.0,1.1611927580445487,0
10,68,231,57,0.08978770673274994,3.3185550082101805,2.777672014656093,0.0,1.3888360073280466,0
10,69,231,57,0.08777755498886108,3.5303776683087023,2.704610248414717,0.001904460365204079,1.3532573543899604,0
10,70,231,57,0.07422968000173569,3.824302134646961,2.21219385329133,0.012557535533064382,1.1123756944121972,0
10,71,231,57,0.06632205843925476,3.8193760262725767,1.9247803284767624,0.012378992373826496,0.9685796604252944,0
10,72,231,62,0.06289780884981155,2.9113300492610845,1.800321205519197,0.0,0.9001606027595985,0
10,73,231,62,0.0682256743311882,2.438423645320197,1.9939699007230551,0.0,0.9969849503615276,0
10,74,231,62,0.07248647511005402,2.1297208538587853,2.1488346423789864,0.0,1.0744173211894932,0
10,75,231,62,0.06972367316484451,1.9852216748768474,2.0484167557663047,0.0,1.0242083778831523,0
10,76,231,62,0.08077380806207657,2.004926108374385,2.4500493067673292,0.0,1.2250246533836646,0
10,77,231,68,0.08795300871133804,3.998357963875205,2.7109873584496995,0.018866060492802934,1.3649267094712512,0
10,78,231,68,0.0890076756477356,3.2233169129720847,2.7493206979121787,0.0,1.3746603489560894,0
10,79,231,68,0.07519583404064178,2.533661740558292,2.2473100681533764,0.0,1.1236550340766882,0
10,80,231,68,0.06717389822006226,2.0279146141215114,1.9557416323333847,0.0,0.9778708161666924,0
10,81,231,68,0.06522972136735916,1.7684729064039424,1.885077815446961,0.0,0.9425389077234805,0
10,82,231,68,0.06942661106586456,1.7553366174055842,2.03761961982827,0.0,1.018809809914135,0
10,83,231,68,0.0727149248123169,1.988505747126437,2.1571379651482174,0.0,1.0785689825741087,0
10,84,231,68,0.07155992090702057,2.464696223316913,2.1151577387333793,0.0,1.0575788693666897,0
10,85,231,75,0.0694919228553772,3.807881773399015,2.039993467828892,0.011962391668938165,1.025977929748915,0
10,86,231,75,0.0652642771601677,2.7717569786535305,1.886333793889453,0.0,0.9431668969447266,0
10,87,231,75,0.06664196401834488,1.89983579638752,1.9364077425313735,0.0,0.9682038712656867,0
10,88,231,75,0.06494686007499695,1.6009852216748761,1.8747968276140123,0.0,0.9373984138070062,0
10,89,231,75,0.0705147236585617,1.5484400656814445,2.0771685882748687,0.0,1.0385842941374344,0
10,90,231,75,0.0679926946759224,1.7422003284072252,1.9855019304995256,0.0,0.9927509652497628,0
10,91,231,75,0.060779958963394165,2.182266009852217,1.7233450002122273,0.0,0.8616725001061136,0
10,92,231,75,0.06595004349946976,2.8686371100164196,1.9112589270942535,0.0,0.9556294635471267,0
10,93,231,75,0.06313099712133408,3.4778325123152705,1.8087967581912798,0.0,0.9043983790956399,0
10,94,231,75,0.06750611960887909,4.09688013136289,1.9678166816543692,0.0224369236775606,0.9951268026659649,0
10,95,231,75,0.06584735214710236,4.715927750410509,1.9075264667939367,0.04487384735512116,0.9762001570745289,0
10,96,231,81,0.06406426429748535,2.0114942528735638,1.8427176541992598,0.0,0.9213588270996299,0
10,97,231,75,0.06077711284160614,6.239737274220033,1.723241553949823,0.10010319794603954,0.9116723759479313,0
10,98,231,75,0.08043673634529114,6.573070607553365,2.4377979655174826,0.1121846183878029,1.2749912919526427,0
10,99,231,84,0.0827568843960762,2.4958949096880128,2.5221269795071923,0.0,1.2610634897535962,0
10,100,231,85,0.08477691560983658,2.502463054187192,2.5955478288479097,0.0,1.2977739144239548,0
10,101,231,85,0.07397282123565674,2.234811165845647,2.202857963510192,0.0,1.101428981755096,0
10,102,231,85,0.06836659461259842,2.1970443349753688,1.9990918447207475,0.0,0.9995459223603738,0
10,103,231,88,0.06375669687986374,2.7569786535303784,1.8315386878162243,0.0,0.9157693439081122,0
10,104,231,88,0.06610482186079025,2.2807881773399026,1.9168845623172661,0.0,0.9584422811586331,0
10,105,231,89,0.08481869101524353,2.188834154351396,2.5970662141706895,0.0,1.2985331070853448,0
10,106,231,89,0.07452024519443512,2.0082101806239736,2.222754850117279,0.0,1.1113774250586395,0
10,107,231,89,0.0773431807756424,2.027914614121511,2.325358377525423,0.0,1.1626791887627115,0
10,108,231,93,0.07243000715970993,3.1412151067323486,2.1467822360366733,0.0,1.0733911180183366,0
10,109,231,93,0.06445883959531784,2.3825944170771756,1.8570590432324516,0.0,0.9285295216162258,0
10,110,231,93,0.06884882599115372,1.9293924466338241,2.016619216154957,0.0,1.0083096080774785,0
10,111,231,96,0.06722746789455414,3.426929392446634,1.957688696801155,0.0,0.9788443484005775,0
10,112,231,96,0.077101930975914,2.5517241379310347,2.3165898173771056,0.0,1.1582949086885528,0
10,113,231,100,0.07888420671224594,5.236453201970444,2.381369112582772,0.06373990784792413,1.222554510215348,0
10,114,231,100,0.07784875482320786,4.12807881773399,2.3437341707923895,0.023567697019400525,1.183650933905895,0
10,115,231,100,0.0720672756433487,3.101806239737274,2.133598253614782,0.0,1.066799126807391,0
10,116,231,100,0.06877703964710236,2.187192118226601,2.014010041447451,0.0,1.0070050207237256,0
10,117,231,100,0.06655512005090714,1.801313628899836,1.9332512775193664,0.0,0.9666256387596832,0
10,118,231,103,0.07363948225975037,2.5944170771756982,2.1907422939291012,0.0,1.0953711469645506,0
10,119,231,103,0.07631777226924896,1.5500821018062396,2.2880884764725313,0.0,1.1440442382362657,0
10,120,231,103,0.07495888322591782,1.2036124794745466,2.2386977606056018,0.0,1.1193488803028009,0
10,121,231,106,0.08156478404998779,2.277504105090312,2.478798431258553,0.0,1.2393992156292766,0
10,122,231,106,0.08399614691734314,1.569786535303777,2.567169702732325,0.0,1.2835848513661625,0
10,123,231,106,0.07945841550827026,1.141215106732347,2.402239531423744,0.0,1.201119765711872,0
10,124,231,109,0.07826772332191467,2.2348111658456484,2.3589621647028385,0.0,1.1794810823514192,0
10,125,231,109,0.09594015032052994,1.4909688013136275,3.0012911501717094,0.0,1.5006455750858547,0
10,126,231,109,0.0967540442943573,1.1231527093596048,3.03087326079685,0.0,1.515436630398425,0
10,127,231,112,0.0968727320432663,2.1477832512315276,3.0351871324201576,0.0,1.5175935662100788,0
10,128,231,112,0.08754648268222809,1.269293924466338,2.6962116034351027,0.0,1.3481058017175513,0
10,129,231,112,0.07236921042203903,0.9556650246305406,2.144572493886881,0.0,1.0722862469434404,0
10,130,231,116,0.07289715111255646,3.0459770114942533,2.163761233959445,0.0,1.0818806169797226,0
10,131,231,116,0.07218416780233383,2.032840722495895,2.137846862020185,0.0,1.0689234310100926,0
10,132,231,116,0.08111828565597534,1.3103448275862064,2.4625698249408146,0.0,1.2312849124704073,0
10,133,231,116,0.08332229405641556,0.9392446633825935,2.54267758150026,0.0,1.27133879075013,0
10,134,231,116,0.08008669316768646,1.0443349753694566,2.425075158448667,0.0,1.2125375792243336,0
10,135,231,116,0.07885810732841492,1.5303776683087023,2.3804204941084186,0.0,1.1902102470542093,0
10,136,231,116,0.06871863454580307,2.2397372742200323,2.0118872266542867,0.0,1.0059436133271433,0
10,137,231,121,0.06980662047863007,1.8752052545155986,2.051431591471407,0.0,1.0257157957357035,0
10,138,231,121,0.07473355531692505,1.1904761904761898,2.2305079037629345,0.0,1.1152539518814673,0
10,139,231,122,0.07887497544288635,1.213464696223316,2.3810335892342924,0.0,1.1905167946171462,0
10,140,231,122,0.08473657816648483,1.0180623973727416,2.5940817082598002,0.0,1.2970408541299001,0
10,141,231,122,0.08210882544517517,1.2463054187192117,2.4985723738783845,0.0,1.2492861869391922,0
10,142,231,122,0.07628411799669266,1.7947454844006567,2.2868652650398587,0.0,1.1434326325199293,0
10,143,231,122,0.07538249343633652,2.4778325123152705,2.25409446399636,0.0,1.12704723199818,0
10,144,231,122,0.07492095977067947,3.2397372742200323,2.237319379779322,0.0,1.118659689889661,0
10,145,231,131,0.08724359422922134,4.71264367816092,2.685202700541046,0.04475481858229595,1.364978759561671,0
10,146,231,131,0.09709228575229645,3.7471264367816097,3.0431671179189417,0.009760359371670952,1.5264637386453064,0
10,147,231,131,0.08827268332242966,2.863711001642036,2.722606377650555,0.0,1.3613031888252776,0
10,148,231,131,0.09691059589385986,2.2545155993431854,3.036563346832565,0.0,1.5182816734162825,0
10,149,231,131,0.08147227019071579,1.8423645320197037,2.4754358861269394,0.0,1.2377179430634697,0
10,150,231,131,0.07749970257282257,1.7224958949096871,2.331047380354202,0.0,1.165523690177101,0
10,151,231,131,0.07916875928640366,1.793103448275861,2.391711572409348,0.0,1.195855786204674,0
10,152,231,131,0.08387094736099243,2.0279146141215088,2.5626191503934637,0.0,1.2813095751967318,0
10,153,231,131,0.08515693247318268,2.426929392446632,2.609360071292781,0.0,1.3046800356463906,0
10,154,231,131,0.07905897498130798,2.9901477832512304,2.387721308858222,0.0,1.193860654429111,0
10,155,231,131,0.0732097253203392,3.6683087027914603,2.175122179107758,0.00690366882386477,1.0910129239658113,0
10,156,231,137,0.06725213676691055,2.2052545155993437,1.958585321342572,0.0,0.979292660671286,0
10,157,231,137,0.07427745312452316,1.8686371100164203,2.213930234010015,0.0,1.1069651170050074,0
10,158,231,137,0.07332497090101242,1.862068965517241,2.1793109403299376,0.0,1.0896554701649688,0
10,159,231,137,0.07755471765995026,2.019704433497536,2.3330469803583767,0.0,1.1665234901791883,0
10,160,231,137,0.08339128643274307,2.2939244663382574,2.5451852055574995,0.0,1.2725926027787497,0
10,161,231,142,0.07827018201351166,2.7126436781609193,2.3590515292750727,0.0,1.1795257646375363,0
10,162,231,142,0.07543069124221802,2.206896551724139,2.255846280413885,0.0,1.1279231402069425,0
10,163,231,142,0.0736507698893547,1.9474548440065698,2.1911525585561766,0.0,1.0955762792780883,0
10,164,231,142,0.07435102760791779,1.9343185550082116,2.216604401133691,0.0,1.1083022005668455,0
10,165,231,144,0.08754529058933258,1.701149425287356,2.696168275157656,0.0,1.348084137578828,0
10,166,231,144,0.08735509216785431,1.5385878489326772,2.689255248491002,0.0,1.344627624245501,0
10,167,231,151,0.08718477934598923,5.665024630541872,2.6830649916525093,0.0792731627016199,1.3811690771770646,0
10,168,231,151,0.07690829038619995,4.794745484400656,2.309551680309324,0.047730537902927285,1.1786411091061255,0
10,169,231,151,0.07122278958559036,4.006568144499178,2.1029042310696604,0.019163632424866035,1.0610339317472632,0
10,170,231,151,0.08306598663330078,3.3004926108374364,2.533361731047441,0.0,1.2666808655237205,0
10,171,231,151,0.07856158912181854,2.676518883415432,2.369643126696969,0.0,1.1848215633484844,0
10,172,231,151,0.08422177284955978,2.18062397372742,2.5753703916443538,0.0,1.2876851958221769,0
10,173,231,151,0.08936406672000885,1.9113300492610825,2.762274228058399,0.0,1.3811371140291995,0
10,174,231,151,0.08686509728431702,1.9605911330049253,2.67144570164992,0.0,1.33572285082496,0
10,175,231,162,0.07971669733524323,8.52216748768473,2.411627144336084,0.18282819505959183,1.297227669697838,0
10,176,231,162,0.07576855272054672,7.128078817733989,2.2681263266475398,0.132300480995271,1.2002134038214054,0
10,177,231,162,0.07697851210832596,6.101806239737273,2.312103986652681,0.09510398948737879,1.2036039880700298,0
10,178,231,162,0.07986274361610413,5.157635467980294,2.416935399926798,0.06088321730011791,1.238909308613458,0
10,179,231,162,0.08522165566682816,4.295566502463051,2.611712525956414,0.029638164433488406,1.3206753451949511,0
10,180,231,162,0.08751611411571503,3.5353037766830844,2.695107815567143,0.002083003524441885,1.3485954095457924,0
10,181,231,162,0.08632586896419525,2.9392446633825915,2.65184669695028,0.0,1.32592334847514,0
10,182,231,175,0.0837211161851883,12.52216748768473,2.557173327521856,0.32780524036075254,1.4424892839413044,0
10,183,231,175,0.08346235007047653,11.032840722495894,2.547768112496803,0.2738256918844993,1.4107969021906512,0
10,184,231,175,0.09381032735109329,9.625615763546797,2.9238797664781324,0.2228218627288775,1.573350814603505,0
10,185,231,175,0.09417131543159485,8.300492610837436,2.9370003812942573,0.17479375289388702,1.5558970670940722,0
10,186,231,175,0.08449598401784897,7.152709359605908,2.5853369786640785,0.13319319679146033,1.3592650877277694,0
10,187,231,175,0.0758451446890831,6.0870279146141195,2.270910168473504,0.0945683600096651,1.1827392642415844,0
10,188,231,175,0.07409583777189255,5.4367816091954015,2.207329170940979,0.07100066299026464,1.1391649169656217,0
10,189,231,187,0.07470404356718063,13.998357963875204,2.22943525809439,0.3813086737457046,1.3053719659200473,0
10,190,231,187,0.0789642482995987,12.366174055829225,2.3842783356115973,0.3221513736515528,1.353214854631575,0
10,191,231,187,0.08465208113193512,10.816091954022987,2.5910105457940165,0.2659697928780324,1.4284901693360244,0
10,192,231,187,0.09169086068868637,9.348111658456483,2.8468447971948754,0.21276393142514335,1.5298043643100094,0
10,193,231,187,0.09965880215167999,7.962233169129718,3.1364507328482563,0.1625337892928857,1.649492261070571,0
10,194,231,187,0.10963506251573563,6.658456486042691,3.4990518175164387,0.11527936648125947,1.807165591998849,0
10,195,231,187,0.08210447430610657,5.4367816091954015,2.4984142256657034,0.07100066299026464,1.284707444327984,0
10,196,231,187,0.08172612637281418,4.827586206896551,2.4846626428092575,0.04892082563117982,1.2667917342202186,0
10,197,231,187,0.06927969306707382,4.3825944170771765,2.0322796804346726,0.03279242691335782,1.0325360536740151,0
10,198,231,187,0.07209324836730957,4.101806239737276,2.1345422684596564,0.022615466836798548,1.0785788676482275,0
10,199,231,187,0.08489124476909637,3.985221674876849,2.5997032814568017,0.018389945401501996,1.3090466134291519,0
10,200,231,187,0.0960896909236908,4.032840722495897,3.00672641177569,0.020115862607468202,1.5134211371915791,0
10,201,231,187,0.09760323911905289,4.244663382594418,3.061738430037887,0.027793218454697125,1.544765824246292,0
10,202,231,187,0.09031060338020325,4.620689655172415,2.79667742195471,0.04142201294318881,1.4190497174489494,0
10,203,231,187,0.07712797820568085,5.192118226600986,2.3175365402393204,0.062133019414783185,1.1898347798270519,0
10,204,231,187,0.06961166858673096,5.763546798029557,2.044345793298434,0.08284402588637756,1.0635949095924058,0
10,205,231,187,0.07176487892866135,6.334975369458128,2.1226072236351725,0.10355503235797194,1.1130811279965722,0
10,206,231,187,0.07605988532304764,6.9064039408867,2.2787152160520954,0.12426603882956634,1.2014906274408308,0
10,207,231,187,0.08216822892427444,7.477832512315271,2.5007314761039106,0.1449770453011607,1.3228542607025355,0
10,208,231,187,0.08740808069705963,8.049261083743843,2.691181190423517,0.1656880517727551,1.428434621098136,0
10,209,231,187,0.08413444459438324,8.620689655172415,2.572196324519634,0.1863990582443495,1.3792976913819919,0
10,210,231,187,0.07696212083101273,8.620689655172415,2.311508222837786,0.1863990582443495,1.2489536405410677,0
10,211,231,187,0.07435808330774307,8.620689655172415,2.21686085037583,0.1863990582443495,1.2016299543100897,0
10,212,231,187,0.07377789169549942,8.620689655172415,2.195772977742421,0.1863990582443495,1.1910860179933853,0
10,213,231,187,0.0771711990237236,8.620689655172415,2.319107461098505,0.1863990582443495,1.2527532596714273,0
11,35,232,24,0.052996695041656494,3.1756978653530377,1.4404514271405742,0.0,0.7202257135702871,0
11,36,232,24,0.049991291016340256,3.6206896551724137,1.331215829864846,0.005177751617898609,0.6681967907413723,0
11,37,232,28,0.04737759381532669,1.8062397372742214,1.236217362954703,0.0,0.6181086814773515,0
11,38,232,28,0.05038181319832802,1.704433497536947,1.3454099027547182,0.0,0.6727049513773591,0
11,39,232,28,0.048812136054039,1.8456486042692948,1.2883577996291067,0.0,0.6441788998145533,0
11,40,232,28,0.05155264213681221,2.1510673234811164,1.3879653120526643,0.0,0.6939826560263321,0
11,41,232,28,0.050916850566864014,2.6206896551724137,1.3648565814789584,0.0,0.6824282907394792,0
11,42,232,28,0.049678344279527664,3.192118226600985,1.3198413446298312,0.0,0.6599206723149156,0
11,43,232,28,0.05031882971525192,3.7635467980295565,1.3431206802959843,0.010355503235797203,0.6767380917658907,0
11,44,232,28,0.04938401281833649,4.239737274220032,1.3091434575273233,0.027614675295459176,0.6683790664113912,0
11,45,232,36,0.0493774488568306,2.9031198686371105,1.3089048811996313,0.0,0.6544524405998157,0
11,46,232,42,0.04857887700200081,7.760262725779967,1.2798796743405505,0.1552135197641326,0.7175465970523416,0
11,47,232,42,0.049527108669281006,6.699507389162562,1.3143444756313563,0.11676722614157527,0.7155558508864658,0
11,48,232,42,0.05029062554240227,5.720853858784893,1.342095560331764,0.08129665183964922,0.7116961060857065,0
11,49,232,42,0.04914223775267601,4.824302134646961,1.300355805856756,0.048801796858354535,0.6745788013575552,0
11,50,232,42,0.05833914875984192,4.009852216748767,1.6346303521396888,0.019282661197691283,0.82695650666869,0
11,51,232,42,0.05122675746679306,3.4679802955665013,1.3761205796064835,0.0,0.6880602898032417,0
11,52,232,42,0.06221452355384827,3.0114942528735624,1.775486249291833,0.0,0.8877431246459165,0
11,53,232,42,0.05651567503809929,2.811165845648604,1.568353658745631,0.0,0.7841768293728155,0
11,54,232,48,0.04948856309056282,5.372742200328409,1.312943482860284,0.06867960192017225,0.6908115423902281,0
11,55,232,48,0.049687061458826065,4.479474548440067,1.3201581826586617,0.036303775711702874,0.6782309791851823,0
11,56,232,48,0.04642026871442795,3.7504105090311994,1.2014220481474975,0.009879388144496215,0.6056507181459969,0
11,57,232,50,0.04340973123908043,4.016420361247946,1.0919998684770138,0.019520718743341808,0.5557602936101778,0
11,58,232,50,0.049816589802503586,3.4121510673234794,1.324866070805002,0.0,0.662433035402501,0
11,59,232,50,0.04886217787861824,3.0541871921182246,1.2901766394758076,0.0,0.6450883197379038,0
11,60,232,50,0.046383149921894073,2.8866995073891606,1.2000729139084947,0.0,0.6000364569542473,0
11,61,232,50,0.04287762567400932,2.8834154351395718,1.0726597502351196,0.0,0.5363298751175598,0
11,62,232,50,0.03979325294494629,3.1067323481116578,0.9605539253802681,0.0,0.48027696269013403,0
11,63,232,50,0.042330704629421234,3.513957307060755,1.0527811427450804,0.0013093165010778123,0.5270452296230791,0
11,64,232,50,0.048274289816617966,4.026272577996716,1.2688090286511322,0.019877805061817612,0.6443434168564749,0
11,65,232,57,0.048580508679151535,2.272577996715928,1.279938979920306,0.0,0.639969489960153,0
11,66,232,57,0.046752333641052246,1.7684729064039404,1.2134914106320671,0.0,0.6067457053160336,0
11,67,232,58,0.04093721881508827,1.7142857142857135,1.0021329590261217,0.0,0.5010664795130608,0
11,68,232,66,0.04400353878736496,8.141215106732348,1.1135826312793864,0.16902085741186224,0.6413017443456244,0
11,69,232,66,0.04473591968417168,7.080459770114942,1.1402020355332279,0.13057456378930482,0.6353882996612663,0
11,70,232,66,0.043756864964962006,6.101806239737273,1.1046169274686857,0.09510398948737879,0.5998604584780323,0
11,71,232,66,0.04414776340126991,5.205254515599342,1.1188246758461269,0.06260913450608414,0.5907169051761055,0
11,72,232,66,0.04605110362172127,4.390804597701148,1.1880042284282601,0.03308999884542089,0.6105471136368406,0
11,73,232,66,0.045230213552713394,3.6584564860426916,1.1581678349748532,0.006546582505388997,0.5823572087401211,0
11,74,232,66,0.04453561455011368,3.0082101806239723,1.1329216663143447,0.0,0.5664608331571723,0
11,75,232,66,0.044306427240371704,2.725779967159277,1.124591534173443,0.0,0.5622957670867215,0
11,76,232,66,0.04317959025502205,2.6075533661740553,1.0836350737141547,0.0,0.5418175368570773,0
11,77,232,66,0.04179774597287178,2.7947454844006554,1.0334100177046381,0.0,0.5167050088523191,0
11,78,232,66,0.04292915388941765,3.1001642036124784,1.074532615027762,0.0,0.537266307513881,0
11,79,232,66,0.04550134390592575,3.4876847290640387,1.1680224454775507,0.00035708631847575673,0.5841897658980133,0
11,80,232,66,0.04567909240722656,3.9573070607553356,1.1744829624466182,0.017378200832487218,0.5959305816395527,0
11,81,232,68,0.06928078085184097,3.3464696223316914,2.032319217487843,0.0,1.0161596087439215,0
11,82,232,72,0.0687895119190216,2.8472906403940885,2.0144633635502394,0.0,1.0072316817751197,0
11,83,232,72,0.07892993837594986,2.591133004926108,2.3830312936263285,0.0,1.1915156468131642,0
11,84,232,72,0.06592679023742676,2.64367816091954,1.9104137548823048,0.0,0.9552068774411524,0
11,85,232,75,0.049995698034763336,2.2824302134646963,1.3313760090905327,0.0,0.6656880045452663,0
11,86,232,75,0.0491899698972702,2.1707717569786538,1.3020906971659034,0.0,0.6510453485829517,0
11,87,232,75,0.052949175238609314,2.3284072249589487,1.4387242536808469,0.0,0.7193621268404234,0
11,88,232,75,0.08177033066749573,2.733990147783251,2.486269309497336,0.0,1.243134654748668,0
11,89,232,75,0.0678170919418335,2.8801313628899825,1.9791194044298626,0.0,0.9895597022149313,0
11,90,232,75,0.0978628471493721,3.180623973727422,3.071174245658887,0.0,1.5355871228294435,0
11,91,232,82,0.10439375787973404,3.247947454844007,3.308549296858694,0.0,1.654274648429347,0
11,92,232,82,0.0731450691819191,2.568144499178982,2.172772161659731,0.0,1.0863860808298655,0
11,93,232,82,0.06018676236271858,1.970443349753694,1.7017844431520461,0.0,0.8508922215760231,0
11,94,232,82,0.07850030064582825,1.5599343185550076,2.36741551163273,0.0,1.183707755816365,0
11,95,232,82,0.07405295968055725,1.3957307060755337,2.20577070696156,0.0,1.10288535348078,0
11,96,232,82,0.06601478159427643,1.4778325123152707,1.9136119233613544,0.0,0.9568059616806772,0
11,97,232,84,0.06826207786798477,1.4121510673234807,1.9952930379955902,0.0,0.9976465189977951,0
11,98,232,84,0.07169147580862045,1.4022988505747114,2.1199392849513794,0.0,1.0599696424756897,0
11,99,232,84,0.06455563008785248,1.7142857142857135,1.860577028559406,0.0,0.930288514279703,0
11,100,232,84,0.06281744688749313,2.2528735632183907,1.7974003380158077,0.0,0.8987001690079038,0
11,101,232,84,0.0665326863527298,3.0016420361247946,1.9324358934981625,0.0,0.9662179467490812,0
11,102,232,85,0.0662519708275795,2.8243021346469623,1.9222328965646185,0.0,0.9611164482823092,0
11,103,232,88,0.06242748722434044,1.4466338259441702,1.7832267106568558,0.0,0.8916133553284279,0
11,104,232,88,0.062130045145750046,1.738916256157635,1.7724157638303848,0.0,0.8862078819151924,0
11,105,232,90,0.06918834149837494,1.4072249589490968,2.0289593803735695,0.0,1.0144796901867847,0
11,106,232,82,0.06695760041475296,8.525451559934318,1.9478799871923778,0.18294722383241704,1.0654136055123975,0
11,107,232,84,0.06550063192844391,7.0623973727422,1.8949244372985041,0.1299199055387659,1.012422171418635,0
11,108,232,84,0.0663699209690094,7.4088669950738915,1.9265199588162556,0.14247744107183033,1.0344986999440429,0
11,109,232,84,0.062070392072200775,7.8111658456486035,1.7702475897467682,0.15705846574292406,0.9636530277448462,0
11,110,232,84,0.062266528606414795,8.239737274220031,1.7773764453954544,0.1725917205966198,0.9749840829960371,0
11,111,232,85,0.06404179334640503,7.7290640394088665,1.8419009161693858,0.1540827464222927,0.9979918312958392,0
11,112,232,88,0.0671505406498909,5.6880131362889985,1.9548926688971595,0.08010636411139668,1.0174995165042782,0
11,113,232,90,0.06468385457992554,4.798029556650247,1.865237526402289,0.047849566675752596,0.9565435465390207,0
11,114,232,90,0.06337139010429382,4.607553366174055,1.8175341761401824,0.04094589785188773,0.9292400369960351,0
11,115,232,90,0.06379583477973938,4.555008210180624,1.832961209325153,0.03904143748668368,0.9360013234059184,0
11,116,232,90,0.06336268037557602,4.669950738916256,1.817217608913086,0.04320744453556761,0.9302125267243269,0
11,117,232,90,0.06544084846973419,4.906403940886699,1.8927515241845418,0.05177751617898597,0.9722645201817639,0
11,118,232,90,0.06394407153129578,5.192118226600985,1.8383490806256757,0.06213301941478316,0.9502410500202294,0
11,119,232,84,0.06583471596240997,11.192118226600984,1.9070671870529994,0.27959858736652415,1.0933328872097619,0
11,120,232,90,0.06298629194498062,5.967159277504105,1.8035372469126936,0.09022380980154335,0.9468805283571184,0
11,121,232,90,0.0641065388917923,6.170771756978653,1.8442541832382209,0.09760359371670917,0.9709288884774651,0
11,122,232,100,0.0632355660200119,4.883415435139574,1.8125974605285755,0.050944314769209235,0.9317708876488924,0
11,123,232,100,0.06439588218927383,4.284072249589491,1.8547707685797867,0.029221563728600155,0.9419961661541935,0
11,124,232,100,0.06075889617204666,3.5418719211822656,1.7225794437100872,0.0023210610700924754,0.8624502523900899,0
11,125,232,100,0.06466730684041977,2.832512315270935,1.864636075750979,0.0,0.9323180378754895,0
11,126,232,100,0.06425052881240845,2.1527093596059115,1.849487697550339,0.0,0.9247438487751695,0
11,127,232,111,0.06406889110803604,10.760262725779969,1.8428858220761006,0.2639463037400032,1.053416062908052,0
11,128,232,121,0.06726272404193878,18.998357963875204,1.9589701306066472,0.5625299803721554,1.2607500554894013,0
11,129,232,121,0.06538504362106323,17.318555008210183,1.8907232191965586,0.5016467630720376,1.196184991134298,0
11,130,232,121,0.06508789211511612,15.720853858784896,1.8799228336377154,0.443739265092551,1.1618310493651332,0
11,131,232,121,0.0653371661901474,14.205254515599346,1.8889830472535973,0.38880748643369584,1.1388952668436465,0
11,132,232,121,0.06648041307926178,12.81937602627258,1.9305359485321156,0.33857734430143815,1.134556646416777,0
11,133,232,121,0.0624501034617424,11.658456486042692,1.7840487293205438,0.29650067310771033,1.0402747012141271,0
11,134,232,121,0.06689373403787613,10.67487684729064,1.94555867472816,0.2608515556465465,1.1032051151873532,0
11,135,232,121,0.066289022564888,9.773399014778324,1.9235795935880151,0.22817815750601395,1.0758788755470146,0
11,136,232,121,0.0654178038239479,8.954022988505747,1.8919139344211464,0.19848047868611285,1.0451972065536297,0
11,137,232,121,0.06642396748065948,8.216748768472906,1.9284843545950048,0.17175851918684307,1.050121436890924,0
11,138,232,127,0.06606972217559814,9.266009852216749,1.9156088153481887,0.2097882121045121,1.0626985137263505,0
11,139,232,127,0.06300322711467743,7.917898193760261,1.8041527792541738,0.16092690085974481,0.9825398400569594,0
11,140,232,131,0.06964465975761414,8.793103448275863,2.045544903376777,0.19264806881767538,1.1190964860972261,0
11,141,232,131,0.067170150578022,7.03776683087028,1.955605419061161,0.12902718974257654,1.0423163044018686,0
11,142,232,131,0.06941842287778854,5.446633825944171,2.0373220087225565,0.07135774930874045,1.0543398790156484,0
11,143,232,131,0.06750180572271347,4.525451559934318,1.9676598874503581,0.037970178531256366,1.0028150329908072,0
11,144,232,131,0.06605856120586395,3.8505747126436765,1.915203154350592,0.013509765715666406,0.9643564600331292,0
11,145,232,131,0.07212138175964355,3.392446633825943,2.1355648158074034,0.0,1.0677824079037017,0
11,146,232,131,0.06675494462251663,3.098522167487684,1.9405141800264039,0.0,0.9702570900132019,0
11,147,232,131,0.07381410896778107,2.9688013136288993,2.1970893449716047,0.0,1.0985446724858023,0
11,148,232,131,0.06301944702863693,3.5270935960591125,1.8047423146291857,0.0017854315923788158,0.9032638731107823,0
11,149,232,131,0.06151742860674858,3.9540229885057463,1.7501493620504203,0.017259172059661973,0.8837042670550411,0
11,150,232,131,0.057897452265024185,4.430213464696222,1.6185762775395411,0.034518344119323946,0.8265473108294326,0
11,151,232,131,0.053686920553445816,4.906403940886698,1.4655386351831994,0.05177751617898593,0.7586580756810927,0
11,152,232,133,0.057394593954086304,3.61247947454844,1.6002991915046334,0.004880179685835476,0.8025896855952345,0
11,153,232,133,0.06065889075398445,4.0755336617405575,1.718944607434893,0.021663236654196415,0.8703039220445448,0
11,154,232,142,0.06383175402879715,4.0722495894909665,1.8342667444849752,0.0215442078813711,0.9279054761831731,0
11,155,232,142,0.06347816437482834,3.338259441707716,1.8214150357907548,0.0,0.9107075178953774,0
11,156,232,143,0.06260762363672256,3.238095238095238,1.7897740195816843,0.0,0.8948870097908421,0
11,157,232,144,0.058468665927648544,3.0968801313628904,1.639337834083428,0.0,0.819668917041714,0
11,158,232,144,0.05327184870839119,2.553366174055828,1.450452270579655,0.0,0.7252261352898275,0
11,159,232,144,0.0564713291823864,2.4761904761904763,1.5667418468246062,0.0,0.7833709234123031,0
11,160,232,144,0.05692477151751518,2.5402298850574723,1.5832228403584727,0.0,0.7916114201792364,0
11,161,232,148,0.05704903230071068,3.3103448275862073,1.5877392716788445,0.0,0.7938696358394223,0
11,162,232,151,0.061974912881851196,5.331691297208538,1.7667772655250051,0.06719174225985648,0.9169845038924308,0
11,163,232,151,0.06285078078508377,4.461412151067323,1.7986119049739167,0.03564911746116391,0.9171305112175403,0
11,164,232,151,0.06037787348031998,3.6732348111658446,1.7087306430311202,0.007082211983102656,0.8579064275071114,0
11,165,232,151,0.05925552546977997,3.055829228243018,1.667937340616593,0.0,0.8339686703082965,0
11,166,232,151,0.05541085824370384,2.7733990147783225,1.5281975528113074,0.0,0.7640987764056537,0
11,167,232,151,0.05616329237818718,2.7142857142857117,1.5555458199323258,0.0,0.7777729099661629,0
11,168,232,151,0.05757039785385132,2.819376026272575,1.6066890292211156,0.0,0.8033445146105578,0
11,169,232,157,0.0607336089015007,4.3825944170771765,1.7216603426247448,0.03279242691335782,0.8772263847690513,0
11,170,232,157,0.05876835063099861,3.3119868637110024,1.650230292231846,0.0,0.825115146115923,0
11,171,232,157,0.0621727854013443,2.405582922824302,1.7739692179777233,0.0,0.8869846089888617,0
11,172,232,157,0.0618821382522583,1.7586206896551717,1.7634052423326998,0.0,0.8817026211663499,0
11,173,232,157,0.05938605219125748,1.627257799671592,1.672681516195295,0.0,0.8363407580976475,0
11,174,232,157,0.059349238872528076,1.794745484400656,1.6713434848273878,0.0,0.8356717424136939,0
11,175,232,157,0.07503915578126907,2.341543513957306,2.241615378488183,0.0,1.1208076892440915,0
11,176,232,157,0.0647415965795517,3.0492610837438425,1.8673362398411235,0.0,0.9336681199205618,0
11,177,232,163,0.06656964868307114,2.1822660098522175,1.9337793409007507,0.0,0.9668896704503753,0
11,178,232,163,0.05997208133339882,1.6978653530377685,1.6939815619873266,0.0,0.8469907809936633,0
11,179,232,163,0.05628245696425438,1.5090311986863731,1.5598770228666121,0.0,0.7799385114333061,0
11,180,232,163,0.05618441477417946,1.599343185550083,1.5563135428483381,0.0,0.7781567714241691,0
11,181,232,163,0.05268848314881325,1.935960591133004,1.4292490364075436,0.0,0.7146245182037718,0
11,182,232,163,0.05650068074464798,2.4137931034482754,1.5678086702558691,0.0,0.7839043351279346,0
11,183,232,163,0.056198809295892715,2.9064039408866997,1.5568367317985097,0.0,0.7784183658992548,0
11,184,232,163,0.05724786967039108,3.4778325123152714,1.5949662929561215,3.219137074709459e-17,0.7974831464780607,0
11,185,232,163,0.05762797221541405,4.0492610837438425,1.6087816496209342,0.020711006471594406,0.8147463280462643,0
11,186,232,163,0.05942605063319206,4.620689655172415,1.6741353153045058,0.04142201294318881,0.8577786641238473,0
11,187,232,163,0.05701455846428871,5.192118226600986,1.586486272055427,0.062133019414783185,0.824309645735105,0
11,188,232,163,0.05636712163686752,5.763546798029557,1.5629542783714117,0.08284402588637756,0.8228991521288946,0
11,189,232,163,0.05699778348207474,6.334975369458128,1.5858765619512287,0.10355503235797194,0.8447157971546003,0
11,190,232,163,0.07018862664699554,6.620689655172415,2.0653161379792677,0.11391053559376915,1.0896133367865184,0
11,191,232,163,0.11272595077753067,6.9064039408867,3.6113944584877107,0.12426603882956634,1.8678302486586384,0
11,192,232,163,0.08726910501718521,7.192118226600986,2.6861299256784097,0.13462154206536353,1.4103757338718865,0
11,193,232,175,0.07582078129053116,4.216748768472907,2.2700246468031824,0.026781473885682416,1.1484030603444324,0
11,194,232,187,0.06255234777927399,14.52216748768473,1.787764941516818,0.40029376301133285,1.0940293522640754,0
11,195,232,187,0.05892070010304451,13.17569786535304,1.6557676460895603,0.35149196615297834,1.0036298061212694,0
11,196,232,187,0.05266379192471504,11.911330049261082,1.4283515994609248,0.30566588861525495,0.8670087440380899,0
11,197,232,187,0.05574079230427742,10.729064039408865,1.5401894659999404,0.26281553039816313,0.9015024981990518,0
11,198,232,187,0.05934642255306244,9.91461412151067,1.6712411217719194,0.23329639473749986,0.9522687582547096,0
11,199,232,187,0.06383325159549713,9.182266009852215,1.8343211756335178,0.20675297839746803,1.020537077015493,0
11,200,232,187,0.06785022467374802,8.532019704433496,1.9803236597411524,0.18318528137806753,1.08175447055961,0
11,201,232,187,0.06799425929784775,7.963875205254515,1.9855587988636747,0.16259330367929845,1.0740760512714866,0
11,202,232,187,0.06108212098479271,7.477832512315271,1.7343274999372147,0.1449770453011607,0.9396522726191877,0
11,203,232,187,0.058344148099422455,7.073891625615764,1.6348120601032317,0.13033650624365434,0.882574283173443,0
11,204,232,187,0.053159914910793304,6.752052545155994,1.4463838807282576,0.11867168650677935,0.7825277836175185,0
11,205,232,187,0.0538882315158844,6.512315270935961,1.4728555626361783,0.10998258609053571,0.791419074363357,0
11,206,232,187,0.057805225253105164,6.354679802955665,1.615224158274688,0.10426920499492345,0.8597466816348057,0
11,207,232,187,0.06144202873110771,6.285714285714283,1.7474088485019035,0.10176960076559301,0.9245892246337483,0
11,208,232,187,0.06563855707645416,6.3743842364532,1.8999375189991112,0.10498337763187493,1.002460448315493,0
11,209,232,187,0.0635623037815094,6.545155993431855,1.8244731997733044,0.11117287381878825,0.9678230367960463,0
11,210,232,187,0.0642738863825798,6.798029556650246,1.8503366609865641,0.1203380893263329,0.9853373751564485,0
11,211,232,187,0.06315979361534119,7.1330049261083746,1.8098434068933567,0.13247902415450893,0.9711612155239328,0
11,212,232,187,0.0582149401307106,7.5500821018062405,1.6301158164314553,0.14759567830331632,0.8888557473673858,0
11,213,232,187,0.05960392579436302,8.049261083743843,1.680600435903052,0.1656880517727551,0.9231442438379035,0
11,214,232,187,0.06032033637166023,8.620689655172415,1.706639376639972,0.1863990582443495,0.9465192174421607,0
12,35,231,28,0.023450715467333794,1.5467980295566521,0.36656162772899703,0.0,0.18328081386449852,0
12,36,231,30,0.020735112950205803,1.9917898193760277,0.26785927010147864,0.0,0.13392963505073932,0
12,37,231,30,0.02043355628848076,1.5139573070607564,0.2568987730173824,0.0,0.1284493865086912,0
12,38,231,30,0.02154436893761158,1.3316912972085375,0.29727280664717737,0.0,0.14863640332358868,0
12,39,231,30,0.021420639008283615,1.4220032840722487,0.29277566995035614,0.0,0.14638783497517807,0
12,40,231,30,0.023181667551398277,1.7586206896551724,0.35678270631096454,0.0,0.17839135315548227,0
12,41,231,30,0.022386204451322556,2.341543513957307,0.32787049147541325,0.0,0.16393524573770663,0
12,42,231,30,0.021801872178912163,3.1444991789819374,0.30663212077831,0.0,0.153316060389155,0
12,43,231,34,0.021685143932700157,1.4745484400656816,0.3023894700110558,0.0,0.1511947350055279,0
12,44,231,34,0.021486695855855942,1.5484400656814459,0.2951765981243828,0.0,0.1475882990621914,0
12,45,231,34,0.029864294454455376,1.868637110016421,0.5996720932210923,0.0,0.29983604661054614,0
12,46,231,34,0.02139616385102272,2.435139573070607,0.29188608625402435,0.0,0.14594304312701217,0
12,47,231,42,0.019183555617928505,4.426929392446634,0.21146575679306015,0.03439931534649873,0.12293253606977944,0
12,48,231,42,0.020403018221259117,3.651888341543514,0.25578882440997297,0.006308524959738535,0.13104867468485576,0
12,49,231,42,0.021499663591384888,2.9589490968801306,0.2956479285424849,0.0,0.14782396427124245,0
12,50,231,42,0.025218922644853592,2.3546798029556637,0.430829581560356,0.0,0.215414790780178,0
12,51,231,42,0.02173897624015808,1.914614121510672,0.30434608023995113,0.0,0.15217304011997557,0
12,52,231,42,0.023071695119142532,1.7011494252873554,0.352785605016054,0.0,0.176392802508027,0
12,53,231,42,0.02380242943763733,1.7307060755336607,0.37934516208667185,0.0,0.18967258104333592,0
12,54,231,42,0.025309445336461067,2.0065681444991785,0.4341197549285469,0.0,0.21705987746427344,0
12,55,231,42,0.02173469401896,2.528735632183907,0.3041904369433098,0.0,0.1520952184716549,0
12,56,231,42,0.02335818111896515,3.0968801313628895,0.3631983378926145,0.0,0.18159916894630726,0
12,57,231,42,0.02291499637067318,3.668308702791461,0.3470901706460918,0.006903668823864802,0.1769969197349783,0
12,58,231,42,0.02228226512670517,4.239737274220032,0.3240926718846442,0.027614675295459176,0.1758536735900517,0
12,59,231,42,0.022616339847445488,4.811165845648604,0.3362350831369718,0.04832568176705358,0.1922803824520127,0
12,60,231,48,0.024855876341462135,2.14121510673235,0.4176341577652015,0.0,0.20881707888260076,0
12,61,231,48,0.02423957921564579,2.088669950738918,0.3952339799286196,0.0,0.1976169899643098,0
12,62,231,48,0.025990216061472893,2.2824302134646977,0.4588633155706713,0.0,0.22943165778533564,0
12,63,231,48,0.024041011929512024,2.722495894909688,0.38801677521420186,0.0,0.19400838760710093,0
12,64,231,48,0.023466186597943306,3.1461412151067325,0.36712394752973765,0.0,0.18356197376486882,0
12,65,231,48,0.024453097954392433,3.651888341543514,0.40299461602282843,0.006308524959738535,0.2046515704912835,0
12,66,231,48,0.054587315768003464,4.239737274220032,1.498264753940581,0.027614675295459176,0.76293971461802,0
12,67,231,60,0.10193853080272675,6.522167487684729,3.219310647430782,0.11033967240901145,1.6648251599198967,0
12,68,231,60,0.08173150569200516,5.747126436781609,2.484858161661237,0.08224888202225127,1.283553521841744,0
12,69,231,60,0.06360380351543427,5.054187192118226,1.8259815654319247,0.05713381095612243,0.9415576881940235,0
12,70,231,60,0.032954566180706024,4.44334975369458,0.7119923253488724,0.03499445921062497,0.37349339227974865,0
12,71,231,60,0.02734593115746975,3.914614121510672,0.5081386698988984,0.015830826785758898,0.26198474834232865,0
12,72,231,60,0.02534538507461548,3.4679802955665013,0.4354260347931376,0.0,0.2177130173965688,0
12,73,231,60,0.02994079329073429,3.1034482758620676,0.6024525500253803,0.0,0.30122627501269017,0
12,74,231,62,0.04307771474123001,3.5270935960591134,1.0799322662037156,0.001785431592378848,0.5408588488980473,0
12,75,231,62,0.056338850408792496,3.1231527093596063,1.5619267211915848,0.0,0.7809633605957924,0
12,76,231,62,0.031178904697299004,2.883415435139573,0.6474534343826032,0.0,0.3237267171913016,0
12,77,231,66,0.03527114912867546,3.8850574712643695,0.7961917607088423,0.014759567830331707,0.40547566426958703,0
12,78,231,68,0.029019612818956375,4.341543513957307,0.5689709621304518,0.031304567253042086,0.30013776469174697,0
12,79,231,68,0.021164458245038986,3.4088669950738897,0.2834644231270162,0.0,0.1417322115635081,0
12,80,231,68,0.022476540878415108,2.696223316912971,0.33115389480025303,0.0,0.16557694740012652,0
12,81,231,68,0.020450925454497337,2.463054187192118,0.2575300795598705,0.0,0.12876503977993525,0
12,82,231,68,0.01925911381840706,2.4761904761904763,0.21421202487842533,0.0,0.10710601243921267,0
12,83,231,68,0.023346446454524994,2.7356321839080455,0.36277182516149653,0.0,0.18138591258074827,0
12,84,231,72,0.0411907322704792,2.3284072249589487,1.011347258828674,0.0,0.505673629414337,0
12,85,231,72,0.058362025767564774,1.878489326765189,1.6354618488640682,0.0,0.8177309244320341,0
12,86,231,75,0.05193527787923813,2.417077175697866,1.4018727413070518,0.0,0.7009363706535259,0
12,87,231,75,0.044035665690898895,1.4991789819376031,1.1147503283565805,0.0,0.5573751641782902,0
12,88,231,75,0.025995684787631035,1.1921182266009849,0.459062084043459,0.0,0.2295310420217295,0
12,89,231,76,0.02480940707027912,1.1116584564860417,0.41594516734997433,0.0,0.20797258367498717,0
12,90,231,78,0.025798102840781212,1.6929392446633824,0.45188069285836846,0.0,0.22594034642918423,0
12,91,231,78,0.020835166797041893,1.1674876847290636,0.2714958665879442,0.0,0.1357479332939721,0
12,92,231,78,0.023884911090135574,1.1018062397372737,0.3823430726833966,0.0,0.1911715363416983,0
12,93,231,78,0.028512082993984222,1.3809523809523803,0.550524083408299,0.0,0.2752620417041495,0
12,94,231,81,0.023129884153604507,1.2528735632183907,0.3549005665589311,0.0,0.17745028327946555,0
12,95,231,81,0.0215708389878273,0.9917898193760264,0.2982348975077992,0.0,0.1491174487538996,0
12,96,231,82,0.021872427314519882,0.9047619047619041,0.3091965454992652,0.0,0.1545982727496326,0
12,97,231,84,0.020423777401447296,1.2266009852216744,0.2565433457414507,0.0,0.12827167287072536,0
12,98,231,84,0.02226504497230053,0.832512315270935,0.32346678137683693,0.0,0.16173339068841847,0
12,99,231,85,0.023402638733386993,0.816091954022988,0.36481421183965,0.0,0.182407105919825,0
12,100,231,85,0.0213009025901556,0.8669950738916244,0.28842368298298204,0.0,0.14421184149149102,0
12,101,231,85,0.021524270996451378,1.3546798029556637,0.29654231896959593,0.0,0.14827115948479797,0
12,102,231,88,0.020223647356033325,1.0410509031198678,0.24926934036331747,0.0,0.12463467018165873,0
12,103,231,88,0.022469405084848404,0.7159277504105087,0.3308945344394732,0.0,0.1654472672197366,0
12,104,231,88,0.021068861708045006,1.0903119868637106,0.27998983377794195,0.0,0.13999491688897098,0
12,105,231,90,0.021792933344841003,0.6239737274220037,0.3063072263978917,0.0,0.15315361319894585,0
12,106,231,90,0.02173513174057007,0.883415435139573,0.30420634654518486,0.0,0.15210317327259243,0
12,107,231,91,0.020069491118192673,0.7044334975369456,0.2436663170850975,0.0,0.12183315854254875,0
12,108,231,93,0.01937451958656311,0.7832512315270937,0.2184066083378868,0.0,0.1092033041689434,0
12,109,231,94,0.021194444969296455,0.832512315270935,0.2845543324061064,0.0,0.1422771662030532,0
12,110,231,94,0.05053051561117172,0.6026272577996699,1.3508146991636185,0.0,0.6754073495818093,0
12,111,231,96,0.035765599459409714,1.0525451559934322,0.8141632469868825,0.0,0.40708162349344124,0
12,112,231,96,0.039952293038368225,0.5960591133004934,0.9663344591951533,0.0,0.48316722959757663,0
12,113,231,96,0.030116261914372444,0.8259441707717573,0.6088302016638307,0.0,0.30441510083191536,0
12,114,231,96,0.024395791813731194,1.5254515599343184,0.4009117444854355,0.0,0.20045587224271774,0
12,115,231,100,0.02548224851489067,1.569786535303777,0.44040052724664336,0.0,0.22020026362332168,0
12,116,231,100,0.02266397699713707,0.822660098522167,0.33796652172401026,0.0,0.16898326086200513,0
12,117,231,100,0.023108433932065964,0.6880131362889971,0.35412092836662085,0.0,0.17706046418331042,0
12,118,231,103,0.07468219101428986,1.9031198686371102,2.228640996608441,0.0,1.1143204983042205,0
12,119,231,103,0.053326524794101715,1.123152709359606,1.4524395491049307,0.0,0.7262197745524653,0
12,120,231,103,0.053524382412433624,0.7553366174055821,1.4596309599541808,0.0,0.7298154799770904,0
12,121,231,103,0.03402397409081459,0.9293924466338255,0.750861446042156,0.0,0.375430723021078,0
12,122,231,103,0.0347452238202095,1.5829228243021338,0.777076272505337,0.0,0.3885381362526685,0
12,123,231,109,0.06630347669124603,3.426929392446634,1.9241049489520587,0.0,0.9620524744760294,0
12,124,231,109,0.065666563808918,2.509031198686371,1.9009554627173795,0.0,0.9504777313586897,0
12,125,231,109,0.037913210690021515,1.676518883415434,0.8922211698204877,0.0,0.44611058491024386,0
12,126,231,109,0.032528072595596313,1.1494252873563213,0.6964908216870399,0.0,0.34824541084351995,0
12,127,231,109,0.05901540815830231,1.0295566502463047,1.65920994233185,0.0,0.829604971165925,0
12,128,231,109,0.055659905076026917,1.4137931034482758,1.5372495069743009,0.0,0.7686247534871504,0
12,129,231,109,0.04791746661067009,2.0082101806239736,1.2558397920043372,0.0,0.6279198960021686,0
12,130,231,111,0.0357176698744297,1.2216748768472903,0.8124211794317829,0.0,0.40621058971589147,0
12,131,231,112,0.038413286209106445,1.1707717569786524,0.9103971114077305,0.0,0.45519855570386525,0
12,132,231,112,0.06504642218351364,1.5517241379310334,1.8784155511860312,0.0,0.9392077755930156,0
12,133,231,114,0.050128161907196045,1.1280788177339915,1.336190593120086,0.0,0.668095296560043,0
12,134,231,116,0.03429102897644043,1.3349753694581277,0.760567927996332,0.0,0.380283963998166,0
12,135,231,116,0.03848939388990402,1.05911330049261,0.9131633511209813,0.0,0.4565816755604907,0
12,136,231,116,0.03537135571241379,1.203612479474548,0.7998339086308558,0.0,0.3999169543154279,0
12,137,231,116,0.03493606671690941,1.7323481116584558,0.7840127235219854,0.0,0.3920063617609927,0
12,138,231,116,0.0371398851275444,2.4778325123152705,0.8641135746372122,0.0,0.4320567873186061,0
12,139,231,121,0.034315116703510284,1.9310344827586206,0.7614434300024935,0.0,0.38072171500124674,0
12,140,231,121,0.034196771681308746,1.4252873563218391,0.757142015258952,0.0,0.378571007629476,0
12,141,231,121,0.034858811646699905,1.1658456486042685,0.7812047803416918,0.0,0.3906023901708459,0
12,142,231,121,0.039356596767902374,1.3037766830870272,0.9446830481532007,0.0,0.47234152407660035,0
12,143,231,121,0.041686058044433594,1.8292282430213462,1.0293505643104643,0.0,0.5146752821552322,0
12,144,231,128,0.04214238375425339,4.331691297208539,1.0459363581154055,0.030947480934566347,0.538441919524986,0
12,145,231,128,0.040975358337163925,3.509031198686371,1.0035191931026886,0.001130773341839942,0.5023249832222643,0
12,146,231,128,0.040779516100883484,2.7684729064039404,0.996401034122497,0.0,0.4982005170612485,0
12,147,231,128,0.043382428586483,2.110016420361248,1.0910075155226127,0.0,0.5455037577613063,0
12,148,231,128,0.046420808881521225,1.6124794745484405,1.2014416812732158,0.0,0.6007208406366079,0
12,149,231,131,0.04143510013818741,2.8325123152709373,1.0202291495026885,0.0,0.5101145747513443,0
12,150,231,131,0.03781295567750931,2.0738916256157642,0.888577261687203,0.0,0.4442886308436015,0
12,151,231,131,0.038861438632011414,1.6075533661740546,0.9266858357104264,0.0,0.4633429178552132,0
12,152,231,131,0.040187329053878784,1.484400656814449,0.9748771706972787,0.0,0.4874385853486394,0
12,153,231,131,0.04084884002804756,1.6699507389162556,0.9989207088569017,0.0,0.4994603544284508,0
12,154,231,131,0.039695680141448975,2.151067323481116,0.9570075058712388,0.0,0.4785037529356194,0
12,155,231,131,0.041425541043281555,2.7011494252873547,1.0198817108779112,0.0,0.5099408554389556,0
12,156,231,131,0.041232649236917496,3.3825944170771747,1.012870789384401,0.0,0.5064353946922004,0
12,157,231,131,0.041074082255363464,4.096880131362889,1.0071074514796274,0.022436923677560568,0.514772187578594,0
12,158,231,131,0.040509019047021866,4.8111658456486035,0.9865694417671932,0.04832568176705355,0.5174475617671234,0
12,159,231,131,0.04116646572947502,5.525451559934318,1.0104652575808954,0.07421443985654654,0.542339848718721,0
12,160,231,131,0.03976384550333023,6.001642036124794,0.9594850709359997,0.09147361191620852,0.5254793414261041,0
12,161,231,131,0.03998623415827751,6.47783251231527,0.9675680964945869,0.10873278397587048,0.5381504402352286,0
12,162,231,138,0.03937296196818352,2.724137931034482,0.9452778641620265,0.0,0.47263893208101326,0
12,163,231,138,0.041457872837781906,2.889983579638751,1.0210568550027914,0.0,0.5105284275013957,0
12,164,231,142,0.04239871725440025,2.9507389162561575,1.0552531563742935,0.0,0.5276265781871468,0
12,165,231,142,0.03945939987897873,2.6321839080459775,0.9484195704795282,0.0,0.4742097852397641,0
12,166,231,142,0.04077364131808281,2.4154351395730704,0.996187506955204,0.0,0.498093753477602,0
12,167,231,142,0.03891269490122795,2.3103448275862073,0.9285488162397764,0.0,0.4642744081198882,0
12,168,231,151,0.039237312972545624,7.807881773399014,0.9403475123911698,0.15693943697009882,0.5486434746806343,0
12,169,231,151,0.03861828148365021,6.794745484400656,0.9178479503181939,0.12021906055350762,0.5190335054358508,0
12,170,231,151,0.03955831751227379,6.006568144499178,0.9520148697015521,0.09165215507544637,0.5218335123884993,0
12,171,231,151,0.038041796535253525,5.300492610837436,0.8968948015474716,0.0660609689180165,0.48147788523274404,0
12,172,231,151,0.03814353048801422,4.676518883415432,0.9005924638249639,0.04344550208121801,0.47201898295309097,0
12,173,231,151,0.03831268101930618,4.134646962233167,0.9067404755929457,0.023805754565050952,0.4652731150789983,0
12,174,231,157,0.0402255579829216,7.665024630541872,0.9762666543946542,0.15176168535220025,0.5640141698734272,0
12,175,231,157,0.037246622145175934,6.512315270935961,0.8679930802791145,0.10998258609053571,0.4889878331848251,0
12,176,231,157,0.03896676376461983,5.523809523809524,0.9305140244237275,0.07415492547013393,0.5023344749469307,0
12,177,231,157,0.04068611189723015,4.6995073891625605,0.993006128183665,0.044278703490994865,0.51864241583733,0
12,178,231,157,0.0416441448032856,4.039408866995072,1.0278271691556045,0.020353920153118567,0.5240905446543616,0
12,179,231,157,0.04023641720414162,3.5435139573070598,0.9766613479220221,0.0023805754565050827,0.48952096168926357,0
12,180,231,157,0.04250997677445412,3.211822660098522,1.05929703866876,0.0,0.52964851933438,0
12,181,231,157,0.03987268730998039,3.041050903119867,0.9634410780677691,0.0,0.48172053903388456,0
12,182,231,157,0.04212375357747078,3.0016420361247924,1.0452592183794307,0.0,0.5226296091897153,0
12,183,231,157,0.04199638590216637,3.4597701149425277,1.040629862735963,0.0,0.5203149313679815,0
12,184,231,165,0.040884796530008316,3.628899835796387,1.0002275980253938,0.005475323549961727,0.5028514607876778,0
12,185,231,165,0.04238858073949814,2.8193760262725776,1.0548847306151277,0.0,0.5274423653075638,0
12,186,231,165,0.042072709649801254,2.256157635467979,1.043403955699501,0.0,0.5217019778497505,0
12,187,231,165,0.04244563728570938,1.9392446633825915,1.0569585302944302,0.0,0.5284792651472151,0
12,188,231,165,0.04185650125145912,1.8686371100164147,1.0355455601793027,0.0,0.5177727800896513,0
12,189,231,165,0.04083307087421417,2.0821018062397343,0.9983475569867992,0.0,0.4991737784933996,0
12,190,231,175,0.0420803539454937,7.379310344827585,1.0436817982786293,0.14140618211640302,0.5925439901975161,0
12,191,231,180,0.0657113716006279,10.998357963875204,1.9025840643459149,0.2725758897698341,1.0875799770578745,0
12,192,231,166,0.05510009452700615,3.8702791461412156,1.5169024124843673,0.014223938352618017,0.7655631754184926,0
12,193,231,187,0.05167114734649658,15.569786535303777,1.3922725490334877,0.4382639415425892,0.9152682452880385,0
12,194,231,187,0.04161956533789635,13.937602627257801,1.026933794234996,0.3791066414484375,0.7030202178417168,0
12,195,231,187,0.0379282683134079,12.673234811165846,0.892768460124989,0.33328056391071426,0.6130245120178517,0
12,196,231,187,0.06663008034229279,11.490968801313628,1.9359758137655747,0.2904302056936223,1.1132030097295984,0
12,197,231,50,0.06748402863740921,69.56978653530379,1.9670137545129311,2.3954540531082587,2.181233903810595,0
12,198,231,50,0.0760694146156311,65.2233169129721,2.2790615714699367,2.2379194722740334,2.258490521871985,0
12,199,231,187,0.058543577790260315,14.436781609195402,1.6420606101183648,0.3971990149178762,1.0196298125181205,0
12,200,231,187,0.053033556789159775,13.655172413793101,1.4417912187197526,0.36887016698546543,0.905330692852609,0
12,201,231,187,0.06158973649144173,12.965517241379313,1.752777492879309,0.34387412469216205,1.0483258087857354,0
12,202,231,187,0.09177178889513016,12.357963875205254,2.8497862456300522,0.32185380171948974,1.585820023674771,0
12,203,231,50,0.06050544232130051,55.90147783251231,1.713367310321407,1.9000563006095466,1.806711805465477,0
12,204,231,50,0.06173946335911751,51.7192118226601,1.7582195245266403,1.7484731584165842,1.7533463414716124,0
12,205,231,187,0.06205501779913902,17.497536945812808,1.7696887903685703,0.508133831191014,1.1389113107797921,0
12,206,231,187,0.0504499115049839,17.681444991789824,1.3478850306038725,0.5147994424692284,0.9313422365365505,0
12,207,231,187,0.043933574110269547,17.947454844006568,1.1110396675958543,0.5244407730680739,0.8177402203319641,0
12,208,231,187,0.043057285249233246,18.295566502463057,1.0791897278489693,0.537057822987551,0.8081237754182602,0
12,209,231,187,0.040500860661268234,18.72577996715928,0.9862729138684159,0.5526505922276594,0.7694617530480377,0
12,210,231,187,0.04467916488647461,19.238095238095237,1.1381392033241542,0.5712190807883991,0.8546791420562767,0
12,211,231,187,0.04838738217949867,19.727422003284076,1.2729195281721732,0.5889543679393623,0.9309369480557678,0
12,212,231,187,0.04660973697900772,19.97865353037767,1.2083085362442152,0.5980600690604942,0.9031843026523547,0
12,213,231,187,0.042175598442554474,20.620689655172413,1.04714359224577,0.6213301941478314,0.8342368931968007,0
13,35,229,28,0.016918422654271126,1.48768472906404,0.12913634280752517,0.0,0.06456817140376259,0
13,36,229,28,0.016932209953665733,1.3908045977011496,0.12963746141637203,0.0,0.06481873070818601,0
13,37,229,28,0.017542297020554543,1.4876847290640387,0.15181192600762902,0.0,0.07590596300381451,0
13,38,229,28,0.016224000602960587,1.8702791461412134,0.10389660568820017,0.0,0.05194830284410008,0
13,39,229,28,0.015989424660801888,2.297208538587848,0.09537061619315187,0.0,0.04768530809657594,0
13,40,229,28,0.016569534316658974,2.8587848932676514,0.1164555100074862,0.0,0.0582277550037431,0
13,41,229,28,0.016412340104579926,3.430213464696223,0.11074206732221015,0.0,0.055371033661105074,0
13,42,229,36,0.015878403559327126,3.6174055829228244,0.09133539955417477,0.005058722845073363,0.04819706119962407,0
13,43,229,42,0.01606149971485138,8.47454844006568,0.09799028446785187,0.18110227785362557,0.13954628116073872,0
13,44,229,42,0.015100141055881977,7.413793103448275,0.06304836437187887,0.14265598423106818,0.10285217430147353,0
13,45,229,42,0.014892760664224625,6.4351395730706065,0.05551083505630485,0.10718540992914218,0.08134812249272351,0
13,46,229,42,0.016014616936445236,5.538587848932675,0.0962862645563853,0.07469055494784752,0.08548840975211641,0
13,47,229,42,0.016841188073158264,4.819376026272577,0.1263291443320003,0.04862325369911668,0.08747619901555849,0
13,48,229,42,0.016354549676179886,4.182266009852215,0.1086415936721044,0.02553167177101718,0.06708663272156079,0
13,49,229,42,0.016160979866981506,3.6305418719211815,0.10160602922079612,0.00553483793637435,0.053570433578585236,0
13,50,229,48,0.015769654884934425,6.6206896551724155,0.08738277744408084,0.11391053559376918,0.10064665651892502,0
13,51,229,48,0.016716694459319115,5.502463054187193,0.12180425045743964,0.0733812384467698,0.09759274445210472,0
13,52,229,48,0.017117435112595558,4.548440065681445,0.13636972792555196,0.03880337994103319,0.08758655393329258,0
13,53,229,48,0.01726350747048855,3.9014778325123154,0.1416789313223351,0.015354711694457925,0.07851682150839652,0
13,54,229,48,0.01908004656434059,3.4187192118226597,0.20770357600243206,0.0,0.10385178800121603,0
13,55,229,50,0.018870024010539055,3.3596059113300476,0.20007001362192298,0.0,0.10003500681096149,0
13,56,229,50,0.018549587577581406,3.0016420361247933,0.18842330494376133,0.0,0.09421165247188067,0
13,57,229,50,0.020279185846447945,2.8899835796387507,0.25128796418930865,0.0,0.12564398209465433,0
13,58,229,50,0.021805016323924065,2.968801313628899,0.3067463991100762,0.0,0.1533731995550381,0
13,59,229,50,0.02713518962264061,3.274220032840722,0.5004789751510541,0.0,0.25023948757552705,0
13,60,229,50,0.026080669835209846,3.7044334975369457,0.46215098402282223,0.008212985324942614,0.23518198467388243,0
13,61,229,50,0.02569909207522869,4.216748768472907,0.44828200861466894,0.026781473885682416,0.23753174125017568,0
13,62,229,50,0.02497188001871109,4.811165845648604,0.42185047306382,0.04832568176705358,0.2350880774154368,0
13,63,229,50,0.02468925714492798,5.4778325123152705,0.4115781508863609,0.07248852265058034,0.2420333367684706,0
13,64,229,50,0.027017034590244293,5.858784893267652,0.4961844658517307,0.08629586029830995,0.2912401630750203,0
13,65,229,50,0.027440639212727547,6.239737274220031,0.511580966141188,0.10010319794603949,0.30584208204361374,0
13,66,229,58,0.026583164930343628,2.3382594417077165,0.4804148684731955,0.0,0.24020743423659774,0
13,67,229,58,0.028744008392095566,2.292282430213464,0.5589537351864614,0.0,0.2794768675932307,0
13,68,229,58,0.027827369049191475,2.4105090311986856,0.5256372009484321,0.0,0.26281860047421607,0
13,69,229,62,0.030011266469955444,2.9622331691297226,0.605013995927261,0.0,0.3025069979636305,0
13,70,229,62,0.03004857338964939,2.489326765188835,0.6063699679100487,0.0,0.30318498395502436,0
13,71,229,62,0.032630760222673416,2.187192118226601,0.7002231465864897,0.0,0.3501115732932448,0
13,72,229,62,0.0370873287320137,2.068965517241378,0.8622033392052717,0.0,0.43110166960263585,0
13,73,229,62,0.03651581332087517,2.114942528735632,0.8414308151911561,0.0,0.4207154075955781,0
13,74,229,62,0.03900182992219925,2.2955665024630543,0.9317885527850016,0.0,0.4658942763925008,0
13,75,229,62,0.03929026424884796,2.5582922824302137,0.9422721003150144,0.0,0.4711360501575072,0
13,76,229,68,0.04278634488582611,3.382594417077176,1.0693420227904897,0.0,0.5346710113952449,0
13,77,229,68,0.037866123020648956,2.6929392446633833,0.890509702861335,0.0,0.4452548514306675,0
13,78,229,68,0.036358144134283066,2.2003284072249585,0.8357001088953349,0.0,0.41785005444766743,0
13,79,229,68,0.0356774739921093,1.9540229885057474,0.8109602040766201,0.0,0.40548010203831003,0
13,80,229,68,0.033870991319417953,1.9540229885057474,0.7453010740370478,0.0,0.3726505370185239,0
13,81,229,68,0.031216450035572052,2.167487684729064,0.6488180720208802,0.0,0.3244090360104401,0
13,82,229,68,0.02927720919251442,2.545155993431855,0.57833366128326,0.0,0.28916683064163,0
13,83,229,75,0.027865972369909286,4.045977011494253,0.5270402924329433,0.020591977698769158,0.2738161350658562,0
13,84,229,75,0.030868560075759888,2.9376026272577995,0.636173526653203,0.0,0.3180867633266015,0
13,85,229,75,0.03189649432897568,2.05911330049261,0.6735352294939354,0.0,0.3367676147469677,0
13,86,229,75,0.029085565358400345,1.4499178981937604,0.5713680990802019,0.0,0.28568404954010096,0
13,87,229,75,0.02893279306590557,1.4449917898193765,0.5658153772240804,0.0,0.2829076886120402,0
13,88,229,75,0.030483676120638847,1.6863711001642034,0.622184382975568,0.0,0.311092191487784,0
13,89,229,78,0.03119724430143833,1.579638752052545,0.6481200128509504,0.0,0.3240600064254752,0
13,90,229,78,0.027705349028110504,1.3858784893267644,0.5212022132495738,0.0,0.2606011066247869,0
13,91,229,78,0.028053779155015945,1.438423645320196,0.5338663917429691,0.0,0.26693319587148456,0
13,92,229,81,0.028504136949777603,1.80623973727422,0.5502352733589418,0.0,0.2751176366794709,0
13,93,229,81,0.029572799801826477,1.4334975369458132,0.5890773138788212,0.0,0.2945386569394106,0
13,94,229,75,0.03192466124892235,6.049261083743842,0.6745589954494856,0.09319952912217472,0.38387926228583014,0
13,95,229,75,0.033746663480997086,6.66830870279146,0.7407822055010697,0.11563645279973528,0.42820932915040244,0
13,96,229,75,0.02962215431034565,7.28735632183908,0.5908711722655566,0.13807337647729587,0.36447227437142626,0
13,97,229,85,0.03053836151957512,2.3004926108374386,0.6241720000030113,0.0,0.31208600000150566,0
13,98,229,85,0.027563495561480522,2.0361247947454837,0.5160463513346927,0.0,0.25802317566734634,0
13,99,229,85,0.02765798009932041,2.070607553366172,0.519480523524961,0.0,0.2597402617624805,0
13,100,229,88,0.02688569203019142,2.564860426929393,0.4914106374831509,0.0,0.24570531874157545,0
13,101,229,88,0.028970830142498016,2.082101806239738,0.5671978877768042,0.0,0.2835989438884021,0
13,102,229,89,0.02710152044892311,1.9901477832512326,0.49925522211491313,0.0,0.24962761105745657,0
13,103,229,89,0.029670951887965202,1.8866995073891633,0.5926447882226723,0.0,0.29632239411133615,0
13,104,229,89,0.031711213290691376,2.0903119868637106,0.6668009319717502,0.0,0.3334004659858751,0
13,105,229,93,0.03232165798544884,2.8555008210180626,0.6889883950462412,0.0,0.3444941975231206,0
13,106,229,93,0.03438017517328262,2.103448275862069,0.7638080707441584,0.0,0.3819040353720792,0
13,107,229,94,0.03557803854346275,2.1658456486042685,0.80734608413408,0.0,0.40367304206704,0
13,108,229,94,0.03652098774909973,1.753694581280787,0.8416188869954492,0.0,0.4208094434977246,0
13,109,229,96,0.03831460699439049,2.2315270935960596,0.9068104778411958,0.0,0.4534052389205979,0
13,110,229,96,0.03697459399700165,1.765188834154353,0.8581058381674648,0.0,0.4290529190837324,0
13,111,229,96,0.03823830187320709,1.8210180623973733,0.9040370618819928,0.0,0.4520185309409964,0
13,112,229,96,0.03732810169458389,2.205254515599342,0.8709545680426104,0.0,0.4354772840213052,0
13,113,229,100,0.03684142976999283,2.71264367816092,0.8532657987749114,0.0,0.4266328993874557,0
13,114,229,100,0.03736984729766846,2.0016420361247946,0.8724718701584543,0.0,0.43623593507922714,0
13,115,229,100,0.04003756120800972,1.4844006568144497,0.9694336496404102,0.0,0.4847168248202051,0
13,116,229,103,0.04043680801987648,2.2840722495894914,0.9839448313608469,0.0,0.49197241568042344,0
13,117,229,103,0.0387076772749424,1.1083743842364528,0.9210971649241108,0.0,0.4605485824620554,0
13,118,229,103,0.03411776199936867,0.822660098522167,0.7542702982702912,0.0,0.3771351491351456,0
13,119,229,103,0.03435254096984863,1.0591133004926114,0.7628036671125923,0.0,0.38140183355629614,0
13,120,229,106,0.03420841693878174,1.282430213464696,0.7575652783692615,0.0,0.37878263918463073,0
13,121,229,106,0.035416457802057266,0.832512315270935,0.801473206927886,0.0,0.400736603463943,0
13,122,229,106,0.03835168480873108,0.898193760262725,0.9081581226706616,0.0,0.4540790613353308,0
13,123,229,106,0.037445858120918274,1.3957307060755337,0.8752345894491625,0.0,0.4376172947245813,0
13,124,229,106,0.03653678670525551,2.0968801313628895,0.8421931220724876,0.0,0.4210965610362438,0
13,125,229,106,0.03637685999274254,2.9064039408866993,0.8363803628512513,0.0,0.41819018142562564,0
13,126,229,106,0.03357892110943794,3.5254515599343184,0.734685375260822,0.0017259172059662085,0.3682056462333941,0
13,127,229,109,0.03135622292757034,1.6584564860426931,0.6538983125515299,0.0,0.32694915627576493,0
13,128,229,106,0.031617891043424606,4.858784893267652,0.6634090048519926,0.05005159897301977,0.3567303019125062,0
13,129,229,106,0.030532483011484146,5.430213464696223,0.6239583374348513,0.07076260544461414,0.3473604714397327,0
13,130,229,106,0.031730689108371735,5.906403940886699,0.667508807704539,0.08802177750427613,0.37776529260440755,0
13,131,229,106,0.031190095469355583,6.382594417077175,0.6478601785871361,0.10528094956393809,0.3765705640755371,0
13,132,229,106,0.03010069951415062,6.858784893267651,0.6082645645418481,0.12254012162360008,0.36540234308272407,0
13,133,229,109,0.031744033098220825,4.842364532019705,0.6679938136102103,0.04945645510889351,0.3587251343595519,0
13,134,229,109,0.030066048726439476,5.067323481116584,0.6070051333772469,0.05760992604742345,0.3323075297123352,0
13,135,229,109,0.03044314496219158,5.374384236453201,0.6207112215423732,0.06873911630658479,0.344725168924479,0
13,136,229,116,0.031593840569257736,3.083743842364533,0.6625348568545013,0.0,0.33126742842725065,0
13,137,229,116,0.027902603149414062,2.9146141215106733,0.5283716891583664,0.0,0.2641858445791832,0
13,138,229,116,0.028079919517040253,2.827586206896551,0.5348164996268596,0.0,0.2674082498134298,0
13,139,229,116,0.027120184153318405,2.789819376026273,0.49993358045869124,0.0,0.24996679022934562,0
13,140,229,116,0.02755700796842575,2.784893267651889,0.5158105507247746,0.0,0.2579052753623873,0
13,141,229,116,0.02858363837003708,2.7192118226600988,0.5531248632620495,0.0,0.27656243163102473,0
13,142,229,116,0.030720163136720657,2.807881773399015,0.6307798331153984,0.0,0.3153899165576992,0
13,143,229,116,0.03696899116039276,3.0607553366174054,0.8579021952634642,0.0,0.4289510976317321,0
13,144,229,116,0.0329742431640625,3.4778325123152705,0.7127075127284803,0.0,0.35635375636424016,0
13,145,229,118,0.03592387214303017,2.2955665024630543,0.8199158882231613,0.0,0.40995794411158065,0
13,146,229,118,0.03722662478685379,2.64696223316913,0.8672662484249426,0.0,0.4336331242124713,0
13,147,229,122,0.037822648882865906,1.894909688013136,0.8889295747431931,0.0,0.44446478737159656,0
13,148,229,122,0.044896695762872696,1.4860426929392436,1.1460456661521452,0.0,0.5730228330760726,0
13,149,229,122,0.0412195660173893,1.459770114942527,1.0123952615394212,0.0,0.5061976307697106,0
13,150,229,128,0.039228398352861404,4.195402298850575,0.9400234981163871,0.026007786862318263,0.4830156424893527,0
13,151,229,127,0.04334820806980133,2.6715927750410513,1.0897637231581525,0.0,0.5448818615790763,0
13,152,229,131,0.03843900188803673,4.998357963875206,0.9113317835927804,0.05511032181809314,0.4832210527054368,0
13,153,229,131,0.03603925555944443,3.889983579638753,0.8241096592774207,0.014938110989569563,0.41952388513349514,0
13,154,229,131,0.036038223654031754,3.0985221674876855,0.8240721532372557,0.0,0.41203607661862784,0
13,155,229,131,0.03568743169307709,2.5106732348111658,0.8113221305941687,0.0,0.40566106529708434,0
13,156,229,131,0.038509950041770935,2.1165845648604265,0.9139104931052064,0.0,0.4569552465526032,0
13,157,229,131,0.037923555821180344,1.9770114942528725,0.8925971780282067,0.0,0.44629858901410335,0
13,158,229,131,0.04062984511256218,1.9655172413793092,0.9909610334881711,0.0,0.49548051674408555,0
13,159,229,137,0.0400923453271389,4.239737274220033,0.9714248547908295,0.027614675295459207,0.4995197650431444,0
13,160,229,137,0.044035010039806366,3.4072249589490973,1.1147264978039848,0.0,0.5573632489019924,0
13,161,229,137,0.04646577313542366,2.784893267651888,1.203075969738166,0.0,0.601537984869083,0
13,162,229,137,0.04233568161725998,2.3628899835796373,1.0529620383034213,0.0,0.5264810191517106,0
13,163,229,142,0.044908102601766586,4.998357963875205,1.1464602636069652,0.055110321818093104,0.6007852927125291,0
13,164,229,144,0.04893982410430908,5.665024630541872,1.2929987997471384,0.0792731627016199,0.6861359812243791,0
13,165,229,144,0.04862234368920326,4.413793103448275,1.2814595316569584,0.033923200255197676,0.657691365956078,0
13,166,229,144,0.05248881131410599,3.3957307060755317,1.4219916853360541,0.0,0.7109958426680271,0
13,167,229,151,0.04640970379114151,8.52216748768473,1.2010380512886243,0.18282819505959183,0.691933123174108,0
13,168,229,151,0.04415716975927353,7.223316912972085,1.1191665630353564,0.13575231540720342,0.6274594392212799,0
13,169,229,151,0.041023094207048416,6.006568144499178,1.005254219812703,0.09165215507544637,0.5484531874440747,0
13,170,229,151,0.049143992364406586,4.871921182266008,1.300419579665123,0.05052771406432073,0.6754736468647219,0
13,171,229,151,0.04330030828714371,4.105090311986861,1.088022738809989,0.022734495609623637,0.5553786172098063,0
13,172,229,151,0.04230496287345886,3.3727422003284055,1.0518455227539614,0.0,0.5259227613769807,0
13,173,229,151,0.04134836792945862,2.9852216748768465,1.017076746516692,0.0,0.508538373258346,0
13,174,229,157,0.04023311287164688,5.954022988505748,0.976541247352974,0.08974769471024237,0.5331444710316082,0
13,175,229,157,0.03996642678976059,4.8834154351395735,0.9668481700846332,0.05094431476920921,0.5088962424269212,0
13,176,229,157,0.0345027782022953,3.977011494252874,0.7682642486787056,0.0180923734694388,0.3931783110740722,0
13,177,229,151,0.03420310094952583,4.206896551724136,0.7573720613320216,0.026424387567206577,0.3918982244496141,0
13,178,229,151,0.03161056339740753,4.712643678160919,0.6631426713465611,0.044754818582295915,0.3539487449644285,0
13,179,229,157,0.03204953297972679,2.568144499178981,0.6790976325120489,0.0,0.33954881625602445,0
13,180,229,157,0.03000839240849018,2.515599343185551,0.6049095341583539,0.0,0.30245476707917696,0
13,181,229,157,0.03011706843972206,2.755336617405584,0.608859515951541,0.0,0.3044297579757705,0
13,182,229,162,0.031992439180612564,2.837438423645321,0.6770224788240762,0.0,0.3385112394120381,0
13,183,229,162,0.031115438789129257,2.2413793103448283,0.64514667751159,0.0,0.322573338755795,0
13,184,229,162,0.031033607199788094,2.0476190476190474,0.6421723943661606,0.0,0.3210861971830803,0
13,185,229,162,0.02638108655810356,2.1297208538587844,0.47307004844160994,0.0,0.23653502422080497,0
13,186,229,162,0.025498289614915848,2.4581280788177327,0.44098356338003825,0.0,0.22049178169001912,0
13,187,229,162,0.026874439790844917,3.0131362889983584,0.4910016591643122,0.0,0.2455008295821561,0
13,188,229,175,0.026693839579820633,9.379310344827585,0.4844374928315396,0.21389470476698336,0.34916609879926147,0
13,189,229,175,0.026879314333200455,8.31855500821018,0.49117883119880995,0.17544841114442594,0.33331362117161795,0
13,190,229,175,0.02371782436966896,7.339901477832511,0.3762700729957448,0.13997783684249993,0.2581239549191223,0
13,191,229,175,0.02645883522927761,6.443349753694579,0.47589593223678384,0.10748298186120528,0.29168945704899457,0
13,192,229,175,0.027708003297448158,5.628899835796385,0.5212986863673267,0.07796384620054199,0.2996312662839343,0
13,193,229,175,0.02830200456082821,4.896551724137929,0.5428884900147846,0.05142042986051013,0.29715445993764733,0
13,194,229,175,0.025631463155150414,4.246305418719211,0.44582394127475916,0.02785273284110967,0.23683833705793442,0
13,195,229,175,0.025555767118930817,3.9638752052545154,0.4430726633573142,0.017616258378137763,0.23034446086772598,0
13,196,229,175,0.024648867547512054,3.763546798029557,0.4101101346861129,0.010355503235797219,0.21023281896095505,0
13,197,229,187,0.024153318256139755,11.379310344827585,0.3920987051523014,0.2863832274175637,0.33924096628493255,0
13,198,229,187,0.02302507497370243,9.747126436781608,0.3510911308657125,0.2272259273234119,0.2891585290945622,0
13,199,229,187,0.026447661221027374,8.197044334975368,0.4754897973361526,0.1710443465498915,0.32326707194302207,0
13,200,229,187,0.02416074648499489,7.01477832512315,0.3923686944811424,0.12819398833279966,0.260281341406971,0
13,201,229,187,0.022686472162604332,5.91461412151067,0.3387841398595201,0.08831934943633918,0.21355174464792964,0
13,202,229,187,0.022926300764083862,4.903119868637107,0.3475010445770688,0.05165848740616062,0.19957976599161473,0
13,203,229,187,0.021141553297638893,4.293924466338258,0.282631910896134,0.029578650047075862,0.15610528047160493,0
13,204,229,187,0.02230110950767994,3.848932676518884,0.32477759717047283,0.013450251329253864,0.16911392424986335,0
13,205,229,187,0.021889060735702515,3.5681444991789837,0.3098011103705165,0.003273291252694595,0.15653720081160555,0
13,206,229,187,0.020492857322096825,3.4515599343185577,0.2590541517190654,0.0,0.1295270758595327,0
13,207,229,187,0.021217500790953636,3.499178981937605,0.28539232837210293,0.0007736870233642657,0.1430830076977336,0
13,208,229,187,0.022568704560399055,3.711001642036127,0.3345037122503669,0.008451042870593204,0.17147737756048007,0
13,209,229,187,0.022676069289445877,4.124794745484402,0.3384060329383623,0.02344866824657531,0.1809273505924688,0
13,210,229,187,0.023526495322585106,4.620689655172415,0.36931595216595,0.04142201294318881,0.2053689825545694,0
13,211,229,187,0.023838559165596962,5.192118226600986,0.38065834739548066,0.062133019414783185,0.2213956834051319,0
14,35,230,24,0.02141568809747696,2.326765188834155,0.29259572219808444,0.0,0.14629786109904222,0
14,36,230,24,0.02195824310183525,2.2988505747126444,0.31231563987197425,0.0,0.15615781993598712,0
14,37,230,28,0.022777779027819633,2.343185550082102,0.342102815110219,0.0,0.1710514075551095,0
14,38,230,28,0.023129083216190338,1.9047619047619055,0.35487145537252146,0.0,0.17743572768626073,0
14,39,230,28,0.024725107476115227,1.6305418719211828,0.41288118113014305,0.0,0.20644059056507152,0
14,40,230,30,0.02359045296907425,1.9047619047619055,0.37164058195141,0.0,0.185820290975705,0
14,41,230,30,0.023640966042876244,1.564860426929393,0.37347655000778907,0.0,0.18673827500389453,0
14,42,230,30,0.022758401930332184,1.4778325123152707,0.3413985275004062,0.0,0.1706992637502031,0
14,43,230,42,0.023448128253221512,10.569786535303777,0.3664675918268505,0.2570426349161384,0.3117551133714944,0
14,44,230,42,0.023163259029388428,9.270935960591132,0.3561136229265774,0.20996675526374992,0.28304018909516365,0
14,45,230,42,0.023512788116931915,8.054187192118226,0.3688177446757441,0.16586659493199293,0.2673421698038685,0
14,46,230,42,0.022718392312526703,6.9195402298850555,0.3399443221885945,0.12474215392086727,0.2323432380547309,0
14,47,230,42,0.02310515008866787,5.866995073891625,0.3540015725023413,0.08659343223037305,0.2202975023663572,0
14,48,230,42,0.02381931059062481,4.89655172413793,0.37995873111558015,0.05142042986051016,0.21568958048804515,0
14,49,230,42,0.024163439869880676,4.24630541871921,0.39246658930799905,0.02785273284110964,0.21015966107455433,0
14,50,230,42,0.023337678983807564,3.678160919540229,0.3624531592209613,0.007260755142340543,0.1848569571816509,0
14,51,230,42,0.02418331615626812,3.192118226600985,0.3931890206339927,0.0,0.19659451031699635,0
14,52,230,42,0.024879395961761475,3.0738916256157633,0.4184890111391423,0.0,0.20924450556957114,0
14,53,230,48,0.023822160437703133,4.742200328407226,0.38006231277885166,0.04582607753772327,0.21294419515828747,0
14,54,230,48,0.02226489596068859,4.013136288998359,0.3234613653421561,0.019401689970516625,0.17143152765633635,0
14,55,230,48,0.023345809429883957,3.4482758620689653,0.3627486716132359,0.0,0.18137433580661794,0
14,56,230,48,0.02458036132156849,3.047619047619047,0.4076201804420196,0.0,0.2038100902210098,0
14,57,230,48,0.02595406398177147,2.811165845648604,0.45754931785666036,0.0,0.22877465892833018,0
14,58,230,50,0.026051819324493408,2.617405582922823,0.4611023720081736,0.0,0.2305511860040868,0
14,59,230,50,0.026306957006454468,2.5057471264367797,0.47037570658874756,0.0,0.23518785329437378,0
14,60,230,60,0.024543412029743195,8.045977011494253,0.40627720694246605,0.16556902299992984,0.28592311497119793,0
14,61,230,60,0.02458924613893032,6.699507389162562,0.40794311150986606,0.11676722614157527,0.2623551688257207,0
14,62,230,62,0.024244656786322594,7.0935960591133,0.39541853131036997,0.13105067888060584,0.2632346050954879,0
14,63,230,62,0.024109795689582825,5.707717569786534,0.3905168168228883,0.08082053674834817,0.23566867678561823,0
14,64,230,66,0.026154346764087677,8.426929392446633,0.46482887467034156,0.17937636064765938,0.3221026176590005,0
14,65,230,66,0.022249240428209305,7.3661740558292275,0.32289234319849786,0.140930067025102,0.2319112051117999,0
14,66,230,66,0.0258625615388155,6.387520525451559,0.45422353406044286,0.10545949272317598,0.2798415133918094,0
14,67,230,66,0.023920821025967598,5.523809523809523,0.3836482693410512,0.07415492547013389,0.22890159740559252,0
14,68,230,66,0.02316221594810486,4.906403940886699,0.3560757106838114,0.05177751617898597,0.20392661343139867,0
14,69,230,66,0.02259453758597374,4.502463054187192,0.33544264956272807,0.037136977121479606,0.18628981334210384,0
14,70,230,66,0.02413087897002697,4.180623973727422,0.39128311802979693,0.025472157384604604,0.20837763770720077,0
14,71,230,66,0.023818060755729675,3.940886699507389,0.37991330412469443,0.01678305696836097,0.1983481805465277,0
14,72,230,66,0.02553793229162693,3.7832512315270925,0.4424244317064484,0.0110696758727487,0.22674705378959856,0
14,73,230,66,0.02617545798420906,3.7077175697865346,0.4655961913837528,0.008332014097767845,0.23696410274076032,0
14,74,230,66,0.026983322575688362,3.999999999999999,0.49495915570561894,0.01892557487921554,0.25694236529241726,0
14,75,230,66,0.02649448812007904,4.374384236453201,0.47719178623461384,0.03249485498129462,0.2548433206079542,0
14,76,230,66,0.026475362479686737,4.83087027914614,0.47649663818332505,0.049039854404005066,0.2627682462936651,0
14,77,230,66,0.026969563215970993,5.405582922824301,0.4944590526032747,0.06986988964842472,0.28216447112584975,0
14,78,230,68,0.026016471907496452,4.600985221674878,0.4598176208814394,0.0407078403062373,0.25026273059383836,0
14,79,230,68,0.025010596960783005,5.195402298850576,0.4232576942747753,0.06225204818760847,0.24275487123119188,0
14,80,230,72,0.02488606609404087,3.4679802955665027,0.4187314463915444,0.0,0.2093657231957722,0
14,81,230,72,0.024207189679145813,3.5500821018062396,0.3940567370903005,0.0026186330021556246,0.19833768504622806,0
14,82,230,72,0.025817038491368294,3.7142857142857135,0.45256893546543914,0.008570071643418355,0.23056950355442873,0
14,83,230,72,0.02496153675019741,3.894909688013136,0.4214745325565346,0.0151166541488074,0.218295593352671,0
14,84,230,72,0.0260586179792881,4.239737274220032,0.461349478590488,0.027614675295459176,0.2444820769429736,0
14,85,230,78,0.028761334717273712,2.958949096880132,0.5595834846189788,0.0,0.2797917423094894,0
14,86,230,78,0.02945268526673317,2.4696223316912977,0.5847115837234445,0.0,0.2923557918617222,0
14,87,230,78,0.02722620964050293,2.0656814449917893,0.5037872245349924,0.0,0.2518936122674962,0
14,88,230,78,0.027193576097488403,1.8259441707717574,0.5026011129398834,0.0,0.2513005564699417,0
14,89,230,78,0.028964783996343613,1.7504105090311994,0.5669781321696282,0.0,0.2834890660848141,0
14,90,230,78,0.031188705936074257,1.8719211822660098,0.647809674063737,0.0,0.3239048370318685,0
14,91,230,78,0.03138037398457527,2.2397372742200323,0.6547761163724307,0.0,0.32738805818621536,0
14,92,230,84,0.032299723476171494,2.9064039408866993,0.6881911547412182,0.0,0.3440955773706091,0
14,93,230,90,0.03358855098485947,7.760262725779969,0.7350353865020728,0.1552135197641327,0.4451244531331027,0
14,94,230,90,0.03266703709959984,6.699507389162562,0.7015416802295459,0.11676722614157527,0.4091544531855606,0
14,95,230,90,0.03173717111349106,5.720853858784893,0.6677444052131565,0.08129665183964922,0.37452052852640283,0
14,96,230,90,0.034704044461250305,4.824302134646962,0.7755795513212804,0.048801796858354604,0.4121906740898175,0
14,97,230,96,0.03445117175579071,8.903119868637111,0.7663885404678555,0.19663553270732143,0.48151203658758845,0
14,98,230,96,0.033244673162698746,7.556650246305419,0.7225366678681778,0.14783373584896684,0.43518520185857235,0
14,99,230,96,0.03453037515282631,6.38752052545156,0.7692672983016013,0.10545949272317601,0.4373633955123887,0
14,100,230,96,0.03335312753915787,5.303776683087027,0.726478593309777,0.0661799976908418,0.39632929550030943,0
14,101,230,96,0.0346461683511734,4.574712643678161,0.7734759634512332,0.039755610123635224,0.4066157867874342,0
14,102,230,96,0.03645684942603111,4.009852216748769,0.8392876902679387,0.019282661197691345,0.42928517573281505,0
14,103,230,96,0.036061983555555344,3.6091954022988504,0.8249357399671193,0.004761150913010213,0.4148484454400648,0
14,104,230,96,0.03358905389904976,3.369458128078817,0.7350536656191207,0.0,0.36752683280956033,0
14,105,230,96,0.04295419156551361,3.211822660098521,1.075442644255014,0.0,0.537721322127507,0
14,106,230,103,0.0386064350605011,4.975369458128079,0.9174173755610653,0.054277120408316344,0.4858472479846908,0
14,107,230,103,0.04249848797917366,4.0213464696223316,1.0588794623948654,0.019699261902579725,0.5392893621487226,0
14,108,230,103,0.03747265413403511,3.2315270935960583,0.8762085278856487,0.0,0.43810426394282437,0
14,109,230,103,0.03894124552607536,2.681444991789818,0.9295865284846297,0.0,0.4647932642423149,0
14,110,230,103,0.03776206448674202,2.3776683087027912,0.8867275504428213,0.0,0.4433637752214106,0
14,111,230,103,0.03765498474240303,2.320197044334976,0.8828355879211529,0.0,0.44141779396057645,0
14,112,230,103,0.03658156841993332,2.509031198686371,0.8438207758949541,0.0,0.42191038794747704,0
14,113,230,103,0.036928460001945496,3.154351395730705,0.8564290338302695,0.0,0.42821451691513474,0
14,114,230,103,0.03917267173528671,3.7635467980295565,0.9379980365466113,0.010355503235797203,0.4741767698912043,0
14,115,230,103,0.037124112248420715,4.382594417077176,0.8635402873662428,0.032792426913357785,0.4481663571398003,0
14,116,230,103,0.03760368004441261,5.001642036124794,0.8809708471805318,0.05522935059091835,0.46810009888572507,0
14,117,230,103,0.03496187925338745,5.620689655172414,0.7849509161295779,0.07766627426847895,0.4313085951990284,0
14,118,230,103,0.037095021456480026,5.954022988505747,0.8624829419956713,0.08974769471024233,0.47611531835295684,0
14,119,230,109,0.03471899777650833,2.3727422003284073,0.776123050401505,0.0,0.3880615252007525,0
14,120,230,109,0.03231646865606308,2.413793103448276,0.6887997816384801,0.0,0.34439989081924005,0
14,121,230,109,0.03273720666766167,2.619047619047618,0.7040920909607643,0.0,0.35204604548038215,0
14,122,230,109,0.03241437301039696,2.9129720853858783,0.6923582518246743,0.0,0.3461791259123371,0
14,123,230,117,0.03136223182082176,4.632183908045978,0.6541167141500357,0.04183861364807723,0.3479776638990565,0
14,124,230,117,0.03424740582704544,3.8587848932676527,0.7589823838435092,0.013807337647729637,0.38639486074561946,0
14,125,230,117,0.033488404005765915,3.249589490968802,0.7313954049939316,0.0,0.3656977024969658,0
14,126,230,117,0.03715619444847107,2.8045977011494263,0.8647063596330327,0.0,0.43235317981651633,0
14,127,230,117,0.03881519287824631,2.466338259441709,0.9250049693472205,0.0,0.46250248467361027,0
14,128,230,117,0.04001060500741005,2.2101806239737285,0.9684538889666421,0.0,0.48422694448332104,0
14,129,230,121,0.03576638922095299,3.5205254515599345,0.814191951970691,0.0015473740467283382,0.4078696630087097,0
14,130,230,121,0.031696055084466934,2.9392446633825933,0.6662499858438393,0.0,0.33312499292191966,0
14,131,230,121,0.030786564573645592,2.522167487684728,0.6331932858696245,0.0,0.31659664293481227,0
14,132,230,117,0.032313719391822815,3.3070607553366176,0.6886998557986183,0.0,0.3443499278993091,0
14,133,230,117,0.03263639658689499,3.789819376026273,0.7004280080982933,0.011307733418399258,0.3558678707583463,0
14,134,230,117,0.032918110489845276,4.3546798029556655,0.7106672924641992,0.03178068234434314,0.3712239874042712,0
14,135,230,117,0.0330333337187767,5.001642036124794,0.7148552412811766,0.05522935059091835,0.3850422959360475,0
14,136,230,118,0.03558024764060974,4.7290640394088665,0.8074263768482238,0.045349962446422185,0.426388169647323,0
14,137,230,121,0.035304393619298935,3.407224958949097,0.797400078046143,0.0,0.3987000390230715,0
14,138,230,121,0.03589119017124176,3.811165845648604,0.8187280164167811,0.012081420441763396,0.41540471842927224,0
14,139,230,121,0.03602097928524017,4.379310344827585,0.8234453826238128,0.03267339814053251,0.42805939038217267,0
14,140,230,121,0.03289520740509033,4.858784893267652,0.7098348479337505,0.05005159897301977,0.37994322345338516,0
14,141,230,121,0.0313236378133297,5.430213464696223,0.6527139611676921,0.07076260544461414,0.3617382833061531,0
14,142,230,121,0.03306020423769951,6.001642036124794,0.7158318877350033,0.09147361191620852,0.4036527498256059,0
14,143,230,121,0.03263254091143608,6.573070607553365,0.700287868200926,0.1121846183878029,0.4062362432943645,0
14,144,230,121,0.034597814083099365,6.763546798029556,0.7717184601972931,0.1190882872116677,0.44540337370448035,0
14,145,230,121,0.031192336231470108,6.954022988505746,0.6479416222086495,0.12599195603553245,0.386966789122091,0
14,146,230,121,0.030132832005620003,7.1444991789819365,0.6094324647203427,0.13289562485939727,0.37116404478987,0
14,147,230,127,0.03132275491952896,3.32512315270936,0.652681871162208,0.0,0.326340935581104,0
14,148,230,127,0.031140027567744255,3.3119868637110015,0.646040390934366,0.0,0.323020195467183,0
14,149,230,127,0.02977733500301838,3.3809523809523805,0.5965114307822075,0.0,0.29825571539110374,0
14,150,230,127,0.029638666659593582,3.341543513957307,0.5914713366086297,0.0,0.29573566830431486,0
14,151,230,127,0.029898542910814285,3.3842364532019706,0.6009169010920551,0.0,0.30045845054602754,0
14,152,230,127,0.03133357688784599,3.509031198686371,0.6530752106809057,0.001130773341839942,0.32710299201137283,0
14,153,230,127,0.03061341680586338,3.9064039408866993,0.6268999889713286,0.015533254853695796,0.3212166219125122,0
14,154,230,127,0.03141140565276146,4.382594417077176,0.6559040055947205,0.032792426913357785,0.34434821625403916,0
14,155,230,131,0.031095022335648537,2.146141215106733,0.6444046130598783,0.0,0.32220230652993914,0
14,156,230,131,0.030771814286708832,2.300492610837439,0.6326571661366526,0.0,0.3163285830683263,0
14,157,230,131,0.02999836392700672,2.5714285714285716,0.6045450350243319,0.0,0.30227251751216594,0
14,158,230,131,0.03146577626466751,2.863711001642035,0.6578801812489005,0.0,0.32894009062445023,0
14,159,230,131,0.0326189249753952,3.2873563218390793,0.6997929780319622,0.0,0.3498964890159811,0
14,160,230,137,0.03326157480478287,2.2528735632183903,0.7231509816018548,0.0,0.3615754908009274,0
14,161,230,137,0.030985303223133087,1.7701149425287348,0.6404167190239253,0.0,0.32020835951196264,0
14,162,230,137,0.03399987146258354,1.4548440065681436,0.7499854024325264,0.0,0.3749927012162632,0
14,163,230,137,0.032698459923267365,1.3858784893267635,0.7026837865428729,0.0,0.35134189327143645,0
14,164,230,137,0.033692747354507446,1.5632183908045958,0.7388225487526664,0.0,0.3694112743763332,0
14,165,230,137,0.03519005328416824,1.9868637110016418,0.7932442192346496,0.0,0.3966221096173248,0
14,166,230,137,0.03253215551376343,2.620689655172414,0.6966392210372955,0.0,0.34831961051864774,0
14,167,230,144,0.03300676494836807,3.3070607553366167,0.7138895622975787,0.0,0.35694478114878936,0
14,168,230,144,0.0378691628575325,2.5796387520525443,0.8906201899688246,0.0,0.4453100949844123,0
14,169,230,144,0.03540203720331192,2.0065681444991776,0.8009490701716455,0.0,0.40047453508582276,0
14,170,230,144,0.03456294536590576,1.5977011494252853,0.770451108081971,0.0,0.3852255540409855,0
14,171,230,150,0.03437218442559242,5.760262725779967,0.763517635884397,0.08272499711355229,0.42312131649897466,0
14,172,230,150,0.036197781562805176,4.747126436781609,0.829871507772657,0.04600462069696109,0.437938064234809,0
14,173,230,150,0.037873275578022,3.8160919540229874,0.8907696725260165,0.01225996360100125,0.45151481806350885,0
14,174,230,150,0.040494732558727264,2.970443349753693,0.9860501794421654,0.0,0.4930250897210827,0
14,175,230,151,0.038874100893735886,2.7848932676518854,0.9271460632574328,0.0,0.4635730316287164,0
14,176,230,151,0.03855961188673973,2.3021346469622315,0.9157155220634711,0.0,0.45785776103173553,0
14,177,230,151,0.03928286209702492,2.0591133004926108,0.9420030587922426,0.0,0.4710015293961213,0
14,178,230,151,0.0397484116256237,2.062397372742201,0.9589241051439293,0.0,0.47946205257196467,0
14,179,230,157,0.0370851494371891,4.236453201970443,0.8621241296980642,0.027495646522633928,0.44480988811034905,0
14,180,230,157,0.037351664155721664,3.152709359605911,0.8718109785265219,0.0,0.43590548926326095,0
14,181,230,157,0.03413500636816025,2.5188834154351385,0.7548970688837342,0.0,0.3774485344418671,0
14,182,230,157,0.033524200320243835,2.0525451559934305,0.732696471925142,0.0,0.366348235962571,0
14,183,230,157,0.0342489629983902,1.9080459770114924,0.7590389814059243,0.0,0.37951949070296215,0
14,184,230,157,0.03411209210753441,2.019704433497536,0.7540642181506845,0.0,0.37703210907534224,0
14,185,230,157,0.03417468070983887,2.377668308702791,0.756339088117514,0.0,0.378169544058757,0
14,186,230,157,0.03600260242819786,2.978653530377669,0.8227774501467954,0.0,0.4113887250733977,0
14,187,230,157,0.03339312970638275,3.6683087027914616,0.7279325278198548,0.006903668823864818,0.36741809832185984,0
14,188,230,157,0.032654717564582825,4.287356321839081,0.7010939095623054,0.0293405925014254,0.3652172510318654,0
14,189,230,162,0.03487848490476608,1.7274220032840752,0.7819198323204328,0.0,0.3909599161602164,0
14,190,230,175,0.03740765154361725,11.379310344827585,0.8738459181569892,0.2863832274175637,0.5801145727872765,0
14,191,230,175,0.036043308675289154,9.985221674876847,0.8242569754207402,0.23585551335324292,0.5300562443869915,0
14,192,230,175,0.03614814952015877,8.95894909688013,0.8280675620213285,0.19865902184535067,0.5133632919333395,0
14,193,230,175,0.03598553314805031,8.014778325123151,0.8221570433741026,0.16443824965808984,0.4932976465160962,0
14,194,230,175,0.03691389784216881,7.152709359605908,0.8558997518410821,0.13319319679146033,0.49454647431627125,0
14,195,230,175,0.03469078615307808,6.372742200328405,0.7750976596355506,0.10492386324546228,0.44001076144050644,0
14,196,230,175,0.03415706008672714,5.722495894909687,0.7556986420165019,0.08135616622606183,0.41852740412128187,0
14,197,230,175,0.040284767746925354,5.154351395730706,0.9784187157750952,0.060764188527292734,0.519591452151194,0
14,198,230,175,0.037110812962055206,4.668308702791462,0.8630569062709758,0.043147930149155,0.45310241821006536,0
14,199,230,175,0.03934849798679352,4.264367816091955,0.9443886866682958,0.02850739109164864,0.48644803887997223,0
14,200,230,175,0.04021502658724785,4.22824302134647,0.9758838761435842,0.027198074590570828,0.5015409753670775,0
14,201,230,175,0.03993208706378937,4.274220032840723,0.9656000448924282,0.028864477410124382,0.49723226115127633,0
14,202,230,175,0.0371219776570797,4.402298850574712,0.8634627026694395,0.033506599550309296,0.4484846511098744,0
14,203,230,175,0.044234804809093475,4.612479474548438,1.121988317104086,0.041124441011125584,0.5815563790576058,0
14,204,230,175,0.048785436898469925,4.904761904761902,1.287387381615163,0.051718001792573264,0.6695526917038682,0
14,205,230,187,0.03902924060821533,6.9507389162561575,0.9327848323645465,0.12587292726270724,0.5293288798136269,0
14,206,230,187,0.04103357344865799,5.77504105090312,1.0056351024516348,0.08326062659126594,0.5444478645214503,0
14,207,230,187,0.041451770812273026,4.763546798029557,1.0208350683826102,0.04659976456108739,0.5337174164718488,0
14,208,230,187,0.04104923456907272,3.916256157635468,1.0062043276965935,0.01589034117217157,0.5110473344343825,0
14,209,230,187,0.040925391018390656,3.233169129720853,1.001703061273328,0.0,0.500851530636664,0
14,210,230,187,0.04078717157244682,2.9523809523809526,0.9966792829042264,0.0,0.4983396414521132,0
14,211,230,187,0.03988606482744217,2.8735632183908058,0.9639273025812437,0.0,0.48196365129062185,0
14,212,230,187,0.03702106326818466,2.876847290640396,0.8597948285826919,0.0,0.4298974142913459,0
15,35,228,24,0.018460417166352272,2.658456486042693,0.1851822820902993,0.0,0.09259114104514965,0
15,36,228,24,0.018649058416485786,2.791461412151068,0.19203871119453803,0.0,0.09601935559726901,0
15,37,228,24,0.01887037791311741,3.00656814449918,0.20008287670429004,0.0,0.10004143835214502,0
15,38,228,30,0.017767129465937614,2.8965517241379324,0.1599837745349824,0.0,0.0799918872674912,0
15,39,228,30,0.01757821813225746,2.418719211822661,0.1531175288678846,0.0,0.0765587644339423,0
15,40,228,30,0.019973870366811752,2.105090311986864,0.24019084763038762,0.0,0.12009542381519381,0
15,41,228,33,0.02171437069773674,3.220032840722495,0.3034517575132736,0.0,0.1517258787566368,0
15,42,228,33,0.020522819831967354,2.6026272577996714,0.2601431808925199,0.0,0.13007159044625996,0
15,43,228,36,0.01999119110405445,4.004926108374384,0.24082039396160443,0.01910411803845346,0.12996225600002895,0
15,44,228,42,0.021912772208452225,8.617405582922824,0.31066293688910884,0.18628002947152422,0.24847148318031653,0
15,45,228,42,0.02061459980905056,7.31855500821018,0.2634790520533306,0.13920414981913581,0.2013416009362332,0
15,46,228,42,0.02023516409099102,6.101806239737273,0.24968793214371468,0.09510398948737879,0.17239596081554673,0
15,47,228,42,0.020326877012848854,4.967159277504104,0.25302136608891895,0.05397954847625314,0.15350045728258604,0
15,48,228,42,0.020842645317316055,3.914614121510672,0.27176768382849004,0.015830826785758898,0.14379925530712448,0
15,49,228,42,0.020671583712100983,3.1822660098522157,0.26555021141572616,0.0,0.13277510570786308,0
15,50,228,48,0.019239405170083046,6.807881773399014,0.21349568659144766,0.12069517564480864,0.16709543111812813,0
15,51,228,48,0.02273525670170784,5.7504105090312,0.3405572819136012,0.08236791079507658,0.2114625963543389,0
15,52,228,48,0.021338235586881638,4.857142857142858,0.2897806027718388,0.049992084586607165,0.16988634367922298,0
15,53,228,48,0.022178668528795242,4.12807881773399,0.3203273091736411,0.023567697019400525,0.17194750309652082,0
15,54,228,48,0.021564824506640434,3.563218390804598,0.29801629280799286,0.0030947480934566604,0.15055552045072476,0
15,55,228,48,0.02018243819475174,3.1625615763546797,0.24777153597232476,0.0,0.12388576798616238,0
15,56,228,48,0.022877950221300125,2.9261083743842353,0.34574367672399575,0.0,0.17287183836199788,0
15,57,228,48,0.02689649723470211,2.8571428571428563,0.491803367697947,0.0,0.2459016838489735,0
15,58,228,48,0.025192731991410255,2.9458128078817727,0.4298776457647608,0.0,0.2149388228823804,0
15,59,228,60,0.02697533182799816,8.236453201970443,0.49466872084585767,0.1724726918237946,0.3335707063348261,0
15,60,228,60,0.030885228887200356,6.889983579638753,0.6367793778326911,0.12367089496544008,0.3802251363990656,0
15,61,228,60,0.02982017956674099,5.625615763546797,0.5980686761538226,0.0778448174277168,0.3379567467907697,0
15,62,228,60,0.02937966212630272,4.586206896551722,0.5820574559280874,0.04017221082852354,0.3111148333783055,0
15,63,228,60,0.028668398037552834,3.6288998357963864,0.5562055714889579,0.0054753235499617105,0.2808404475194598,0
15,64,228,66,0.025385353714227676,7.379310344827585,0.4368787506954121,0.14140618211640302,0.28914246640590757,0
15,65,228,66,0.02794969268143177,6.318555008210181,0.5300832238179527,0.10295988849384567,0.31652155615589916,0
15,66,228,66,0.02862183004617691,5.343185550082102,0.5545129929507546,0.0676083429647449,0.3110606679577498,0
15,67,228,66,0.028801023960113525,4.532019704433497,0.5610260454562266,0.03820823607690689,0.29961714076656676,0
15,68,228,66,0.03326625004410744,3.885057471264368,0.7233209096899669,0.014759567830331659,0.36904023876014924,0
15,69,228,66,0.031206531450152397,3.402298850574713,0.6484575672124352,0.0,0.3242287836062176,0
15,70,228,66,0.035227444022893906,3.0837438423645316,0.7946032377369452,0.0,0.3973016188684726,0
15,71,228,66,0.032786279916763306,3.211822660098521,0.7058757265820396,0.0,0.3529378632910198,0
15,72,228,66,0.031002841889858246,3.422003284072249,0.6410541863058629,0.0,0.32052709315293143,0
15,73,228,66,0.03208377584815025,3.7142857142857135,0.6803422372817113,0.008570071643418355,0.34445615446256483,0
15,74,228,72,0.03493079915642738,3.408866995073892,0.7838212666960169,0.0,0.39191063334800846,0
15,75,228,72,0.032937902957201004,2.8505747126436773,0.7113866772706848,0.0,0.3556933386353424,0
15,76,228,66,0.03020051121711731,5.655172413793103,0.6118923599719572,0.07891607638314413,0.3454042181775507,0
15,77,228,75,0.03217361494898796,2.955665024630542,0.6836075645908036,0.0,0.3418037822954018,0
15,78,228,68,0.029561929404735565,5.7192118226601,0.5886822141488522,0.08123713745323664,0.33495967580104447,0
15,79,228,68,0.027024181559681892,6.3825944170771765,0.49644423241511165,0.10528094956393816,0.3008625909895249,0
15,80,228,78,0.027247656136751175,3.026272577996716,0.5045667273264356,0.0,0.2522833636632178,0
15,81,228,78,0.028578676283359528,2.5500821018062396,0.5529445093071766,0.0,0.2764722546535883,0
15,82,228,72,0.026062432676553726,4.934318555008209,0.4614881290783181,0.05278926074800061,0.2571386949131593,0
15,83,228,72,0.02814946323633194,5.292282430213464,0.5373441630124184,0.06576339698595342,0.3015537799991859,0
15,84,228,75,0.02896585315465927,3.9096880131362894,0.5670169922184635,0.015652283626521074,0.29133463792249226,0
15,85,228,75,0.030959196388721466,3.9277504105090317,0.639467829747838,0.016306941877059982,0.327887385812449,0
15,86,228,82,0.029625363647937775,3.2561576354679795,0.5909878201124957,0.0,0.29549391005624787,0
15,87,228,84,0.030769094824790955,4.001642036124794,0.6325583235037269,0.018985089265628183,0.3257717063846775,0
15,88,228,84,0.03323586657643318,3.3645320197044333,0.7222165802185389,0.0,0.3611082901092694,0
15,89,228,84,0.03345344960689545,3.0623973727422005,0.7301249386586682,0.0,0.3650624693293341,0
15,90,228,84,0.03987729549407959,2.944170771756979,0.9636085689402749,0.0,0.48180428447013746,0
15,91,228,84,0.03574030101299286,2.9080459770114944,0.8132437396989389,0.0,0.40662186984946946,0
15,92,228,84,0.04467189684510231,2.9540229885057467,1.137875036232595,0.0,0.5689375181162974,0
15,93,228,84,0.03276591747999191,3.0821018062397365,0.7051356254428996,0.0,0.3525678127214498,0
15,94,228,84,0.02988811768591404,3.2922824302134654,0.6005379817656952,0.0,0.3002689908828476,0
15,95,228,84,0.029665084555745125,3.3349753694581277,0.5924315318571133,0.0,0.29621576592855664,0
15,96,228,84,0.026891382411122322,3.4663382594417063,0.4916174623075264,0.0,0.2458087311537632,0
15,97,228,84,0.02705630287528038,4.047619047619047,0.4976117263910052,0.020651492085181734,0.2591316092380935,0
15,98,228,85,0.026026608422398567,3.5566502463054186,0.4601860466406051,0.0028566905478061345,0.2315213685942056,0
15,99,228,85,0.024064334109425545,4.28735632183908,0.38886445234219047,0.02934059250142537,0.2091025224218079,0
15,100,228,88,0.024903757497668266,2.9326765188834143,0.41937446510902987,0.0,0.20968723255451494,0
15,101,228,88,0.02622106298804283,2.975369458128078,0.467253768797831,0.0,0.2336268843989155,0
15,102,228,88,0.02403130754828453,3.2315270935960583,0.38766405595561065,0.0,0.19383202797780533,0
15,103,228,96,0.025187166407704353,3.9934318555008215,0.42967535686943054,0.01868751733356508,0.2241814371014978,0
15,104,228,96,0.02590261958539486,3.267651888341544,0.4556794995835259,0.0,0.22783974979176294,0
15,105,228,96,0.024656938388943672,2.8489326765188836,0.41040348066451515,0.0,0.20520174033225758,0
15,106,228,93,0.025752408429980278,2.995073891625615,0.4502198658234818,0.0,0.2251099329117409,0
15,107,228,94,0.023718584328889847,2.658456486042693,0.37629769477261715,0.0,0.18814884738630858,0
15,108,228,96,0.02215389348566532,2.2775041050903133,0.3194268257075141,0.0,0.15971341285375704,0
15,109,228,96,0.021922076120972633,2.03448275862069,0.31100110055449526,0.0,0.15550055027724763,0
15,110,228,96,0.021991418674588203,2.0311986863711,0.3135214522932349,0.0,0.15676072614661746,0
15,111,228,96,0.023150470107793808,2.277504105090312,0.35564879175009234,0.0,0.17782439587504617,0
15,112,228,96,0.02394549548625946,2.7635467980295565,0.3845450969837686,0.0,0.1922725484918843,0
15,113,228,96,0.024308959022164345,3.3349753694581277,0.3977556856760295,0.0,0.19887784283801474,0
15,114,228,96,0.02501058019697666,3.9064039408866993,0.42325708497087366,0.015533254853695796,0.21939516991228472,0
15,115,228,100,0.022662147879600525,1.6403940886699495,0.3379000398983027,0.0,0.16895001994915135,0
15,116,228,103,0.0244761910289526,2.3825944170771756,0.40383396599749516,0.0,0.20191698299874758,0
15,117,228,103,0.02626107633113861,1.878489326765189,0.4687081095105098,0.0,0.2343540547552549,0
15,118,228,103,0.024696704000234604,1.666666666666666,0.41184881721953703,0.0,0.20592440860976852,0
15,119,228,103,0.024701083078980446,1.876847290640394,0.4120079809387209,0.0,0.20600399046936044,0
15,120,228,103,0.027235975489020348,2.3727422003284073,0.5041421779078895,0.0,0.25207108895394476,0
15,121,228,103,0.03027987852692604,2.9129720853858783,0.6147770754438521,0.0,0.30738853772192604,0
15,122,228,103,0.034747831523418427,3.535303776683086,0.777171053112252,0.002083003524441949,0.38962702831834695,0
15,123,228,106,0.037073370069265366,2.1412151067323486,0.8616959921565419,0.0,0.43084799607827096,0
15,124,228,103,0.03444788232445717,4.715927750410509,0.7662689815022755,0.04487384735512116,0.4055714144286983,0
15,125,228,109,0.03571554645895958,1.643678160919541,0.8123440009375806,0.0,0.4061720004687903,0
15,126,228,103,0.03803524374961853,5.668308702791461,0.8966566314223806,0.07939219147444514,0.48802441144841285,0
15,127,228,103,0.03657389059662819,6.1444991789819365,0.8435417147080226,0.0966513635341071,0.47009653912106486,0
15,128,228,103,0.02913089096546173,6.573070607553365,0.5730155214292534,0.1121846183878029,0.34260006990852815,0
15,129,228,109,0.026002930477261543,2.5812807881773403,0.45932543872981596,0.0,0.22966271936490798,0
15,130,228,109,0.030128343030810356,2.865353037766831,0.6092693066755818,0.0,0.3046346533377909,0
15,131,228,109,0.026896612718701363,3.159277504105089,0.49180756512482465,0.0,0.24590378256241233,0
15,132,228,109,0.026833973824977875,3.5320197044334973,0.48953086724629036,0.0019639747516167184,0.24574742099895353,0
15,133,228,109,0.02457241155207157,3.9080459770114944,0.4073312349917955,0.015592769240108436,0.21146200211595198,0
15,134,228,117,0.026483027264475822,3.5385878489326776,0.47677522546722195,0.0022020322972672764,0.23948862888224462,0
15,135,228,117,0.026671750470995903,2.929392446633827,0.48363463339053514,0.0,0.24181731669526757,0
15,136,228,117,0.03143081068992615,2.6715927750410513,0.6566093087110358,0.0,0.3283046543555179,0
15,137,228,117,0.02313840202987194,2.415435139573071,0.35521016064137595,0.0,0.17760508032068797,0
15,138,228,117,0.022354979068040848,2.241379310344829,0.3267355614080384,0.0,0.1633677807040192,0
15,139,228,121,0.023596584796905518,3.3678160919540234,0.3718634517785275,0.0,0.18593172588926374,0
15,140,228,121,0.024997245520353317,2.7865353037766827,0.42277241756736994,0.0,0.21138620878368497,0
15,141,228,121,0.02309058979153633,2.4187192118226584,0.35347235821358747,0.0,0.17673617910679373,0
15,142,228,121,0.02402523346245289,2.247947454844007,0.38744328484193197,0.0,0.19372164242096598,0
15,143,228,127,0.026439478620886803,5.617405582922824,0.4751923893317397,0.0775472454956537,0.2763698174136967,0
15,144,228,127,0.023075126111507416,4.699507389162561,0.3529103092145809,0.0442787034909949,0.1985945063527879,0
15,145,228,127,0.024675514549016953,3.720853858784893,0.4110786570879183,0.008808129189068882,0.20994339313849358,0
15,146,228,127,0.028676128014922142,3.146141215106731,0.5564865282880277,0.0,0.27824326414401385,0
15,147,228,127,0.029252350330352783,2.5320197044334973,0.577430131297625,0.0,0.2887150656488125,0
15,148,228,127,0.03079361654818058,2.164203612479475,0.6334495997108964,0.0,0.3167247998554482,0
15,149,228,127,0.03370540961623192,2.042692939244663,0.7392827762996727,0.0,0.3696413881498363,0
15,150,228,131,0.03182864189147949,2.4761904761904763,0.6710690381020044,0.0,0.3355345190510022,0
15,151,228,133,0.03579622134566307,3.087027914614122,0.8152762421137999,0.0,0.40763812105689995,0
15,152,228,133,0.03294872120022774,2.193760262725781,0.7117798813885156,0.0,0.3558899406942578,0
15,153,228,133,0.0333462692797184,1.5632183908045971,0.7262293203135903,0.0,0.36311466015679517,0
15,154,228,133,0.03386218473315239,1.2873563218390782,0.7449809863874088,0.0,0.3724904931937044,0
15,155,228,133,0.035171348601579666,1.5205254515599322,0.7925643714813343,0.0,0.39628218574066715,0
15,156,228,133,0.03646621108055115,1.9999999999999987,0.8396279526467638,0.0,0.4198139763233819,0
15,157,228,133,0.035767700523138046,2.715927750410508,0.8142396130758827,0.0,0.40711980653794133,0
15,158,228,133,0.03251417353749275,3.47783251231527,0.6959856410521824,0.0,0.3479928205260912,0
15,159,228,133,0.031165406107902527,4.239737274220031,0.6469628093409505,0.027614675295459145,0.3372887423182048,0
15,160,228,133,0.02915877476334572,4.8111658456486035,0.57402899691891,0.04832568176705355,0.31117733934298175,0
15,161,228,133,0.030042722821235657,5.382594417077175,0.6061573208483912,0.06903668823864792,0.3375970045435196,0
15,162,228,137,0.026092126965522766,2.8472906403940916,0.4625674093893471,0.0,0.23128370469467355,0
15,163,228,137,0.027427297085523605,3.31034482758621,0.5110960279359502,0.0,0.2555480139679751,0
15,164,228,142,0.02680385299026966,2.2594417077175666,0.48843608353598733,0.0,0.24421804176799367,0
15,165,228,144,0.026046982035040855,2.7142857142857117,0.4609265539823461,0.0,0.23046327699117305,0
15,166,228,144,0.02587626688182354,2.246305418719211,0.4547216738502152,0.0,0.2273608369251076,0
15,167,228,144,0.02566063217818737,2.0049261083743826,0.44688413006353817,0.0,0.22344206503176908,0
15,168,228,144,0.02822399139404297,1.9540229885057447,0.5400529927580521,0.0,0.27002649637902604,0
15,169,228,144,0.02600061148405075,2.0673234811165835,0.459241151690095,0.0,0.2296205758450475,0
15,170,228,151,0.02814241498708725,5.188834154351396,0.5370879845720136,0.06201399064195791,0.29955098760698573,0
15,171,228,151,0.02882600761950016,4.31855500821018,0.5619341113709069,0.030471365843265295,0.29620273860708607,0
15,172,228,151,0.02625470794737339,3.6256157635467967,0.46847664172833636,0.005356294777136447,0.2369164682527364,0
15,173,228,151,0.025917118415236473,3.014778325123151,0.45620647975797385,0.0,0.22810323987898692,0
15,174,228,151,0.029567666351795197,2.5582922824302106,0.5888907314840655,0.0,0.2944453657420327,0
15,175,228,151,0.026617232710123062,2.3119868637109997,0.4816531094021078,0.0,0.2408265547010539,0
15,176,228,157,0.03109920211136341,5.665024630541872,0.6445565328326766,0.0792731627016199,0.3619148477671482,0
15,177,228,157,0.032119374722242355,4.607553366174056,0.6816361279669695,0.04094589785188776,0.3612910129094286,0
15,178,228,157,0.03419521078467369,3.7142857142857144,0.75708528229567,0.008570071643418387,0.3828276769695442,0
15,179,228,157,0.034382984042167664,2.9852216748768465,0.7639101629978926,0.0,0.3819550814989463,0
15,180,228,157,0.03453916311264038,2.420361247947453,0.7695867089469053,0.0,0.38479335447345264,0
15,181,228,157,0.03474544733762741,2.0952380952380953,0.7770843965573582,0.0,0.3885421982786791,0
15,182,228,157,0.03707601875066757,2.065681444991791,0.8617922621729942,0.0,0.4308961310864971,0
15,183,228,157,0.032381024211645126,2.5024630541871926,0.6911461432630971,0.0,0.34557307163154855,0
15,184,228,157,0.03663373365998268,3.103448275862068,0.8457167942358572,0.0,0.4228583971179286,0
15,185,228,157,0.025595644488930702,3.811165845648605,0.4445220619383467,0.012081420441763427,0.22830174119005506,0
15,186,228,157,0.025422928854823112,4.430213464696224,0.43824447154062524,0.03451834411932401,0.23638140782997463,0
15,187,228,157,0.02668304555118084,5.0492610837438425,0.48404516881934456,0.056955267796884576,0.27050021830811455,0
15,188,228,157,0.02869749628007412,5.668308702791462,0.5572631876612635,0.07939219147444518,0.31832768956785434,0
15,189,228,157,0.027893437072634697,6.287356321839081,0.5280385353250598,0.10182911515200574,0.3149338252385328,0
15,190,228,157,0.02551642805337906,6.9064039408867,0.44164283020156636,0.12426603882956634,0.28295443451556634,0
15,191,228,157,0.027048837393522263,7.192118226600986,0.49734038305349393,0.13462154206536353,0.31598096255942876,0
15,192,228,157,0.02677091956138611,7.477832512315271,0.4872390721710831,0.1449770453011607,0.3161080587361219,0
15,193,228,157,0.02654329687356949,7.763546798029557,0.47896580839433056,0.1553325485369579,0.3171491784656442,0
15,194,228,169,0.025635307654738426,4.233169129720856,0.44596367496952544,0.027376617749808745,0.2366701463596671,0
15,195,228,169,0.02604895457625389,3.875205254515601,0.460998248741434,0.014402481511855934,0.23770036512664497,0
15,196,228,175,0.02550603821873665,7.379310344827585,0.44126519718344315,0.14140618211640302,0.29133568964992307,0
15,197,228,175,0.026759015396237373,6.604269293924466,0.4868063987005156,0.11331539172964282,0.3000608952150792,0
15,198,228,175,0.02605944499373436,5.911330049261083,0.4613795375829668,0.08820032066351399,0.2747899291232404,0
15,199,228,175,0.029564881697297096,5.300492610837436,0.5887895193359668,0.0660609689180165,0.32742524412699164,0
15,200,228,175,0.029547903686761856,4.771756978653527,0.588172429884516,0.04689733649315039,0.3175348831888332,0
15,201,228,175,0.029253339394927025,4.328407224958948,0.5774660802278192,0.030828452161741033,0.3041472661947801,0
15,202,228,187,0.03602557256817818,13.665024630541872,0.8236123318928504,0.36922725330394124,0.5964197925983958,0
15,203,228,187,0.0366828478872776,12.318555008210177,0.8475019192666697,0.32042545644558657,0.5839636878561282,0
15,204,228,187,0.03452938422560692,11.054187192118226,0.7692312816709737,0.27459937890786346,0.5219153302894186,0
15,205,228,187,0.03392719104886055,9.871921182266007,0.7473437315169353,0.23174902069077155,0.48954637610385343,0
15,206,228,187,0.033065441995859146,8.771756978653528,0.7160222613540357,0.1918743817943111,0.4539483215741734,0
15,207,228,187,0.035914402455091476,7.7536945812807865,0.8195716992191925,0.15497546221848207,0.4872735807188373,0
15,208,228,187,0.03859113156795502,6.817733990147782,0.9168611487993407,0.12105226196328438,0.5189567053813126,0
15,209,228,187,0.03492064028978348,5.963875205254515,0.7834520285316491,0.0901047810287181,0.4367784047801836,0
15,210,228,187,0.029775725677609444,5.198686371100163,0.5964529376076542,0.06237107696043365,0.3294120072840439,0
