/home/jeong/Desktop/IPAD/.venv/lib/python3.13/site-packages/timm/models/layers/__init__.py:49: FutureWarning: Importing from timm.models.layers is deprecated, please import via timm.layers
  warnings.warn(f"Importing from {__name__} is deprecated, please import via timm.layers", FutureWarning)
/home/jeong/Desktop/IPAD/.venv/lib/python3.13/site-packages/torch/functional.py:505: UserWarning: torch.meshgrid: in an upcoming release, it will be required to pass the indexing argument. (Triggered internally at /pytorch/aten/src/ATen/native/TensorShape.cpp:4381.)
  return _VF.meshgrid(tensors, **kwargs)  # type: ignore[attr-defined]
{"root": "IPAD_dataset", "scene": "R01", "output": "runs/no_memory/R01/seed0", "seed": 0, "epochs": 50, "batch_size": 8, "workers": 4, "subset": "all", "axis": "tokens", "shrink": 0.0, "radius": 0, "no_memory": true, "precision": "fp32", "checkpoint_activations": false, "resume": false, "smoke_steps": 0, "steps_per_epoch": 0, "median_train_period": 231.5, "model_options": {"memory": false, "axis": "tokens", "shrink": 0.0, "radius": 0, "checkpoint": false}, "environment": {"python": "3.13.13", "torch": "2.11.0+cu128", "cuda": "12.8", "gpu": "NVIDIA RTX PRO 6000 Blackwell Max-Q Workstation Edition", "capability": [12, 0]}, "parameters": 261942713, "complete_protocol": true, "data_clips": 7298, "source_sha256": {"ipad/evaluate.py": "ee2e899232e06965702f10691dc7c174a6ec70e20ac0ffba2e1e8c6e894147cd", "ipad/report.py": "4040d5cae253eeb91c40658bf4a51c207793da6539cd17c44f78062f6b2821be", "ipad/metrics.py": "3c2e1dc03598e72d59d44790bc6814a9963693e1b15e5ad32310db4f1b883c87", "ipad/train.py": "3d40515deee4f4335810c8c2b11bcc283a185df4a051973fc6deb292c8d84693", "ipad/data.py": "20c71dbdba055c7e74847623e4600a84325eeb9ec9e116cd76721331839bf96c", "ipad/features.py": "709f05417b3abef1180e19659799188389f3f09b7e2604773505d1cd01c9fa02", "ipad/model.py": "c08545718a89cd2d6eb01624694699b8d6a1b774bc68c56324bf72cbaec0e2ac", "ipad/common.py": "0c81839fa5b6f5420b4bb60bcbacd32815481a789ea2706ba88dd898c08cda0e", "ipad/prototype.py": "be4a09bf143bd62382c086cac7880b2bb7432adc0677836c88dff459e0b08fe5", "ipad/__init__.py": "8ae9b9e2d92e308e0486dc3d05f30876c2d4b69ef5f2db1179a9adb7189697ba", "ipad/vendor/VST_block.py": "6c940b3501fa2f191c4288222269233f097b46ff561fcbdb8b541bf05eab6fb9", "ipad/vendor/reconstruction_model.py": "7b2c21c94e5d7852ed44a0cd4fda0476ada38067322ef286ba9f96fcb4d2dacf", "ipad/vendor/__init__.py": "e3b0c44298fc1c149afbf4c8996fb92427ae41e4649b934ca495991b7852b855"}}
{"scene": "R01", "epoch": 1, "epochs": 50, "step": 1, "steps_per_epoch": 912, "elapsed_seconds": 1.313267027027905, "gradient_norm": 0.8989173769950867, "peak_gb": 11.428618752, "loss": 0.689079999923706, "reconstruction": 0.5825486183166504, "period": 5.326567649841309, "entropy": 0.0}
{"scene": "R01", "epoch": 1, "epochs": 50, "step": 26, "steps_per_epoch": 912, "elapsed_seconds": 5.34193178685382, "gradient_norm": 0.3987104892730713, "peak_gb": 13.545200128, "loss": 0.19509504735469818, "reconstruction": 0.0857439860701561, "period": 5.46755313873291, "entropy": 0.0}
{"scene": "R01", "epoch": 1, "epochs": 50, "step": 51, "steps_per_epoch": 912, "elapsed_seconds": 9.405871443916112, "gradient_norm": 0.3410551846027374, "peak_gb": 13.545200128, "loss": 0.15486112236976624, "reconstruction": 0.049684733152389526, "period": 5.258819580078125, "entropy": 0.0}
{"scene": "R01", "epoch": 1, "epochs": 50, "step": 76, "steps_per_epoch": 912, "elapsed_seconds": 13.48592592892237, "gradient_norm": 0.22530587017536163, "peak_gb": 13.545200128, "loss": 0.14365148544311523, "reconstruction": 0.035031456500291824, "period": 5.431001663208008, "entropy": 0.0}
{"scene": "R01", "epoch": 1, "epochs": 50, "step": 101, "steps_per_epoch": 912, "elapsed_seconds": 17.570368394022807, "gradient_norm": 0.20731483399868011, "peak_gb": 13.545200128, "loss": 0.13570402562618256, "reconstruction": 0.025598227977752686, "period": 5.5052900314331055, "entropy": 0.0}
{"scene": "R01", "epoch": 1, "epochs": 50, "step": 126, "steps_per_epoch": 912, "elapsed_seconds": 21.666372863808647, "gradient_norm": 0.13732291758060455, "peak_gb": 13.545200128, "loss": 0.12637771666049957, "reconstruction": 0.020383162423968315, "period": 5.299727916717529, "entropy": 0.0}
{"scene": "R01", "epoch": 1, "epochs": 50, "step": 151, "steps_per_epoch": 912, "elapsed_seconds": 25.769327559974045, "gradient_norm": 0.14065265655517578, "peak_gb": 13.545200128, "loss": 0.12168062478303909, "reconstruction": 0.018260350450873375, "period": 5.171013832092285, "entropy": 0.0}
{"scene": "R01", "epoch": 1, "epochs": 50, "step": 176, "steps_per_epoch": 912, "elapsed_seconds": 29.89292892301455, "gradient_norm": 0.1608198881149292, "peak_gb": 13.545200128, "loss": 0.12252023816108704, "reconstruction": 0.015236195176839828, "period": 5.364202499389648, "entropy": 0.0}
{"scene": "R01", "epoch": 1, "epochs": 50, "step": 201, "steps_per_epoch": 912, "elapsed_seconds": 34.03320082882419, "gradient_norm": 0.0967739000916481, "peak_gb": 13.545200128, "loss": 0.1212313324213028, "reconstruction": 0.014550670981407166, "period": 5.334033012390137, "entropy": 0.0}
{"scene": "R01", "epoch": 1, "epochs": 50, "step": 226, "steps_per_epoch": 912, "elapsed_seconds": 38.16758303181268, "gradient_norm": 0.09167884290218353, "peak_gb": 13.545200128, "loss": 0.11827147006988525, "reconstruction": 0.012321919202804565, "period": 5.297477722167969, "entropy": 0.0}
{"scene": "R01", "epoch": 1, "epochs": 50, "step": 251, "steps_per_epoch": 912, "elapsed_seconds": 42.318676333874464, "gradient_norm": 0.08015652745962143, "peak_gb": 13.545200128, "loss": 0.11838948726654053, "reconstruction": 0.01340840570628643, "period": 5.249053955078125, "entropy": 0.0}
{"scene": "R01", "epoch": 1, "epochs": 50, "step": 276, "steps_per_epoch": 912, "elapsed_seconds": 46.47632162598893, "gradient_norm": 0.14207208156585693, "peak_gb": 13.545200128, "loss": 0.11861222982406616, "reconstruction": 0.010757717303931713, "period": 5.392725944519043, "entropy": 0.0}
{"scene": "R01", "epoch": 1, "epochs": 50, "step": 301, "steps_per_epoch": 912, "elapsed_seconds": 50.641964580863714, "gradient_norm": 0.11774784326553345, "peak_gb": 13.545200128, "loss": 0.11650200188159943, "reconstruction": 0.010673518292605877, "period": 5.29142427444458, "entropy": 0.0}
{"scene": "R01", "epoch": 1, "epochs": 50, "step": 326, "steps_per_epoch": 912, "elapsed_seconds": 54.81203810102306, "gradient_norm": 0.11385411769151688, "peak_gb": 13.545200128, "loss": 0.11658243089914322, "reconstruction": 0.010326424613595009, "period": 5.312800407409668, "entropy": 0.0}
{"scene": "R01", "epoch": 1, "epochs": 50, "step": 351, "steps_per_epoch": 912, "elapsed_seconds": 58.98876653192565, "gradient_norm": 0.08005594462156296, "peak_gb": 13.545200128, "loss": 0.11455557495355606, "reconstruction": 0.009631386958062649, "period": 5.246209621429443, "entropy": 0.0}
{"scene": "R01", "epoch": 1, "epochs": 50, "step": 376, "steps_per_epoch": 912, "elapsed_seconds": 63.165543840965256, "gradient_norm": 0.0826232060790062, "peak_gb": 13.545200128, "loss": 0.1161905899643898, "reconstruction": 0.01050719153136015, "period": 5.284170150756836, "entropy": 0.0}
{"scene": "R01", "epoch": 1, "epochs": 50, "step": 401, "steps_per_epoch": 912, "elapsed_seconds": 67.35177093697712, "gradient_norm": 0.10791127383708954, "peak_gb": 13.545200128, "loss": 0.11342740803956985, "reconstruction": 0.00797952525317669, "period": 5.272394180297852, "entropy": 0.0}
{"scene": "R01", "epoch": 1, "epochs": 50, "step": 426, "steps_per_epoch": 912, "elapsed_seconds": 71.53966071899049, "gradient_norm": 0.07967230677604675, "peak_gb": 13.545200128, "loss": 0.1148831695318222, "reconstruction": 0.008178324438631535, "period": 5.33524227142334, "entropy": 0.0}
{"scene": "R01", "epoch": 1, "epochs": 50, "step": 451, "steps_per_epoch": 912, "elapsed_seconds": 75.72450711089186, "gradient_norm": 0.05552127584815025, "peak_gb": 13.545200128, "loss": 0.1125696450471878, "reconstruction": 0.007489196956157684, "period": 5.254022598266602, "entropy": 0.0}
{"scene": "R01", "epoch": 1, "epochs": 50, "step": 476, "steps_per_epoch": 912, "elapsed_seconds": 79.90977255092002, "gradient_norm": 0.11479609459638596, "peak_gb": 13.545200128, "loss": 0.11062705516815186, "reconstruction": 0.006534514017403126, "period": 5.20462703704834, "entropy": 0.0}
{"scene": "R01", "epoch": 1, "epochs": 50, "step": 501, "steps_per_epoch": 912, "elapsed_seconds": 84.09426533896476, "gradient_norm": 0.07918546348810196, "peak_gb": 13.545200128, "loss": 0.11176374554634094, "reconstruction": 0.006571315228939056, "period": 5.259621620178223, "entropy": 0.0}
{"scene": "R01", "epoch": 1, "epochs": 50, "step": 526, "steps_per_epoch": 912, "elapsed_seconds": 88.26591991190799, "gradient_norm": 0.060521431267261505, "peak_gb": 13.545200128, "loss": 0.10975643992424011, "reconstruction": 0.006016341503709555, "period": 5.187005043029785, "entropy": 0.0}
{"scene": "R01", "epoch": 1, "epochs": 50, "step": 551, "steps_per_epoch": 912, "elapsed_seconds": 92.45116566098295, "gradient_norm": 0.0706891193985939, "peak_gb": 13.545200128, "loss": 0.11095648258924484, "reconstruction": 0.00631537102162838, "period": 5.2320556640625, "entropy": 0.0}
{"scene": "R01", "epoch": 1, "epochs": 50, "step": 576, "steps_per_epoch": 912, "elapsed_seconds": 96.63589214184321, "gradient_norm": 0.10140804946422577, "peak_gb": 13.545200128, "loss": 0.11375673115253448, "reconstruction": 0.007338986732065678, "period": 5.320887565612793, "entropy": 0.0}
{"scene": "R01", "epoch": 1, "epochs": 50, "step": 601, "steps_per_epoch": 912, "elapsed_seconds": 100.81194650288671, "gradient_norm": 0.04809235408902168, "peak_gb": 13.545200128, "loss": 0.11104896664619446, "reconstruction": 0.005757903214544058, "period": 5.264553070068359, "entropy": 0.0}
{"scene": "R01", "epoch": 1, "epochs": 50, "step": 626, "steps_per_epoch": 912, "elapsed_seconds": 104.99549744301476, "gradient_norm": 0.08118578046560287, "peak_gb": 13.545200128, "loss": 0.11213327944278717, "reconstruction": 0.00638346653431654, "period": 5.2874908447265625, "entropy": 0.0}
{"scene": "R01", "epoch": 1, "epochs": 50, "step": 651, "steps_per_epoch": 912, "elapsed_seconds": 109.18049051286653, "gradient_norm": 0.0979432687163353, "peak_gb": 13.545200128, "loss": 0.11198575794696808, "reconstruction": 0.006463854573667049, "period": 5.276095390319824, "entropy": 0.0}
{"scene": "R01", "epoch": 1, "epochs": 50, "step": 676, "steps_per_epoch": 912, "elapsed_seconds": 113.36852540588006, "gradient_norm": 0.0757145881652832, "peak_gb": 13.545200128, "loss": 0.1106199100613594, "reconstruction": 0.005426014773547649, "period": 5.259695053100586, "entropy": 0.0}
{"scene": "R01", "epoch": 1, "epochs": 50, "step": 701, "steps_per_epoch": 912, "elapsed_seconds": 117.54531603399664, "gradient_norm": 0.058321382850408554, "peak_gb": 13.545200128, "loss": 0.11052832752466202, "reconstruction": 0.005534469150006771, "period": 5.249692916870117, "entropy": 0.0}
{"scene": "R01", "epoch": 1, "epochs": 50, "step": 726, "steps_per_epoch": 912, "elapsed_seconds": 121.7284928120207, "gradient_norm": 0.0837317705154419, "peak_gb": 13.545200128, "loss": 0.10957661271095276, "reconstruction": 0.004318408668041229, "period": 5.26291036605835, "entropy": 0.0}
{"scene": "R01", "epoch": 1, "epochs": 50, "step": 751, "steps_per_epoch": 912, "elapsed_seconds": 125.91083900700323, "gradient_norm": 0.15492111444473267, "peak_gb": 13.545200128, "loss": 0.11313705891370773, "reconstruction": 0.00506241712719202, "period": 5.4037322998046875, "entropy": 0.0}
{"scene": "R01", "epoch": 1, "epochs": 50, "step": 776, "steps_per_epoch": 912, "elapsed_seconds": 130.09345181682147, "gradient_norm": 0.2662191092967987, "peak_gb": 13.545200128, "loss": 0.11153087019920349, "reconstruction": 0.007108189165592194, "period": 5.221134185791016, "entropy": 0.0}
{"scene": "R01", "epoch": 1, "epochs": 50, "step": 801, "steps_per_epoch": 912, "elapsed_seconds": 134.2787660548929, "gradient_norm": 0.1812560111284256, "peak_gb": 13.545200128, "loss": 0.11166152358055115, "reconstruction": 0.005247119814157486, "period": 5.320720672607422, "entropy": 0.0}
{"scene": "R01", "epoch": 1, "epochs": 50, "step": 826, "steps_per_epoch": 912, "elapsed_seconds": 138.46377110597678, "gradient_norm": 0.2531069815158844, "peak_gb": 13.545200128, "loss": 0.11103660613298416, "reconstruction": 0.006767732556909323, "period": 5.213443756103516, "entropy": 0.0}
{"scene": "R01", "epoch": 1, "epochs": 50, "step": 851, "steps_per_epoch": 912, "elapsed_seconds": 142.65783576387912, "gradient_norm": 0.24682943522930145, "peak_gb": 13.545200128, "loss": 0.09982529282569885, "reconstruction": 0.004536298103630543, "period": 4.764449596405029, "entropy": 0.0}
{"scene": "R01", "epoch": 1, "epochs": 50, "step": 876, "steps_per_epoch": 912, "elapsed_seconds": 146.82939116680063, "gradient_norm": 0.28212806582450867, "peak_gb": 13.545200128, "loss": 0.09815304726362228, "reconstruction": 0.006574222352355719, "period": 4.578941345214844, "entropy": 0.0}
{"scene": "R01", "epoch": 1, "epochs": 50, "step": 901, "steps_per_epoch": 912, "elapsed_seconds": 151.01240152283572, "gradient_norm": 0.36028099060058594, "peak_gb": 13.545200128, "loss": 0.09000594168901443, "reconstruction": 0.00690813921391964, "period": 4.154890060424805, "entropy": 0.0}
{"epoch": 1, "steps": 912, "seconds": 152.845715604024, "loss": 0.12238321287492127, "reconstruction": 0.017493695418938603, "period": 5.2444760004679365, "entropy": 0.0}
{"scene": "R01", "epoch": 2, "epochs": 50, "step": 1, "steps_per_epoch": 912, "elapsed_seconds": 153.08981348085217, "gradient_norm": 0.3816136121749878, "peak_gb": 13.545200128, "loss": 0.08956734836101532, "reconstruction": 0.006348156835883856, "period": 4.160959720611572, "entropy": 0.0}
{"scene": "R01", "epoch": 2, "epochs": 50, "step": 26, "steps_per_epoch": 912, "elapsed_seconds": 157.27221601596102, "gradient_norm": 0.3597635328769684, "peak_gb": 13.545200128, "loss": 0.08250352740287781, "reconstruction": 0.006525363773107529, "period": 3.798908233642578, "entropy": 0.0}
{"scene": "R01", "epoch": 2, "epochs": 50, "step": 51, "steps_per_epoch": 912, "elapsed_seconds": 161.4453175489325, "gradient_norm": 0.3815633952617645, "peak_gb": 13.545200128, "loss": 0.0928059071302414, "reconstruction": 0.005351610016077757, "period": 4.372714996337891, "entropy": 0.0}
{"scene": "R01", "epoch": 2, "epochs": 50, "step": 76, "steps_per_epoch": 912, "elapsed_seconds": 165.61304911901243, "gradient_norm": 0.38276952505111694, "peak_gb": 13.545200128, "loss": 0.07964244484901428, "reconstruction": 0.006175787653774023, "period": 3.673333168029785, "entropy": 0.0}
{"scene": "R01", "epoch": 2, "epochs": 50, "step": 101, "steps_per_epoch": 912, "elapsed_seconds": 169.78740904200822, "gradient_norm": 0.3852776288986206, "peak_gb": 13.545200128, "loss": 0.05820523574948311, "reconstruction": 0.005137228406965733, "period": 2.653400421142578, "entropy": 0.0}
{"scene": "R01", "epoch": 2, "epochs": 50, "step": 126, "steps_per_epoch": 912, "elapsed_seconds": 173.97304368484765, "gradient_norm": 0.43978768587112427, "peak_gb": 13.545200128, "loss": 0.06516977399587631, "reconstruction": 0.004483929835259914, "period": 3.034292459487915, "entropy": 0.0}
{"scene": "R01", "epoch": 2, "epochs": 50, "step": 151, "steps_per_epoch": 912, "elapsed_seconds": 178.16387301683426, "gradient_norm": 0.4429514408111572, "peak_gb": 13.545200128, "loss": 0.08081678301095963, "reconstruction": 0.004891641903668642, "period": 3.7962570190429688, "entropy": 0.0}
{"scene": "R01", "epoch": 2, "epochs": 50, "step": 176, "steps_per_epoch": 912, "elapsed_seconds": 182.34058512188494, "gradient_norm": 0.49503302574157715, "peak_gb": 13.545200128, "loss": 0.07635851949453354, "reconstruction": 0.004153850022703409, "period": 3.6102335453033447, "entropy": 0.0}
{"scene": "R01", "epoch": 2, "epochs": 50, "step": 201, "steps_per_epoch": 912, "elapsed_seconds": 186.51427853596397, "gradient_norm": 0.42875564098358154, "peak_gb": 13.545200128, "loss": 0.07265462726354599, "reconstruction": 0.004261059686541557, "period": 3.4196784496307373, "entropy": 0.0}
{"scene": "R01", "epoch": 2, "epochs": 50, "step": 226, "steps_per_epoch": 912, "elapsed_seconds": 190.6947785629891, "gradient_norm": 0.4278736114501953, "peak_gb": 13.545200128, "loss": 0.05557889863848686, "reconstruction": 0.005540762096643448, "period": 2.5019068717956543, "entropy": 0.0}
{"scene": "R01", "epoch": 2, "epochs": 50, "step": 251, "steps_per_epoch": 912, "elapsed_seconds": 194.87972010998055, "gradient_norm": 0.4946187734603882, "peak_gb": 13.545200128, "loss": 0.06816712766885757, "reconstruction": 0.005626959260553122, "period": 3.1270081996917725, "entropy": 0.0}
{"scene": "R01", "epoch": 2, "epochs": 50, "step": 276, "steps_per_epoch": 912, "elapsed_seconds": 199.0471174758859, "gradient_norm": 0.44244521856307983, "peak_gb": 13.545200128, "loss": 0.0660451352596283, "reconstruction": 0.004207461606711149, "period": 3.091883659362793, "entropy": 0.0}
{"scene": "R01", "epoch": 2, "epochs": 50, "step": 301, "steps_per_epoch": 912, "elapsed_seconds": 203.2246049088426, "gradient_norm": 0.47072380781173706, "peak_gb": 13.545200128, "loss": 0.07117089629173279, "reconstruction": 0.0060137673281133175, "period": 3.257856607437134, "entropy": 0.0}
{"scene": "R01", "epoch": 2, "epochs": 50, "step": 326, "steps_per_epoch": 912, "elapsed_seconds": 207.4111011608038, "gradient_norm": 0.4179156720638275, "peak_gb": 13.545200128, "loss": 0.06115076318383217, "reconstruction": 0.0036246641539037228, "period": 2.876305103302002, "entropy": 0.0}
{"scene": "R01", "epoch": 2, "epochs": 50, "step": 351, "steps_per_epoch": 912, "elapsed_seconds": 211.57961585489102, "gradient_norm": 0.436755895614624, "peak_gb": 13.545200128, "loss": 0.0578584186732769, "reconstruction": 0.00480449665337801, "period": 2.652696132659912, "entropy": 0.0}
{"scene": "R01", "epoch": 2, "epochs": 50, "step": 376, "steps_per_epoch": 912, "elapsed_seconds": 215.75769080989994, "gradient_norm": 0.4071451723575592, "peak_gb": 13.545200128, "loss": 0.0571473091840744, "reconstruction": 0.005274493247270584, "period": 2.5936408042907715, "entropy": 0.0}
{"scene": "R01", "epoch": 2, "epochs": 50, "step": 401, "steps_per_epoch": 912, "elapsed_seconds": 219.94623658596538, "gradient_norm": 0.42464518547058105, "peak_gb": 13.545200128, "loss": 0.05979268625378609, "reconstruction": 0.004385382402688265, "period": 2.7703652381896973, "entropy": 0.0}
{"scene": "R01", "epoch": 2, "epochs": 50, "step": 426, "steps_per_epoch": 912, "elapsed_seconds": 224.11392116895877, "gradient_norm": 0.4297485649585724, "peak_gb": 13.545200128, "loss": 0.05708114430308342, "reconstruction": 0.004447918850928545, "period": 2.6316614151000977, "entropy": 0.0}
{"scene": "R01", "epoch": 2, "epochs": 50, "step": 451, "steps_per_epoch": 912, "elapsed_seconds": 228.28441020892933, "gradient_norm": 0.433195024728775, "peak_gb": 13.545200128, "loss": 0.05946292728185654, "reconstruction": 0.003683976363390684, "period": 2.788947582244873, "entropy": 0.0}
{"scene": "R01", "epoch": 2, "epochs": 50, "step": 476, "steps_per_epoch": 912, "elapsed_seconds": 232.4636297977995, "gradient_norm": 0.45638349652290344, "peak_gb": 13.545200128, "loss": 0.05791226029396057, "reconstruction": 0.004419061355292797, "period": 2.6746599674224854, "entropy": 0.0}
{"scene": "R01", "epoch": 2, "epochs": 50, "step": 501, "steps_per_epoch": 912, "elapsed_seconds": 236.6308634649031, "gradient_norm": 0.4693848490715027, "peak_gb": 13.545200128, "loss": 0.06297328323125839, "reconstruction": 0.0053708734922111034, "period": 2.8801207542419434, "entropy": 0.0}
{"scene": "R01", "epoch": 2, "epochs": 50, "step": 526, "steps_per_epoch": 912, "elapsed_seconds": 240.82126477290876, "gradient_norm": 0.4382479190826416, "peak_gb": 13.545200128, "loss": 0.055217351764440536, "reconstruction": 0.004169675055891275, "period": 2.5523838996887207, "entropy": 0.0}
{"scene": "R01", "epoch": 2, "epochs": 50, "step": 551, "steps_per_epoch": 912, "elapsed_seconds": 244.99816090101376, "gradient_norm": 0.4177923798561096, "peak_gb": 13.545200128, "loss": 0.05091756954789162, "reconstruction": 0.004437523894011974, "period": 2.324002265930176, "entropy": 0.0}
{"scene": "R01", "epoch": 2, "epochs": 50, "step": 576, "steps_per_epoch": 912, "elapsed_seconds": 249.16759352898225, "gradient_norm": 0.44525569677352905, "peak_gb": 13.545200128, "loss": 0.05250418186187744, "reconstruction": 0.004691951908171177, "period": 2.3906116485595703, "entropy": 0.0}
{"scene": "R01", "epoch": 2, "epochs": 50, "step": 601, "steps_per_epoch": 912, "elapsed_seconds": 253.3512152088806, "gradient_norm": 0.5169615149497986, "peak_gb": 13.545200128, "loss": 0.06799612939357758, "reconstruction": 0.005827516317367554, "period": 3.1084306240081787, "entropy": 0.0}
{"scene": "R01", "epoch": 2, "epochs": 50, "step": 626, "steps_per_epoch": 912, "elapsed_seconds": 257.5357193478849, "gradient_norm": 0.44917553663253784, "peak_gb": 13.545200128, "loss": 0.05451774224638939, "reconstruction": 0.0040198927745223045, "period": 2.524892568588257, "entropy": 0.0}
{"scene": "R01", "epoch": 2, "epochs": 50, "step": 651, "steps_per_epoch": 912, "elapsed_seconds": 261.7146655949764, "gradient_norm": 0.4697602689266205, "peak_gb": 13.545200128, "loss": 0.05347878113389015, "reconstruction": 0.003587540937587619, "period": 2.4945621490478516, "entropy": 0.0}
{"scene": "R01", "epoch": 2, "epochs": 50, "step": 676, "steps_per_epoch": 912, "elapsed_seconds": 265.89319505682215, "gradient_norm": 0.4494502544403076, "peak_gb": 13.545200128, "loss": 0.05863943696022034, "reconstruction": 0.0026162713766098022, "period": 2.8011584281921387, "entropy": 0.0}
{"scene": "R01", "epoch": 2, "epochs": 50, "step": 701, "steps_per_epoch": 912, "elapsed_seconds": 270.06466901884414, "gradient_norm": 0.4954845905303955, "peak_gb": 13.545200128, "loss": 0.06125752255320549, "reconstruction": 0.004076498560607433, "period": 2.85905122756958, "entropy": 0.0}
{"scene": "R01", "epoch": 2, "epochs": 50, "step": 726, "steps_per_epoch": 912, "elapsed_seconds": 274.23981329402886, "gradient_norm": 0.47947853803634644, "peak_gb": 13.545200128, "loss": 0.058053746819496155, "reconstruction": 0.002668845234438777, "period": 2.769245147705078, "entropy": 0.0}
{"scene": "R01", "epoch": 2, "epochs": 50, "step": 751, "steps_per_epoch": 912, "elapsed_seconds": 278.41526560485363, "gradient_norm": 0.46008965373039246, "peak_gb": 13.545200128, "loss": 0.05052554979920387, "reconstruction": 0.00413164496421814, "period": 2.319695234298706, "entropy": 0.0}
{"scene": "R01", "epoch": 2, "epochs": 50, "step": 776, "steps_per_epoch": 912, "elapsed_seconds": 282.5817235589493, "gradient_norm": 0.43742644786834717, "peak_gb": 13.545200128, "loss": 0.04433652386069298, "reconstruction": 0.0027296876069158316, "period": 2.0803418159484863, "entropy": 0.0}
{"scene": "R01", "epoch": 2, "epochs": 50, "step": 801, "steps_per_epoch": 912, "elapsed_seconds": 286.74808094697073, "gradient_norm": 0.4336652159690857, "peak_gb": 13.545200128, "loss": 0.04998960345983505, "reconstruction": 0.0034360717982053757, "period": 2.327676773071289, "entropy": 0.0}
{"scene": "R01", "epoch": 2, "epochs": 50, "step": 826, "steps_per_epoch": 912, "elapsed_seconds": 290.91498940298334, "gradient_norm": 0.45178017020225525, "peak_gb": 13.545200128, "loss": 0.048293739557266235, "reconstruction": 0.0027234244626015425, "period": 2.2785158157348633, "entropy": 0.0}
{"scene": "R01", "epoch": 2, "epochs": 50, "step": 851, "steps_per_epoch": 912, "elapsed_seconds": 295.08182830084115, "gradient_norm": 0.4350670576095581, "peak_gb": 13.545200128, "loss": 0.057401131838560104, "reconstruction": 0.0030740885995328426, "period": 2.7163522243499756, "entropy": 0.0}
{"scene": "R01", "epoch": 2, "epochs": 50, "step": 876, "steps_per_epoch": 912, "elapsed_seconds": 299.24863210180774, "gradient_norm": 0.4393775165081024, "peak_gb": 13.545200128, "loss": 0.05616491287946701, "reconstruction": 0.004266219679266214, "period": 2.5949347019195557, "entropy": 0.0}
{"scene": "R01", "epoch": 2, "epochs": 50, "step": 901, "steps_per_epoch": 912, "elapsed_seconds": 303.41489411797374, "gradient_norm": 0.4257228970527649, "peak_gb": 13.545200128, "loss": 0.046593643724918365, "reconstruction": 0.0027070012874901295, "period": 2.1943321228027344, "entropy": 0.0}
{"epoch": 2, "steps": 912, "seconds": 152.40196556504816, "loss": 0.060919198771252445, "reconstruction": 0.004327615604300885, "period": 2.829579218960645, "entropy": 0.0}
{"scene": "R01", "epoch": 3, "epochs": 50, "step": 1, "steps_per_epoch": 912, "elapsed_seconds": 305.488350543892, "gradient_norm": 0.5550282597541809, "peak_gb": 13.545200128, "loss": 0.04927800968289375, "reconstruction": 0.0032134917564690113, "period": 2.3032259941101074, "entropy": 0.0}
{"scene": "R01", "epoch": 3, "epochs": 50, "step": 26, "steps_per_epoch": 912, "elapsed_seconds": 309.6637904588133, "gradient_norm": 0.4716883897781372, "peak_gb": 13.545200128, "loss": 0.045850276947021484, "reconstruction": 0.004163846373558044, "period": 2.0843214988708496, "entropy": 0.0}
{"scene": "R01", "epoch": 3, "epochs": 50, "step": 51, "steps_per_epoch": 912, "elapsed_seconds": 313.83323295181617, "gradient_norm": 0.4651438593864441, "peak_gb": 13.545200128, "loss": 0.051099617034196854, "reconstruction": 0.0028014029376208782, "period": 2.4149107933044434, "entropy": 0.0}
{"scene": "R01", "epoch": 3, "epochs": 50, "step": 76, "steps_per_epoch": 912, "elapsed_seconds": 318.11293296399526, "gradient_norm": 0.44678834080696106, "peak_gb": 13.545200128, "loss": 0.04467051476240158, "reconstruction": 0.0027415743097662926, "period": 2.096446990966797, "entropy": 0.0}
{"scene": "R01", "epoch": 3, "epochs": 50, "step": 101, "steps_per_epoch": 912, "elapsed_seconds": 322.33353370800614, "gradient_norm": 0.39845946431159973, "peak_gb": 13.545200128, "loss": 0.0483894869685173, "reconstruction": 0.0035917169880121946, "period": 2.2398886680603027, "entropy": 0.0}
{"scene": "R01", "epoch": 3, "epochs": 50, "step": 126, "steps_per_epoch": 912, "elapsed_seconds": 326.50572534883395, "gradient_norm": 0.4069247841835022, "peak_gb": 13.545200128, "loss": 0.042413972318172455, "reconstruction": 0.004419007338583469, "period": 1.8997483253479004, "entropy": 0.0}
{"scene": "R01", "epoch": 3, "epochs": 50, "step": 151, "steps_per_epoch": 912, "elapsed_seconds": 330.68855790398084, "gradient_norm": 0.5321638584136963, "peak_gb": 13.545200128, "loss": 0.041632022708654404, "reconstruction": 0.0029013603925704956, "period": 1.9365332126617432, "entropy": 0.0}
{"scene": "R01", "epoch": 3, "epochs": 50, "step": 176, "steps_per_epoch": 912, "elapsed_seconds": 334.8826768049039, "gradient_norm": 0.44635847210884094, "peak_gb": 13.545200128, "loss": 0.047192081809043884, "reconstruction": 0.0029936893843114376, "period": 2.2099196910858154, "entropy": 0.0}
{"scene": "R01", "epoch": 3, "epochs": 50, "step": 201, "steps_per_epoch": 912, "elapsed_seconds": 339.0656323179137, "gradient_norm": 0.5056989789009094, "peak_gb": 13.545200128, "loss": 0.05201904848217964, "reconstruction": 0.004160925280302763, "period": 2.3929061889648438, "entropy": 0.0}
{"scene": "R01", "epoch": 3, "epochs": 50, "step": 226, "steps_per_epoch": 912, "elapsed_seconds": 343.2328148679808, "gradient_norm": 0.46352705359458923, "peak_gb": 13.545200128, "loss": 0.04285600408911705, "reconstruction": 0.002388430992141366, "period": 2.023378610610962, "entropy": 0.0}
{"scene": "R01", "epoch": 3, "epochs": 50, "step": 251, "steps_per_epoch": 912, "elapsed_seconds": 347.41757731093094, "gradient_norm": 0.513612687587738, "peak_gb": 13.545200128, "loss": 0.04431706666946411, "reconstruction": 0.0036092232912778854, "period": 2.0353920459747314, "entropy": 0.0}
{"scene": "R01", "epoch": 3, "epochs": 50, "step": 276, "steps_per_epoch": 912, "elapsed_seconds": 351.6000578268431, "gradient_norm": 0.48722144961357117, "peak_gb": 13.545200128, "loss": 0.05247393995523453, "reconstruction": 0.00469867791980505, "period": 2.388763189315796, "entropy": 0.0}
{"scene": "R01", "epoch": 3, "epochs": 50, "step": 301, "steps_per_epoch": 912, "elapsed_seconds": 355.77136739483103, "gradient_norm": 0.4089147448539734, "peak_gb": 13.545200128, "loss": 0.04005206376314163, "reconstruction": 0.0035122334957122803, "period": 1.8269915580749512, "entropy": 0.0}
{"scene": "R01", "epoch": 3, "epochs": 50, "step": 326, "steps_per_epoch": 912, "elapsed_seconds": 359.95409395196475, "gradient_norm": 0.5826441049575806, "peak_gb": 13.545200128, "loss": 0.04821515455842018, "reconstruction": 0.002499969210475683, "period": 2.285759449005127, "entropy": 0.0}
{"scene": "R01", "epoch": 3, "epochs": 50, "step": 351, "steps_per_epoch": 912, "elapsed_seconds": 364.13966872985475, "gradient_norm": 0.4521065056324005, "peak_gb": 13.545200128, "loss": 0.047166384756565094, "reconstruction": 0.0028556743636727333, "period": 2.2155356407165527, "entropy": 0.0}
{"scene": "R01", "epoch": 3, "epochs": 50, "step": 376, "steps_per_epoch": 912, "elapsed_seconds": 368.3351437149104, "gradient_norm": 0.4500671923160553, "peak_gb": 13.545200128, "loss": 0.04103580117225647, "reconstruction": 0.0036573833785951138, "period": 1.8689210414886475, "entropy": 0.0}
{"scene": "R01", "epoch": 3, "epochs": 50, "step": 401, "steps_per_epoch": 912, "elapsed_seconds": 372.52988795400597, "gradient_norm": 0.477357417345047, "peak_gb": 13.545200128, "loss": 0.050119396299123764, "reconstruction": 0.003006909741088748, "period": 2.3556244373321533, "entropy": 0.0}
{"scene": "R01", "epoch": 3, "epochs": 50, "step": 426, "steps_per_epoch": 912, "elapsed_seconds": 376.72031626687385, "gradient_norm": 0.5494285225868225, "peak_gb": 13.545200128, "loss": 0.03921673446893692, "reconstruction": 0.002420151373371482, "period": 1.8398292064666748, "entropy": 0.0}
{"scene": "R01", "epoch": 3, "epochs": 50, "step": 451, "steps_per_epoch": 912, "elapsed_seconds": 380.9125147028826, "gradient_norm": 0.49092793464660645, "peak_gb": 13.545200128, "loss": 0.04061601310968399, "reconstruction": 0.003461486427113414, "period": 1.8577263355255127, "entropy": 0.0}
{"scene": "R01", "epoch": 3, "epochs": 50, "step": 476, "steps_per_epoch": 912, "elapsed_seconds": 385.1056070330087, "gradient_norm": 0.5138758420944214, "peak_gb": 13.545200128, "loss": 0.048078231513500214, "reconstruction": 0.0027914426755160093, "period": 2.2643394470214844, "entropy": 0.0}
{"scene": "R01", "epoch": 3, "epochs": 50, "step": 501, "steps_per_epoch": 912, "elapsed_seconds": 389.30592214502394, "gradient_norm": 0.38685888051986694, "peak_gb": 13.545200128, "loss": 0.03785896673798561, "reconstruction": 0.003794643562287092, "period": 1.7032161951065063, "entropy": 0.0}
{"scene": "R01", "epoch": 3, "epochs": 50, "step": 526, "steps_per_epoch": 912, "elapsed_seconds": 393.50206136191264, "gradient_norm": 0.4742141366004944, "peak_gb": 13.545200128, "loss": 0.03995458781719208, "reconstruction": 0.002979408949613571, "period": 1.8487589359283447, "entropy": 0.0}
{"scene": "R01", "epoch": 3, "epochs": 50, "step": 551, "steps_per_epoch": 912, "elapsed_seconds": 397.7001338049304, "gradient_norm": 0.5390839576721191, "peak_gb": 13.545200128, "loss": 0.03865238279104233, "reconstruction": 0.004139820113778114, "period": 1.725628137588501, "entropy": 0.0}
{"scene": "R01", "epoch": 3, "epochs": 50, "step": 576, "steps_per_epoch": 912, "elapsed_seconds": 401.87885176599957, "gradient_norm": 0.5178525447845459, "peak_gb": 13.545200128, "loss": 0.04304112493991852, "reconstruction": 0.003240632824599743, "period": 1.9900246858596802, "entropy": 0.0}
{"scene": "R01", "epoch": 3, "epochs": 50, "step": 601, "steps_per_epoch": 912, "elapsed_seconds": 406.0689428669866, "gradient_norm": 0.4481823146343231, "peak_gb": 13.545200128, "loss": 0.045065250247716904, "reconstruction": 0.0026153377257287502, "period": 2.122495651245117, "entropy": 0.0}
{"scene": "R01", "epoch": 3, "epochs": 50, "step": 626, "steps_per_epoch": 912, "elapsed_seconds": 410.23953525396064, "gradient_norm": 0.453788697719574, "peak_gb": 13.545200128, "loss": 0.050214264541864395, "reconstruction": 0.0034341663122177124, "period": 2.3390049934387207, "entropy": 0.0}
{"scene": "R01", "epoch": 3, "epochs": 50, "step": 651, "steps_per_epoch": 912, "elapsed_seconds": 414.42992621893063, "gradient_norm": 0.4302182197570801, "peak_gb": 13.545200128, "loss": 0.037878844887018204, "reconstruction": 0.004185907542705536, "period": 1.6846468448638916, "entropy": 0.0}
{"scene": "R01", "epoch": 3, "epochs": 50, "step": 676, "steps_per_epoch": 912, "elapsed_seconds": 418.6134472179692, "gradient_norm": 0.4944296181201935, "peak_gb": 13.545200128, "loss": 0.051400717347860336, "reconstruction": 0.0027517161797732115, "period": 2.43245005607605, "entropy": 0.0}
{"scene": "R01", "epoch": 3, "epochs": 50, "step": 701, "steps_per_epoch": 912, "elapsed_seconds": 422.78429074096493, "gradient_norm": 0.5110722780227661, "peak_gb": 13.545200128, "loss": 0.04037952050566673, "reconstruction": 0.0022029171232134104, "period": 1.908830165863037, "entropy": 0.0}
{"scene": "R01", "epoch": 3, "epochs": 50, "step": 726, "steps_per_epoch": 912, "elapsed_seconds": 426.9643971249461, "gradient_norm": 0.4943133592605591, "peak_gb": 13.545200128, "loss": 0.04702862352132797, "reconstruction": 0.0035223434679210186, "period": 2.175313949584961, "entropy": 0.0}
{"scene": "R01", "epoch": 3, "epochs": 50, "step": 751, "steps_per_epoch": 912, "elapsed_seconds": 431.15263491193764, "gradient_norm": 0.4486825168132782, "peak_gb": 13.545200128, "loss": 0.04282578453421593, "reconstruction": 0.0029236662667244673, "period": 1.9951059818267822, "entropy": 0.0}
{"scene": "R01", "epoch": 3, "epochs": 50, "step": 776, "steps_per_epoch": 912, "elapsed_seconds": 435.3343966589309, "gradient_norm": 0.461317241191864, "peak_gb": 13.545200128, "loss": 0.04522204026579857, "reconstruction": 0.002950118388980627, "period": 2.113596200942993, "entropy": 0.0}
{"scene": "R01", "epoch": 3, "epochs": 50, "step": 801, "steps_per_epoch": 912, "elapsed_seconds": 439.5082900188863, "gradient_norm": 0.5604611039161682, "peak_gb": 13.545200128, "loss": 0.05169910565018654, "reconstruction": 0.002525828778743744, "period": 2.4586639404296875, "entropy": 0.0}
{"scene": "R01", "epoch": 3, "epochs": 50, "step": 826, "steps_per_epoch": 912, "elapsed_seconds": 443.69648273591883, "gradient_norm": 0.48235616087913513, "peak_gb": 13.545200128, "loss": 0.05636996403336525, "reconstruction": 0.003587613580748439, "period": 2.639117479324341, "entropy": 0.0}
{"scene": "R01", "epoch": 3, "epochs": 50, "step": 851, "steps_per_epoch": 912, "elapsed_seconds": 447.87431306485087, "gradient_norm": 0.39595067501068115, "peak_gb": 13.545200128, "loss": 0.03739650920033455, "reconstruction": 0.002883356995880604, "period": 1.7256577014923096, "entropy": 0.0}
{"scene": "R01", "epoch": 3, "epochs": 50, "step": 876, "steps_per_epoch": 912, "elapsed_seconds": 452.0514676058665, "gradient_norm": 0.37081265449523926, "peak_gb": 13.545200128, "loss": 0.03141762316226959, "reconstruction": 0.0034412776585668325, "period": 1.3988173007965088, "entropy": 0.0}
{"scene": "R01", "epoch": 3, "epochs": 50, "step": 901, "steps_per_epoch": 912, "elapsed_seconds": 456.2325517060235, "gradient_norm": 0.4142410457134247, "peak_gb": 13.545200128, "loss": 0.042917557060718536, "reconstruction": 0.0029651846271008253, "period": 1.9976186752319336, "entropy": 0.0}
{"epoch": 3, "steps": 912, "seconds": 152.81995021691546, "loss": 0.045015734665324554, "reconstruction": 0.0032330138791095172, "period": 2.0891360862736117, "entropy": 0.0}
{"scene": "R01", "epoch": 4, "epochs": 50, "step": 1, "steps_per_epoch": 912, "elapsed_seconds": 458.29855015780777, "gradient_norm": 0.4300287067890167, "peak_gb": 13.545200128, "loss": 0.036919426172971725, "reconstruction": 0.0031287926249206066, "period": 1.689531683921814, "entropy": 0.0}
{"scene": "R01", "epoch": 4, "epochs": 50, "step": 26, "steps_per_epoch": 912, "elapsed_seconds": 462.4691269148607, "gradient_norm": 0.4484478235244751, "peak_gb": 13.545200128, "loss": 0.037524785846471786, "reconstruction": 0.0029759323224425316, "period": 1.727442741394043, "entropy": 0.0}
{"scene": "R01", "epoch": 4, "epochs": 50, "step": 51, "steps_per_epoch": 912, "elapsed_seconds": 466.63907316699624, "gradient_norm": 0.4096282422542572, "peak_gb": 13.545200128, "loss": 0.03415083512663841, "reconstruction": 0.0023255913984030485, "period": 1.5912623405456543, "entropy": 0.0}
{"scene": "R01", "epoch": 4, "epochs": 50, "step": 76, "steps_per_epoch": 912, "elapsed_seconds": 470.8214624528773, "gradient_norm": 0.48547908663749695, "peak_gb": 13.545200128, "loss": 0.03886110708117485, "reconstruction": 0.002202883129939437, "period": 1.8329111337661743, "entropy": 0.0}
{"scene": "R01", "epoch": 4, "epochs": 50, "step": 101, "steps_per_epoch": 912, "elapsed_seconds": 475.00168897095136, "gradient_norm": 0.4918411076068878, "peak_gb": 13.545200128, "loss": 0.037943121045827866, "reconstruction": 0.002694099908694625, "period": 1.7624510526657104, "entropy": 0.0}
{"scene": "R01", "epoch": 4, "epochs": 50, "step": 126, "steps_per_epoch": 912, "elapsed_seconds": 479.18600679095834, "gradient_norm": 0.4919489324092865, "peak_gb": 13.545200128, "loss": 0.03849199041724205, "reconstruction": 0.0038699430879205465, "period": 1.731102466583252, "entropy": 0.0}
{"scene": "R01", "epoch": 4, "epochs": 50, "step": 151, "steps_per_epoch": 912, "elapsed_seconds": 483.37374456902035, "gradient_norm": 0.44167277216911316, "peak_gb": 13.545200128, "loss": 0.038842737674713135, "reconstruction": 0.002726181410253048, "period": 1.8058278560638428, "entropy": 0.0}
{"scene": "R01", "epoch": 4, "epochs": 50, "step": 176, "steps_per_epoch": 912, "elapsed_seconds": 487.55330510879867, "gradient_norm": 0.41927480697631836, "peak_gb": 13.545200128, "loss": 0.03773919492959976, "reconstruction": 0.0031474120914936066, "period": 1.7295892238616943, "entropy": 0.0}
{"scene": "R01", "epoch": 4, "epochs": 50, "step": 201, "steps_per_epoch": 912, "elapsed_seconds": 491.7362073790282, "gradient_norm": 0.4960097670555115, "peak_gb": 13.545200128, "loss": 0.038360122591257095, "reconstruction": 0.003178935032337904, "period": 1.7590593099594116, "entropy": 0.0}
{"scene": "R01", "epoch": 4, "epochs": 50, "step": 226, "steps_per_epoch": 912, "elapsed_seconds": 495.93160499981605, "gradient_norm": 0.5618064403533936, "peak_gb": 13.545200128, "loss": 0.039139293134212494, "reconstruction": 0.003013916779309511, "period": 1.8062689304351807, "entropy": 0.0}
{"scene": "R01", "epoch": 4, "epochs": 50, "step": 251, "steps_per_epoch": 912, "elapsed_seconds": 500.11735258088447, "gradient_norm": 0.6318370699882507, "peak_gb": 13.545200128, "loss": 0.04625295475125313, "reconstruction": 0.0033302963711321354, "period": 2.1461329460144043, "entropy": 0.0}
{"scene": "R01", "epoch": 4, "epochs": 50, "step": 276, "steps_per_epoch": 912, "elapsed_seconds": 504.3059203098528, "gradient_norm": 0.4238852858543396, "peak_gb": 13.545200128, "loss": 0.04151877388358116, "reconstruction": 0.00225185533054173, "period": 1.963346004486084, "entropy": 0.0}
{"scene": "R01", "epoch": 4, "epochs": 50, "step": 301, "steps_per_epoch": 912, "elapsed_seconds": 508.4931244698819, "gradient_norm": 0.45441266894340515, "peak_gb": 13.545200128, "loss": 0.03638644143939018, "reconstruction": 0.003462576074525714, "period": 1.6461933851242065, "entropy": 0.0}
{"scene": "R01", "epoch": 4, "epochs": 50, "step": 326, "steps_per_epoch": 912, "elapsed_seconds": 512.6837549668271, "gradient_norm": 0.41510099172592163, "peak_gb": 13.545200128, "loss": 0.03582097589969635, "reconstruction": 0.002616306534036994, "period": 1.6602336168289185, "entropy": 0.0}
{"scene": "R01", "epoch": 4, "epochs": 50, "step": 351, "steps_per_epoch": 912, "elapsed_seconds": 516.8811521800235, "gradient_norm": 0.40022900700569153, "peak_gb": 13.545200128, "loss": 0.03432512283325195, "reconstruction": 0.0026945266872644424, "period": 1.5815298557281494, "entropy": 0.0}
{"scene": "R01", "epoch": 4, "epochs": 50, "step": 376, "steps_per_epoch": 912, "elapsed_seconds": 521.0529798259959, "gradient_norm": 0.4188855290412903, "peak_gb": 13.545200128, "loss": 0.044885098934173584, "reconstruction": 0.0023686466738581657, "period": 2.1258225440979004, "entropy": 0.0}
{"scene": "R01", "epoch": 4, "epochs": 50, "step": 401, "steps_per_epoch": 912, "elapsed_seconds": 525.2342242000159, "gradient_norm": 0.5464635491371155, "peak_gb": 13.545200128, "loss": 0.04782971739768982, "reconstruction": 0.002796749584376812, "period": 2.251648426055908, "entropy": 0.0}
{"scene": "R01", "epoch": 4, "epochs": 50, "step": 426, "steps_per_epoch": 912, "elapsed_seconds": 529.4253731099889, "gradient_norm": 0.4320015609264374, "peak_gb": 13.545200128, "loss": 0.04111439734697342, "reconstruction": 0.00315038301050663, "period": 1.8982007503509521, "entropy": 0.0}
{"scene": "R01", "epoch": 4, "epochs": 50, "step": 451, "steps_per_epoch": 912, "elapsed_seconds": 533.6027970318682, "gradient_norm": 0.4600718915462494, "peak_gb": 13.545200128, "loss": 0.03858034312725067, "reconstruction": 0.0027254843153059483, "period": 1.7927428483963013, "entropy": 0.0}
{"scene": "R01", "epoch": 4, "epochs": 50, "step": 476, "steps_per_epoch": 912, "elapsed_seconds": 537.7696300589014, "gradient_norm": 0.5166530013084412, "peak_gb": 13.545200128, "loss": 0.04266747459769249, "reconstruction": 0.0031548510305583477, "period": 1.9756311178207397, "entropy": 0.0}
{"scene": "R01", "epoch": 4, "epochs": 50, "step": 501, "steps_per_epoch": 912, "elapsed_seconds": 541.9383113689255, "gradient_norm": 0.44667282700538635, "peak_gb": 13.545200128, "loss": 0.031960222870111465, "reconstruction": 0.001989625161513686, "period": 1.4985300302505493, "entropy": 0.0}
{"scene": "R01", "epoch": 4, "epochs": 50, "step": 526, "steps_per_epoch": 912, "elapsed_seconds": 546.1174644599669, "gradient_norm": 0.44462329149246216, "peak_gb": 13.545200128, "loss": 0.029636554419994354, "reconstruction": 0.0032645808532834053, "period": 1.318598747253418, "entropy": 0.0}
{"scene": "R01", "epoch": 4, "epochs": 50, "step": 551, "steps_per_epoch": 912, "elapsed_seconds": 550.302773054922, "gradient_norm": 0.42882829904556274, "peak_gb": 13.545200128, "loss": 0.028329061344265938, "reconstruction": 0.0025357811246067286, "period": 1.2896640300750732, "entropy": 0.0}
{"scene": "R01", "epoch": 4, "epochs": 50, "step": 576, "steps_per_epoch": 912, "elapsed_seconds": 554.4707118938677, "gradient_norm": 0.4060412049293518, "peak_gb": 13.545200128, "loss": 0.033840373158454895, "reconstruction": 0.0030828898306936026, "period": 1.5378742218017578, "entropy": 0.0}
{"scene": "R01", "epoch": 4, "epochs": 50, "step": 601, "steps_per_epoch": 912, "elapsed_seconds": 558.6412433648948, "gradient_norm": 0.4380565583705902, "peak_gb": 13.545200128, "loss": 0.03570900112390518, "reconstruction": 0.0022837319411337376, "period": 1.6712634563446045, "entropy": 0.0}
{"scene": "R01", "epoch": 4, "epochs": 50, "step": 626, "steps_per_epoch": 912, "elapsed_seconds": 562.8293659440242, "gradient_norm": 0.42603805661201477, "peak_gb": 13.545200128, "loss": 0.04350196197628975, "reconstruction": 0.0022885273210704327, "period": 2.060671806335449, "entropy": 0.0}
{"scene": "R01", "epoch": 4, "epochs": 50, "step": 651, "steps_per_epoch": 912, "elapsed_seconds": 567.0037597599439, "gradient_norm": 0.45364105701446533, "peak_gb": 13.545200128, "loss": 0.03159192577004433, "reconstruction": 0.0029465463012456894, "period": 1.4322689771652222, "entropy": 0.0}
{"scene": "R01", "epoch": 4, "epochs": 50, "step": 676, "steps_per_epoch": 912, "elapsed_seconds": 571.183900219854, "gradient_norm": 0.5074992179870605, "peak_gb": 13.545200128, "loss": 0.042064741253852844, "reconstruction": 0.0033289529383182526, "period": 1.9367895126342773, "entropy": 0.0}
{"scene": "R01", "epoch": 4, "epochs": 50, "step": 701, "steps_per_epoch": 912, "elapsed_seconds": 575.3569890628569, "gradient_norm": 0.3768848776817322, "peak_gb": 13.545200128, "loss": 0.028991369530558586, "reconstruction": 0.002917689736932516, "period": 1.3036839962005615, "entropy": 0.0}
{"scene": "R01", "epoch": 4, "epochs": 50, "step": 726, "steps_per_epoch": 912, "elapsed_seconds": 579.5393555979244, "gradient_norm": 0.41984954476356506, "peak_gb": 13.545200128, "loss": 0.026829080656170845, "reconstruction": 0.0026633269153535366, "period": 1.2082877159118652, "entropy": 0.0}
{"scene": "R01", "epoch": 4, "epochs": 50, "step": 751, "steps_per_epoch": 912, "elapsed_seconds": 583.7173492428847, "gradient_norm": 0.46496903896331787, "peak_gb": 13.545200128, "loss": 0.036687009036540985, "reconstruction": 0.0024185925722122192, "period": 1.7134208679199219, "entropy": 0.0}
{"scene": "R01", "epoch": 4, "epochs": 50, "step": 776, "steps_per_epoch": 912, "elapsed_seconds": 587.8876723758876, "gradient_norm": 0.39154037833213806, "peak_gb": 13.545200128, "loss": 0.023658057674765587, "reconstruction": 0.002299197716638446, "period": 1.0679430961608887, "entropy": 0.0}
{"scene": "R01", "epoch": 4, "epochs": 50, "step": 801, "steps_per_epoch": 912, "elapsed_seconds": 592.0704040068667, "gradient_norm": 0.5253698229789734, "peak_gb": 13.545200128, "loss": 0.03920789062976837, "reconstruction": 0.0033207943197339773, "period": 1.7943549156188965, "entropy": 0.0}
{"scene": "R01", "epoch": 4, "epochs": 50, "step": 826, "steps_per_epoch": 912, "elapsed_seconds": 596.2378415779676, "gradient_norm": 0.5181713104248047, "peak_gb": 13.545200128, "loss": 0.04565474018454552, "reconstruction": 0.00269797770306468, "period": 2.1478381156921387, "entropy": 0.0}
{"scene": "R01", "epoch": 4, "epochs": 50, "step": 851, "steps_per_epoch": 912, "elapsed_seconds": 600.4149370950181, "gradient_norm": 0.40771225094795227, "peak_gb": 13.545200128, "loss": 0.03527892008423805, "reconstruction": 0.002239295281469822, "period": 1.6519813537597656, "entropy": 0.0}
{"scene": "R01", "epoch": 4, "epochs": 50, "step": 876, "steps_per_epoch": 912, "elapsed_seconds": 604.6052859278861, "gradient_norm": 0.36310476064682007, "peak_gb": 13.545200128, "loss": 0.033914100378751755, "reconstruction": 0.0024421107955276966, "period": 1.5735995769500732, "entropy": 0.0}
{"scene": "R01", "epoch": 4, "epochs": 50, "step": 901, "steps_per_epoch": 912, "elapsed_seconds": 608.78392282594, "gradient_norm": 0.5772903561592102, "peak_gb": 13.545200128, "loss": 0.04379377141594887, "reconstruction": 0.0029456126503646374, "period": 2.042407989501953, "entropy": 0.0}
{"epoch": 4, "steps": 912, "seconds": 152.5514342249371, "loss": 0.037873035952399825, "reconstruction": 0.0028224566931225638, "period": 1.7525290047521132, "entropy": 0.0}
{"scene": "R01", "epoch": 5, "epochs": 50, "step": 1, "steps_per_epoch": 912, "elapsed_seconds": 610.8810336969327, "gradient_norm": 0.45895910263061523, "peak_gb": 13.545200128, "loss": 0.03904317319393158, "reconstruction": 0.003526051063090563, "period": 1.7758562564849854, "entropy": 0.0}
{"scene": "R01", "epoch": 5, "epochs": 50, "step": 26, "steps_per_epoch": 912, "elapsed_seconds": 615.0663452779409, "gradient_norm": 0.4617704749107361, "peak_gb": 13.545200128, "loss": 0.033543772995471954, "reconstruction": 0.002422779332846403, "period": 1.5560497045516968, "entropy": 0.0}
{"scene": "R01", "epoch": 5, "epochs": 50, "step": 51, "steps_per_epoch": 912, "elapsed_seconds": 619.248633221956, "gradient_norm": 0.526285707950592, "peak_gb": 13.545200128, "loss": 0.03068501502275467, "reconstruction": 0.0019379917066544294, "period": 1.4373512268066406, "entropy": 0.0}
{"scene": "R01", "epoch": 5, "epochs": 50, "step": 76, "steps_per_epoch": 912, "elapsed_seconds": 623.4213092178106, "gradient_norm": 0.5329035520553589, "peak_gb": 13.545200128, "loss": 0.04581109434366226, "reconstruction": 0.0021146421786397696, "period": 2.1848225593566895, "entropy": 0.0}
{"scene": "R01", "epoch": 5, "epochs": 50, "step": 101, "steps_per_epoch": 912, "elapsed_seconds": 627.6014647500124, "gradient_norm": 0.48338258266448975, "peak_gb": 13.545200128, "loss": 0.034766048192977905, "reconstruction": 0.0030450799968093634, "period": 1.5860486030578613, "entropy": 0.0}
{"scene": "R01", "epoch": 5, "epochs": 50, "step": 126, "steps_per_epoch": 912, "elapsed_seconds": 631.781294115819, "gradient_norm": 0.5133283734321594, "peak_gb": 13.545200128, "loss": 0.04415997862815857, "reconstruction": 0.0036240038461983204, "period": 2.026798725128174, "entropy": 0.0}
{"scene": "R01", "epoch": 5, "epochs": 50, "step": 151, "steps_per_epoch": 912, "elapsed_seconds": 635.9679921788629, "gradient_norm": 0.48244938254356384, "peak_gb": 13.545200128, "loss": 0.0329190231859684, "reconstruction": 0.002831465331837535, "period": 1.5043779611587524, "entropy": 0.0}
{"scene": "R01", "epoch": 5, "epochs": 50, "step": 176, "steps_per_epoch": 912, "elapsed_seconds": 640.151053939946, "gradient_norm": 0.46171635389328003, "peak_gb": 13.545200128, "loss": 0.03254100680351257, "reconstruction": 0.0025100193452090025, "period": 1.501549482345581, "entropy": 0.0}
{"scene": "R01", "epoch": 5, "epochs": 50, "step": 201, "steps_per_epoch": 912, "elapsed_seconds": 644.3321009879, "gradient_norm": 0.49531564116477966, "peak_gb": 13.545200128, "loss": 0.030834883451461792, "reconstruction": 0.0036490659695118666, "period": 1.3592909574508667, "entropy": 0.0}
{"scene": "R01", "epoch": 5, "epochs": 50, "step": 226, "steps_per_epoch": 912, "elapsed_seconds": 648.5203184999991, "gradient_norm": 0.422697514295578, "peak_gb": 13.545200128, "loss": 0.032253120094537735, "reconstruction": 0.002279067412018776, "period": 1.4987026453018188, "entropy": 0.0}
{"scene": "R01", "epoch": 5, "epochs": 50, "step": 251, "steps_per_epoch": 912, "elapsed_seconds": 652.6898936738726, "gradient_norm": 0.38123011589050293, "peak_gb": 13.545200128, "loss": 0.026039225980639458, "reconstruction": 0.00248093344271183, "period": 1.1779146194458008, "entropy": 0.0}
{"scene": "R01", "epoch": 5, "epochs": 50, "step": 276, "steps_per_epoch": 912, "elapsed_seconds": 656.8726984658279, "gradient_norm": 0.28683730959892273, "peak_gb": 13.545200128, "loss": 0.02057388424873352, "reconstruction": 0.002909271977841854, "period": 0.8832306265830994, "entropy": 0.0}
{"scene": "R01", "epoch": 5, "epochs": 50, "step": 301, "steps_per_epoch": 912, "elapsed_seconds": 661.0537595739588, "gradient_norm": 0.4998399317264557, "peak_gb": 13.545200128, "loss": 0.03419118374586105, "reconstruction": 0.0025716684758663177, "period": 1.5809757709503174, "entropy": 0.0}
{"scene": "R01", "epoch": 5, "epochs": 50, "step": 326, "steps_per_epoch": 912, "elapsed_seconds": 665.2387720379047, "gradient_norm": 0.35890817642211914, "peak_gb": 13.545200128, "loss": 0.0202203169465065, "reconstruction": 0.0021778526715934277, "period": 0.902123212814331, "entropy": 0.0}
{"scene": "R01", "epoch": 5, "epochs": 50, "step": 351, "steps_per_epoch": 912, "elapsed_seconds": 669.4186367238872, "gradient_norm": 0.4131834805011749, "peak_gb": 13.545200128, "loss": 0.031546179205179214, "reconstruction": 0.0017876287456601858, "period": 1.4879276752471924, "entropy": 0.0}
{"scene": "R01", "epoch": 5, "epochs": 50, "step": 376, "steps_per_epoch": 912, "elapsed_seconds": 673.5889343488961, "gradient_norm": 0.3919869661331177, "peak_gb": 13.545200128, "loss": 0.03238296136260033, "reconstruction": 0.0027189895045012236, "period": 1.4831985235214233, "entropy": 0.0}
{"scene": "R01", "epoch": 5, "epochs": 50, "step": 401, "steps_per_epoch": 912, "elapsed_seconds": 677.7826817238238, "gradient_norm": 0.4331814646720886, "peak_gb": 13.545200128, "loss": 0.031166015192866325, "reconstruction": 0.0033836474176496267, "period": 1.3891184329986572, "entropy": 0.0}
{"scene": "R01", "epoch": 5, "epochs": 50, "step": 426, "steps_per_epoch": 912, "elapsed_seconds": 681.9727886749897, "gradient_norm": 0.4406281113624573, "peak_gb": 13.545200128, "loss": 0.02738446183502674, "reconstruction": 0.002487745601683855, "period": 1.2448358535766602, "entropy": 0.0}
{"scene": "R01", "epoch": 5, "epochs": 50, "step": 451, "steps_per_epoch": 912, "elapsed_seconds": 686.1509246209171, "gradient_norm": 0.3974180519580841, "peak_gb": 13.545200128, "loss": 0.029404401779174805, "reconstruction": 0.0021189404651522636, "period": 1.3642730712890625, "entropy": 0.0}
{"scene": "R01", "epoch": 5, "epochs": 50, "step": 476, "steps_per_epoch": 912, "elapsed_seconds": 690.330002540024, "gradient_norm": 0.39749592542648315, "peak_gb": 13.545200128, "loss": 0.024126319214701653, "reconstruction": 0.0030649378895759583, "period": 1.0530691146850586, "entropy": 0.0}
{"scene": "R01", "epoch": 5, "epochs": 50, "step": 501, "steps_per_epoch": 912, "elapsed_seconds": 694.5270802089944, "gradient_norm": 0.42451050877571106, "peak_gb": 13.545200128, "loss": 0.027356168255209923, "reconstruction": 0.0020905814599245787, "period": 1.2632794380187988, "entropy": 0.0}
{"scene": "R01", "epoch": 5, "epochs": 50, "step": 526, "steps_per_epoch": 912, "elapsed_seconds": 698.7068807708565, "gradient_norm": 0.5277338624000549, "peak_gb": 13.545200128, "loss": 0.034360405057668686, "reconstruction": 0.0028813916724175215, "period": 1.5739506483078003, "entropy": 0.0}
{"scene": "R01", "epoch": 5, "epochs": 50, "step": 551, "steps_per_epoch": 912, "elapsed_seconds": 702.8735899887979, "gradient_norm": 0.529313862323761, "peak_gb": 13.545200128, "loss": 0.035003095865249634, "reconstruction": 0.0019180318340659142, "period": 1.6542532444000244, "entropy": 0.0}
{"scene": "R01", "epoch": 5, "epochs": 50, "step": 576, "steps_per_epoch": 912, "elapsed_seconds": 707.0518461270258, "gradient_norm": 0.39918315410614014, "peak_gb": 13.545200128, "loss": 0.03056291863322258, "reconstruction": 0.001923133386299014, "period": 1.431989312171936, "entropy": 0.0}
{"scene": "R01", "epoch": 5, "epochs": 50, "step": 601, "steps_per_epoch": 912, "elapsed_seconds": 711.224174072966, "gradient_norm": 0.45455601811408997, "peak_gb": 13.545200128, "loss": 0.03307512402534485, "reconstruction": 0.0027469198685139418, "period": 1.516410231590271, "entropy": 0.0}
{"scene": "R01", "epoch": 5, "epochs": 50, "step": 626, "steps_per_epoch": 912, "elapsed_seconds": 715.3919889898971, "gradient_norm": 0.45235419273376465, "peak_gb": 13.545200128, "loss": 0.026510609313845634, "reconstruction": 0.0018634251318871975, "period": 1.2323591709136963, "entropy": 0.0}
{"scene": "R01", "epoch": 5, "epochs": 50, "step": 651, "steps_per_epoch": 912, "elapsed_seconds": 719.5701914348174, "gradient_norm": 0.42620813846588135, "peak_gb": 13.545200128, "loss": 0.027971740812063217, "reconstruction": 0.0020531299524009228, "period": 1.2959305047988892, "entropy": 0.0}
{"scene": "R01", "epoch": 5, "epochs": 50, "step": 676, "steps_per_epoch": 912, "elapsed_seconds": 723.7528233099729, "gradient_norm": 0.43833625316619873, "peak_gb": 13.545200128, "loss": 0.03796777129173279, "reconstruction": 0.0018167041707783937, "period": 1.8075532913208008, "entropy": 0.0}
{"scene": "R01", "epoch": 5, "epochs": 50, "step": 701, "steps_per_epoch": 912, "elapsed_seconds": 727.924749615835, "gradient_norm": 0.4283616542816162, "peak_gb": 13.545200128, "loss": 0.0247817263007164, "reconstruction": 0.0026695746928453445, "period": 1.1056076288223267, "entropy": 0.0}
{"scene": "R01", "epoch": 5, "epochs": 50, "step": 726, "steps_per_epoch": 912, "elapsed_seconds": 732.1039072219282, "gradient_norm": 0.577918291091919, "peak_gb": 13.545200128, "loss": 0.033926721662282944, "reconstruction": 0.002911760937422514, "period": 1.5507481098175049, "entropy": 0.0}
{"scene": "R01", "epoch": 5, "epochs": 50, "step": 751, "steps_per_epoch": 912, "elapsed_seconds": 736.291450599907, "gradient_norm": 0.5221825838088989, "peak_gb": 13.545200128, "loss": 0.029137825593352318, "reconstruction": 0.0016603786498308182, "period": 1.3738723993301392, "entropy": 0.0}
{"scene": "R01", "epoch": 5, "epochs": 50, "step": 776, "steps_per_epoch": 912, "elapsed_seconds": 740.4776269940194, "gradient_norm": 0.3416520953178406, "peak_gb": 13.545200128, "loss": 0.02150842547416687, "reconstruction": 0.0023387798573821783, "period": 0.9584823250770569, "entropy": 0.0}
{"scene": "R01", "epoch": 5, "epochs": 50, "step": 801, "steps_per_epoch": 912, "elapsed_seconds": 744.6633939950261, "gradient_norm": 0.3502597212791443, "peak_gb": 13.545200128, "loss": 0.023742955178022385, "reconstruction": 0.003329190891236067, "period": 1.0206881761550903, "entropy": 0.0}
{"scene": "R01", "epoch": 5, "epochs": 50, "step": 826, "steps_per_epoch": 912, "elapsed_seconds": 748.8441938678734, "gradient_norm": 0.5101443529129028, "peak_gb": 13.545200128, "loss": 0.03490826487541199, "reconstruction": 0.0023310882970690727, "period": 1.6288588047027588, "entropy": 0.0}
{"scene": "R01", "epoch": 5, "epochs": 50, "step": 851, "steps_per_epoch": 912, "elapsed_seconds": 753.0240956668276, "gradient_norm": 0.45960402488708496, "peak_gb": 13.545200128, "loss": 0.0321829579770565, "reconstruction": 0.0021167253144085407, "period": 1.5033116340637207, "entropy": 0.0}
{"scene": "R01", "epoch": 5, "epochs": 50, "step": 876, "steps_per_epoch": 912, "elapsed_seconds": 757.2075932058506, "gradient_norm": 0.3596361577510834, "peak_gb": 13.545200128, "loss": 0.021114032715559006, "reconstruction": 0.001884756376966834, "period": 0.9614638090133667, "entropy": 0.0}
{"scene": "R01", "epoch": 5, "epochs": 50, "step": 901, "steps_per_epoch": 912, "elapsed_seconds": 761.3836704019923, "gradient_norm": 0.4031013548374176, "peak_gb": 13.545200128, "loss": 0.025074131786823273, "reconstruction": 0.0017572365468367934, "period": 1.1658447980880737, "entropy": 0.0}
{"epoch": 5, "steps": 912, "seconds": 152.60067960689776, "loss": 0.032622261369078046, "reconstruction": 0.0025187160675781534, "period": 1.505177304148674, "entropy": 0.0}
{"scene": "R01", "epoch": 6, "epochs": 50, "step": 1, "steps_per_epoch": 912, "elapsed_seconds": 767.7076274519786, "gradient_norm": 0.4982244372367859, "peak_gb": 13.545200128, "loss": 0.0319671556353569, "reconstruction": 0.002186245284974575, "period": 1.4890456199645996, "entropy": 0.0}
{"scene": "R01", "epoch": 6, "epochs": 50, "step": 26, "steps_per_epoch": 912, "elapsed_seconds": 771.8539328528568, "gradient_norm": 0.4855489134788513, "peak_gb": 13.545200128, "loss": 0.03289889916777611, "reconstruction": 0.002048616297543049, "period": 1.5425140857696533, "entropy": 0.0}
{"scene": "R01", "epoch": 6, "epochs": 50, "step": 51, "steps_per_epoch": 912, "elapsed_seconds": 776.0182915688492, "gradient_norm": 0.4024026691913605, "peak_gb": 13.545200128, "loss": 0.027398565784096718, "reconstruction": 0.0019601513631641865, "period": 1.2719208002090454, "entropy": 0.0}
{"scene": "R01", "epoch": 6, "epochs": 50, "step": 76, "steps_per_epoch": 912, "elapsed_seconds": 780.1915260348469, "gradient_norm": 0.5577216148376465, "peak_gb": 13.545200128, "loss": 0.0300894882529974, "reconstruction": 0.0020859967917203903, "period": 1.400174617767334, "entropy": 0.0}
{"scene": "R01", "epoch": 6, "epochs": 50, "step": 101, "steps_per_epoch": 912, "elapsed_seconds": 784.3561522508971, "gradient_norm": 0.45907095074653625, "peak_gb": 13.545200128, "loss": 0.03212443366646767, "reconstruction": 0.002173191402107477, "period": 1.4975621700286865, "entropy": 0.0}
{"scene": "R01", "epoch": 6, "epochs": 50, "step": 126, "steps_per_epoch": 912, "elapsed_seconds": 788.5245777058881, "gradient_norm": 0.3740130066871643, "peak_gb": 13.545200128, "loss": 0.030672334134578705, "reconstruction": 0.0017589607741683722, "period": 1.4456686973571777, "entropy": 0.0}
{"scene": "R01", "epoch": 6, "epochs": 50, "step": 151, "steps_per_epoch": 912, "elapsed_seconds": 792.6904512529727, "gradient_norm": 0.44110625982284546, "peak_gb": 13.545200128, "loss": 0.030307579785585403, "reconstruction": 0.002803536830469966, "period": 1.3752021789550781, "entropy": 0.0}
{"scene": "R01", "epoch": 6, "epochs": 50, "step": 176, "steps_per_epoch": 912, "elapsed_seconds": 796.8684736259747, "gradient_norm": 0.4511299729347229, "peak_gb": 13.545200128, "loss": 0.03016483411192894, "reconstruction": 0.001886871992610395, "period": 1.4138981103897095, "entropy": 0.0}
{"scene": "R01", "epoch": 6, "epochs": 50, "step": 201, "steps_per_epoch": 912, "elapsed_seconds": 801.041140215937, "gradient_norm": 0.4184087812900543, "peak_gb": 13.545200128, "loss": 0.02791021764278412, "reconstruction": 0.0022429311648011208, "period": 1.2833644151687622, "entropy": 0.0}
{"scene": "R01", "epoch": 6, "epochs": 50, "step": 226, "steps_per_epoch": 912, "elapsed_seconds": 805.2081790999509, "gradient_norm": 0.5384421944618225, "peak_gb": 13.545200128, "loss": 0.029118208214640617, "reconstruction": 0.0019441795302554965, "period": 1.358701467514038, "entropy": 0.0}
{"scene": "R01", "epoch": 6, "epochs": 50, "step": 251, "steps_per_epoch": 912, "elapsed_seconds": 809.3770043258555, "gradient_norm": 0.47223082184791565, "peak_gb": 13.545200128, "loss": 0.02684326469898224, "reconstruction": 0.002191633451730013, "period": 1.232581615447998, "entropy": 0.0}
{"scene": "R01", "epoch": 6, "epochs": 50, "step": 276, "steps_per_epoch": 912, "elapsed_seconds": 813.5579452249222, "gradient_norm": 0.4718678593635559, "peak_gb": 13.545200128, "loss": 0.03039136528968811, "reconstruction": 0.0030438732355833054, "period": 1.3673746585845947, "entropy": 0.0}
{"scene": "R01", "epoch": 6, "epochs": 50, "step": 301, "steps_per_epoch": 912, "elapsed_seconds": 817.7254874468781, "gradient_norm": 0.45697155594825745, "peak_gb": 13.545200128, "loss": 0.03370434418320656, "reconstruction": 0.001842111349105835, "period": 1.5931117534637451, "entropy": 0.0}
{"scene": "R01", "epoch": 6, "epochs": 50, "step": 326, "steps_per_epoch": 912, "elapsed_seconds": 821.8973956638947, "gradient_norm": 0.3889738917350769, "peak_gb": 13.545200128, "loss": 0.02101048454642296, "reconstruction": 0.001779854646883905, "period": 0.9615315794944763, "entropy": 0.0}
{"scene": "R01", "epoch": 6, "epochs": 50, "step": 351, "steps_per_epoch": 912, "elapsed_seconds": 826.0753779169172, "gradient_norm": 0.38953208923339844, "peak_gb": 13.545200128, "loss": 0.021207990124821663, "reconstruction": 0.0019050928531214595, "period": 0.9651448726654053, "entropy": 0.0}
{"scene": "R01", "epoch": 6, "epochs": 50, "step": 376, "steps_per_epoch": 912, "elapsed_seconds": 830.2480604490265, "gradient_norm": 0.472189724445343, "peak_gb": 13.545200128, "loss": 0.027912374585866928, "reconstruction": 0.002694056136533618, "period": 1.260915994644165, "entropy": 0.0}
{"scene": "R01", "epoch": 6, "epochs": 50, "step": 401, "steps_per_epoch": 912, "elapsed_seconds": 834.4332662909292, "gradient_norm": 0.6383010745048523, "peak_gb": 13.545200128, "loss": 0.0423012301325798, "reconstruction": 0.0024794689379632473, "period": 1.9910881519317627, "entropy": 0.0}
{"scene": "R01", "epoch": 6, "epochs": 50, "step": 426, "steps_per_epoch": 912, "elapsed_seconds": 838.6239946708083, "gradient_norm": 0.5668306350708008, "peak_gb": 13.545200128, "loss": 0.03108597919344902, "reconstruction": 0.00200944603420794, "period": 1.453826665878296, "entropy": 0.0}
{"scene": "R01", "epoch": 6, "epochs": 50, "step": 451, "steps_per_epoch": 912, "elapsed_seconds": 842.7977995709516, "gradient_norm": 0.5364388227462769, "peak_gb": 13.545200128, "loss": 0.031201966106891632, "reconstruction": 0.0035400306805968285, "period": 1.3830968141555786, "entropy": 0.0}
{"scene": "R01", "epoch": 6, "epochs": 50, "step": 476, "steps_per_epoch": 912, "elapsed_seconds": 846.9926860819105, "gradient_norm": 0.4585493206977844, "peak_gb": 13.545200128, "loss": 0.028858786448836327, "reconstruction": 0.0022748722694814205, "period": 1.3291957378387451, "entropy": 0.0}
{"scene": "R01", "epoch": 6, "epochs": 50, "step": 501, "steps_per_epoch": 912, "elapsed_seconds": 851.1821748958901, "gradient_norm": 0.44138282537460327, "peak_gb": 13.545200128, "loss": 0.03134462982416153, "reconstruction": 0.0026169251650571823, "period": 1.436385154724121, "entropy": 0.0}
{"scene": "R01", "epoch": 6, "epochs": 50, "step": 526, "steps_per_epoch": 912, "elapsed_seconds": 855.3624614740256, "gradient_norm": 0.5241677165031433, "peak_gb": 13.545200128, "loss": 0.03527380898594856, "reconstruction": 0.001636587898246944, "period": 1.681861162185669, "entropy": 0.0}
{"scene": "R01", "epoch": 6, "epochs": 50, "step": 551, "steps_per_epoch": 912, "elapsed_seconds": 859.5444643788505, "gradient_norm": 0.45871931314468384, "peak_gb": 13.545200128, "loss": 0.026740578934550285, "reconstruction": 0.0031952112913131714, "period": 1.177268385887146, "entropy": 0.0}
{"scene": "R01", "epoch": 6, "epochs": 50, "step": 576, "steps_per_epoch": 912, "elapsed_seconds": 863.7425130689517, "gradient_norm": 0.4938487112522125, "peak_gb": 13.545200128, "loss": 0.03653302788734436, "reconstruction": 0.0022700729314237833, "period": 1.7131478786468506, "entropy": 0.0}
{"scene": "R01", "epoch": 6, "epochs": 50, "step": 601, "steps_per_epoch": 912, "elapsed_seconds": 867.9268424748443, "gradient_norm": 0.39974284172058105, "peak_gb": 13.545200128, "loss": 0.024983135983347893, "reconstruction": 0.001932394108735025, "period": 1.1525371074676514, "entropy": 0.0}
{"scene": "R01", "epoch": 6, "epochs": 50, "step": 626, "steps_per_epoch": 912, "elapsed_seconds": 872.100183352828, "gradient_norm": 0.41191163659095764, "peak_gb": 13.545200128, "loss": 0.022058306261897087, "reconstruction": 0.002154507441446185, "period": 0.9951900243759155, "entropy": 0.0}
{"scene": "R01", "epoch": 6, "epochs": 50, "step": 651, "steps_per_epoch": 912, "elapsed_seconds": 876.292222105898, "gradient_norm": 0.4095112681388855, "peak_gb": 13.545200128, "loss": 0.0240289568901062, "reconstruction": 0.0017627738416194916, "period": 1.1133091449737549, "entropy": 0.0}
{"scene": "R01", "epoch": 6, "epochs": 50, "step": 676, "steps_per_epoch": 912, "elapsed_seconds": 880.4639496309683, "gradient_norm": 0.3760928809642792, "peak_gb": 13.545200128, "loss": 0.022314144298434258, "reconstruction": 0.0022432494442909956, "period": 1.003544807434082, "entropy": 0.0}
{"scene": "R01", "epoch": 6, "epochs": 50, "step": 701, "steps_per_epoch": 912, "elapsed_seconds": 884.6467566669453, "gradient_norm": 0.3846963047981262, "peak_gb": 13.545200128, "loss": 0.0213655736297369, "reconstruction": 0.0019458405440673232, "period": 0.9709867238998413, "entropy": 0.0}
{"scene": "R01", "epoch": 6, "epochs": 50, "step": 726, "steps_per_epoch": 912, "elapsed_seconds": 888.8387168378104, "gradient_norm": 0.4056617319583893, "peak_gb": 13.545200128, "loss": 0.02324647828936577, "reconstruction": 0.0030784248374402523, "period": 1.008402705192566, "entropy": 0.0}
{"scene": "R01", "epoch": 6, "epochs": 50, "step": 751, "steps_per_epoch": 912, "elapsed_seconds": 893.0126579329371, "gradient_norm": 0.4654676020145416, "peak_gb": 13.545200128, "loss": 0.03406647592782974, "reconstruction": 0.0016616698121652007, "period": 1.620240330696106, "entropy": 0.0}
{"scene": "R01", "epoch": 6, "epochs": 50, "step": 776, "steps_per_epoch": 912, "elapsed_seconds": 897.1949706939049, "gradient_norm": 0.4361087679862976, "peak_gb": 13.545200128, "loss": 0.025082862004637718, "reconstruction": 0.0018641601782292128, "period": 1.1609351634979248, "entropy": 0.0}
{"scene": "R01", "epoch": 6, "epochs": 50, "step": 801, "steps_per_epoch": 912, "elapsed_seconds": 901.3783958409913, "gradient_norm": 0.4734156131744385, "peak_gb": 13.545200128, "loss": 0.035013556480407715, "reconstruction": 0.0020654257386922836, "period": 1.6474064588546753, "entropy": 0.0}
{"scene": "R01", "epoch": 6, "epochs": 50, "step": 826, "steps_per_epoch": 912, "elapsed_seconds": 905.5630248088855, "gradient_norm": 0.4171290397644043, "peak_gb": 13.545200128, "loss": 0.023201366886496544, "reconstruction": 0.001704780152067542, "period": 1.074829339981079, "entropy": 0.0}
{"scene": "R01", "epoch": 6, "epochs": 50, "step": 851, "steps_per_epoch": 912, "elapsed_seconds": 909.7577162319794, "gradient_norm": 0.4317185580730438, "peak_gb": 13.545200128, "loss": 0.03354095295071602, "reconstruction": 0.003564979648217559, "period": 1.4987987279891968, "entropy": 0.0}
{"scene": "R01", "epoch": 6, "epochs": 50, "step": 876, "steps_per_epoch": 912, "elapsed_seconds": 913.937158036977, "gradient_norm": 0.4339514672756195, "peak_gb": 13.545200128, "loss": 0.025644801557064056, "reconstruction": 0.002856663428246975, "period": 1.1394069194793701, "entropy": 0.0}
{"scene": "R01", "epoch": 6, "epochs": 50, "step": 901, "steps_per_epoch": 912, "elapsed_seconds": 918.1245597109664, "gradient_norm": 0.5361896753311157, "peak_gb": 13.545200128, "loss": 0.03395513817667961, "reconstruction": 0.0018047656631097198, "period": 1.6075186729431152, "entropy": 0.0}
{"epoch": 6, "steps": 912, "seconds": 152.50943419290707, "loss": 0.028801113405885797, "reconstruction": 0.002270765903966477, "period": 1.3265174085503084, "entropy": 0.0}
{"scene": "R01", "epoch": 7, "epochs": 50, "step": 1, "steps_per_epoch": 912, "elapsed_seconds": 920.2057424928062, "gradient_norm": 0.4403928816318512, "peak_gb": 13.545200128, "loss": 0.02304079569876194, "reconstruction": 0.0023569695185869932, "period": 1.034191370010376, "entropy": 0.0}
{"scene": "R01", "epoch": 7, "epochs": 50, "step": 26, "steps_per_epoch": 912, "elapsed_seconds": 924.3901402950287, "gradient_norm": 0.35648712515830994, "peak_gb": 13.545200128, "loss": 0.01586315967142582, "reconstruction": 0.0016622375696897507, "period": 0.710046112537384, "entropy": 0.0}
{"scene": "R01", "epoch": 7, "epochs": 50, "step": 51, "steps_per_epoch": 912, "elapsed_seconds": 928.5691078728996, "gradient_norm": 0.4368733763694763, "peak_gb": 13.545200128, "loss": 0.030511649325489998, "reconstruction": 0.0028341279830783606, "period": 1.383876085281372, "entropy": 0.0}
{"scene": "R01", "epoch": 7, "epochs": 50, "step": 76, "steps_per_epoch": 912, "elapsed_seconds": 932.7480020949151, "gradient_norm": 0.3766075074672699, "peak_gb": 13.545200128, "loss": 0.020160382613539696, "reconstruction": 0.0021009824704378843, "period": 0.902970016002655, "entropy": 0.0}
{"scene": "R01", "epoch": 7, "epochs": 50, "step": 101, "steps_per_epoch": 912, "elapsed_seconds": 936.9287585229613, "gradient_norm": 0.4650430679321289, "peak_gb": 13.545200128, "loss": 0.03375016525387764, "reconstruction": 0.0016581558156758547, "period": 1.604600429534912, "entropy": 0.0}
{"scene": "R01", "epoch": 7, "epochs": 50, "step": 126, "steps_per_epoch": 912, "elapsed_seconds": 941.0947607008275, "gradient_norm": 0.558516800403595, "peak_gb": 13.545200128, "loss": 0.037733759731054306, "reconstruction": 0.002587278839200735, "period": 1.7573240995407104, "entropy": 0.0}
{"scene": "R01", "epoch": 7, "epochs": 50, "step": 151, "steps_per_epoch": 912, "elapsed_seconds": 945.2634769778233, "gradient_norm": 0.43491438031196594, "peak_gb": 13.545200128, "loss": 0.025794927030801773, "reconstruction": 0.002005015965551138, "period": 1.18949556350708, "entropy": 0.0}
{"scene": "R01", "epoch": 7, "epochs": 50, "step": 176, "steps_per_epoch": 912, "elapsed_seconds": 949.4475605709013, "gradient_norm": 0.3731919229030609, "peak_gb": 13.545200128, "loss": 0.029489750042557716, "reconstruction": 0.0030502944719046354, "period": 1.3219728469848633, "entropy": 0.0}
{"scene": "R01", "epoch": 7, "epochs": 50, "step": 201, "steps_per_epoch": 912, "elapsed_seconds": 953.6329690278508, "gradient_norm": 0.47713032364845276, "peak_gb": 13.545200128, "loss": 0.026811009272933006, "reconstruction": 0.0019219627138227224, "period": 1.2444523572921753, "entropy": 0.0}
{"scene": "R01", "epoch": 7, "epochs": 50, "step": 226, "steps_per_epoch": 912, "elapsed_seconds": 957.8120645459276, "gradient_norm": 0.5065972208976746, "peak_gb": 13.545200128, "loss": 0.03879859298467636, "reconstruction": 0.002321790438145399, "period": 1.8238401412963867, "entropy": 0.0}
{"scene": "R01", "epoch": 7, "epochs": 50, "step": 251, "steps_per_epoch": 912, "elapsed_seconds": 961.9951892469544, "gradient_norm": 0.42703256011009216, "peak_gb": 13.545200128, "loss": 0.0245785154402256, "reconstruction": 0.0021997191943228245, "period": 1.1189398765563965, "entropy": 0.0}
{"scene": "R01", "epoch": 7, "epochs": 50, "step": 276, "steps_per_epoch": 912, "elapsed_seconds": 966.1619967960287, "gradient_norm": 0.4139585793018341, "peak_gb": 13.545200128, "loss": 0.02446799725294113, "reconstruction": 0.0021949249785393476, "period": 1.1136536598205566, "entropy": 0.0}
{"scene": "R01", "epoch": 7, "epochs": 50, "step": 301, "steps_per_epoch": 912, "elapsed_seconds": 970.3283765998203, "gradient_norm": 0.49880412220954895, "peak_gb": 13.545200128, "loss": 0.029522337019443512, "reconstruction": 0.002879108302295208, "period": 1.3321614265441895, "entropy": 0.0}
{"scene": "R01", "epoch": 7, "epochs": 50, "step": 326, "steps_per_epoch": 912, "elapsed_seconds": 974.506024134811, "gradient_norm": 0.2975591719150543, "peak_gb": 13.545200128, "loss": 0.01725595071911812, "reconstruction": 0.0020439918152987957, "period": 0.7605979442596436, "entropy": 0.0}
{"scene": "R01", "epoch": 7, "epochs": 50, "step": 351, "steps_per_epoch": 912, "elapsed_seconds": 978.679130474804, "gradient_norm": 0.4386734664440155, "peak_gb": 13.545200128, "loss": 0.02770943194627762, "reconstruction": 0.0026927879080176353, "period": 1.2508323192596436, "entropy": 0.0}
{"scene": "R01", "epoch": 7, "epochs": 50, "step": 376, "steps_per_epoch": 912, "elapsed_seconds": 982.8454560239334, "gradient_norm": 0.49556607007980347, "peak_gb": 13.545200128, "loss": 0.027472926303744316, "reconstruction": 0.001516507938504219, "period": 1.2978209257125854, "entropy": 0.0}
{"scene": "R01", "epoch": 7, "epochs": 50, "step": 401, "steps_per_epoch": 912, "elapsed_seconds": 987.0291075238492, "gradient_norm": 0.399095356464386, "peak_gb": 13.545200128, "loss": 0.02057250402867794, "reconstruction": 0.0017638357821851969, "period": 0.9404334425926208, "entropy": 0.0}
{"scene": "R01", "epoch": 7, "epochs": 50, "step": 426, "steps_per_epoch": 912, "elapsed_seconds": 991.1956473148894, "gradient_norm": 0.5152077674865723, "peak_gb": 13.545200128, "loss": 0.027322925627231598, "reconstruction": 0.00221120729111135, "period": 1.2555859088897705, "entropy": 0.0}
{"scene": "R01", "epoch": 7, "epochs": 50, "step": 451, "steps_per_epoch": 912, "elapsed_seconds": 995.3786986828782, "gradient_norm": 0.46065881848335266, "peak_gb": 13.545200128, "loss": 0.02969156950712204, "reconstruction": 0.0016516942996531725, "period": 1.401993751525879, "entropy": 0.0}
{"scene": "R01", "epoch": 7, "epochs": 50, "step": 476, "steps_per_epoch": 912, "elapsed_seconds": 999.5620397238526, "gradient_norm": 0.46158865094184875, "peak_gb": 13.545200128, "loss": 0.023917194455862045, "reconstruction": 0.0021144961938261986, "period": 1.0901349782943726, "entropy": 0.0}
{"scene": "R01", "epoch": 7, "epochs": 50, "step": 501, "steps_per_epoch": 912, "elapsed_seconds": 1003.7412618738599, "gradient_norm": 0.518219530582428, "peak_gb": 13.545200128, "loss": 0.027248812839388847, "reconstruction": 0.001988330390304327, "period": 1.263024091720581, "entropy": 0.0}
{"scene": "R01", "epoch": 7, "epochs": 50, "step": 526, "steps_per_epoch": 912, "elapsed_seconds": 1007.9290317150299, "gradient_norm": 0.39587703347206116, "peak_gb": 13.545200128, "loss": 0.022775491699576378, "reconstruction": 0.0023961502593010664, "period": 1.0189671516418457, "entropy": 0.0}
{"scene": "R01", "epoch": 7, "epochs": 50, "step": 551, "steps_per_epoch": 912, "elapsed_seconds": 1012.0972775358241, "gradient_norm": 0.4325679540634155, "peak_gb": 13.545200128, "loss": 0.023743724450469017, "reconstruction": 0.0017363409278914332, "period": 1.1003692150115967, "entropy": 0.0}
{"scene": "R01", "epoch": 7, "epochs": 50, "step": 576, "steps_per_epoch": 912, "elapsed_seconds": 1016.2762219558936, "gradient_norm": 0.3388851583003998, "peak_gb": 13.545200128, "loss": 0.019207201898097992, "reconstruction": 0.0031873411498963833, "period": 0.800993025302887, "entropy": 0.0}
{"scene": "R01", "epoch": 7, "epochs": 50, "step": 601, "steps_per_epoch": 912, "elapsed_seconds": 1020.4465252729133, "gradient_norm": 0.43500834703445435, "peak_gb": 13.545200128, "loss": 0.021085578948259354, "reconstruction": 0.0015141450567170978, "period": 0.9785717129707336, "entropy": 0.0}
{"scene": "R01", "epoch": 7, "epochs": 50, "step": 626, "steps_per_epoch": 912, "elapsed_seconds": 1024.6141329349484, "gradient_norm": 0.37958306074142456, "peak_gb": 13.545200128, "loss": 0.02075578272342682, "reconstruction": 0.0019612875767052174, "period": 0.9397248029708862, "entropy": 0.0}
{"scene": "R01", "epoch": 7, "epochs": 50, "step": 651, "steps_per_epoch": 912, "elapsed_seconds": 1028.779668633826, "gradient_norm": 0.4559706449508667, "peak_gb": 13.545200128, "loss": 0.022841665893793106, "reconstruction": 0.0013870553812012076, "period": 1.072730541229248, "entropy": 0.0}
{"scene": "R01", "epoch": 7, "epochs": 50, "step": 676, "steps_per_epoch": 912, "elapsed_seconds": 1032.9595147778746, "gradient_norm": 0.6268857717514038, "peak_gb": 13.545200128, "loss": 0.03031776286661625, "reconstruction": 0.0016257682582363486, "period": 1.434599757194519, "entropy": 0.0}
{"scene": "R01", "epoch": 7, "epochs": 50, "step": 701, "steps_per_epoch": 912, "elapsed_seconds": 1037.1300099219661, "gradient_norm": 0.524679958820343, "peak_gb": 13.545200128, "loss": 0.03214714303612709, "reconstruction": 0.0019044185755774379, "period": 1.5121362209320068, "entropy": 0.0}
{"scene": "R01", "epoch": 7, "epochs": 50, "step": 726, "steps_per_epoch": 912, "elapsed_seconds": 1041.2966762168799, "gradient_norm": 0.4604560434818268, "peak_gb": 13.545200128, "loss": 0.026359545066952705, "reconstruction": 0.0019568707793951035, "period": 1.2201337814331055, "entropy": 0.0}
{"scene": "R01", "epoch": 7, "epochs": 50, "step": 751, "steps_per_epoch": 912, "elapsed_seconds": 1045.4634796369355, "gradient_norm": 0.5430662631988525, "peak_gb": 13.545200128, "loss": 0.03127013146877289, "reconstruction": 0.002053923439234495, "period": 1.4608105421066284, "entropy": 0.0}
{"scene": "R01", "epoch": 7, "epochs": 50, "step": 776, "steps_per_epoch": 912, "elapsed_seconds": 1049.6305510059465, "gradient_norm": 0.611241340637207, "peak_gb": 13.545200128, "loss": 0.030498161911964417, "reconstruction": 0.0021192901767790318, "period": 1.4189436435699463, "entropy": 0.0}
{"scene": "R01", "epoch": 7, "epochs": 50, "step": 801, "steps_per_epoch": 912, "elapsed_seconds": 1053.7982725838665, "gradient_norm": 0.48627904057502747, "peak_gb": 13.545200128, "loss": 0.025816114619374275, "reconstruction": 0.0018490541260689497, "period": 1.1983530521392822, "entropy": 0.0}
{"scene": "R01", "epoch": 7, "epochs": 50, "step": 826, "steps_per_epoch": 912, "elapsed_seconds": 1057.9630514290184, "gradient_norm": 0.3810155987739563, "peak_gb": 13.545200128, "loss": 0.027023419737815857, "reconstruction": 0.0015306202694773674, "period": 1.2746399641036987, "entropy": 0.0}
{"scene": "R01", "epoch": 7, "epochs": 50, "step": 851, "steps_per_epoch": 912, "elapsed_seconds": 1062.1305461300071, "gradient_norm": 0.5747269988059998, "peak_gb": 13.545200128, "loss": 0.04299477860331535, "reconstruction": 0.0027800737880170345, "period": 2.010735273361206, "entropy": 0.0}
{"scene": "R01", "epoch": 7, "epochs": 50, "step": 876, "steps_per_epoch": 912, "elapsed_seconds": 1066.2971062068827, "gradient_norm": 0.4627580940723419, "peak_gb": 13.545200128, "loss": 0.030448708683252335, "reconstruction": 0.00193376699462533, "period": 1.4257471561431885, "entropy": 0.0}
{"scene": "R01", "epoch": 7, "epochs": 50, "step": 901, "steps_per_epoch": 912, "elapsed_seconds": 1070.4636858450249, "gradient_norm": 0.41878384351730347, "peak_gb": 13.545200128, "loss": 0.026775356382131577, "reconstruction": 0.001847636653110385, "period": 1.2463860511779785, "entropy": 0.0}
{"epoch": 7, "steps": 912, "seconds": 152.33680324908346, "loss": 0.02566492255152154, "reconstruction": 0.00207278269213898, "period": 1.1796070219001227, "entropy": 0.0}
{"scene": "R01", "epoch": 8, "epochs": 50, "step": 1, "steps_per_epoch": 912, "elapsed_seconds": 1072.526373369852, "gradient_norm": 0.40222856402397156, "peak_gb": 13.545200128, "loss": 0.02132231369614601, "reconstruction": 0.002728703198954463, "period": 0.929680585861206, "entropy": 0.0}
{"scene": "R01", "epoch": 8, "epochs": 50, "step": 26, "steps_per_epoch": 912, "elapsed_seconds": 1076.6970174128655, "gradient_norm": 0.38328784704208374, "peak_gb": 13.545200128, "loss": 0.018257785588502884, "reconstruction": 0.001726960064843297, "period": 0.8265412449836731, "entropy": 0.0}
{"scene": "R01", "epoch": 8, "epochs": 50, "step": 51, "steps_per_epoch": 912, "elapsed_seconds": 1080.8810259089805, "gradient_norm": 0.380700021982193, "peak_gb": 13.545200128, "loss": 0.015225942246615887, "reconstruction": 0.0014567708130925894, "period": 0.6884585618972778, "entropy": 0.0}
{"scene": "R01", "epoch": 8, "epochs": 50, "step": 76, "steps_per_epoch": 912, "elapsed_seconds": 1085.06382584502, "gradient_norm": 0.6608309149742126, "peak_gb": 13.545200128, "loss": 0.03780620917677879, "reconstruction": 0.0022170867305248976, "period": 1.7794561386108398, "entropy": 0.0}
{"scene": "R01", "epoch": 8, "epochs": 50, "step": 101, "steps_per_epoch": 912, "elapsed_seconds": 1089.2356563119683, "gradient_norm": 0.34643393754959106, "peak_gb": 13.545200128, "loss": 0.017910577356815338, "reconstruction": 0.0032822508364915848, "period": 0.7314162850379944, "entropy": 0.0}
{"scene": "R01", "epoch": 8, "epochs": 50, "step": 126, "steps_per_epoch": 912, "elapsed_seconds": 1093.4231906950008, "gradient_norm": 0.46727949380874634, "peak_gb": 13.545200128, "loss": 0.02294926531612873, "reconstruction": 0.0014976788079366088, "period": 1.0725793838500977, "entropy": 0.0}
{"scene": "R01", "epoch": 8, "epochs": 50, "step": 151, "steps_per_epoch": 912, "elapsed_seconds": 1097.611676440807, "gradient_norm": 0.31837743520736694, "peak_gb": 13.545200128, "loss": 0.015097616240382195, "reconstruction": 0.00208418071269989, "period": 0.6506717801094055, "entropy": 0.0}
{"scene": "R01", "epoch": 8, "epochs": 50, "step": 176, "steps_per_epoch": 912, "elapsed_seconds": 1101.798588879872, "gradient_norm": 0.4898465871810913, "peak_gb": 13.545200128, "loss": 0.025053275749087334, "reconstruction": 0.002127659972757101, "period": 1.1462807655334473, "entropy": 0.0}
{"scene": "R01", "epoch": 8, "epochs": 50, "step": 201, "steps_per_epoch": 912, "elapsed_seconds": 1105.9816726068966, "gradient_norm": 0.5130724310874939, "peak_gb": 13.545200128, "loss": 0.02767762541770935, "reconstruction": 0.0013879919424653053, "period": 1.3144817352294922, "entropy": 0.0}
{"scene": "R01", "epoch": 8, "epochs": 50, "step": 226, "steps_per_epoch": 912, "elapsed_seconds": 1110.1656457199715, "gradient_norm": 0.5008645057678223, "peak_gb": 13.545200128, "loss": 0.02956770919263363, "reconstruction": 0.0019384444458410144, "period": 1.3814632892608643, "entropy": 0.0}
{"scene": "R01", "epoch": 8, "epochs": 50, "step": 251, "steps_per_epoch": 912, "elapsed_seconds": 1114.3502319399267, "gradient_norm": 0.4584850072860718, "peak_gb": 13.545200128, "loss": 0.02568480744957924, "reconstruction": 0.0013336401898413897, "period": 1.2175583839416504, "entropy": 0.0}
{"scene": "R01", "epoch": 8, "epochs": 50, "step": 276, "steps_per_epoch": 912, "elapsed_seconds": 1118.5327838850208, "gradient_norm": 0.4927208721637726, "peak_gb": 13.545200128, "loss": 0.02621164359152317, "reconstruction": 0.0021409899927675724, "period": 1.2035326957702637, "entropy": 0.0}
{"scene": "R01", "epoch": 8, "epochs": 50, "step": 301, "steps_per_epoch": 912, "elapsed_seconds": 1122.7115810459945, "gradient_norm": 0.3340608477592468, "peak_gb": 13.545200128, "loss": 0.018609151244163513, "reconstruction": 0.002616455312818289, "period": 0.7996348142623901, "entropy": 0.0}
{"scene": "R01", "epoch": 8, "epochs": 50, "step": 326, "steps_per_epoch": 912, "elapsed_seconds": 1126.8819988199975, "gradient_norm": 0.35544896125793457, "peak_gb": 13.545200128, "loss": 0.01904485933482647, "reconstruction": 0.002686925698071718, "period": 0.8178967237472534, "entropy": 0.0}
{"scene": "R01", "epoch": 8, "epochs": 50, "step": 351, "steps_per_epoch": 912, "elapsed_seconds": 1131.048270964995, "gradient_norm": 0.4035894274711609, "peak_gb": 13.545200128, "loss": 0.02743377722799778, "reconstruction": 0.0020207397174090147, "period": 1.270651936531067, "entropy": 0.0}
{"scene": "R01", "epoch": 8, "epochs": 50, "step": 376, "steps_per_epoch": 912, "elapsed_seconds": 1135.2156786278356, "gradient_norm": 0.5552262663841248, "peak_gb": 13.545200128, "loss": 0.026735998690128326, "reconstruction": 0.0026251606177538633, "period": 1.205541968345642, "entropy": 0.0}
{"scene": "R01", "epoch": 8, "epochs": 50, "step": 401, "steps_per_epoch": 912, "elapsed_seconds": 1139.3832529059146, "gradient_norm": 0.34281834959983826, "peak_gb": 13.545200128, "loss": 0.022970883175730705, "reconstruction": 0.0016022938070818782, "period": 1.0684294700622559, "entropy": 0.0}
{"scene": "R01", "epoch": 8, "epochs": 50, "step": 426, "steps_per_epoch": 912, "elapsed_seconds": 1143.5620696428232, "gradient_norm": 0.38149404525756836, "peak_gb": 13.545200128, "loss": 0.01698906347155571, "reconstruction": 0.0021820764522999525, "period": 0.7403494119644165, "entropy": 0.0}
{"scene": "R01", "epoch": 8, "epochs": 50, "step": 451, "steps_per_epoch": 912, "elapsed_seconds": 1147.7318666758947, "gradient_norm": 0.5027409791946411, "peak_gb": 13.545200128, "loss": 0.022003361955285072, "reconstruction": 0.0025449288077652454, "period": 0.9729217290878296, "entropy": 0.0}
{"scene": "R01", "epoch": 8, "epochs": 50, "step": 476, "steps_per_epoch": 912, "elapsed_seconds": 1151.903437498957, "gradient_norm": 0.2839660048484802, "peak_gb": 13.545200128, "loss": 0.016828885301947594, "reconstruction": 0.0016416320577263832, "period": 0.7593626976013184, "entropy": 0.0}
{"scene": "R01", "epoch": 8, "epochs": 50, "step": 501, "steps_per_epoch": 912, "elapsed_seconds": 1156.082467739936, "gradient_norm": 0.49124935269355774, "peak_gb": 13.545200128, "loss": 0.03880853205919266, "reconstruction": 0.0023239057045429945, "period": 1.8242313861846924, "entropy": 0.0}
{"scene": "R01", "epoch": 8, "epochs": 50, "step": 526, "steps_per_epoch": 912, "elapsed_seconds": 1160.2693495368585, "gradient_norm": 0.489923894405365, "peak_gb": 13.545200128, "loss": 0.027328018099069595, "reconstruction": 0.0017084216233342886, "period": 1.280979871749878, "entropy": 0.0}
{"scene": "R01", "epoch": 8, "epochs": 50, "step": 551, "steps_per_epoch": 912, "elapsed_seconds": 1164.4495492298156, "gradient_norm": 0.49770304560661316, "peak_gb": 13.545200128, "loss": 0.024596618488430977, "reconstruction": 0.0012822746066376567, "period": 1.1657172441482544, "entropy": 0.0}
{"scene": "R01", "epoch": 8, "epochs": 50, "step": 576, "steps_per_epoch": 912, "elapsed_seconds": 1168.6300654399674, "gradient_norm": 0.45575839281082153, "peak_gb": 13.545200128, "loss": 0.027491319924592972, "reconstruction": 0.0016779571305960417, "period": 1.290668249130249, "entropy": 0.0}
{"scene": "R01", "epoch": 8, "epochs": 50, "step": 601, "steps_per_epoch": 912, "elapsed_seconds": 1172.8143059788272, "gradient_norm": 0.4466160237789154, "peak_gb": 13.545200128, "loss": 0.01883259043097496, "reconstruction": 0.0015950882807374, "period": 0.8618751764297485, "entropy": 0.0}
{"scene": "R01", "epoch": 8, "epochs": 50, "step": 626, "steps_per_epoch": 912, "elapsed_seconds": 1176.9996538599953, "gradient_norm": 0.5430660247802734, "peak_gb": 13.545200128, "loss": 0.03387729451060295, "reconstruction": 0.0014683775370940566, "period": 1.6204458475112915, "entropy": 0.0}
{"scene": "R01", "epoch": 8, "epochs": 50, "step": 651, "steps_per_epoch": 912, "elapsed_seconds": 1181.1769340788014, "gradient_norm": 0.3847466707229614, "peak_gb": 13.545200128, "loss": 0.01988046057522297, "reconstruction": 0.0015093714464455843, "period": 0.918554425239563, "entropy": 0.0}
{"scene": "R01", "epoch": 8, "epochs": 50, "step": 676, "steps_per_epoch": 912, "elapsed_seconds": 1185.358580766013, "gradient_norm": 0.541083037853241, "peak_gb": 13.545200128, "loss": 0.03160019591450691, "reconstruction": 0.0013900658814236522, "period": 1.5105066299438477, "entropy": 0.0}
{"scene": "R01", "epoch": 8, "epochs": 50, "step": 701, "steps_per_epoch": 912, "elapsed_seconds": 1189.5333968580235, "gradient_norm": 0.3456462025642395, "peak_gb": 13.545200128, "loss": 0.018003663048148155, "reconstruction": 0.0023586880415678024, "period": 0.7822487354278564, "entropy": 0.0}
{"scene": "R01", "epoch": 8, "epochs": 50, "step": 726, "steps_per_epoch": 912, "elapsed_seconds": 1193.6995208708104, "gradient_norm": 0.36533206701278687, "peak_gb": 13.545200128, "loss": 0.022295987233519554, "reconstruction": 0.0015306726563721895, "period": 1.0382657051086426, "entropy": 0.0}
{"scene": "R01", "epoch": 8, "epochs": 50, "step": 751, "steps_per_epoch": 912, "elapsed_seconds": 1197.8767613728996, "gradient_norm": 0.3734734058380127, "peak_gb": 13.545200128, "loss": 0.013208925724029541, "reconstruction": 0.0019785379990935326, "period": 0.5615193843841553, "entropy": 0.0}
{"scene": "R01", "epoch": 8, "epochs": 50, "step": 776, "steps_per_epoch": 912, "elapsed_seconds": 1202.0508799899835, "gradient_norm": 0.26001960039138794, "peak_gb": 13.545200128, "loss": 0.011340823024511337, "reconstruction": 0.0029084589332342148, "period": 0.4216182231903076, "entropy": 0.0}
{"scene": "R01", "epoch": 8, "epochs": 50, "step": 801, "steps_per_epoch": 912, "elapsed_seconds": 1206.2279505999759, "gradient_norm": 0.3111944794654846, "peak_gb": 13.545200128, "loss": 0.015810010954737663, "reconstruction": 0.001751284464262426, "period": 0.7029363512992859, "entropy": 0.0}
{"scene": "R01", "epoch": 8, "epochs": 50, "step": 826, "steps_per_epoch": 912, "elapsed_seconds": 1210.4011127848644, "gradient_norm": 0.4192352294921875, "peak_gb": 13.545200128, "loss": 0.022594060748815536, "reconstruction": 0.002041890285909176, "period": 1.0276085138320923, "entropy": 0.0}
{"scene": "R01", "epoch": 8, "epochs": 50, "step": 851, "steps_per_epoch": 912, "elapsed_seconds": 1214.5939706529025, "gradient_norm": 0.4566699266433716, "peak_gb": 13.545200128, "loss": 0.02636515535414219, "reconstruction": 0.0014968964969739318, "period": 1.243412971496582, "entropy": 0.0}
{"scene": "R01", "epoch": 8, "epochs": 50, "step": 876, "steps_per_epoch": 912, "elapsed_seconds": 1218.7809784219135, "gradient_norm": 0.3535154461860657, "peak_gb": 13.545200128, "loss": 0.020875677466392517, "reconstruction": 0.0014582639560103416, "period": 0.9708707332611084, "entropy": 0.0}
{"scene": "R01", "epoch": 8, "epochs": 50, "step": 901, "steps_per_epoch": 912, "elapsed_seconds": 1222.9540706288535, "gradient_norm": 0.27986812591552734, "peak_gb": 13.545200128, "loss": 0.01296934299170971, "reconstruction": 0.0020520538091659546, "period": 0.545864462852478, "entropy": 0.0}
{"epoch": 8, "steps": 912, "seconds": 152.49599976907484, "loss": 0.023347690500310835, "reconstruction": 0.001957808801339604, "period": 1.069494110417732, "entropy": 0.0}
{"scene": "R01", "epoch": 9, "epochs": 50, "step": 1, "steps_per_epoch": 912, "elapsed_seconds": 1225.033075231826, "gradient_norm": 0.48285046219825745, "peak_gb": 13.545200128, "loss": 0.022175000980496407, "reconstruction": 0.0027973284013569355, "period": 0.9688836336135864, "entropy": 0.0}
{"scene": "R01", "epoch": 9, "epochs": 50, "step": 26, "steps_per_epoch": 912, "elapsed_seconds": 1229.211346122902, "gradient_norm": 0.4933110177516937, "peak_gb": 13.545200128, "loss": 0.027060382068157196, "reconstruction": 0.001828935812227428, "period": 1.2615723609924316, "entropy": 0.0}
{"scene": "R01", "epoch": 9, "epochs": 50, "step": 51, "steps_per_epoch": 912, "elapsed_seconds": 1233.390544408001, "gradient_norm": 0.4889295697212219, "peak_gb": 13.545200128, "loss": 0.03289632871747017, "reconstruction": 0.0025308807380497456, "period": 1.5182723999023438, "entropy": 0.0}
{"scene": "R01", "epoch": 9, "epochs": 50, "step": 76, "steps_per_epoch": 912, "elapsed_seconds": 1237.578084107954, "gradient_norm": 0.48447948694229126, "peak_gb": 13.545200128, "loss": 0.02232123352587223, "reconstruction": 0.001513205235823989, "period": 1.0404014587402344, "entropy": 0.0}
{"scene": "R01", "epoch": 9, "epochs": 50, "step": 101, "steps_per_epoch": 912, "elapsed_seconds": 1241.7626502998173, "gradient_norm": 0.5220227241516113, "peak_gb": 13.545200128, "loss": 0.030559711158275604, "reconstruction": 0.0016454216092824936, "period": 1.4457144737243652, "entropy": 0.0}
{"scene": "R01", "epoch": 9, "epochs": 50, "step": 126, "steps_per_epoch": 912, "elapsed_seconds": 1245.9358673298266, "gradient_norm": 0.4937441945075989, "peak_gb": 13.545200128, "loss": 0.023512549698352814, "reconstruction": 0.0012959351297467947, "period": 1.1108307838439941, "entropy": 0.0}
{"scene": "R01", "epoch": 9, "epochs": 50, "step": 151, "steps_per_epoch": 912, "elapsed_seconds": 1250.1184414590243, "gradient_norm": 0.4251529276371002, "peak_gb": 13.545200128, "loss": 0.032608963549137115, "reconstruction": 0.002024090616032481, "period": 1.5292437076568604, "entropy": 0.0}
{"scene": "R01", "epoch": 9, "epochs": 50, "step": 176, "steps_per_epoch": 912, "elapsed_seconds": 1254.3007983348798, "gradient_norm": 0.34994441270828247, "peak_gb": 13.545200128, "loss": 0.020090172067284584, "reconstruction": 0.0020858109928667545, "period": 0.9002180695533752, "entropy": 0.0}
{"scene": "R01", "epoch": 9, "epochs": 50, "step": 201, "steps_per_epoch": 912, "elapsed_seconds": 1258.4672321309336, "gradient_norm": 0.3246954083442688, "peak_gb": 13.545200128, "loss": 0.019285572692751884, "reconstruction": 0.002694143680855632, "period": 0.8295714855194092, "entropy": 0.0}
{"scene": "R01", "epoch": 9, "epochs": 50, "step": 226, "steps_per_epoch": 912, "elapsed_seconds": 1262.634475267958, "gradient_norm": 0.38073059916496277, "peak_gb": 13.545200128, "loss": 0.01612294465303421, "reconstruction": 0.0012906680349260569, "period": 0.7416138648986816, "entropy": 0.0}
{"scene": "R01", "epoch": 9, "epochs": 50, "step": 251, "steps_per_epoch": 912, "elapsed_seconds": 1266.8155605718493, "gradient_norm": 0.44528329372406006, "peak_gb": 13.545200128, "loss": 0.021970489993691444, "reconstruction": 0.00229034386575222, "period": 0.9840073585510254, "entropy": 0.0}
{"scene": "R01", "epoch": 9, "epochs": 50, "step": 276, "steps_per_epoch": 912, "elapsed_seconds": 1270.9843768719584, "gradient_norm": 0.5956131815910339, "peak_gb": 13.545200128, "loss": 0.03019554167985916, "reconstruction": 0.0017063312698155642, "period": 1.424460530281067, "entropy": 0.0}
{"scene": "R01", "epoch": 9, "epochs": 50, "step": 301, "steps_per_epoch": 912, "elapsed_seconds": 1275.1507045950275, "gradient_norm": 0.5739898681640625, "peak_gb": 13.545200128, "loss": 0.03119511343538761, "reconstruction": 0.0015828832983970642, "period": 1.4806115627288818, "entropy": 0.0}
{"scene": "R01", "epoch": 9, "epochs": 50, "step": 326, "steps_per_epoch": 912, "elapsed_seconds": 1279.3182586729527, "gradient_norm": 0.3950556218624115, "peak_gb": 13.545200128, "loss": 0.021401003003120422, "reconstruction": 0.0026994654908776283, "period": 0.9350768327713013, "entropy": 0.0}
{"scene": "R01", "epoch": 9, "epochs": 50, "step": 351, "steps_per_epoch": 912, "elapsed_seconds": 1283.4897595949005, "gradient_norm": 0.42054682970046997, "peak_gb": 13.545200128, "loss": 0.023721303790807724, "reconstruction": 0.001989153213799, "period": 1.086607575416565, "entropy": 0.0}
{"scene": "R01", "epoch": 9, "epochs": 50, "step": 376, "steps_per_epoch": 912, "elapsed_seconds": 1287.6683664668817, "gradient_norm": 0.5439482927322388, "peak_gb": 13.545200128, "loss": 0.02336476929485798, "reconstruction": 0.0014248527586460114, "period": 1.0969958305358887, "entropy": 0.0}
{"scene": "R01", "epoch": 9, "epochs": 50, "step": 401, "steps_per_epoch": 912, "elapsed_seconds": 1291.8353145618457, "gradient_norm": 0.4306289851665497, "peak_gb": 13.545200128, "loss": 0.020769597962498665, "reconstruction": 0.0017940144753083587, "period": 0.9487792253494263, "entropy": 0.0}
{"scene": "R01", "epoch": 9, "epochs": 50, "step": 426, "steps_per_epoch": 912, "elapsed_seconds": 1296.0180605750065, "gradient_norm": 0.4021117389202118, "peak_gb": 13.545200128, "loss": 0.020016144961118698, "reconstruction": 0.002299080602824688, "period": 0.8858532905578613, "entropy": 0.0}
{"scene": "R01", "epoch": 9, "epochs": 50, "step": 451, "steps_per_epoch": 912, "elapsed_seconds": 1300.1847292869352, "gradient_norm": 0.42215967178344727, "peak_gb": 13.545200128, "loss": 0.017350168898701668, "reconstruction": 0.0012903081951662898, "period": 0.8029930591583252, "entropy": 0.0}
{"scene": "R01", "epoch": 9, "epochs": 50, "step": 476, "steps_per_epoch": 912, "elapsed_seconds": 1304.3514098359738, "gradient_norm": 0.45005881786346436, "peak_gb": 13.545200128, "loss": 0.025966132059693336, "reconstruction": 0.0021291582379490137, "period": 1.1918487548828125, "entropy": 0.0}
{"scene": "R01", "epoch": 9, "epochs": 50, "step": 501, "steps_per_epoch": 912, "elapsed_seconds": 1308.518762765918, "gradient_norm": 0.3139859735965729, "peak_gb": 13.545200128, "loss": 0.015543329529464245, "reconstruction": 0.0014296936569735408, "period": 0.7056818008422852, "entropy": 0.0}
{"scene": "R01", "epoch": 9, "epochs": 50, "step": 526, "steps_per_epoch": 912, "elapsed_seconds": 1312.6852419758216, "gradient_norm": 0.3932093381881714, "peak_gb": 13.545200128, "loss": 0.014422633685171604, "reconstruction": 0.0014596728142350912, "period": 0.6481480598449707, "entropy": 0.0}
{"scene": "R01", "epoch": 9, "epochs": 50, "step": 551, "steps_per_epoch": 912, "elapsed_seconds": 1316.8529383030254, "gradient_norm": 0.3409893214702606, "peak_gb": 13.545200128, "loss": 0.021054308861494064, "reconstruction": 0.0020463455002754927, "period": 0.9503982663154602, "entropy": 0.0}
{"scene": "R01", "epoch": 9, "epochs": 50, "step": 576, "steps_per_epoch": 912, "elapsed_seconds": 1321.048012971878, "gradient_norm": 0.3725391924381256, "peak_gb": 13.545200128, "loss": 0.01737944968044758, "reconstruction": 0.0013902951031923294, "period": 0.7994577884674072, "entropy": 0.0}
{"scene": "R01", "epoch": 9, "epochs": 50, "step": 601, "steps_per_epoch": 912, "elapsed_seconds": 1325.2196387029253, "gradient_norm": 0.424469530582428, "peak_gb": 13.545200128, "loss": 0.024797236546874046, "reconstruction": 0.002004502573981881, "period": 1.139636754989624, "entropy": 0.0}
{"scene": "R01", "epoch": 9, "epochs": 50, "step": 626, "steps_per_epoch": 912, "elapsed_seconds": 1329.3865099919494, "gradient_norm": 0.459168404340744, "peak_gb": 13.545200128, "loss": 0.023910459131002426, "reconstruction": 0.0012317831860855222, "period": 1.1339337825775146, "entropy": 0.0}
{"scene": "R01", "epoch": 9, "epochs": 50, "step": 651, "steps_per_epoch": 912, "elapsed_seconds": 1333.5700244279578, "gradient_norm": 0.45956215262413025, "peak_gb": 13.545200128, "loss": 0.02327253669500351, "reconstruction": 0.001463372609578073, "period": 1.0904582738876343, "entropy": 0.0}
{"scene": "R01", "epoch": 9, "epochs": 50, "step": 676, "steps_per_epoch": 912, "elapsed_seconds": 1337.7391582739074, "gradient_norm": 0.41346079111099243, "peak_gb": 13.545200128, "loss": 0.016905302181839943, "reconstruction": 0.0016668695025146008, "period": 0.7619216442108154, "entropy": 0.0}
{"scene": "R01", "epoch": 9, "epochs": 50, "step": 701, "steps_per_epoch": 912, "elapsed_seconds": 1341.9192407708615, "gradient_norm": 0.4761461019515991, "peak_gb": 13.545200128, "loss": 0.021004965528845787, "reconstruction": 0.001658265246078372, "period": 0.9673351049423218, "entropy": 0.0}
{"scene": "R01", "epoch": 9, "epochs": 50, "step": 726, "steps_per_epoch": 912, "elapsed_seconds": 1346.086110714823, "gradient_norm": 0.4145347774028778, "peak_gb": 13.545200128, "loss": 0.017734883353114128, "reconstruction": 0.0015079991426318884, "period": 0.8113442063331604, "entropy": 0.0}
{"scene": "R01", "epoch": 9, "epochs": 50, "step": 751, "steps_per_epoch": 912, "elapsed_seconds": 1350.2530542719178, "gradient_norm": 0.37251579761505127, "peak_gb": 13.545200128, "loss": 0.017548637464642525, "reconstruction": 0.001270159031264484, "period": 0.8139240145683289, "entropy": 0.0}
{"scene": "R01", "epoch": 9, "epochs": 50, "step": 776, "steps_per_epoch": 912, "elapsed_seconds": 1354.4315555149224, "gradient_norm": 0.4504695236682892, "peak_gb": 13.545200128, "loss": 0.01893097162246704, "reconstruction": 0.0017662374302744865, "period": 0.8582367897033691, "entropy": 0.0}
{"scene": "R01", "epoch": 9, "epochs": 50, "step": 801, "steps_per_epoch": 912, "elapsed_seconds": 1358.6098721248563, "gradient_norm": 0.5222065448760986, "peak_gb": 13.545200128, "loss": 0.0191188957542181, "reconstruction": 0.0013930283021181822, "period": 0.8862934708595276, "entropy": 0.0}
{"scene": "R01", "epoch": 9, "epochs": 50, "step": 826, "steps_per_epoch": 912, "elapsed_seconds": 1362.7860516370274, "gradient_norm": 0.45430389046669006, "peak_gb": 13.545200128, "loss": 0.018910862505435944, "reconstruction": 0.0014513134956359863, "period": 0.8729774355888367, "entropy": 0.0}
{"scene": "R01", "epoch": 9, "epochs": 50, "step": 851, "steps_per_epoch": 912, "elapsed_seconds": 1366.953229239909, "gradient_norm": 0.36719048023223877, "peak_gb": 13.545200128, "loss": 0.016106650233268738, "reconstruction": 0.0014501516707241535, "period": 0.7328249216079712, "entropy": 0.0}
{"scene": "R01", "epoch": 9, "epochs": 50, "step": 876, "steps_per_epoch": 912, "elapsed_seconds": 1371.1208516038023, "gradient_norm": 0.41534149646759033, "peak_gb": 13.545200128, "loss": 0.018002362921833992, "reconstruction": 0.0015938598662614822, "period": 0.8204251527786255, "entropy": 0.0}
{"scene": "R01", "epoch": 9, "epochs": 50, "step": 901, "steps_per_epoch": 912, "elapsed_seconds": 1375.2862624798436, "gradient_norm": 0.43473508954048157, "peak_gb": 13.545200128, "loss": 0.021083587780594826, "reconstruction": 0.002024143934249878, "period": 0.9529722332954407, "entropy": 0.0}
{"epoch": 9, "steps": 912, "seconds": 152.32578608603217, "loss": 0.021567783639112718, "reconstruction": 0.0018356749473911662, "period": 0.9866054603797302, "entropy": 0.0}
{"scene": "R01", "epoch": 10, "epochs": 50, "step": 1, "steps_per_epoch": 912, "elapsed_seconds": 1377.3435073129367, "gradient_norm": 0.3476269245147705, "peak_gb": 13.545200128, "loss": 0.013968247920274734, "reconstruction": 0.0020860168151557446, "period": 0.5941115617752075, "entropy": 0.0}
{"scene": "R01", "epoch": 10, "epochs": 50, "step": 26, "steps_per_epoch": 912, "elapsed_seconds": 1381.520716954954, "gradient_norm": 0.3411216735839844, "peak_gb": 13.545200128, "loss": 0.01727832481265068, "reconstruction": 0.0012973521370440722, "period": 0.7990486025810242, "entropy": 0.0}
{"scene": "R01", "epoch": 10, "epochs": 50, "step": 51, "steps_per_epoch": 912, "elapsed_seconds": 1385.686448056018, "gradient_norm": 0.40346017479896545, "peak_gb": 13.545200128, "loss": 0.017932727932929993, "reconstruction": 0.0018176843877881765, "period": 0.805752158164978, "entropy": 0.0}
{"scene": "R01", "epoch": 10, "epochs": 50, "step": 76, "steps_per_epoch": 912, "elapsed_seconds": 1389.8634035659488, "gradient_norm": 0.3066713213920593, "peak_gb": 13.545200128, "loss": 0.012071148492395878, "reconstruction": 0.0013426693622022867, "period": 0.5364239811897278, "entropy": 0.0}
{"scene": "R01", "epoch": 10, "epochs": 50, "step": 101, "steps_per_epoch": 912, "elapsed_seconds": 1394.0362388638314, "gradient_norm": 0.2882223427295685, "peak_gb": 13.545200128, "loss": 0.015031048096716404, "reconstruction": 0.0014581297291442752, "period": 0.67864590883255, "entropy": 0.0}
{"scene": "R01", "epoch": 10, "epochs": 50, "step": 126, "steps_per_epoch": 912, "elapsed_seconds": 1398.2040286189876, "gradient_norm": 0.43771490454673767, "peak_gb": 13.545200128, "loss": 0.01932697743177414, "reconstruction": 0.001753697986714542, "period": 0.8786640167236328, "entropy": 0.0}
{"scene": "R01", "epoch": 10, "epochs": 50, "step": 151, "steps_per_epoch": 912, "elapsed_seconds": 1402.3712929179892, "gradient_norm": 0.40532416105270386, "peak_gb": 13.545200128, "loss": 0.021384133026003838, "reconstruction": 0.0014954372309148312, "period": 0.9944347739219666, "entropy": 0.0}
{"scene": "R01", "epoch": 10, "epochs": 50, "step": 176, "steps_per_epoch": 912, "elapsed_seconds": 1406.537654649932, "gradient_norm": 0.5008829832077026, "peak_gb": 13.545200128, "loss": 0.03143302723765373, "reconstruction": 0.0014788368716835976, "period": 1.4977095127105713, "entropy": 0.0}
{"scene": "R01", "epoch": 10, "epochs": 50, "step": 201, "steps_per_epoch": 912, "elapsed_seconds": 1410.7040396688972, "gradient_norm": 0.32096317410469055, "peak_gb": 13.545200128, "loss": 0.014883137308061123, "reconstruction": 0.0015367780579254031, "period": 0.6673179864883423, "entropy": 0.0}
{"scene": "R01", "epoch": 10, "epochs": 50, "step": 226, "steps_per_epoch": 912, "elapsed_seconds": 1414.8876835138071, "gradient_norm": 0.3115523159503937, "peak_gb": 13.545200128, "loss": 0.017617207020521164, "reconstruction": 0.0014965753071010113, "period": 0.8060315847396851, "entropy": 0.0}
{"scene": "R01", "epoch": 10, "epochs": 50, "step": 251, "steps_per_epoch": 912, "elapsed_seconds": 1419.071137343999, "gradient_norm": 0.44356948137283325, "peak_gb": 13.545200128, "loss": 0.019304189831018448, "reconstruction": 0.0019043413922190666, "period": 0.8699923753738403, "entropy": 0.0}
{"scene": "R01", "epoch": 10, "epochs": 50, "step": 276, "steps_per_epoch": 912, "elapsed_seconds": 1423.2489277669229, "gradient_norm": 0.4041861295700073, "peak_gb": 13.545200128, "loss": 0.01952495612204075, "reconstruction": 0.002119040349498391, "period": 0.8702958226203918, "entropy": 0.0}
{"scene": "R01", "epoch": 10, "epochs": 50, "step": 301, "steps_per_epoch": 912, "elapsed_seconds": 1427.4277477699798, "gradient_norm": 0.35438570380210876, "peak_gb": 13.545200128, "loss": 0.017133884131908417, "reconstruction": 0.0020186137408018112, "period": 0.7557635307312012, "entropy": 0.0}
{"scene": "R01", "epoch": 10, "epochs": 50, "step": 326, "steps_per_epoch": 912, "elapsed_seconds": 1431.6041044488084, "gradient_norm": 0.3770467936992645, "peak_gb": 13.545200128, "loss": 0.018189679831266403, "reconstruction": 0.0018139814492315054, "period": 0.8187848925590515, "entropy": 0.0}
{"scene": "R01", "epoch": 10, "epochs": 50, "step": 351, "steps_per_epoch": 912, "elapsed_seconds": 1435.7714042540174, "gradient_norm": 0.4956347942352295, "peak_gb": 13.545200128, "loss": 0.02174575813114643, "reconstruction": 0.0016637578373774886, "period": 1.0041000843048096, "entropy": 0.0}
{"scene": "R01", "epoch": 10, "epochs": 50, "step": 376, "steps_per_epoch": 912, "elapsed_seconds": 1439.9379225790035, "gradient_norm": 0.4137706756591797, "peak_gb": 13.545200128, "loss": 0.017953922972083092, "reconstruction": 0.0016068354016169906, "period": 0.8173544406890869, "entropy": 0.0}
{"scene": "R01", "epoch": 10, "epochs": 50, "step": 401, "steps_per_epoch": 912, "elapsed_seconds": 1444.1213169398252, "gradient_norm": 0.3523954749107361, "peak_gb": 13.545200128, "loss": 0.01661006361246109, "reconstruction": 0.0020463643595576286, "period": 0.7281849980354309, "entropy": 0.0}
{"scene": "R01", "epoch": 10, "epochs": 50, "step": 426, "steps_per_epoch": 912, "elapsed_seconds": 1448.292618331965, "gradient_norm": 0.44306349754333496, "peak_gb": 13.545200128, "loss": 0.023187682032585144, "reconstruction": 0.0018196528544649482, "period": 1.0684014558792114, "entropy": 0.0}
{"scene": "R01", "epoch": 10, "epochs": 50, "step": 451, "steps_per_epoch": 912, "elapsed_seconds": 1452.4733197868336, "gradient_norm": 0.3361838459968567, "peak_gb": 13.545200128, "loss": 0.015472928993403912, "reconstruction": 0.002245780313387513, "period": 0.6613574624061584, "entropy": 0.0}
{"scene": "R01", "epoch": 10, "epochs": 50, "step": 476, "steps_per_epoch": 912, "elapsed_seconds": 1456.6467717299238, "gradient_norm": 0.32823798060417175, "peak_gb": 13.545200128, "loss": 0.013976424932479858, "reconstruction": 0.0014517949894070625, "period": 0.6262314915657043, "entropy": 0.0}
{"scene": "R01", "epoch": 10, "epochs": 50, "step": 501, "steps_per_epoch": 912, "elapsed_seconds": 1460.8312182379887, "gradient_norm": 0.5399306416511536, "peak_gb": 13.545200128, "loss": 0.027065865695476532, "reconstruction": 0.0013558175414800644, "period": 1.2855024337768555, "entropy": 0.0}
{"scene": "R01", "epoch": 10, "epochs": 50, "step": 526, "steps_per_epoch": 912, "elapsed_seconds": 1465.0056289569475, "gradient_norm": 0.4382375180721283, "peak_gb": 13.545200128, "loss": 0.017358163371682167, "reconstruction": 0.0014472280163317919, "period": 0.7955467700958252, "entropy": 0.0}
{"scene": "R01", "epoch": 10, "epochs": 50, "step": 551, "steps_per_epoch": 912, "elapsed_seconds": 1469.1717776278965, "gradient_norm": 0.4785955250263214, "peak_gb": 13.545200128, "loss": 0.021567327901721, "reconstruction": 0.0015128239756450057, "period": 1.0027252435684204, "entropy": 0.0}
{"scene": "R01", "epoch": 10, "epochs": 50, "step": 576, "steps_per_epoch": 912, "elapsed_seconds": 1473.3423646939918, "gradient_norm": 0.4846583306789398, "peak_gb": 13.545200128, "loss": 0.01902393065392971, "reconstruction": 0.0023213732056319714, "period": 0.8351278305053711, "entropy": 0.0}
{"scene": "R01", "epoch": 10, "epochs": 50, "step": 601, "steps_per_epoch": 912, "elapsed_seconds": 1477.5178332589567, "gradient_norm": 0.4394523799419403, "peak_gb": 13.545200128, "loss": 0.022883504629135132, "reconstruction": 0.002166356425732374, "period": 1.0358574390411377, "entropy": 0.0}
{"scene": "R01", "epoch": 10, "epochs": 50, "step": 626, "steps_per_epoch": 912, "elapsed_seconds": 1481.688644518843, "gradient_norm": 0.62223881483078, "peak_gb": 13.545200128, "loss": 0.03206257522106171, "reconstruction": 0.0017005096888169646, "period": 1.5181032419204712, "entropy": 0.0}
{"scene": "R01", "epoch": 10, "epochs": 50, "step": 651, "steps_per_epoch": 912, "elapsed_seconds": 1485.855148332892, "gradient_norm": 0.41328784823417664, "peak_gb": 13.545200128, "loss": 0.02006603218615055, "reconstruction": 0.002035223413258791, "period": 0.9015405178070068, "entropy": 0.0}
{"scene": "R01", "epoch": 10, "epochs": 50, "step": 676, "steps_per_epoch": 912, "elapsed_seconds": 1490.0224813178647, "gradient_norm": 0.3304092288017273, "peak_gb": 13.545200128, "loss": 0.016785645857453346, "reconstruction": 0.0022541689686477184, "period": 0.7265738844871521, "entropy": 0.0}
{"scene": "R01", "epoch": 10, "epochs": 50, "step": 701, "steps_per_epoch": 912, "elapsed_seconds": 1494.1889913438354, "gradient_norm": 0.40990278124809265, "peak_gb": 13.545200128, "loss": 0.03187669813632965, "reconstruction": 0.0012833853252232075, "period": 1.5296655893325806, "entropy": 0.0}
{"scene": "R01", "epoch": 10, "epochs": 50, "step": 726, "steps_per_epoch": 912, "elapsed_seconds": 1498.3677961328067, "gradient_norm": 0.6334291696548462, "peak_gb": 13.545200128, "loss": 0.045432500541210175, "reconstruction": 0.001457537873648107, "period": 2.1987481117248535, "entropy": 0.0}
{"scene": "R01", "epoch": 10, "epochs": 50, "step": 751, "steps_per_epoch": 912, "elapsed_seconds": 1502.538733282825, "gradient_norm": 0.5092429518699646, "peak_gb": 13.545200128, "loss": 0.020792899653315544, "reconstruction": 0.0012993596028536558, "period": 0.9746770262718201, "entropy": 0.0}
{"scene": "R01", "epoch": 10, "epochs": 50, "step": 776, "steps_per_epoch": 912, "elapsed_seconds": 1506.7055518119596, "gradient_norm": 0.336367666721344, "peak_gb": 13.545200128, "loss": 0.020174752920866013, "reconstruction": 0.00128177460283041, "period": 0.9446488618850708, "entropy": 0.0}
{"scene": "R01", "epoch": 10, "epochs": 50, "step": 801, "steps_per_epoch": 912, "elapsed_seconds": 1510.8856513989158, "gradient_norm": 0.5564373135566711, "peak_gb": 13.545200128, "loss": 0.028224654495716095, "reconstruction": 0.001283956808038056, "period": 1.3470349311828613, "entropy": 0.0}
{"scene": "R01", "epoch": 10, "epochs": 50, "step": 826, "steps_per_epoch": 912, "elapsed_seconds": 1515.0698175600264, "gradient_norm": 0.46699264645576477, "peak_gb": 13.545200128, "loss": 0.01855212263762951, "reconstruction": 0.001468972535803914, "period": 0.8541574478149414, "entropy": 0.0}
{"scene": "R01", "epoch": 10, "epochs": 50, "step": 851, "steps_per_epoch": 912, "elapsed_seconds": 1519.2521386088338, "gradient_norm": 0.4230778217315674, "peak_gb": 13.545200128, "loss": 0.016833355650305748, "reconstruction": 0.0011076517403125763, "period": 0.7862852215766907, "entropy": 0.0}
{"scene": "R01", "epoch": 10, "epochs": 50, "step": 876, "steps_per_epoch": 912, "elapsed_seconds": 1523.4233295889571, "gradient_norm": 0.26533135771751404, "peak_gb": 13.545200128, "loss": 0.012192568741738796, "reconstruction": 0.002135038375854492, "period": 0.5028765201568604, "entropy": 0.0}
{"scene": "R01", "epoch": 10, "epochs": 50, "step": 901, "steps_per_epoch": 912, "elapsed_seconds": 1527.607748996932, "gradient_norm": 0.32387489080429077, "peak_gb": 13.545200128, "loss": 0.014141829684376717, "reconstruction": 0.001956659834831953, "period": 0.6092584729194641, "entropy": 0.0}
{"epoch": 10, "steps": 912, "seconds": 152.31957556703128, "loss": 0.02016617919996446, "reconstruction": 0.0017333150840785126, "period": 0.9216432285151983, "entropy": 0.0}
{"scene": "R01", "epoch": 11, "epochs": 50, "step": 1, "steps_per_epoch": 912, "elapsed_seconds": 1535.9603867898695, "gradient_norm": 0.4123362898826599, "peak_gb": 13.545200128, "loss": 0.019379639998078346, "reconstruction": 0.0019184693228453398, "period": 0.873058557510376, "entropy": 0.0}
{"scene": "R01", "epoch": 11, "epochs": 50, "step": 26, "steps_per_epoch": 912, "elapsed_seconds": 1540.097794412868, "gradient_norm": 0.3018452525138855, "peak_gb": 13.545200128, "loss": 0.013764663599431515, "reconstruction": 0.0016692820936441422, "period": 0.6047691106796265, "entropy": 0.0}
{"scene": "R01", "epoch": 11, "epochs": 50, "step": 51, "steps_per_epoch": 912, "elapsed_seconds": 1544.2464140788652, "gradient_norm": 0.39018893241882324, "peak_gb": 13.545200128, "loss": 0.02014785446226597, "reconstruction": 0.0013485689414665103, "period": 0.9399642944335938, "entropy": 0.0}
{"scene": "R01", "epoch": 11, "epochs": 50, "step": 76, "steps_per_epoch": 912, "elapsed_seconds": 1548.4009827908594, "gradient_norm": 0.3944339156150818, "peak_gb": 13.545200128, "loss": 0.01824125275015831, "reconstruction": 0.001754626864567399, "period": 0.8243312835693359, "entropy": 0.0}
{"scene": "R01", "epoch": 11, "epochs": 50, "step": 101, "steps_per_epoch": 912, "elapsed_seconds": 1552.5543063299265, "gradient_norm": 0.5421677827835083, "peak_gb": 13.545200128, "loss": 0.02212158776819706, "reconstruction": 0.0012088119983673096, "period": 1.0456387996673584, "entropy": 0.0}
{"scene": "R01", "epoch": 11, "epochs": 50, "step": 126, "steps_per_epoch": 912, "elapsed_seconds": 1556.71579628787, "gradient_norm": 0.5842389464378357, "peak_gb": 13.545200128, "loss": 0.024141579866409302, "reconstruction": 0.0017366253305226564, "period": 1.120247721672058, "entropy": 0.0}
{"scene": "R01", "epoch": 11, "epochs": 50, "step": 151, "steps_per_epoch": 912, "elapsed_seconds": 1560.8815017510206, "gradient_norm": 0.38372766971588135, "peak_gb": 13.545200128, "loss": 0.0161692313849926, "reconstruction": 0.0015706814592704177, "period": 0.7299275398254395, "entropy": 0.0}
{"scene": "R01", "epoch": 11, "epochs": 50, "step": 176, "steps_per_epoch": 912, "elapsed_seconds": 1565.0498371128924, "gradient_norm": 0.32746800780296326, "peak_gb": 13.545200128, "loss": 0.012725473381578922, "reconstruction": 0.0014488700544461608, "period": 0.5638301968574524, "entropy": 0.0}
{"scene": "R01", "epoch": 11, "epochs": 50, "step": 201, "steps_per_epoch": 912, "elapsed_seconds": 1569.217910710955, "gradient_norm": 0.26890891790390015, "peak_gb": 13.545200128, "loss": 0.010814926587045193, "reconstruction": 0.0014467075234279037, "period": 0.4684109687805176, "entropy": 0.0}
{"scene": "R01", "epoch": 11, "epochs": 50, "step": 226, "steps_per_epoch": 912, "elapsed_seconds": 1573.3849143548869, "gradient_norm": 0.381609708070755, "peak_gb": 13.545200128, "loss": 0.013646377250552177, "reconstruction": 0.0012756980722770095, "period": 0.6185339689254761, "entropy": 0.0}
{"scene": "R01", "epoch": 11, "epochs": 50, "step": 251, "steps_per_epoch": 912, "elapsed_seconds": 1577.552926194854, "gradient_norm": 0.36304712295532227, "peak_gb": 13.545200128, "loss": 0.013985821977257729, "reconstruction": 0.0012088450603187084, "period": 0.6388489007949829, "entropy": 0.0}
{"scene": "R01", "epoch": 11, "epochs": 50, "step": 276, "steps_per_epoch": 912, "elapsed_seconds": 1581.7235652899835, "gradient_norm": 0.39601877331733704, "peak_gb": 13.545200128, "loss": 0.016944732517004013, "reconstruction": 0.0014055799692869186, "period": 0.7769576907157898, "entropy": 0.0}
{"scene": "R01", "epoch": 11, "epochs": 50, "step": 301, "steps_per_epoch": 912, "elapsed_seconds": 1585.8915307610296, "gradient_norm": 0.49925240874290466, "peak_gb": 13.545200128, "loss": 0.0215225201100111, "reconstruction": 0.001577660907059908, "period": 0.9972430467605591, "entropy": 0.0}
{"scene": "R01", "epoch": 11, "epochs": 50, "step": 326, "steps_per_epoch": 912, "elapsed_seconds": 1590.0676828899886, "gradient_norm": 0.35664796829223633, "peak_gb": 13.545200128, "loss": 0.02072213776409626, "reconstruction": 0.0026431630831211805, "period": 0.9039487838745117, "entropy": 0.0}
{"scene": "R01", "epoch": 11, "epochs": 50, "step": 351, "steps_per_epoch": 912, "elapsed_seconds": 1594.2566486359574, "gradient_norm": 0.2841012477874756, "peak_gb": 13.545200128, "loss": 0.010586283169686794, "reconstruction": 0.0011327564716339111, "period": 0.4726763665676117, "entropy": 0.0}
{"scene": "R01", "epoch": 11, "epochs": 50, "step": 376, "steps_per_epoch": 912, "elapsed_seconds": 1598.4238876670133, "gradient_norm": 0.4223729372024536, "peak_gb": 13.545200128, "loss": 0.01789303869009018, "reconstruction": 0.0012517718132585287, "period": 0.8320633172988892, "entropy": 0.0}
{"scene": "R01", "epoch": 11, "epochs": 50, "step": 401, "steps_per_epoch": 912, "elapsed_seconds": 1602.5909303359222, "gradient_norm": 0.3294459283351898, "peak_gb": 13.545200128, "loss": 0.013317820616066456, "reconstruction": 0.0017916301731020212, "period": 0.5763095617294312, "entropy": 0.0}
{"scene": "R01", "epoch": 11, "epochs": 50, "step": 426, "steps_per_epoch": 912, "elapsed_seconds": 1606.761487298878, "gradient_norm": 0.5202481746673584, "peak_gb": 13.545200128, "loss": 0.02650236338376999, "reconstruction": 0.0017993776127696037, "period": 1.2351493835449219, "entropy": 0.0}
{"scene": "R01", "epoch": 11, "epochs": 50, "step": 451, "steps_per_epoch": 912, "elapsed_seconds": 1610.9407307098154, "gradient_norm": 0.42628082633018494, "peak_gb": 13.545200128, "loss": 0.019092094153165817, "reconstruction": 0.00118884420953691, "period": 0.8951624631881714, "entropy": 0.0}
{"scene": "R01", "epoch": 11, "epochs": 50, "step": 476, "steps_per_epoch": 912, "elapsed_seconds": 1615.1082442710176, "gradient_norm": 0.3264189660549164, "peak_gb": 13.545200128, "loss": 0.012827886268496513, "reconstruction": 0.002458506729453802, "period": 0.518468976020813, "entropy": 0.0}
{"scene": "R01", "epoch": 11, "epochs": 50, "step": 501, "steps_per_epoch": 912, "elapsed_seconds": 1619.2907343308907, "gradient_norm": 0.4044972360134125, "peak_gb": 13.545200128, "loss": 0.015652215108275414, "reconstruction": 0.0013182645197957754, "period": 0.7166975736618042, "entropy": 0.0}
{"scene": "R01", "epoch": 11, "epochs": 50, "step": 526, "steps_per_epoch": 912, "elapsed_seconds": 1623.4586660908535, "gradient_norm": 0.42139294743537903, "peak_gb": 13.545200128, "loss": 0.01615738868713379, "reconstruction": 0.0013809781521558762, "period": 0.7388205528259277, "entropy": 0.0}
{"scene": "R01", "epoch": 11, "epochs": 50, "step": 551, "steps_per_epoch": 912, "elapsed_seconds": 1627.6274511048105, "gradient_norm": 0.3333262503147125, "peak_gb": 13.545200128, "loss": 0.014263901859521866, "reconstruction": 0.001998999621719122, "period": 0.6132451295852661, "entropy": 0.0}
{"scene": "R01", "epoch": 11, "epochs": 50, "step": 576, "steps_per_epoch": 912, "elapsed_seconds": 1631.809688332025, "gradient_norm": 0.34109875559806824, "peak_gb": 13.545200128, "loss": 0.012479611672461033, "reconstruction": 0.0013793673133477569, "period": 0.5550122261047363, "entropy": 0.0}
{"scene": "R01", "epoch": 11, "epochs": 50, "step": 601, "steps_per_epoch": 912, "elapsed_seconds": 1635.99169565388, "gradient_norm": 0.40168696641921997, "peak_gb": 13.545200128, "loss": 0.018943388015031815, "reconstruction": 0.0012919586151838303, "period": 0.8825715184211731, "entropy": 0.0}
{"scene": "R01", "epoch": 11, "epochs": 50, "step": 626, "steps_per_epoch": 912, "elapsed_seconds": 1640.1760907119606, "gradient_norm": 0.3423200249671936, "peak_gb": 13.545200128, "loss": 0.01393551379442215, "reconstruction": 0.0020506333094090223, "period": 0.5942440032958984, "entropy": 0.0}
{"scene": "R01", "epoch": 11, "epochs": 50, "step": 651, "steps_per_epoch": 912, "elapsed_seconds": 1644.3595670929644, "gradient_norm": 0.26229673624038696, "peak_gb": 13.545200128, "loss": 0.01157327089458704, "reconstruction": 0.0015230150893330574, "period": 0.5025128126144409, "entropy": 0.0}
{"scene": "R01", "epoch": 11, "epochs": 50, "step": 676, "steps_per_epoch": 912, "elapsed_seconds": 1648.5266076920088, "gradient_norm": 0.2882133722305298, "peak_gb": 13.545200128, "loss": 0.013443684205412865, "reconstruction": 0.002589541720226407, "period": 0.5427071452140808, "entropy": 0.0}
{"scene": "R01", "epoch": 11, "epochs": 50, "step": 701, "steps_per_epoch": 912, "elapsed_seconds": 1652.7005485738628, "gradient_norm": 0.3093908429145813, "peak_gb": 13.545200128, "loss": 0.011120975948870182, "reconstruction": 0.0012343866983428597, "period": 0.49432945251464844, "entropy": 0.0}
{"scene": "R01", "epoch": 11, "epochs": 50, "step": 726, "steps_per_epoch": 912, "elapsed_seconds": 1656.8837420658674, "gradient_norm": 0.4066105782985687, "peak_gb": 13.545200128, "loss": 0.02206871099770069, "reconstruction": 0.0013749806676059961, "period": 1.03468656539917, "entropy": 0.0}
{"scene": "R01", "epoch": 11, "epochs": 50, "step": 751, "steps_per_epoch": 912, "elapsed_seconds": 1661.058823050931, "gradient_norm": 0.4852399230003357, "peak_gb": 13.545200128, "loss": 0.02059316262602806, "reconstruction": 0.0024989808443933725, "period": 0.9047091603279114, "entropy": 0.0}
{"scene": "R01", "epoch": 11, "epochs": 50, "step": 776, "steps_per_epoch": 912, "elapsed_seconds": 1665.2271093598101, "gradient_norm": 0.34625378251075745, "peak_gb": 13.545200128, "loss": 0.014077330939471722, "reconstruction": 0.0010696434183046222, "period": 0.6503843665122986, "entropy": 0.0}
{"scene": "R01", "epoch": 11, "epochs": 50, "step": 801, "steps_per_epoch": 912, "elapsed_seconds": 1669.4130506948568, "gradient_norm": 0.6208398342132568, "peak_gb": 13.545200128, "loss": 0.03590874373912811, "reconstruction": 0.001268436899408698, "period": 1.7320154905319214, "entropy": 0.0}
{"scene": "R01", "epoch": 11, "epochs": 50, "step": 826, "steps_per_epoch": 912, "elapsed_seconds": 1673.6051060308237, "gradient_norm": 0.6092240810394287, "peak_gb": 13.545200128, "loss": 0.043254148215055466, "reconstruction": 0.0011761834612116218, "period": 2.103898286819458, "entropy": 0.0}
{"scene": "R01", "epoch": 11, "epochs": 50, "step": 851, "steps_per_epoch": 912, "elapsed_seconds": 1677.7974003469571, "gradient_norm": 0.28665047883987427, "peak_gb": 13.545200128, "loss": 0.010777221992611885, "reconstruction": 0.0011428067227825522, "period": 0.48172077536582947, "entropy": 0.0}
{"scene": "R01", "epoch": 11, "epochs": 50, "step": 876, "steps_per_epoch": 912, "elapsed_seconds": 1681.9777886688244, "gradient_norm": 0.296659380197525, "peak_gb": 13.545200128, "loss": 0.012974538840353489, "reconstruction": 0.0019758986309170723, "period": 0.5499320030212402, "entropy": 0.0}
{"scene": "R01", "epoch": 11, "epochs": 50, "step": 901, "steps_per_epoch": 912, "elapsed_seconds": 1686.161091664806, "gradient_norm": 0.44107306003570557, "peak_gb": 13.545200128, "loss": 0.015198656357824802, "reconstruction": 0.001320293522439897, "period": 0.6939181685447693, "entropy": 0.0}
{"epoch": 11, "steps": 912, "seconds": 152.30206763395108, "loss": 0.018729904184542727, "reconstruction": 0.001664636120008174, "period": 0.8532634240558796, "entropy": 0.0}
{"scene": "R01", "epoch": 12, "epochs": 50, "step": 1, "steps_per_epoch": 912, "elapsed_seconds": 1688.2295125378296, "gradient_norm": 0.3692820966243744, "peak_gb": 13.545200128, "loss": 0.012680748477578163, "reconstruction": 0.001771420706063509, "period": 0.545466423034668, "entropy": 0.0}
{"scene": "R01", "epoch": 12, "epochs": 50, "step": 26, "steps_per_epoch": 912, "elapsed_seconds": 1692.4200473800302, "gradient_norm": 0.47525927424430847, "peak_gb": 13.545200128, "loss": 0.02047528326511383, "reconstruction": 0.0014758731704205275, "period": 0.9499706029891968, "entropy": 0.0}
{"scene": "R01", "epoch": 12, "epochs": 50, "step": 51, "steps_per_epoch": 912, "elapsed_seconds": 1696.6108273738064, "gradient_norm": 0.4666738212108612, "peak_gb": 13.545200128, "loss": 0.023517029359936714, "reconstruction": 0.0013069051783531904, "period": 1.110506296157837, "entropy": 0.0}
{"scene": "R01", "epoch": 12, "epochs": 50, "step": 76, "steps_per_epoch": 912, "elapsed_seconds": 1700.793262572959, "gradient_norm": 0.36373069882392883, "peak_gb": 13.545200128, "loss": 0.018960783258080482, "reconstruction": 0.0011382478987798095, "period": 0.891126811504364, "entropy": 0.0}
{"scene": "R01", "epoch": 12, "epochs": 50, "step": 101, "steps_per_epoch": 912, "elapsed_seconds": 1704.9605489408132, "gradient_norm": 0.4128670394420624, "peak_gb": 13.545200128, "loss": 0.017418742179870605, "reconstruction": 0.0017678759759292006, "period": 0.7825433015823364, "entropy": 0.0}
{"scene": "R01", "epoch": 12, "epochs": 50, "step": 126, "steps_per_epoch": 912, "elapsed_seconds": 1709.1395705728792, "gradient_norm": 0.48144248127937317, "peak_gb": 13.545200128, "loss": 0.023638954386115074, "reconstruction": 0.0011994821252301335, "period": 1.1219736337661743, "entropy": 0.0}
{"scene": "R01", "epoch": 12, "epochs": 50, "step": 151, "steps_per_epoch": 912, "elapsed_seconds": 1713.3310613969807, "gradient_norm": 0.41253823041915894, "peak_gb": 13.545200128, "loss": 0.017396043986082077, "reconstruction": 0.0013373330002650619, "period": 0.8029356002807617, "entropy": 0.0}
{"scene": "R01", "epoch": 12, "epochs": 50, "step": 176, "steps_per_epoch": 912, "elapsed_seconds": 1717.5113420628477, "gradient_norm": 0.403574675321579, "peak_gb": 13.545200128, "loss": 0.02103666588664055, "reconstruction": 0.0018379529938101768, "period": 0.95993572473526, "entropy": 0.0}
{"scene": "R01", "epoch": 12, "epochs": 50, "step": 201, "steps_per_epoch": 912, "elapsed_seconds": 1721.6916134778876, "gradient_norm": 0.3301980197429657, "peak_gb": 13.545200128, "loss": 0.0168672613799572, "reconstruction": 0.0015783803537487984, "period": 0.76444411277771, "entropy": 0.0}
{"scene": "R01", "epoch": 12, "epochs": 50, "step": 226, "steps_per_epoch": 912, "elapsed_seconds": 1725.8615223600063, "gradient_norm": 0.3367686867713928, "peak_gb": 13.545200128, "loss": 0.0122543815523386, "reconstruction": 0.0012836656533181667, "period": 0.5485358238220215, "entropy": 0.0}
{"scene": "R01", "epoch": 12, "epochs": 50, "step": 251, "steps_per_epoch": 912, "elapsed_seconds": 1730.044589836849, "gradient_norm": 0.46934157609939575, "peak_gb": 13.545200128, "loss": 0.020052416250109673, "reconstruction": 0.0018034782260656357, "period": 0.912446916103363, "entropy": 0.0}
{"scene": "R01", "epoch": 12, "epochs": 50, "step": 276, "steps_per_epoch": 912, "elapsed_seconds": 1734.2267340098042, "gradient_norm": 0.310754656791687, "peak_gb": 13.545200128, "loss": 0.012842340394854546, "reconstruction": 0.001337698195129633, "period": 0.5752321481704712, "entropy": 0.0}
{"scene": "R01", "epoch": 12, "epochs": 50, "step": 301, "steps_per_epoch": 912, "elapsed_seconds": 1738.3941597719677, "gradient_norm": 0.4328387379646301, "peak_gb": 13.545200128, "loss": 0.022838367149233818, "reconstruction": 0.0019129549618810415, "period": 1.0462706089019775, "entropy": 0.0}
{"scene": "R01", "epoch": 12, "epochs": 50, "step": 326, "steps_per_epoch": 912, "elapsed_seconds": 1742.5726597909816, "gradient_norm": 0.4914529621601105, "peak_gb": 13.545200128, "loss": 0.02511935867369175, "reconstruction": 0.001887541962787509, "period": 1.1615909337997437, "entropy": 0.0}
{"scene": "R01", "epoch": 12, "epochs": 50, "step": 351, "steps_per_epoch": 912, "elapsed_seconds": 1746.7450733028818, "gradient_norm": 0.42608925700187683, "peak_gb": 13.545200128, "loss": 0.01738082617521286, "reconstruction": 0.001472317148000002, "period": 0.7954254746437073, "entropy": 0.0}
{"scene": "R01", "epoch": 12, "epochs": 50, "step": 376, "steps_per_epoch": 912, "elapsed_seconds": 1750.9107427080162, "gradient_norm": 0.4582943618297577, "peak_gb": 13.545200128, "loss": 0.01882394589483738, "reconstruction": 0.0016330538783222437, "period": 0.8595446348190308, "entropy": 0.0}
{"scene": "R01", "epoch": 12, "epochs": 50, "step": 401, "steps_per_epoch": 912, "elapsed_seconds": 1755.077942074975, "gradient_norm": 0.5605475306510925, "peak_gb": 13.545200128, "loss": 0.029181361198425293, "reconstruction": 0.0014636683044955134, "period": 1.3858846426010132, "entropy": 0.0}
{"scene": "R01", "epoch": 12, "epochs": 50, "step": 426, "steps_per_epoch": 912, "elapsed_seconds": 1759.2470479579642, "gradient_norm": 0.35413405299186707, "peak_gb": 13.545200128, "loss": 0.013995773158967495, "reconstruction": 0.0017305759247392416, "period": 0.6132598519325256, "entropy": 0.0}
{"scene": "R01", "epoch": 12, "epochs": 50, "step": 451, "steps_per_epoch": 912, "elapsed_seconds": 1763.427367115859, "gradient_norm": 0.23287153244018555, "peak_gb": 13.545200128, "loss": 0.007395680993795395, "reconstruction": 0.0011778568150475621, "period": 0.31089121103286743, "entropy": 0.0}
{"scene": "R01", "epoch": 12, "epochs": 50, "step": 476, "steps_per_epoch": 912, "elapsed_seconds": 1767.5942165418528, "gradient_norm": 0.39455848932266235, "peak_gb": 13.545200128, "loss": 0.013646256178617477, "reconstruction": 0.0011731827398762107, "period": 0.6236537098884583, "entropy": 0.0}
{"scene": "R01", "epoch": 12, "epochs": 50, "step": 501, "steps_per_epoch": 912, "elapsed_seconds": 1771.769021524815, "gradient_norm": 0.5484393239021301, "peak_gb": 13.545200128, "loss": 0.026375552639365196, "reconstruction": 0.0020313800778239965, "period": 1.2172086238861084, "entropy": 0.0}
{"scene": "R01", "epoch": 12, "epochs": 50, "step": 526, "steps_per_epoch": 912, "elapsed_seconds": 1775.9603712239768, "gradient_norm": 0.4550383687019348, "peak_gb": 13.545200128, "loss": 0.023602129891514778, "reconstruction": 0.0017089260509237647, "period": 1.0946601629257202, "entropy": 0.0}
{"scene": "R01", "epoch": 12, "epochs": 50, "step": 551, "steps_per_epoch": 912, "elapsed_seconds": 1780.1287437849678, "gradient_norm": 0.4738676846027374, "peak_gb": 13.545200128, "loss": 0.021651968359947205, "reconstruction": 0.001340755494311452, "period": 1.0155606269836426, "entropy": 0.0}
{"scene": "R01", "epoch": 12, "epochs": 50, "step": 576, "steps_per_epoch": 912, "elapsed_seconds": 1784.3104653188493, "gradient_norm": 0.40541350841522217, "peak_gb": 13.545200128, "loss": 0.016977304592728615, "reconstruction": 0.0017519376706331968, "period": 0.7612683773040771, "entropy": 0.0}
{"scene": "R01", "epoch": 12, "epochs": 50, "step": 601, "steps_per_epoch": 912, "elapsed_seconds": 1788.4892311329022, "gradient_norm": 0.3873874843120575, "peak_gb": 13.545200128, "loss": 0.013201232068240643, "reconstruction": 0.001414362108334899, "period": 0.5893434882164001, "entropy": 0.0}
{"scene": "R01", "epoch": 12, "epochs": 50, "step": 626, "steps_per_epoch": 912, "elapsed_seconds": 1792.6722099429462, "gradient_norm": 0.33509793877601624, "peak_gb": 13.545200128, "loss": 0.01178291067481041, "reconstruction": 0.0014658819418400526, "period": 0.5158514380455017, "entropy": 0.0}
{"scene": "R01", "epoch": 12, "epochs": 50, "step": 651, "steps_per_epoch": 912, "elapsed_seconds": 1796.8461265279911, "gradient_norm": 0.509854793548584, "peak_gb": 13.545200128, "loss": 0.0257156640291214, "reconstruction": 0.001707020215690136, "period": 1.200432300567627, "entropy": 0.0}
{"scene": "R01", "epoch": 12, "epochs": 50, "step": 676, "steps_per_epoch": 912, "elapsed_seconds": 1801.0277272278909, "gradient_norm": 0.5170015692710876, "peak_gb": 13.545200128, "loss": 0.0274624265730381, "reconstruction": 0.0013085011160001159, "period": 1.3076963424682617, "entropy": 0.0}
{"scene": "R01", "epoch": 12, "epochs": 50, "step": 701, "steps_per_epoch": 912, "elapsed_seconds": 1805.2066030148417, "gradient_norm": 0.37885797023773193, "peak_gb": 13.545200128, "loss": 0.02051546610891819, "reconstruction": 0.002069838810712099, "period": 0.9222813844680786, "entropy": 0.0}
{"scene": "R01", "epoch": 12, "epochs": 50, "step": 726, "steps_per_epoch": 912, "elapsed_seconds": 1809.3980160770006, "gradient_norm": 0.4735570251941681, "peak_gb": 13.545200128, "loss": 0.019579803571105003, "reconstruction": 0.0017168240156024694, "period": 0.8931489586830139, "entropy": 0.0}
{"scene": "R01", "epoch": 12, "epochs": 50, "step": 751, "steps_per_epoch": 912, "elapsed_seconds": 1813.5804855579045, "gradient_norm": 0.43036574125289917, "peak_gb": 13.545200128, "loss": 0.017399879172444344, "reconstruction": 0.0011794379679486156, "period": 0.8110220432281494, "entropy": 0.0}
{"scene": "R01", "epoch": 12, "epochs": 50, "step": 776, "steps_per_epoch": 912, "elapsed_seconds": 1817.7672965079546, "gradient_norm": 0.2927708923816681, "peak_gb": 13.545200128, "loss": 0.018444888293743134, "reconstruction": 0.0018958257278427482, "period": 0.8274531364440918, "entropy": 0.0}
{"scene": "R01", "epoch": 12, "epochs": 50, "step": 801, "steps_per_epoch": 912, "elapsed_seconds": 1821.9488170819823, "gradient_norm": 0.44887077808380127, "peak_gb": 13.545200128, "loss": 0.01990952342748642, "reconstruction": 0.001778155448846519, "period": 0.9065684080123901, "entropy": 0.0}
{"scene": "R01", "epoch": 12, "epochs": 50, "step": 826, "steps_per_epoch": 912, "elapsed_seconds": 1826.1394436180126, "gradient_norm": 0.4844324588775635, "peak_gb": 13.545200128, "loss": 0.029243260622024536, "reconstruction": 0.0017480093520134687, "period": 1.3747626543045044, "entropy": 0.0}
{"scene": "R01", "epoch": 12, "epochs": 50, "step": 851, "steps_per_epoch": 912, "elapsed_seconds": 1830.3217833559029, "gradient_norm": 0.36899009346961975, "peak_gb": 13.545200128, "loss": 0.012936963699758053, "reconstruction": 0.0014396195765584707, "period": 0.5748671889305115, "entropy": 0.0}
{"scene": "R01", "epoch": 12, "epochs": 50, "step": 876, "steps_per_epoch": 912, "elapsed_seconds": 1834.51205716189, "gradient_norm": 0.5451582074165344, "peak_gb": 13.545200128, "loss": 0.022385219112038612, "reconstruction": 0.0013262167340144515, "period": 1.052950143814087, "entropy": 0.0}
{"scene": "R01", "epoch": 12, "epochs": 50, "step": 901, "steps_per_epoch": 912, "elapsed_seconds": 1838.6798155098222, "gradient_norm": 0.3181574046611786, "peak_gb": 13.545200128, "loss": 0.014252903871238232, "reconstruction": 0.0013619157252833247, "period": 0.6445494294166565, "entropy": 0.0}
{"epoch": 12, "steps": 912, "seconds": 152.5159318728838, "loss": 0.017718082821311168, "reconstruction": 0.0016096524978230153, "period": 0.8054215366086155, "entropy": 0.0}
{"scene": "R01", "epoch": 13, "epochs": 50, "step": 1, "steps_per_epoch": 912, "elapsed_seconds": 1840.7751204338856, "gradient_norm": 0.35671359300613403, "peak_gb": 13.545200128, "loss": 0.013247117400169373, "reconstruction": 0.0016592656029388309, "period": 0.5793926119804382, "entropy": 0.0}
{"scene": "R01", "epoch": 13, "epochs": 50, "step": 26, "steps_per_epoch": 912, "elapsed_seconds": 1844.946743501816, "gradient_norm": 0.46122732758522034, "peak_gb": 13.545200128, "loss": 0.020744485780596733, "reconstruction": 0.0018098820000886917, "period": 0.9467301964759827, "entropy": 0.0}
{"scene": "R01", "epoch": 13, "epochs": 50, "step": 51, "steps_per_epoch": 912, "elapsed_seconds": 1849.1298028880265, "gradient_norm": 0.23880334198474884, "peak_gb": 13.545200128, "loss": 0.010338202118873596, "reconstruction": 0.0014335596933960915, "period": 0.4452321529388428, "entropy": 0.0}
{"scene": "R01", "epoch": 13, "epochs": 50, "step": 76, "steps_per_epoch": 912, "elapsed_seconds": 1853.311510530999, "gradient_norm": 0.41336894035339355, "peak_gb": 13.545200128, "loss": 0.01869550347328186, "reconstruction": 0.001560763455927372, "period": 0.8567370772361755, "entropy": 0.0}
{"scene": "R01", "epoch": 13, "epochs": 50, "step": 101, "steps_per_epoch": 912, "elapsed_seconds": 1857.4796381259803, "gradient_norm": 0.36914801597595215, "peak_gb": 13.545200128, "loss": 0.01716805063188076, "reconstruction": 0.001410969765856862, "period": 0.787854015827179, "entropy": 0.0}
{"scene": "R01", "epoch": 13, "epochs": 50, "step": 126, "steps_per_epoch": 912, "elapsed_seconds": 1861.653834252851, "gradient_norm": 0.20964042842388153, "peak_gb": 13.545200128, "loss": 0.009314773604273796, "reconstruction": 0.0014000465162098408, "period": 0.39573636651039124, "entropy": 0.0}
{"scene": "R01", "epoch": 13, "epochs": 50, "step": 151, "steps_per_epoch": 912, "elapsed_seconds": 1865.8302348488942, "gradient_norm": 0.3304232954978943, "peak_gb": 13.545200128, "loss": 0.010972319170832634, "reconstruction": 0.0010959008941426873, "period": 0.4938209056854248, "entropy": 0.0}
{"scene": "R01", "epoch": 13, "epochs": 50, "step": 176, "steps_per_epoch": 912, "elapsed_seconds": 1869.9968253928237, "gradient_norm": 0.4160274863243103, "peak_gb": 13.545200128, "loss": 0.01467068586498499, "reconstruction": 0.0016244833823293447, "period": 0.6523101329803467, "entropy": 0.0}
{"scene": "R01", "epoch": 13, "epochs": 50, "step": 201, "steps_per_epoch": 912, "elapsed_seconds": 1874.1669410069007, "gradient_norm": 0.3004833161830902, "peak_gb": 13.545200128, "loss": 0.01405403669923544, "reconstruction": 0.0014146914472803473, "period": 0.631967306137085, "entropy": 0.0}
{"scene": "R01", "epoch": 13, "epochs": 50, "step": 226, "steps_per_epoch": 912, "elapsed_seconds": 1878.3646969569381, "gradient_norm": 0.43511340022087097, "peak_gb": 13.545200128, "loss": 0.016658656299114227, "reconstruction": 0.0013770672958344221, "period": 0.7640795111656189, "entropy": 0.0}
{"scene": "R01", "epoch": 13, "epochs": 50, "step": 251, "steps_per_epoch": 912, "elapsed_seconds": 1882.563657126855, "gradient_norm": 0.37670668959617615, "peak_gb": 13.545200128, "loss": 0.014523371122777462, "reconstruction": 0.0011607997585088015, "period": 0.6681286096572876, "entropy": 0.0}
{"scene": "R01", "epoch": 13, "epochs": 50, "step": 276, "steps_per_epoch": 912, "elapsed_seconds": 1886.747331512859, "gradient_norm": 0.4093080759048462, "peak_gb": 13.545200128, "loss": 0.013172262348234653, "reconstruction": 0.0018565402133390307, "period": 0.5657861232757568, "entropy": 0.0}
{"scene": "R01", "epoch": 13, "epochs": 50, "step": 301, "steps_per_epoch": 912, "elapsed_seconds": 1890.9318140270188, "gradient_norm": 0.4237089157104492, "peak_gb": 13.545200128, "loss": 0.017773864790797234, "reconstruction": 0.0019138212082907557, "period": 0.793002188205719, "entropy": 0.0}
{"scene": "R01", "epoch": 13, "epochs": 50, "step": 326, "steps_per_epoch": 912, "elapsed_seconds": 1895.1145793078467, "gradient_norm": 0.5301499962806702, "peak_gb": 13.545200128, "loss": 0.01850021257996559, "reconstruction": 0.0018265058752149343, "period": 0.8336853384971619, "entropy": 0.0}
{"scene": "R01", "epoch": 13, "epochs": 50, "step": 351, "steps_per_epoch": 912, "elapsed_seconds": 1899.2906979008112, "gradient_norm": 0.6203088164329529, "peak_gb": 13.545200128, "loss": 0.02358284778892994, "reconstruction": 0.0015850197523832321, "period": 1.0998914241790771, "entropy": 0.0}
{"scene": "R01", "epoch": 13, "epochs": 50, "step": 376, "steps_per_epoch": 912, "elapsed_seconds": 1903.4638231620193, "gradient_norm": 0.5362355709075928, "peak_gb": 13.545200128, "loss": 0.021516915410757065, "reconstruction": 0.0013842241605743766, "period": 1.0066345930099487, "entropy": 0.0}
{"scene": "R01", "epoch": 13, "epochs": 50, "step": 401, "steps_per_epoch": 912, "elapsed_seconds": 1907.6424389099702, "gradient_norm": 0.314628928899765, "peak_gb": 13.545200128, "loss": 0.009850873611867428, "reconstruction": 0.001591467997059226, "period": 0.41297027468681335, "entropy": 0.0}
{"scene": "R01", "epoch": 13, "epochs": 50, "step": 426, "steps_per_epoch": 912, "elapsed_seconds": 1911.821881349897, "gradient_norm": 0.5054266452789307, "peak_gb": 13.545200128, "loss": 0.025111030787229538, "reconstruction": 0.0011788422707468271, "period": 1.1966094970703125, "entropy": 0.0}
{"scene": "R01", "epoch": 13, "epochs": 50, "step": 451, "steps_per_epoch": 912, "elapsed_seconds": 1916.0090849809349, "gradient_norm": 0.3507084250450134, "peak_gb": 13.545200128, "loss": 0.010655034333467484, "reconstruction": 0.0017965607112273574, "period": 0.44292372465133667, "entropy": 0.0}
{"scene": "R01", "epoch": 13, "epochs": 50, "step": 476, "steps_per_epoch": 912, "elapsed_seconds": 1920.1950087558944, "gradient_norm": 0.14678896963596344, "peak_gb": 13.545200128, "loss": 0.005570627748966217, "reconstruction": 0.001142149674706161, "period": 0.2214238941669464, "entropy": 0.0}
{"scene": "R01", "epoch": 13, "epochs": 50, "step": 501, "steps_per_epoch": 912, "elapsed_seconds": 1924.3843262079172, "gradient_norm": 0.3812396228313446, "peak_gb": 13.545200128, "loss": 0.014410487376153469, "reconstruction": 0.0024101724848151207, "period": 0.6000157594680786, "entropy": 0.0}
{"scene": "R01", "epoch": 13, "epochs": 50, "step": 526, "steps_per_epoch": 912, "elapsed_seconds": 1928.5649634918664, "gradient_norm": 0.42707738280296326, "peak_gb": 13.545200128, "loss": 0.021497661247849464, "reconstruction": 0.001157947233878076, "period": 1.0169857740402222, "entropy": 0.0}
{"scene": "R01", "epoch": 13, "epochs": 50, "step": 551, "steps_per_epoch": 912, "elapsed_seconds": 1932.739354572026, "gradient_norm": 0.3593282699584961, "peak_gb": 13.545200128, "loss": 0.01790212094783783, "reconstruction": 0.0022085229866206646, "period": 0.7846798896789551, "entropy": 0.0}
{"scene": "R01", "epoch": 13, "epochs": 50, "step": 576, "steps_per_epoch": 912, "elapsed_seconds": 1936.9162703838665, "gradient_norm": 0.2872660458087921, "peak_gb": 13.545200128, "loss": 0.013454743660986423, "reconstruction": 0.0015421494608744979, "period": 0.5956297516822815, "entropy": 0.0}
{"scene": "R01", "epoch": 13, "epochs": 50, "step": 601, "steps_per_epoch": 912, "elapsed_seconds": 1941.0856929188594, "gradient_norm": 0.2646641433238983, "peak_gb": 13.545200128, "loss": 0.009279381483793259, "reconstruction": 0.0016184847336262465, "period": 0.3830448389053345, "entropy": 0.0}
{"scene": "R01", "epoch": 13, "epochs": 50, "step": 626, "steps_per_epoch": 912, "elapsed_seconds": 1945.2642940308433, "gradient_norm": 0.36025944352149963, "peak_gb": 13.545200128, "loss": 0.014428334310650826, "reconstruction": 0.0018165523651987314, "period": 0.6305891275405884, "entropy": 0.0}
{"scene": "R01", "epoch": 13, "epochs": 50, "step": 651, "steps_per_epoch": 912, "elapsed_seconds": 1949.4326540268958, "gradient_norm": 0.3168897330760956, "peak_gb": 13.545200128, "loss": 0.016277320683002472, "reconstruction": 0.0015096807619556785, "period": 0.7383820414543152, "entropy": 0.0}
{"scene": "R01", "epoch": 13, "epochs": 50, "step": 676, "steps_per_epoch": 912, "elapsed_seconds": 1953.6171945529059, "gradient_norm": 0.2999825179576874, "peak_gb": 13.545200128, "loss": 0.010466259904205799, "reconstruction": 0.0012271208688616753, "period": 0.4619569778442383, "entropy": 0.0}
{"scene": "R01", "epoch": 13, "epochs": 50, "step": 701, "steps_per_epoch": 912, "elapsed_seconds": 1957.798468154855, "gradient_norm": 0.24782176315784454, "peak_gb": 13.545200128, "loss": 0.009857887402176857, "reconstruction": 0.0018069345969706774, "period": 0.4025476574897766, "entropy": 0.0}
{"scene": "R01", "epoch": 13, "epochs": 50, "step": 726, "steps_per_epoch": 912, "elapsed_seconds": 1961.9816317369696, "gradient_norm": 0.3305151164531708, "peak_gb": 13.545200128, "loss": 0.010591250844299793, "reconstruction": 0.0011467525037005544, "period": 0.4722249209880829, "entropy": 0.0}
{"scene": "R01", "epoch": 13, "epochs": 50, "step": 751, "steps_per_epoch": 912, "elapsed_seconds": 1966.1657114119735, "gradient_norm": 0.4562543034553528, "peak_gb": 13.545200128, "loss": 0.020827246829867363, "reconstruction": 0.0013024078216403723, "period": 0.976241946220398, "entropy": 0.0}
{"scene": "R01", "epoch": 13, "epochs": 50, "step": 776, "steps_per_epoch": 912, "elapsed_seconds": 1970.3337473769207, "gradient_norm": 0.5164678692817688, "peak_gb": 13.545200128, "loss": 0.018962498754262924, "reconstruction": 0.001579329720698297, "period": 0.8691585063934326, "entropy": 0.0}
{"scene": "R01", "epoch": 13, "epochs": 50, "step": 801, "steps_per_epoch": 912, "elapsed_seconds": 1974.498771817889, "gradient_norm": 0.3379546105861664, "peak_gb": 13.545200128, "loss": 0.013628700748085976, "reconstruction": 0.0012641320936381817, "period": 0.6182284355163574, "entropy": 0.0}
{"scene": "R01", "epoch": 13, "epochs": 50, "step": 826, "steps_per_epoch": 912, "elapsed_seconds": 1978.66698631295, "gradient_norm": 0.4057736396789551, "peak_gb": 13.545200128, "loss": 0.016460493206977844, "reconstruction": 0.0012983522610738873, "period": 0.7581070065498352, "entropy": 0.0}
{"scene": "R01", "epoch": 13, "epochs": 50, "step": 851, "steps_per_epoch": 912, "elapsed_seconds": 1982.8487148459535, "gradient_norm": 0.3769199550151825, "peak_gb": 13.545200128, "loss": 0.014887853525578976, "reconstruction": 0.0016742147272452712, "period": 0.660681962966919, "entropy": 0.0}
{"scene": "R01", "epoch": 13, "epochs": 50, "step": 876, "steps_per_epoch": 912, "elapsed_seconds": 1987.0291631899308, "gradient_norm": 0.47250065207481384, "peak_gb": 13.545200128, "loss": 0.01974620297551155, "reconstruction": 0.0016046452801674604, "period": 0.9070779085159302, "entropy": 0.0}
{"scene": "R01", "epoch": 13, "epochs": 50, "step": 901, "steps_per_epoch": 912, "elapsed_seconds": 1991.2030847040005, "gradient_norm": 0.3649916350841522, "peak_gb": 13.545200128, "loss": 0.013382308185100555, "reconstruction": 0.0013677978422492743, "period": 0.600725531578064, "entropy": 0.0}
{"epoch": 13, "steps": 912, "seconds": 152.5225535898935, "loss": 0.016606395097608726, "reconstruction": 0.0015446305764622561, "period": 0.753088245756532, "entropy": 0.0}
{"scene": "R01", "epoch": 14, "epochs": 50, "step": 1, "steps_per_epoch": 912, "elapsed_seconds": 1993.2918095269706, "gradient_norm": 0.2527807056903839, "peak_gb": 13.545200128, "loss": 0.00910857878625393, "reconstruction": 0.0013046500971540809, "period": 0.39019644260406494, "entropy": 0.0}
{"scene": "R01", "epoch": 14, "epochs": 50, "step": 26, "steps_per_epoch": 912, "elapsed_seconds": 1997.4669892308302, "gradient_norm": 0.27123206853866577, "peak_gb": 13.545200128, "loss": 0.014452961273491383, "reconstruction": 0.0015335215721279383, "period": 0.6459720134735107, "entropy": 0.0}
{"scene": "R01", "epoch": 14, "epochs": 50, "step": 51, "steps_per_epoch": 912, "elapsed_seconds": 2001.6465322920121, "gradient_norm": 0.38343775272369385, "peak_gb": 13.545200128, "loss": 0.01299277599900961, "reconstruction": 0.0011174309765920043, "period": 0.5937672853469849, "entropy": 0.0}
{"scene": "R01", "epoch": 14, "epochs": 50, "step": 76, "steps_per_epoch": 912, "elapsed_seconds": 2005.8258594998624, "gradient_norm": 0.3149178922176361, "peak_gb": 13.545200128, "loss": 0.013654335401952267, "reconstruction": 0.0012229258427396417, "period": 0.6215704679489136, "entropy": 0.0}
{"scene": "R01", "epoch": 14, "epochs": 50, "step": 101, "steps_per_epoch": 912, "elapsed_seconds": 2009.9996466019657, "gradient_norm": 0.4749191105365753, "peak_gb": 13.545200128, "loss": 0.020360082387924194, "reconstruction": 0.0011066896840929985, "period": 0.9626697301864624, "entropy": 0.0}
{"scene": "R01", "epoch": 14, "epochs": 50, "step": 126, "steps_per_epoch": 912, "elapsed_seconds": 2014.1734176019672, "gradient_norm": 0.31138503551483154, "peak_gb": 13.545200128, "loss": 0.01250634714961052, "reconstruction": 0.002332624513655901, "period": 0.5086861848831177, "entropy": 0.0}
{"scene": "R01", "epoch": 14, "epochs": 50, "step": 151, "steps_per_epoch": 912, "elapsed_seconds": 2018.355535145849, "gradient_norm": 0.39758411049842834, "peak_gb": 13.545200128, "loss": 0.014082349836826324, "reconstruction": 0.001561548444442451, "period": 0.6260401010513306, "entropy": 0.0}
{"scene": "R01", "epoch": 14, "epochs": 50, "step": 176, "steps_per_epoch": 912, "elapsed_seconds": 2022.5412848507985, "gradient_norm": 0.4176773726940155, "peak_gb": 13.545200128, "loss": 0.015895579010248184, "reconstruction": 0.0015897005796432495, "period": 0.7152939438819885, "entropy": 0.0}
{"scene": "R01", "epoch": 14, "epochs": 50, "step": 201, "steps_per_epoch": 912, "elapsed_seconds": 2026.7169211769942, "gradient_norm": 0.4961388111114502, "peak_gb": 13.545200128, "loss": 0.02094493992626667, "reconstruction": 0.001776528311893344, "period": 0.9584206342697144, "entropy": 0.0}
{"scene": "R01", "epoch": 14, "epochs": 50, "step": 226, "steps_per_epoch": 912, "elapsed_seconds": 2030.8860221640207, "gradient_norm": 0.2815866768360138, "peak_gb": 13.545200128, "loss": 0.011381309479475021, "reconstruction": 0.0015054745599627495, "period": 0.49379175901412964, "entropy": 0.0}
{"scene": "R01", "epoch": 14, "epochs": 50, "step": 251, "steps_per_epoch": 912, "elapsed_seconds": 2035.074600962922, "gradient_norm": 0.3580560088157654, "peak_gb": 13.545200128, "loss": 0.01258059311658144, "reconstruction": 0.001410231925547123, "period": 0.5585180521011353, "entropy": 0.0}
{"scene": "R01", "epoch": 14, "epochs": 50, "step": 276, "steps_per_epoch": 912, "elapsed_seconds": 2039.2612315888982, "gradient_norm": 0.418059766292572, "peak_gb": 13.545200128, "loss": 0.014748023822903633, "reconstruction": 0.0011422199895605445, "period": 0.6802902221679688, "entropy": 0.0}
{"scene": "R01", "epoch": 14, "epochs": 50, "step": 301, "steps_per_epoch": 912, "elapsed_seconds": 2043.4327662619762, "gradient_norm": 0.28283798694610596, "peak_gb": 13.545200128, "loss": 0.00875808298587799, "reconstruction": 0.001056766603142023, "period": 0.38506585359573364, "entropy": 0.0}
{"scene": "R01", "epoch": 14, "epochs": 50, "step": 326, "steps_per_epoch": 912, "elapsed_seconds": 2047.6020185239613, "gradient_norm": 0.370409220457077, "peak_gb": 13.545200128, "loss": 0.014535458758473396, "reconstruction": 0.0015661807265132666, "period": 0.6484639048576355, "entropy": 0.0}
{"scene": "R01", "epoch": 14, "epochs": 50, "step": 351, "steps_per_epoch": 912, "elapsed_seconds": 2051.768807876855, "gradient_norm": 0.5186401605606079, "peak_gb": 13.545200128, "loss": 0.019424157217144966, "reconstruction": 0.001088769524358213, "period": 0.9167693853378296, "entropy": 0.0}
{"scene": "R01", "epoch": 14, "epochs": 50, "step": 376, "steps_per_epoch": 912, "elapsed_seconds": 2055.933110235026, "gradient_norm": 0.4629802405834198, "peak_gb": 13.545200128, "loss": 0.01477077603340149, "reconstruction": 0.0011918199015781283, "period": 0.6789478063583374, "entropy": 0.0}
{"scene": "R01", "epoch": 14, "epochs": 50, "step": 401, "steps_per_epoch": 912, "elapsed_seconds": 2060.1113681518473, "gradient_norm": 0.36216193437576294, "peak_gb": 13.545200128, "loss": 0.014317438006401062, "reconstruction": 0.0012607848038896918, "period": 0.6528326869010925, "entropy": 0.0}
{"scene": "R01", "epoch": 14, "epochs": 50, "step": 426, "steps_per_epoch": 912, "elapsed_seconds": 2064.283434090903, "gradient_norm": 0.5564944744110107, "peak_gb": 13.545200128, "loss": 0.02506626769900322, "reconstruction": 0.0011546973837539554, "period": 1.1955785751342773, "entropy": 0.0}
{"scene": "R01", "epoch": 14, "epochs": 50, "step": 451, "steps_per_epoch": 912, "elapsed_seconds": 2068.468646407826, "gradient_norm": 0.417255699634552, "peak_gb": 13.545200128, "loss": 0.017655109986662865, "reconstruction": 0.0011126627214252949, "period": 0.8271224498748779, "entropy": 0.0}
{"scene": "R01", "epoch": 14, "epochs": 50, "step": 476, "steps_per_epoch": 912, "elapsed_seconds": 2072.6342244178522, "gradient_norm": 0.5065383911132812, "peak_gb": 13.545200128, "loss": 0.018104955554008484, "reconstruction": 0.0012501804158091545, "period": 0.842738687992096, "entropy": 0.0}
{"scene": "R01", "epoch": 14, "epochs": 50, "step": 501, "steps_per_epoch": 912, "elapsed_seconds": 2076.815470151836, "gradient_norm": 0.31391438841819763, "peak_gb": 13.545200128, "loss": 0.012102024629712105, "reconstruction": 0.001196620985865593, "period": 0.5452702045440674, "entropy": 0.0}
{"scene": "R01", "epoch": 14, "epochs": 50, "step": 526, "steps_per_epoch": 912, "elapsed_seconds": 2080.9968262729235, "gradient_norm": 0.30054086446762085, "peak_gb": 13.545200128, "loss": 0.012546056881546974, "reconstruction": 0.0020348145626485348, "period": 0.5255621671676636, "entropy": 0.0}
{"scene": "R01", "epoch": 14, "epochs": 50, "step": 551, "steps_per_epoch": 912, "elapsed_seconds": 2085.17154064402, "gradient_norm": 0.37399300932884216, "peak_gb": 13.545200128, "loss": 0.014323746785521507, "reconstruction": 0.0012611360289156437, "period": 0.6531305909156799, "entropy": 0.0}
{"scene": "R01", "epoch": 14, "epochs": 50, "step": 576, "steps_per_epoch": 912, "elapsed_seconds": 2089.3522742418572, "gradient_norm": 0.33284929394721985, "peak_gb": 13.545200128, "loss": 0.011251842603087425, "reconstruction": 0.0012119747698307037, "period": 0.5019934177398682, "entropy": 0.0}
{"scene": "R01", "epoch": 14, "epochs": 50, "step": 601, "steps_per_epoch": 912, "elapsed_seconds": 2093.5241896519437, "gradient_norm": 0.44639822840690613, "peak_gb": 13.545200128, "loss": 0.020164255052804947, "reconstruction": 0.001947992481291294, "period": 0.9108130931854248, "entropy": 0.0}
{"scene": "R01", "epoch": 14, "epochs": 50, "step": 626, "steps_per_epoch": 912, "elapsed_seconds": 2097.7066469909623, "gradient_norm": 0.32996851205825806, "peak_gb": 13.545200128, "loss": 0.015874449163675308, "reconstruction": 0.002115064300596714, "period": 0.6879692077636719, "entropy": 0.0}
{"scene": "R01", "epoch": 14, "epochs": 50, "step": 651, "steps_per_epoch": 912, "elapsed_seconds": 2101.8966710718814, "gradient_norm": 0.39084672927856445, "peak_gb": 13.545200128, "loss": 0.014767642132937908, "reconstruction": 0.0011469724122434855, "period": 0.6810334920883179, "entropy": 0.0}
{"scene": "R01", "epoch": 14, "epochs": 50, "step": 676, "steps_per_epoch": 912, "elapsed_seconds": 2106.068183477968, "gradient_norm": 0.32717859745025635, "peak_gb": 13.545200128, "loss": 0.01034473441541195, "reconstruction": 0.0018264636164531112, "period": 0.42591357231140137, "entropy": 0.0}
{"scene": "R01", "epoch": 14, "epochs": 50, "step": 701, "steps_per_epoch": 912, "elapsed_seconds": 2110.2350833348464, "gradient_norm": 0.45367541909217834, "peak_gb": 13.545200128, "loss": 0.019020404666662216, "reconstruction": 0.0017314385622739792, "period": 0.8644483685493469, "entropy": 0.0}
{"scene": "R01", "epoch": 14, "epochs": 50, "step": 726, "steps_per_epoch": 912, "elapsed_seconds": 2114.418233990902, "gradient_norm": 0.3925553560256958, "peak_gb": 13.545200128, "loss": 0.014692914672195911, "reconstruction": 0.0019452197011560202, "period": 0.6373847723007202, "entropy": 0.0}
{"scene": "R01", "epoch": 14, "epochs": 50, "step": 751, "steps_per_epoch": 912, "elapsed_seconds": 2118.6026162209455, "gradient_norm": 0.4027504324913025, "peak_gb": 13.545200128, "loss": 0.017645271494984627, "reconstruction": 0.001616193214431405, "period": 0.8014539480209351, "entropy": 0.0}
{"scene": "R01", "epoch": 14, "epochs": 50, "step": 776, "steps_per_epoch": 912, "elapsed_seconds": 2122.7818442429416, "gradient_norm": 0.34772801399230957, "peak_gb": 13.545200128, "loss": 0.01265118271112442, "reconstruction": 0.0011458625085651875, "period": 0.5752660632133484, "entropy": 0.0}
{"scene": "R01", "epoch": 14, "epochs": 50, "step": 801, "steps_per_epoch": 912, "elapsed_seconds": 2126.9524751368444, "gradient_norm": 0.4604588449001312, "peak_gb": 13.545200128, "loss": 0.01813046634197235, "reconstruction": 0.0019413754343986511, "period": 0.8094545602798462, "entropy": 0.0}
{"scene": "R01", "epoch": 14, "epochs": 50, "step": 826, "steps_per_epoch": 912, "elapsed_seconds": 2131.120895160828, "gradient_norm": 0.38508790731430054, "peak_gb": 13.545200128, "loss": 0.016964014619588852, "reconstruction": 0.0014241136377677321, "period": 0.776995062828064, "entropy": 0.0}
{"scene": "R01", "epoch": 14, "epochs": 50, "step": 851, "steps_per_epoch": 912, "elapsed_seconds": 2135.296968176961, "gradient_norm": 0.33120545744895935, "peak_gb": 13.545200128, "loss": 0.016151174902915955, "reconstruction": 0.0010703313164412975, "period": 0.7540422081947327, "entropy": 0.0}
{"scene": "R01", "epoch": 14, "epochs": 50, "step": 876, "steps_per_epoch": 912, "elapsed_seconds": 2139.469820998842, "gradient_norm": 0.35082462430000305, "peak_gb": 13.545200128, "loss": 0.011112011969089508, "reconstruction": 0.0012544997734948993, "period": 0.4928756058216095, "entropy": 0.0}
{"scene": "R01", "epoch": 14, "epochs": 50, "step": 901, "steps_per_epoch": 912, "elapsed_seconds": 2143.6477357440162, "gradient_norm": 0.2108677327632904, "peak_gb": 13.545200128, "loss": 0.007472530007362366, "reconstruction": 0.0013259237166494131, "period": 0.30733031034469604, "entropy": 0.0}
{"epoch": 14, "steps": 912, "seconds": 152.4424233350437, "loss": 0.015599532982154767, "reconstruction": 0.00149796336942624, "period": 0.7050784964343173, "entropy": 0.0}
{"scene": "R01", "epoch": 15, "epochs": 50, "step": 1, "steps_per_epoch": 912, "elapsed_seconds": 2145.706123395823, "gradient_norm": 0.37080565094947815, "peak_gb": 13.545200128, "loss": 0.01387867983430624, "reconstruction": 0.0016641458496451378, "period": 0.6107267141342163, "entropy": 0.0}
{"scene": "R01", "epoch": 15, "epochs": 50, "step": 26, "steps_per_epoch": 912, "elapsed_seconds": 2149.880971545819, "gradient_norm": 0.47791025042533875, "peak_gb": 13.545200128, "loss": 0.02403128892183304, "reconstruction": 0.0015951944515109062, "period": 1.1218047142028809, "entropy": 0.0}
{"scene": "R01", "epoch": 15, "epochs": 50, "step": 51, "steps_per_epoch": 912, "elapsed_seconds": 2154.0534461548086, "gradient_norm": 0.48388147354125977, "peak_gb": 13.545200128, "loss": 0.019359508529305458, "reconstruction": 0.001152094453573227, "period": 0.9103707671165466, "entropy": 0.0}
{"scene": "R01", "epoch": 15, "epochs": 50, "step": 76, "steps_per_epoch": 912, "elapsed_seconds": 2158.239583915798, "gradient_norm": 0.31934335827827454, "peak_gb": 13.545200128, "loss": 0.013546699658036232, "reconstruction": 0.0016576251946389675, "period": 0.594453752040863, "entropy": 0.0}
{"scene": "R01", "epoch": 15, "epochs": 50, "step": 101, "steps_per_epoch": 912, "elapsed_seconds": 2162.422365311999, "gradient_norm": 0.37422120571136475, "peak_gb": 13.545200128, "loss": 0.012223259545862675, "reconstruction": 0.0012385937152430415, "period": 0.5492333173751831, "entropy": 0.0}
{"scene": "R01", "epoch": 15, "epochs": 50, "step": 126, "steps_per_epoch": 912, "elapsed_seconds": 2166.603582185926, "gradient_norm": 0.3576124608516693, "peak_gb": 13.545200128, "loss": 0.010163381695747375, "reconstruction": 0.0010538994101807475, "period": 0.4554741084575653, "entropy": 0.0}
{"scene": "R01", "epoch": 15, "epochs": 50, "step": 151, "steps_per_epoch": 912, "elapsed_seconds": 2170.7881737949792, "gradient_norm": 0.30028441548347473, "peak_gb": 13.545200128, "loss": 0.009887563064694405, "reconstruction": 0.001567854080349207, "period": 0.41598549485206604, "entropy": 0.0}
{"scene": "R01", "epoch": 15, "epochs": 50, "step": 176, "steps_per_epoch": 912, "elapsed_seconds": 2174.9707201968413, "gradient_norm": 0.42477917671203613, "peak_gb": 13.545200128, "loss": 0.017450008541345596, "reconstruction": 0.0015882018487900496, "period": 0.7930903434753418, "entropy": 0.0}
{"scene": "R01", "epoch": 15, "epochs": 50, "step": 201, "steps_per_epoch": 912, "elapsed_seconds": 2179.1423691059463, "gradient_norm": 0.3840150535106659, "peak_gb": 13.545200128, "loss": 0.01496775634586811, "reconstruction": 0.0017911945469677448, "period": 0.65882807970047, "entropy": 0.0}
{"scene": "R01", "epoch": 15, "epochs": 50, "step": 226, "steps_per_epoch": 912, "elapsed_seconds": 2183.3206254639663, "gradient_norm": 0.309492290019989, "peak_gb": 13.545200128, "loss": 0.009700626134872437, "reconstruction": 0.0015323635889217257, "period": 0.4084131121635437, "entropy": 0.0}
{"scene": "R01", "epoch": 15, "epochs": 50, "step": 251, "steps_per_epoch": 912, "elapsed_seconds": 2187.503435542807, "gradient_norm": 0.31472253799438477, "peak_gb": 13.545200128, "loss": 0.011216426268219948, "reconstruction": 0.0012885489268228412, "period": 0.4963938593864441, "entropy": 0.0}
{"scene": "R01", "epoch": 15, "epochs": 50, "step": 276, "steps_per_epoch": 912, "elapsed_seconds": 2191.673369808821, "gradient_norm": 0.5661614537239075, "peak_gb": 13.545200128, "loss": 0.022828182205557823, "reconstruction": 0.0017715528374537826, "period": 1.0528315305709839, "entropy": 0.0}
{"scene": "R01", "epoch": 15, "epochs": 50, "step": 301, "steps_per_epoch": 912, "elapsed_seconds": 2195.8553331890143, "gradient_norm": 0.4575130045413971, "peak_gb": 13.545200128, "loss": 0.011556483805179596, "reconstruction": 0.0010504755191504955, "period": 0.5253003835678101, "entropy": 0.0}
{"scene": "R01", "epoch": 15, "epochs": 50, "step": 326, "steps_per_epoch": 912, "elapsed_seconds": 2200.0377543738578, "gradient_norm": 0.31560027599334717, "peak_gb": 13.545200128, "loss": 0.010282565839588642, "reconstruction": 0.0018809152534231544, "period": 0.42008256912231445, "entropy": 0.0}
{"scene": "R01", "epoch": 15, "epochs": 50, "step": 351, "steps_per_epoch": 912, "elapsed_seconds": 2204.2196850138716, "gradient_norm": 0.4439466893672943, "peak_gb": 13.545200128, "loss": 0.016950756311416626, "reconstruction": 0.0013268953189253807, "period": 0.7811930179595947, "entropy": 0.0}
{"scene": "R01", "epoch": 15, "epochs": 50, "step": 376, "steps_per_epoch": 912, "elapsed_seconds": 2208.396703935927, "gradient_norm": 0.4153100252151489, "peak_gb": 13.545200128, "loss": 0.021783694624900818, "reconstruction": 0.0021834182552993298, "period": 0.9800138473510742, "entropy": 0.0}
{"scene": "R01", "epoch": 15, "epochs": 50, "step": 401, "steps_per_epoch": 912, "elapsed_seconds": 2212.5787796447985, "gradient_norm": 0.3434411883354187, "peak_gb": 13.545200128, "loss": 0.014336972497403622, "reconstruction": 0.0014369252603501081, "period": 0.6450023651123047, "entropy": 0.0}
{"scene": "R01", "epoch": 15, "epochs": 50, "step": 426, "steps_per_epoch": 912, "elapsed_seconds": 2216.753366044024, "gradient_norm": 0.37836554646492004, "peak_gb": 13.545200128, "loss": 0.011945368722081184, "reconstruction": 0.0012629423290491104, "period": 0.5341213345527649, "entropy": 0.0}
{"scene": "R01", "epoch": 15, "epochs": 50, "step": 451, "steps_per_epoch": 912, "elapsed_seconds": 2220.9234380698763, "gradient_norm": 0.5251376032829285, "peak_gb": 13.545200128, "loss": 0.02075437270104885, "reconstruction": 0.001744655892252922, "period": 0.95048588514328, "entropy": 0.0}
{"scene": "R01", "epoch": 15, "epochs": 50, "step": 476, "steps_per_epoch": 912, "elapsed_seconds": 2225.106837503845, "gradient_norm": 0.5010932087898254, "peak_gb": 13.545200128, "loss": 0.022031191736459732, "reconstruction": 0.001429689466021955, "period": 1.0300750732421875, "entropy": 0.0}
{"scene": "R01", "epoch": 15, "epochs": 50, "step": 501, "steps_per_epoch": 912, "elapsed_seconds": 2229.288364520995, "gradient_norm": 0.3988387882709503, "peak_gb": 13.545200128, "loss": 0.015712538734078407, "reconstruction": 0.0011270595714449883, "period": 0.7292739748954773, "entropy": 0.0}
{"scene": "R01", "epoch": 15, "epochs": 50, "step": 526, "steps_per_epoch": 912, "elapsed_seconds": 2233.4660607050173, "gradient_norm": 0.25417670607566833, "peak_gb": 13.545200128, "loss": 0.013173190876841545, "reconstruction": 0.0010934412712231278, "period": 0.603987455368042, "entropy": 0.0}
{"scene": "R01", "epoch": 15, "epochs": 50, "step": 551, "steps_per_epoch": 912, "elapsed_seconds": 2237.638434144901, "gradient_norm": 0.3260774612426758, "peak_gb": 13.545200128, "loss": 0.01352771371603012, "reconstruction": 0.0019383322214707732, "period": 0.5794690847396851, "entropy": 0.0}
{"scene": "R01", "epoch": 15, "epochs": 50, "step": 576, "steps_per_epoch": 912, "elapsed_seconds": 2241.815901407972, "gradient_norm": 0.4963986575603485, "peak_gb": 13.545200128, "loss": 0.018324900418519974, "reconstruction": 0.001858334057033062, "period": 0.8233282566070557, "entropy": 0.0}
{"scene": "R01", "epoch": 15, "epochs": 50, "step": 601, "steps_per_epoch": 912, "elapsed_seconds": 2245.9985765998717, "gradient_norm": 0.4818097949028015, "peak_gb": 13.545200128, "loss": 0.02341700904071331, "reconstruction": 0.001957566710188985, "period": 1.072972059249878, "entropy": 0.0}
{"scene": "R01", "epoch": 15, "epochs": 50, "step": 626, "steps_per_epoch": 912, "elapsed_seconds": 2250.171847887803, "gradient_norm": 0.4303169548511505, "peak_gb": 13.545200128, "loss": 0.017624227330088615, "reconstruction": 0.0011848430149257183, "period": 0.821969211101532, "entropy": 0.0}
{"scene": "R01", "epoch": 15, "epochs": 50, "step": 651, "steps_per_epoch": 912, "elapsed_seconds": 2254.3390754438005, "gradient_norm": 0.5666483640670776, "peak_gb": 13.545200128, "loss": 0.019479697570204735, "reconstruction": 0.001499032136052847, "period": 0.8990333080291748, "entropy": 0.0}
{"scene": "R01", "epoch": 15, "epochs": 50, "step": 676, "steps_per_epoch": 912, "elapsed_seconds": 2258.5055995269213, "gradient_norm": 0.2972562909126282, "peak_gb": 13.545200128, "loss": 0.008824668824672699, "reconstruction": 0.0011115428060293198, "period": 0.38565632700920105, "entropy": 0.0}
{"scene": "R01", "epoch": 15, "epochs": 50, "step": 701, "steps_per_epoch": 912, "elapsed_seconds": 2262.694744077977, "gradient_norm": 0.2871542274951935, "peak_gb": 13.545200128, "loss": 0.010297385044395924, "reconstruction": 0.0016886123921722174, "period": 0.4304386377334595, "entropy": 0.0}
{"scene": "R01", "epoch": 15, "epochs": 50, "step": 726, "steps_per_epoch": 912, "elapsed_seconds": 2266.871872280026, "gradient_norm": 0.3942725956439972, "peak_gb": 13.545200128, "loss": 0.027157321572303772, "reconstruction": 0.0018782917177304626, "period": 1.2639515399932861, "entropy": 0.0}
{"scene": "R01", "epoch": 15, "epochs": 50, "step": 751, "steps_per_epoch": 912, "elapsed_seconds": 2271.054872988956, "gradient_norm": 0.37157776951789856, "peak_gb": 13.545200128, "loss": 0.012953728437423706, "reconstruction": 0.001506897620856762, "period": 0.5723415613174438, "entropy": 0.0}
{"scene": "R01", "epoch": 15, "epochs": 50, "step": 776, "steps_per_epoch": 912, "elapsed_seconds": 2275.2424168568105, "gradient_norm": 0.33981087803840637, "peak_gb": 13.545200128, "loss": 0.01254681870341301, "reconstruction": 0.0011833696626126766, "period": 0.5681724548339844, "entropy": 0.0}
{"scene": "R01", "epoch": 15, "epochs": 50, "step": 801, "steps_per_epoch": 912, "elapsed_seconds": 2279.4252276709303, "gradient_norm": 0.44882556796073914, "peak_gb": 13.545200128, "loss": 0.014402035623788834, "reconstruction": 0.0011535738594830036, "period": 0.6624231338500977, "entropy": 0.0}
{"scene": "R01", "epoch": 15, "epochs": 50, "step": 826, "steps_per_epoch": 912, "elapsed_seconds": 2283.6049562178086, "gradient_norm": 0.41376715898513794, "peak_gb": 13.545200128, "loss": 0.017165614292025566, "reconstruction": 0.0018841692944988608, "period": 0.7640722393989563, "entropy": 0.0}
{"scene": "R01", "epoch": 15, "epochs": 50, "step": 851, "steps_per_epoch": 912, "elapsed_seconds": 2287.7855246798135, "gradient_norm": 0.32549867033958435, "peak_gb": 13.545200128, "loss": 0.010310761630535126, "reconstruction": 0.0010216700611636043, "period": 0.4644545912742615, "entropy": 0.0}
{"scene": "R01", "epoch": 15, "epochs": 50, "step": 876, "steps_per_epoch": 912, "elapsed_seconds": 2291.961334554013, "gradient_norm": 0.6264269948005676, "peak_gb": 13.545200128, "loss": 0.02848934568464756, "reconstruction": 0.0008986191242001951, "period": 1.3795363903045654, "entropy": 0.0}
{"scene": "R01", "epoch": 15, "epochs": 50, "step": 901, "steps_per_epoch": 912, "elapsed_seconds": 2296.138449259801, "gradient_norm": 0.3462953269481659, "peak_gb": 13.545200128, "loss": 0.01209458988159895, "reconstruction": 0.00187414581887424, "period": 0.5110222101211548, "entropy": 0.0}
{"epoch": 15, "steps": 912, "seconds": 152.48613971285522, "loss": 0.014807361635081307, "reconstruction": 0.0014656836862916847, "period": 0.6670839121941019, "entropy": 0.0}
{"scene": "R01", "epoch": 16, "epochs": 50, "step": 1, "steps_per_epoch": 912, "elapsed_seconds": 2303.655887248926, "gradient_norm": 0.2739402651786804, "peak_gb": 13.545200128, "loss": 0.00880502164363861, "reconstruction": 0.0013767797499895096, "period": 0.371412068605423, "entropy": 0.0}
{"scene": "R01", "epoch": 16, "epochs": 50, "step": 26, "steps_per_epoch": 912, "elapsed_seconds": 2307.7957334099337, "gradient_norm": 0.43360435962677, "peak_gb": 13.545200128, "loss": 0.01695389859378338, "reconstruction": 0.0012595318257808685, "period": 0.78471839427948, "entropy": 0.0}
{"scene": "R01", "epoch": 16, "epochs": 50, "step": 51, "steps_per_epoch": 912, "elapsed_seconds": 2311.9537247698754, "gradient_norm": 0.4177394509315491, "peak_gb": 13.545200128, "loss": 0.016115227714180946, "reconstruction": 0.0016448295209556818, "period": 0.7235199213027954, "entropy": 0.0}
{"scene": "R01", "epoch": 16, "epochs": 50, "step": 76, "steps_per_epoch": 912, "elapsed_seconds": 2316.116155531956, "gradient_norm": 0.414947509765625, "peak_gb": 13.545200128, "loss": 0.015043369494378567, "reconstruction": 0.0014507044106721878, "period": 0.6796332597732544, "entropy": 0.0}
{"scene": "R01", "epoch": 16, "epochs": 50, "step": 101, "steps_per_epoch": 912, "elapsed_seconds": 2320.274111947976, "gradient_norm": 0.30398109555244446, "peak_gb": 13.545200128, "loss": 0.010849679820239544, "reconstruction": 0.0018880907446146011, "period": 0.4480794668197632, "entropy": 0.0}
{"scene": "R01", "epoch": 16, "epochs": 50, "step": 126, "steps_per_epoch": 912, "elapsed_seconds": 2324.4387824980076, "gradient_norm": 0.14458292722702026, "peak_gb": 13.545200128, "loss": 0.008574292063713074, "reconstruction": 0.0022001478355377913, "period": 0.3187072277069092, "entropy": 0.0}
{"scene": "R01", "epoch": 16, "epochs": 50, "step": 151, "steps_per_epoch": 912, "elapsed_seconds": 2328.6004363750108, "gradient_norm": 0.3747377395629883, "peak_gb": 13.545200128, "loss": 0.013056555762887001, "reconstruction": 0.0013674916699528694, "period": 0.5844532251358032, "entropy": 0.0}
{"scene": "R01", "epoch": 16, "epochs": 50, "step": 176, "steps_per_epoch": 912, "elapsed_seconds": 2332.769527470926, "gradient_norm": 0.36803847551345825, "peak_gb": 13.545200128, "loss": 0.01207674853503704, "reconstruction": 0.0016008000820875168, "period": 0.5237974524497986, "entropy": 0.0}
{"scene": "R01", "epoch": 16, "epochs": 50, "step": 201, "steps_per_epoch": 912, "elapsed_seconds": 2336.9380445838906, "gradient_norm": 0.5364941358566284, "peak_gb": 13.545200128, "loss": 0.023201115429401398, "reconstruction": 0.002359155099838972, "period": 1.042098045349121, "entropy": 0.0}
{"scene": "R01", "epoch": 16, "epochs": 50, "step": 226, "steps_per_epoch": 912, "elapsed_seconds": 2341.1059211578686, "gradient_norm": 0.36329370737075806, "peak_gb": 13.545200128, "loss": 0.0128300366923213, "reconstruction": 0.001429353840649128, "period": 0.5700341463088989, "entropy": 0.0}
{"scene": "R01", "epoch": 16, "epochs": 50, "step": 251, "steps_per_epoch": 912, "elapsed_seconds": 2345.273052336881, "gradient_norm": 0.4728521406650543, "peak_gb": 13.545200128, "loss": 0.02602672204375267, "reconstruction": 0.0016676372615620494, "period": 1.2179542779922485, "entropy": 0.0}
{"scene": "R01", "epoch": 16, "epochs": 50, "step": 276, "steps_per_epoch": 912, "elapsed_seconds": 2349.4417241120245, "gradient_norm": 0.33595332503318787, "peak_gb": 13.545200128, "loss": 0.012341753579676151, "reconstruction": 0.0012232264271005988, "period": 0.5559263825416565, "entropy": 0.0}
{"scene": "R01", "epoch": 16, "epochs": 50, "step": 301, "steps_per_epoch": 912, "elapsed_seconds": 2353.6072797409724, "gradient_norm": 0.2716527581214905, "peak_gb": 13.545200128, "loss": 0.011501014232635498, "reconstruction": 0.0015784581191837788, "period": 0.4961278438568115, "entropy": 0.0}
{"scene": "R01", "epoch": 16, "epochs": 50, "step": 326, "steps_per_epoch": 912, "elapsed_seconds": 2357.77362232795, "gradient_norm": 0.3816671669483185, "peak_gb": 13.545200128, "loss": 0.0174691341817379, "reconstruction": 0.0020302128978073597, "period": 0.7719460725784302, "entropy": 0.0}
{"scene": "R01", "epoch": 16, "epochs": 50, "step": 351, "steps_per_epoch": 912, "elapsed_seconds": 2361.9475445759017, "gradient_norm": 0.37569460272789, "peak_gb": 13.545200128, "loss": 0.014950787648558617, "reconstruction": 0.002624318702146411, "period": 0.6163234710693359, "entropy": 0.0}
{"scene": "R01", "epoch": 16, "epochs": 50, "step": 376, "steps_per_epoch": 912, "elapsed_seconds": 2366.1353287068196, "gradient_norm": 0.3373229205608368, "peak_gb": 13.545200128, "loss": 0.01292657945305109, "reconstruction": 0.001220984268002212, "period": 0.5852797627449036, "entropy": 0.0}
{"scene": "R01", "epoch": 16, "epochs": 50, "step": 401, "steps_per_epoch": 912, "elapsed_seconds": 2370.3203125200234, "gradient_norm": 0.48665839433670044, "peak_gb": 13.545200128, "loss": 0.02389487996697426, "reconstruction": 0.0013426290825009346, "period": 1.127612590789795, "entropy": 0.0}
{"scene": "R01", "epoch": 16, "epochs": 50, "step": 426, "steps_per_epoch": 912, "elapsed_seconds": 2374.506642555818, "gradient_norm": 0.8937055468559265, "peak_gb": 13.545200128, "loss": 0.06050731614232063, "reconstruction": 0.0010535514447838068, "period": 2.9726881980895996, "entropy": 0.0}
{"scene": "R01", "epoch": 16, "epochs": 50, "step": 451, "steps_per_epoch": 912, "elapsed_seconds": 2378.6925267968327, "gradient_norm": 0.2744477689266205, "peak_gb": 13.545200128, "loss": 0.008578295819461346, "reconstruction": 0.0013431040570139885, "period": 0.36175960302352905, "entropy": 0.0}
{"scene": "R01", "epoch": 16, "epochs": 50, "step": 476, "steps_per_epoch": 912, "elapsed_seconds": 2382.9070214407984, "gradient_norm": 0.2801336348056793, "peak_gb": 13.545200128, "loss": 0.010196423158049583, "reconstruction": 0.0022198916412889957, "period": 0.39882662892341614, "entropy": 0.0}
{"scene": "R01", "epoch": 16, "epochs": 50, "step": 501, "steps_per_epoch": 912, "elapsed_seconds": 2387.0914279969875, "gradient_norm": 0.3835720121860504, "peak_gb": 13.545200128, "loss": 0.015349670313298702, "reconstruction": 0.0010763320606201887, "period": 0.7136669158935547, "entropy": 0.0}
{"scene": "R01", "epoch": 16, "epochs": 50, "step": 526, "steps_per_epoch": 912, "elapsed_seconds": 2391.27449885197, "gradient_norm": 0.3726382255554199, "peak_gb": 13.545200128, "loss": 0.015587326139211655, "reconstruction": 0.0015170157421380281, "period": 0.7035155296325684, "entropy": 0.0}
{"scene": "R01", "epoch": 16, "epochs": 50, "step": 551, "steps_per_epoch": 912, "elapsed_seconds": 2395.455135041848, "gradient_norm": 0.17371824383735657, "peak_gb": 13.545200128, "loss": 0.005044206511229277, "reconstruction": 0.0015718457289040089, "period": 0.17361804842948914, "entropy": 0.0}
{"scene": "R01", "epoch": 16, "epochs": 50, "step": 576, "steps_per_epoch": 912, "elapsed_seconds": 2399.6434607550036, "gradient_norm": 0.3106688857078552, "peak_gb": 13.545200128, "loss": 0.01344818901270628, "reconstruction": 0.0017608882626518607, "period": 0.5843650698661804, "entropy": 0.0}
{"scene": "R01", "epoch": 16, "epochs": 50, "step": 601, "steps_per_epoch": 912, "elapsed_seconds": 2403.8338655398693, "gradient_norm": 0.342570424079895, "peak_gb": 13.545200128, "loss": 0.013924967497587204, "reconstruction": 0.0014045664574950933, "period": 0.626020073890686, "entropy": 0.0}
{"scene": "R01", "epoch": 16, "epochs": 50, "step": 626, "steps_per_epoch": 912, "elapsed_seconds": 2408.0212951938156, "gradient_norm": 0.4417382478713989, "peak_gb": 13.545200128, "loss": 0.016219517216086388, "reconstruction": 0.0012650842545554042, "period": 0.7477216720581055, "entropy": 0.0}
{"scene": "R01", "epoch": 16, "epochs": 50, "step": 651, "steps_per_epoch": 912, "elapsed_seconds": 2412.190765192965, "gradient_norm": 0.18460527062416077, "peak_gb": 13.545200128, "loss": 0.005518841557204723, "reconstruction": 0.0010227835737168789, "period": 0.2248028963804245, "entropy": 0.0}
{"scene": "R01", "epoch": 16, "epochs": 50, "step": 676, "steps_per_epoch": 912, "elapsed_seconds": 2416.358568370808, "gradient_norm": 0.31160908937454224, "peak_gb": 13.545200128, "loss": 0.01203138567507267, "reconstruction": 0.0015406599268317223, "period": 0.5245363116264343, "entropy": 0.0}
{"scene": "R01", "epoch": 16, "epochs": 50, "step": 701, "steps_per_epoch": 912, "elapsed_seconds": 2420.5478582368232, "gradient_norm": 0.3122430145740509, "peak_gb": 13.545200128, "loss": 0.008219021372497082, "reconstruction": 0.001140232547186315, "period": 0.3539394736289978, "entropy": 0.0}
{"scene": "R01", "epoch": 16, "epochs": 50, "step": 726, "steps_per_epoch": 912, "elapsed_seconds": 2424.7290950380266, "gradient_norm": 0.536016047000885, "peak_gb": 13.545200128, "loss": 0.021106736734509468, "reconstruction": 0.0010665354784578085, "period": 1.0020101070404053, "entropy": 0.0}
{"scene": "R01", "epoch": 16, "epochs": 50, "step": 751, "steps_per_epoch": 912, "elapsed_seconds": 2428.9143387388904, "gradient_norm": 0.17724646627902985, "peak_gb": 13.545200128, "loss": 0.005428235046565533, "reconstruction": 0.0014420802472159266, "period": 0.19930773973464966, "entropy": 0.0}
{"scene": "R01", "epoch": 16, "epochs": 50, "step": 776, "steps_per_epoch": 912, "elapsed_seconds": 2433.093572980026, "gradient_norm": 0.4144171476364136, "peak_gb": 13.545200128, "loss": 0.013808672316372395, "reconstruction": 0.0015569841489195824, "period": 0.6125844120979309, "entropy": 0.0}
{"scene": "R01", "epoch": 16, "epochs": 50, "step": 801, "steps_per_epoch": 912, "elapsed_seconds": 2437.2756387370173, "gradient_norm": 0.47963663935661316, "peak_gb": 13.545200128, "loss": 0.01692035049200058, "reconstruction": 0.0010714598465710878, "period": 0.7924445271492004, "entropy": 0.0}
{"scene": "R01", "epoch": 16, "epochs": 50, "step": 826, "steps_per_epoch": 912, "elapsed_seconds": 2441.4665303640068, "gradient_norm": 0.3843483030796051, "peak_gb": 13.545200128, "loss": 0.015524020418524742, "reconstruction": 0.001596907153725624, "period": 0.6963557004928589, "entropy": 0.0}
{"scene": "R01", "epoch": 16, "epochs": 50, "step": 851, "steps_per_epoch": 912, "elapsed_seconds": 2445.658290083986, "gradient_norm": 0.3687492311000824, "peak_gb": 13.545200128, "loss": 0.01220894418656826, "reconstruction": 0.0012047940399497747, "period": 0.5502074956893921, "entropy": 0.0}
{"scene": "R01", "epoch": 16, "epochs": 50, "step": 876, "steps_per_epoch": 912, "elapsed_seconds": 2449.841501368908, "gradient_norm": 0.430226594209671, "peak_gb": 13.545200128, "loss": 0.01401533279567957, "reconstruction": 0.0009551820112392306, "period": 0.6530075669288635, "entropy": 0.0}
{"scene": "R01", "epoch": 16, "epochs": 50, "step": 901, "steps_per_epoch": 912, "elapsed_seconds": 2454.0304583769757, "gradient_norm": 0.3237021267414093, "peak_gb": 13.545200128, "loss": 0.009760125540196896, "reconstruction": 0.0010883377399295568, "period": 0.433589369058609, "entropy": 0.0}
{"epoch": 16, "steps": 912, "seconds": 152.42592971702106, "loss": 0.01392098832895914, "reconstruction": 0.0014225118636539648, "period": 0.6249238377959844, "entropy": 0.0}
{"scene": "R01", "epoch": 17, "epochs": 50, "step": 1, "steps_per_epoch": 912, "elapsed_seconds": 2456.1201329638716, "gradient_norm": 0.3547777533531189, "peak_gb": 13.545200128, "loss": 0.012708043679594994, "reconstruction": 0.0022822211030870676, "period": 0.5212911367416382, "entropy": 0.0}
{"scene": "R01", "epoch": 17, "epochs": 50, "step": 26, "steps_per_epoch": 912, "elapsed_seconds": 2460.301286556991, "gradient_norm": 0.35408127307891846, "peak_gb": 13.545200128, "loss": 0.012978576123714447, "reconstruction": 0.0010766757186502218, "period": 0.5950950384140015, "entropy": 0.0}
{"scene": "R01", "epoch": 17, "epochs": 50, "step": 51, "steps_per_epoch": 912, "elapsed_seconds": 2464.4924640618265, "gradient_norm": 0.26638132333755493, "peak_gb": 13.545200128, "loss": 0.008561039343476295, "reconstruction": 0.0012243990786373615, "period": 0.36683201789855957, "entropy": 0.0}
{"scene": "R01", "epoch": 17, "epochs": 50, "step": 76, "steps_per_epoch": 912, "elapsed_seconds": 2468.6749567878433, "gradient_norm": 0.3979440927505493, "peak_gb": 13.545200128, "loss": 0.013524947687983513, "reconstruction": 0.001058558002114296, "period": 0.6233195066452026, "entropy": 0.0}
{"scene": "R01", "epoch": 17, "epochs": 50, "step": 101, "steps_per_epoch": 912, "elapsed_seconds": 2472.8630128158256, "gradient_norm": 0.32427871227264404, "peak_gb": 13.545200128, "loss": 0.011881555430591106, "reconstruction": 0.0014451248571276665, "period": 0.5218215584754944, "entropy": 0.0}
{"scene": "R01", "epoch": 17, "epochs": 50, "step": 126, "steps_per_epoch": 912, "elapsed_seconds": 2477.0454279659316, "gradient_norm": 0.4396156966686249, "peak_gb": 13.545200128, "loss": 0.022063111886382103, "reconstruction": 0.0010504176607355475, "period": 1.050634741783142, "entropy": 0.0}
{"scene": "R01", "epoch": 17, "epochs": 50, "step": 151, "steps_per_epoch": 912, "elapsed_seconds": 2481.227395672817, "gradient_norm": 0.3261866569519043, "peak_gb": 13.545200128, "loss": 0.00991846714168787, "reconstruction": 0.001588596380315721, "period": 0.41649356484413147, "entropy": 0.0}
{"scene": "R01", "epoch": 17, "epochs": 50, "step": 176, "steps_per_epoch": 912, "elapsed_seconds": 2485.41043461184, "gradient_norm": 0.14730510115623474, "peak_gb": 13.545200128, "loss": 0.004903789609670639, "reconstruction": 0.00127182318829, "period": 0.18159833550453186, "entropy": 0.0}
{"scene": "R01", "epoch": 17, "epochs": 50, "step": 201, "steps_per_epoch": 912, "elapsed_seconds": 2489.577114651911, "gradient_norm": 0.4851120710372925, "peak_gb": 13.545200128, "loss": 0.019704313948750496, "reconstruction": 0.001999972388148308, "period": 0.8852170705795288, "entropy": 0.0}
{"scene": "R01", "epoch": 17, "epochs": 50, "step": 226, "steps_per_epoch": 912, "elapsed_seconds": 2493.7655977120157, "gradient_norm": 0.36406171321868896, "peak_gb": 13.545200128, "loss": 0.011563844047486782, "reconstruction": 0.001339447102509439, "period": 0.51121985912323, "entropy": 0.0}
{"scene": "R01", "epoch": 17, "epochs": 50, "step": 251, "steps_per_epoch": 912, "elapsed_seconds": 2497.95552053093, "gradient_norm": 0.4511743485927582, "peak_gb": 13.545200128, "loss": 0.016563700512051582, "reconstruction": 0.002036429475992918, "period": 0.7263635993003845, "entropy": 0.0}
{"scene": "R01", "epoch": 17, "epochs": 50, "step": 276, "steps_per_epoch": 912, "elapsed_seconds": 2502.144655887969, "gradient_norm": 0.34567615389823914, "peak_gb": 13.545200128, "loss": 0.01055972557514906, "reconstruction": 0.0009799249237403274, "period": 0.4789900779724121, "entropy": 0.0}
{"scene": "R01", "epoch": 17, "epochs": 50, "step": 301, "steps_per_epoch": 912, "elapsed_seconds": 2506.3289241108578, "gradient_norm": 0.225721076130867, "peak_gb": 13.545200128, "loss": 0.006774515844881535, "reconstruction": 0.0010749590583145618, "period": 0.28497785329818726, "entropy": 0.0}
{"scene": "R01", "epoch": 17, "epochs": 50, "step": 326, "steps_per_epoch": 912, "elapsed_seconds": 2510.5100655208807, "gradient_norm": 0.4942595958709717, "peak_gb": 13.545200128, "loss": 0.024961372837424278, "reconstruction": 0.0010132133029401302, "period": 1.1974079608917236, "entropy": 0.0}
{"scene": "R01", "epoch": 17, "epochs": 50, "step": 351, "steps_per_epoch": 912, "elapsed_seconds": 2514.681004879996, "gradient_norm": 0.4274180829524994, "peak_gb": 13.545200128, "loss": 0.017904672771692276, "reconstruction": 0.0021730668377131224, "period": 0.7865803241729736, "entropy": 0.0}
{"scene": "R01", "epoch": 17, "epochs": 50, "step": 376, "steps_per_epoch": 912, "elapsed_seconds": 2518.8613949548453, "gradient_norm": 0.5096853971481323, "peak_gb": 13.545200128, "loss": 0.01890946552157402, "reconstruction": 0.0015199773479253054, "period": 0.8694743514060974, "entropy": 0.0}
{"scene": "R01", "epoch": 17, "epochs": 50, "step": 401, "steps_per_epoch": 912, "elapsed_seconds": 2523.0430966108106, "gradient_norm": 0.1460023820400238, "peak_gb": 13.545200128, "loss": 0.0041121188551187515, "reconstruction": 0.000998280942440033, "period": 0.15569190680980682, "entropy": 0.0}
{"scene": "R01", "epoch": 17, "epochs": 50, "step": 426, "steps_per_epoch": 912, "elapsed_seconds": 2527.2125336970203, "gradient_norm": 0.349310040473938, "peak_gb": 13.545200128, "loss": 0.00948251597583294, "reconstruction": 0.0010416526347398758, "period": 0.42204317450523376, "entropy": 0.0}
{"scene": "R01", "epoch": 17, "epochs": 50, "step": 451, "steps_per_epoch": 912, "elapsed_seconds": 2531.393681862857, "gradient_norm": 0.4724520146846771, "peak_gb": 13.545200128, "loss": 0.011163447983562946, "reconstruction": 0.0009894598042592406, "period": 0.5086994171142578, "entropy": 0.0}
{"scene": "R01", "epoch": 17, "epochs": 50, "step": 476, "steps_per_epoch": 912, "elapsed_seconds": 2535.577693285886, "gradient_norm": 0.5152779817581177, "peak_gb": 13.545200128, "loss": 0.013306948356330395, "reconstruction": 0.001080822548829019, "period": 0.6113063097000122, "entropy": 0.0}
{"scene": "R01", "epoch": 17, "epochs": 50, "step": 501, "steps_per_epoch": 912, "elapsed_seconds": 2539.7615042298567, "gradient_norm": 0.3502866327762604, "peak_gb": 13.545200128, "loss": 0.011335263028740883, "reconstruction": 0.0010313508100807667, "period": 0.5151956081390381, "entropy": 0.0}
{"scene": "R01", "epoch": 17, "epochs": 50, "step": 526, "steps_per_epoch": 912, "elapsed_seconds": 2543.9472257648595, "gradient_norm": 0.1734764277935028, "peak_gb": 13.545200128, "loss": 0.00412644911557436, "reconstruction": 0.0009505212074145675, "period": 0.15879639983177185, "entropy": 0.0}
{"scene": "R01", "epoch": 17, "epochs": 50, "step": 551, "steps_per_epoch": 912, "elapsed_seconds": 2548.1364898688626, "gradient_norm": 0.34873518347740173, "peak_gb": 13.545200128, "loss": 0.009032780304551125, "reconstruction": 0.00120650976896286, "period": 0.3913135528564453, "entropy": 0.0}
{"scene": "R01", "epoch": 17, "epochs": 50, "step": 576, "steps_per_epoch": 912, "elapsed_seconds": 2552.322168001905, "gradient_norm": 0.3410106301307678, "peak_gb": 13.545200128, "loss": 0.010159214027225971, "reconstruction": 0.0012225958053022623, "period": 0.4468309283256531, "entropy": 0.0}
{"scene": "R01", "epoch": 17, "epochs": 50, "step": 601, "steps_per_epoch": 912, "elapsed_seconds": 2556.5137795319315, "gradient_norm": 0.3694089353084564, "peak_gb": 13.545200128, "loss": 0.011545883491635323, "reconstruction": 0.0010875111911445856, "period": 0.5229186415672302, "entropy": 0.0}
{"scene": "R01", "epoch": 17, "epochs": 50, "step": 626, "steps_per_epoch": 912, "elapsed_seconds": 2560.694023408927, "gradient_norm": 0.6197924017906189, "peak_gb": 13.545200128, "loss": 0.03580199182033539, "reconstruction": 0.00129790254868567, "period": 1.7252044677734375, "entropy": 0.0}
{"scene": "R01", "epoch": 17, "epochs": 50, "step": 651, "steps_per_epoch": 912, "elapsed_seconds": 2564.869743196992, "gradient_norm": 0.46007847785949707, "peak_gb": 13.545200128, "loss": 0.022174468263983727, "reconstruction": 0.0016832693945616484, "period": 1.0245599746704102, "entropy": 0.0}
{"scene": "R01", "epoch": 17, "epochs": 50, "step": 676, "steps_per_epoch": 912, "elapsed_seconds": 2569.044788835803, "gradient_norm": 0.5423070788383484, "peak_gb": 13.545200128, "loss": 0.02346695400774479, "reconstruction": 0.0018923194147646427, "period": 1.0787317752838135, "entropy": 0.0}
{"scene": "R01", "epoch": 17, "epochs": 50, "step": 701, "steps_per_epoch": 912, "elapsed_seconds": 2573.2203729928005, "gradient_norm": 0.30519184470176697, "peak_gb": 13.545200128, "loss": 0.008560018613934517, "reconstruction": 0.0011161568108946085, "period": 0.3721930980682373, "entropy": 0.0}
{"scene": "R01", "epoch": 17, "epochs": 50, "step": 726, "steps_per_epoch": 912, "elapsed_seconds": 2577.3948240359314, "gradient_norm": 0.3565748929977417, "peak_gb": 13.545200128, "loss": 0.014251679182052612, "reconstruction": 0.0016568496357649565, "period": 0.6297414898872375, "entropy": 0.0}
{"scene": "R01", "epoch": 17, "epochs": 50, "step": 751, "steps_per_epoch": 912, "elapsed_seconds": 2581.5766880598385, "gradient_norm": 0.25981107354164124, "peak_gb": 13.545200128, "loss": 0.008777258917689323, "reconstruction": 0.001350411563180387, "period": 0.37134236097335815, "entropy": 0.0}
{"scene": "R01", "epoch": 17, "epochs": 50, "step": 776, "steps_per_epoch": 912, "elapsed_seconds": 2585.7441254658625, "gradient_norm": 0.5061290860176086, "peak_gb": 13.545200128, "loss": 0.01870407722890377, "reconstruction": 0.0011692182160913944, "period": 0.876742959022522, "entropy": 0.0}
{"scene": "R01", "epoch": 17, "epochs": 50, "step": 801, "steps_per_epoch": 912, "elapsed_seconds": 2589.9156700908206, "gradient_norm": 0.40101176500320435, "peak_gb": 13.545200128, "loss": 0.012409170158207417, "reconstruction": 0.0017660900484770536, "period": 0.5321540236473083, "entropy": 0.0}
{"scene": "R01", "epoch": 17, "epochs": 50, "step": 826, "steps_per_epoch": 912, "elapsed_seconds": 2594.093916667858, "gradient_norm": 0.42114049196243286, "peak_gb": 13.545200128, "loss": 0.014146074652671814, "reconstruction": 0.0017360548954457045, "period": 0.6205009818077087, "entropy": 0.0}
{"scene": "R01", "epoch": 17, "epochs": 50, "step": 851, "steps_per_epoch": 912, "elapsed_seconds": 2598.2603759448975, "gradient_norm": 0.34765002131462097, "peak_gb": 13.545200128, "loss": 0.014188401401042938, "reconstruction": 0.0013102845987305045, "period": 0.6439058780670166, "entropy": 0.0}
{"scene": "R01", "epoch": 17, "epochs": 50, "step": 876, "steps_per_epoch": 912, "elapsed_seconds": 2602.4379258388653, "gradient_norm": 0.2533906102180481, "peak_gb": 13.545200128, "loss": 0.007166944444179535, "reconstruction": 0.0009156273445114493, "period": 0.3125658631324768, "entropy": 0.0}
{"scene": "R01", "epoch": 17, "epochs": 50, "step": 901, "steps_per_epoch": 912, "elapsed_seconds": 2606.6115964339115, "gradient_norm": 0.2726927697658539, "peak_gb": 13.545200128, "loss": 0.008044089190661907, "reconstruction": 0.0014261807082220912, "period": 0.33089542388916016, "entropy": 0.0}
{"epoch": 17, "steps": 912, "seconds": 152.5734306948725, "loss": 0.013064233896888286, "reconstruction": 0.0013861501848671316, "period": 0.5839042005276209, "entropy": 0.0}
{"scene": "R01", "epoch": 18, "epochs": 50, "step": 1, "steps_per_epoch": 912, "elapsed_seconds": 2608.696119952947, "gradient_norm": 0.21271222829818726, "peak_gb": 13.545200128, "loss": 0.006707194726914167, "reconstruction": 0.0017743250355124474, "period": 0.24664348363876343, "entropy": 0.0}
{"scene": "R01", "epoch": 18, "epochs": 50, "step": 26, "steps_per_epoch": 912, "elapsed_seconds": 2612.8614265199285, "gradient_norm": 0.29755669832229614, "peak_gb": 13.545200128, "loss": 0.008827773854136467, "reconstruction": 0.0013763371389359236, "period": 0.37257182598114014, "entropy": 0.0}
{"scene": "R01", "epoch": 18, "epochs": 50, "step": 51, "steps_per_epoch": 912, "elapsed_seconds": 2617.051312464988, "gradient_norm": 0.5328580141067505, "peak_gb": 13.545200128, "loss": 0.015137267298996449, "reconstruction": 0.0010573405306786299, "period": 0.7039963603019714, "entropy": 0.0}
{"scene": "R01", "epoch": 18, "epochs": 50, "step": 76, "steps_per_epoch": 912, "elapsed_seconds": 2621.231873656856, "gradient_norm": 0.10973580181598663, "peak_gb": 13.545200128, "loss": 0.0031464905478060246, "reconstruction": 0.0012191950809210539, "period": 0.09636478126049042, "entropy": 0.0}
{"scene": "R01", "epoch": 18, "epochs": 50, "step": 101, "steps_per_epoch": 912, "elapsed_seconds": 2625.4070611959323, "gradient_norm": 0.15088637173175812, "peak_gb": 13.545200128, "loss": 0.005568912252783775, "reconstruction": 0.0009940608870238066, "period": 0.2287425547838211, "entropy": 0.0}
{"scene": "R01", "epoch": 18, "epochs": 50, "step": 126, "steps_per_epoch": 912, "elapsed_seconds": 2629.584675648948, "gradient_norm": 0.34135547280311584, "peak_gb": 13.545200128, "loss": 0.015410764142870903, "reconstruction": 0.0020525772124528885, "period": 0.6679093837738037, "entropy": 0.0}
{"scene": "R01", "epoch": 18, "epochs": 50, "step": 151, "steps_per_epoch": 912, "elapsed_seconds": 2633.7740022209473, "gradient_norm": 0.47342970967292786, "peak_gb": 13.545200128, "loss": 0.015747126191854477, "reconstruction": 0.0016138169448822737, "period": 0.7066655158996582, "entropy": 0.0}
{"scene": "R01", "epoch": 18, "epochs": 50, "step": 176, "steps_per_epoch": 912, "elapsed_seconds": 2637.9576008138247, "gradient_norm": 0.4386325478553772, "peak_gb": 13.545200128, "loss": 0.018323630094528198, "reconstruction": 0.0021859323605895042, "period": 0.8068848848342896, "entropy": 0.0}
{"scene": "R01", "epoch": 18, "epochs": 50, "step": 201, "steps_per_epoch": 912, "elapsed_seconds": 2642.1292110448703, "gradient_norm": 0.4973052442073822, "peak_gb": 13.545200128, "loss": 0.021237393841147423, "reconstruction": 0.0013600842794403434, "period": 0.993865430355072, "entropy": 0.0}
{"scene": "R01", "epoch": 18, "epochs": 50, "step": 226, "steps_per_epoch": 912, "elapsed_seconds": 2646.309634831967, "gradient_norm": 0.32067254185676575, "peak_gb": 13.545200128, "loss": 0.008391998708248138, "reconstruction": 0.0016209706664085388, "period": 0.33855143189430237, "entropy": 0.0}
{"scene": "R01", "epoch": 18, "epochs": 50, "step": 251, "steps_per_epoch": 912, "elapsed_seconds": 2650.4957804069854, "gradient_norm": 0.5290325880050659, "peak_gb": 13.545200128, "loss": 0.02776120789349079, "reconstruction": 0.0008817943162284791, "period": 1.3439706563949585, "entropy": 0.0}
{"scene": "R01", "epoch": 18, "epochs": 50, "step": 276, "steps_per_epoch": 912, "elapsed_seconds": 2654.6647656809073, "gradient_norm": 0.37899360060691833, "peak_gb": 13.545200128, "loss": 0.009975273162126541, "reconstruction": 0.0010011089034378529, "period": 0.448708176612854, "entropy": 0.0}
{"scene": "R01", "epoch": 18, "epochs": 50, "step": 301, "steps_per_epoch": 912, "elapsed_seconds": 2658.8461029329337, "gradient_norm": 0.49421241879463196, "peak_gb": 13.545200128, "loss": 0.017484741285443306, "reconstruction": 0.001282476936466992, "period": 0.8101131916046143, "entropy": 0.0}
{"scene": "R01", "epoch": 18, "epochs": 50, "step": 326, "steps_per_epoch": 912, "elapsed_seconds": 2663.01232731482, "gradient_norm": 0.3439600169658661, "peak_gb": 13.545200128, "loss": 0.010522742755711079, "reconstruction": 0.001455589197576046, "period": 0.4533576965332031, "entropy": 0.0}
{"scene": "R01", "epoch": 18, "epochs": 50, "step": 351, "steps_per_epoch": 912, "elapsed_seconds": 2667.1875045979396, "gradient_norm": 0.5438905954360962, "peak_gb": 13.545200128, "loss": 0.023574592545628548, "reconstruction": 0.001185796456411481, "period": 1.1194398403167725, "entropy": 0.0}
{"scene": "R01", "epoch": 18, "epochs": 50, "step": 376, "steps_per_epoch": 912, "elapsed_seconds": 2671.3743128399365, "gradient_norm": 0.27147799730300903, "peak_gb": 13.545200128, "loss": 0.008112488314509392, "reconstruction": 0.001215667463839054, "period": 0.3448410630226135, "entropy": 0.0}
{"scene": "R01", "epoch": 18, "epochs": 50, "step": 401, "steps_per_epoch": 912, "elapsed_seconds": 2675.5591149928514, "gradient_norm": 0.42652010917663574, "peak_gb": 13.545200128, "loss": 0.014979318715631962, "reconstruction": 0.0017903301632031798, "period": 0.6594494581222534, "entropy": 0.0}
{"scene": "R01", "epoch": 18, "epochs": 50, "step": 426, "steps_per_epoch": 912, "elapsed_seconds": 2679.7296622358263, "gradient_norm": 0.3628840446472168, "peak_gb": 13.545200128, "loss": 0.011750195175409317, "reconstruction": 0.0016105703543871641, "period": 0.5069812536239624, "entropy": 0.0}
{"scene": "R01", "epoch": 18, "epochs": 50, "step": 451, "steps_per_epoch": 912, "elapsed_seconds": 2683.900962852873, "gradient_norm": 0.5570546984672546, "peak_gb": 13.545200128, "loss": 0.02459876425564289, "reconstruction": 0.0012324999552220106, "period": 1.1683132648468018, "entropy": 0.0}
{"scene": "R01", "epoch": 18, "epochs": 50, "step": 476, "steps_per_epoch": 912, "elapsed_seconds": 2688.0756956539117, "gradient_norm": 0.45555758476257324, "peak_gb": 13.545200128, "loss": 0.01680266112089157, "reconstruction": 0.0009558568708598614, "period": 0.7923402190208435, "entropy": 0.0}
{"scene": "R01", "epoch": 18, "epochs": 50, "step": 501, "steps_per_epoch": 912, "elapsed_seconds": 2692.252941126935, "gradient_norm": 0.4248952865600586, "peak_gb": 13.545200128, "loss": 0.01257086917757988, "reconstruction": 0.001050880877301097, "period": 0.5759994387626648, "entropy": 0.0}
{"scene": "R01", "epoch": 18, "epochs": 50, "step": 526, "steps_per_epoch": 912, "elapsed_seconds": 2696.4286973769777, "gradient_norm": 0.4748251736164093, "peak_gb": 13.545200128, "loss": 0.015747949481010437, "reconstruction": 0.0013751690275967121, "period": 0.718639075756073, "entropy": 0.0}
{"scene": "R01", "epoch": 18, "epochs": 50, "step": 551, "steps_per_epoch": 912, "elapsed_seconds": 2700.6139524378814, "gradient_norm": 0.4828335642814636, "peak_gb": 13.545200128, "loss": 0.01658540591597557, "reconstruction": 0.002053664531558752, "period": 0.7265871167182922, "entropy": 0.0}
{"scene": "R01", "epoch": 18, "epochs": 50, "step": 576, "steps_per_epoch": 912, "elapsed_seconds": 2704.79600037192, "gradient_norm": 0.4224866032600403, "peak_gb": 13.545200128, "loss": 0.013004499487578869, "reconstruction": 0.002103150589391589, "period": 0.5450674295425415, "entropy": 0.0}
{"scene": "R01", "epoch": 18, "epochs": 50, "step": 601, "steps_per_epoch": 912, "elapsed_seconds": 2708.966625394998, "gradient_norm": 0.3705977201461792, "peak_gb": 13.545200128, "loss": 0.012033233419060707, "reconstruction": 0.0015908093191683292, "period": 0.5221211910247803, "entropy": 0.0}
{"scene": "R01", "epoch": 18, "epochs": 50, "step": 626, "steps_per_epoch": 912, "elapsed_seconds": 2713.1504816578235, "gradient_norm": 0.46809691190719604, "peak_gb": 13.545200128, "loss": 0.02002663165330887, "reconstruction": 0.0010592446196824312, "period": 0.9483693838119507, "entropy": 0.0}
{"scene": "R01", "epoch": 18, "epochs": 50, "step": 651, "steps_per_epoch": 912, "elapsed_seconds": 2717.3139217898715, "gradient_norm": 0.416948139667511, "peak_gb": 13.545200128, "loss": 0.01511882059276104, "reconstruction": 0.0010054901940748096, "period": 0.7056665420532227, "entropy": 0.0}
{"scene": "R01", "epoch": 18, "epochs": 50, "step": 676, "steps_per_epoch": 912, "elapsed_seconds": 2721.4954887300264, "gradient_norm": 0.5112331509590149, "peak_gb": 13.545200128, "loss": 0.01710358075797558, "reconstruction": 0.0015047633787617087, "period": 0.7799408435821533, "entropy": 0.0}
{"scene": "R01", "epoch": 18, "epochs": 50, "step": 701, "steps_per_epoch": 912, "elapsed_seconds": 2725.6633127999958, "gradient_norm": 0.16927345097064972, "peak_gb": 13.545200128, "loss": 0.00511163892224431, "reconstruction": 0.0010192319750785828, "period": 0.204620361328125, "entropy": 0.0}
{"scene": "R01", "epoch": 18, "epochs": 50, "step": 726, "steps_per_epoch": 912, "elapsed_seconds": 2729.8467903470155, "gradient_norm": 0.19840462505817413, "peak_gb": 13.545200128, "loss": 0.012089400552213192, "reconstruction": 0.0014076435472816229, "period": 0.5340878367424011, "entropy": 0.0}
{"scene": "R01", "epoch": 18, "epochs": 50, "step": 751, "steps_per_epoch": 912, "elapsed_seconds": 2734.02579093189, "gradient_norm": 0.46930351853370667, "peak_gb": 13.545200128, "loss": 0.020825915038585663, "reconstruction": 0.0010737584671005607, "period": 0.9876078367233276, "entropy": 0.0}
{"scene": "R01", "epoch": 18, "epochs": 50, "step": 776, "steps_per_epoch": 912, "elapsed_seconds": 2738.19649026799, "gradient_norm": 0.2922256588935852, "peak_gb": 13.545200128, "loss": 0.008100859820842743, "reconstruction": 0.00133377721067518, "period": 0.3383541405200958, "entropy": 0.0}
{"scene": "R01", "epoch": 18, "epochs": 50, "step": 801, "steps_per_epoch": 912, "elapsed_seconds": 2742.3757732019294, "gradient_norm": 0.3004539906978607, "peak_gb": 13.545200128, "loss": 0.008690007962286472, "reconstruction": 0.0009492870303802192, "period": 0.3870360553264618, "entropy": 0.0}
{"scene": "R01", "epoch": 18, "epochs": 50, "step": 826, "steps_per_epoch": 912, "elapsed_seconds": 2746.549047157867, "gradient_norm": 0.4766339361667633, "peak_gb": 13.545200128, "loss": 0.022740136831998825, "reconstruction": 0.001336328568868339, "period": 1.0701904296875, "entropy": 0.0}
{"scene": "R01", "epoch": 18, "epochs": 50, "step": 851, "steps_per_epoch": 912, "elapsed_seconds": 2750.730732669821, "gradient_norm": 0.13971079885959625, "peak_gb": 13.545200128, "loss": 0.005309422500431538, "reconstruction": 0.001966301118955016, "period": 0.16715607047080994, "entropy": 0.0}
{"scene": "R01", "epoch": 18, "epochs": 50, "step": 876, "steps_per_epoch": 912, "elapsed_seconds": 2754.897632760927, "gradient_norm": 0.4483070373535156, "peak_gb": 13.545200128, "loss": 0.015599525533616543, "reconstruction": 0.0010011631529778242, "period": 0.7299181222915649, "entropy": 0.0}
{"scene": "R01", "epoch": 18, "epochs": 50, "step": 901, "steps_per_epoch": 912, "elapsed_seconds": 2759.0643928968348, "gradient_norm": 0.3559381663799286, "peak_gb": 13.545200128, "loss": 0.009484807960689068, "reconstruction": 0.0012166546657681465, "period": 0.41340765357017517, "entropy": 0.0}
{"epoch": 18, "steps": 912, "seconds": 152.45266473595984, "loss": 0.012822581697643423, "reconstruction": 0.0013720008451823481, "period": 0.5725290568365732, "entropy": 0.0}
{"scene": "R01", "epoch": 19, "epochs": 50, "step": 1, "steps_per_epoch": 912, "elapsed_seconds": 2761.115794532001, "gradient_norm": 0.42110371589660645, "peak_gb": 13.545200128, "loss": 0.01583249866962433, "reconstruction": 0.0013832298573106527, "period": 0.7224634885787964, "entropy": 0.0}
{"scene": "R01", "epoch": 19, "epochs": 50, "step": 26, "steps_per_epoch": 912, "elapsed_seconds": 2765.284459359944, "gradient_norm": 0.32340216636657715, "peak_gb": 13.545200128, "loss": 0.010020102374255657, "reconstruction": 0.0015957262367010117, "period": 0.4212188124656677, "entropy": 0.0}
{"scene": "R01", "epoch": 19, "epochs": 50, "step": 51, "steps_per_epoch": 912, "elapsed_seconds": 2769.4653667060193, "gradient_norm": 0.2854718565940857, "peak_gb": 13.545200128, "loss": 0.008242032490670681, "reconstruction": 0.0012102287728339434, "period": 0.35159021615982056, "entropy": 0.0}
{"scene": "R01", "epoch": 19, "epochs": 50, "step": 76, "steps_per_epoch": 912, "elapsed_seconds": 2773.631236517802, "gradient_norm": 0.1781519502401352, "peak_gb": 13.545200128, "loss": 0.006590081378817558, "reconstruction": 0.0016860445030033588, "period": 0.24520185589790344, "entropy": 0.0}
{"scene": "R01", "epoch": 19, "epochs": 50, "step": 101, "steps_per_epoch": 912, "elapsed_seconds": 2777.8102100819815, "gradient_norm": 0.4518570005893707, "peak_gb": 13.545200128, "loss": 0.013241789303719997, "reconstruction": 0.001258322037756443, "period": 0.599173367023468, "entropy": 0.0}
{"scene": "R01", "epoch": 19, "epochs": 50, "step": 126, "steps_per_epoch": 912, "elapsed_seconds": 2781.992823527893, "gradient_norm": 0.41970354318618774, "peak_gb": 13.545200128, "loss": 0.013013786636292934, "reconstruction": 0.0009206983959302306, "period": 0.6046544313430786, "entropy": 0.0}
{"scene": "R01", "epoch": 19, "epochs": 50, "step": 151, "steps_per_epoch": 912, "elapsed_seconds": 2786.1648464938626, "gradient_norm": 0.6644123196601868, "peak_gb": 13.545200128, "loss": 0.02840539999306202, "reconstruction": 0.0011369618587195873, "period": 1.36342191696167, "entropy": 0.0}
{"scene": "R01", "epoch": 19, "epochs": 50, "step": 176, "steps_per_epoch": 912, "elapsed_seconds": 2790.3326071889605, "gradient_norm": 0.29550284147262573, "peak_gb": 13.545200128, "loss": 0.008800623938441277, "reconstruction": 0.001105366158299148, "period": 0.38476288318634033, "entropy": 0.0}
{"scene": "R01", "epoch": 19, "epochs": 50, "step": 201, "steps_per_epoch": 912, "elapsed_seconds": 2794.5171991309617, "gradient_norm": 0.470645546913147, "peak_gb": 13.545200128, "loss": 0.017950545996427536, "reconstruction": 0.0017646796768531203, "period": 0.8092933893203735, "entropy": 0.0}
{"scene": "R01", "epoch": 19, "epochs": 50, "step": 226, "steps_per_epoch": 912, "elapsed_seconds": 2798.6823580069467, "gradient_norm": 0.5166393518447876, "peak_gb": 13.545200128, "loss": 0.025168485939502716, "reconstruction": 0.0018644826486706734, "period": 1.1652002334594727, "entropy": 0.0}
{"scene": "R01", "epoch": 19, "epochs": 50, "step": 251, "steps_per_epoch": 912, "elapsed_seconds": 2802.8490641529206, "gradient_norm": 0.09754221886396408, "peak_gb": 13.545200128, "loss": 0.003356422297656536, "reconstruction": 0.001090975129045546, "period": 0.11327236890792847, "entropy": 0.0}
{"scene": "R01", "epoch": 19, "epochs": 50, "step": 276, "steps_per_epoch": 912, "elapsed_seconds": 2807.0152633879334, "gradient_norm": 0.3448372185230255, "peak_gb": 13.545200128, "loss": 0.011771620251238346, "reconstruction": 0.0016106617404147983, "period": 0.5080479383468628, "entropy": 0.0}
{"scene": "R01", "epoch": 19, "epochs": 50, "step": 301, "steps_per_epoch": 912, "elapsed_seconds": 2811.195866104914, "gradient_norm": 0.5794749855995178, "peak_gb": 13.545200128, "loss": 0.024047575891017914, "reconstruction": 0.0010489383712410927, "period": 1.1499319076538086, "entropy": 0.0}
{"scene": "R01", "epoch": 19, "epochs": 50, "step": 326, "steps_per_epoch": 912, "elapsed_seconds": 2815.3654769379646, "gradient_norm": 0.2651824653148651, "peak_gb": 13.545200128, "loss": 0.006882824003696442, "reconstruction": 0.0010882148053497076, "period": 0.2897304892539978, "entropy": 0.0}
{"scene": "R01", "epoch": 19, "epochs": 50, "step": 351, "steps_per_epoch": 912, "elapsed_seconds": 2819.531702534994, "gradient_norm": 0.338108092546463, "peak_gb": 13.545200128, "loss": 0.01248464360833168, "reconstruction": 0.0011266147485002875, "period": 0.5679014921188354, "entropy": 0.0}
{"scene": "R01", "epoch": 19, "epochs": 50, "step": 376, "steps_per_epoch": 912, "elapsed_seconds": 2823.699401222868, "gradient_norm": 0.15380488336086273, "peak_gb": 13.545200128, "loss": 0.006129873916506767, "reconstruction": 0.002319482620805502, "period": 0.1905195713043213, "entropy": 0.0}
{"scene": "R01", "epoch": 19, "epochs": 50, "step": 401, "steps_per_epoch": 912, "elapsed_seconds": 2827.8769897569437, "gradient_norm": 0.4354100823402405, "peak_gb": 13.545200128, "loss": 0.014066564850509167, "reconstruction": 0.0013204903807491064, "period": 0.6373037099838257, "entropy": 0.0}
{"scene": "R01", "epoch": 19, "epochs": 50, "step": 426, "steps_per_epoch": 912, "elapsed_seconds": 2832.055939772865, "gradient_norm": 0.2819831073284149, "peak_gb": 13.545200128, "loss": 0.008511698804795742, "reconstruction": 0.001120281289331615, "period": 0.36957091093063354, "entropy": 0.0}
{"scene": "R01", "epoch": 19, "epochs": 50, "step": 451, "steps_per_epoch": 912, "elapsed_seconds": 2836.233249853831, "gradient_norm": 0.36447498202323914, "peak_gb": 13.545200128, "loss": 0.01053429301828146, "reconstruction": 0.0010456688469275832, "period": 0.47443121671676636, "entropy": 0.0}
{"scene": "R01", "epoch": 19, "epochs": 50, "step": 476, "steps_per_epoch": 912, "elapsed_seconds": 2840.416539400816, "gradient_norm": 0.3140993118286133, "peak_gb": 13.545200128, "loss": 0.008523852564394474, "reconstruction": 0.0015529397642239928, "period": 0.3485456705093384, "entropy": 0.0}
{"scene": "R01", "epoch": 19, "epochs": 50, "step": 501, "steps_per_epoch": 912, "elapsed_seconds": 2844.5962922468316, "gradient_norm": 0.35008540749549866, "peak_gb": 13.545200128, "loss": 0.007890208624303341, "reconstruction": 0.00103255663998425, "period": 0.34288260340690613, "entropy": 0.0}
{"scene": "R01", "epoch": 19, "epochs": 50, "step": 526, "steps_per_epoch": 912, "elapsed_seconds": 2848.78332642396, "gradient_norm": 0.4356957972049713, "peak_gb": 13.545200128, "loss": 0.012333545833826065, "reconstruction": 0.0011719365138560534, "period": 0.5580804944038391, "entropy": 0.0}
{"scene": "R01", "epoch": 19, "epochs": 50, "step": 551, "steps_per_epoch": 912, "elapsed_seconds": 2852.951373019954, "gradient_norm": 0.5341328978538513, "peak_gb": 13.545200128, "loss": 0.021869828924536705, "reconstruction": 0.0012262883828952909, "period": 1.0321769714355469, "entropy": 0.0}
{"scene": "R01", "epoch": 19, "epochs": 50, "step": 576, "steps_per_epoch": 912, "elapsed_seconds": 2857.1332631248515, "gradient_norm": 0.4589046537876129, "peak_gb": 13.545200128, "loss": 0.015912432223558426, "reconstruction": 0.0015869240742176771, "period": 0.7162753939628601, "entropy": 0.0}
{"scene": "R01", "epoch": 19, "epochs": 50, "step": 601, "steps_per_epoch": 912, "elapsed_seconds": 2861.3069754028693, "gradient_norm": 0.36777782440185547, "peak_gb": 13.545200128, "loss": 0.013791595585644245, "reconstruction": 0.001609486760571599, "period": 0.6091054677963257, "entropy": 0.0}
{"scene": "R01", "epoch": 19, "epochs": 50, "step": 626, "steps_per_epoch": 912, "elapsed_seconds": 2865.484114608029, "gradient_norm": 0.13976888358592987, "peak_gb": 13.545200128, "loss": 0.004883285611867905, "reconstruction": 0.0010278386762365699, "period": 0.19277235865592957, "entropy": 0.0}
{"scene": "R01", "epoch": 19, "epochs": 50, "step": 651, "steps_per_epoch": 912, "elapsed_seconds": 2869.663649125956, "gradient_norm": 0.20894694328308105, "peak_gb": 13.545200128, "loss": 0.007796959951519966, "reconstruction": 0.0009455543477088213, "period": 0.34257030487060547, "entropy": 0.0}
{"scene": "R01", "epoch": 19, "epochs": 50, "step": 676, "steps_per_epoch": 912, "elapsed_seconds": 2873.8337754288223, "gradient_norm": 0.15502959489822388, "peak_gb": 13.545200128, "loss": 0.005489648319780827, "reconstruction": 0.0015309329610317945, "period": 0.1979357898235321, "entropy": 0.0}
{"scene": "R01", "epoch": 19, "epochs": 50, "step": 701, "steps_per_epoch": 912, "elapsed_seconds": 2877.9998674478848, "gradient_norm": 0.27119264006614685, "peak_gb": 13.545200128, "loss": 0.010120399296283722, "reconstruction": 0.001987430267035961, "period": 0.4066484570503235, "entropy": 0.0}
{"scene": "R01", "epoch": 19, "epochs": 50, "step": 726, "steps_per_epoch": 912, "elapsed_seconds": 2882.1666406178847, "gradient_norm": 0.4200439751148224, "peak_gb": 13.545200128, "loss": 0.01731887087225914, "reconstruction": 0.00107488629873842, "period": 0.8121992349624634, "entropy": 0.0}
{"scene": "R01", "epoch": 19, "epochs": 50, "step": 751, "steps_per_epoch": 912, "elapsed_seconds": 2886.3332606588956, "gradient_norm": 0.31149500608444214, "peak_gb": 13.545200128, "loss": 0.00800290796905756, "reconstruction": 0.0015475604450330138, "period": 0.3227674067020416, "entropy": 0.0}
{"scene": "R01", "epoch": 19, "epochs": 50, "step": 776, "steps_per_epoch": 912, "elapsed_seconds": 2890.5146904420108, "gradient_norm": 0.3602977991104126, "peak_gb": 13.545200128, "loss": 0.010379916056990623, "reconstruction": 0.0013903514482080936, "period": 0.4494782090187073, "entropy": 0.0}
{"scene": "R01", "epoch": 19, "epochs": 50, "step": 801, "steps_per_epoch": 912, "elapsed_seconds": 2894.683475541882, "gradient_norm": 0.22656773030757904, "peak_gb": 13.545200128, "loss": 0.006993058603256941, "reconstruction": 0.0008950895862653852, "period": 0.3048984706401825, "entropy": 0.0}
{"scene": "R01", "epoch": 19, "epochs": 50, "step": 826, "steps_per_epoch": 912, "elapsed_seconds": 2898.852025788976, "gradient_norm": 0.4444962739944458, "peak_gb": 13.545200128, "loss": 0.0188905019313097, "reconstruction": 0.0015643432270735502, "period": 0.8663079738616943, "entropy": 0.0}
{"scene": "R01", "epoch": 19, "epochs": 50, "step": 851, "steps_per_epoch": 912, "elapsed_seconds": 2903.035215647891, "gradient_norm": 0.20317809283733368, "peak_gb": 13.545200128, "loss": 0.005215791519731283, "reconstruction": 0.0011118276743218303, "period": 0.20519818365573883, "entropy": 0.0}
{"scene": "R01", "epoch": 19, "epochs": 50, "step": 876, "steps_per_epoch": 912, "elapsed_seconds": 2907.2005147568416, "gradient_norm": 0.41070660948753357, "peak_gb": 13.545200128, "loss": 0.017160313203930855, "reconstruction": 0.0013855020515620708, "period": 0.7887405157089233, "entropy": 0.0}
{"scene": "R01", "epoch": 19, "epochs": 50, "step": 901, "steps_per_epoch": 912, "elapsed_seconds": 2911.3804045158904, "gradient_norm": 0.32677072286605835, "peak_gb": 13.545200128, "loss": 0.012317609041929245, "reconstruction": 0.0011721649207174778, "period": 0.5572722554206848, "entropy": 0.0}
{"epoch": 19, "steps": 912, "seconds": 152.32055129716173, "loss": 0.012016981085221153, "reconstruction": 0.0013355198943029616, "period": 0.5340730721506763, "entropy": 0.0}
{"scene": "R01", "epoch": 20, "epochs": 50, "step": 1, "steps_per_epoch": 912, "elapsed_seconds": 2913.4924885248765, "gradient_norm": 0.45858168601989746, "peak_gb": 13.545200128, "loss": 0.018564816564321518, "reconstruction": 0.002177943242713809, "period": 0.8193436861038208, "entropy": 0.0}
{"scene": "R01", "epoch": 20, "epochs": 50, "step": 26, "steps_per_epoch": 912, "elapsed_seconds": 2917.6671909838915, "gradient_norm": 0.43543803691864014, "peak_gb": 13.545200128, "loss": 0.018842723220586777, "reconstruction": 0.001698631327599287, "period": 0.8572046160697937, "entropy": 0.0}
{"scene": "R01", "epoch": 20, "epochs": 50, "step": 51, "steps_per_epoch": 912, "elapsed_seconds": 2921.8339428179897, "gradient_norm": 0.1529558002948761, "peak_gb": 13.545200128, "loss": 0.0038939560763537884, "reconstruction": 0.000986717059276998, "period": 0.14536194503307343, "entropy": 0.0}
{"scene": "R01", "epoch": 20, "epochs": 50, "step": 76, "steps_per_epoch": 912, "elapsed_seconds": 2926.004293106962, "gradient_norm": 0.2503262758255005, "peak_gb": 13.545200128, "loss": 0.008366379886865616, "reconstruction": 0.0021298923529684544, "period": 0.31182441115379333, "entropy": 0.0}
{"scene": "R01", "epoch": 20, "epochs": 50, "step": 101, "steps_per_epoch": 912, "elapsed_seconds": 2930.181295383023, "gradient_norm": 0.30502060055732727, "peak_gb": 13.545200128, "loss": 0.008518697693943977, "reconstruction": 0.001103671151213348, "period": 0.3707513213157654, "entropy": 0.0}
{"scene": "R01", "epoch": 20, "epochs": 50, "step": 126, "steps_per_epoch": 912, "elapsed_seconds": 2934.3511152749415, "gradient_norm": 0.34890687465667725, "peak_gb": 13.545200128, "loss": 0.0098045002669096, "reconstruction": 0.0021483958698809147, "period": 0.3828052282333374, "entropy": 0.0}
{"scene": "R01", "epoch": 20, "epochs": 50, "step": 151, "steps_per_epoch": 912, "elapsed_seconds": 2938.5174960368313, "gradient_norm": 0.37149155139923096, "peak_gb": 13.545200128, "loss": 0.012037383392453194, "reconstruction": 0.0012099544983357191, "period": 0.5413714647293091, "entropy": 0.0}
{"scene": "R01", "epoch": 20, "epochs": 50, "step": 176, "steps_per_epoch": 912, "elapsed_seconds": 2942.693073873874, "gradient_norm": 0.2077210545539856, "peak_gb": 13.545200128, "loss": 0.005294629372656345, "reconstruction": 0.0018734837649390101, "period": 0.17105728387832642, "entropy": 0.0}
{"scene": "R01", "epoch": 20, "epochs": 50, "step": 201, "steps_per_epoch": 912, "elapsed_seconds": 2946.867848770926, "gradient_norm": 0.2491827756166458, "peak_gb": 13.545200128, "loss": 0.010635673068463802, "reconstruction": 0.001941533526405692, "period": 0.4347069561481476, "entropy": 0.0}
{"scene": "R01", "epoch": 20, "epochs": 50, "step": 226, "steps_per_epoch": 912, "elapsed_seconds": 2951.0343458789866, "gradient_norm": 0.25009822845458984, "peak_gb": 13.545200128, "loss": 0.008496434427797794, "reconstruction": 0.0009954412234947085, "period": 0.3750496804714203, "entropy": 0.0}
{"scene": "R01", "epoch": 20, "epochs": 50, "step": 251, "steps_per_epoch": 912, "elapsed_seconds": 2955.2014275218826, "gradient_norm": 0.3893682062625885, "peak_gb": 13.545200128, "loss": 0.010201326571404934, "reconstruction": 0.0012016075197607279, "period": 0.44998598098754883, "entropy": 0.0}
{"scene": "R01", "epoch": 20, "epochs": 50, "step": 276, "steps_per_epoch": 912, "elapsed_seconds": 2959.371171204839, "gradient_norm": 0.37610867619514465, "peak_gb": 13.545200128, "loss": 0.010409983806312084, "reconstruction": 0.001401400426402688, "period": 0.45042920112609863, "entropy": 0.0}
{"scene": "R01", "epoch": 20, "epochs": 50, "step": 301, "steps_per_epoch": 912, "elapsed_seconds": 2963.5484084039927, "gradient_norm": 0.4900553226470947, "peak_gb": 13.545200128, "loss": 0.015109620057046413, "reconstruction": 0.000945417326875031, "period": 0.7082101702690125, "entropy": 0.0}
{"scene": "R01", "epoch": 20, "epochs": 50, "step": 326, "steps_per_epoch": 912, "elapsed_seconds": 2967.726681136992, "gradient_norm": 0.4614039361476898, "peak_gb": 13.545200128, "loss": 0.022503308951854706, "reconstruction": 0.0012877470580860972, "period": 1.0607781410217285, "entropy": 0.0}
{"scene": "R01", "epoch": 20, "epochs": 50, "step": 351, "steps_per_epoch": 912, "elapsed_seconds": 2971.915736635914, "gradient_norm": 0.33105236291885376, "peak_gb": 13.545200128, "loss": 0.008689047768712044, "reconstruction": 0.001527954824268818, "period": 0.35805463790893555, "entropy": 0.0}
{"scene": "R01", "epoch": 20, "epochs": 50, "step": 376, "steps_per_epoch": 912, "elapsed_seconds": 2976.1025903788395, "gradient_norm": 0.3906365931034088, "peak_gb": 13.545200128, "loss": 0.010149072855710983, "reconstruction": 0.0010572056053206325, "period": 0.45459336042404175, "entropy": 0.0}
{"scene": "R01", "epoch": 20, "epochs": 50, "step": 401, "steps_per_epoch": 912, "elapsed_seconds": 2980.2735390709713, "gradient_norm": 0.43194061517715454, "peak_gb": 13.545200128, "loss": 0.014383881352841854, "reconstruction": 0.0010684579610824585, "period": 0.6657711863517761, "entropy": 0.0}
{"scene": "R01", "epoch": 20, "epochs": 50, "step": 426, "steps_per_epoch": 912, "elapsed_seconds": 2984.4524120208807, "gradient_norm": 0.3171236515045166, "peak_gb": 13.545200128, "loss": 0.007689701858907938, "reconstruction": 0.0014661549357697368, "period": 0.3111773431301117, "entropy": 0.0}
{"scene": "R01", "epoch": 20, "epochs": 50, "step": 451, "steps_per_epoch": 912, "elapsed_seconds": 2988.623079051962, "gradient_norm": 0.3539036214351654, "peak_gb": 13.545200128, "loss": 0.013972979970276356, "reconstruction": 0.0010041071800515056, "period": 0.6484436392784119, "entropy": 0.0}
{"scene": "R01", "epoch": 20, "epochs": 50, "step": 476, "steps_per_epoch": 912, "elapsed_seconds": 2992.80520500103, "gradient_norm": 0.41369572281837463, "peak_gb": 13.545200128, "loss": 0.019609369337558746, "reconstruction": 0.0014665152411907911, "period": 0.9071427583694458, "entropy": 0.0}
{"scene": "R01", "epoch": 20, "epochs": 50, "step": 501, "steps_per_epoch": 912, "elapsed_seconds": 2996.991488431813, "gradient_norm": 0.4858144223690033, "peak_gb": 13.545200128, "loss": 0.01914525032043457, "reconstruction": 0.0009429170750081539, "period": 0.9101166129112244, "entropy": 0.0}
{"scene": "R01", "epoch": 20, "epochs": 50, "step": 526, "steps_per_epoch": 912, "elapsed_seconds": 3001.179661236936, "gradient_norm": 0.2060416340827942, "peak_gb": 13.545200128, "loss": 0.005779148079454899, "reconstruction": 0.0010236890520900488, "period": 0.23777297139167786, "entropy": 0.0}
{"scene": "R01", "epoch": 20, "epochs": 50, "step": 551, "steps_per_epoch": 912, "elapsed_seconds": 3005.3688691388816, "gradient_norm": 0.11439476162195206, "peak_gb": 13.545200128, "loss": 0.003785001579672098, "reconstruction": 0.0011626840569078922, "period": 0.1311158835887909, "entropy": 0.0}
{"scene": "R01", "epoch": 20, "epochs": 50, "step": 576, "steps_per_epoch": 912, "elapsed_seconds": 3009.5458847589325, "gradient_norm": 0.37260961532592773, "peak_gb": 13.545200128, "loss": 0.012413660064339638, "reconstruction": 0.0011901648249477148, "period": 0.561174750328064, "entropy": 0.0}
{"scene": "R01", "epoch": 20, "epochs": 50, "step": 601, "steps_per_epoch": 912, "elapsed_seconds": 3013.721767037874, "gradient_norm": 0.6302799582481384, "peak_gb": 13.545200128, "loss": 0.027976900339126587, "reconstruction": 0.0013621302787214518, "period": 1.3307385444641113, "entropy": 0.0}
{"scene": "R01", "epoch": 20, "epochs": 50, "step": 626, "steps_per_epoch": 912, "elapsed_seconds": 3017.886229772819, "gradient_norm": 0.4547552466392517, "peak_gb": 13.545200128, "loss": 0.016840025782585144, "reconstruction": 0.0010485900565981865, "period": 0.7895718216896057, "entropy": 0.0}
{"scene": "R01", "epoch": 20, "epochs": 50, "step": 651, "steps_per_epoch": 912, "elapsed_seconds": 3022.0681341739837, "gradient_norm": 0.33379408717155457, "peak_gb": 13.545200128, "loss": 0.009779771789908409, "reconstruction": 0.0009830630151554942, "period": 0.43983542919158936, "entropy": 0.0}
{"scene": "R01", "epoch": 20, "epochs": 50, "step": 676, "steps_per_epoch": 912, "elapsed_seconds": 3026.2359234998003, "gradient_norm": 0.2611331641674042, "peak_gb": 13.545200128, "loss": 0.010953118093311787, "reconstruction": 0.0010130105074495077, "period": 0.4970053732395172, "entropy": 0.0}
{"scene": "R01", "epoch": 20, "epochs": 50, "step": 701, "steps_per_epoch": 912, "elapsed_seconds": 3030.4152112619486, "gradient_norm": 0.4347926676273346, "peak_gb": 13.545200128, "loss": 0.017293736338615417, "reconstruction": 0.00138749647885561, "period": 0.7953120470046997, "entropy": 0.0}
{"scene": "R01", "epoch": 20, "epochs": 50, "step": 726, "steps_per_epoch": 912, "elapsed_seconds": 3034.5978844310157, "gradient_norm": 0.16436780989170074, "peak_gb": 13.545200128, "loss": 0.005052981432527304, "reconstruction": 0.0017954021459445357, "period": 0.16287896037101746, "entropy": 0.0}
{"scene": "R01", "epoch": 20, "epochs": 50, "step": 751, "steps_per_epoch": 912, "elapsed_seconds": 3038.770441922825, "gradient_norm": 0.5068273544311523, "peak_gb": 13.545200128, "loss": 0.016705404967069626, "reconstruction": 0.0008649897645227611, "period": 0.7920207977294922, "entropy": 0.0}
{"scene": "R01", "epoch": 20, "epochs": 50, "step": 776, "steps_per_epoch": 912, "elapsed_seconds": 3042.954277585959, "gradient_norm": 0.33556658029556274, "peak_gb": 13.545200128, "loss": 0.010765805840492249, "reconstruction": 0.0019451091066002846, "period": 0.44103482365608215, "entropy": 0.0}
{"scene": "R01", "epoch": 20, "epochs": 50, "step": 801, "steps_per_epoch": 912, "elapsed_seconds": 3047.1362361889333, "gradient_norm": 0.41166719794273376, "peak_gb": 13.545200128, "loss": 0.012709149159491062, "reconstruction": 0.0014962588902562857, "period": 0.5606445074081421, "entropy": 0.0}
{"scene": "R01", "epoch": 20, "epochs": 50, "step": 826, "steps_per_epoch": 912, "elapsed_seconds": 3051.312981324969, "gradient_norm": 0.42226195335388184, "peak_gb": 13.545200128, "loss": 0.012948240153491497, "reconstruction": 0.0010933864396065474, "period": 0.5927426815032959, "entropy": 0.0}
{"scene": "R01", "epoch": 20, "epochs": 50, "step": 851, "steps_per_epoch": 912, "elapsed_seconds": 3055.4976948949043, "gradient_norm": 0.12593044340610504, "peak_gb": 13.545200128, "loss": 0.003825119463726878, "reconstruction": 0.0016097149346023798, "period": 0.11077022552490234, "entropy": 0.0}
{"scene": "R01", "epoch": 20, "epochs": 50, "step": 876, "steps_per_epoch": 912, "elapsed_seconds": 3059.688159749843, "gradient_norm": 0.27735644578933716, "peak_gb": 13.545200128, "loss": 0.00699654221534729, "reconstruction": 0.001099305460229516, "period": 0.2948618531227112, "entropy": 0.0}
{"scene": "R01", "epoch": 20, "epochs": 50, "step": 901, "steps_per_epoch": 912, "elapsed_seconds": 3063.870849882951, "gradient_norm": 0.2623865604400635, "peak_gb": 13.545200128, "loss": 0.007264346349984407, "reconstruction": 0.0009789079194888473, "period": 0.3142719268798828, "entropy": 0.0}
{"epoch": 20, "steps": 912, "seconds": 152.4853431431111, "loss": 0.011432182173226274, "reconstruction": 0.0013187116577714811, "period": 0.5056735375128164, "entropy": 0.0}
{"scene": "R01", "epoch": 21, "epochs": 50, "step": 1, "steps_per_epoch": 912, "elapsed_seconds": 3073.7929291939363, "gradient_norm": 0.5520960688591003, "peak_gb": 13.545200128, "loss": 0.02942720055580139, "reconstruction": 0.0010076831094920635, "period": 1.420975923538208, "entropy": 0.0}
{"scene": "R01", "epoch": 21, "epochs": 50, "step": 26, "steps_per_epoch": 912, "elapsed_seconds": 3077.928576792823, "gradient_norm": 0.10890539735555649, "peak_gb": 13.545200128, "loss": 0.0036406947765499353, "reconstruction": 0.001537511358037591, "period": 0.10515917837619781, "entropy": 0.0}
{"scene": "R01", "epoch": 21, "epochs": 50, "step": 51, "steps_per_epoch": 912, "elapsed_seconds": 3082.071067215875, "gradient_norm": 0.454824835062027, "peak_gb": 13.545200128, "loss": 0.014096461236476898, "reconstruction": 0.0020768693648278713, "period": 0.6009795665740967, "entropy": 0.0}
{"scene": "R01", "epoch": 21, "epochs": 50, "step": 76, "steps_per_epoch": 912, "elapsed_seconds": 3086.2209063768387, "gradient_norm": 0.37798401713371277, "peak_gb": 13.545200128, "loss": 0.012972845695912838, "reconstruction": 0.0010691683273762465, "period": 0.5951838493347168, "entropy": 0.0}
{"scene": "R01", "epoch": 21, "epochs": 50, "step": 101, "steps_per_epoch": 912, "elapsed_seconds": 3090.370496056974, "gradient_norm": 0.2706330418586731, "peak_gb": 13.545200128, "loss": 0.00695084547623992, "reconstruction": 0.0010455484734848142, "period": 0.29526486992836, "entropy": 0.0}
{"scene": "R01", "epoch": 21, "epochs": 50, "step": 126, "steps_per_epoch": 912, "elapsed_seconds": 3094.531567111844, "gradient_norm": 0.49202126264572144, "peak_gb": 13.545200128, "loss": 0.021037472411990166, "reconstruction": 0.0014402971137315035, "period": 0.9798587560653687, "entropy": 0.0}
{"scene": "R01", "epoch": 21, "epochs": 50, "step": 151, "steps_per_epoch": 912, "elapsed_seconds": 3098.6991153729614, "gradient_norm": 0.340353399515152, "peak_gb": 13.545200128, "loss": 0.009412853978574276, "reconstruction": 0.0012694637989625335, "period": 0.40716952085494995, "entropy": 0.0}
{"scene": "R01", "epoch": 21, "epochs": 50, "step": 176, "steps_per_epoch": 912, "elapsed_seconds": 3102.8664051969536, "gradient_norm": 0.5414518117904663, "peak_gb": 13.545200128, "loss": 0.019220758229494095, "reconstruction": 0.0009292547474615276, "period": 0.9145752191543579, "entropy": 0.0}
{"scene": "R01", "epoch": 21, "epochs": 50, "step": 201, "steps_per_epoch": 912, "elapsed_seconds": 3107.032160177827, "gradient_norm": 0.4995635747909546, "peak_gb": 13.545200128, "loss": 0.020469240844249725, "reconstruction": 0.0013115603942424059, "period": 0.9578840136528015, "entropy": 0.0}
{"scene": "R01", "epoch": 21, "epochs": 50, "step": 226, "steps_per_epoch": 912, "elapsed_seconds": 3111.201786062913, "gradient_norm": 0.21274474263191223, "peak_gb": 13.545200128, "loss": 0.006648675072938204, "reconstruction": 0.0009918877622112632, "period": 0.2828393578529358, "entropy": 0.0}
{"scene": "R01", "epoch": 21, "epochs": 50, "step": 251, "steps_per_epoch": 912, "elapsed_seconds": 3115.370742116822, "gradient_norm": 0.3710365295410156, "peak_gb": 13.545200128, "loss": 0.010036187246441841, "reconstruction": 0.0010719115380197763, "period": 0.4482138156890869, "entropy": 0.0}
{"scene": "R01", "epoch": 21, "epochs": 50, "step": 276, "steps_per_epoch": 912, "elapsed_seconds": 3119.537515356904, "gradient_norm": 0.33478522300720215, "peak_gb": 13.545200128, "loss": 0.01237059198319912, "reconstruction": 0.0009484179317951202, "period": 0.5711086988449097, "entropy": 0.0}
{"scene": "R01", "epoch": 21, "epochs": 50, "step": 301, "steps_per_epoch": 912, "elapsed_seconds": 3123.7057411549613, "gradient_norm": 0.3294162452220917, "peak_gb": 13.545200128, "loss": 0.008062792010605335, "reconstruction": 0.001742523512803018, "period": 0.3160134553909302, "entropy": 0.0}
{"scene": "R01", "epoch": 21, "epochs": 50, "step": 326, "steps_per_epoch": 912, "elapsed_seconds": 3127.871921659913, "gradient_norm": 0.2585897445678711, "peak_gb": 13.545200128, "loss": 0.005012711510062218, "reconstruction": 0.0009891147492453456, "period": 0.20117983222007751, "entropy": 0.0}
{"scene": "R01", "epoch": 21, "epochs": 50, "step": 351, "steps_per_epoch": 912, "elapsed_seconds": 3132.038395889802, "gradient_norm": 0.3939402103424072, "peak_gb": 13.545200128, "loss": 0.012805833481252193, "reconstruction": 0.0011040661484003067, "period": 0.5850883722305298, "entropy": 0.0}
{"scene": "R01", "epoch": 21, "epochs": 50, "step": 376, "steps_per_epoch": 912, "elapsed_seconds": 3136.2202315069735, "gradient_norm": 0.2829727530479431, "peak_gb": 13.545200128, "loss": 0.0090238181874156, "reconstruction": 0.001339175272732973, "period": 0.38423216342926025, "entropy": 0.0}
{"scene": "R01", "epoch": 21, "epochs": 50, "step": 401, "steps_per_epoch": 912, "elapsed_seconds": 3140.4056530420203, "gradient_norm": 0.3811231553554535, "peak_gb": 13.545200128, "loss": 0.010356280021369457, "reconstruction": 0.0023169589694589376, "period": 0.40196606516838074, "entropy": 0.0}
{"scene": "R01", "epoch": 21, "epochs": 50, "step": 426, "steps_per_epoch": 912, "elapsed_seconds": 3144.572512991028, "gradient_norm": 0.4045758843421936, "peak_gb": 13.545200128, "loss": 0.011931206099689007, "reconstruction": 0.0013388385996222496, "period": 0.5296183824539185, "entropy": 0.0}
{"scene": "R01", "epoch": 21, "epochs": 50, "step": 451, "steps_per_epoch": 912, "elapsed_seconds": 3148.7507559109945, "gradient_norm": 0.20362387597560883, "peak_gb": 13.545200128, "loss": 0.006076388992369175, "reconstruction": 0.0017557975370436907, "period": 0.2160295695066452, "entropy": 0.0}
{"scene": "R01", "epoch": 21, "epochs": 50, "step": 476, "steps_per_epoch": 912, "elapsed_seconds": 3152.9387907439377, "gradient_norm": 0.325043261051178, "peak_gb": 13.545200128, "loss": 0.00896100327372551, "reconstruction": 0.0014644269831478596, "period": 0.3748288154602051, "entropy": 0.0}
{"scene": "R01", "epoch": 21, "epochs": 50, "step": 501, "steps_per_epoch": 912, "elapsed_seconds": 3157.1291478148196, "gradient_norm": 0.15032511949539185, "peak_gb": 13.545200128, "loss": 0.00503451656550169, "reconstruction": 0.0019013173878192902, "period": 0.15665994584560394, "entropy": 0.0}
{"scene": "R01", "epoch": 21, "epochs": 50, "step": 526, "steps_per_epoch": 912, "elapsed_seconds": 3161.3234259570017, "gradient_norm": 0.3293864130973816, "peak_gb": 13.545200128, "loss": 0.007928735576570034, "reconstruction": 0.00091433001216501, "period": 0.35072028636932373, "entropy": 0.0}
{"scene": "R01", "epoch": 21, "epochs": 50, "step": 551, "steps_per_epoch": 912, "elapsed_seconds": 3165.5080441168975, "gradient_norm": 0.23103825747966766, "peak_gb": 13.545200128, "loss": 0.007827810011804104, "reconstruction": 0.0014417169149965048, "period": 0.3193046450614929, "entropy": 0.0}
{"scene": "R01", "epoch": 21, "epochs": 50, "step": 576, "steps_per_epoch": 912, "elapsed_seconds": 3169.6785272830166, "gradient_norm": 0.21458211541175842, "peak_gb": 13.545200128, "loss": 0.006101589184254408, "reconstruction": 0.0014443014515563846, "period": 0.2328643947839737, "entropy": 0.0}
{"scene": "R01", "epoch": 21, "epochs": 50, "step": 601, "steps_per_epoch": 912, "elapsed_seconds": 3173.8659750598017, "gradient_norm": 0.5123131275177002, "peak_gb": 13.545200128, "loss": 0.019416628405451775, "reconstruction": 0.001394032733514905, "period": 0.9011297821998596, "entropy": 0.0}
{"scene": "R01", "epoch": 21, "epochs": 50, "step": 626, "steps_per_epoch": 912, "elapsed_seconds": 3178.060238631908, "gradient_norm": 0.46246886253356934, "peak_gb": 13.545200128, "loss": 0.021312016993761063, "reconstruction": 0.001258043572306633, "period": 1.0026986598968506, "entropy": 0.0}
{"scene": "R01", "epoch": 21, "epochs": 50, "step": 651, "steps_per_epoch": 912, "elapsed_seconds": 3182.252233250998, "gradient_norm": 0.19798073172569275, "peak_gb": 13.545200128, "loss": 0.007151348982006311, "reconstruction": 0.001469417824409902, "period": 0.2840965688228607, "entropy": 0.0}
{"scene": "R01", "epoch": 21, "epochs": 50, "step": 676, "steps_per_epoch": 912, "elapsed_seconds": 3186.4482265168335, "gradient_norm": 0.17890654504299164, "peak_gb": 13.545200128, "loss": 0.006886012852191925, "reconstruction": 0.0009555233409628272, "period": 0.2965244650840759, "entropy": 0.0}
{"scene": "R01", "epoch": 21, "epochs": 50, "step": 701, "steps_per_epoch": 912, "elapsed_seconds": 3190.6234389978927, "gradient_norm": 0.210286483168602, "peak_gb": 13.545200128, "loss": 0.005603099707514048, "reconstruction": 0.0013488185359165072, "period": 0.2127140462398529, "entropy": 0.0}
{"scene": "R01", "epoch": 21, "epochs": 50, "step": 726, "steps_per_epoch": 912, "elapsed_seconds": 3194.8223634029273, "gradient_norm": 0.33714184165000916, "peak_gb": 13.545200128, "loss": 0.009355044923722744, "reconstruction": 0.0008917180821299553, "period": 0.42316633462905884, "entropy": 0.0}
{"scene": "R01", "epoch": 21, "epochs": 50, "step": 751, "steps_per_epoch": 912, "elapsed_seconds": 3199.0065590569284, "gradient_norm": 0.25012627243995667, "peak_gb": 13.545200128, "loss": 0.007638212759047747, "reconstruction": 0.0012937081046402454, "period": 0.31722524762153625, "entropy": 0.0}
{"scene": "R01", "epoch": 21, "epochs": 50, "step": 776, "steps_per_epoch": 912, "elapsed_seconds": 3203.1914819439407, "gradient_norm": 0.2716831862926483, "peak_gb": 13.545200128, "loss": 0.00752212991937995, "reconstruction": 0.0012284363619983196, "period": 0.3146846890449524, "entropy": 0.0}
{"scene": "R01", "epoch": 21, "epochs": 50, "step": 801, "steps_per_epoch": 912, "elapsed_seconds": 3207.391661493806, "gradient_norm": 0.33261457085609436, "peak_gb": 13.545200128, "loss": 0.006117881275713444, "reconstruction": 0.001029898296110332, "period": 0.2543991506099701, "entropy": 0.0}
{"scene": "R01", "epoch": 21, "epochs": 50, "step": 826, "steps_per_epoch": 912, "elapsed_seconds": 3211.5876501698513, "gradient_norm": 0.44201982021331787, "peak_gb": 13.545200128, "loss": 0.012277467176318169, "reconstruction": 0.0009814202785491943, "period": 0.564802348613739, "entropy": 0.0}
{"scene": "R01", "epoch": 21, "epochs": 50, "step": 851, "steps_per_epoch": 912, "elapsed_seconds": 3215.786219721893, "gradient_norm": 0.578857421875, "peak_gb": 13.545200128, "loss": 0.024077795445919037, "reconstruction": 0.000926829525269568, "period": 1.1575483083724976, "entropy": 0.0}
{"scene": "R01", "epoch": 21, "epochs": 50, "step": 876, "steps_per_epoch": 912, "elapsed_seconds": 3219.973666438833, "gradient_norm": 0.537492573261261, "peak_gb": 13.545200128, "loss": 0.021612174808979034, "reconstruction": 0.0010905088856816292, "period": 1.02608323097229, "entropy": 0.0}
{"scene": "R01", "epoch": 21, "epochs": 50, "step": 901, "steps_per_epoch": 912, "elapsed_seconds": 3224.152724021813, "gradient_norm": 0.544506311416626, "peak_gb": 13.545200128, "loss": 0.029613278806209564, "reconstruction": 0.0013913022121414542, "period": 1.411098837852478, "entropy": 0.0}
{"epoch": 21, "steps": 912, "seconds": 152.4164195980411, "loss": 0.011423595571582075, "reconstruction": 0.0012855205230216757, "period": 0.5069037633662096, "entropy": 0.0}
{"scene": "R01", "epoch": 22, "epochs": 50, "step": 1, "steps_per_epoch": 912, "elapsed_seconds": 3226.2217502938583, "gradient_norm": 0.2519429326057434, "peak_gb": 13.545200128, "loss": 0.006736488547176123, "reconstruction": 0.0012269881553947926, "period": 0.27547502517700195, "entropy": 0.0}
{"scene": "R01", "epoch": 22, "epochs": 50, "step": 26, "steps_per_epoch": 912, "elapsed_seconds": 3230.403635972878, "gradient_norm": 0.5427708625793457, "peak_gb": 13.545200128, "loss": 0.01858924888074398, "reconstruction": 0.0013822463806718588, "period": 0.8603501319885254, "entropy": 0.0}
{"scene": "R01", "epoch": 22, "epochs": 50, "step": 51, "steps_per_epoch": 912, "elapsed_seconds": 3234.5907418318093, "gradient_norm": 0.3473551273345947, "peak_gb": 13.545200128, "loss": 0.008877823129296303, "reconstruction": 0.0011800241190940142, "period": 0.38488996028900146, "entropy": 0.0}
{"scene": "R01", "epoch": 22, "epochs": 50, "step": 76, "steps_per_epoch": 912, "elapsed_seconds": 3238.757506585913, "gradient_norm": 0.2831423580646515, "peak_gb": 13.545200128, "loss": 0.006477907299995422, "reconstruction": 0.0009831527713686228, "period": 0.27473771572113037, "entropy": 0.0}
{"scene": "R01", "epoch": 22, "epochs": 50, "step": 101, "steps_per_epoch": 912, "elapsed_seconds": 3242.9576095649973, "gradient_norm": 0.5550908446311951, "peak_gb": 13.545200128, "loss": 0.027939803898334503, "reconstruction": 0.002058431040495634, "period": 1.294068694114685, "entropy": 0.0}
{"scene": "R01", "epoch": 22, "epochs": 50, "step": 126, "steps_per_epoch": 912, "elapsed_seconds": 3247.1403587770183, "gradient_norm": 0.09422162920236588, "peak_gb": 13.545200128, "loss": 0.0024964595213532448, "reconstruction": 0.0009362385608255863, "period": 0.07801105082035065, "entropy": 0.0}
{"scene": "R01", "epoch": 22, "epochs": 50, "step": 151, "steps_per_epoch": 912, "elapsed_seconds": 3251.338077250868, "gradient_norm": 0.36440011858940125, "peak_gb": 13.545200128, "loss": 0.006026040762662888, "reconstruction": 0.0010516764596104622, "period": 0.2487182319164276, "entropy": 0.0}
{"scene": "R01", "epoch": 22, "epochs": 50, "step": 176, "steps_per_epoch": 912, "elapsed_seconds": 3255.5073935119435, "gradient_norm": 0.0686764195561409, "peak_gb": 13.545200128, "loss": 0.0031109792180359364, "reconstruction": 0.001550503890030086, "period": 0.078023761510849, "entropy": 0.0}
{"scene": "R01", "epoch": 22, "epochs": 50, "step": 201, "steps_per_epoch": 912, "elapsed_seconds": 3259.6744601889513, "gradient_norm": 0.19060982763767242, "peak_gb": 13.545200128, "loss": 0.006248581688851118, "reconstruction": 0.001328124082647264, "period": 0.24602288007736206, "entropy": 0.0}
{"scene": "R01", "epoch": 22, "epochs": 50, "step": 226, "steps_per_epoch": 912, "elapsed_seconds": 3263.857703562826, "gradient_norm": 0.25064024329185486, "peak_gb": 13.545200128, "loss": 0.005726069211959839, "reconstruction": 0.0010146868880838156, "period": 0.23556911945343018, "entropy": 0.0}
{"scene": "R01", "epoch": 22, "epochs": 50, "step": 251, "steps_per_epoch": 912, "elapsed_seconds": 3268.0283370208926, "gradient_norm": 0.30874040722846985, "peak_gb": 13.545200128, "loss": 0.009561053477227688, "reconstruction": 0.0013624046696349978, "period": 0.4099324345588684, "entropy": 0.0}
{"scene": "R01", "epoch": 22, "epochs": 50, "step": 276, "steps_per_epoch": 912, "elapsed_seconds": 3272.2112586488947, "gradient_norm": 0.2874206602573395, "peak_gb": 13.545200128, "loss": 0.007599420379847288, "reconstruction": 0.0012466745683923364, "period": 0.31763729453086853, "entropy": 0.0}
{"scene": "R01", "epoch": 22, "epochs": 50, "step": 301, "steps_per_epoch": 912, "elapsed_seconds": 3276.3938612998463, "gradient_norm": 0.18918749690055847, "peak_gb": 13.545200128, "loss": 0.004938489757478237, "reconstruction": 0.0010511155705899, "period": 0.19436872005462646, "entropy": 0.0}
{"scene": "R01", "epoch": 22, "epochs": 50, "step": 326, "steps_per_epoch": 912, "elapsed_seconds": 3280.5753109049983, "gradient_norm": 0.13210000097751617, "peak_gb": 13.545200128, "loss": 0.005556178744882345, "reconstruction": 0.0009653057786636055, "period": 0.22954365611076355, "entropy": 0.0}
{"scene": "R01", "epoch": 22, "epochs": 50, "step": 351, "steps_per_epoch": 912, "elapsed_seconds": 3284.7418216268998, "gradient_norm": 0.45895320177078247, "peak_gb": 13.545200128, "loss": 0.012273641303181648, "reconstruction": 0.001550479675643146, "period": 0.5361580848693848, "entropy": 0.0}
{"scene": "R01", "epoch": 22, "epochs": 50, "step": 376, "steps_per_epoch": 912, "elapsed_seconds": 3288.9146006759256, "gradient_norm": 0.23828236758708954, "peak_gb": 13.545200128, "loss": 0.004922069609165192, "reconstruction": 0.0012277201749384403, "period": 0.18471746146678925, "entropy": 0.0}
{"scene": "R01", "epoch": 22, "epochs": 50, "step": 401, "steps_per_epoch": 912, "elapsed_seconds": 3293.09300477989, "gradient_norm": 0.43309763073921204, "peak_gb": 13.545200128, "loss": 0.013401632197201252, "reconstruction": 0.0015990252140909433, "period": 0.5901303887367249, "entropy": 0.0}
{"scene": "R01", "epoch": 22, "epochs": 50, "step": 426, "steps_per_epoch": 912, "elapsed_seconds": 3297.277376113925, "gradient_norm": 0.305495947599411, "peak_gb": 13.545200128, "loss": 0.00809992104768753, "reconstruction": 0.001039503957144916, "period": 0.3530208468437195, "entropy": 0.0}
{"scene": "R01", "epoch": 22, "epochs": 50, "step": 451, "steps_per_epoch": 912, "elapsed_seconds": 3301.4560093819164, "gradient_norm": 0.2626039385795593, "peak_gb": 13.545200128, "loss": 0.005691373720765114, "reconstruction": 0.0012636964675039053, "period": 0.22138388454914093, "entropy": 0.0}
{"scene": "R01", "epoch": 22, "epochs": 50, "step": 476, "steps_per_epoch": 912, "elapsed_seconds": 3305.638701292919, "gradient_norm": 0.5272919535636902, "peak_gb": 13.545200128, "loss": 0.013778368942439556, "reconstruction": 0.0014336258172988892, "period": 0.6172371506690979, "entropy": 0.0}
{"scene": "R01", "epoch": 22, "epochs": 50, "step": 501, "steps_per_epoch": 912, "elapsed_seconds": 3309.808809870854, "gradient_norm": 0.2983876168727875, "peak_gb": 13.545200128, "loss": 0.0069148424081504345, "reconstruction": 0.0014328183606266975, "period": 0.274101197719574, "entropy": 0.0}
{"scene": "R01", "epoch": 22, "epochs": 50, "step": 526, "steps_per_epoch": 912, "elapsed_seconds": 3313.9867940749973, "gradient_norm": 0.5838379859924316, "peak_gb": 13.545200128, "loss": 0.017806360498070717, "reconstruction": 0.000970346387475729, "period": 0.8418006896972656, "entropy": 0.0}
{"scene": "R01", "epoch": 22, "epochs": 50, "step": 551, "steps_per_epoch": 912, "elapsed_seconds": 3318.1637194307987, "gradient_norm": 0.6869667172431946, "peak_gb": 13.545200128, "loss": 0.024220820516347885, "reconstruction": 0.0014393444871529937, "period": 1.1390738487243652, "entropy": 0.0}
{"scene": "R01", "epoch": 22, "epochs": 50, "step": 576, "steps_per_epoch": 912, "elapsed_seconds": 3322.3537344769575, "gradient_norm": 0.5608693361282349, "peak_gb": 13.545200128, "loss": 0.01492161676287651, "reconstruction": 0.0010533046443015337, "period": 0.693415641784668, "entropy": 0.0}
{"scene": "R01", "epoch": 22, "epochs": 50, "step": 601, "steps_per_epoch": 912, "elapsed_seconds": 3326.5378664638847, "gradient_norm": 0.34690868854522705, "peak_gb": 13.545200128, "loss": 0.008935612626373768, "reconstruction": 0.0009623441146686673, "period": 0.3986634612083435, "entropy": 0.0}
{"scene": "R01", "epoch": 22, "epochs": 50, "step": 626, "steps_per_epoch": 912, "elapsed_seconds": 3330.7211317860056, "gradient_norm": 0.33315080404281616, "peak_gb": 13.545200128, "loss": 0.010608408600091934, "reconstruction": 0.0018545936327427626, "period": 0.43769073486328125, "entropy": 0.0}
{"scene": "R01", "epoch": 22, "epochs": 50, "step": 651, "steps_per_epoch": 912, "elapsed_seconds": 3334.903944020858, "gradient_norm": 0.6959598064422607, "peak_gb": 13.545200128, "loss": 0.036952532827854156, "reconstruction": 0.0010891242418438196, "period": 1.79317045211792, "entropy": 0.0}
{"scene": "R01", "epoch": 22, "epochs": 50, "step": 676, "steps_per_epoch": 912, "elapsed_seconds": 3339.0761728219222, "gradient_norm": 0.11978977173566818, "peak_gb": 13.545200128, "loss": 0.00296920258551836, "reconstruction": 0.0009968812810257077, "period": 0.09861607849597931, "entropy": 0.0}
{"scene": "R01", "epoch": 22, "epochs": 50, "step": 701, "steps_per_epoch": 912, "elapsed_seconds": 3343.246514052851, "gradient_norm": 0.31207674741744995, "peak_gb": 13.545200128, "loss": 0.008738560602068901, "reconstruction": 0.0017969245091080666, "period": 0.3470817804336548, "entropy": 0.0}
{"scene": "R01", "epoch": 22, "epochs": 50, "step": 726, "steps_per_epoch": 912, "elapsed_seconds": 3347.426198796835, "gradient_norm": 0.5347488522529602, "peak_gb": 13.545200128, "loss": 0.018586575984954834, "reconstruction": 0.0017079068347811699, "period": 0.8439334630966187, "entropy": 0.0}
{"scene": "R01", "epoch": 22, "epochs": 50, "step": 751, "steps_per_epoch": 912, "elapsed_seconds": 3351.594892679015, "gradient_norm": 0.20510485768318176, "peak_gb": 13.545200128, "loss": 0.005271506030112505, "reconstruction": 0.0009531420073471963, "period": 0.21591819822788239, "entropy": 0.0}
{"scene": "R01", "epoch": 22, "epochs": 50, "step": 776, "steps_per_epoch": 912, "elapsed_seconds": 3355.7770967038814, "gradient_norm": 0.26270008087158203, "peak_gb": 13.545200128, "loss": 0.014660661108791828, "reconstruction": 0.0013388469815254211, "period": 0.666090726852417, "entropy": 0.0}
{"scene": "R01", "epoch": 22, "epochs": 50, "step": 801, "steps_per_epoch": 912, "elapsed_seconds": 3359.943159083836, "gradient_norm": 0.16195780038833618, "peak_gb": 13.545200128, "loss": 0.0038283176254481077, "reconstruction": 0.0011933918576687574, "period": 0.1317462921142578, "entropy": 0.0}
{"scene": "R01", "epoch": 22, "epochs": 50, "step": 826, "steps_per_epoch": 912, "elapsed_seconds": 3364.1105121618602, "gradient_norm": 0.24812282621860504, "peak_gb": 13.545200128, "loss": 0.012347166426479816, "reconstruction": 0.0009611531859263778, "period": 0.5693007111549377, "entropy": 0.0}
{"scene": "R01", "epoch": 22, "epochs": 50, "step": 851, "steps_per_epoch": 912, "elapsed_seconds": 3368.2768369619735, "gradient_norm": 0.4772450923919678, "peak_gb": 13.545200128, "loss": 0.02269361913204193, "reconstruction": 0.001488938694819808, "period": 1.0602340698242188, "entropy": 0.0}
{"scene": "R01", "epoch": 22, "epochs": 50, "step": 876, "steps_per_epoch": 912, "elapsed_seconds": 3372.446993469028, "gradient_norm": 0.21619592607021332, "peak_gb": 13.545200128, "loss": 0.005441180430352688, "reconstruction": 0.0012581563787534833, "period": 0.20915120840072632, "entropy": 0.0}
{"scene": "R01", "epoch": 22, "epochs": 50, "step": 901, "steps_per_epoch": 912, "elapsed_seconds": 3376.624742468819, "gradient_norm": 0.5553344488143921, "peak_gb": 13.545200128, "loss": 0.020431071519851685, "reconstruction": 0.0009521803585812449, "period": 0.9739446043968201, "entropy": 0.0}
{"epoch": 22, "steps": 912, "seconds": 152.46926050982438, "loss": 0.010095551628374347, "reconstruction": 0.001262111101695745, "period": 0.4416720364978047, "entropy": 0.0}
{"scene": "R01", "epoch": 23, "epochs": 50, "step": 1, "steps_per_epoch": 912, "elapsed_seconds": 3378.7084417089354, "gradient_norm": 0.28312450647354126, "peak_gb": 13.545200128, "loss": 0.007096747402101755, "reconstruction": 0.0012578084133565426, "period": 0.2919469475746155, "entropy": 0.0}
{"scene": "R01", "epoch": 23, "epochs": 50, "step": 26, "steps_per_epoch": 912, "elapsed_seconds": 3382.8766168328, "gradient_norm": 0.48665091395378113, "peak_gb": 13.545200128, "loss": 0.014773635193705559, "reconstruction": 0.0011248220689594746, "period": 0.6824406385421753, "entropy": 0.0}
{"scene": "R01", "epoch": 23, "epochs": 50, "step": 51, "steps_per_epoch": 912, "elapsed_seconds": 3387.0573976368178, "gradient_norm": 0.24643349647521973, "peak_gb": 13.545200128, "loss": 0.009364805184304714, "reconstruction": 0.0009609313565306365, "period": 0.42019373178482056, "entropy": 0.0}
{"scene": "R01", "epoch": 23, "epochs": 50, "step": 76, "steps_per_epoch": 912, "elapsed_seconds": 3391.227438132977, "gradient_norm": 0.5060907602310181, "peak_gb": 13.545200128, "loss": 0.014757107943296432, "reconstruction": 0.0016465666703879833, "period": 0.6555271148681641, "entropy": 0.0}
{"scene": "R01", "epoch": 23, "epochs": 50, "step": 101, "steps_per_epoch": 912, "elapsed_seconds": 3395.411374017829, "gradient_norm": 0.19727590680122375, "peak_gb": 13.545200128, "loss": 0.006676872726529837, "reconstruction": 0.0010645035654306412, "period": 0.28061845898628235, "entropy": 0.0}
{"scene": "R01", "epoch": 23, "epochs": 50, "step": 126, "steps_per_epoch": 912, "elapsed_seconds": 3399.583889873931, "gradient_norm": 0.4264015853404999, "peak_gb": 13.545200128, "loss": 0.01487724669277668, "reconstruction": 0.0014648407232016325, "period": 0.670620322227478, "entropy": 0.0}
{"scene": "R01", "epoch": 23, "epochs": 50, "step": 151, "steps_per_epoch": 912, "elapsed_seconds": 3403.7611807968933, "gradient_norm": 0.3130391240119934, "peak_gb": 13.545200128, "loss": 0.0073401122353971004, "reconstruction": 0.0011414753971621394, "period": 0.30993184447288513, "entropy": 0.0}
{"scene": "R01", "epoch": 23, "epochs": 50, "step": 176, "steps_per_epoch": 912, "elapsed_seconds": 3407.9284467089456, "gradient_norm": 0.11718549579381943, "peak_gb": 13.545200128, "loss": 0.004369929898530245, "reconstruction": 0.0009303236729465425, "period": 0.17198032140731812, "entropy": 0.0}
{"scene": "R01", "epoch": 23, "epochs": 50, "step": 201, "steps_per_epoch": 912, "elapsed_seconds": 3412.0952595458366, "gradient_norm": 0.31549161672592163, "peak_gb": 13.545200128, "loss": 0.00971638411283493, "reconstruction": 0.0010642106644809246, "period": 0.4326086640357971, "entropy": 0.0}
{"scene": "R01", "epoch": 23, "epochs": 50, "step": 226, "steps_per_epoch": 912, "elapsed_seconds": 3416.2785717798397, "gradient_norm": 0.40872615575790405, "peak_gb": 13.545200128, "loss": 0.01136491633951664, "reconstruction": 0.0013639552053064108, "period": 0.500048041343689, "entropy": 0.0}
{"scene": "R01", "epoch": 23, "epochs": 50, "step": 251, "steps_per_epoch": 912, "elapsed_seconds": 3420.4836211798247, "gradient_norm": 0.3751804530620575, "peak_gb": 13.545200128, "loss": 0.013172563165426254, "reconstruction": 0.0016025248914957047, "period": 0.5785019397735596, "entropy": 0.0}
{"scene": "R01", "epoch": 23, "epochs": 50, "step": 276, "steps_per_epoch": 912, "elapsed_seconds": 3424.6611885169987, "gradient_norm": 0.23031046986579895, "peak_gb": 13.545200128, "loss": 0.0054494705982506275, "reconstruction": 0.0018989507807418704, "period": 0.17752599716186523, "entropy": 0.0}
{"scene": "R01", "epoch": 23, "epochs": 50, "step": 301, "steps_per_epoch": 912, "elapsed_seconds": 3428.8360540228896, "gradient_norm": 0.21579720079898834, "peak_gb": 13.545200128, "loss": 0.005837586242705584, "reconstruction": 0.0014020376838743687, "period": 0.22177742421627045, "entropy": 0.0}
{"scene": "R01", "epoch": 23, "epochs": 50, "step": 326, "steps_per_epoch": 912, "elapsed_seconds": 3433.0118703700136, "gradient_norm": 0.3019776940345764, "peak_gb": 13.545200128, "loss": 0.007678522262722254, "reconstruction": 0.0011452711187303066, "period": 0.3266625702381134, "entropy": 0.0}
{"scene": "R01", "epoch": 23, "epochs": 50, "step": 351, "steps_per_epoch": 912, "elapsed_seconds": 3437.193549532909, "gradient_norm": 0.2572011351585388, "peak_gb": 13.545200128, "loss": 0.0064769163727760315, "reconstruction": 0.0008931661723181605, "period": 0.27918750047683716, "entropy": 0.0}
{"scene": "R01", "epoch": 23, "epochs": 50, "step": 376, "steps_per_epoch": 912, "elapsed_seconds": 3441.374555196846, "gradient_norm": 0.5352375507354736, "peak_gb": 13.545200128, "loss": 0.01810418628156185, "reconstruction": 0.0017362067010253668, "period": 0.8183989524841309, "entropy": 0.0}
{"scene": "R01", "epoch": 23, "epochs": 50, "step": 401, "steps_per_epoch": 912, "elapsed_seconds": 3445.5452417058405, "gradient_norm": 0.2205023467540741, "peak_gb": 13.545200128, "loss": 0.005887598730623722, "reconstruction": 0.0009449806530028582, "period": 0.24713090062141418, "entropy": 0.0}
{"scene": "R01", "epoch": 23, "epochs": 50, "step": 426, "steps_per_epoch": 912, "elapsed_seconds": 3449.713063498959, "gradient_norm": 0.3549555242061615, "peak_gb": 13.545200128, "loss": 0.010849455371499062, "reconstruction": 0.0017999736592173576, "period": 0.45247411727905273, "entropy": 0.0}
{"scene": "R01", "epoch": 23, "epochs": 50, "step": 451, "steps_per_epoch": 912, "elapsed_seconds": 3453.8998783158604, "gradient_norm": 0.29086366295814514, "peak_gb": 13.545200128, "loss": 0.011509130708873272, "reconstruction": 0.0011928591411560774, "period": 0.5158135890960693, "entropy": 0.0}
{"scene": "R01", "epoch": 23, "epochs": 50, "step": 476, "steps_per_epoch": 912, "elapsed_seconds": 3458.0779166668653, "gradient_norm": 0.226476788520813, "peak_gb": 13.545200128, "loss": 0.008820803835988045, "reconstruction": 0.0011570450151339173, "period": 0.3831879496574402, "entropy": 0.0}
{"scene": "R01", "epoch": 23, "epochs": 50, "step": 501, "steps_per_epoch": 912, "elapsed_seconds": 3462.2539134218823, "gradient_norm": 0.3319176435470581, "peak_gb": 13.545200128, "loss": 0.007255179807543755, "reconstruction": 0.001453774399124086, "period": 0.2900702655315399, "entropy": 0.0}
{"scene": "R01", "epoch": 23, "epochs": 50, "step": 526, "steps_per_epoch": 912, "elapsed_seconds": 3466.440532659879, "gradient_norm": 0.42358678579330444, "peak_gb": 13.545200128, "loss": 0.011309098452329636, "reconstruction": 0.0020223380997776985, "period": 0.4643380343914032, "entropy": 0.0}
{"scene": "R01", "epoch": 23, "epochs": 50, "step": 551, "steps_per_epoch": 912, "elapsed_seconds": 3470.6216482999735, "gradient_norm": 0.4617559015750885, "peak_gb": 13.545200128, "loss": 0.01858176849782467, "reconstruction": 0.0009847787441685796, "period": 0.8798495531082153, "entropy": 0.0}
{"scene": "R01", "epoch": 23, "epochs": 50, "step": 576, "steps_per_epoch": 912, "elapsed_seconds": 3474.8057223230135, "gradient_norm": 0.3743487596511841, "peak_gb": 13.545200128, "loss": 0.018722454085946083, "reconstruction": 0.001073757535777986, "period": 0.8824348449707031, "entropy": 0.0}
{"scene": "R01", "epoch": 23, "epochs": 50, "step": 601, "steps_per_epoch": 912, "elapsed_seconds": 3478.9934945839923, "gradient_norm": 0.39819037914276123, "peak_gb": 13.545200128, "loss": 0.009253418073058128, "reconstruction": 0.0011079246178269386, "period": 0.40727466344833374, "entropy": 0.0}
{"scene": "R01", "epoch": 23, "epochs": 50, "step": 626, "steps_per_epoch": 912, "elapsed_seconds": 3483.1746415128, "gradient_norm": 0.6220162510871887, "peak_gb": 13.545200128, "loss": 0.030756724998354912, "reconstruction": 0.0018567123916000128, "period": 1.4450006484985352, "entropy": 0.0}
{"scene": "R01", "epoch": 23, "epochs": 50, "step": 651, "steps_per_epoch": 912, "elapsed_seconds": 3487.3459079859313, "gradient_norm": 0.3761284351348877, "peak_gb": 13.545200128, "loss": 0.009456627070903778, "reconstruction": 0.0016698669642210007, "period": 0.3893379867076874, "entropy": 0.0}
{"scene": "R01", "epoch": 23, "epochs": 50, "step": 676, "steps_per_epoch": 912, "elapsed_seconds": 3491.5119142578915, "gradient_norm": 0.5289329886436462, "peak_gb": 13.545200128, "loss": 0.015067718923091888, "reconstruction": 0.0016347651835530996, "period": 0.6716476678848267, "entropy": 0.0}
{"scene": "R01", "epoch": 23, "epochs": 50, "step": 701, "steps_per_epoch": 912, "elapsed_seconds": 3495.6840040630195, "gradient_norm": 0.3301129639148712, "peak_gb": 13.545200128, "loss": 0.009413668885827065, "reconstruction": 0.0014567673206329346, "period": 0.3978450894355774, "entropy": 0.0}
{"scene": "R01", "epoch": 23, "epochs": 50, "step": 726, "steps_per_epoch": 912, "elapsed_seconds": 3499.8631335329264, "gradient_norm": 0.39295947551727295, "peak_gb": 13.545200128, "loss": 0.010765433311462402, "reconstruction": 0.0009812586940824986, "period": 0.4892086982727051, "entropy": 0.0}
{"scene": "R01", "epoch": 23, "epochs": 50, "step": 751, "steps_per_epoch": 912, "elapsed_seconds": 3504.0512536019087, "gradient_norm": 0.313865065574646, "peak_gb": 13.545200128, "loss": 0.007572156842797995, "reconstruction": 0.0010308530181646347, "period": 0.32706519961357117, "entropy": 0.0}
{"scene": "R01", "epoch": 23, "epochs": 50, "step": 776, "steps_per_epoch": 912, "elapsed_seconds": 3508.229584247805, "gradient_norm": 0.4051028788089752, "peak_gb": 13.545200128, "loss": 0.011560211889445782, "reconstruction": 0.0015514472033828497, "period": 0.5004382133483887, "entropy": 0.0}
{"scene": "R01", "epoch": 23, "epochs": 50, "step": 801, "steps_per_epoch": 912, "elapsed_seconds": 3512.417537794914, "gradient_norm": 0.4518705904483795, "peak_gb": 13.545200128, "loss": 0.009061015211045742, "reconstruction": 0.0011094659566879272, "period": 0.3975774943828583, "entropy": 0.0}
{"scene": "R01", "epoch": 23, "epochs": 50, "step": 826, "steps_per_epoch": 912, "elapsed_seconds": 3516.596323288977, "gradient_norm": 0.3177252411842346, "peak_gb": 13.545200128, "loss": 0.006901287939399481, "reconstruction": 0.0008377693593502045, "period": 0.3031759262084961, "entropy": 0.0}
{"scene": "R01", "epoch": 23, "epochs": 50, "step": 851, "steps_per_epoch": 912, "elapsed_seconds": 3520.7656776749063, "gradient_norm": 0.4183673560619354, "peak_gb": 13.545200128, "loss": 0.011614581570029259, "reconstruction": 0.0019115633331239223, "period": 0.48515093326568604, "entropy": 0.0}
{"scene": "R01", "epoch": 23, "epochs": 50, "step": 876, "steps_per_epoch": 912, "elapsed_seconds": 3524.9460965190083, "gradient_norm": 0.4840257167816162, "peak_gb": 13.545200128, "loss": 0.016787288710474968, "reconstruction": 0.001060931826941669, "period": 0.7863179445266724, "entropy": 0.0}
{"scene": "R01", "epoch": 23, "epochs": 50, "step": 901, "steps_per_epoch": 912, "elapsed_seconds": 3529.127491532825, "gradient_norm": 0.45470571517944336, "peak_gb": 13.545200128, "loss": 0.012704923748970032, "reconstruction": 0.0010419762693345547, "period": 0.583147406578064, "entropy": 0.0}
{"epoch": 23, "steps": 912, "seconds": 152.50346174207516, "loss": 0.010187619970805062, "reconstruction": 0.001273398202325201, "period": 0.4457110993302705, "entropy": 0.0}
{"scene": "R01", "epoch": 24, "epochs": 50, "step": 1, "steps_per_epoch": 912, "elapsed_seconds": 3531.2121430810075, "gradient_norm": 0.2850320339202881, "peak_gb": 13.545200128, "loss": 0.0067335390485823154, "reconstruction": 0.0012582234339788556, "period": 0.27376580238342285, "entropy": 0.0}
{"scene": "R01", "epoch": 24, "epochs": 50, "step": 26, "steps_per_epoch": 912, "elapsed_seconds": 3535.388152363943, "gradient_norm": 0.15014833211898804, "peak_gb": 13.545200128, "loss": 0.0047711096704006195, "reconstruction": 0.0019395907875150442, "period": 0.14157594740390778, "entropy": 0.0}
{"scene": "R01", "epoch": 24, "epochs": 50, "step": 51, "steps_per_epoch": 912, "elapsed_seconds": 3539.573092114879, "gradient_norm": 0.22756922245025635, "peak_gb": 13.545200128, "loss": 0.005418505519628525, "reconstruction": 0.0009446304175071418, "period": 0.22369375824928284, "entropy": 0.0}
{"scene": "R01", "epoch": 24, "epochs": 50, "step": 76, "steps_per_epoch": 912, "elapsed_seconds": 3543.7467217179947, "gradient_norm": 0.32680559158325195, "peak_gb": 13.545200128, "loss": 0.006709373090416193, "reconstruction": 0.001465500332415104, "period": 0.2621936500072479, "entropy": 0.0}
{"scene": "R01", "epoch": 24, "epochs": 50, "step": 101, "steps_per_epoch": 912, "elapsed_seconds": 3547.9298046128824, "gradient_norm": 0.174380823969841, "peak_gb": 13.545200128, "loss": 0.00497512798756361, "reconstruction": 0.0014229643857106566, "period": 0.1776081919670105, "entropy": 0.0}
{"scene": "R01", "epoch": 24, "epochs": 50, "step": 126, "steps_per_epoch": 912, "elapsed_seconds": 3552.103010169929, "gradient_norm": 0.48641934990882874, "peak_gb": 13.545200128, "loss": 0.014460384845733643, "reconstruction": 0.0015303113032132387, "period": 0.6465036869049072, "entropy": 0.0}
{"scene": "R01", "epoch": 24, "epochs": 50, "step": 151, "steps_per_epoch": 912, "elapsed_seconds": 3556.2841046010144, "gradient_norm": 0.5290018916130066, "peak_gb": 13.545200128, "loss": 0.015710091218352318, "reconstruction": 0.0013952304143458605, "period": 0.7157430648803711, "entropy": 0.0}
{"scene": "R01", "epoch": 24, "epochs": 50, "step": 176, "steps_per_epoch": 912, "elapsed_seconds": 3560.467794944998, "gradient_norm": 0.37684208154678345, "peak_gb": 13.545200128, "loss": 0.015760479494929314, "reconstruction": 0.00111673166975379, "period": 0.7321873903274536, "entropy": 0.0}
{"scene": "R01", "epoch": 24, "epochs": 50, "step": 201, "steps_per_epoch": 912, "elapsed_seconds": 3564.646741905017, "gradient_norm": 0.20267842710018158, "peak_gb": 13.545200128, "loss": 0.005147046409547329, "reconstruction": 0.0013856084551662207, "period": 0.18807189166545868, "entropy": 0.0}
{"scene": "R01", "epoch": 24, "epochs": 50, "step": 226, "steps_per_epoch": 912, "elapsed_seconds": 3568.8297793518286, "gradient_norm": 0.21071001887321472, "peak_gb": 13.545200128, "loss": 0.00681582186371088, "reconstruction": 0.0019053444266319275, "period": 0.2455238699913025, "entropy": 0.0}
{"scene": "R01", "epoch": 24, "epochs": 50, "step": 251, "steps_per_epoch": 912, "elapsed_seconds": 3573.0099481770303, "gradient_norm": 0.2122073620557785, "peak_gb": 13.545200128, "loss": 0.004673220217227936, "reconstruction": 0.0011177918640896678, "period": 0.1777714192867279, "entropy": 0.0}
{"scene": "R01", "epoch": 24, "epochs": 50, "step": 276, "steps_per_epoch": 912, "elapsed_seconds": 3577.204771964811, "gradient_norm": 0.2832239866256714, "peak_gb": 13.545200128, "loss": 0.0096843047067523, "reconstruction": 0.0010710768401622772, "period": 0.4306613802909851, "entropy": 0.0}
{"scene": "R01", "epoch": 24, "epochs": 50, "step": 301, "steps_per_epoch": 912, "elapsed_seconds": 3581.3926285379566, "gradient_norm": 0.04786773398518562, "peak_gb": 13.545200128, "loss": 0.0021074130199849606, "reconstruction": 0.0010227612219750881, "period": 0.054232582449913025, "entropy": 0.0}
{"scene": "R01", "epoch": 24, "epochs": 50, "step": 326, "steps_per_epoch": 912, "elapsed_seconds": 3585.5639019778464, "gradient_norm": 0.15346552431583405, "peak_gb": 13.545200128, "loss": 0.0035373440477997065, "reconstruction": 0.0010468049440532923, "period": 0.12452695518732071, "entropy": 0.0}
{"scene": "R01", "epoch": 24, "epochs": 50, "step": 351, "steps_per_epoch": 912, "elapsed_seconds": 3589.7315155458637, "gradient_norm": 0.4008878767490387, "peak_gb": 13.545200128, "loss": 0.008421830832958221, "reconstruction": 0.001101943664252758, "period": 0.36599433422088623, "entropy": 0.0}
{"scene": "R01", "epoch": 24, "epochs": 50, "step": 376, "steps_per_epoch": 912, "elapsed_seconds": 3593.9155960208736, "gradient_norm": 0.19184796512126923, "peak_gb": 13.545200128, "loss": 0.0047677732072770596, "reconstruction": 0.0009149070829153061, "period": 0.19264331459999084, "entropy": 0.0}
{"scene": "R01", "epoch": 24, "epochs": 50, "step": 401, "steps_per_epoch": 912, "elapsed_seconds": 3598.0979534818325, "gradient_norm": 0.37123996019363403, "peak_gb": 13.545200128, "loss": 0.016143884509801865, "reconstruction": 0.0012213203590363264, "period": 0.7461282014846802, "entropy": 0.0}
{"scene": "R01", "epoch": 24, "epochs": 50, "step": 426, "steps_per_epoch": 912, "elapsed_seconds": 3602.2639328669757, "gradient_norm": 0.3635600805282593, "peak_gb": 13.545200128, "loss": 0.008050404489040375, "reconstruction": 0.0008893885533325374, "period": 0.3580508232116699, "entropy": 0.0}
{"scene": "R01", "epoch": 24, "epochs": 50, "step": 451, "steps_per_epoch": 912, "elapsed_seconds": 3606.4372657500207, "gradient_norm": 0.25441208481788635, "peak_gb": 13.545200128, "loss": 0.0069697266444563866, "reconstruction": 0.0012353839119896293, "period": 0.28671714663505554, "entropy": 0.0}
{"scene": "R01", "epoch": 24, "epochs": 50, "step": 476, "steps_per_epoch": 912, "elapsed_seconds": 3610.614737862954, "gradient_norm": 0.4086816906929016, "peak_gb": 13.545200128, "loss": 0.0079939691349864, "reconstruction": 0.0008437013020738959, "period": 0.3575133979320526, "entropy": 0.0}
{"scene": "R01", "epoch": 24, "epochs": 50, "step": 501, "steps_per_epoch": 912, "elapsed_seconds": 3614.794212040957, "gradient_norm": 0.3012445867061615, "peak_gb": 13.545200128, "loss": 0.010085918009281158, "reconstruction": 0.0011014268966391683, "period": 0.449224591255188, "entropy": 0.0}
{"scene": "R01", "epoch": 24, "epochs": 50, "step": 526, "steps_per_epoch": 912, "elapsed_seconds": 3618.9723617059644, "gradient_norm": 0.45572641491889954, "peak_gb": 13.545200128, "loss": 0.010920178145170212, "reconstruction": 0.0009187092073261738, "period": 0.5000734329223633, "entropy": 0.0}
{"scene": "R01", "epoch": 24, "epochs": 50, "step": 551, "steps_per_epoch": 912, "elapsed_seconds": 3623.148426846834, "gradient_norm": 0.4245253801345825, "peak_gb": 13.545200128, "loss": 0.011146511882543564, "reconstruction": 0.0026857133489102125, "period": 0.42303991317749023, "entropy": 0.0}
{"scene": "R01", "epoch": 24, "epochs": 50, "step": 576, "steps_per_epoch": 912, "elapsed_seconds": 3627.327395559987, "gradient_norm": 0.2761009931564331, "peak_gb": 13.545200128, "loss": 0.005635809153318405, "reconstruction": 0.0014011760940775275, "period": 0.21173164248466492, "entropy": 0.0}
{"scene": "R01", "epoch": 24, "epochs": 50, "step": 601, "steps_per_epoch": 912, "elapsed_seconds": 3631.49847970088, "gradient_norm": 0.44542089104652405, "peak_gb": 13.545200128, "loss": 0.017937354743480682, "reconstruction": 0.0016291196225211024, "period": 0.8154118061065674, "entropy": 0.0}
{"scene": "R01", "epoch": 24, "epochs": 50, "step": 626, "steps_per_epoch": 912, "elapsed_seconds": 3635.6709576619323, "gradient_norm": 0.38059937953948975, "peak_gb": 13.545200128, "loss": 0.01014922745525837, "reconstruction": 0.0009740972891449928, "period": 0.4587565064430237, "entropy": 0.0}
{"scene": "R01", "epoch": 24, "epochs": 50, "step": 651, "steps_per_epoch": 912, "elapsed_seconds": 3639.8503228100017, "gradient_norm": 0.21982474625110626, "peak_gb": 13.545200128, "loss": 0.008866438642144203, "reconstruction": 0.0015313539188355207, "period": 0.3667542338371277, "entropy": 0.0}
{"scene": "R01", "epoch": 24, "epochs": 50, "step": 676, "steps_per_epoch": 912, "elapsed_seconds": 3644.0176830738783, "gradient_norm": 0.28133469820022583, "peak_gb": 13.545200128, "loss": 0.009915448725223541, "reconstruction": 0.0009904794860631227, "period": 0.44624850153923035, "entropy": 0.0}
{"scene": "R01", "epoch": 24, "epochs": 50, "step": 701, "steps_per_epoch": 912, "elapsed_seconds": 3648.1979913758114, "gradient_norm": 0.18308883905410767, "peak_gb": 13.545200128, "loss": 0.004776231944561005, "reconstruction": 0.0017923772102221847, "period": 0.14919275045394897, "entropy": 0.0}
{"scene": "R01", "epoch": 24, "epochs": 50, "step": 726, "steps_per_epoch": 912, "elapsed_seconds": 3652.381574109895, "gradient_norm": 0.4035743176937103, "peak_gb": 13.545200128, "loss": 0.008777174167335033, "reconstruction": 0.0014558749971911311, "period": 0.36606496572494507, "entropy": 0.0}
{"scene": "R01", "epoch": 24, "epochs": 50, "step": 751, "steps_per_epoch": 912, "elapsed_seconds": 3656.5484241319355, "gradient_norm": 0.2525707185268402, "peak_gb": 13.545200128, "loss": 0.0056382957845926285, "reconstruction": 0.0009558799210935831, "period": 0.23412081599235535, "entropy": 0.0}
{"scene": "R01", "epoch": 24, "epochs": 50, "step": 776, "steps_per_epoch": 912, "elapsed_seconds": 3660.7161899518687, "gradient_norm": 0.27029797434806824, "peak_gb": 13.545200128, "loss": 0.004821383394300938, "reconstruction": 0.0008598347194492817, "period": 0.19807744026184082, "entropy": 0.0}
{"scene": "R01", "epoch": 24, "epochs": 50, "step": 801, "steps_per_epoch": 912, "elapsed_seconds": 3664.898829880869, "gradient_norm": 0.46177780628204346, "peak_gb": 13.545200128, "loss": 0.01305648684501648, "reconstruction": 0.0011745127849280834, "period": 0.594098687171936, "entropy": 0.0}
{"scene": "R01", "epoch": 24, "epochs": 50, "step": 826, "steps_per_epoch": 912, "elapsed_seconds": 3669.0689533008263, "gradient_norm": 0.12963488698005676, "peak_gb": 13.545200128, "loss": 0.003125968622043729, "reconstruction": 0.0010016108863055706, "period": 0.1062178835272789, "entropy": 0.0}
{"scene": "R01", "epoch": 24, "epochs": 50, "step": 851, "steps_per_epoch": 912, "elapsed_seconds": 3673.2492983988486, "gradient_norm": 0.4020426869392395, "peak_gb": 13.545200128, "loss": 0.01076846569776535, "reconstruction": 0.0009047127095982432, "period": 0.49318763613700867, "entropy": 0.0}
{"scene": "R01", "epoch": 24, "epochs": 50, "step": 876, "steps_per_epoch": 912, "elapsed_seconds": 3677.4290481179487, "gradient_norm": 0.4410341680049896, "peak_gb": 13.545200128, "loss": 0.016255032271146774, "reconstruction": 0.0014596215914934874, "period": 0.7397705316543579, "entropy": 0.0}
{"scene": "R01", "epoch": 24, "epochs": 50, "step": 901, "steps_per_epoch": 912, "elapsed_seconds": 3681.6171173518524, "gradient_norm": 0.4582333266735077, "peak_gb": 13.545200128, "loss": 0.008075940422713757, "reconstruction": 0.000886175490450114, "period": 0.35948824882507324, "entropy": 0.0}
{"epoch": 24, "steps": 912, "seconds": 152.49088515900075, "loss": 0.009703855321659878, "reconstruction": 0.0012356296359492965, "period": 0.4234112941643648, "entropy": 0.0}
{"scene": "R01", "epoch": 25, "epochs": 50, "step": 1, "steps_per_epoch": 912, "elapsed_seconds": 3683.706296563847, "gradient_norm": 0.19631044566631317, "peak_gb": 13.545200128, "loss": 0.0049549490213394165, "reconstruction": 0.0010308010969311, "period": 0.19620740413665771, "entropy": 0.0}
{"scene": "R01", "epoch": 25, "epochs": 50, "step": 26, "steps_per_epoch": 912, "elapsed_seconds": 3687.8844018320087, "gradient_norm": 0.4028792381286621, "peak_gb": 13.545200128, "loss": 0.009442306123673916, "reconstruction": 0.0013270815834403038, "period": 0.4057612419128418, "entropy": 0.0}
{"scene": "R01", "epoch": 25, "epochs": 50, "step": 51, "steps_per_epoch": 912, "elapsed_seconds": 3692.065801091958, "gradient_norm": 0.34263497591018677, "peak_gb": 13.545200128, "loss": 0.008046774193644524, "reconstruction": 0.001092001679353416, "period": 0.3477386236190796, "entropy": 0.0}
{"scene": "R01", "epoch": 25, "epochs": 50, "step": 76, "steps_per_epoch": 912, "elapsed_seconds": 3696.2492575799115, "gradient_norm": 0.33802521228790283, "peak_gb": 13.545200128, "loss": 0.008895398117601871, "reconstruction": 0.0012899189023301005, "period": 0.3802739977836609, "entropy": 0.0}
{"scene": "R01", "epoch": 25, "epochs": 50, "step": 101, "steps_per_epoch": 912, "elapsed_seconds": 3700.4301081348676, "gradient_norm": 0.25361812114715576, "peak_gb": 13.545200128, "loss": 0.006796305067837238, "reconstruction": 0.002019730396568775, "period": 0.23882874846458435, "entropy": 0.0}
{"scene": "R01", "epoch": 25, "epochs": 50, "step": 126, "steps_per_epoch": 912, "elapsed_seconds": 3704.616809889907, "gradient_norm": 0.12086758017539978, "peak_gb": 13.545200128, "loss": 0.0024838135577738285, "reconstruction": 0.0009054442634806037, "period": 0.0789184719324112, "entropy": 0.0}
{"scene": "R01", "epoch": 25, "epochs": 50, "step": 151, "steps_per_epoch": 912, "elapsed_seconds": 3708.7914345928, "gradient_norm": 0.3960264027118683, "peak_gb": 13.545200128, "loss": 0.010143335908651352, "reconstruction": 0.0015488233184441924, "period": 0.42972567677497864, "entropy": 0.0}
{"scene": "R01", "epoch": 25, "epochs": 50, "step": 176, "steps_per_epoch": 912, "elapsed_seconds": 3712.97573360987, "gradient_norm": 0.146886944770813, "peak_gb": 13.545200128, "loss": 0.0037316163070499897, "reconstruction": 0.0012176146265119314, "period": 0.12570008635520935, "entropy": 0.0}
{"scene": "R01", "epoch": 25, "epochs": 50, "step": 201, "steps_per_epoch": 912, "elapsed_seconds": 3717.164330714848, "gradient_norm": 0.2552473545074463, "peak_gb": 13.545200128, "loss": 0.0063560474663972855, "reconstruction": 0.0008701413753442466, "period": 0.2742953300476074, "entropy": 0.0}
{"scene": "R01", "epoch": 25, "epochs": 50, "step": 226, "steps_per_epoch": 912, "elapsed_seconds": 3721.3456653170288, "gradient_norm": 0.45720794796943665, "peak_gb": 13.545200128, "loss": 0.01620747148990631, "reconstruction": 0.0025838359724730253, "period": 0.6811818480491638, "entropy": 0.0}
{"scene": "R01", "epoch": 25, "epochs": 50, "step": 251, "steps_per_epoch": 912, "elapsed_seconds": 3725.5270928540267, "gradient_norm": 0.5023913979530334, "peak_gb": 13.545200128, "loss": 0.015011959709227085, "reconstruction": 0.0011365364771336317, "period": 0.6937711834907532, "entropy": 0.0}
{"scene": "R01", "epoch": 25, "epochs": 50, "step": 276, "steps_per_epoch": 912, "elapsed_seconds": 3729.703953926917, "gradient_norm": 0.29975441098213196, "peak_gb": 13.545200128, "loss": 0.010569946840405464, "reconstruction": 0.0010475371964275837, "period": 0.4761204719543457, "entropy": 0.0}
{"scene": "R01", "epoch": 25, "epochs": 50, "step": 301, "steps_per_epoch": 912, "elapsed_seconds": 3733.889184913831, "gradient_norm": 0.4566969871520996, "peak_gb": 13.545200128, "loss": 0.012610133737325668, "reconstruction": 0.0018666479736566544, "period": 0.5371742844581604, "entropy": 0.0}
{"scene": "R01", "epoch": 25, "epochs": 50, "step": 326, "steps_per_epoch": 912, "elapsed_seconds": 3738.066781973932, "gradient_norm": 0.3458891212940216, "peak_gb": 13.545200128, "loss": 0.005957027431577444, "reconstruction": 0.001014692592434585, "period": 0.24711674451828003, "entropy": 0.0}
{"scene": "R01", "epoch": 25, "epochs": 50, "step": 351, "steps_per_epoch": 912, "elapsed_seconds": 3742.2495807658415, "gradient_norm": 0.3070794641971588, "peak_gb": 13.545200128, "loss": 0.007788185961544514, "reconstruction": 0.0021146072540432215, "period": 0.28367891907691956, "entropy": 0.0}
{"scene": "R01", "epoch": 25, "epochs": 50, "step": 376, "steps_per_epoch": 912, "elapsed_seconds": 3746.4183358638547, "gradient_norm": 0.3543477952480316, "peak_gb": 13.545200128, "loss": 0.01024838350713253, "reconstruction": 0.0009153936989605427, "period": 0.46664953231811523, "entropy": 0.0}
{"scene": "R01", "epoch": 25, "epochs": 50, "step": 401, "steps_per_epoch": 912, "elapsed_seconds": 3750.6015522568487, "gradient_norm": 0.5007956027984619, "peak_gb": 13.545200128, "loss": 0.01900590769946575, "reconstruction": 0.0012705966364592314, "period": 0.8867655992507935, "entropy": 0.0}
{"scene": "R01", "epoch": 25, "epochs": 50, "step": 426, "steps_per_epoch": 912, "elapsed_seconds": 3754.7841476048343, "gradient_norm": 0.48710623383522034, "peak_gb": 13.545200128, "loss": 0.013328755274415016, "reconstruction": 0.0010728741763159633, "period": 0.612794041633606, "entropy": 0.0}
{"scene": "R01", "epoch": 25, "epochs": 50, "step": 451, "steps_per_epoch": 912, "elapsed_seconds": 3758.954584627878, "gradient_norm": 0.1738550364971161, "peak_gb": 13.545200128, "loss": 0.005156224127858877, "reconstruction": 0.0011697764275595546, "period": 0.1993223875761032, "entropy": 0.0}
{"scene": "R01", "epoch": 25, "epochs": 50, "step": 476, "steps_per_epoch": 912, "elapsed_seconds": 3763.134809769923, "gradient_norm": 0.4916803240776062, "peak_gb": 13.545200128, "loss": 0.013635477982461452, "reconstruction": 0.0018291868036612868, "period": 0.5903145670890808, "entropy": 0.0}
{"scene": "R01", "epoch": 25, "epochs": 50, "step": 501, "steps_per_epoch": 912, "elapsed_seconds": 3767.3076783099677, "gradient_norm": 0.39534199237823486, "peak_gb": 13.545200128, "loss": 0.014591775834560394, "reconstruction": 0.0009850605856627226, "period": 0.6803357601165771, "entropy": 0.0}
{"scene": "R01", "epoch": 25, "epochs": 50, "step": 526, "steps_per_epoch": 912, "elapsed_seconds": 3771.485147070838, "gradient_norm": 0.2528870701789856, "peak_gb": 13.545200128, "loss": 0.005628198850899935, "reconstruction": 0.0014186849584802985, "period": 0.21047569811344147, "entropy": 0.0}
{"scene": "R01", "epoch": 25, "epochs": 50, "step": 551, "steps_per_epoch": 912, "elapsed_seconds": 3775.6678036639933, "gradient_norm": 0.29176971316337585, "peak_gb": 13.545200128, "loss": 0.007173988968133926, "reconstruction": 0.0014132711803540587, "period": 0.28803589940071106, "entropy": 0.0}
{"scene": "R01", "epoch": 25, "epochs": 50, "step": 576, "steps_per_epoch": 912, "elapsed_seconds": 3779.849771622801, "gradient_norm": 0.241550475358963, "peak_gb": 13.545200128, "loss": 0.005758726969361305, "reconstruction": 0.0014443941181525588, "period": 0.2157166302204132, "entropy": 0.0}
{"scene": "R01", "epoch": 25, "epochs": 50, "step": 601, "steps_per_epoch": 912, "elapsed_seconds": 3784.018122959882, "gradient_norm": 0.2768453359603882, "peak_gb": 13.545200128, "loss": 0.007314691320061684, "reconstruction": 0.00178514642175287, "period": 0.27647724747657776, "entropy": 0.0}
{"scene": "R01", "epoch": 25, "epochs": 50, "step": 626, "steps_per_epoch": 912, "elapsed_seconds": 3788.1848539668135, "gradient_norm": 0.3111327290534973, "peak_gb": 13.545200128, "loss": 0.008556460030376911, "reconstruction": 0.0010534304892644286, "period": 0.37515148520469666, "entropy": 0.0}
{"scene": "R01", "epoch": 25, "epochs": 50, "step": 651, "steps_per_epoch": 912, "elapsed_seconds": 3792.360984092811, "gradient_norm": 0.2528435289859772, "peak_gb": 13.545200128, "loss": 0.0066857715137302876, "reconstruction": 0.0011254516430199146, "period": 0.27801600098609924, "entropy": 0.0}
{"scene": "R01", "epoch": 25, "epochs": 50, "step": 676, "steps_per_epoch": 912, "elapsed_seconds": 3796.534583869856, "gradient_norm": 0.4125143885612488, "peak_gb": 13.545200128, "loss": 0.008256137371063232, "reconstruction": 0.0010626488365232944, "period": 0.35967445373535156, "entropy": 0.0}
{"scene": "R01", "epoch": 25, "epochs": 50, "step": 701, "steps_per_epoch": 912, "elapsed_seconds": 3800.7022725739516, "gradient_norm": 0.2033637911081314, "peak_gb": 13.545200128, "loss": 0.007867211475968361, "reconstruction": 0.001693549333140254, "period": 0.3086830973625183, "entropy": 0.0}
{"scene": "R01", "epoch": 25, "epochs": 50, "step": 726, "steps_per_epoch": 912, "elapsed_seconds": 3804.8723572869785, "gradient_norm": 0.18846267461776733, "peak_gb": 13.545200128, "loss": 0.004897247068583965, "reconstruction": 0.002145055215805769, "period": 0.1376095861196518, "entropy": 0.0}
{"scene": "R01", "epoch": 25, "epochs": 50, "step": 751, "steps_per_epoch": 912, "elapsed_seconds": 3809.048698145896, "gradient_norm": 0.4277036786079407, "peak_gb": 13.545200128, "loss": 0.011928561143577099, "reconstruction": 0.0013840773608535528, "period": 0.5272241830825806, "entropy": 0.0}
{"scene": "R01", "epoch": 25, "epochs": 50, "step": 776, "steps_per_epoch": 912, "elapsed_seconds": 3813.219467530027, "gradient_norm": 0.47321200370788574, "peak_gb": 13.545200128, "loss": 0.012630831450223923, "reconstruction": 0.0008290647529065609, "period": 0.5900883078575134, "entropy": 0.0}
{"scene": "R01", "epoch": 25, "epochs": 50, "step": 801, "steps_per_epoch": 912, "elapsed_seconds": 3817.406729942886, "gradient_norm": 0.29900550842285156, "peak_gb": 13.545200128, "loss": 0.006682880688458681, "reconstruction": 0.0009257894707843661, "period": 0.28785455226898193, "entropy": 0.0}
{"scene": "R01", "epoch": 25, "epochs": 50, "step": 826, "steps_per_epoch": 912, "elapsed_seconds": 3821.5856071379967, "gradient_norm": 0.4098276197910309, "peak_gb": 13.545200128, "loss": 0.009478883817791939, "reconstruction": 0.0010021035559475422, "period": 0.4238390326499939, "entropy": 0.0}
{"scene": "R01", "epoch": 25, "epochs": 50, "step": 851, "steps_per_epoch": 912, "elapsed_seconds": 3825.7578239717986, "gradient_norm": 0.4597035348415375, "peak_gb": 13.545200128, "loss": 0.010764851234853268, "reconstruction": 0.0013778413413092494, "period": 0.4693504869937897, "entropy": 0.0}
{"scene": "R01", "epoch": 25, "epochs": 50, "step": 876, "steps_per_epoch": 912, "elapsed_seconds": 3829.936528555816, "gradient_norm": 0.37102654576301575, "peak_gb": 13.545200128, "loss": 0.0075861262157559395, "reconstruction": 0.0016511536668986082, "period": 0.29674863815307617, "entropy": 0.0}
{"scene": "R01", "epoch": 25, "epochs": 50, "step": 901, "steps_per_epoch": 912, "elapsed_seconds": 3834.102599591948, "gradient_norm": 0.36877328157424927, "peak_gb": 13.545200128, "loss": 0.0070759449154138565, "reconstruction": 0.0017270389944314957, "period": 0.26744529604911804, "entropy": 0.0}
{"epoch": 25, "steps": 912, "seconds": 152.4826799260918, "loss": 0.008984257229920394, "reconstruction": 0.0012143266186492902, "period": 0.3884965402907447, "entropy": 0.0}
{"scene": "R01", "epoch": 26, "epochs": 50, "step": 1, "steps_per_epoch": 912, "elapsed_seconds": 3844.1838998659514, "gradient_norm": 0.34136876463890076, "peak_gb": 13.545200128, "loss": 0.008891071192920208, "reconstruction": 0.0010181487305089831, "period": 0.39364612102508545, "entropy": 0.0}
{"scene": "R01", "epoch": 26, "epochs": 50, "step": 26, "steps_per_epoch": 912, "elapsed_seconds": 3848.316844198853, "gradient_norm": 0.4834052324295044, "peak_gb": 13.545200128, "loss": 0.015109227038919926, "reconstruction": 0.0009073426481336355, "period": 0.7100942134857178, "entropy": 0.0}
{"scene": "R01", "epoch": 26, "epochs": 50, "step": 51, "steps_per_epoch": 912, "elapsed_seconds": 3852.4612231589854, "gradient_norm": 0.40493080019950867, "peak_gb": 13.545200128, "loss": 0.007344486191868782, "reconstruction": 0.001074122148565948, "period": 0.3135181963443756, "entropy": 0.0}
{"scene": "R01", "epoch": 26, "epochs": 50, "step": 76, "steps_per_epoch": 912, "elapsed_seconds": 3856.614298823988, "gradient_norm": 0.49302130937576294, "peak_gb": 13.545200128, "loss": 0.02445470727980137, "reconstruction": 0.0009991450933739543, "period": 1.1727781295776367, "entropy": 0.0}
{"scene": "R01", "epoch": 26, "epochs": 50, "step": 101, "steps_per_epoch": 912, "elapsed_seconds": 3860.769022948807, "gradient_norm": 0.4594131112098694, "peak_gb": 13.545200128, "loss": 0.012741745449602604, "reconstruction": 0.0008336734026670456, "period": 0.5954036116600037, "entropy": 0.0}
{"scene": "R01", "epoch": 26, "epochs": 50, "step": 126, "steps_per_epoch": 912, "elapsed_seconds": 3864.9197136559524, "gradient_norm": 0.47402819991111755, "peak_gb": 13.545200128, "loss": 0.012365750968456268, "reconstruction": 0.0010652977507561445, "period": 0.5650226473808289, "entropy": 0.0}
{"scene": "R01", "epoch": 26, "epochs": 50, "step": 151, "steps_per_epoch": 912, "elapsed_seconds": 3869.07571544894, "gradient_norm": 0.5967062711715698, "peak_gb": 13.545200128, "loss": 0.0207725390791893, "reconstruction": 0.0010114838369190693, "period": 0.9880527853965759, "entropy": 0.0}
{"scene": "R01", "epoch": 26, "epochs": 50, "step": 176, "steps_per_epoch": 912, "elapsed_seconds": 3873.259442826966, "gradient_norm": 0.2377621829509735, "peak_gb": 13.545200128, "loss": 0.007093413267284632, "reconstruction": 0.0016323858872056007, "period": 0.273051381111145, "entropy": 0.0}
{"scene": "R01", "epoch": 26, "epochs": 50, "step": 201, "steps_per_epoch": 912, "elapsed_seconds": 3877.4191975528374, "gradient_norm": 0.1415564864873886, "peak_gb": 13.545200128, "loss": 0.0035151757765561342, "reconstruction": 0.001270635286346078, "period": 0.11222703009843826, "entropy": 0.0}
{"scene": "R01", "epoch": 26, "epochs": 50, "step": 226, "steps_per_epoch": 912, "elapsed_seconds": 3881.5841275309213, "gradient_norm": 0.388510137796402, "peak_gb": 13.545200128, "loss": 0.009067059494554996, "reconstruction": 0.0009286873391829431, "period": 0.40691864490509033, "entropy": 0.0}
{"scene": "R01", "epoch": 26, "epochs": 50, "step": 251, "steps_per_epoch": 912, "elapsed_seconds": 3885.753103188006, "gradient_norm": 0.19407552480697632, "peak_gb": 13.545200128, "loss": 0.006413949653506279, "reconstruction": 0.002173318061977625, "period": 0.21203157305717468, "entropy": 0.0}
{"scene": "R01", "epoch": 26, "epochs": 50, "step": 276, "steps_per_epoch": 912, "elapsed_seconds": 3889.9196060888935, "gradient_norm": 0.15953375399112701, "peak_gb": 13.545200128, "loss": 0.006117857992649078, "reconstruction": 0.0013981371885165572, "period": 0.23598603904247284, "entropy": 0.0}
{"scene": "R01", "epoch": 26, "epochs": 50, "step": 301, "steps_per_epoch": 912, "elapsed_seconds": 3894.0876170999836, "gradient_norm": 0.283535897731781, "peak_gb": 13.545200128, "loss": 0.01254415512084961, "reconstruction": 0.00089290551841259, "period": 0.5825625061988831, "entropy": 0.0}
{"scene": "R01", "epoch": 26, "epochs": 50, "step": 326, "steps_per_epoch": 912, "elapsed_seconds": 3898.266952993814, "gradient_norm": 0.4203178286552429, "peak_gb": 13.545200128, "loss": 0.01229451410472393, "reconstruction": 0.0011547767790034413, "period": 0.5569868683815002, "entropy": 0.0}
{"scene": "R01", "epoch": 26, "epochs": 50, "step": 351, "steps_per_epoch": 912, "elapsed_seconds": 3902.437049819855, "gradient_norm": 0.3205227851867676, "peak_gb": 13.545200128, "loss": 0.007148376200348139, "reconstruction": 0.0009894262766465545, "period": 0.3079474866390228, "entropy": 0.0}
{"scene": "R01", "epoch": 26, "epochs": 50, "step": 376, "steps_per_epoch": 912, "elapsed_seconds": 3906.6143234597985, "gradient_norm": 0.4485624134540558, "peak_gb": 13.545200128, "loss": 0.010916284285485744, "reconstruction": 0.0008602316374890506, "period": 0.5028026103973389, "entropy": 0.0}
{"scene": "R01", "epoch": 26, "epochs": 50, "step": 401, "steps_per_epoch": 912, "elapsed_seconds": 3910.79810497188, "gradient_norm": 0.34100398421287537, "peak_gb": 13.545200128, "loss": 0.0074257575906813145, "reconstruction": 0.0011801443761214614, "period": 0.31228065490722656, "entropy": 0.0}
{"scene": "R01", "epoch": 26, "epochs": 50, "step": 426, "steps_per_epoch": 912, "elapsed_seconds": 3914.975561479805, "gradient_norm": 0.34026017785072327, "peak_gb": 13.545200128, "loss": 0.005892002023756504, "reconstruction": 0.0010751604568213224, "period": 0.2408420890569687, "entropy": 0.0}
{"scene": "R01", "epoch": 26, "epochs": 50, "step": 451, "steps_per_epoch": 912, "elapsed_seconds": 3919.1555763448123, "gradient_norm": 0.42693841457366943, "peak_gb": 13.545200128, "loss": 0.011641472578048706, "reconstruction": 0.0013714589877054095, "period": 0.5135006904602051, "entropy": 0.0}
{"scene": "R01", "epoch": 26, "epochs": 50, "step": 476, "steps_per_epoch": 912, "elapsed_seconds": 3923.3397465220187, "gradient_norm": 0.15287600457668304, "peak_gb": 13.545200128, "loss": 0.00455568078905344, "reconstruction": 0.0009643480880185962, "period": 0.1795666366815567, "entropy": 0.0}
{"scene": "R01", "epoch": 26, "epochs": 50, "step": 501, "steps_per_epoch": 912, "elapsed_seconds": 3927.5225330158137, "gradient_norm": 0.37476062774658203, "peak_gb": 13.545200128, "loss": 0.012166162952780724, "reconstruction": 0.0020490556489676237, "period": 0.5058553814888, "entropy": 0.0}
{"scene": "R01", "epoch": 26, "epochs": 50, "step": 526, "steps_per_epoch": 912, "elapsed_seconds": 3931.7047351258807, "gradient_norm": 0.2426968514919281, "peak_gb": 13.545200128, "loss": 0.0060762339271605015, "reconstruction": 0.000960288685746491, "period": 0.25579726696014404, "entropy": 0.0}
{"scene": "R01", "epoch": 26, "epochs": 50, "step": 551, "steps_per_epoch": 912, "elapsed_seconds": 3935.8952266848646, "gradient_norm": 0.10208243131637573, "peak_gb": 13.545200128, "loss": 0.0034222668036818504, "reconstruction": 0.0008360380306839943, "period": 0.1293114423751831, "entropy": 0.0}
{"scene": "R01", "epoch": 26, "epochs": 50, "step": 576, "steps_per_epoch": 912, "elapsed_seconds": 3940.0785594019108, "gradient_norm": 0.25814229249954224, "peak_gb": 13.545200128, "loss": 0.006254693027585745, "reconstruction": 0.001338962814770639, "period": 0.24578651785850525, "entropy": 0.0}
{"scene": "R01", "epoch": 26, "epochs": 50, "step": 601, "steps_per_epoch": 912, "elapsed_seconds": 3944.2548637038562, "gradient_norm": 0.08951300382614136, "peak_gb": 13.545200128, "loss": 0.002663705497980118, "reconstruction": 0.0009906163904815912, "period": 0.08365445584058762, "entropy": 0.0}
{"scene": "R01", "epoch": 26, "epochs": 50, "step": 626, "steps_per_epoch": 912, "elapsed_seconds": 3948.430894681951, "gradient_norm": 0.3576909005641937, "peak_gb": 13.545200128, "loss": 0.007700657472014427, "reconstruction": 0.0011353351874276996, "period": 0.32826611399650574, "entropy": 0.0}
{"scene": "R01", "epoch": 26, "epochs": 50, "step": 651, "steps_per_epoch": 912, "elapsed_seconds": 3952.621637594886, "gradient_norm": 0.3268577456474304, "peak_gb": 13.545200128, "loss": 0.006855851039290428, "reconstruction": 0.0010888534598052502, "period": 0.2883498966693878, "entropy": 0.0}
{"scene": "R01", "epoch": 26, "epochs": 50, "step": 676, "steps_per_epoch": 912, "elapsed_seconds": 3956.807856121799, "gradient_norm": 0.2878282070159912, "peak_gb": 13.545200128, "loss": 0.005928274244070053, "reconstruction": 0.001348166144452989, "period": 0.22900539636611938, "entropy": 0.0}
{"scene": "R01", "epoch": 26, "epochs": 50, "step": 701, "steps_per_epoch": 912, "elapsed_seconds": 3961.0032825849485, "gradient_norm": 0.11878447234630585, "peak_gb": 13.545200128, "loss": 0.003644146490842104, "reconstruction": 0.0014418828068301082, "period": 0.11011318862438202, "entropy": 0.0}
{"scene": "R01", "epoch": 26, "epochs": 50, "step": 726, "steps_per_epoch": 912, "elapsed_seconds": 3965.1918348479085, "gradient_norm": 0.3365688621997833, "peak_gb": 13.545200128, "loss": 0.005934091750532389, "reconstruction": 0.0010158190270885825, "period": 0.24591363966464996, "entropy": 0.0}
{"scene": "R01", "epoch": 26, "epochs": 50, "step": 751, "steps_per_epoch": 912, "elapsed_seconds": 3969.3766049689148, "gradient_norm": 0.12201844155788422, "peak_gb": 13.545200128, "loss": 0.002326746704056859, "reconstruction": 0.0009128192323260009, "period": 0.0706963762640953, "entropy": 0.0}
{"scene": "R01", "epoch": 26, "epochs": 50, "step": 776, "steps_per_epoch": 912, "elapsed_seconds": 3973.5676558408886, "gradient_norm": 0.03544821962714195, "peak_gb": 13.545200128, "loss": 0.0016243847785517573, "reconstruction": 0.0008784455712884665, "period": 0.03729696199297905, "entropy": 0.0}
{"scene": "R01", "epoch": 26, "epochs": 50, "step": 801, "steps_per_epoch": 912, "elapsed_seconds": 3977.7546084269416, "gradient_norm": 0.2255801111459732, "peak_gb": 13.545200128, "loss": 0.007911496795713902, "reconstruction": 0.0013292761286720634, "period": 0.3291110694408417, "entropy": 0.0}
{"scene": "R01", "epoch": 26, "epochs": 50, "step": 826, "steps_per_epoch": 912, "elapsed_seconds": 3981.939449826954, "gradient_norm": 0.1696946918964386, "peak_gb": 13.545200128, "loss": 0.003523439634591341, "reconstruction": 0.0009055918781086802, "period": 0.13089239597320557, "entropy": 0.0}
{"scene": "R01", "epoch": 26, "epochs": 50, "step": 851, "steps_per_epoch": 912, "elapsed_seconds": 3986.121520007029, "gradient_norm": 0.388944149017334, "peak_gb": 13.545200128, "loss": 0.010559304617345333, "reconstruction": 0.0015730469021946192, "period": 0.4493129253387451, "entropy": 0.0}
{"scene": "R01", "epoch": 26, "epochs": 50, "step": 876, "steps_per_epoch": 912, "elapsed_seconds": 3990.305794647895, "gradient_norm": 0.14307565987110138, "peak_gb": 13.545200128, "loss": 0.003433549078181386, "reconstruction": 0.0009903816971927881, "period": 0.12215837091207504, "entropy": 0.0}
{"scene": "R01", "epoch": 26, "epochs": 50, "step": 901, "steps_per_epoch": 912, "elapsed_seconds": 3994.49014657503, "gradient_norm": 0.4593123495578766, "peak_gb": 13.545200128, "loss": 0.010095885023474693, "reconstruction": 0.0010546252597123384, "period": 0.45206302404403687, "entropy": 0.0}
{"epoch": 26, "steps": 912, "seconds": 152.3693485481199, "loss": 0.008996050375188995, "reconstruction": 0.001196771510812891, "period": 0.3899639524405071, "entropy": 0.0}
{"scene": "R01", "epoch": 27, "epochs": 50, "step": 1, "steps_per_epoch": 912, "elapsed_seconds": 3996.564527876908, "gradient_norm": 0.415932297706604, "peak_gb": 13.545200128, "loss": 0.010748394764959812, "reconstruction": 0.0015293711330741644, "period": 0.46095117926597595, "entropy": 0.0}
{"scene": "R01", "epoch": 27, "epochs": 50, "step": 26, "steps_per_epoch": 912, "elapsed_seconds": 4000.7395344458055, "gradient_norm": 0.22359693050384521, "peak_gb": 13.545200128, "loss": 0.005814861971884966, "reconstruction": 0.0017577795078977942, "period": 0.20285412669181824, "entropy": 0.0}
{"scene": "R01", "epoch": 27, "epochs": 50, "step": 51, "steps_per_epoch": 912, "elapsed_seconds": 4004.9180764099583, "gradient_norm": 0.4426087439060211, "peak_gb": 13.545200128, "loss": 0.013592707924544811, "reconstruction": 0.0017633315874263644, "period": 0.5914688110351562, "entropy": 0.0}
{"scene": "R01", "epoch": 27, "epochs": 50, "step": 76, "steps_per_epoch": 912, "elapsed_seconds": 4009.0994894879404, "gradient_norm": 0.33490675687789917, "peak_gb": 13.545200128, "loss": 0.009872529655694962, "reconstruction": 0.001256344374269247, "period": 0.43080928921699524, "entropy": 0.0}
{"scene": "R01", "epoch": 27, "epochs": 50, "step": 101, "steps_per_epoch": 912, "elapsed_seconds": 4013.2892616649624, "gradient_norm": 0.4500402510166168, "peak_gb": 13.545200128, "loss": 0.010934396646916866, "reconstruction": 0.0009145840886048973, "period": 0.500990629196167, "entropy": 0.0}
{"scene": "R01", "epoch": 27, "epochs": 50, "step": 126, "steps_per_epoch": 912, "elapsed_seconds": 4017.472988437861, "gradient_norm": 0.25096744298934937, "peak_gb": 13.545200128, "loss": 0.006077849771827459, "reconstruction": 0.0013474918669089675, "period": 0.23651790618896484, "entropy": 0.0}
{"scene": "R01", "epoch": 27, "epochs": 50, "step": 151, "steps_per_epoch": 912, "elapsed_seconds": 4021.6502676799428, "gradient_norm": 0.28600043058395386, "peak_gb": 13.545200128, "loss": 0.006271676160395145, "reconstruction": 0.0012841300340369344, "period": 0.2493773251771927, "entropy": 0.0}
{"scene": "R01", "epoch": 27, "epochs": 50, "step": 176, "steps_per_epoch": 912, "elapsed_seconds": 4025.839470830979, "gradient_norm": 0.5548140406608582, "peak_gb": 13.545200128, "loss": 0.012694132514297962, "reconstruction": 0.001320372335612774, "period": 0.5686880350112915, "entropy": 0.0}
{"scene": "R01", "epoch": 27, "epochs": 50, "step": 201, "steps_per_epoch": 912, "elapsed_seconds": 4030.0309013808146, "gradient_norm": 0.4789276719093323, "peak_gb": 13.545200128, "loss": 0.015400025062263012, "reconstruction": 0.0009073476539924741, "period": 0.7246338725090027, "entropy": 0.0}
{"scene": "R01", "epoch": 27, "epochs": 50, "step": 226, "steps_per_epoch": 912, "elapsed_seconds": 4034.2208370389417, "gradient_norm": 0.3287483751773834, "peak_gb": 13.545200128, "loss": 0.006189084146171808, "reconstruction": 0.0008184113539755344, "period": 0.2685336470603943, "entropy": 0.0}
{"scene": "R01", "epoch": 27, "epochs": 50, "step": 251, "steps_per_epoch": 912, "elapsed_seconds": 4038.405001514824, "gradient_norm": 0.35265401005744934, "peak_gb": 13.545200128, "loss": 0.006902816705405712, "reconstruction": 0.0008088822942227125, "period": 0.3046967089176178, "entropy": 0.0}
{"scene": "R01", "epoch": 27, "epochs": 50, "step": 276, "steps_per_epoch": 912, "elapsed_seconds": 4042.590564989019, "gradient_norm": 0.4769974648952484, "peak_gb": 13.545200128, "loss": 0.012194767594337463, "reconstruction": 0.0013808691874146461, "period": 0.5406949520111084, "entropy": 0.0}
{"scene": "R01", "epoch": 27, "epochs": 50, "step": 301, "steps_per_epoch": 912, "elapsed_seconds": 4046.7585353129543, "gradient_norm": 0.12224668264389038, "peak_gb": 13.545200128, "loss": 0.003458872903138399, "reconstruction": 0.0011295274598523974, "period": 0.11646728217601776, "entropy": 0.0}
{"scene": "R01", "epoch": 27, "epochs": 50, "step": 326, "steps_per_epoch": 912, "elapsed_seconds": 4050.943796108011, "gradient_norm": 0.1691601723432541, "peak_gb": 13.545200128, "loss": 0.0036917845718562603, "reconstruction": 0.0012767151929438114, "period": 0.1207534670829773, "entropy": 0.0}
{"scene": "R01", "epoch": 27, "epochs": 50, "step": 351, "steps_per_epoch": 912, "elapsed_seconds": 4055.1385633118916, "gradient_norm": 0.15983779728412628, "peak_gb": 13.545200128, "loss": 0.00809304416179657, "reconstruction": 0.0008846213459037244, "period": 0.36042118072509766, "entropy": 0.0}
{"scene": "R01", "epoch": 27, "epochs": 50, "step": 376, "steps_per_epoch": 912, "elapsed_seconds": 4059.317041039001, "gradient_norm": 0.414119154214859, "peak_gb": 13.545200128, "loss": 0.014389056712388992, "reconstruction": 0.0009471748489886522, "period": 0.6720941066741943, "entropy": 0.0}
{"scene": "R01", "epoch": 27, "epochs": 50, "step": 401, "steps_per_epoch": 912, "elapsed_seconds": 4063.4997668738943, "gradient_norm": 0.45011597871780396, "peak_gb": 13.545200128, "loss": 0.011655650101602077, "reconstruction": 0.0010571562452241778, "period": 0.5299246907234192, "entropy": 0.0}
{"scene": "R01", "epoch": 27, "epochs": 50, "step": 426, "steps_per_epoch": 912, "elapsed_seconds": 4067.6741530359723, "gradient_norm": 0.4568755030632019, "peak_gb": 13.545200128, "loss": 0.015215991996228695, "reconstruction": 0.0012640461791306734, "period": 0.697597324848175, "entropy": 0.0}
{"scene": "R01", "epoch": 27, "epochs": 50, "step": 451, "steps_per_epoch": 912, "elapsed_seconds": 4071.8465885818005, "gradient_norm": 0.441685289144516, "peak_gb": 13.545200128, "loss": 0.013561110943555832, "reconstruction": 0.0008358875056728721, "period": 0.6362612247467041, "entropy": 0.0}
{"scene": "R01", "epoch": 27, "epochs": 50, "step": 476, "steps_per_epoch": 912, "elapsed_seconds": 4076.0402523479424, "gradient_norm": 0.4285631775856018, "peak_gb": 13.545200128, "loss": 0.01706145703792572, "reconstruction": 0.0013456258457154036, "period": 0.7857916355133057, "entropy": 0.0}
{"scene": "R01", "epoch": 27, "epochs": 50, "step": 501, "steps_per_epoch": 912, "elapsed_seconds": 4080.2204240199644, "gradient_norm": 0.20299942791461945, "peak_gb": 13.545200128, "loss": 0.005249250214546919, "reconstruction": 0.0009164171642623842, "period": 0.2166416496038437, "entropy": 0.0}
{"scene": "R01", "epoch": 27, "epochs": 50, "step": 526, "steps_per_epoch": 912, "elapsed_seconds": 4084.4074271379504, "gradient_norm": 0.40169692039489746, "peak_gb": 13.545200128, "loss": 0.012723332270979881, "reconstruction": 0.0017058252124115825, "period": 0.5508753657341003, "entropy": 0.0}
{"scene": "R01", "epoch": 27, "epochs": 50, "step": 551, "steps_per_epoch": 912, "elapsed_seconds": 4088.574901834829, "gradient_norm": 0.1825355440378189, "peak_gb": 13.545200128, "loss": 0.003292371518909931, "reconstruction": 0.0009100745664909482, "period": 0.11911484599113464, "entropy": 0.0}
{"scene": "R01", "epoch": 27, "epochs": 50, "step": 576, "steps_per_epoch": 912, "elapsed_seconds": 4092.7550277798437, "gradient_norm": 0.30061075091362, "peak_gb": 13.545200128, "loss": 0.006960281170904636, "reconstruction": 0.0011972507927566767, "period": 0.2881515324115753, "entropy": 0.0}
{"scene": "R01", "epoch": 27, "epochs": 50, "step": 601, "steps_per_epoch": 912, "elapsed_seconds": 4096.935221270891, "gradient_norm": 0.1498803198337555, "peak_gb": 13.545200128, "loss": 0.004927124362438917, "reconstruction": 0.0016374349361285567, "period": 0.16448447108268738, "entropy": 0.0}
{"scene": "R01", "epoch": 27, "epochs": 50, "step": 626, "steps_per_epoch": 912, "elapsed_seconds": 4101.1140424099285, "gradient_norm": 0.3990427553653717, "peak_gb": 13.545200128, "loss": 0.006798446644097567, "reconstruction": 0.001747728674672544, "period": 0.2525359094142914, "entropy": 0.0}
{"scene": "R01", "epoch": 27, "epochs": 50, "step": 651, "steps_per_epoch": 912, "elapsed_seconds": 4105.290792740881, "gradient_norm": 0.07976121455430984, "peak_gb": 13.545200128, "loss": 0.0024803923442959785, "reconstruction": 0.0010991544695571065, "period": 0.06906189024448395, "entropy": 0.0}
{"scene": "R01", "epoch": 27, "epochs": 50, "step": 676, "steps_per_epoch": 912, "elapsed_seconds": 4109.458184822928, "gradient_norm": 0.2059897929430008, "peak_gb": 13.545200128, "loss": 0.005893016699701548, "reconstruction": 0.0013409716775640845, "period": 0.22760224342346191, "entropy": 0.0}
{"scene": "R01", "epoch": 27, "epochs": 50, "step": 701, "steps_per_epoch": 912, "elapsed_seconds": 4113.6268281869125, "gradient_norm": 0.213640958070755, "peak_gb": 13.545200128, "loss": 0.003955313935875893, "reconstruction": 0.0011823745444417, "period": 0.13864697515964508, "entropy": 0.0}
{"scene": "R01", "epoch": 27, "epochs": 50, "step": 726, "steps_per_epoch": 912, "elapsed_seconds": 4117.808524881024, "gradient_norm": 0.2275688797235489, "peak_gb": 13.545200128, "loss": 0.005705052986741066, "reconstruction": 0.0014186340849846601, "period": 0.21432095766067505, "entropy": 0.0}
{"scene": "R01", "epoch": 27, "epochs": 50, "step": 751, "steps_per_epoch": 912, "elapsed_seconds": 4121.991339854896, "gradient_norm": 0.29308047890663147, "peak_gb": 13.545200128, "loss": 0.0072779580950737, "reconstruction": 0.0010063012596219778, "period": 0.3135828375816345, "entropy": 0.0}
{"scene": "R01", "epoch": 27, "epochs": 50, "step": 776, "steps_per_epoch": 912, "elapsed_seconds": 4126.175228475826, "gradient_norm": 0.18966230750083923, "peak_gb": 13.545200128, "loss": 0.004036659840494394, "reconstruction": 0.0008235566201619804, "period": 0.1606551706790924, "entropy": 0.0}
{"scene": "R01", "epoch": 27, "epochs": 50, "step": 801, "steps_per_epoch": 912, "elapsed_seconds": 4130.378842756851, "gradient_norm": 0.1726883053779602, "peak_gb": 13.545200128, "loss": 0.005397732835263014, "reconstruction": 0.0014849448343738914, "period": 0.19563940167427063, "entropy": 0.0}
{"scene": "R01", "epoch": 27, "epochs": 50, "step": 826, "steps_per_epoch": 912, "elapsed_seconds": 4134.566345600877, "gradient_norm": 0.376943439245224, "peak_gb": 13.545200128, "loss": 0.009198272600769997, "reconstruction": 0.001068884041160345, "period": 0.406469464302063, "entropy": 0.0}
{"scene": "R01", "epoch": 27, "epochs": 50, "step": 851, "steps_per_epoch": 912, "elapsed_seconds": 4138.740962606855, "gradient_norm": 0.24253541231155396, "peak_gb": 13.545200128, "loss": 0.005042060278356075, "reconstruction": 0.0012322937836870551, "period": 0.1904883235692978, "entropy": 0.0}
{"scene": "R01", "epoch": 27, "epochs": 50, "step": 876, "steps_per_epoch": 912, "elapsed_seconds": 4142.912466382841, "gradient_norm": 0.20818395912647247, "peak_gb": 13.545200128, "loss": 0.004906496033072472, "reconstruction": 0.0020559229888021946, "period": 0.14252863824367523, "entropy": 0.0}
{"scene": "R01", "epoch": 27, "epochs": 50, "step": 901, "steps_per_epoch": 912, "elapsed_seconds": 4147.091686832951, "gradient_norm": 0.4979442358016968, "peak_gb": 13.545200128, "loss": 0.013527855277061462, "reconstruction": 0.0013372603571042418, "period": 0.6095297932624817, "entropy": 0.0}
{"epoch": 27, "steps": 912, "seconds": 152.6034891908057, "loss": 0.008948001670528595, "reconstruction": 0.0011981534968199732, "period": 0.3874924174661078, "entropy": 0.0}
{"scene": "R01", "epoch": 28, "epochs": 50, "step": 1, "steps_per_epoch": 912, "elapsed_seconds": 4149.182399021927, "gradient_norm": 0.3982880711555481, "peak_gb": 13.545200128, "loss": 0.01834161765873432, "reconstruction": 0.0009400562266819179, "period": 0.8700780868530273, "entropy": 0.0}
{"scene": "R01", "epoch": 28, "epochs": 50, "step": 26, "steps_per_epoch": 912, "elapsed_seconds": 4153.361420047935, "gradient_norm": 0.09016378223896027, "peak_gb": 13.545200128, "loss": 0.0022259249817579985, "reconstruction": 0.0009599896147847176, "period": 0.06329677253961563, "entropy": 0.0}
{"scene": "R01", "epoch": 28, "epochs": 50, "step": 51, "steps_per_epoch": 912, "elapsed_seconds": 4157.528641587822, "gradient_norm": 0.3301820456981659, "peak_gb": 13.545200128, "loss": 0.009494692087173462, "reconstruction": 0.0010770013323053718, "period": 0.42088454961776733, "entropy": 0.0}
{"scene": "R01", "epoch": 28, "epochs": 50, "step": 76, "steps_per_epoch": 912, "elapsed_seconds": 4161.717913233908, "gradient_norm": 0.25111523270606995, "peak_gb": 13.545200128, "loss": 0.005090835504233837, "reconstruction": 0.001219561556354165, "period": 0.19356371462345123, "entropy": 0.0}
{"scene": "R01", "epoch": 28, "epochs": 50, "step": 101, "steps_per_epoch": 912, "elapsed_seconds": 4165.893257963005, "gradient_norm": 0.3890308737754822, "peak_gb": 13.545200128, "loss": 0.010893711820244789, "reconstruction": 0.0014670134987682104, "period": 0.47133490443229675, "entropy": 0.0}
{"scene": "R01", "epoch": 28, "epochs": 50, "step": 126, "steps_per_epoch": 912, "elapsed_seconds": 4170.059148691827, "gradient_norm": 0.20537269115447998, "peak_gb": 13.545200128, "loss": 0.00713194627314806, "reconstruction": 0.001037411973811686, "period": 0.3047267198562622, "entropy": 0.0}
{"scene": "R01", "epoch": 28, "epochs": 50, "step": 151, "steps_per_epoch": 912, "elapsed_seconds": 4174.271827468881, "gradient_norm": 0.07023008167743683, "peak_gb": 13.545200128, "loss": 0.0029532676562666893, "reconstruction": 0.0017945126164704561, "period": 0.057937756180763245, "entropy": 0.0}
{"scene": "R01", "epoch": 28, "epochs": 50, "step": 176, "steps_per_epoch": 912, "elapsed_seconds": 4178.457560678944, "gradient_norm": 0.07564675062894821, "peak_gb": 13.545200128, "loss": 0.002176082693040371, "reconstruction": 0.0009618577314540744, "period": 0.060711249709129333, "entropy": 0.0}
{"scene": "R01", "epoch": 28, "epochs": 50, "step": 201, "steps_per_epoch": 912, "elapsed_seconds": 4182.634371945867, "gradient_norm": 0.48373934626579285, "peak_gb": 13.545200128, "loss": 0.019050028175115585, "reconstruction": 0.0019609909504652023, "period": 0.8544518947601318, "entropy": 0.0}
{"scene": "R01", "epoch": 28, "epochs": 50, "step": 226, "steps_per_epoch": 912, "elapsed_seconds": 4186.819927708944, "gradient_norm": 0.22619234025478363, "peak_gb": 13.545200128, "loss": 0.005860087461769581, "reconstruction": 0.0011163589078933, "period": 0.23718641698360443, "entropy": 0.0}
{"scene": "R01", "epoch": 28, "epochs": 50, "step": 251, "steps_per_epoch": 912, "elapsed_seconds": 4190.993064041948, "gradient_norm": 0.07339227199554443, "peak_gb": 13.545200128, "loss": 0.002322163200005889, "reconstruction": 0.0013208796735852957, "period": 0.05006417632102966, "entropy": 0.0}
{"scene": "R01", "epoch": 28, "epochs": 50, "step": 276, "steps_per_epoch": 912, "elapsed_seconds": 4195.160772716859, "gradient_norm": 0.38018572330474854, "peak_gb": 13.545200128, "loss": 0.008298860862851143, "reconstruction": 0.0011023769620805979, "period": 0.35982418060302734, "entropy": 0.0}
{"scene": "R01", "epoch": 28, "epochs": 50, "step": 301, "steps_per_epoch": 912, "elapsed_seconds": 4199.343122972874, "gradient_norm": 0.47939807176589966, "peak_gb": 13.545200128, "loss": 0.010803738608956337, "reconstruction": 0.0008586890762671828, "period": 0.49725252389907837, "entropy": 0.0}
{"scene": "R01", "epoch": 28, "epochs": 50, "step": 326, "steps_per_epoch": 912, "elapsed_seconds": 4203.510912270984, "gradient_norm": 0.4008106589317322, "peak_gb": 13.545200128, "loss": 0.010430787689983845, "reconstruction": 0.0009464485920034349, "period": 0.4742169976234436, "entropy": 0.0}
{"scene": "R01", "epoch": 28, "epochs": 50, "step": 351, "steps_per_epoch": 912, "elapsed_seconds": 4207.7055970388465, "gradient_norm": 0.3053792417049408, "peak_gb": 13.545200128, "loss": 0.005649443715810776, "reconstruction": 0.0010159172816202044, "period": 0.23167631030082703, "entropy": 0.0}
{"scene": "R01", "epoch": 28, "epochs": 50, "step": 376, "steps_per_epoch": 912, "elapsed_seconds": 4211.879438437987, "gradient_norm": 0.2819983959197998, "peak_gb": 13.545200128, "loss": 0.00902173575013876, "reconstruction": 0.0008152860100381076, "period": 0.41032248735427856, "entropy": 0.0}
{"scene": "R01", "epoch": 28, "epochs": 50, "step": 401, "steps_per_epoch": 912, "elapsed_seconds": 4216.054767556954, "gradient_norm": 0.40460991859436035, "peak_gb": 13.545200128, "loss": 0.01664852164685726, "reconstruction": 0.0009919428266584873, "period": 0.7828289866447449, "entropy": 0.0}
{"scene": "R01", "epoch": 28, "epochs": 50, "step": 426, "steps_per_epoch": 912, "elapsed_seconds": 4220.227861993946, "gradient_norm": 0.3770907521247864, "peak_gb": 13.545200128, "loss": 0.009537190198898315, "reconstruction": 0.0013013046700507402, "period": 0.4117942750453949, "entropy": 0.0}
{"scene": "R01", "epoch": 28, "epochs": 50, "step": 451, "steps_per_epoch": 912, "elapsed_seconds": 4224.414235994918, "gradient_norm": 0.31773853302001953, "peak_gb": 13.545200128, "loss": 0.006869851145893335, "reconstruction": 0.00104335171636194, "period": 0.2913249731063843, "entropy": 0.0}
{"scene": "R01", "epoch": 28, "epochs": 50, "step": 476, "steps_per_epoch": 912, "elapsed_seconds": 4228.59332292201, "gradient_norm": 0.3071697950363159, "peak_gb": 13.545200128, "loss": 0.008724190294742584, "reconstruction": 0.0014442894607782364, "period": 0.3639950752258301, "entropy": 0.0}
{"scene": "R01", "epoch": 28, "epochs": 50, "step": 501, "steps_per_epoch": 912, "elapsed_seconds": 4232.765797050903, "gradient_norm": 0.23289504647254944, "peak_gb": 13.545200128, "loss": 0.005443901289254427, "reconstruction": 0.0009385686716996133, "period": 0.22526663541793823, "entropy": 0.0}
{"scene": "R01", "epoch": 28, "epochs": 50, "step": 526, "steps_per_epoch": 912, "elapsed_seconds": 4236.943771098973, "gradient_norm": 0.14605845510959625, "peak_gb": 13.545200128, "loss": 0.003079291433095932, "reconstruction": 0.0009414459345862269, "period": 0.10689227283000946, "entropy": 0.0}
{"scene": "R01", "epoch": 28, "epochs": 50, "step": 551, "steps_per_epoch": 912, "elapsed_seconds": 4241.110780860996, "gradient_norm": 0.2528376579284668, "peak_gb": 13.545200128, "loss": 0.00824722833931446, "reconstruction": 0.0010543818352743983, "period": 0.3596423268318176, "entropy": 0.0}
{"scene": "R01", "epoch": 28, "epochs": 50, "step": 576, "steps_per_epoch": 912, "elapsed_seconds": 4245.277823449811, "gradient_norm": 0.24440379440784454, "peak_gb": 13.545200128, "loss": 0.00613128487020731, "reconstruction": 0.0010300589492544532, "period": 0.2550612986087799, "entropy": 0.0}
{"scene": "R01", "epoch": 28, "epochs": 50, "step": 601, "steps_per_epoch": 912, "elapsed_seconds": 4249.54357096483, "gradient_norm": 0.6342169642448425, "peak_gb": 13.545200128, "loss": 0.018585676327347755, "reconstruction": 0.001311924192123115, "period": 0.8636876344680786, "entropy": 0.0}
{"scene": "R01", "epoch": 28, "epochs": 50, "step": 626, "steps_per_epoch": 912, "elapsed_seconds": 4253.719123207964, "gradient_norm": 0.05621005967259407, "peak_gb": 13.545200128, "loss": 0.002357067773118615, "reconstruction": 0.0008525836747139692, "period": 0.07522420585155487, "entropy": 0.0}
{"scene": "R01", "epoch": 28, "epochs": 50, "step": 651, "steps_per_epoch": 912, "elapsed_seconds": 4257.901252264855, "gradient_norm": 0.44848355650901794, "peak_gb": 13.545200128, "loss": 0.011939628049731255, "reconstruction": 0.0008809508290141821, "period": 0.5529338717460632, "entropy": 0.0}
{"scene": "R01", "epoch": 28, "epochs": 50, "step": 676, "steps_per_epoch": 912, "elapsed_seconds": 4262.078119061887, "gradient_norm": 0.25168168544769287, "peak_gb": 13.545200128, "loss": 0.00534496083855629, "reconstruction": 0.0014470944879576564, "period": 0.19489331543445587, "entropy": 0.0}
{"scene": "R01", "epoch": 28, "epochs": 50, "step": 701, "steps_per_epoch": 912, "elapsed_seconds": 4266.257552068913, "gradient_norm": 0.3151985704898834, "peak_gb": 13.545200128, "loss": 0.004514682572335005, "reconstruction": 0.0009316373034380376, "period": 0.17915226519107819, "entropy": 0.0}
{"scene": "R01", "epoch": 28, "epochs": 50, "step": 726, "steps_per_epoch": 912, "elapsed_seconds": 4270.429261093959, "gradient_norm": 0.3942713737487793, "peak_gb": 13.545200128, "loss": 0.007378452457487583, "reconstruction": 0.0009547373047098517, "period": 0.32118576765060425, "entropy": 0.0}
{"scene": "R01", "epoch": 28, "epochs": 50, "step": 751, "steps_per_epoch": 912, "elapsed_seconds": 4274.613566668006, "gradient_norm": 0.2663155198097229, "peak_gb": 13.545200128, "loss": 0.006899354979395866, "reconstruction": 0.0009793703211471438, "period": 0.2959992289543152, "entropy": 0.0}
{"scene": "R01", "epoch": 28, "epochs": 50, "step": 776, "steps_per_epoch": 912, "elapsed_seconds": 4278.795112215914, "gradient_norm": 0.238023042678833, "peak_gb": 13.545200128, "loss": 0.006475890055298805, "reconstruction": 0.0013223958667367697, "period": 0.2576747238636017, "entropy": 0.0}
{"scene": "R01", "epoch": 28, "epochs": 50, "step": 801, "steps_per_epoch": 912, "elapsed_seconds": 4282.980926263845, "gradient_norm": 0.03359510749578476, "peak_gb": 13.545200128, "loss": 0.001476167468354106, "reconstruction": 0.0009328033193014562, "period": 0.027168206870555878, "entropy": 0.0}
{"scene": "R01", "epoch": 28, "epochs": 50, "step": 826, "steps_per_epoch": 912, "elapsed_seconds": 4287.161045570858, "gradient_norm": 0.29803186655044556, "peak_gb": 13.545200128, "loss": 0.005304573569446802, "reconstruction": 0.0014358184998854995, "period": 0.19343775510787964, "entropy": 0.0}
{"scene": "R01", "epoch": 28, "epochs": 50, "step": 851, "steps_per_epoch": 912, "elapsed_seconds": 4291.332196331816, "gradient_norm": 0.2737223505973816, "peak_gb": 13.545200128, "loss": 0.0068365419283509254, "reconstruction": 0.0017103031277656555, "period": 0.25631195306777954, "entropy": 0.0}
{"scene": "R01", "epoch": 28, "epochs": 50, "step": 876, "steps_per_epoch": 912, "elapsed_seconds": 4295.511882263003, "gradient_norm": 0.3550814688205719, "peak_gb": 13.545200128, "loss": 0.009843655861914158, "reconstruction": 0.001472145551815629, "period": 0.41857555508613586, "entropy": 0.0}
{"scene": "R01", "epoch": 28, "epochs": 50, "step": 901, "steps_per_epoch": 912, "elapsed_seconds": 4299.68193598697, "gradient_norm": 0.5186955332756042, "peak_gb": 13.545200128, "loss": 0.014078349806368351, "reconstruction": 0.0010569647420197725, "period": 0.6510692834854126, "entropy": 0.0}
{"epoch": 28, "steps": 912, "seconds": 152.5871273840312, "loss": 0.007993983388715015, "reconstruction": 0.0011664349165808393, "period": 0.34137743092836453, "entropy": 0.0}
{"scene": "R01", "epoch": 29, "epochs": 50, "step": 1, "steps_per_epoch": 912, "elapsed_seconds": 4301.76084154984, "gradient_norm": 0.3810397684574127, "peak_gb": 13.545200128, "loss": 0.011102842167019844, "reconstruction": 0.0012242910452187061, "period": 0.49392756819725037, "entropy": 0.0}
{"scene": "R01", "epoch": 29, "epochs": 50, "step": 26, "steps_per_epoch": 912, "elapsed_seconds": 4305.940219057957, "gradient_norm": 0.34273561835289, "peak_gb": 13.545200128, "loss": 0.007386594079434872, "reconstruction": 0.0010552983731031418, "period": 0.31656479835510254, "entropy": 0.0}
{"scene": "R01", "epoch": 29, "epochs": 50, "step": 51, "steps_per_epoch": 912, "elapsed_seconds": 4310.115523014916, "gradient_norm": 0.47715213894844055, "peak_gb": 13.545200128, "loss": 0.010346150025725365, "reconstruction": 0.0015031497459858656, "period": 0.4421499967575073, "entropy": 0.0}
{"scene": "R01", "epoch": 29, "epochs": 50, "step": 76, "steps_per_epoch": 912, "elapsed_seconds": 4314.2987136999145, "gradient_norm": 0.06844691932201385, "peak_gb": 13.545200128, "loss": 0.002863840665668249, "reconstruction": 0.001673240214586258, "period": 0.05953003093600273, "entropy": 0.0}
{"scene": "R01", "epoch": 29, "epochs": 50, "step": 101, "steps_per_epoch": 912, "elapsed_seconds": 4318.478569578845, "gradient_norm": 0.1512468159198761, "peak_gb": 13.545200128, "loss": 0.003303767181932926, "reconstruction": 0.0009057362331077456, "period": 0.11990155279636383, "entropy": 0.0}
{"scene": "R01", "epoch": 29, "epochs": 50, "step": 126, "steps_per_epoch": 912, "elapsed_seconds": 4322.662598600844, "gradient_norm": 0.2178652435541153, "peak_gb": 13.545200128, "loss": 0.004520191345363855, "reconstruction": 0.0012638203334063292, "period": 0.1628185510635376, "entropy": 0.0}
{"scene": "R01", "epoch": 29, "epochs": 50, "step": 151, "steps_per_epoch": 912, "elapsed_seconds": 4326.846446044976, "gradient_norm": 0.09530065208673477, "peak_gb": 13.545200128, "loss": 0.0031461408361792564, "reconstruction": 0.0016845627687871456, "period": 0.07307890802621841, "entropy": 0.0}
{"scene": "R01", "epoch": 29, "epochs": 50, "step": 176, "steps_per_epoch": 912, "elapsed_seconds": 4331.029669846874, "gradient_norm": 0.3324790596961975, "peak_gb": 13.545200128, "loss": 0.007191809825599194, "reconstruction": 0.0015363076236099005, "period": 0.2827751040458679, "entropy": 0.0}
{"scene": "R01", "epoch": 29, "epochs": 50, "step": 201, "steps_per_epoch": 912, "elapsed_seconds": 4335.212833930971, "gradient_norm": 0.4381873309612274, "peak_gb": 13.545200128, "loss": 0.010740100406110287, "reconstruction": 0.0008675362332724035, "period": 0.49362820386886597, "entropy": 0.0}
{"scene": "R01", "epoch": 29, "epochs": 50, "step": 226, "steps_per_epoch": 912, "elapsed_seconds": 4339.380277137971, "gradient_norm": 0.3923262357711792, "peak_gb": 13.545200128, "loss": 0.007905460894107819, "reconstruction": 0.0008986812317743897, "period": 0.35033896565437317, "entropy": 0.0}
{"scene": "R01", "epoch": 29, "epochs": 50, "step": 251, "steps_per_epoch": 912, "elapsed_seconds": 4343.549058484845, "gradient_norm": 0.07592933624982834, "peak_gb": 13.545200128, "loss": 0.002824225462973118, "reconstruction": 0.0014105981681495905, "period": 0.0706813633441925, "entropy": 0.0}
{"scene": "R01", "epoch": 29, "epochs": 50, "step": 276, "steps_per_epoch": 912, "elapsed_seconds": 4347.729531007819, "gradient_norm": 0.3002110719680786, "peak_gb": 13.545200128, "loss": 0.007586263585835695, "reconstruction": 0.0009931338718160987, "period": 0.3296564817428589, "entropy": 0.0}
{"scene": "R01", "epoch": 29, "epochs": 50, "step": 301, "steps_per_epoch": 912, "elapsed_seconds": 4351.912565188017, "gradient_norm": 0.09367590397596359, "peak_gb": 13.545200128, "loss": 0.003033256623893976, "reconstruction": 0.0009500283049419522, "period": 0.10416142642498016, "entropy": 0.0}
{"scene": "R01", "epoch": 29, "epochs": 50, "step": 326, "steps_per_epoch": 912, "elapsed_seconds": 4356.107007069979, "gradient_norm": 0.25436922907829285, "peak_gb": 13.545200128, "loss": 0.0046598040498793125, "reconstruction": 0.0013033365830779076, "period": 0.16782337427139282, "entropy": 0.0}
{"scene": "R01", "epoch": 29, "epochs": 50, "step": 351, "steps_per_epoch": 912, "elapsed_seconds": 4360.298669887008, "gradient_norm": 0.18828167021274567, "peak_gb": 13.545200128, "loss": 0.00739153241738677, "reconstruction": 0.0015423474833369255, "period": 0.29245924949645996, "entropy": 0.0}
{"scene": "R01", "epoch": 29, "epochs": 50, "step": 376, "steps_per_epoch": 912, "elapsed_seconds": 4364.480121932924, "gradient_norm": 0.3501986563205719, "peak_gb": 13.545200128, "loss": 0.0070638093166053295, "reconstruction": 0.0008500177646055818, "period": 0.3106895983219147, "entropy": 0.0}
{"scene": "R01", "epoch": 29, "epochs": 50, "step": 401, "steps_per_epoch": 912, "elapsed_seconds": 4368.66047731787, "gradient_norm": 0.37795090675354004, "peak_gb": 13.545200128, "loss": 0.007905643433332443, "reconstruction": 0.0016391867538914084, "period": 0.31332284212112427, "entropy": 0.0}
{"scene": "R01", "epoch": 29, "epochs": 50, "step": 426, "steps_per_epoch": 912, "elapsed_seconds": 4372.838219191879, "gradient_norm": 0.5741439461708069, "peak_gb": 13.545200128, "loss": 0.019470257684588432, "reconstruction": 0.0012290242593735456, "period": 0.9120616912841797, "entropy": 0.0}
{"scene": "R01", "epoch": 29, "epochs": 50, "step": 451, "steps_per_epoch": 912, "elapsed_seconds": 4377.013744963799, "gradient_norm": 0.40582969784736633, "peak_gb": 13.545200128, "loss": 0.013198090717196465, "reconstruction": 0.001051814528182149, "period": 0.6073138117790222, "entropy": 0.0}
{"scene": "R01", "epoch": 29, "epochs": 50, "step": 476, "steps_per_epoch": 912, "elapsed_seconds": 4381.18178322399, "gradient_norm": 0.40351298451423645, "peak_gb": 13.545200128, "loss": 0.006398448720574379, "reconstruction": 0.000840449589304626, "period": 0.27789995074272156, "entropy": 0.0}
{"scene": "R01", "epoch": 29, "epochs": 50, "step": 501, "steps_per_epoch": 912, "elapsed_seconds": 4385.35559625295, "gradient_norm": 0.18782396614551544, "peak_gb": 13.545200128, "loss": 0.00487745413556695, "reconstruction": 0.001502257538959384, "period": 0.16875983774662018, "entropy": 0.0}
{"scene": "R01", "epoch": 29, "epochs": 50, "step": 526, "steps_per_epoch": 912, "elapsed_seconds": 4389.530079415999, "gradient_norm": 0.48156774044036865, "peak_gb": 13.545200128, "loss": 0.014059045352041721, "reconstruction": 0.001065376098267734, "period": 0.6496834754943848, "entropy": 0.0}
{"scene": "R01", "epoch": 29, "epochs": 50, "step": 551, "steps_per_epoch": 912, "elapsed_seconds": 4393.708195509855, "gradient_norm": 0.36618396639823914, "peak_gb": 13.545200128, "loss": 0.013518649153411388, "reconstruction": 0.001140437787398696, "period": 0.618910551071167, "entropy": 0.0}
{"scene": "R01", "epoch": 29, "epochs": 50, "step": 576, "steps_per_epoch": 912, "elapsed_seconds": 4397.8810073698405, "gradient_norm": 0.5614422559738159, "peak_gb": 13.545200128, "loss": 0.016971221193671227, "reconstruction": 0.0010118563659489155, "period": 0.7979682683944702, "entropy": 0.0}
{"scene": "R01", "epoch": 29, "epochs": 50, "step": 601, "steps_per_epoch": 912, "elapsed_seconds": 4402.062923250021, "gradient_norm": 0.3823830187320709, "peak_gb": 13.545200128, "loss": 0.015332440845668316, "reconstruction": 0.0009937923168763518, "period": 0.716932475566864, "entropy": 0.0}
{"scene": "R01", "epoch": 29, "epochs": 50, "step": 626, "steps_per_epoch": 912, "elapsed_seconds": 4406.234708143864, "gradient_norm": 0.37183523178100586, "peak_gb": 13.545200128, "loss": 0.016351889818906784, "reconstruction": 0.0014264807105064392, "period": 0.746270477771759, "entropy": 0.0}
{"scene": "R01", "epoch": 29, "epochs": 50, "step": 651, "steps_per_epoch": 912, "elapsed_seconds": 4410.415391379967, "gradient_norm": 0.27485692501068115, "peak_gb": 13.545200128, "loss": 0.007844824343919754, "reconstruction": 0.0020268000662326813, "period": 0.290901243686676, "entropy": 0.0}
{"scene": "R01", "epoch": 29, "epochs": 50, "step": 676, "steps_per_epoch": 912, "elapsed_seconds": 4414.596323746955, "gradient_norm": 0.39610621333122253, "peak_gb": 13.545200128, "loss": 0.011302550323307514, "reconstruction": 0.0010065294336527586, "period": 0.514801025390625, "entropy": 0.0}
{"scene": "R01", "epoch": 29, "epochs": 50, "step": 701, "steps_per_epoch": 912, "elapsed_seconds": 4418.763954228954, "gradient_norm": 0.34180012345314026, "peak_gb": 13.545200128, "loss": 0.00728612719103694, "reconstruction": 0.0011598080163821578, "period": 0.30631595849990845, "entropy": 0.0}
{"scene": "R01", "epoch": 29, "epochs": 50, "step": 726, "steps_per_epoch": 912, "elapsed_seconds": 4422.935260916827, "gradient_norm": 0.3834974765777588, "peak_gb": 13.545200128, "loss": 0.010415093973279, "reconstruction": 0.0009699543006718159, "period": 0.47225695848464966, "entropy": 0.0}
{"scene": "R01", "epoch": 29, "epochs": 50, "step": 751, "steps_per_epoch": 912, "elapsed_seconds": 4427.1146691648755, "gradient_norm": 0.3266057074069977, "peak_gb": 13.545200128, "loss": 0.007099672220647335, "reconstruction": 0.0014693484408780932, "period": 0.2815161943435669, "entropy": 0.0}
{"scene": "R01", "epoch": 29, "epochs": 50, "step": 776, "steps_per_epoch": 912, "elapsed_seconds": 4431.285160840023, "gradient_norm": 0.3890736699104309, "peak_gb": 13.545200128, "loss": 0.007619166746735573, "reconstruction": 0.0008390172151848674, "period": 0.3390074670314789, "entropy": 0.0}
{"scene": "R01", "epoch": 29, "epochs": 50, "step": 801, "steps_per_epoch": 912, "elapsed_seconds": 4435.464294273872, "gradient_norm": 0.4850386381149292, "peak_gb": 13.545200128, "loss": 0.01726006157696247, "reconstruction": 0.0016412229742854834, "period": 0.7809419631958008, "entropy": 0.0}
{"scene": "R01", "epoch": 29, "epochs": 50, "step": 826, "steps_per_epoch": 912, "elapsed_seconds": 4439.644051297801, "gradient_norm": 0.3473472595214844, "peak_gb": 13.545200128, "loss": 0.008649050258100033, "reconstruction": 0.0011793682351708412, "period": 0.3734841048717499, "entropy": 0.0}
{"scene": "R01", "epoch": 29, "epochs": 50, "step": 851, "steps_per_epoch": 912, "elapsed_seconds": 4443.817732967902, "gradient_norm": 0.2957698106765747, "peak_gb": 13.545200128, "loss": 0.01037606317549944, "reconstruction": 0.0009390238556079566, "period": 0.47185197472572327, "entropy": 0.0}
{"scene": "R01", "epoch": 29, "epochs": 50, "step": 876, "steps_per_epoch": 912, "elapsed_seconds": 4448.000240243971, "gradient_norm": 0.3849950134754181, "peak_gb": 13.545200128, "loss": 0.013018524274230003, "reconstruction": 0.0009021479054354131, "period": 0.6058188080787659, "entropy": 0.0}
{"scene": "R01", "epoch": 29, "epochs": 50, "step": 901, "steps_per_epoch": 912, "elapsed_seconds": 4452.181495633908, "gradient_norm": 0.3849925100803375, "peak_gb": 13.545200128, "loss": 0.00725975539535284, "reconstruction": 0.0010223503923043609, "period": 0.3118702471256256, "entropy": 0.0}
{"epoch": 29, "steps": 912, "seconds": 152.50717740505934, "loss": 0.008230631655080064, "reconstruction": 0.0011596449598105288, "period": 0.3535493421756352, "entropy": 0.0}
{"scene": "R01", "epoch": 30, "epochs": 50, "step": 1, "steps_per_epoch": 912, "elapsed_seconds": 4454.296149624977, "gradient_norm": 0.1941862404346466, "peak_gb": 13.545200128, "loss": 0.007155947387218475, "reconstruction": 0.0009173268917948008, "period": 0.3119310438632965, "entropy": 0.0}
{"scene": "R01", "epoch": 30, "epochs": 50, "step": 26, "steps_per_epoch": 912, "elapsed_seconds": 4458.466922882944, "gradient_norm": 0.32977384328842163, "peak_gb": 13.545200128, "loss": 0.007961693219840527, "reconstruction": 0.0008993744850158691, "period": 0.3531159460544586, "entropy": 0.0}
{"scene": "R01", "epoch": 30, "epochs": 50, "step": 51, "steps_per_epoch": 912, "elapsed_seconds": 4462.649700864917, "gradient_norm": 0.26088517904281616, "peak_gb": 13.545200128, "loss": 0.00550129683688283, "reconstruction": 0.000958610326051712, "period": 0.2271343320608139, "entropy": 0.0}
{"scene": "R01", "epoch": 30, "epochs": 50, "step": 76, "steps_per_epoch": 912, "elapsed_seconds": 4466.826842602808, "gradient_norm": 0.2820725440979004, "peak_gb": 13.545200128, "loss": 0.013551726005971432, "reconstruction": 0.0010137816425412893, "period": 0.6268972158432007, "entropy": 0.0}
{"scene": "R01", "epoch": 30, "epochs": 50, "step": 101, "steps_per_epoch": 912, "elapsed_seconds": 4470.997916943859, "gradient_norm": 0.33266720175743103, "peak_gb": 13.545200128, "loss": 0.007172905839979649, "reconstruction": 0.0011661530006676912, "period": 0.30033764243125916, "entropy": 0.0}
{"scene": "R01", "epoch": 30, "epochs": 50, "step": 126, "steps_per_epoch": 912, "elapsed_seconds": 4475.1706490169745, "gradient_norm": 0.20484550297260284, "peak_gb": 13.545200128, "loss": 0.005711183417588472, "reconstruction": 0.00138064322527498, "period": 0.21652700006961823, "entropy": 0.0}
{"scene": "R01", "epoch": 30, "epochs": 50, "step": 151, "steps_per_epoch": 912, "elapsed_seconds": 4479.349744064966, "gradient_norm": 0.2117801159620285, "peak_gb": 13.545200128, "loss": 0.005320310592651367, "reconstruction": 0.0013277264079079032, "period": 0.19962920248508453, "entropy": 0.0}
{"scene": "R01", "epoch": 30, "epochs": 50, "step": 176, "steps_per_epoch": 912, "elapsed_seconds": 4483.535908289021, "gradient_norm": 0.09916495531797409, "peak_gb": 13.545200128, "loss": 0.0033451616764068604, "reconstruction": 0.001285847625695169, "period": 0.10296571254730225, "entropy": 0.0}
{"scene": "R01", "epoch": 30, "epochs": 50, "step": 201, "steps_per_epoch": 912, "elapsed_seconds": 4487.735293941805, "gradient_norm": 0.4239843785762787, "peak_gb": 13.545200128, "loss": 0.01209518127143383, "reconstruction": 0.001289642183110118, "period": 0.5402769446372986, "entropy": 0.0}
{"scene": "R01", "epoch": 30, "epochs": 50, "step": 226, "steps_per_epoch": 912, "elapsed_seconds": 4491.917385788867, "gradient_norm": 0.24768900871276855, "peak_gb": 13.545200128, "loss": 0.004525128751993179, "reconstruction": 0.0014922259142622352, "period": 0.15164513885974884, "entropy": 0.0}
{"scene": "R01", "epoch": 30, "epochs": 50, "step": 251, "steps_per_epoch": 912, "elapsed_seconds": 4496.098900235025, "gradient_norm": 0.4301431477069855, "peak_gb": 13.545200128, "loss": 0.011197363026440144, "reconstruction": 0.001732243224978447, "period": 0.47325599193573, "entropy": 0.0}
{"scene": "R01", "epoch": 30, "epochs": 50, "step": 276, "steps_per_epoch": 912, "elapsed_seconds": 4500.266109861899, "gradient_norm": 0.3820067346096039, "peak_gb": 13.545200128, "loss": 0.009993843734264374, "reconstruction": 0.0017201200826093554, "period": 0.41368618607521057, "entropy": 0.0}
{"scene": "R01", "epoch": 30, "epochs": 50, "step": 301, "steps_per_epoch": 912, "elapsed_seconds": 4504.432556367945, "gradient_norm": 0.4320777356624603, "peak_gb": 13.545200128, "loss": 0.017311938107013702, "reconstruction": 0.0010096747428178787, "period": 0.8151131868362427, "entropy": 0.0}
{"scene": "R01", "epoch": 30, "epochs": 50, "step": 326, "steps_per_epoch": 912, "elapsed_seconds": 4508.610900587868, "gradient_norm": 0.533991277217865, "peak_gb": 13.545200128, "loss": 0.01712080091238022, "reconstruction": 0.0008189826039597392, "period": 0.8150909543037415, "entropy": 0.0}
{"scene": "R01", "epoch": 30, "epochs": 50, "step": 351, "steps_per_epoch": 912, "elapsed_seconds": 4512.792386819841, "gradient_norm": 0.4288879334926605, "peak_gb": 13.545200128, "loss": 0.009554722346365452, "reconstruction": 0.0010738864075392485, "period": 0.4240417778491974, "entropy": 0.0}
{"scene": "R01", "epoch": 30, "epochs": 50, "step": 376, "steps_per_epoch": 912, "elapsed_seconds": 4516.9667168857995, "gradient_norm": 0.1323799192905426, "peak_gb": 13.545200128, "loss": 0.004287554882466793, "reconstruction": 0.0011489511234685779, "period": 0.15693019330501556, "entropy": 0.0}
{"scene": "R01", "epoch": 30, "epochs": 50, "step": 401, "steps_per_epoch": 912, "elapsed_seconds": 4521.146944400854, "gradient_norm": 0.6400796175003052, "peak_gb": 13.545200128, "loss": 0.019759731367230415, "reconstruction": 0.0008583170128986239, "period": 0.945070743560791, "entropy": 0.0}
{"scene": "R01", "epoch": 30, "epochs": 50, "step": 426, "steps_per_epoch": 912, "elapsed_seconds": 4525.328880014829, "gradient_norm": 0.22407375276088715, "peak_gb": 13.545200128, "loss": 0.00494608748704195, "reconstruction": 0.0010557865025475621, "period": 0.19451506435871124, "entropy": 0.0}
{"scene": "R01", "epoch": 30, "epochs": 50, "step": 451, "steps_per_epoch": 912, "elapsed_seconds": 4529.5066295948345, "gradient_norm": 0.332133948802948, "peak_gb": 13.545200128, "loss": 0.007425075396895409, "reconstruction": 0.001085700816474855, "period": 0.31696873903274536, "entropy": 0.0}
{"scene": "R01", "epoch": 30, "epochs": 50, "step": 476, "steps_per_epoch": 912, "elapsed_seconds": 4533.689263394801, "gradient_norm": 0.08091706037521362, "peak_gb": 13.545200128, "loss": 0.0024016781244426966, "reconstruction": 0.0012117610312998295, "period": 0.05949585512280464, "entropy": 0.0}
{"scene": "R01", "epoch": 30, "epochs": 50, "step": 501, "steps_per_epoch": 912, "elapsed_seconds": 4537.868781417841, "gradient_norm": 0.2608669698238373, "peak_gb": 13.545200128, "loss": 0.006481084041297436, "reconstruction": 0.0013548460556194186, "period": 0.25631189346313477, "entropy": 0.0}
{"scene": "R01", "epoch": 30, "epochs": 50, "step": 526, "steps_per_epoch": 912, "elapsed_seconds": 4542.050284783822, "gradient_norm": 0.3131639361381531, "peak_gb": 13.545200128, "loss": 0.005902978591620922, "reconstruction": 0.0009523138869553804, "period": 0.24753326177597046, "entropy": 0.0}
{"scene": "R01", "epoch": 30, "epochs": 50, "step": 551, "steps_per_epoch": 912, "elapsed_seconds": 4546.228995266836, "gradient_norm": 0.046831563115119934, "peak_gb": 13.545200128, "loss": 0.0019913536962121725, "reconstruction": 0.0011801403015851974, "period": 0.04056067019701004, "entropy": 0.0}
{"scene": "R01", "epoch": 30, "epochs": 50, "step": 576, "steps_per_epoch": 912, "elapsed_seconds": 4550.400540144881, "gradient_norm": 0.5622955560684204, "peak_gb": 13.545200128, "loss": 0.026354655623435974, "reconstruction": 0.001255705370567739, "period": 1.254947543144226, "entropy": 0.0}
{"scene": "R01", "epoch": 30, "epochs": 50, "step": 601, "steps_per_epoch": 912, "elapsed_seconds": 4554.576555803884, "gradient_norm": 0.08264411240816116, "peak_gb": 13.545200128, "loss": 0.00220282468944788, "reconstruction": 0.0009016098920255899, "period": 0.06506073474884033, "entropy": 0.0}
{"scene": "R01", "epoch": 30, "epochs": 50, "step": 626, "steps_per_epoch": 912, "elapsed_seconds": 4558.753246997949, "gradient_norm": 0.07742662727832794, "peak_gb": 13.545200128, "loss": 0.0022690976038575172, "reconstruction": 0.000943453167565167, "period": 0.06628222018480301, "entropy": 0.0}
{"scene": "R01", "epoch": 30, "epochs": 50, "step": 651, "steps_per_epoch": 912, "elapsed_seconds": 4562.9371181810275, "gradient_norm": 0.48374152183532715, "peak_gb": 13.545200128, "loss": 0.013497811742126942, "reconstruction": 0.0007616739603690803, "period": 0.6368069052696228, "entropy": 0.0}
{"scene": "R01", "epoch": 30, "epochs": 50, "step": 676, "steps_per_epoch": 912, "elapsed_seconds": 4567.118042227812, "gradient_norm": 0.22946590185165405, "peak_gb": 13.545200128, "loss": 0.005091095343232155, "reconstruction": 0.000790363410487771, "period": 0.21503658592700958, "entropy": 0.0}
{"scene": "R01", "epoch": 30, "epochs": 50, "step": 701, "steps_per_epoch": 912, "elapsed_seconds": 4571.297576515935, "gradient_norm": 0.18795357644557953, "peak_gb": 13.545200128, "loss": 0.0035477096680551767, "reconstruction": 0.000888861424755305, "period": 0.13294240832328796, "entropy": 0.0}
{"scene": "R01", "epoch": 30, "epochs": 50, "step": 726, "steps_per_epoch": 912, "elapsed_seconds": 4575.469578783959, "gradient_norm": 0.4084474742412567, "peak_gb": 13.545200128, "loss": 0.00956781767308712, "reconstruction": 0.0011756636667996645, "period": 0.4196077287197113, "entropy": 0.0}
{"scene": "R01", "epoch": 30, "epochs": 50, "step": 751, "steps_per_epoch": 912, "elapsed_seconds": 4579.642909877934, "gradient_norm": 0.4962497055530548, "peak_gb": 13.545200128, "loss": 0.012385157868266106, "reconstruction": 0.000788514909800142, "period": 0.5798321962356567, "entropy": 0.0}
{"scene": "R01", "epoch": 30, "epochs": 50, "step": 776, "steps_per_epoch": 912, "elapsed_seconds": 4583.81737912097, "gradient_norm": 0.25597620010375977, "peak_gb": 13.545200128, "loss": 0.004766794387251139, "reconstruction": 0.0008695763535797596, "period": 0.19486090540885925, "entropy": 0.0}
{"scene": "R01", "epoch": 30, "epochs": 50, "step": 801, "steps_per_epoch": 912, "elapsed_seconds": 4588.005832403898, "gradient_norm": 0.0749427005648613, "peak_gb": 13.545200128, "loss": 0.002322146436199546, "reconstruction": 0.0012299700174480677, "period": 0.054608821868896484, "entropy": 0.0}
{"scene": "R01", "epoch": 30, "epochs": 50, "step": 826, "steps_per_epoch": 912, "elapsed_seconds": 4592.184826293029, "gradient_norm": 0.348153293132782, "peak_gb": 13.545200128, "loss": 0.007518390193581581, "reconstruction": 0.002432186622172594, "period": 0.2543101906776428, "entropy": 0.0}
{"scene": "R01", "epoch": 30, "epochs": 50, "step": 851, "steps_per_epoch": 912, "elapsed_seconds": 4596.367992111947, "gradient_norm": 0.6884536743164062, "peak_gb": 13.545200128, "loss": 0.02209400199353695, "reconstruction": 0.0010888054966926575, "period": 1.0502598285675049, "entropy": 0.0}
{"scene": "R01", "epoch": 30, "epochs": 50, "step": 876, "steps_per_epoch": 912, "elapsed_seconds": 4600.535215812968, "gradient_norm": 0.18940778076648712, "peak_gb": 13.545200128, "loss": 0.005155201070010662, "reconstruction": 0.0009447420015931129, "period": 0.21052296459674835, "entropy": 0.0}
{"scene": "R01", "epoch": 30, "epochs": 50, "step": 901, "steps_per_epoch": 912, "elapsed_seconds": 4604.718228919897, "gradient_norm": 0.059133853763341904, "peak_gb": 13.545200128, "loss": 0.0022218034137040377, "reconstruction": 0.0013543600216507912, "period": 0.043372172862291336, "entropy": 0.0}
{"epoch": 30, "steps": 912, "seconds": 152.52973572397605, "loss": 0.00771465434604978, "reconstruction": 0.001141861264298776, "period": 0.32863966205255374, "entropy": 0.0}
{"scene": "R01", "epoch": 31, "epochs": 50, "step": 1, "steps_per_epoch": 912, "elapsed_seconds": 4613.733576474944, "gradient_norm": 0.05599822476506233, "peak_gb": 13.545200128, "loss": 0.0016093531157821417, "reconstruction": 0.0009264912805519998, "period": 0.03414309024810791, "entropy": 0.0}
{"scene": "R01", "epoch": 31, "epochs": 50, "step": 26, "steps_per_epoch": 912, "elapsed_seconds": 4617.873186159879, "gradient_norm": 0.27704328298568726, "peak_gb": 13.545200128, "loss": 0.006063301581889391, "reconstruction": 0.0011481601977720857, "period": 0.2457570731639862, "entropy": 0.0}
{"scene": "R01", "epoch": 31, "epochs": 50, "step": 51, "steps_per_epoch": 912, "elapsed_seconds": 4622.024041723926, "gradient_norm": 0.28689488768577576, "peak_gb": 13.545200128, "loss": 0.005382995121181011, "reconstruction": 0.0012491950765252113, "period": 0.2066899985074997, "entropy": 0.0}
{"scene": "R01", "epoch": 31, "epochs": 50, "step": 76, "steps_per_epoch": 912, "elapsed_seconds": 4626.179034492932, "gradient_norm": 0.5414341688156128, "peak_gb": 13.545200128, "loss": 0.016513142734766006, "reconstruction": 0.0013079046038910747, "period": 0.7602619528770447, "entropy": 0.0}
{"scene": "R01", "epoch": 31, "epochs": 50, "step": 101, "steps_per_epoch": 912, "elapsed_seconds": 4630.341129978886, "gradient_norm": 0.3411175310611725, "peak_gb": 13.545200128, "loss": 0.00709562236443162, "reconstruction": 0.0016918648034334183, "period": 0.2701878845691681, "entropy": 0.0}
{"scene": "R01", "epoch": 31, "epochs": 50, "step": 126, "steps_per_epoch": 912, "elapsed_seconds": 4634.49538414483, "gradient_norm": 0.28584691882133484, "peak_gb": 13.545200128, "loss": 0.005367162637412548, "reconstruction": 0.001622801530174911, "period": 0.1872180700302124, "entropy": 0.0}
{"scene": "R01", "epoch": 31, "epochs": 50, "step": 151, "steps_per_epoch": 912, "elapsed_seconds": 4638.658846508013, "gradient_norm": 0.17039182782173157, "peak_gb": 13.545200128, "loss": 0.0038033132441341877, "reconstruction": 0.001379151362925768, "period": 0.12120810151100159, "entropy": 0.0}
{"scene": "R01", "epoch": 31, "epochs": 50, "step": 176, "steps_per_epoch": 912, "elapsed_seconds": 4642.825395956868, "gradient_norm": 0.24471122026443481, "peak_gb": 13.545200128, "loss": 0.004651269875466824, "reconstruction": 0.0011549519840627909, "period": 0.17481589317321777, "entropy": 0.0}
{"scene": "R01", "epoch": 31, "epochs": 50, "step": 201, "steps_per_epoch": 912, "elapsed_seconds": 4646.993850062834, "gradient_norm": 0.38227757811546326, "peak_gb": 13.545200128, "loss": 0.006712340749800205, "reconstruction": 0.0014715426368638873, "period": 0.2620398998260498, "entropy": 0.0}
{"scene": "R01", "epoch": 31, "epochs": 50, "step": 226, "steps_per_epoch": 912, "elapsed_seconds": 4651.163566455012, "gradient_norm": 0.38323846459388733, "peak_gb": 13.545200128, "loss": 0.008097765035927296, "reconstruction": 0.0008961478597484529, "period": 0.36008089780807495, "entropy": 0.0}
{"scene": "R01", "epoch": 31, "epochs": 50, "step": 251, "steps_per_epoch": 912, "elapsed_seconds": 4655.33538457402, "gradient_norm": 0.15554490685462952, "peak_gb": 13.545200128, "loss": 0.0029702528845518827, "reconstruction": 0.0007941198418848217, "period": 0.10880665481090546, "entropy": 0.0}
{"scene": "R01", "epoch": 31, "epochs": 50, "step": 276, "steps_per_epoch": 912, "elapsed_seconds": 4659.5022051178385, "gradient_norm": 0.17176450788974762, "peak_gb": 13.545200128, "loss": 0.006129218265414238, "reconstruction": 0.000909443711861968, "period": 0.2609887421131134, "entropy": 0.0}
{"scene": "R01", "epoch": 31, "epochs": 50, "step": 301, "steps_per_epoch": 912, "elapsed_seconds": 4663.668024790008, "gradient_norm": 0.14389722049236298, "peak_gb": 13.545200128, "loss": 0.0024919328279793262, "reconstruction": 0.0009209575946442783, "period": 0.07854875922203064, "entropy": 0.0}
{"scene": "R01", "epoch": 31, "epochs": 50, "step": 326, "steps_per_epoch": 912, "elapsed_seconds": 4667.8362077940255, "gradient_norm": 0.5181722640991211, "peak_gb": 13.545200128, "loss": 0.015703948214650154, "reconstruction": 0.0008119771955534816, "period": 0.7445986270904541, "entropy": 0.0}
{"scene": "R01", "epoch": 31, "epochs": 50, "step": 351, "steps_per_epoch": 912, "elapsed_seconds": 4672.007972047897, "gradient_norm": 0.2896149456501007, "peak_gb": 13.545200128, "loss": 0.008149305358529091, "reconstruction": 0.0012712946627289057, "period": 0.34390056133270264, "entropy": 0.0}
{"scene": "R01", "epoch": 31, "epochs": 50, "step": 376, "steps_per_epoch": 912, "elapsed_seconds": 4676.187890201807, "gradient_norm": 0.327817440032959, "peak_gb": 13.545200128, "loss": 0.009333496913313866, "reconstruction": 0.0012489515356719494, "period": 0.4042273163795471, "entropy": 0.0}
{"scene": "R01", "epoch": 31, "epochs": 50, "step": 401, "steps_per_epoch": 912, "elapsed_seconds": 4680.368668413954, "gradient_norm": 0.4555814266204834, "peak_gb": 13.545200128, "loss": 0.010478737764060497, "reconstruction": 0.0012996813748031855, "period": 0.4589528441429138, "entropy": 0.0}
{"scene": "R01", "epoch": 31, "epochs": 50, "step": 426, "steps_per_epoch": 912, "elapsed_seconds": 4684.535815823823, "gradient_norm": 0.18191567063331604, "peak_gb": 13.545200128, "loss": 0.0030546686612069607, "reconstruction": 0.001361252274364233, "period": 0.08467082679271698, "entropy": 0.0}
{"scene": "R01", "epoch": 31, "epochs": 50, "step": 451, "steps_per_epoch": 912, "elapsed_seconds": 4688.70351628284, "gradient_norm": 0.45420023798942566, "peak_gb": 13.545200128, "loss": 0.012752016074955463, "reconstruction": 0.001304951380006969, "period": 0.5723532438278198, "entropy": 0.0}
{"scene": "R01", "epoch": 31, "epochs": 50, "step": 476, "steps_per_epoch": 912, "elapsed_seconds": 4692.885177000891, "gradient_norm": 0.15405169129371643, "peak_gb": 13.545200128, "loss": 0.004279333166778088, "reconstruction": 0.0013308357447385788, "period": 0.1474248766899109, "entropy": 0.0}
{"scene": "R01", "epoch": 31, "epochs": 50, "step": 501, "steps_per_epoch": 912, "elapsed_seconds": 4697.056647724006, "gradient_norm": 0.2131345123052597, "peak_gb": 13.545200128, "loss": 0.004302619025111198, "reconstruction": 0.0014595079701393843, "period": 0.14215557277202606, "entropy": 0.0}
{"scene": "R01", "epoch": 31, "epochs": 50, "step": 526, "steps_per_epoch": 912, "elapsed_seconds": 4701.24182498781, "gradient_norm": 0.4814217686653137, "peak_gb": 13.545200128, "loss": 0.013303951360285282, "reconstruction": 0.001247692620381713, "period": 0.6028129458427429, "entropy": 0.0}
{"scene": "R01", "epoch": 31, "epochs": 50, "step": 551, "steps_per_epoch": 912, "elapsed_seconds": 4705.419483261881, "gradient_norm": 0.18359073996543884, "peak_gb": 13.545200128, "loss": 0.0035148384049534798, "reconstruction": 0.0009430785430595279, "period": 0.128588005900383, "entropy": 0.0}
{"scene": "R01", "epoch": 31, "epochs": 50, "step": 576, "steps_per_epoch": 912, "elapsed_seconds": 4709.603767186869, "gradient_norm": 0.3107084631919861, "peak_gb": 13.545200128, "loss": 0.008005167357623577, "reconstruction": 0.001541143050417304, "period": 0.3232012093067169, "entropy": 0.0}
{"scene": "R01", "epoch": 31, "epochs": 50, "step": 601, "steps_per_epoch": 912, "elapsed_seconds": 4713.794783413876, "gradient_norm": 0.3732147514820099, "peak_gb": 13.545200128, "loss": 0.007516189943999052, "reconstruction": 0.0015706317499279976, "period": 0.29727792739868164, "entropy": 0.0}
{"scene": "R01", "epoch": 31, "epochs": 50, "step": 626, "steps_per_epoch": 912, "elapsed_seconds": 4718.004791745916, "gradient_norm": 0.05149180069565773, "peak_gb": 13.545200128, "loss": 0.0022644666023552418, "reconstruction": 0.0014012785395607352, "period": 0.043159402906894684, "entropy": 0.0}
{"scene": "R01", "epoch": 31, "epochs": 50, "step": 651, "steps_per_epoch": 912, "elapsed_seconds": 4722.20358107402, "gradient_norm": 0.04164291173219681, "peak_gb": 13.545200128, "loss": 0.002291603246703744, "reconstruction": 0.0011952152708545327, "period": 0.05481939762830734, "entropy": 0.0}
{"scene": "R01", "epoch": 31, "epochs": 50, "step": 676, "steps_per_epoch": 912, "elapsed_seconds": 4726.385459086858, "gradient_norm": 0.13505825400352478, "peak_gb": 13.545200128, "loss": 0.003365179058164358, "reconstruction": 0.0017091995105147362, "period": 0.08279898762702942, "entropy": 0.0}
{"scene": "R01", "epoch": 31, "epochs": 50, "step": 701, "steps_per_epoch": 912, "elapsed_seconds": 4730.5688115588855, "gradient_norm": 0.27233409881591797, "peak_gb": 13.545200128, "loss": 0.0052888523787260056, "reconstruction": 0.0008743101498112082, "period": 0.2207271158695221, "entropy": 0.0}
{"scene": "R01", "epoch": 31, "epochs": 50, "step": 726, "steps_per_epoch": 912, "elapsed_seconds": 4734.746583748842, "gradient_norm": 0.34311443567276, "peak_gb": 13.545200128, "loss": 0.011875190772116184, "reconstruction": 0.00139031489379704, "period": 0.5242438316345215, "entropy": 0.0}
{"scene": "R01", "epoch": 31, "epochs": 50, "step": 751, "steps_per_epoch": 912, "elapsed_seconds": 4738.933521988802, "gradient_norm": 0.07962700724601746, "peak_gb": 13.545200128, "loss": 0.00298030162230134, "reconstruction": 0.0008758654585108161, "period": 0.10522180795669556, "entropy": 0.0}
{"scene": "R01", "epoch": 31, "epochs": 50, "step": 776, "steps_per_epoch": 912, "elapsed_seconds": 4743.129043271998, "gradient_norm": 0.17137207090854645, "peak_gb": 13.545200128, "loss": 0.0038793478161096573, "reconstruction": 0.0009193712612614036, "period": 0.1479988396167755, "entropy": 0.0}
{"scene": "R01", "epoch": 31, "epochs": 50, "step": 801, "steps_per_epoch": 912, "elapsed_seconds": 4747.305150501896, "gradient_norm": 0.061158888041973114, "peak_gb": 13.545200128, "loss": 0.0017569931223988533, "reconstruction": 0.0008966219611465931, "period": 0.043018557131290436, "entropy": 0.0}
{"scene": "R01", "epoch": 31, "epochs": 50, "step": 826, "steps_per_epoch": 912, "elapsed_seconds": 4751.499816220021, "gradient_norm": 0.11707863211631775, "peak_gb": 13.545200128, "loss": 0.00293011125177145, "reconstruction": 0.0009300037054345012, "period": 0.1000053808093071, "entropy": 0.0}
{"scene": "R01", "epoch": 31, "epochs": 50, "step": 851, "steps_per_epoch": 912, "elapsed_seconds": 4755.687729376834, "gradient_norm": 0.16973130404949188, "peak_gb": 13.545200128, "loss": 0.0029809768311679363, "reconstruction": 0.0011114664375782013, "period": 0.09347552061080933, "entropy": 0.0}
{"scene": "R01", "epoch": 31, "epochs": 50, "step": 876, "steps_per_epoch": 912, "elapsed_seconds": 4759.870740932878, "gradient_norm": 0.5548790097236633, "peak_gb": 13.545200128, "loss": 0.019163623452186584, "reconstruction": 0.00186825986020267, "period": 0.8647682666778564, "entropy": 0.0}
{"scene": "R01", "epoch": 31, "epochs": 50, "step": 901, "steps_per_epoch": 912, "elapsed_seconds": 4764.053954500938, "gradient_norm": 0.1352178156375885, "peak_gb": 13.545200128, "loss": 0.003257383592426777, "reconstruction": 0.0013906903332099319, "period": 0.09333465993404388, "entropy": 0.0}
{"epoch": 31, "steps": 912, "seconds": 152.36608158191666, "loss": 0.007426823114975265, "reconstruction": 0.0011359365984900617, "period": 0.314544334060006, "entropy": 0.0}
{"scene": "R01", "epoch": 32, "epochs": 50, "step": 1, "steps_per_epoch": 912, "elapsed_seconds": 4766.13060315582, "gradient_norm": 0.28821802139282227, "peak_gb": 13.545200128, "loss": 0.007187903858721256, "reconstruction": 0.0013333498500287533, "period": 0.2927277088165283, "entropy": 0.0}
{"scene": "R01", "epoch": 32, "epochs": 50, "step": 26, "steps_per_epoch": 912, "elapsed_seconds": 4770.313214899972, "gradient_norm": 0.2820689082145691, "peak_gb": 13.545200128, "loss": 0.005567074287682772, "reconstruction": 0.0012316956417635083, "period": 0.21676893532276154, "entropy": 0.0}
{"scene": "R01", "epoch": 32, "epochs": 50, "step": 51, "steps_per_epoch": 912, "elapsed_seconds": 4774.508837343892, "gradient_norm": 0.12201274931430817, "peak_gb": 13.545200128, "loss": 0.0027696872130036354, "reconstruction": 0.00100054987706244, "period": 0.08845686167478561, "entropy": 0.0}
{"scene": "R01", "epoch": 32, "epochs": 50, "step": 76, "steps_per_epoch": 912, "elapsed_seconds": 4778.693519993918, "gradient_norm": 0.2396506369113922, "peak_gb": 13.545200128, "loss": 0.004297774285078049, "reconstruction": 0.0009362450218759477, "period": 0.16807647049427032, "entropy": 0.0}
{"scene": "R01", "epoch": 32, "epochs": 50, "step": 101, "steps_per_epoch": 912, "elapsed_seconds": 4782.872312198859, "gradient_norm": 0.2013615220785141, "peak_gb": 13.545200128, "loss": 0.00412285141646862, "reconstruction": 0.0011202468303963542, "period": 0.1501302421092987, "entropy": 0.0}
{"scene": "R01", "epoch": 32, "epochs": 50, "step": 126, "steps_per_epoch": 912, "elapsed_seconds": 4787.038491416024, "gradient_norm": 0.029674194753170013, "peak_gb": 13.545200128, "loss": 0.0021033333614468575, "reconstruction": 0.0016539131756871939, "period": 0.022471008822321892, "entropy": 0.0}
{"scene": "R01", "epoch": 32, "epochs": 50, "step": 151, "steps_per_epoch": 912, "elapsed_seconds": 4791.205410148948, "gradient_norm": 0.3865639269351959, "peak_gb": 13.545200128, "loss": 0.01162553671747446, "reconstruction": 0.0009117082227021456, "period": 0.5356914401054382, "entropy": 0.0}
{"scene": "R01", "epoch": 32, "epochs": 50, "step": 176, "steps_per_epoch": 912, "elapsed_seconds": 4795.388440347975, "gradient_norm": 0.10709498077630997, "peak_gb": 13.545200128, "loss": 0.0033115516416728497, "reconstruction": 0.001684640534222126, "period": 0.0813455656170845, "entropy": 0.0}
{"scene": "R01", "epoch": 32, "epochs": 50, "step": 201, "steps_per_epoch": 912, "elapsed_seconds": 4799.55512269889, "gradient_norm": 0.5635492205619812, "peak_gb": 13.545200128, "loss": 0.014152927324175835, "reconstruction": 0.0008756131283007562, "period": 0.6638657450675964, "entropy": 0.0}
{"scene": "R01", "epoch": 32, "epochs": 50, "step": 226, "steps_per_epoch": 912, "elapsed_seconds": 4803.734706423944, "gradient_norm": 0.1943415403366089, "peak_gb": 13.545200128, "loss": 0.0033423269633203745, "reconstruction": 0.0008571844082325697, "period": 0.12425713241100311, "entropy": 0.0}
{"scene": "R01", "epoch": 32, "epochs": 50, "step": 251, "steps_per_epoch": 912, "elapsed_seconds": 4807.926086760825, "gradient_norm": 0.6044917106628418, "peak_gb": 13.545200128, "loss": 0.03265064209699631, "reconstruction": 0.0008572409860789776, "period": 1.5896700620651245, "entropy": 0.0}
{"scene": "R01", "epoch": 32, "epochs": 50, "step": 276, "steps_per_epoch": 912, "elapsed_seconds": 4812.106264579808, "gradient_norm": 0.40857288241386414, "peak_gb": 13.545200128, "loss": 0.013420961797237396, "reconstruction": 0.0009318694355897605, "period": 0.6244546175003052, "entropy": 0.0}
{"scene": "R01", "epoch": 32, "epochs": 50, "step": 301, "steps_per_epoch": 912, "elapsed_seconds": 4816.289110821905, "gradient_norm": 0.1197446808218956, "peak_gb": 13.545200128, "loss": 0.003348750062286854, "reconstruction": 0.001338522881269455, "period": 0.10051136463880539, "entropy": 0.0}
{"scene": "R01", "epoch": 32, "epochs": 50, "step": 326, "steps_per_epoch": 912, "elapsed_seconds": 4820.466396883829, "gradient_norm": 0.13947565853595734, "peak_gb": 13.545200128, "loss": 0.0029535514768213034, "reconstruction": 0.0010188005398958921, "period": 0.09673754870891571, "entropy": 0.0}
{"scene": "R01", "epoch": 32, "epochs": 50, "step": 351, "steps_per_epoch": 912, "elapsed_seconds": 4824.642545463983, "gradient_norm": 0.10020419955253601, "peak_gb": 13.545200128, "loss": 0.0026405625976622105, "reconstruction": 0.0008068784954957664, "period": 0.09168420732021332, "entropy": 0.0}
{"scene": "R01", "epoch": 32, "epochs": 50, "step": 376, "steps_per_epoch": 912, "elapsed_seconds": 4828.836067951983, "gradient_norm": 0.0724656879901886, "peak_gb": 13.545200128, "loss": 0.0022553084418177605, "reconstruction": 0.0009800398256629705, "period": 0.06376342475414276, "entropy": 0.0}
{"scene": "R01", "epoch": 32, "epochs": 50, "step": 401, "steps_per_epoch": 912, "elapsed_seconds": 4833.020974437939, "gradient_norm": 0.38798701763153076, "peak_gb": 13.545200128, "loss": 0.007871313020586967, "reconstruction": 0.0016971816075965762, "period": 0.3087065815925598, "entropy": 0.0}
{"scene": "R01", "epoch": 32, "epochs": 50, "step": 426, "steps_per_epoch": 912, "elapsed_seconds": 4837.206960352836, "gradient_norm": 0.340194433927536, "peak_gb": 13.545200128, "loss": 0.01058381237089634, "reconstruction": 0.0008397956844419241, "period": 0.48720085620880127, "entropy": 0.0}
{"scene": "R01", "epoch": 32, "epochs": 50, "step": 451, "steps_per_epoch": 912, "elapsed_seconds": 4841.373348352965, "gradient_norm": 0.3901939392089844, "peak_gb": 13.545200128, "loss": 0.011178050190210342, "reconstruction": 0.002115917392075062, "period": 0.45310667157173157, "entropy": 0.0}
{"scene": "R01", "epoch": 32, "epochs": 50, "step": 476, "steps_per_epoch": 912, "elapsed_seconds": 4845.547879416961, "gradient_norm": 0.10576185584068298, "peak_gb": 13.545200128, "loss": 0.004622615873813629, "reconstruction": 0.0013192654587328434, "period": 0.16516752541065216, "entropy": 0.0}
{"scene": "R01", "epoch": 32, "epochs": 50, "step": 501, "steps_per_epoch": 912, "elapsed_seconds": 4849.738844938809, "gradient_norm": 0.06928132474422455, "peak_gb": 13.545200128, "loss": 0.0023964373394846916, "reconstruction": 0.0012348246527835727, "period": 0.05808063969016075, "entropy": 0.0}
{"scene": "R01", "epoch": 32, "epochs": 50, "step": 526, "steps_per_epoch": 912, "elapsed_seconds": 4853.923169574933, "gradient_norm": 0.05315136909484863, "peak_gb": 13.545200128, "loss": 0.003153932048007846, "reconstruction": 0.002292912919074297, "period": 0.04305095970630646, "entropy": 0.0}
{"scene": "R01", "epoch": 32, "epochs": 50, "step": 551, "steps_per_epoch": 912, "elapsed_seconds": 4858.0935182359535, "gradient_norm": 0.17937643826007843, "peak_gb": 13.545200128, "loss": 0.004208698868751526, "reconstruction": 0.0007527931593358517, "period": 0.17279529571533203, "entropy": 0.0}
{"scene": "R01", "epoch": 32, "epochs": 50, "step": 576, "steps_per_epoch": 912, "elapsed_seconds": 4862.273745654849, "gradient_norm": 0.054331567138433456, "peak_gb": 13.545200128, "loss": 0.0024184840731322765, "reconstruction": 0.0012670948635786772, "period": 0.0575694665312767, "entropy": 0.0}
{"scene": "R01", "epoch": 32, "epochs": 50, "step": 601, "steps_per_epoch": 912, "elapsed_seconds": 4866.450460675871, "gradient_norm": 0.1593533307313919, "peak_gb": 13.545200128, "loss": 0.003380788955837488, "reconstruction": 0.0009819044498726726, "period": 0.11994423717260361, "entropy": 0.0}
{"scene": "R01", "epoch": 32, "epochs": 50, "step": 626, "steps_per_epoch": 912, "elapsed_seconds": 4870.623087262968, "gradient_norm": 0.5527142882347107, "peak_gb": 13.545200128, "loss": 0.016218341886997223, "reconstruction": 0.0012056813575327396, "period": 0.7506330013275146, "entropy": 0.0}
{"scene": "R01", "epoch": 32, "epochs": 50, "step": 651, "steps_per_epoch": 912, "elapsed_seconds": 4874.789717440959, "gradient_norm": 0.1615106165409088, "peak_gb": 13.545200128, "loss": 0.0037772341165691614, "reconstruction": 0.001113478560000658, "period": 0.13318778574466705, "entropy": 0.0}
{"scene": "R01", "epoch": 32, "epochs": 50, "step": 676, "steps_per_epoch": 912, "elapsed_seconds": 4878.963414383819, "gradient_norm": 0.12191803753376007, "peak_gb": 13.545200128, "loss": 0.002997538074851036, "reconstruction": 0.0012554258573800325, "period": 0.08710561692714691, "entropy": 0.0}
{"scene": "R01", "epoch": 32, "epochs": 50, "step": 701, "steps_per_epoch": 912, "elapsed_seconds": 4883.149246098939, "gradient_norm": 0.09697479754686356, "peak_gb": 13.545200128, "loss": 0.0026577413082122803, "reconstruction": 0.001549803069792688, "period": 0.0553969107568264, "entropy": 0.0}
{"scene": "R01", "epoch": 32, "epochs": 50, "step": 726, "steps_per_epoch": 912, "elapsed_seconds": 4887.327558583813, "gradient_norm": 0.22765307128429413, "peak_gb": 13.545200128, "loss": 0.004228288307785988, "reconstruction": 0.0008076468366198242, "period": 0.17103207111358643, "entropy": 0.0}
{"scene": "R01", "epoch": 32, "epochs": 50, "step": 751, "steps_per_epoch": 912, "elapsed_seconds": 4891.5066836739425, "gradient_norm": 0.3091045320034027, "peak_gb": 13.545200128, "loss": 0.006011469755321741, "reconstruction": 0.000962243415415287, "period": 0.252461314201355, "entropy": 0.0}
{"scene": "R01", "epoch": 32, "epochs": 50, "step": 776, "steps_per_epoch": 912, "elapsed_seconds": 4895.686999343801, "gradient_norm": 0.06527300924062729, "peak_gb": 13.545200128, "loss": 0.0019187310244888067, "reconstruction": 0.001074263360351324, "period": 0.04222338646650314, "entropy": 0.0}
{"scene": "R01", "epoch": 32, "epochs": 50, "step": 801, "steps_per_epoch": 912, "elapsed_seconds": 4899.857112515951, "gradient_norm": 0.6504343152046204, "peak_gb": 13.545200128, "loss": 0.02700338512659073, "reconstruction": 0.0008934474317356944, "period": 1.3054969310760498, "entropy": 0.0}
{"scene": "R01", "epoch": 32, "epochs": 50, "step": 826, "steps_per_epoch": 912, "elapsed_seconds": 4904.035643490963, "gradient_norm": 0.1664014607667923, "peak_gb": 13.545200128, "loss": 0.0035465846303850412, "reconstruction": 0.0008784942328929901, "period": 0.13340452313423157, "entropy": 0.0}
{"scene": "R01", "epoch": 32, "epochs": 50, "step": 851, "steps_per_epoch": 912, "elapsed_seconds": 4908.210297141923, "gradient_norm": 0.38683098554611206, "peak_gb": 13.545200128, "loss": 0.008931566961109638, "reconstruction": 0.0008457013173028827, "period": 0.4042932987213135, "entropy": 0.0}
{"scene": "R01", "epoch": 32, "epochs": 50, "step": 876, "steps_per_epoch": 912, "elapsed_seconds": 4912.391486890847, "gradient_norm": 0.30610913038253784, "peak_gb": 13.545200128, "loss": 0.009078691713511944, "reconstruction": 0.0014769274275749922, "period": 0.380088210105896, "entropy": 0.0}
{"scene": "R01", "epoch": 32, "epochs": 50, "step": 901, "steps_per_epoch": 912, "elapsed_seconds": 4916.570009646937, "gradient_norm": 0.22713162004947662, "peak_gb": 13.545200128, "loss": 0.0051854741759598255, "reconstruction": 0.0011455430649220943, "period": 0.2019965648651123, "entropy": 0.0}
{"epoch": 32, "steps": 912, "seconds": 152.51637811493129, "loss": 0.007594385203750183, "reconstruction": 0.0011290441097547667, "period": 0.3232670617443019, "entropy": 0.0}
{"scene": "R01", "epoch": 33, "epochs": 50, "step": 1, "steps_per_epoch": 912, "elapsed_seconds": 4918.657839755993, "gradient_norm": 0.37762176990509033, "peak_gb": 13.545200128, "loss": 0.013687040656805038, "reconstruction": 0.0011809238931164145, "period": 0.6253058910369873, "entropy": 0.0}
{"scene": "R01", "epoch": 33, "epochs": 50, "step": 26, "steps_per_epoch": 912, "elapsed_seconds": 4922.83713372401, "gradient_norm": 0.35712194442749023, "peak_gb": 13.545200128, "loss": 0.00663520535454154, "reconstruction": 0.0010073402663692832, "period": 0.28139325976371765, "entropy": 0.0}
{"scene": "R01", "epoch": 33, "epochs": 50, "step": 51, "steps_per_epoch": 912, "elapsed_seconds": 4927.023641967913, "gradient_norm": 0.5788139700889587, "peak_gb": 13.545200128, "loss": 0.032606787979602814, "reconstruction": 0.0017351986607536674, "period": 1.5435794591903687, "entropy": 0.0}
{"scene": "R01", "epoch": 33, "epochs": 50, "step": 76, "steps_per_epoch": 912, "elapsed_seconds": 4931.205316345906, "gradient_norm": 0.2763611078262329, "peak_gb": 13.545200128, "loss": 0.006163447629660368, "reconstruction": 0.0008361163781955838, "period": 0.266366571187973, "entropy": 0.0}
{"scene": "R01", "epoch": 33, "epochs": 50, "step": 101, "steps_per_epoch": 912, "elapsed_seconds": 4935.384220005013, "gradient_norm": 0.155621737241745, "peak_gb": 13.545200128, "loss": 0.002990944543853402, "reconstruction": 0.0007459181360900402, "period": 0.11225132644176483, "entropy": 0.0}
{"scene": "R01", "epoch": 33, "epochs": 50, "step": 126, "steps_per_epoch": 912, "elapsed_seconds": 4939.557970786933, "gradient_norm": 0.3889608681201935, "peak_gb": 13.545200128, "loss": 0.007388166151940823, "reconstruction": 0.001574152847751975, "period": 0.29070067405700684, "entropy": 0.0}
{"scene": "R01", "epoch": 33, "epochs": 50, "step": 151, "steps_per_epoch": 912, "elapsed_seconds": 4943.725135448854, "gradient_norm": 0.5995708107948303, "peak_gb": 13.545200128, "loss": 0.027981599792838097, "reconstruction": 0.001133879879489541, "period": 1.34238600730896, "entropy": 0.0}
{"scene": "R01", "epoch": 33, "epochs": 50, "step": 176, "steps_per_epoch": 912, "elapsed_seconds": 4947.891478908947, "gradient_norm": 1.100482702255249, "peak_gb": 13.545200128, "loss": 0.016679223626852036, "reconstruction": 0.00137259007897228, "period": 0.7653316855430603, "entropy": 0.0}
{"scene": "R01", "epoch": 33, "epochs": 50, "step": 201, "steps_per_epoch": 912, "elapsed_seconds": 4952.076175884809, "gradient_norm": 0.3440304696559906, "peak_gb": 13.545200128, "loss": 0.010421812534332275, "reconstruction": 0.0012786914594471455, "period": 0.4571560323238373, "entropy": 0.0}
{"scene": "R01", "epoch": 33, "epochs": 50, "step": 226, "steps_per_epoch": 912, "elapsed_seconds": 4956.2581302369945, "gradient_norm": 0.03602614626288414, "peak_gb": 13.545200128, "loss": 0.002109458204358816, "reconstruction": 0.0015008732443675399, "period": 0.030429251492023468, "entropy": 0.0}
{"scene": "R01", "epoch": 33, "epochs": 50, "step": 251, "steps_per_epoch": 912, "elapsed_seconds": 4960.426164384931, "gradient_norm": 0.10749343782663345, "peak_gb": 13.545200128, "loss": 0.0024602883495390415, "reconstruction": 0.001055302913300693, "period": 0.0702492818236351, "entropy": 0.0}
{"scene": "R01", "epoch": 33, "epochs": 50, "step": 276, "steps_per_epoch": 912, "elapsed_seconds": 4964.608326100977, "gradient_norm": 0.2900279462337494, "peak_gb": 13.545200128, "loss": 0.0052775247022509575, "reconstruction": 0.000863045803271234, "period": 0.2207239419221878, "entropy": 0.0}
{"scene": "R01", "epoch": 33, "epochs": 50, "step": 301, "steps_per_epoch": 912, "elapsed_seconds": 4968.7745218458585, "gradient_norm": 0.2404656708240509, "peak_gb": 13.545200128, "loss": 0.004562322050333023, "reconstruction": 0.0011147551704198122, "period": 0.17237834632396698, "entropy": 0.0}
{"scene": "R01", "epoch": 33, "epochs": 50, "step": 326, "steps_per_epoch": 912, "elapsed_seconds": 4972.943603578955, "gradient_norm": 0.4990309476852417, "peak_gb": 13.545200128, "loss": 0.012665764428675175, "reconstruction": 0.000855129852425307, "period": 0.5905317068099976, "entropy": 0.0}
{"scene": "R01", "epoch": 33, "epochs": 50, "step": 351, "steps_per_epoch": 912, "elapsed_seconds": 4977.121375149814, "gradient_norm": 0.06888329237699509, "peak_gb": 13.545200128, "loss": 0.002773052779957652, "reconstruction": 0.0008887912845239043, "period": 0.0942130759358406, "entropy": 0.0}
{"scene": "R01", "epoch": 33, "epochs": 50, "step": 376, "steps_per_epoch": 912, "elapsed_seconds": 4981.308802941814, "gradient_norm": 0.11006765812635422, "peak_gb": 13.545200128, "loss": 0.002533187158405781, "reconstruction": 0.0010401512263342738, "period": 0.0746517926454544, "entropy": 0.0}
{"scene": "R01", "epoch": 33, "epochs": 50, "step": 401, "steps_per_epoch": 912, "elapsed_seconds": 4985.475383049808, "gradient_norm": 0.25965556502342224, "peak_gb": 13.545200128, "loss": 0.0049669090658426285, "reconstruction": 0.0016548335552215576, "period": 0.16560378670692444, "entropy": 0.0}
{"scene": "R01", "epoch": 33, "epochs": 50, "step": 426, "steps_per_epoch": 912, "elapsed_seconds": 4989.641928159865, "gradient_norm": 0.08610940724611282, "peak_gb": 13.545200128, "loss": 0.0027637314051389694, "reconstruction": 0.0014647308271378279, "period": 0.06495003402233124, "entropy": 0.0}
{"scene": "R01", "epoch": 33, "epochs": 50, "step": 451, "steps_per_epoch": 912, "elapsed_seconds": 4993.80916527193, "gradient_norm": 0.20258496701717377, "peak_gb": 13.545200128, "loss": 0.005455967970192432, "reconstruction": 0.001130083343014121, "period": 0.21629424393177032, "entropy": 0.0}
{"scene": "R01", "epoch": 33, "epochs": 50, "step": 476, "steps_per_epoch": 912, "elapsed_seconds": 4997.975596381817, "gradient_norm": 0.2902204990386963, "peak_gb": 13.545200128, "loss": 0.012180505320429802, "reconstruction": 0.0012765577994287014, "period": 0.5451973676681519, "entropy": 0.0}
{"scene": "R01", "epoch": 33, "epochs": 50, "step": 501, "steps_per_epoch": 912, "elapsed_seconds": 5002.159175865818, "gradient_norm": 0.437394917011261, "peak_gb": 13.545200128, "loss": 0.013509407639503479, "reconstruction": 0.0015943313483148813, "period": 0.5957538485527039, "entropy": 0.0}
{"scene": "R01", "epoch": 33, "epochs": 50, "step": 526, "steps_per_epoch": 912, "elapsed_seconds": 5006.340222903993, "gradient_norm": 0.16916878521442413, "peak_gb": 13.545200128, "loss": 0.0028528887778520584, "reconstruction": 0.0013243467546999454, "period": 0.07642710953950882, "entropy": 0.0}
{"scene": "R01", "epoch": 33, "epochs": 50, "step": 551, "steps_per_epoch": 912, "elapsed_seconds": 5010.518716085935, "gradient_norm": 0.08409937471151352, "peak_gb": 13.545200128, "loss": 0.0024590245448052883, "reconstruction": 0.001223191386088729, "period": 0.06179165840148926, "entropy": 0.0}
{"scene": "R01", "epoch": 33, "epochs": 50, "step": 576, "steps_per_epoch": 912, "elapsed_seconds": 5014.701390848029, "gradient_norm": 0.36052268743515015, "peak_gb": 13.545200128, "loss": 0.010850793682038784, "reconstruction": 0.0016727754846215248, "period": 0.45890089869499207, "entropy": 0.0}
{"scene": "R01", "epoch": 33, "epochs": 50, "step": 601, "steps_per_epoch": 912, "elapsed_seconds": 5018.8766990618315, "gradient_norm": 0.46298155188560486, "peak_gb": 13.545200128, "loss": 0.011238648556172848, "reconstruction": 0.0013148235157132149, "period": 0.49619126319885254, "entropy": 0.0}
{"scene": "R01", "epoch": 33, "epochs": 50, "step": 626, "steps_per_epoch": 912, "elapsed_seconds": 5023.042525921017, "gradient_norm": 0.10971365123987198, "peak_gb": 13.545200128, "loss": 0.0026162173599004745, "reconstruction": 0.0009399884147569537, "period": 0.083811454474926, "entropy": 0.0}
{"scene": "R01", "epoch": 33, "epochs": 50, "step": 651, "steps_per_epoch": 912, "elapsed_seconds": 5027.20956681692, "gradient_norm": 0.23875097930431366, "peak_gb": 13.545200128, "loss": 0.004804317373782396, "reconstruction": 0.0008651396492496133, "period": 0.19695889949798584, "entropy": 0.0}
{"scene": "R01", "epoch": 33, "epochs": 50, "step": 676, "steps_per_epoch": 912, "elapsed_seconds": 5031.382497622864, "gradient_norm": 0.3209083676338196, "peak_gb": 13.545200128, "loss": 0.008482186123728752, "reconstruction": 0.0008999081328511238, "period": 0.37911394238471985, "entropy": 0.0}
{"scene": "R01", "epoch": 33, "epochs": 50, "step": 701, "steps_per_epoch": 912, "elapsed_seconds": 5035.561617695959, "gradient_norm": 0.26464423537254333, "peak_gb": 13.545200128, "loss": 0.006665511056780815, "reconstruction": 0.0008377087069675326, "period": 0.2913901209831238, "entropy": 0.0}
{"scene": "R01", "epoch": 33, "epochs": 50, "step": 726, "steps_per_epoch": 912, "elapsed_seconds": 5039.7277082058135, "gradient_norm": 0.1464676409959793, "peak_gb": 13.545200128, "loss": 0.0037916856817901134, "reconstruction": 0.0016218855744227767, "period": 0.1084899976849556, "entropy": 0.0}
{"scene": "R01", "epoch": 33, "epochs": 50, "step": 751, "steps_per_epoch": 912, "elapsed_seconds": 5043.906789552886, "gradient_norm": 0.5596293807029724, "peak_gb": 13.545200128, "loss": 0.018710624426603317, "reconstruction": 0.0009245981345884502, "period": 0.8893013596534729, "entropy": 0.0}
{"scene": "R01", "epoch": 33, "epochs": 50, "step": 776, "steps_per_epoch": 912, "elapsed_seconds": 5048.091976807918, "gradient_norm": 0.2563028037548065, "peak_gb": 13.545200128, "loss": 0.00685416255146265, "reconstruction": 0.000737986876629293, "period": 0.30580878257751465, "entropy": 0.0}
{"scene": "R01", "epoch": 33, "epochs": 50, "step": 801, "steps_per_epoch": 912, "elapsed_seconds": 5052.2809493779205, "gradient_norm": 0.13174107670783997, "peak_gb": 13.545200128, "loss": 0.004046212881803513, "reconstruction": 0.0008652112446725368, "period": 0.1590500771999359, "entropy": 0.0}
{"scene": "R01", "epoch": 33, "epochs": 50, "step": 826, "steps_per_epoch": 912, "elapsed_seconds": 5056.4608586519025, "gradient_norm": 0.027048934251070023, "peak_gb": 13.545200128, "loss": 0.0014528078027069569, "reconstruction": 0.0011158898705616593, "period": 0.01684589870274067, "entropy": 0.0}
{"scene": "R01", "epoch": 33, "epochs": 50, "step": 851, "steps_per_epoch": 912, "elapsed_seconds": 5060.639973297017, "gradient_norm": 0.2994857132434845, "peak_gb": 13.545200128, "loss": 0.008495146408677101, "reconstruction": 0.0008298074244521558, "period": 0.38326698541641235, "entropy": 0.0}
{"scene": "R01", "epoch": 33, "epochs": 50, "step": 876, "steps_per_epoch": 912, "elapsed_seconds": 5064.826923792949, "gradient_norm": 0.40659457445144653, "peak_gb": 13.545200128, "loss": 0.020587075501680374, "reconstruction": 0.0011117951944470406, "period": 0.9737640619277954, "entropy": 0.0}
{"scene": "R01", "epoch": 33, "epochs": 50, "step": 901, "steps_per_epoch": 912, "elapsed_seconds": 5068.994105210993, "gradient_norm": 0.1850927770137787, "peak_gb": 13.545200128, "loss": 0.003246079199016094, "reconstruction": 0.0010754731483757496, "period": 0.10853030532598495, "entropy": 0.0}
{"epoch": 33, "steps": 912, "seconds": 152.42277487390675, "loss": 0.007647028427878436, "reconstruction": 0.0011264029432041162, "period": 0.32603128181296614, "entropy": 0.0}
{"scene": "R01", "epoch": 34, "epochs": 50, "step": 1, "steps_per_epoch": 912, "elapsed_seconds": 5071.085314412834, "gradient_norm": 0.15608862042427063, "peak_gb": 13.545200128, "loss": 0.003187200054526329, "reconstruction": 0.0009255673503503203, "period": 0.11308164149522781, "entropy": 0.0}
{"scene": "R01", "epoch": 34, "epochs": 50, "step": 26, "steps_per_epoch": 912, "elapsed_seconds": 5075.277831924846, "gradient_norm": 0.07452379912137985, "peak_gb": 13.545200128, "loss": 0.002224169671535492, "reconstruction": 0.0012744336854666471, "period": 0.0474868007004261, "entropy": 0.0}
{"scene": "R01", "epoch": 34, "epochs": 50, "step": 51, "steps_per_epoch": 912, "elapsed_seconds": 5079.46754284692, "gradient_norm": 0.4133641719818115, "peak_gb": 13.545200128, "loss": 0.008422975428402424, "reconstruction": 0.0008961326675489545, "period": 0.37634211778640747, "entropy": 0.0}
{"scene": "R01", "epoch": 34, "epochs": 50, "step": 76, "steps_per_epoch": 912, "elapsed_seconds": 5083.644416327821, "gradient_norm": 0.33058804273605347, "peak_gb": 13.545200128, "loss": 0.006401988212019205, "reconstruction": 0.0008777229813858867, "period": 0.27621325850486755, "entropy": 0.0}
{"scene": "R01", "epoch": 34, "epochs": 50, "step": 101, "steps_per_epoch": 912, "elapsed_seconds": 5087.830614816863, "gradient_norm": 0.4681619107723236, "peak_gb": 13.545200128, "loss": 0.011350871995091438, "reconstruction": 0.0009663656819611788, "period": 0.5192253589630127, "entropy": 0.0}
{"scene": "R01", "epoch": 34, "epochs": 50, "step": 126, "steps_per_epoch": 912, "elapsed_seconds": 5092.017831564881, "gradient_norm": 0.16574245691299438, "peak_gb": 13.545200128, "loss": 0.0029631666839122772, "reconstruction": 0.0014044998679310083, "period": 0.07793333381414413, "entropy": 0.0}
{"scene": "R01", "epoch": 34, "epochs": 50, "step": 151, "steps_per_epoch": 912, "elapsed_seconds": 5096.202066872967, "gradient_norm": 0.5618124604225159, "peak_gb": 13.545200128, "loss": 0.022965500131249428, "reconstruction": 0.0011342266807332635, "period": 1.0915637016296387, "entropy": 0.0}
{"scene": "R01", "epoch": 34, "epochs": 50, "step": 176, "steps_per_epoch": 912, "elapsed_seconds": 5100.3836029018275, "gradient_norm": 0.4595440626144409, "peak_gb": 13.545200128, "loss": 0.012390753254294395, "reconstruction": 0.0009505260968580842, "period": 0.5720113515853882, "entropy": 0.0}
{"scene": "R01", "epoch": 34, "epochs": 50, "step": 201, "steps_per_epoch": 912, "elapsed_seconds": 5104.5643480499275, "gradient_norm": 0.45509710907936096, "peak_gb": 13.545200128, "loss": 0.012149801477789879, "reconstruction": 0.0013307204935699701, "period": 0.540954053401947, "entropy": 0.0}
{"scene": "R01", "epoch": 34, "epochs": 50, "step": 226, "steps_per_epoch": 912, "elapsed_seconds": 5108.744806507835, "gradient_norm": 0.7714912295341492, "peak_gb": 13.545200128, "loss": 0.011696621775627136, "reconstruction": 0.0009031409863382578, "period": 0.5396740436553955, "entropy": 0.0}
{"scene": "R01", "epoch": 34, "epochs": 50, "step": 251, "steps_per_epoch": 912, "elapsed_seconds": 5112.916858278913, "gradient_norm": 0.03374842554330826, "peak_gb": 13.545200128, "loss": 0.0014386584516614676, "reconstruction": 0.000978079391643405, "period": 0.023028956726193428, "entropy": 0.0}
{"scene": "R01", "epoch": 34, "epochs": 50, "step": 276, "steps_per_epoch": 912, "elapsed_seconds": 5117.096192998812, "gradient_norm": 0.38529810309410095, "peak_gb": 13.545200128, "loss": 0.012955628335475922, "reconstruction": 0.001929777441546321, "period": 0.5512925386428833, "entropy": 0.0}
{"scene": "R01", "epoch": 34, "epochs": 50, "step": 301, "steps_per_epoch": 912, "elapsed_seconds": 5121.2779446649365, "gradient_norm": 0.13993099331855774, "peak_gb": 13.545200128, "loss": 0.002849975135177374, "reconstruction": 0.0010518493363633752, "period": 0.08990629762411118, "entropy": 0.0}
{"scene": "R01", "epoch": 34, "epochs": 50, "step": 326, "steps_per_epoch": 912, "elapsed_seconds": 5125.458400557982, "gradient_norm": 0.32455193996429443, "peak_gb": 13.545200128, "loss": 0.006950945593416691, "reconstruction": 0.0011065007420256734, "period": 0.292222261428833, "entropy": 0.0}
{"scene": "R01", "epoch": 34, "epochs": 50, "step": 351, "steps_per_epoch": 912, "elapsed_seconds": 5129.638987088809, "gradient_norm": 0.28621983528137207, "peak_gb": 13.545200128, "loss": 0.005069526843726635, "reconstruction": 0.0012333301128819585, "period": 0.19180983304977417, "entropy": 0.0}
{"scene": "R01", "epoch": 34, "epochs": 50, "step": 376, "steps_per_epoch": 912, "elapsed_seconds": 5133.819930200931, "gradient_norm": 0.10608600080013275, "peak_gb": 13.545200128, "loss": 0.0032713892869651318, "reconstruction": 0.0016375932609662414, "period": 0.08168979734182358, "entropy": 0.0}
{"scene": "R01", "epoch": 34, "epochs": 50, "step": 401, "steps_per_epoch": 912, "elapsed_seconds": 5137.998563490808, "gradient_norm": 0.3308106064796448, "peak_gb": 13.545200128, "loss": 0.005318766459822655, "reconstruction": 0.000853389035910368, "period": 0.22326886653900146, "entropy": 0.0}
{"scene": "R01", "epoch": 34, "epochs": 50, "step": 426, "steps_per_epoch": 912, "elapsed_seconds": 5142.1786268569995, "gradient_norm": 0.42249706387519836, "peak_gb": 13.545200128, "loss": 0.009300800040364265, "reconstruction": 0.0018112531397491693, "period": 0.374477356672287, "entropy": 0.0}
{"scene": "R01", "epoch": 34, "epochs": 50, "step": 451, "steps_per_epoch": 912, "elapsed_seconds": 5146.35119004501, "gradient_norm": 0.08616674691438675, "peak_gb": 13.545200128, "loss": 0.0023965532891452312, "reconstruction": 0.0010682027786970139, "period": 0.06641753017902374, "entropy": 0.0}
{"scene": "R01", "epoch": 34, "epochs": 50, "step": 476, "steps_per_epoch": 912, "elapsed_seconds": 5150.532855080906, "gradient_norm": 0.05758942663669586, "peak_gb": 13.545200128, "loss": 0.0019123279489576817, "reconstruction": 0.001235511852428317, "period": 0.03384080156683922, "entropy": 0.0}
{"scene": "R01", "epoch": 34, "epochs": 50, "step": 501, "steps_per_epoch": 912, "elapsed_seconds": 5154.707649075892, "gradient_norm": 0.07592926919460297, "peak_gb": 13.545200128, "loss": 0.0023595697712153196, "reconstruction": 0.000992586719803512, "period": 0.06834915280342102, "entropy": 0.0}
{"scene": "R01", "epoch": 34, "epochs": 50, "step": 526, "steps_per_epoch": 912, "elapsed_seconds": 5158.878803049913, "gradient_norm": 0.2997313141822815, "peak_gb": 13.545200128, "loss": 0.009472454898059368, "reconstruction": 0.0010989223374053836, "period": 0.41867661476135254, "entropy": 0.0}
{"scene": "R01", "epoch": 34, "epochs": 50, "step": 551, "steps_per_epoch": 912, "elapsed_seconds": 5163.044891958823, "gradient_norm": 0.2154977023601532, "peak_gb": 13.545200128, "loss": 0.003420825581997633, "reconstruction": 0.0008259378373622894, "period": 0.12974439561367035, "entropy": 0.0}
{"scene": "R01", "epoch": 34, "epochs": 50, "step": 576, "steps_per_epoch": 912, "elapsed_seconds": 5167.218809343874, "gradient_norm": 0.1613946110010147, "peak_gb": 13.545200128, "loss": 0.003550158813595772, "reconstruction": 0.0009956173598766327, "period": 0.12772707641124725, "entropy": 0.0}
{"scene": "R01", "epoch": 34, "epochs": 50, "step": 601, "steps_per_epoch": 912, "elapsed_seconds": 5171.3922562839, "gradient_norm": 0.5378518104553223, "peak_gb": 13.545200128, "loss": 0.01790671795606613, "reconstruction": 0.0009366922895424068, "period": 0.8485012650489807, "entropy": 0.0}
{"scene": "R01", "epoch": 34, "epochs": 50, "step": 626, "steps_per_epoch": 912, "elapsed_seconds": 5175.562304097926, "gradient_norm": 0.4651854932308197, "peak_gb": 13.545200128, "loss": 0.016421329230070114, "reconstruction": 0.000818585860542953, "period": 0.7801371812820435, "entropy": 0.0}
{"scene": "R01", "epoch": 34, "epochs": 50, "step": 651, "steps_per_epoch": 912, "elapsed_seconds": 5179.728296187939, "gradient_norm": 0.30132248997688293, "peak_gb": 13.545200128, "loss": 0.005023339297622442, "reconstruction": 0.0008986089378595352, "period": 0.20623652637004852, "entropy": 0.0}
{"scene": "R01", "epoch": 34, "epochs": 50, "step": 676, "steps_per_epoch": 912, "elapsed_seconds": 5183.894731424982, "gradient_norm": 0.29354360699653625, "peak_gb": 13.545200128, "loss": 0.004592332988977432, "reconstruction": 0.0008355318568646908, "period": 0.187840074300766, "entropy": 0.0}
{"scene": "R01", "epoch": 34, "epochs": 50, "step": 701, "steps_per_epoch": 912, "elapsed_seconds": 5188.062556462828, "gradient_norm": 0.2970174252986908, "peak_gb": 13.545200128, "loss": 0.005135559476912022, "reconstruction": 0.0009364652214571834, "period": 0.20995470881462097, "entropy": 0.0}
{"scene": "R01", "epoch": 34, "epochs": 50, "step": 726, "steps_per_epoch": 912, "elapsed_seconds": 5192.22829316603, "gradient_norm": 0.12184036523103714, "peak_gb": 13.545200128, "loss": 0.0037466580979526043, "reconstruction": 0.002397497883066535, "period": 0.06745801120996475, "entropy": 0.0}
{"scene": "R01", "epoch": 34, "epochs": 50, "step": 751, "steps_per_epoch": 912, "elapsed_seconds": 5196.406455352902, "gradient_norm": 0.04640800878405571, "peak_gb": 13.545200128, "loss": 0.003230636240914464, "reconstruction": 0.0023464090190827847, "period": 0.044211361557245255, "entropy": 0.0}
{"scene": "R01", "epoch": 34, "epochs": 50, "step": 776, "steps_per_epoch": 912, "elapsed_seconds": 5200.576560433954, "gradient_norm": 0.21044844388961792, "peak_gb": 13.545200128, "loss": 0.007478652521967888, "reconstruction": 0.0011659672018140554, "period": 0.31563425064086914, "entropy": 0.0}
{"scene": "R01", "epoch": 34, "epochs": 50, "step": 801, "steps_per_epoch": 912, "elapsed_seconds": 5204.745505509898, "gradient_norm": 0.09233042597770691, "peak_gb": 13.545200128, "loss": 0.002420787001028657, "reconstruction": 0.0012636579340323806, "period": 0.05785645544528961, "entropy": 0.0}
{"scene": "R01", "epoch": 34, "epochs": 50, "step": 826, "steps_per_epoch": 912, "elapsed_seconds": 5208.912681492977, "gradient_norm": 0.514092743396759, "peak_gb": 13.545200128, "loss": 0.011272702366113663, "reconstruction": 0.0015380913391709328, "period": 0.48673057556152344, "entropy": 0.0}
{"scene": "R01", "epoch": 34, "epochs": 50, "step": 851, "steps_per_epoch": 912, "elapsed_seconds": 5213.07915424183, "gradient_norm": 0.10333811491727829, "peak_gb": 13.545200128, "loss": 0.0018565300852060318, "reconstruction": 0.0009526410140097141, "period": 0.04519445449113846, "entropy": 0.0}
{"scene": "R01", "epoch": 34, "epochs": 50, "step": 876, "steps_per_epoch": 912, "elapsed_seconds": 5217.246155819856, "gradient_norm": 0.11390851438045502, "peak_gb": 13.545200128, "loss": 0.002530056517571211, "reconstruction": 0.0011398176429793239, "period": 0.06951195001602173, "entropy": 0.0}
{"scene": "R01", "epoch": 34, "epochs": 50, "step": 901, "steps_per_epoch": 912, "elapsed_seconds": 5221.413422700018, "gradient_norm": 0.11939231306314468, "peak_gb": 13.545200128, "loss": 0.0021305554546415806, "reconstruction": 0.0009017388802021742, "period": 0.06144082546234131, "entropy": 0.0}
{"epoch": 34, "steps": 912, "seconds": 152.41715587698855, "loss": 0.0067818855463165646, "reconstruction": 0.0011039708672462055, "period": 0.28389574080019403, "entropy": 0.0}
{"scene": "R01", "epoch": 35, "epochs": 50, "step": 1, "steps_per_epoch": 912, "elapsed_seconds": 5223.494219865883, "gradient_norm": 0.0959104523062706, "peak_gb": 13.545200128, "loss": 0.002185011515393853, "reconstruction": 0.0010402920888736844, "period": 0.057235971093177795, "entropy": 0.0}
{"scene": "R01", "epoch": 35, "epochs": 50, "step": 26, "steps_per_epoch": 912, "elapsed_seconds": 5227.680488863029, "gradient_norm": 0.3021835386753082, "peak_gb": 13.545200128, "loss": 0.005022987723350525, "reconstruction": 0.0013614252675324678, "period": 0.1830781102180481, "entropy": 0.0}
{"scene": "R01", "epoch": 35, "epochs": 50, "step": 51, "steps_per_epoch": 912, "elapsed_seconds": 5231.846211792901, "gradient_norm": 0.2436276525259018, "peak_gb": 13.545200128, "loss": 0.004597132094204426, "reconstruction": 0.0008617016719654202, "period": 0.18677152693271637, "entropy": 0.0}
{"scene": "R01", "epoch": 35, "epochs": 50, "step": 76, "steps_per_epoch": 912, "elapsed_seconds": 5236.010439096019, "gradient_norm": 0.054572317749261856, "peak_gb": 13.545200128, "loss": 0.0018715451005846262, "reconstruction": 0.0010415337746962905, "period": 0.04150056838989258, "entropy": 0.0}
{"scene": "R01", "epoch": 35, "epochs": 50, "step": 101, "steps_per_epoch": 912, "elapsed_seconds": 5240.1809692420065, "gradient_norm": 0.31144824624061584, "peak_gb": 13.545200128, "loss": 0.006450677290558815, "reconstruction": 0.0009426671895198524, "period": 0.2754005193710327, "entropy": 0.0}
{"scene": "R01", "epoch": 35, "epochs": 50, "step": 126, "steps_per_epoch": 912, "elapsed_seconds": 5244.347547010984, "gradient_norm": 0.35313212871551514, "peak_gb": 13.545200128, "loss": 0.006035019643604755, "reconstruction": 0.0008648739894852042, "period": 0.25850728154182434, "entropy": 0.0}
{"scene": "R01", "epoch": 35, "epochs": 50, "step": 151, "steps_per_epoch": 912, "elapsed_seconds": 5248.51328330487, "gradient_norm": 0.056079912930727005, "peak_gb": 13.545200128, "loss": 0.0016071518184617162, "reconstruction": 0.0008372394368052483, "period": 0.03849561884999275, "entropy": 0.0}
{"scene": "R01", "epoch": 35, "epochs": 50, "step": 176, "steps_per_epoch": 912, "elapsed_seconds": 5252.6802487589885, "gradient_norm": 0.13848447799682617, "peak_gb": 13.545200128, "loss": 0.0028675361536443233, "reconstruction": 0.0012552712578326464, "period": 0.08061324059963226, "entropy": 0.0}
{"scene": "R01", "epoch": 35, "epochs": 50, "step": 201, "steps_per_epoch": 912, "elapsed_seconds": 5256.846618813928, "gradient_norm": 0.06027963012456894, "peak_gb": 13.545200128, "loss": 0.001985297305509448, "reconstruction": 0.0008064581779763103, "period": 0.058941956609487534, "entropy": 0.0}
{"scene": "R01", "epoch": 35, "epochs": 50, "step": 226, "steps_per_epoch": 912, "elapsed_seconds": 5261.0131811928, "gradient_norm": 0.24668048322200775, "peak_gb": 13.545200128, "loss": 0.0032113599590957165, "reconstruction": 0.0012474005343392491, "period": 0.09819797426462173, "entropy": 0.0}
{"scene": "R01", "epoch": 35, "epochs": 50, "step": 251, "steps_per_epoch": 912, "elapsed_seconds": 5265.178537982982, "gradient_norm": 0.3141135573387146, "peak_gb": 13.545200128, "loss": 0.007505742833018303, "reconstruction": 0.0009684713440947235, "period": 0.3268635869026184, "entropy": 0.0}
{"scene": "R01", "epoch": 35, "epochs": 50, "step": 276, "steps_per_epoch": 912, "elapsed_seconds": 5269.347055102, "gradient_norm": 0.14923495054244995, "peak_gb": 13.545200128, "loss": 0.005926147103309631, "reconstruction": 0.001300059026107192, "period": 0.23130440711975098, "entropy": 0.0}
{"scene": "R01", "epoch": 35, "epochs": 50, "step": 301, "steps_per_epoch": 912, "elapsed_seconds": 5273.526040897006, "gradient_norm": 0.3527453541755676, "peak_gb": 13.545200128, "loss": 0.007881115190684795, "reconstruction": 0.0014171740040183067, "period": 0.32319706678390503, "entropy": 0.0}
{"scene": "R01", "epoch": 35, "epochs": 50, "step": 326, "steps_per_epoch": 912, "elapsed_seconds": 5277.705904119881, "gradient_norm": 0.10250838100910187, "peak_gb": 13.545200128, "loss": 0.002817434724420309, "reconstruction": 0.0008908822201192379, "period": 0.09632763266563416, "entropy": 0.0}
{"scene": "R01", "epoch": 35, "epochs": 50, "step": 351, "steps_per_epoch": 912, "elapsed_seconds": 5281.88065932598, "gradient_norm": 0.6580924391746521, "peak_gb": 13.545200128, "loss": 0.01752309314906597, "reconstruction": 0.0012164743384346366, "period": 0.8153309226036072, "entropy": 0.0}
{"scene": "R01", "epoch": 35, "epochs": 50, "step": 376, "steps_per_epoch": 912, "elapsed_seconds": 5286.048290425912, "gradient_norm": 0.16499055922031403, "peak_gb": 13.545200128, "loss": 0.003277762094512582, "reconstruction": 0.00108605925925076, "period": 0.10958514362573624, "entropy": 0.0}
{"scene": "R01", "epoch": 35, "epochs": 50, "step": 401, "steps_per_epoch": 912, "elapsed_seconds": 5290.214667525841, "gradient_norm": 0.2381104826927185, "peak_gb": 13.545200128, "loss": 0.004981209058314562, "reconstruction": 0.0013399794697761536, "period": 0.18206147849559784, "entropy": 0.0}
{"scene": "R01", "epoch": 35, "epochs": 50, "step": 426, "steps_per_epoch": 912, "elapsed_seconds": 5294.381059777923, "gradient_norm": 0.4244575798511505, "peak_gb": 13.545200128, "loss": 0.011172977276146412, "reconstruction": 0.0012732455506920815, "period": 0.4949865937232971, "entropy": 0.0}
{"scene": "R01", "epoch": 35, "epochs": 50, "step": 451, "steps_per_epoch": 912, "elapsed_seconds": 5298.547355108894, "gradient_norm": 0.28552886843681335, "peak_gb": 13.545200128, "loss": 0.0057382588274776936, "reconstruction": 0.0008086845045909286, "period": 0.24647870659828186, "entropy": 0.0}
{"scene": "R01", "epoch": 35, "epochs": 50, "step": 476, "steps_per_epoch": 912, "elapsed_seconds": 5302.714714099886, "gradient_norm": 0.5466465353965759, "peak_gb": 13.545200128, "loss": 0.014540750533342361, "reconstruction": 0.0010322105372324586, "period": 0.6754270195960999, "entropy": 0.0}
{"scene": "R01", "epoch": 35, "epochs": 50, "step": 501, "steps_per_epoch": 912, "elapsed_seconds": 5306.879239571979, "gradient_norm": 0.09781327843666077, "peak_gb": 13.545200128, "loss": 0.003669675439596176, "reconstruction": 0.0019342865562066436, "period": 0.0867694541811943, "entropy": 0.0}
{"scene": "R01", "epoch": 35, "epochs": 50, "step": 526, "steps_per_epoch": 912, "elapsed_seconds": 5311.048396917991, "gradient_norm": 0.17818917334079742, "peak_gb": 13.545200128, "loss": 0.0031419412698596716, "reconstruction": 0.0009719668887555599, "period": 0.1084987223148346, "entropy": 0.0}
{"scene": "R01", "epoch": 35, "epochs": 50, "step": 551, "steps_per_epoch": 912, "elapsed_seconds": 5315.22865978186, "gradient_norm": 0.0978911891579628, "peak_gb": 13.545200128, "loss": 0.002429565414786339, "reconstruction": 0.0012992502888664603, "period": 0.05651574954390526, "entropy": 0.0}
{"scene": "R01", "epoch": 35, "epochs": 50, "step": 576, "steps_per_epoch": 912, "elapsed_seconds": 5319.403401560849, "gradient_norm": 0.03166281431913376, "peak_gb": 13.545200128, "loss": 0.0015171428676694632, "reconstruction": 0.0008518527611158788, "period": 0.03326450660824776, "entropy": 0.0}
{"scene": "R01", "epoch": 35, "epochs": 50, "step": 601, "steps_per_epoch": 912, "elapsed_seconds": 5323.581488410011, "gradient_norm": 0.2813337445259094, "peak_gb": 13.545200128, "loss": 0.005921422503888607, "reconstruction": 0.0015811296179890633, "period": 0.2170146405696869, "entropy": 0.0}
{"scene": "R01", "epoch": 35, "epochs": 50, "step": 626, "steps_per_epoch": 912, "elapsed_seconds": 5327.772555958945, "gradient_norm": 0.1980358064174652, "peak_gb": 13.545200128, "loss": 0.003317259717732668, "reconstruction": 0.0008304316434077919, "period": 0.12434139847755432, "entropy": 0.0}
{"scene": "R01", "epoch": 35, "epochs": 50, "step": 651, "steps_per_epoch": 912, "elapsed_seconds": 5331.949473369867, "gradient_norm": 0.35183754563331604, "peak_gb": 13.545200128, "loss": 0.007143745198845863, "reconstruction": 0.000851448392495513, "period": 0.31461483240127563, "entropy": 0.0}
{"scene": "R01", "epoch": 35, "epochs": 50, "step": 676, "steps_per_epoch": 912, "elapsed_seconds": 5336.133793107932, "gradient_norm": 0.1751847267150879, "peak_gb": 13.545200128, "loss": 0.003758720587939024, "reconstruction": 0.0013346377527341247, "period": 0.12120413780212402, "entropy": 0.0}
{"scene": "R01", "epoch": 35, "epochs": 50, "step": 701, "steps_per_epoch": 912, "elapsed_seconds": 5340.314000526909, "gradient_norm": 0.31544068455696106, "peak_gb": 13.545200128, "loss": 0.0055559054017066956, "reconstruction": 0.0016215031500905752, "period": 0.19672010838985443, "entropy": 0.0}
{"scene": "R01", "epoch": 35, "epochs": 50, "step": 726, "steps_per_epoch": 912, "elapsed_seconds": 5344.499643806834, "gradient_norm": 0.022145384922623634, "peak_gb": 13.545200128, "loss": 0.001210449612699449, "reconstruction": 0.0009707339922897518, "period": 0.011985782533884048, "entropy": 0.0}
{"scene": "R01", "epoch": 35, "epochs": 50, "step": 751, "steps_per_epoch": 912, "elapsed_seconds": 5348.665550617967, "gradient_norm": 0.29928454756736755, "peak_gb": 13.545200128, "loss": 0.007593582384288311, "reconstruction": 0.0011868065921589732, "period": 0.32033878564834595, "entropy": 0.0}
{"scene": "R01", "epoch": 35, "epochs": 50, "step": 776, "steps_per_epoch": 912, "elapsed_seconds": 5352.832980192965, "gradient_norm": 0.4320501983165741, "peak_gb": 13.545200128, "loss": 0.009486369788646698, "reconstruction": 0.0007896851166151464, "period": 0.43483424186706543, "entropy": 0.0}
{"scene": "R01", "epoch": 35, "epochs": 50, "step": 801, "steps_per_epoch": 912, "elapsed_seconds": 5357.013796065003, "gradient_norm": 0.36637240648269653, "peak_gb": 13.545200128, "loss": 0.014964810572564602, "reconstruction": 0.0008403323590755463, "period": 0.7062239050865173, "entropy": 0.0}
{"scene": "R01", "epoch": 35, "epochs": 50, "step": 826, "steps_per_epoch": 912, "elapsed_seconds": 5361.193064715015, "gradient_norm": 0.4605000913143158, "peak_gb": 13.545200128, "loss": 0.010429439134895802, "reconstruction": 0.0011030667228624225, "period": 0.46631860733032227, "entropy": 0.0}
{"scene": "R01", "epoch": 35, "epochs": 50, "step": 851, "steps_per_epoch": 912, "elapsed_seconds": 5365.362081392901, "gradient_norm": 0.502794623374939, "peak_gb": 13.545200128, "loss": 0.01467090006917715, "reconstruction": 0.0013568401336669922, "period": 0.6657029986381531, "entropy": 0.0}
{"scene": "R01", "epoch": 35, "epochs": 50, "step": 876, "steps_per_epoch": 912, "elapsed_seconds": 5369.528770878911, "gradient_norm": 0.35835105180740356, "peak_gb": 13.545200128, "loss": 0.007176486775279045, "reconstruction": 0.001040322589688003, "period": 0.306808203458786, "entropy": 0.0}
{"scene": "R01", "epoch": 35, "epochs": 50, "step": 901, "steps_per_epoch": 912, "elapsed_seconds": 5373.699675313896, "gradient_norm": 0.36141055822372437, "peak_gb": 13.545200128, "loss": 0.007875560782849789, "reconstruction": 0.0008436256321147084, "period": 0.35159677267074585, "entropy": 0.0}
{"epoch": 35, "steps": 912, "seconds": 152.2851255100686, "loss": 0.006519636404526976, "reconstruction": 0.0010892090238549077, "period": 0.27152137467821474, "entropy": 0.0}
{"scene": "R01", "epoch": 36, "epochs": 50, "step": 1, "steps_per_epoch": 912, "elapsed_seconds": 5384.624656402972, "gradient_norm": 0.5208651423454285, "peak_gb": 13.545200128, "loss": 0.015631739050149918, "reconstruction": 0.0012859217822551727, "period": 0.7172908782958984, "entropy": 0.0}
{"scene": "R01", "epoch": 36, "epochs": 50, "step": 26, "steps_per_epoch": 912, "elapsed_seconds": 5388.749306870857, "gradient_norm": 0.17284426093101501, "peak_gb": 13.545200128, "loss": 0.006721433252096176, "reconstruction": 0.0010189980966970325, "period": 0.28512176871299744, "entropy": 0.0}
{"scene": "R01", "epoch": 36, "epochs": 50, "step": 51, "steps_per_epoch": 912, "elapsed_seconds": 5392.88750635297, "gradient_norm": 0.25511106848716736, "peak_gb": 13.545200128, "loss": 0.0037074079737067223, "reconstruction": 0.0007676536915823817, "period": 0.1469877064228058, "entropy": 0.0}
{"scene": "R01", "epoch": 36, "epochs": 50, "step": 76, "steps_per_epoch": 912, "elapsed_seconds": 5397.0225740359165, "gradient_norm": 0.35457903146743774, "peak_gb": 13.545200128, "loss": 0.005567741580307484, "reconstruction": 0.0008891579927876592, "period": 0.23392918705940247, "entropy": 0.0}
{"scene": "R01", "epoch": 36, "epochs": 50, "step": 101, "steps_per_epoch": 912, "elapsed_seconds": 5401.157542205881, "gradient_norm": 0.37409669160842896, "peak_gb": 13.545200128, "loss": 0.007451812736690044, "reconstruction": 0.000978632248006761, "period": 0.3236590325832367, "entropy": 0.0}
{"scene": "R01", "epoch": 36, "epochs": 50, "step": 126, "steps_per_epoch": 912, "elapsed_seconds": 5405.294780098833, "gradient_norm": 0.25833290815353394, "peak_gb": 13.545200128, "loss": 0.0048881336115300655, "reconstruction": 0.0013072905130684376, "period": 0.17904216051101685, "entropy": 0.0}
{"scene": "R01", "epoch": 36, "epochs": 50, "step": 151, "steps_per_epoch": 912, "elapsed_seconds": 5409.444110438926, "gradient_norm": 0.4124506115913391, "peak_gb": 13.545200128, "loss": 0.006930268369615078, "reconstruction": 0.0012098040897399187, "period": 0.28602322936058044, "entropy": 0.0}
{"scene": "R01", "epoch": 36, "epochs": 50, "step": 176, "steps_per_epoch": 912, "elapsed_seconds": 5413.603032734012, "gradient_norm": 0.4623793363571167, "peak_gb": 13.545200128, "loss": 0.008267446421086788, "reconstruction": 0.0009102983167394996, "period": 0.3678573966026306, "entropy": 0.0}
{"scene": "R01", "epoch": 36, "epochs": 50, "step": 201, "steps_per_epoch": 912, "elapsed_seconds": 5417.7648905469105, "gradient_norm": 0.2726419270038605, "peak_gb": 13.545200128, "loss": 0.010036597959697247, "reconstruction": 0.0007865893421694636, "period": 0.4625004231929779, "entropy": 0.0}
{"scene": "R01", "epoch": 36, "epochs": 50, "step": 226, "steps_per_epoch": 912, "elapsed_seconds": 5421.9230785670225, "gradient_norm": 0.3413454294204712, "peak_gb": 13.545200128, "loss": 0.008170520886778831, "reconstruction": 0.0008897205698303878, "period": 0.3640400171279907, "entropy": 0.0}
{"scene": "R01", "epoch": 36, "epochs": 50, "step": 251, "steps_per_epoch": 912, "elapsed_seconds": 5426.085073878989, "gradient_norm": 0.1413145810365677, "peak_gb": 13.545200128, "loss": 0.002267718780785799, "reconstruction": 0.0008280386100523174, "period": 0.07198400795459747, "entropy": 0.0}
{"scene": "R01", "epoch": 36, "epochs": 50, "step": 276, "steps_per_epoch": 912, "elapsed_seconds": 5430.247459079837, "gradient_norm": 0.359730064868927, "peak_gb": 13.545200128, "loss": 0.0073360782116651535, "reconstruction": 0.0008560125133953989, "period": 0.32400327920913696, "entropy": 0.0}
{"scene": "R01", "epoch": 36, "epochs": 50, "step": 301, "steps_per_epoch": 912, "elapsed_seconds": 5434.418143037939, "gradient_norm": 0.6213228106498718, "peak_gb": 13.545200128, "loss": 0.021062500774860382, "reconstruction": 0.0012427312321960926, "period": 0.990988552570343, "entropy": 0.0}
{"scene": "R01", "epoch": 36, "epochs": 50, "step": 326, "steps_per_epoch": 912, "elapsed_seconds": 5438.585074456874, "gradient_norm": 0.3195419907569885, "peak_gb": 13.545200128, "loss": 0.014488914981484413, "reconstruction": 0.0017854215111583471, "period": 0.6351746916770935, "entropy": 0.0}
{"scene": "R01", "epoch": 36, "epochs": 50, "step": 351, "steps_per_epoch": 912, "elapsed_seconds": 5442.751550453948, "gradient_norm": 0.09368079155683517, "peak_gb": 13.545200128, "loss": 0.002857512328773737, "reconstruction": 0.0009145414223894477, "period": 0.09714855253696442, "entropy": 0.0}
{"scene": "R01", "epoch": 36, "epochs": 50, "step": 376, "steps_per_epoch": 912, "elapsed_seconds": 5446.917452141875, "gradient_norm": 0.27547162771224976, "peak_gb": 13.545200128, "loss": 0.008581171743571758, "reconstruction": 0.0008349408162757754, "period": 0.38731157779693604, "entropy": 0.0}
{"scene": "R01", "epoch": 36, "epochs": 50, "step": 401, "steps_per_epoch": 912, "elapsed_seconds": 5451.084273668937, "gradient_norm": 0.2410133332014084, "peak_gb": 13.545200128, "loss": 0.008783720433712006, "reconstruction": 0.0008066189475357533, "period": 0.3988551199436188, "entropy": 0.0}
{"scene": "R01", "epoch": 36, "epochs": 50, "step": 426, "steps_per_epoch": 912, "elapsed_seconds": 5455.250931242015, "gradient_norm": 0.41802868247032166, "peak_gb": 13.545200128, "loss": 0.01427969429641962, "reconstruction": 0.0007931003347039223, "period": 0.6743296980857849, "entropy": 0.0}
{"scene": "R01", "epoch": 36, "epochs": 50, "step": 451, "steps_per_epoch": 912, "elapsed_seconds": 5459.4185273789335, "gradient_norm": 0.1611064076423645, "peak_gb": 13.545200128, "loss": 0.002924947999417782, "reconstruction": 0.0010794326663017273, "period": 0.09227576851844788, "entropy": 0.0}
{"scene": "R01", "epoch": 36, "epochs": 50, "step": 476, "steps_per_epoch": 912, "elapsed_seconds": 5463.585431637941, "gradient_norm": 0.08237410336732864, "peak_gb": 13.545200128, "loss": 0.0023303756024688482, "reconstruction": 0.0012240948854014277, "period": 0.05531403422355652, "entropy": 0.0}
{"scene": "R01", "epoch": 36, "epochs": 50, "step": 501, "steps_per_epoch": 912, "elapsed_seconds": 5467.752830091864, "gradient_norm": 0.2493172585964203, "peak_gb": 13.545200128, "loss": 0.011672512628138065, "reconstruction": 0.0010068229166790843, "period": 0.5332844853401184, "entropy": 0.0}
{"scene": "R01", "epoch": 36, "epochs": 50, "step": 526, "steps_per_epoch": 912, "elapsed_seconds": 5471.918203794863, "gradient_norm": 0.11565062403678894, "peak_gb": 13.545200128, "loss": 0.002577414270490408, "reconstruction": 0.001445883885025978, "period": 0.056576523929834366, "entropy": 0.0}
{"scene": "R01", "epoch": 36, "epochs": 50, "step": 551, "steps_per_epoch": 912, "elapsed_seconds": 5476.087038476951, "gradient_norm": 0.40903133153915405, "peak_gb": 13.545200128, "loss": 0.010851746425032616, "reconstruction": 0.0016011798288673162, "period": 0.4625283479690552, "entropy": 0.0}
{"scene": "R01", "epoch": 36, "epochs": 50, "step": 576, "steps_per_epoch": 912, "elapsed_seconds": 5480.268900590017, "gradient_norm": 0.3587147891521454, "peak_gb": 13.545200128, "loss": 0.007030195090919733, "reconstruction": 0.0013403142802417278, "period": 0.2844940423965454, "entropy": 0.0}
{"scene": "R01", "epoch": 36, "epochs": 50, "step": 601, "steps_per_epoch": 912, "elapsed_seconds": 5484.44752025581, "gradient_norm": 0.3730908930301666, "peak_gb": 13.545200128, "loss": 0.007234868127852678, "reconstruction": 0.0007883912185207009, "period": 0.32232385873794556, "entropy": 0.0}
{"scene": "R01", "epoch": 36, "epochs": 50, "step": 626, "steps_per_epoch": 912, "elapsed_seconds": 5488.619113281835, "gradient_norm": 0.43807852268218994, "peak_gb": 13.545200128, "loss": 0.016737451776862144, "reconstruction": 0.0011828580172732472, "period": 0.7777296900749207, "entropy": 0.0}
{"scene": "R01", "epoch": 36, "epochs": 50, "step": 651, "steps_per_epoch": 912, "elapsed_seconds": 5492.799049269874, "gradient_norm": 0.44960522651672363, "peak_gb": 13.545200128, "loss": 0.011852485127747059, "reconstruction": 0.0009045725455507636, "period": 0.547395646572113, "entropy": 0.0}
{"scene": "R01", "epoch": 36, "epochs": 50, "step": 676, "steps_per_epoch": 912, "elapsed_seconds": 5496.999128600815, "gradient_norm": 0.05047693848609924, "peak_gb": 13.545200128, "loss": 0.0013090306892991066, "reconstruction": 0.0008854870684444904, "period": 0.021177183836698532, "entropy": 0.0}
{"scene": "R01", "epoch": 36, "epochs": 50, "step": 701, "steps_per_epoch": 912, "elapsed_seconds": 5501.183196156984, "gradient_norm": 0.172272726893425, "peak_gb": 13.545200128, "loss": 0.002223643008619547, "reconstruction": 0.0008193078683689237, "period": 0.07021675258874893, "entropy": 0.0}
{"scene": "R01", "epoch": 36, "epochs": 50, "step": 726, "steps_per_epoch": 912, "elapsed_seconds": 5505.3663784198, "gradient_norm": 0.333932101726532, "peak_gb": 13.545200128, "loss": 0.010569054633378983, "reconstruction": 0.001296509406529367, "period": 0.46362727880477905, "entropy": 0.0}
{"scene": "R01", "epoch": 36, "epochs": 50, "step": 751, "steps_per_epoch": 912, "elapsed_seconds": 5509.552541826852, "gradient_norm": 0.35333868861198425, "peak_gb": 13.545200128, "loss": 0.00789533369243145, "reconstruction": 0.0010883803479373455, "period": 0.3403477072715759, "entropy": 0.0}
{"scene": "R01", "epoch": 36, "epochs": 50, "step": 776, "steps_per_epoch": 912, "elapsed_seconds": 5513.735953934025, "gradient_norm": 0.6097111701965332, "peak_gb": 13.545200128, "loss": 0.022099148482084274, "reconstruction": 0.000868176226504147, "period": 1.0615485906600952, "entropy": 0.0}
{"scene": "R01", "epoch": 36, "epochs": 50, "step": 801, "steps_per_epoch": 912, "elapsed_seconds": 5517.902060886845, "gradient_norm": 0.36745187640190125, "peak_gb": 13.545200128, "loss": 0.023107316344976425, "reconstruction": 0.0012305191485211253, "period": 1.0938398838043213, "entropy": 0.0}
{"scene": "R01", "epoch": 36, "epochs": 50, "step": 826, "steps_per_epoch": 912, "elapsed_seconds": 5522.078410201939, "gradient_norm": 0.4074232578277588, "peak_gb": 13.545200128, "loss": 0.007374708075076342, "reconstruction": 0.0009300466626882553, "period": 0.32223308086395264, "entropy": 0.0}
{"scene": "R01", "epoch": 36, "epochs": 50, "step": 851, "steps_per_epoch": 912, "elapsed_seconds": 5526.253135481849, "gradient_norm": 0.05472079664468765, "peak_gb": 13.545200128, "loss": 0.0018235486932098866, "reconstruction": 0.0009169972036033869, "period": 0.045327574014663696, "entropy": 0.0}
{"scene": "R01", "epoch": 36, "epochs": 50, "step": 876, "steps_per_epoch": 912, "elapsed_seconds": 5530.427370752906, "gradient_norm": 0.3922492265701294, "peak_gb": 13.545200128, "loss": 0.008052411489188671, "reconstruction": 0.0011604895116761327, "period": 0.34459611773490906, "entropy": 0.0}
{"scene": "R01", "epoch": 36, "epochs": 50, "step": 901, "steps_per_epoch": 912, "elapsed_seconds": 5534.617367098806, "gradient_norm": 0.2769712805747986, "peak_gb": 13.545200128, "loss": 0.0036953373346477747, "reconstruction": 0.0011663602199405432, "period": 0.126448854804039, "entropy": 0.0}
{"epoch": 36, "steps": 912, "seconds": 152.06205752701499, "loss": 0.006691902908259132, "reconstruction": 0.0010875459928795688, "period": 0.28021785185576353, "entropy": 0.0}
{"scene": "R01", "epoch": 37, "epochs": 50, "step": 1, "steps_per_epoch": 912, "elapsed_seconds": 5536.697589559015, "gradient_norm": 0.3072040379047394, "peak_gb": 13.545200128, "loss": 0.004552374593913555, "reconstruction": 0.0013794058468192816, "period": 0.15864843130111694, "entropy": 0.0}
{"scene": "R01", "epoch": 37, "epochs": 50, "step": 26, "steps_per_epoch": 912, "elapsed_seconds": 5540.871425858, "gradient_norm": 0.241682767868042, "peak_gb": 13.545200128, "loss": 0.00573254469782114, "reconstruction": 0.0008083601715043187, "period": 0.24620923399925232, "entropy": 0.0}
{"scene": "R01", "epoch": 37, "epochs": 50, "step": 51, "steps_per_epoch": 912, "elapsed_seconds": 5545.052858760813, "gradient_norm": 0.0895700603723526, "peak_gb": 13.545200128, "loss": 0.0030719623900949955, "reconstruction": 0.0015905298059806228, "period": 0.07407163083553314, "entropy": 0.0}
{"scene": "R01", "epoch": 37, "epochs": 50, "step": 76, "steps_per_epoch": 912, "elapsed_seconds": 5549.223112107953, "gradient_norm": 0.42290669679641724, "peak_gb": 13.545200128, "loss": 0.005943845026195049, "reconstruction": 0.0008414771291427314, "period": 0.25511839985847473, "entropy": 0.0}
{"scene": "R01", "epoch": 37, "epochs": 50, "step": 101, "steps_per_epoch": 912, "elapsed_seconds": 5553.408604173921, "gradient_norm": 0.33283519744873047, "peak_gb": 13.545200128, "loss": 0.004799440503120422, "reconstruction": 0.0008482593111693859, "period": 0.19755905866622925, "entropy": 0.0}
{"scene": "R01", "epoch": 37, "epochs": 50, "step": 126, "steps_per_epoch": 912, "elapsed_seconds": 5557.587169097969, "gradient_norm": 0.09544520080089569, "peak_gb": 13.545200128, "loss": 0.003186242189258337, "reconstruction": 0.0018715285696089268, "period": 0.06573569029569626, "entropy": 0.0}
{"scene": "R01", "epoch": 37, "epochs": 50, "step": 151, "steps_per_epoch": 912, "elapsed_seconds": 5561.754530972801, "gradient_norm": 0.15901710093021393, "peak_gb": 13.545200128, "loss": 0.003643462900072336, "reconstruction": 0.0009343060664832592, "period": 0.135457843542099, "entropy": 0.0}
{"scene": "R01", "epoch": 37, "epochs": 50, "step": 176, "steps_per_epoch": 912, "elapsed_seconds": 5565.920661581913, "gradient_norm": 0.30712422728538513, "peak_gb": 13.545200128, "loss": 0.0056597450748085976, "reconstruction": 0.0012989412061870098, "period": 0.21804019808769226, "entropy": 0.0}
{"scene": "R01", "epoch": 37, "epochs": 50, "step": 201, "steps_per_epoch": 912, "elapsed_seconds": 5570.089726698818, "gradient_norm": 0.314251571893692, "peak_gb": 13.545200128, "loss": 0.004785405471920967, "reconstruction": 0.0010459108743816614, "period": 0.18697471916675568, "entropy": 0.0}
{"scene": "R01", "epoch": 37, "epochs": 50, "step": 226, "steps_per_epoch": 912, "elapsed_seconds": 5574.25369665795, "gradient_norm": 0.33384254574775696, "peak_gb": 13.545200128, "loss": 0.006618984043598175, "reconstruction": 0.001156606012955308, "period": 0.27311891317367554, "entropy": 0.0}
{"scene": "R01", "epoch": 37, "epochs": 50, "step": 251, "steps_per_epoch": 912, "elapsed_seconds": 5578.4509804558475, "gradient_norm": 0.37705931067466736, "peak_gb": 13.545200128, "loss": 0.007036810740828514, "reconstruction": 0.0009448407217860222, "period": 0.30459851026535034, "entropy": 0.0}
{"scene": "R01", "epoch": 37, "epochs": 50, "step": 276, "steps_per_epoch": 912, "elapsed_seconds": 5582.620393957011, "gradient_norm": 0.46818965673446655, "peak_gb": 13.545200128, "loss": 0.013712424784898758, "reconstruction": 0.0016865155193954706, "period": 0.6012954711914062, "entropy": 0.0}
{"scene": "R01", "epoch": 37, "epochs": 50, "step": 301, "steps_per_epoch": 912, "elapsed_seconds": 5586.7873962188605, "gradient_norm": 0.06651370227336884, "peak_gb": 13.545200128, "loss": 0.001790274865925312, "reconstruction": 0.0008959523402154446, "period": 0.04471612721681595, "entropy": 0.0}
{"scene": "R01", "epoch": 37, "epochs": 50, "step": 326, "steps_per_epoch": 912, "elapsed_seconds": 5590.952951690881, "gradient_norm": 0.04491112753748894, "peak_gb": 13.545200128, "loss": 0.001990351127460599, "reconstruction": 0.0013045223895460367, "period": 0.03429143875837326, "entropy": 0.0}
{"scene": "R01", "epoch": 37, "epochs": 50, "step": 351, "steps_per_epoch": 912, "elapsed_seconds": 5595.120281872805, "gradient_norm": 0.07055474817752838, "peak_gb": 13.545200128, "loss": 0.0018347806762903929, "reconstruction": 0.0010332729434594512, "period": 0.0400753915309906, "entropy": 0.0}
{"scene": "R01", "epoch": 37, "epochs": 50, "step": 376, "steps_per_epoch": 912, "elapsed_seconds": 5599.287198683014, "gradient_norm": 0.2776319086551666, "peak_gb": 13.545200128, "loss": 0.0050074150785803795, "reconstruction": 0.0007689337944611907, "period": 0.21192406117916107, "entropy": 0.0}
{"scene": "R01", "epoch": 37, "epochs": 50, "step": 401, "steps_per_epoch": 912, "elapsed_seconds": 5603.467909959843, "gradient_norm": 0.06258221715688705, "peak_gb": 13.545200128, "loss": 0.002089059678837657, "reconstruction": 0.001121158478781581, "period": 0.0483950600028038, "entropy": 0.0}
{"scene": "R01", "epoch": 37, "epochs": 50, "step": 426, "steps_per_epoch": 912, "elapsed_seconds": 5607.638381892815, "gradient_norm": 0.3919883966445923, "peak_gb": 13.545200128, "loss": 0.01398974284529686, "reconstruction": 0.000880804262124002, "period": 0.6554469466209412, "entropy": 0.0}
{"scene": "R01", "epoch": 37, "epochs": 50, "step": 451, "steps_per_epoch": 912, "elapsed_seconds": 5611.815749689937, "gradient_norm": 0.32769975066185, "peak_gb": 13.545200128, "loss": 0.0070262448862195015, "reconstruction": 0.0008640309679321945, "period": 0.30811071395874023, "entropy": 0.0}
{"scene": "R01", "epoch": 37, "epochs": 50, "step": 476, "steps_per_epoch": 912, "elapsed_seconds": 5616.0023170839995, "gradient_norm": 0.15149728953838348, "peak_gb": 13.545200128, "loss": 0.0024453597143292427, "reconstruction": 0.0008185121696442366, "period": 0.08134238421916962, "entropy": 0.0}
{"scene": "R01", "epoch": 37, "epochs": 50, "step": 501, "steps_per_epoch": 912, "elapsed_seconds": 5620.171340344939, "gradient_norm": 0.3870910704135895, "peak_gb": 13.545200128, "loss": 0.009953180328011513, "reconstruction": 0.0008062222041189671, "period": 0.4573478698730469, "entropy": 0.0}
{"scene": "R01", "epoch": 37, "epochs": 50, "step": 526, "steps_per_epoch": 912, "elapsed_seconds": 5624.338530738838, "gradient_norm": 0.22532330453395844, "peak_gb": 13.545200128, "loss": 0.00466196658089757, "reconstruction": 0.0009410035563632846, "period": 0.18604815006256104, "entropy": 0.0}
{"scene": "R01", "epoch": 37, "epochs": 50, "step": 551, "steps_per_epoch": 912, "elapsed_seconds": 5628.508687198861, "gradient_norm": 0.18365541100502014, "peak_gb": 13.545200128, "loss": 0.0025334651581943035, "reconstruction": 0.0008909781463444233, "period": 0.08212434500455856, "entropy": 0.0}
{"scene": "R01", "epoch": 37, "epochs": 50, "step": 576, "steps_per_epoch": 912, "elapsed_seconds": 5632.720998861827, "gradient_norm": 0.08163595199584961, "peak_gb": 13.545200128, "loss": 0.003204592037945986, "reconstruction": 0.0012160764308646321, "period": 0.0994257777929306, "entropy": 0.0}
{"scene": "R01", "epoch": 37, "epochs": 50, "step": 601, "steps_per_epoch": 912, "elapsed_seconds": 5636.88824922801, "gradient_norm": 0.4057201147079468, "peak_gb": 13.545200128, "loss": 0.011122438125312328, "reconstruction": 0.0008912293124012649, "period": 0.5115604400634766, "entropy": 0.0}
{"scene": "R01", "epoch": 37, "epochs": 50, "step": 626, "steps_per_epoch": 912, "elapsed_seconds": 5641.05487823789, "gradient_norm": 0.20789490640163422, "peak_gb": 13.545200128, "loss": 0.003186848247423768, "reconstruction": 0.0009124232456088066, "period": 0.11372125148773193, "entropy": 0.0}
{"scene": "R01", "epoch": 37, "epochs": 50, "step": 651, "steps_per_epoch": 912, "elapsed_seconds": 5645.220518823015, "gradient_norm": 0.2120322436094284, "peak_gb": 13.545200128, "loss": 0.0038685814943164587, "reconstruction": 0.000894404947757721, "period": 0.14870883524417877, "entropy": 0.0}
{"scene": "R01", "epoch": 37, "epochs": 50, "step": 676, "steps_per_epoch": 912, "elapsed_seconds": 5649.399238966871, "gradient_norm": 0.4454914927482605, "peak_gb": 13.545200128, "loss": 0.008116649463772774, "reconstruction": 0.0011771766003221273, "period": 0.34697362780570984, "entropy": 0.0}
{"scene": "R01", "epoch": 37, "epochs": 50, "step": 701, "steps_per_epoch": 912, "elapsed_seconds": 5653.567380107008, "gradient_norm": 0.13985256850719452, "peak_gb": 13.545200128, "loss": 0.004934452008455992, "reconstruction": 0.0009931931272149086, "period": 0.19706293940544128, "entropy": 0.0}
{"scene": "R01", "epoch": 37, "epochs": 50, "step": 726, "steps_per_epoch": 912, "elapsed_seconds": 5657.738211845979, "gradient_norm": 0.09345953911542892, "peak_gb": 13.545200128, "loss": 0.0041574458591639996, "reconstruction": 0.0008189192740246654, "period": 0.1669263392686844, "entropy": 0.0}
{"scene": "R01", "epoch": 37, "epochs": 50, "step": 751, "steps_per_epoch": 912, "elapsed_seconds": 5661.903888483997, "gradient_norm": 0.39777347445487976, "peak_gb": 13.545200128, "loss": 0.011847981251776218, "reconstruction": 0.0009518099250271916, "period": 0.544808566570282, "entropy": 0.0}
{"scene": "R01", "epoch": 37, "epochs": 50, "step": 776, "steps_per_epoch": 912, "elapsed_seconds": 5666.06745683495, "gradient_norm": 0.4308824837207794, "peak_gb": 13.545200128, "loss": 0.009887659922242165, "reconstruction": 0.0016729215858504176, "period": 0.41073691844940186, "entropy": 0.0}
{"scene": "R01", "epoch": 37, "epochs": 50, "step": 801, "steps_per_epoch": 912, "elapsed_seconds": 5670.233519885922, "gradient_norm": 0.2810540497303009, "peak_gb": 13.545200128, "loss": 0.0049155899323523045, "reconstruction": 0.0009029090288095176, "period": 0.20063406229019165, "entropy": 0.0}
{"scene": "R01", "epoch": 37, "epochs": 50, "step": 826, "steps_per_epoch": 912, "elapsed_seconds": 5674.40468994691, "gradient_norm": 0.3329108655452728, "peak_gb": 13.545200128, "loss": 0.007042913231998682, "reconstruction": 0.0018343054689466953, "period": 0.26043039560317993, "entropy": 0.0}
{"scene": "R01", "epoch": 37, "epochs": 50, "step": 851, "steps_per_epoch": 912, "elapsed_seconds": 5678.567271608859, "gradient_norm": 0.13400518894195557, "peak_gb": 13.545200128, "loss": 0.0028641209937632084, "reconstruction": 0.0011794865131378174, "period": 0.08423173427581787, "entropy": 0.0}
{"scene": "R01", "epoch": 37, "epochs": 50, "step": 876, "steps_per_epoch": 912, "elapsed_seconds": 5682.734248791821, "gradient_norm": 0.5368770360946655, "peak_gb": 13.545200128, "loss": 0.009783157147467136, "reconstruction": 0.0012576000299304724, "period": 0.42627784609794617, "entropy": 0.0}
{"scene": "R01", "epoch": 37, "epochs": 50, "step": 901, "steps_per_epoch": 912, "elapsed_seconds": 5686.900306578958, "gradient_norm": 0.16629646718502045, "peak_gb": 13.545200128, "loss": 0.004071345087140799, "reconstruction": 0.0015272860182449222, "period": 0.12720295786857605, "entropy": 0.0}
{"epoch": 37, "steps": 912, "seconds": 152.27913973899558, "loss": 0.006514468258262097, "reconstruction": 0.0010806567607097239, "period": 0.2716905817802048, "entropy": 0.0}
{"scene": "R01", "epoch": 38, "epochs": 50, "step": 1, "steps_per_epoch": 912, "elapsed_seconds": 5688.980487463996, "gradient_norm": 0.07110469043254852, "peak_gb": 13.545200128, "loss": 0.0017021982930600643, "reconstruction": 0.0007676202803850174, "period": 0.04672890156507492, "entropy": 0.0}
{"scene": "R01", "epoch": 38, "epochs": 50, "step": 26, "steps_per_epoch": 912, "elapsed_seconds": 5693.148478870979, "gradient_norm": 0.05239541456103325, "peak_gb": 13.545200128, "loss": 0.0018439025152474642, "reconstruction": 0.0011417147470638156, "period": 0.035109393298625946, "entropy": 0.0}
{"scene": "R01", "epoch": 38, "epochs": 50, "step": 51, "steps_per_epoch": 912, "elapsed_seconds": 5697.317460941849, "gradient_norm": 0.49080902338027954, "peak_gb": 13.545200128, "loss": 0.01882758177816868, "reconstruction": 0.0007392498664557934, "period": 0.9044166207313538, "entropy": 0.0}
{"scene": "R01", "epoch": 38, "epochs": 50, "step": 76, "steps_per_epoch": 912, "elapsed_seconds": 5701.483583349967, "gradient_norm": 0.6128574013710022, "peak_gb": 13.545200128, "loss": 0.018963996320962906, "reconstruction": 0.0013871158007532358, "period": 0.8788440823554993, "entropy": 0.0}
{"scene": "R01", "epoch": 38, "epochs": 50, "step": 101, "steps_per_epoch": 912, "elapsed_seconds": 5705.6563787919, "gradient_norm": 0.2495967149734497, "peak_gb": 13.545200128, "loss": 0.0062691690400242805, "reconstruction": 0.000989559106528759, "period": 0.263980507850647, "entropy": 0.0}
{"scene": "R01", "epoch": 38, "epochs": 50, "step": 126, "steps_per_epoch": 912, "elapsed_seconds": 5709.823048995808, "gradient_norm": 0.4529551863670349, "peak_gb": 13.545200128, "loss": 0.008308526128530502, "reconstruction": 0.0015182392671704292, "period": 0.3395143449306488, "entropy": 0.0}
{"scene": "R01", "epoch": 38, "epochs": 50, "step": 151, "steps_per_epoch": 912, "elapsed_seconds": 5713.984542132821, "gradient_norm": 0.20981624722480774, "peak_gb": 13.545200128, "loss": 0.006077189929783344, "reconstruction": 0.0010416776640340686, "period": 0.2517756223678589, "entropy": 0.0}
{"scene": "R01", "epoch": 38, "epochs": 50, "step": 176, "steps_per_epoch": 912, "elapsed_seconds": 5718.149559754878, "gradient_norm": 0.23420681059360504, "peak_gb": 13.545200128, "loss": 0.004757389426231384, "reconstruction": 0.001097099855542183, "period": 0.18301448225975037, "entropy": 0.0}
{"scene": "R01", "epoch": 38, "epochs": 50, "step": 201, "steps_per_epoch": 912, "elapsed_seconds": 5722.3181744050235, "gradient_norm": 0.4249117076396942, "peak_gb": 13.545200128, "loss": 0.007650547660887241, "reconstruction": 0.002772171748802066, "period": 0.24391880631446838, "entropy": 0.0}
{"scene": "R01", "epoch": 38, "epochs": 50, "step": 226, "steps_per_epoch": 912, "elapsed_seconds": 5726.486295064911, "gradient_norm": 0.4852636158466339, "peak_gb": 13.545200128, "loss": 0.0171162448823452, "reconstruction": 0.0011511927004903555, "period": 0.7982526421546936, "entropy": 0.0}
{"scene": "R01", "epoch": 38, "epochs": 50, "step": 251, "steps_per_epoch": 912, "elapsed_seconds": 5730.6551871187985, "gradient_norm": 0.12669068574905396, "peak_gb": 13.545200128, "loss": 0.002130755688995123, "reconstruction": 0.0008731046691536903, "period": 0.06288255751132965, "entropy": 0.0}
{"scene": "R01", "epoch": 38, "epochs": 50, "step": 276, "steps_per_epoch": 912, "elapsed_seconds": 5734.822464440949, "gradient_norm": 0.30490991473197937, "peak_gb": 13.545200128, "loss": 0.004922796040773392, "reconstruction": 0.0011760636698454618, "period": 0.18733660876750946, "entropy": 0.0}
{"scene": "R01", "epoch": 38, "epochs": 50, "step": 301, "steps_per_epoch": 912, "elapsed_seconds": 5738.989529334009, "gradient_norm": 0.16640374064445496, "peak_gb": 13.545200128, "loss": 0.002564080525189638, "reconstruction": 0.0012598205357789993, "period": 0.06521299481391907, "entropy": 0.0}
{"scene": "R01", "epoch": 38, "epochs": 50, "step": 326, "steps_per_epoch": 912, "elapsed_seconds": 5743.157560587861, "gradient_norm": 0.3600924015045166, "peak_gb": 13.545200128, "loss": 0.011059384793043137, "reconstruction": 0.0008246400393545628, "period": 0.5117372274398804, "entropy": 0.0}
{"scene": "R01", "epoch": 38, "epochs": 50, "step": 351, "steps_per_epoch": 912, "elapsed_seconds": 5747.324077619007, "gradient_norm": 0.11818617582321167, "peak_gb": 13.545200128, "loss": 0.0021676025353372097, "reconstruction": 0.00080419349251315, "period": 0.0681704580783844, "entropy": 0.0}
{"scene": "R01", "epoch": 38, "epochs": 50, "step": 376, "steps_per_epoch": 912, "elapsed_seconds": 5751.493870802922, "gradient_norm": 0.2999601662158966, "peak_gb": 13.545200128, "loss": 0.0033888332545757294, "reconstruction": 0.0008332784054800868, "period": 0.12777775526046753, "entropy": 0.0}
{"scene": "R01", "epoch": 38, "epochs": 50, "step": 401, "steps_per_epoch": 912, "elapsed_seconds": 5755.656199872959, "gradient_norm": 0.17167672514915466, "peak_gb": 13.545200128, "loss": 0.003563178237527609, "reconstruction": 0.0009508839575573802, "period": 0.1306147277355194, "entropy": 0.0}
{"scene": "R01", "epoch": 38, "epochs": 50, "step": 426, "steps_per_epoch": 912, "elapsed_seconds": 5759.824025468901, "gradient_norm": 0.4178476929664612, "peak_gb": 13.545200128, "loss": 0.007883639074862003, "reconstruction": 0.0012006738688796759, "period": 0.33414825797080994, "entropy": 0.0}
{"scene": "R01", "epoch": 38, "epochs": 50, "step": 451, "steps_per_epoch": 912, "elapsed_seconds": 5763.990078624804, "gradient_norm": 0.05907554551959038, "peak_gb": 13.545200128, "loss": 0.001991524361073971, "reconstruction": 0.0008498977404087782, "period": 0.05708133429288864, "entropy": 0.0}
{"scene": "R01", "epoch": 38, "epochs": 50, "step": 476, "steps_per_epoch": 912, "elapsed_seconds": 5768.157505577896, "gradient_norm": 0.0767955407500267, "peak_gb": 13.545200128, "loss": 0.002238218206912279, "reconstruction": 0.0012665906688198447, "period": 0.048581380397081375, "entropy": 0.0}
{"scene": "R01", "epoch": 38, "epochs": 50, "step": 501, "steps_per_epoch": 912, "elapsed_seconds": 5772.324153151829, "gradient_norm": 0.5699941515922546, "peak_gb": 13.545200128, "loss": 0.013711683452129364, "reconstruction": 0.001237630844116211, "period": 0.6237026453018188, "entropy": 0.0}
{"scene": "R01", "epoch": 38, "epochs": 50, "step": 526, "steps_per_epoch": 912, "elapsed_seconds": 5776.490202728892, "gradient_norm": 0.20235979557037354, "peak_gb": 13.545200128, "loss": 0.005958947818726301, "reconstruction": 0.0007696733810007572, "period": 0.25946372747421265, "entropy": 0.0}
{"scene": "R01", "epoch": 38, "epochs": 50, "step": 551, "steps_per_epoch": 912, "elapsed_seconds": 5780.658643980976, "gradient_norm": 0.05102410539984703, "peak_gb": 13.545200128, "loss": 0.0018868331098929048, "reconstruction": 0.0011750359553843737, "period": 0.03558985888957977, "entropy": 0.0}
{"scene": "R01", "epoch": 38, "epochs": 50, "step": 576, "steps_per_epoch": 912, "elapsed_seconds": 5784.823055507848, "gradient_norm": 0.2921653985977173, "peak_gb": 13.545200128, "loss": 0.0060453638434410095, "reconstruction": 0.001064911251887679, "period": 0.24902263283729553, "entropy": 0.0}
{"scene": "R01", "epoch": 38, "epochs": 50, "step": 601, "steps_per_epoch": 912, "elapsed_seconds": 5788.989996280987, "gradient_norm": 0.2816849946975708, "peak_gb": 13.545200128, "loss": 0.006711879745125771, "reconstruction": 0.0009421771392226219, "period": 0.2884851396083832, "entropy": 0.0}
{"scene": "R01", "epoch": 38, "epochs": 50, "step": 626, "steps_per_epoch": 912, "elapsed_seconds": 5793.156750730006, "gradient_norm": 0.3003799319267273, "peak_gb": 13.545200128, "loss": 0.006058546714484692, "reconstruction": 0.0011234434787184, "period": 0.2467551827430725, "entropy": 0.0}
{"scene": "R01", "epoch": 38, "epochs": 50, "step": 651, "steps_per_epoch": 912, "elapsed_seconds": 5797.324192291824, "gradient_norm": 0.43706607818603516, "peak_gb": 13.545200128, "loss": 0.013356695882976055, "reconstruction": 0.0008317592437379062, "period": 0.6262468099594116, "entropy": 0.0}
{"scene": "R01", "epoch": 38, "epochs": 50, "step": 676, "steps_per_epoch": 912, "elapsed_seconds": 5801.491914020851, "gradient_norm": 0.4585648477077484, "peak_gb": 13.545200128, "loss": 0.0110582634806633, "reconstruction": 0.0009994364809244871, "period": 0.502941370010376, "entropy": 0.0}
{"scene": "R01", "epoch": 38, "epochs": 50, "step": 701, "steps_per_epoch": 912, "elapsed_seconds": 5805.656963791931, "gradient_norm": 0.1692945659160614, "peak_gb": 13.545200128, "loss": 0.0030801293905824423, "reconstruction": 0.0007685835007578135, "period": 0.11557729542255402, "entropy": 0.0}
{"scene": "R01", "epoch": 38, "epochs": 50, "step": 726, "steps_per_epoch": 912, "elapsed_seconds": 5809.824173931964, "gradient_norm": 0.18660680949687958, "peak_gb": 13.545200128, "loss": 0.0035449862480163574, "reconstruction": 0.0011773392325267196, "period": 0.11838235706090927, "entropy": 0.0}
{"scene": "R01", "epoch": 38, "epochs": 50, "step": 751, "steps_per_epoch": 912, "elapsed_seconds": 5813.992031849921, "gradient_norm": 0.27009251713752747, "peak_gb": 13.545200128, "loss": 0.00720983138307929, "reconstruction": 0.0011833932949230075, "period": 0.3013218939304352, "entropy": 0.0}
{"scene": "R01", "epoch": 38, "epochs": 50, "step": 776, "steps_per_epoch": 912, "elapsed_seconds": 5818.158613791922, "gradient_norm": 0.2644881308078766, "peak_gb": 13.545200128, "loss": 0.004917369689792395, "reconstruction": 0.0009531361283734441, "period": 0.1982116997241974, "entropy": 0.0}
{"scene": "R01", "epoch": 38, "epochs": 50, "step": 801, "steps_per_epoch": 912, "elapsed_seconds": 5822.320404813858, "gradient_norm": 0.2917044758796692, "peak_gb": 13.545200128, "loss": 0.008510892279446125, "reconstruction": 0.0012943450128659606, "period": 0.36082738637924194, "entropy": 0.0}
{"scene": "R01", "epoch": 38, "epochs": 50, "step": 826, "steps_per_epoch": 912, "elapsed_seconds": 5826.486800317885, "gradient_norm": 0.3105573356151581, "peak_gb": 13.545200128, "loss": 0.0050025139935314655, "reconstruction": 0.0009288958972319961, "period": 0.20368090271949768, "entropy": 0.0}
{"scene": "R01", "epoch": 38, "epochs": 50, "step": 851, "steps_per_epoch": 912, "elapsed_seconds": 5830.653892382979, "gradient_norm": 0.27388718724250793, "peak_gb": 13.545200128, "loss": 0.007771258242428303, "reconstruction": 0.0012734467163681984, "period": 0.3248905837535858, "entropy": 0.0}
{"scene": "R01", "epoch": 38, "epochs": 50, "step": 876, "steps_per_epoch": 912, "elapsed_seconds": 5834.824713750975, "gradient_norm": 0.3717772662639618, "peak_gb": 13.545200128, "loss": 0.00671691820025444, "reconstruction": 0.0007655429653823376, "period": 0.29756876826286316, "entropy": 0.0}
{"scene": "R01", "epoch": 38, "epochs": 50, "step": 901, "steps_per_epoch": 912, "elapsed_seconds": 5838.993137477897, "gradient_norm": 0.47782182693481445, "peak_gb": 13.545200128, "loss": 0.007982563227415085, "reconstruction": 0.0008250956307165325, "period": 0.3578733801841736, "entropy": 0.0}
{"epoch": 38, "steps": 912, "seconds": 152.0887527288869, "loss": 0.005951247778476069, "reconstruction": 0.0010652714842300363, "period": 0.2442988199324821, "entropy": 0.0}
{"scene": "R01", "epoch": 39, "epochs": 50, "step": 1, "steps_per_epoch": 912, "elapsed_seconds": 5841.072059820872, "gradient_norm": 0.08892995119094849, "peak_gb": 13.545200128, "loss": 0.0024964867625385523, "reconstruction": 0.0012951879762113094, "period": 0.06006494164466858, "entropy": 0.0}
{"scene": "R01", "epoch": 39, "epochs": 50, "step": 26, "steps_per_epoch": 912, "elapsed_seconds": 5845.237490633968, "gradient_norm": 0.20433150231838226, "peak_gb": 13.545200128, "loss": 0.0031770658679306507, "reconstruction": 0.001008516293950379, "period": 0.10842747986316681, "entropy": 0.0}
{"scene": "R01", "epoch": 39, "epochs": 50, "step": 51, "steps_per_epoch": 912, "elapsed_seconds": 5849.407172543928, "gradient_norm": 0.060239970684051514, "peak_gb": 13.545200128, "loss": 0.001973717473447323, "reconstruction": 0.000856396509334445, "period": 0.0558660551905632, "entropy": 0.0}
{"scene": "R01", "epoch": 39, "epochs": 50, "step": 76, "steps_per_epoch": 912, "elapsed_seconds": 5853.581483922899, "gradient_norm": 0.1158754751086235, "peak_gb": 13.545200128, "loss": 0.0028470514807850122, "reconstruction": 0.0011031865142285824, "period": 0.08719325065612793, "entropy": 0.0}
{"scene": "R01", "epoch": 39, "epochs": 50, "step": 101, "steps_per_epoch": 912, "elapsed_seconds": 5857.756047913805, "gradient_norm": 0.49952438473701477, "peak_gb": 13.545200128, "loss": 0.011396307498216629, "reconstruction": 0.0008815745823085308, "period": 0.5257366895675659, "entropy": 0.0}
{"scene": "R01", "epoch": 39, "epochs": 50, "step": 126, "steps_per_epoch": 912, "elapsed_seconds": 5861.935064399848, "gradient_norm": 0.20258158445358276, "peak_gb": 13.545200128, "loss": 0.002922676969319582, "reconstruction": 0.001176159013994038, "period": 0.08732590079307556, "entropy": 0.0}
{"scene": "R01", "epoch": 39, "epochs": 50, "step": 151, "steps_per_epoch": 912, "elapsed_seconds": 5866.108534781961, "gradient_norm": 0.2703457772731781, "peak_gb": 13.545200128, "loss": 0.004195674788206816, "reconstruction": 0.000811171717941761, "period": 0.16922515630722046, "entropy": 0.0}
{"scene": "R01", "epoch": 39, "epochs": 50, "step": 176, "steps_per_epoch": 912, "elapsed_seconds": 5870.2760486269835, "gradient_norm": 0.04415293037891388, "peak_gb": 13.545200128, "loss": 0.0014863882679492235, "reconstruction": 0.0009327036677859724, "period": 0.027684226632118225, "entropy": 0.0}
{"scene": "R01", "epoch": 39, "epochs": 50, "step": 201, "steps_per_epoch": 912, "elapsed_seconds": 5874.440243073972, "gradient_norm": 0.42416900396347046, "peak_gb": 13.545200128, "loss": 0.02314973622560501, "reconstruction": 0.0009177197935059667, "period": 1.1116008758544922, "entropy": 0.0}
{"scene": "R01", "epoch": 39, "epochs": 50, "step": 226, "steps_per_epoch": 912, "elapsed_seconds": 5878.609379496891, "gradient_norm": 0.2981727719306946, "peak_gb": 13.545200128, "loss": 0.006197185255587101, "reconstruction": 0.0014182387385517359, "period": 0.23894734680652618, "entropy": 0.0}
{"scene": "R01", "epoch": 39, "epochs": 50, "step": 251, "steps_per_epoch": 912, "elapsed_seconds": 5882.776513953926, "gradient_norm": 0.23838546872138977, "peak_gb": 13.545200128, "loss": 0.0030515037942677736, "reconstruction": 0.0007524373941123486, "period": 0.11495332419872284, "entropy": 0.0}
{"scene": "R01", "epoch": 39, "epochs": 50, "step": 276, "steps_per_epoch": 912, "elapsed_seconds": 5886.942877001828, "gradient_norm": 0.15085634589195251, "peak_gb": 13.545200128, "loss": 0.002784482203423977, "reconstruction": 0.0009277096251025796, "period": 0.09283863008022308, "entropy": 0.0}
{"scene": "R01", "epoch": 39, "epochs": 50, "step": 301, "steps_per_epoch": 912, "elapsed_seconds": 5891.110089205904, "gradient_norm": 0.17477372288703918, "peak_gb": 13.545200128, "loss": 0.003363353665918112, "reconstruction": 0.0012544200289994478, "period": 0.10544668138027191, "entropy": 0.0}
{"scene": "R01", "epoch": 39, "epochs": 50, "step": 326, "steps_per_epoch": 912, "elapsed_seconds": 5895.275695869932, "gradient_norm": 0.14600738883018494, "peak_gb": 13.545200128, "loss": 0.0031803944148123264, "reconstruction": 0.0014104678994044662, "period": 0.08849633485078812, "entropy": 0.0}
{"scene": "R01", "epoch": 39, "epochs": 50, "step": 351, "steps_per_epoch": 912, "elapsed_seconds": 5899.443697098875, "gradient_norm": 0.05670029670000076, "peak_gb": 13.545200128, "loss": 0.0016962916124612093, "reconstruction": 0.0007678798283450305, "period": 0.046420589089393616, "entropy": 0.0}
{"scene": "R01", "epoch": 39, "epochs": 50, "step": 376, "steps_per_epoch": 912, "elapsed_seconds": 5903.610618870007, "gradient_norm": 0.4625042974948883, "peak_gb": 13.545200128, "loss": 0.013137048110365868, "reconstruction": 0.0009499245206825435, "period": 0.609356164932251, "entropy": 0.0}
{"scene": "R01", "epoch": 39, "epochs": 50, "step": 401, "steps_per_epoch": 912, "elapsed_seconds": 5907.777407545829, "gradient_norm": 0.4049554169178009, "peak_gb": 13.545200128, "loss": 0.010256350971758366, "reconstruction": 0.0008743411744944751, "period": 0.4691005051136017, "entropy": 0.0}
{"scene": "R01", "epoch": 39, "epochs": 50, "step": 426, "steps_per_epoch": 912, "elapsed_seconds": 5911.9521241839975, "gradient_norm": 0.16684271395206451, "peak_gb": 13.545200128, "loss": 0.002934211166575551, "reconstruction": 0.0008650133386254311, "period": 0.10345989465713501, "entropy": 0.0}
{"scene": "R01", "epoch": 39, "epochs": 50, "step": 451, "steps_per_epoch": 912, "elapsed_seconds": 5916.130095408997, "gradient_norm": 0.509150505065918, "peak_gb": 13.545200128, "loss": 0.016407301649451256, "reconstruction": 0.0008903838461264968, "period": 0.7758459448814392, "entropy": 0.0}
{"scene": "R01", "epoch": 39, "epochs": 50, "step": 476, "steps_per_epoch": 912, "elapsed_seconds": 5920.293965097982, "gradient_norm": 0.10882889479398727, "peak_gb": 13.545200128, "loss": 0.0023243066389113665, "reconstruction": 0.0008805889519862831, "period": 0.07218588888645172, "entropy": 0.0}
{"scene": "R01", "epoch": 39, "epochs": 50, "step": 501, "steps_per_epoch": 912, "elapsed_seconds": 5924.471852493938, "gradient_norm": 0.4014034867286682, "peak_gb": 13.545200128, "loss": 0.0071838609874248505, "reconstruction": 0.0009768713498488069, "period": 0.3103494942188263, "entropy": 0.0}
{"scene": "R01", "epoch": 39, "epochs": 50, "step": 526, "steps_per_epoch": 912, "elapsed_seconds": 5928.64378614584, "gradient_norm": 0.10103899240493774, "peak_gb": 13.545200128, "loss": 0.0022379164583981037, "reconstruction": 0.0008381194202229381, "period": 0.06998986005783081, "entropy": 0.0}
{"scene": "R01", "epoch": 39, "epochs": 50, "step": 551, "steps_per_epoch": 912, "elapsed_seconds": 5932.810271926923, "gradient_norm": 0.41228941082954407, "peak_gb": 13.545200128, "loss": 0.006436554715037346, "reconstruction": 0.0009181777713820338, "period": 0.2759188413619995, "entropy": 0.0}
{"scene": "R01", "epoch": 39, "epochs": 50, "step": 576, "steps_per_epoch": 912, "elapsed_seconds": 5936.97768478794, "gradient_norm": 0.0752754881978035, "peak_gb": 13.545200128, "loss": 0.0026008314453065395, "reconstruction": 0.0016515947645530105, "period": 0.04746183380484581, "entropy": 0.0}
{"scene": "R01", "epoch": 39, "epochs": 50, "step": 601, "steps_per_epoch": 912, "elapsed_seconds": 5941.143503458938, "gradient_norm": 0.37121525406837463, "peak_gb": 13.545200128, "loss": 0.008269802667200565, "reconstruction": 0.0012004824820905924, "period": 0.3534660041332245, "entropy": 0.0}
{"scene": "R01", "epoch": 39, "epochs": 50, "step": 626, "steps_per_epoch": 912, "elapsed_seconds": 5945.308263208019, "gradient_norm": 0.25934988260269165, "peak_gb": 13.545200128, "loss": 0.0038656911347061396, "reconstruction": 0.0009557846933603287, "period": 0.14549532532691956, "entropy": 0.0}
{"scene": "R01", "epoch": 39, "epochs": 50, "step": 651, "steps_per_epoch": 912, "elapsed_seconds": 5949.477323103929, "gradient_norm": 0.4260704517364502, "peak_gb": 13.545200128, "loss": 0.009610412642359734, "reconstruction": 0.0015951715176925063, "period": 0.40076208114624023, "entropy": 0.0}
{"scene": "R01", "epoch": 39, "epochs": 50, "step": 676, "steps_per_epoch": 912, "elapsed_seconds": 5953.641805317951, "gradient_norm": 0.2664898633956909, "peak_gb": 13.545200128, "loss": 0.005405220203101635, "reconstruction": 0.0011419854126870632, "period": 0.21316175162792206, "entropy": 0.0}
{"scene": "R01", "epoch": 39, "epochs": 50, "step": 701, "steps_per_epoch": 912, "elapsed_seconds": 5957.811375541845, "gradient_norm": 0.042960651218891144, "peak_gb": 13.545200128, "loss": 0.001212526112794876, "reconstruction": 0.0008118117111735046, "period": 0.020035721361637115, "entropy": 0.0}
{"scene": "R01", "epoch": 39, "epochs": 50, "step": 726, "steps_per_epoch": 912, "elapsed_seconds": 5961.976615839871, "gradient_norm": 0.440164178609848, "peak_gb": 13.545200128, "loss": 0.00961826927959919, "reconstruction": 0.0009509966475889087, "period": 0.4333636164665222, "entropy": 0.0}
{"scene": "R01", "epoch": 39, "epochs": 50, "step": 751, "steps_per_epoch": 912, "elapsed_seconds": 5966.143781729974, "gradient_norm": 0.211400106549263, "peak_gb": 13.545200128, "loss": 0.0035783806815743446, "reconstruction": 0.001310545951128006, "period": 0.11339174211025238, "entropy": 0.0}
{"scene": "R01", "epoch": 39, "epochs": 50, "step": 776, "steps_per_epoch": 912, "elapsed_seconds": 5970.311808284838, "gradient_norm": 0.6685129404067993, "peak_gb": 13.545200128, "loss": 0.019726183265447617, "reconstruction": 0.001100280904211104, "period": 0.9312951564788818, "entropy": 0.0}
{"scene": "R01", "epoch": 39, "epochs": 50, "step": 801, "steps_per_epoch": 912, "elapsed_seconds": 5974.477982702898, "gradient_norm": 0.0565871000289917, "peak_gb": 13.545200128, "loss": 0.0022144587710499763, "reconstruction": 0.0013140871888026595, "period": 0.04501858353614807, "entropy": 0.0}
{"scene": "R01", "epoch": 39, "epochs": 50, "step": 826, "steps_per_epoch": 912, "elapsed_seconds": 5978.644603394903, "gradient_norm": 0.5164090394973755, "peak_gb": 13.545200128, "loss": 0.01902175322175026, "reconstruction": 0.0008649580995552242, "period": 0.9078397750854492, "entropy": 0.0}
{"scene": "R01", "epoch": 39, "epochs": 50, "step": 851, "steps_per_epoch": 912, "elapsed_seconds": 5982.811308949022, "gradient_norm": 0.29669710993766785, "peak_gb": 13.545200128, "loss": 0.005286963190883398, "reconstruction": 0.0011888517765328288, "period": 0.20490556955337524, "entropy": 0.0}
{"scene": "R01", "epoch": 39, "epochs": 50, "step": 876, "steps_per_epoch": 912, "elapsed_seconds": 5986.977001877967, "gradient_norm": 0.4432167708873749, "peak_gb": 13.545200128, "loss": 0.00794505886733532, "reconstruction": 0.000908543064724654, "period": 0.3518257737159729, "entropy": 0.0}
{"scene": "R01", "epoch": 39, "epochs": 50, "step": 901, "steps_per_epoch": 912, "elapsed_seconds": 5991.144441840937, "gradient_norm": 0.023682255297899246, "peak_gb": 13.545200128, "loss": 0.0013594496995210648, "reconstruction": 0.0011009604204446077, "period": 0.01292446255683899, "entropy": 0.0}
{"epoch": 39, "steps": 912, "seconds": 152.1538055469282, "loss": 0.006080724196197065, "reconstruction": 0.0010647275642105868, "period": 0.2507998376998952, "entropy": 0.0}
{"scene": "R01", "epoch": 40, "epochs": 50, "step": 1, "steps_per_epoch": 912, "elapsed_seconds": 5993.228623386007, "gradient_norm": 0.038850460201501846, "peak_gb": 13.545200128, "loss": 0.0015259056817740202, "reconstruction": 0.0011256521102041006, "period": 0.020012682303786278, "entropy": 0.0}
{"scene": "R01", "epoch": 40, "epochs": 50, "step": 26, "steps_per_epoch": 912, "elapsed_seconds": 5997.395607458893, "gradient_norm": 0.20536789298057556, "peak_gb": 13.545200128, "loss": 0.004646008368581533, "reconstruction": 0.0014811739092692733, "period": 0.15824173390865326, "entropy": 0.0}
{"scene": "R01", "epoch": 40, "epochs": 50, "step": 51, "steps_per_epoch": 912, "elapsed_seconds": 6001.561676388839, "gradient_norm": 0.30423450469970703, "peak_gb": 13.545200128, "loss": 0.005268873646855354, "reconstruction": 0.0014031040482223034, "period": 0.19328847527503967, "entropy": 0.0}
{"scene": "R01", "epoch": 40, "epochs": 50, "step": 76, "steps_per_epoch": 912, "elapsed_seconds": 6005.729368479922, "gradient_norm": 0.2821856737136841, "peak_gb": 13.545200128, "loss": 0.005926875863224268, "reconstruction": 0.00125500641297549, "period": 0.23359347879886627, "entropy": 0.0}
{"scene": "R01", "epoch": 40, "epochs": 50, "step": 101, "steps_per_epoch": 912, "elapsed_seconds": 6009.897884215927, "gradient_norm": 0.27356821298599243, "peak_gb": 13.545200128, "loss": 0.005252354312688112, "reconstruction": 0.0012189126573503017, "period": 0.20167209208011627, "entropy": 0.0}
{"scene": "R01", "epoch": 40, "epochs": 50, "step": 126, "steps_per_epoch": 912, "elapsed_seconds": 6014.087107451865, "gradient_norm": 0.3268773853778839, "peak_gb": 13.545200128, "loss": 0.006136836484074593, "reconstruction": 0.001357619883492589, "period": 0.23896081745624542, "entropy": 0.0}
{"scene": "R01", "epoch": 40, "epochs": 50, "step": 151, "steps_per_epoch": 912, "elapsed_seconds": 6018.257947980892, "gradient_norm": 0.16825157403945923, "peak_gb": 13.545200128, "loss": 0.0036435015499591827, "reconstruction": 0.001670853584073484, "period": 0.09863241016864777, "entropy": 0.0}
{"scene": "R01", "epoch": 40, "epochs": 50, "step": 176, "steps_per_epoch": 912, "elapsed_seconds": 6022.429035587935, "gradient_norm": 0.21489185094833374, "peak_gb": 13.545200128, "loss": 0.003502122825011611, "reconstruction": 0.0011086857412010431, "period": 0.11967185884714127, "entropy": 0.0}
{"scene": "R01", "epoch": 40, "epochs": 50, "step": 201, "steps_per_epoch": 912, "elapsed_seconds": 6026.595353649929, "gradient_norm": 0.21345937252044678, "peak_gb": 13.545200128, "loss": 0.005284294486045837, "reconstruction": 0.0011007641442120075, "period": 0.20917651057243347, "entropy": 0.0}
{"scene": "R01", "epoch": 40, "epochs": 50, "step": 226, "steps_per_epoch": 912, "elapsed_seconds": 6030.763197416905, "gradient_norm": 0.3962419331073761, "peak_gb": 13.545200128, "loss": 0.008526148274540901, "reconstruction": 0.0010704484302550554, "period": 0.3727850019931793, "entropy": 0.0}
{"scene": "R01", "epoch": 40, "epochs": 50, "step": 251, "steps_per_epoch": 912, "elapsed_seconds": 6034.938587846933, "gradient_norm": 0.07308319956064224, "peak_gb": 13.545200128, "loss": 0.002639279467985034, "reconstruction": 0.0014088258612900972, "period": 0.06152268126606941, "entropy": 0.0}
{"scene": "R01", "epoch": 40, "epochs": 50, "step": 276, "steps_per_epoch": 912, "elapsed_seconds": 6039.107707622927, "gradient_norm": 0.0419832319021225, "peak_gb": 13.545200128, "loss": 0.0017012304160743952, "reconstruction": 0.0011591236107051373, "period": 0.027105338871479034, "entropy": 0.0}
{"scene": "R01", "epoch": 40, "epochs": 50, "step": 301, "steps_per_epoch": 912, "elapsed_seconds": 6043.274567880901, "gradient_norm": 0.19057722389698029, "peak_gb": 13.545200128, "loss": 0.0029025222174823284, "reconstruction": 0.0008415555348619819, "period": 0.10304833948612213, "entropy": 0.0}
{"scene": "R01", "epoch": 40, "epochs": 50, "step": 326, "steps_per_epoch": 912, "elapsed_seconds": 6047.445838351967, "gradient_norm": 0.13201160728931427, "peak_gb": 13.545200128, "loss": 0.002307416405528784, "reconstruction": 0.0008520241244696081, "period": 0.07276961952447891, "entropy": 0.0}
{"scene": "R01", "epoch": 40, "epochs": 50, "step": 351, "steps_per_epoch": 912, "elapsed_seconds": 6051.612207987811, "gradient_norm": 0.12455286830663681, "peak_gb": 13.545200128, "loss": 0.0024185925722122192, "reconstruction": 0.0010232514468953013, "period": 0.069767065346241, "entropy": 0.0}
{"scene": "R01", "epoch": 40, "epochs": 50, "step": 376, "steps_per_epoch": 912, "elapsed_seconds": 6055.779609801015, "gradient_norm": 0.08518540114164352, "peak_gb": 13.545200128, "loss": 0.0018918007845059037, "reconstruction": 0.0009634260786697268, "period": 0.04641873762011528, "entropy": 0.0}
{"scene": "R01", "epoch": 40, "epochs": 50, "step": 401, "steps_per_epoch": 912, "elapsed_seconds": 6059.945622125873, "gradient_norm": 0.46249714493751526, "peak_gb": 13.545200128, "loss": 0.008204422891139984, "reconstruction": 0.000826336327008903, "period": 0.36890435218811035, "entropy": 0.0}
{"scene": "R01", "epoch": 40, "epochs": 50, "step": 426, "steps_per_epoch": 912, "elapsed_seconds": 6064.113238864811, "gradient_norm": 0.068828284740448, "peak_gb": 13.545200128, "loss": 0.0023174614179879427, "reconstruction": 0.0017146538011729717, "period": 0.030140385031700134, "entropy": 0.0}
{"scene": "R01", "epoch": 40, "epochs": 50, "step": 451, "steps_per_epoch": 912, "elapsed_seconds": 6068.279313098872, "gradient_norm": 0.46270957589149475, "peak_gb": 13.545200128, "loss": 0.013294363394379616, "reconstruction": 0.0012776809744536877, "period": 0.6008341312408447, "entropy": 0.0}
{"scene": "R01", "epoch": 40, "epochs": 50, "step": 476, "steps_per_epoch": 912, "elapsed_seconds": 6072.445838963846, "gradient_norm": 0.2642451822757721, "peak_gb": 13.545200128, "loss": 0.00421675993129611, "reconstruction": 0.0008781623910181224, "period": 0.16692988574504852, "entropy": 0.0}
{"scene": "R01", "epoch": 40, "epochs": 50, "step": 501, "steps_per_epoch": 912, "elapsed_seconds": 6076.609918639995, "gradient_norm": 0.591270387172699, "peak_gb": 13.545200128, "loss": 0.01398166362196207, "reconstruction": 0.0014567011967301369, "period": 0.6262481212615967, "entropy": 0.0}
{"scene": "R01", "epoch": 40, "epochs": 50, "step": 526, "steps_per_epoch": 912, "elapsed_seconds": 6080.780386544997, "gradient_norm": 0.07401780784130096, "peak_gb": 13.545200128, "loss": 0.0018033641390502453, "reconstruction": 0.0006966692162677646, "period": 0.05533474683761597, "entropy": 0.0}
{"scene": "R01", "epoch": 40, "epochs": 50, "step": 551, "steps_per_epoch": 912, "elapsed_seconds": 6084.94675343181, "gradient_norm": 0.11346229165792465, "peak_gb": 13.545200128, "loss": 0.002010673051699996, "reconstruction": 0.0007971789455041289, "period": 0.06067470833659172, "entropy": 0.0}
{"scene": "R01", "epoch": 40, "epochs": 50, "step": 576, "steps_per_epoch": 912, "elapsed_seconds": 6089.11376656685, "gradient_norm": 0.47210216522216797, "peak_gb": 13.545200128, "loss": 0.011564135551452637, "reconstruction": 0.0007318597054108977, "period": 0.5416138172149658, "entropy": 0.0}
{"scene": "R01", "epoch": 40, "epochs": 50, "step": 601, "steps_per_epoch": 912, "elapsed_seconds": 6093.28289792384, "gradient_norm": 0.04632518067955971, "peak_gb": 13.545200128, "loss": 0.0019063020590692759, "reconstruction": 0.0011134450323879719, "period": 0.039642855525016785, "entropy": 0.0}
{"scene": "R01", "epoch": 40, "epochs": 50, "step": 626, "steps_per_epoch": 912, "elapsed_seconds": 6097.45662706485, "gradient_norm": 0.2635767161846161, "peak_gb": 13.545200128, "loss": 0.0033539505675435066, "reconstruction": 0.0007796735735610127, "period": 0.12871386110782623, "entropy": 0.0}
{"scene": "R01", "epoch": 40, "epochs": 50, "step": 651, "steps_per_epoch": 912, "elapsed_seconds": 6101.630333903944, "gradient_norm": 0.43023744225502014, "peak_gb": 13.545200128, "loss": 0.009921456687152386, "reconstruction": 0.0009263793472200632, "period": 0.44975388050079346, "entropy": 0.0}
{"scene": "R01", "epoch": 40, "epochs": 50, "step": 676, "steps_per_epoch": 912, "elapsed_seconds": 6105.79744490399, "gradient_norm": 0.2573278248310089, "peak_gb": 13.545200128, "loss": 0.004679747857153416, "reconstruction": 0.0009556111763231456, "period": 0.1862068474292755, "entropy": 0.0}
{"scene": "R01", "epoch": 40, "epochs": 50, "step": 701, "steps_per_epoch": 912, "elapsed_seconds": 6109.964252281934, "gradient_norm": 0.136344775557518, "peak_gb": 13.545200128, "loss": 0.0024160745088011026, "reconstruction": 0.001068207435309887, "period": 0.06739335507154465, "entropy": 0.0}
{"scene": "R01", "epoch": 40, "epochs": 50, "step": 726, "steps_per_epoch": 912, "elapsed_seconds": 6114.13241568394, "gradient_norm": 0.3288481831550598, "peak_gb": 13.545200128, "loss": 0.006393556483089924, "reconstruction": 0.0011349058477208018, "period": 0.26293253898620605, "entropy": 0.0}
{"scene": "R01", "epoch": 40, "epochs": 50, "step": 751, "steps_per_epoch": 912, "elapsed_seconds": 6118.293111715931, "gradient_norm": 0.473591148853302, "peak_gb": 13.545200128, "loss": 0.007382380776107311, "reconstruction": 0.0010327554773539305, "period": 0.31748127937316895, "entropy": 0.0}
{"scene": "R01", "epoch": 40, "epochs": 50, "step": 776, "steps_per_epoch": 912, "elapsed_seconds": 6122.464714117814, "gradient_norm": 0.3429226875305176, "peak_gb": 13.545200128, "loss": 0.008894889615476131, "reconstruction": 0.0009186898241750896, "period": 0.3988099694252014, "entropy": 0.0}
{"scene": "R01", "epoch": 40, "epochs": 50, "step": 801, "steps_per_epoch": 912, "elapsed_seconds": 6126.630880055949, "gradient_norm": 0.12019219249486923, "peak_gb": 13.545200128, "loss": 0.0029266593046486378, "reconstruction": 0.0007857493474148214, "period": 0.1070454940199852, "entropy": 0.0}
{"scene": "R01", "epoch": 40, "epochs": 50, "step": 826, "steps_per_epoch": 912, "elapsed_seconds": 6130.7974146979395, "gradient_norm": 0.321725070476532, "peak_gb": 13.545200128, "loss": 0.004142242483794689, "reconstruction": 0.0009075640700757504, "period": 0.16173392534255981, "entropy": 0.0}
{"scene": "R01", "epoch": 40, "epochs": 50, "step": 851, "steps_per_epoch": 912, "elapsed_seconds": 6134.969021016965, "gradient_norm": 0.23910696804523468, "peak_gb": 13.545200128, "loss": 0.004844574257731438, "reconstruction": 0.0009077913127839565, "period": 0.19683915376663208, "entropy": 0.0}
{"scene": "R01", "epoch": 40, "epochs": 50, "step": 876, "steps_per_epoch": 912, "elapsed_seconds": 6139.147652462823, "gradient_norm": 0.6845161318778992, "peak_gb": 13.545200128, "loss": 0.020356222987174988, "reconstruction": 0.000791886996012181, "period": 0.978216826915741, "entropy": 0.0}
{"scene": "R01", "epoch": 40, "epochs": 50, "step": 901, "steps_per_epoch": 912, "elapsed_seconds": 6143.316247355891, "gradient_norm": 0.13759154081344604, "peak_gb": 13.545200128, "loss": 0.0022244295105338097, "reconstruction": 0.00086246058344841, "period": 0.06809844076633453, "entropy": 0.0}
{"epoch": 40, "steps": 912, "seconds": 152.1694638549816, "loss": 0.0056529413094195706, "reconstruction": 0.001049832710059331, "period": 0.23015543512373002, "entropy": 0.0}
{"scene": "R01", "epoch": 41, "epochs": 50, "step": 1, "steps_per_epoch": 912, "elapsed_seconds": 6152.115269270958, "gradient_norm": 0.48629701137542725, "peak_gb": 13.545200128, "loss": 0.016056206077337265, "reconstruction": 0.001157474471256137, "period": 0.7449365854263306, "entropy": 0.0}
{"scene": "R01", "epoch": 41, "epochs": 50, "step": 26, "steps_per_epoch": 912, "elapsed_seconds": 6156.249648225028, "gradient_norm": 0.12014000862836838, "peak_gb": 13.545200128, "loss": 0.003017813665792346, "reconstruction": 0.0008798222406767309, "period": 0.10689957439899445, "entropy": 0.0}
{"scene": "R01", "epoch": 41, "epochs": 50, "step": 51, "steps_per_epoch": 912, "elapsed_seconds": 6160.384742134949, "gradient_norm": 0.14253951609134674, "peak_gb": 13.545200128, "loss": 0.002683133352547884, "reconstruction": 0.0007510512368753552, "period": 0.0966041162610054, "entropy": 0.0}
{"scene": "R01", "epoch": 41, "epochs": 50, "step": 76, "steps_per_epoch": 912, "elapsed_seconds": 6164.531858268892, "gradient_norm": 0.4821159541606903, "peak_gb": 13.545200128, "loss": 0.009822268970310688, "reconstruction": 0.0012044815812259912, "period": 0.430889368057251, "entropy": 0.0}
{"scene": "R01", "epoch": 41, "epochs": 50, "step": 101, "steps_per_epoch": 912, "elapsed_seconds": 6168.6798923509195, "gradient_norm": 0.1500318944454193, "peak_gb": 13.545200128, "loss": 0.0028196778148412704, "reconstruction": 0.0009295140625908971, "period": 0.09450818598270416, "entropy": 0.0}
{"scene": "R01", "epoch": 41, "epochs": 50, "step": 126, "steps_per_epoch": 912, "elapsed_seconds": 6172.831536164973, "gradient_norm": 0.33126160502433777, "peak_gb": 13.545200128, "loss": 0.0073117902502417564, "reconstruction": 0.0010102881351485848, "period": 0.3150751292705536, "entropy": 0.0}
{"scene": "R01", "epoch": 41, "epochs": 50, "step": 151, "steps_per_epoch": 912, "elapsed_seconds": 6176.987358630868, "gradient_norm": 0.31850939989089966, "peak_gb": 13.545200128, "loss": 0.006003635935485363, "reconstruction": 0.0012098934967070818, "period": 0.23968711495399475, "entropy": 0.0}
{"scene": "R01", "epoch": 41, "epochs": 50, "step": 176, "steps_per_epoch": 912, "elapsed_seconds": 6181.138770734891, "gradient_norm": 0.34212738275527954, "peak_gb": 13.545200128, "loss": 0.0054367296397686005, "reconstruction": 0.0012530111707746983, "period": 0.20918592810630798, "entropy": 0.0}
{"scene": "R01", "epoch": 41, "epochs": 50, "step": 201, "steps_per_epoch": 912, "elapsed_seconds": 6185.308818093967, "gradient_norm": 0.15329566597938538, "peak_gb": 13.545200128, "loss": 0.0035113419871777296, "reconstruction": 0.0007618623203597963, "period": 0.13747398555278778, "entropy": 0.0}
{"scene": "R01", "epoch": 41, "epochs": 50, "step": 226, "steps_per_epoch": 912, "elapsed_seconds": 6189.476835537003, "gradient_norm": 0.051246996968984604, "peak_gb": 13.545200128, "loss": 0.0016707759350538254, "reconstruction": 0.0010363943874835968, "period": 0.03171908110380173, "entropy": 0.0}
{"scene": "R01", "epoch": 41, "epochs": 50, "step": 251, "steps_per_epoch": 912, "elapsed_seconds": 6193.643053325824, "gradient_norm": 0.09374328702688217, "peak_gb": 13.545200128, "loss": 0.0018816827796399593, "reconstruction": 0.0008253845735453069, "period": 0.05281491577625275, "entropy": 0.0}
{"scene": "R01", "epoch": 41, "epochs": 50, "step": 276, "steps_per_epoch": 912, "elapsed_seconds": 6197.814355344977, "gradient_norm": 0.15092286467552185, "peak_gb": 13.545200128, "loss": 0.0030895161908119917, "reconstruction": 0.001229149755090475, "period": 0.09301832318305969, "entropy": 0.0}
{"scene": "R01", "epoch": 41, "epochs": 50, "step": 301, "steps_per_epoch": 912, "elapsed_seconds": 6201.977066312917, "gradient_norm": 0.4969598352909088, "peak_gb": 13.545200128, "loss": 0.01223174761980772, "reconstruction": 0.0010592344915494323, "period": 0.5586256980895996, "entropy": 0.0}
{"scene": "R01", "epoch": 41, "epochs": 50, "step": 326, "steps_per_epoch": 912, "elapsed_seconds": 6206.150149974972, "gradient_norm": 0.31676745414733887, "peak_gb": 13.545200128, "loss": 0.007237276993691921, "reconstruction": 0.0007319804280996323, "period": 0.3252648413181305, "entropy": 0.0}
{"scene": "R01", "epoch": 41, "epochs": 50, "step": 351, "steps_per_epoch": 912, "elapsed_seconds": 6210.31725415797, "gradient_norm": 0.20398931205272675, "peak_gb": 13.545200128, "loss": 0.003525495296344161, "reconstruction": 0.001960683148354292, "period": 0.07824061065912247, "entropy": 0.0}
{"scene": "R01", "epoch": 41, "epochs": 50, "step": 376, "steps_per_epoch": 912, "elapsed_seconds": 6214.482513563009, "gradient_norm": 0.549472451210022, "peak_gb": 13.545200128, "loss": 0.00872076116502285, "reconstruction": 0.0010399033781141043, "period": 0.3840429186820984, "entropy": 0.0}
{"scene": "R01", "epoch": 41, "epochs": 50, "step": 401, "steps_per_epoch": 912, "elapsed_seconds": 6218.649651024025, "gradient_norm": 0.4076443314552307, "peak_gb": 13.545200128, "loss": 0.011915354058146477, "reconstruction": 0.0007453241269104183, "period": 0.5585014820098877, "entropy": 0.0}
{"scene": "R01", "epoch": 41, "epochs": 50, "step": 426, "steps_per_epoch": 912, "elapsed_seconds": 6222.816368712811, "gradient_norm": 0.21588248014450073, "peak_gb": 13.545200128, "loss": 0.0050417338497936726, "reconstruction": 0.0008327328832820058, "period": 0.21045005321502686, "entropy": 0.0}
{"scene": "R01", "epoch": 41, "epochs": 50, "step": 451, "steps_per_epoch": 912, "elapsed_seconds": 6226.984148090007, "gradient_norm": 0.311704158782959, "peak_gb": 13.545200128, "loss": 0.00808349996805191, "reconstruction": 0.0011492371559143066, "period": 0.3467131555080414, "entropy": 0.0}
{"scene": "R01", "epoch": 41, "epochs": 50, "step": 476, "steps_per_epoch": 912, "elapsed_seconds": 6231.150083950954, "gradient_norm": 0.29292118549346924, "peak_gb": 13.545200128, "loss": 0.005691317841410637, "reconstruction": 0.0011397660709917545, "period": 0.2275775820016861, "entropy": 0.0}
{"scene": "R01", "epoch": 41, "epochs": 50, "step": 501, "steps_per_epoch": 912, "elapsed_seconds": 6235.316525692819, "gradient_norm": 0.1573369950056076, "peak_gb": 13.545200128, "loss": 0.002258965978398919, "reconstruction": 0.0007936194888316095, "period": 0.07326732575893402, "entropy": 0.0}
{"scene": "R01", "epoch": 41, "epochs": 50, "step": 526, "steps_per_epoch": 912, "elapsed_seconds": 6239.4833902388345, "gradient_norm": 0.1973491907119751, "peak_gb": 13.545200128, "loss": 0.0036007254384458065, "reconstruction": 0.0010625532595440745, "period": 0.12690860033035278, "entropy": 0.0}
{"scene": "R01", "epoch": 41, "epochs": 50, "step": 551, "steps_per_epoch": 912, "elapsed_seconds": 6243.66361097293, "gradient_norm": 0.4673905074596405, "peak_gb": 13.545200128, "loss": 0.014163808897137642, "reconstruction": 0.0010947325499728322, "period": 0.6534538269042969, "entropy": 0.0}
{"scene": "R01", "epoch": 41, "epochs": 50, "step": 576, "steps_per_epoch": 912, "elapsed_seconds": 6247.83356362395, "gradient_norm": 0.1675262451171875, "peak_gb": 13.545200128, "loss": 0.002874156692996621, "reconstruction": 0.0009190367418341339, "period": 0.09775599837303162, "entropy": 0.0}
{"scene": "R01", "epoch": 41, "epochs": 50, "step": 601, "steps_per_epoch": 912, "elapsed_seconds": 6252.001619718969, "gradient_norm": 0.5271357297897339, "peak_gb": 13.545200128, "loss": 0.010347110219299793, "reconstruction": 0.0009188071126118302, "period": 0.4714151620864868, "entropy": 0.0}
{"scene": "R01", "epoch": 41, "epochs": 50, "step": 626, "steps_per_epoch": 912, "elapsed_seconds": 6256.167068877956, "gradient_norm": 0.16109149158000946, "peak_gb": 13.545200128, "loss": 0.0033889298792928457, "reconstruction": 0.0011782236397266388, "period": 0.11053530871868134, "entropy": 0.0}
{"scene": "R01", "epoch": 41, "epochs": 50, "step": 651, "steps_per_epoch": 912, "elapsed_seconds": 6260.336031565908, "gradient_norm": 0.25552263855934143, "peak_gb": 13.545200128, "loss": 0.0045822998508811, "reconstruction": 0.001073969411663711, "period": 0.17541652917861938, "entropy": 0.0}
{"scene": "R01", "epoch": 41, "epochs": 50, "step": 676, "steps_per_epoch": 912, "elapsed_seconds": 6264.500871711876, "gradient_norm": 0.06751342117786407, "peak_gb": 13.545200128, "loss": 0.0015410030027851462, "reconstruction": 0.0007863658247515559, "period": 0.03773185983300209, "entropy": 0.0}
{"scene": "R01", "epoch": 41, "epochs": 50, "step": 701, "steps_per_epoch": 912, "elapsed_seconds": 6268.668472047895, "gradient_norm": 0.32890963554382324, "peak_gb": 13.545200128, "loss": 0.005924322176724672, "reconstruction": 0.0009860945865511894, "period": 0.24691137671470642, "entropy": 0.0}
{"scene": "R01", "epoch": 41, "epochs": 50, "step": 726, "steps_per_epoch": 912, "elapsed_seconds": 6272.851172695868, "gradient_norm": 0.2547737658023834, "peak_gb": 13.545200128, "loss": 0.0038040236104279757, "reconstruction": 0.0011928761377930641, "period": 0.1305573731660843, "entropy": 0.0}
{"scene": "R01", "epoch": 41, "epochs": 50, "step": 751, "steps_per_epoch": 912, "elapsed_seconds": 6277.035036322894, "gradient_norm": 0.3248615264892578, "peak_gb": 13.545200128, "loss": 0.005184174980968237, "reconstruction": 0.0009240939980372787, "period": 0.21300405263900757, "entropy": 0.0}
{"scene": "R01", "epoch": 41, "epochs": 50, "step": 776, "steps_per_epoch": 912, "elapsed_seconds": 6281.201825340977, "gradient_norm": 0.1701158583164215, "peak_gb": 13.545200128, "loss": 0.0037672820035368204, "reconstruction": 0.001137603772804141, "period": 0.13148391246795654, "entropy": 0.0}
{"scene": "R01", "epoch": 41, "epochs": 50, "step": 801, "steps_per_epoch": 912, "elapsed_seconds": 6285.376088079996, "gradient_norm": 0.15746444463729858, "peak_gb": 13.545200128, "loss": 0.002931790892034769, "reconstruction": 0.0007794772973284125, "period": 0.10761568695306778, "entropy": 0.0}
{"scene": "R01", "epoch": 41, "epochs": 50, "step": 826, "steps_per_epoch": 912, "elapsed_seconds": 6289.549660123885, "gradient_norm": 0.0737224742770195, "peak_gb": 13.545200128, "loss": 0.0015620463527739048, "reconstruction": 0.000741545925848186, "period": 0.04102502390742302, "entropy": 0.0}
{"scene": "R01", "epoch": 41, "epochs": 50, "step": 851, "steps_per_epoch": 912, "elapsed_seconds": 6293.718018008862, "gradient_norm": 0.06275565922260284, "peak_gb": 13.545200128, "loss": 0.0018300514202564955, "reconstruction": 0.0009375293739140034, "period": 0.04462610185146332, "entropy": 0.0}
{"scene": "R01", "epoch": 41, "epochs": 50, "step": 876, "steps_per_epoch": 912, "elapsed_seconds": 6297.88464414794, "gradient_norm": 0.35681337118148804, "peak_gb": 13.545200128, "loss": 0.007281862664967775, "reconstruction": 0.0010198050877079368, "period": 0.3131028711795807, "entropy": 0.0}
{"scene": "R01", "epoch": 41, "epochs": 50, "step": 901, "steps_per_epoch": 912, "elapsed_seconds": 6302.061616980936, "gradient_norm": 0.4844563901424408, "peak_gb": 13.545200128, "loss": 0.01816108450293541, "reconstruction": 0.001006020698696375, "period": 0.8577532768249512, "entropy": 0.0}
{"epoch": 41, "steps": 912, "seconds": 151.9993151249364, "loss": 0.006372702442412877, "reconstruction": 0.0010429534324206894, "period": 0.26648745606826996, "entropy": 0.0}
{"scene": "R01", "epoch": 42, "epochs": 50, "step": 1, "steps_per_epoch": 912, "elapsed_seconds": 6304.130825055996, "gradient_norm": 0.15968315303325653, "peak_gb": 13.545200128, "loss": 0.0032484375406056643, "reconstruction": 0.0012591208796948195, "period": 0.09946583211421967, "entropy": 0.0}
{"scene": "R01", "epoch": 42, "epochs": 50, "step": 26, "steps_per_epoch": 912, "elapsed_seconds": 6308.305237073917, "gradient_norm": 0.29743629693984985, "peak_gb": 13.545200128, "loss": 0.00927051529288292, "reconstruction": 0.0014130746712908149, "period": 0.39287206530570984, "entropy": 0.0}
{"scene": "R01", "epoch": 42, "epochs": 50, "step": 51, "steps_per_epoch": 912, "elapsed_seconds": 6312.48469158099, "gradient_norm": 0.07329272478818893, "peak_gb": 13.545200128, "loss": 0.001714254729449749, "reconstruction": 0.0008594762766733766, "period": 0.04273892566561699, "entropy": 0.0}
{"scene": "R01", "epoch": 42, "epochs": 50, "step": 76, "steps_per_epoch": 912, "elapsed_seconds": 6316.649024778977, "gradient_norm": 0.29805445671081543, "peak_gb": 13.545200128, "loss": 0.004943086765706539, "reconstruction": 0.0011805626563727856, "period": 0.18812622129917145, "entropy": 0.0}
{"scene": "R01", "epoch": 42, "epochs": 50, "step": 101, "steps_per_epoch": 912, "elapsed_seconds": 6320.818672156893, "gradient_norm": 0.21454735100269318, "peak_gb": 13.545200128, "loss": 0.003441357985138893, "reconstruction": 0.0008449432207271457, "period": 0.12982073426246643, "entropy": 0.0}
{"scene": "R01", "epoch": 42, "epochs": 50, "step": 126, "steps_per_epoch": 912, "elapsed_seconds": 6324.984974659979, "gradient_norm": 0.24721594154834747, "peak_gb": 13.545200128, "loss": 0.004068154841661453, "reconstruction": 0.0008937478996813297, "period": 0.15872035920619965, "entropy": 0.0}
{"scene": "R01", "epoch": 42, "epochs": 50, "step": 151, "steps_per_epoch": 912, "elapsed_seconds": 6329.152372753015, "gradient_norm": 0.0725654736161232, "peak_gb": 13.545200128, "loss": 0.00208811042830348, "reconstruction": 0.0010682493448257446, "period": 0.050993047654628754, "entropy": 0.0}
{"scene": "R01", "epoch": 42, "epochs": 50, "step": 176, "steps_per_epoch": 912, "elapsed_seconds": 6333.318861788837, "gradient_norm": 0.04649997130036354, "peak_gb": 13.545200128, "loss": 0.0015937541611492634, "reconstruction": 0.0010518399067223072, "period": 0.027095714583992958, "entropy": 0.0}
{"scene": "R01", "epoch": 42, "epochs": 50, "step": 201, "steps_per_epoch": 912, "elapsed_seconds": 6337.486305289902, "gradient_norm": 0.11314252763986588, "peak_gb": 13.545200128, "loss": 0.001961459405720234, "reconstruction": 0.0007974994368851185, "period": 0.058198001235723495, "entropy": 0.0}
{"scene": "R01", "epoch": 42, "epochs": 50, "step": 226, "steps_per_epoch": 912, "elapsed_seconds": 6341.653543440858, "gradient_norm": 0.01564125157892704, "peak_gb": 13.545200128, "loss": 0.0009051141096279025, "reconstruction": 0.000709761749021709, "period": 0.009767618961632252, "entropy": 0.0}
{"scene": "R01", "epoch": 42, "epochs": 50, "step": 251, "steps_per_epoch": 912, "elapsed_seconds": 6345.819041037932, "gradient_norm": 0.08536214381456375, "peak_gb": 13.545200128, "loss": 0.0015838791150599718, "reconstruction": 0.0008140102727338672, "period": 0.03849344700574875, "entropy": 0.0}
{"scene": "R01", "epoch": 42, "epochs": 50, "step": 276, "steps_per_epoch": 912, "elapsed_seconds": 6349.988702106988, "gradient_norm": 0.35482797026634216, "peak_gb": 13.545200128, "loss": 0.005939129739999771, "reconstruction": 0.0012239988427609205, "period": 0.2357565462589264, "entropy": 0.0}
{"scene": "R01", "epoch": 42, "epochs": 50, "step": 301, "steps_per_epoch": 912, "elapsed_seconds": 6354.152445800835, "gradient_norm": 0.050736844539642334, "peak_gb": 13.545200128, "loss": 0.0017418365459889174, "reconstruction": 0.0010730609064921737, "period": 0.033438779413700104, "entropy": 0.0}
{"scene": "R01", "epoch": 42, "epochs": 50, "step": 326, "steps_per_epoch": 912, "elapsed_seconds": 6358.3193286668975, "gradient_norm": 0.3604517877101898, "peak_gb": 13.545200128, "loss": 0.004393742885440588, "reconstruction": 0.0007903340156190097, "period": 0.1801704466342926, "entropy": 0.0}
{"scene": "R01", "epoch": 42, "epochs": 50, "step": 351, "steps_per_epoch": 912, "elapsed_seconds": 6362.485362879932, "gradient_norm": 0.039261993020772934, "peak_gb": 13.545200128, "loss": 0.0019737209659069777, "reconstruction": 0.001529868459329009, "period": 0.022192630916833878, "entropy": 0.0}
{"scene": "R01", "epoch": 42, "epochs": 50, "step": 376, "steps_per_epoch": 912, "elapsed_seconds": 6366.652852050029, "gradient_norm": 0.019878998398780823, "peak_gb": 13.545200128, "loss": 0.0012578838504850864, "reconstruction": 0.0010573025792837143, "period": 0.010029064491391182, "entropy": 0.0}
{"scene": "R01", "epoch": 42, "epochs": 50, "step": 401, "steps_per_epoch": 912, "elapsed_seconds": 6370.81925048097, "gradient_norm": 0.11060064285993576, "peak_gb": 13.545200128, "loss": 0.00200693029910326, "reconstruction": 0.0007616431685164571, "period": 0.06226435676217079, "entropy": 0.0}
{"scene": "R01", "epoch": 42, "epochs": 50, "step": 426, "steps_per_epoch": 912, "elapsed_seconds": 6374.985459560994, "gradient_norm": 0.04191122576594353, "peak_gb": 13.545200128, "loss": 0.0018204019870609045, "reconstruction": 0.0012514591217041016, "period": 0.028447143733501434, "entropy": 0.0}
{"scene": "R01", "epoch": 42, "epochs": 50, "step": 451, "steps_per_epoch": 912, "elapsed_seconds": 6379.154612484854, "gradient_norm": 0.29149141907691956, "peak_gb": 13.545200128, "loss": 0.003191002644598484, "reconstruction": 0.0008346531540155411, "period": 0.1178174763917923, "entropy": 0.0}
{"scene": "R01", "epoch": 42, "epochs": 50, "step": 476, "steps_per_epoch": 912, "elapsed_seconds": 6383.32316577388, "gradient_norm": 0.08742515742778778, "peak_gb": 13.545200128, "loss": 0.0016018362948670983, "reconstruction": 0.0007790018571540713, "period": 0.04114172235131264, "entropy": 0.0}
{"scene": "R01", "epoch": 42, "epochs": 50, "step": 501, "steps_per_epoch": 912, "elapsed_seconds": 6387.499084729934, "gradient_norm": 0.4959549009799957, "peak_gb": 13.545200128, "loss": 0.01238760445266962, "reconstruction": 0.00075342389754951, "period": 0.5817090272903442, "entropy": 0.0}
{"scene": "R01", "epoch": 42, "epochs": 50, "step": 526, "steps_per_epoch": 912, "elapsed_seconds": 6391.6704414240085, "gradient_norm": 0.025340823456645012, "peak_gb": 13.545200128, "loss": 0.0009872324299067259, "reconstruction": 0.0007541623199358582, "period": 0.011653503403067589, "entropy": 0.0}
{"scene": "R01", "epoch": 42, "epochs": 50, "step": 551, "steps_per_epoch": 912, "elapsed_seconds": 6395.854340689955, "gradient_norm": 0.23178477585315704, "peak_gb": 13.545200128, "loss": 0.003344845026731491, "reconstruction": 0.0009405087912455201, "period": 0.12021681666374207, "entropy": 0.0}
{"scene": "R01", "epoch": 42, "epochs": 50, "step": 576, "steps_per_epoch": 912, "elapsed_seconds": 6400.031357200816, "gradient_norm": 0.1268358826637268, "peak_gb": 13.545200128, "loss": 0.0027111705858260393, "reconstruction": 0.0010264015290886164, "period": 0.0842384546995163, "entropy": 0.0}
{"scene": "R01", "epoch": 42, "epochs": 50, "step": 601, "steps_per_epoch": 912, "elapsed_seconds": 6404.201622013934, "gradient_norm": 0.08468727022409439, "peak_gb": 13.545200128, "loss": 0.002414338756352663, "reconstruction": 0.001313175424002111, "period": 0.05505817383527756, "entropy": 0.0}
{"scene": "R01", "epoch": 42, "epochs": 50, "step": 626, "steps_per_epoch": 912, "elapsed_seconds": 6408.3657617699355, "gradient_norm": 0.15794363617897034, "peak_gb": 13.545200128, "loss": 0.0027192742563784122, "reconstruction": 0.0007999440422281623, "period": 0.09596651792526245, "entropy": 0.0}
{"scene": "R01", "epoch": 42, "epochs": 50, "step": 651, "steps_per_epoch": 912, "elapsed_seconds": 6412.537065672921, "gradient_norm": 0.794131875038147, "peak_gb": 13.545200128, "loss": 0.029546983540058136, "reconstruction": 0.0012615470914170146, "period": 1.4142718315124512, "entropy": 0.0}
{"scene": "R01", "epoch": 42, "epochs": 50, "step": 676, "steps_per_epoch": 912, "elapsed_seconds": 6416.703104238026, "gradient_norm": 0.1558694690465927, "peak_gb": 13.545200128, "loss": 0.0026965984143316746, "reconstruction": 0.000763189687859267, "period": 0.09667043387889862, "entropy": 0.0}
{"scene": "R01", "epoch": 42, "epochs": 50, "step": 701, "steps_per_epoch": 912, "elapsed_seconds": 6420.870426046895, "gradient_norm": 0.3527529239654541, "peak_gb": 13.545200128, "loss": 0.00906053651124239, "reconstruction": 0.0007729920907877386, "period": 0.41437721252441406, "entropy": 0.0}
{"scene": "R01", "epoch": 42, "epochs": 50, "step": 726, "steps_per_epoch": 912, "elapsed_seconds": 6425.036173373926, "gradient_norm": 0.34619656205177307, "peak_gb": 13.545200128, "loss": 0.006537329871207476, "reconstruction": 0.0008979341946542263, "period": 0.2819697856903076, "entropy": 0.0}
{"scene": "R01", "epoch": 42, "epochs": 50, "step": 751, "steps_per_epoch": 912, "elapsed_seconds": 6429.204533168813, "gradient_norm": 0.3883252441883087, "peak_gb": 13.545200128, "loss": 0.007897533476352692, "reconstruction": 0.0010577626526355743, "period": 0.34198853373527527, "entropy": 0.0}
{"scene": "R01", "epoch": 42, "epochs": 50, "step": 776, "steps_per_epoch": 912, "elapsed_seconds": 6433.370572236832, "gradient_norm": 0.6786213517189026, "peak_gb": 13.545200128, "loss": 0.008614294230937958, "reconstruction": 0.0011199115542694926, "period": 0.37471914291381836, "entropy": 0.0}
{"scene": "R01", "epoch": 42, "epochs": 50, "step": 801, "steps_per_epoch": 912, "elapsed_seconds": 6437.538067483809, "gradient_norm": 0.29615911841392517, "peak_gb": 13.545200128, "loss": 0.006537849549204111, "reconstruction": 0.0009456941625103354, "period": 0.27960777282714844, "entropy": 0.0}
{"scene": "R01", "epoch": 42, "epochs": 50, "step": 826, "steps_per_epoch": 912, "elapsed_seconds": 6441.7054474388715, "gradient_norm": 0.11761440336704254, "peak_gb": 13.545200128, "loss": 0.0016270935302600265, "reconstruction": 0.0008370019495487213, "period": 0.039504580199718475, "entropy": 0.0}
{"scene": "R01", "epoch": 42, "epochs": 50, "step": 851, "steps_per_epoch": 912, "elapsed_seconds": 6445.873618429992, "gradient_norm": 0.6975001692771912, "peak_gb": 13.545200128, "loss": 0.025602616369724274, "reconstruction": 0.0007745292969048023, "period": 1.241404414176941, "entropy": 0.0}
{"scene": "R01", "epoch": 42, "epochs": 50, "step": 876, "steps_per_epoch": 912, "elapsed_seconds": 6450.046796571929, "gradient_norm": 0.31057214736938477, "peak_gb": 13.545200128, "loss": 0.005334889981895685, "reconstruction": 0.0013166166609153152, "period": 0.200913667678833, "entropy": 0.0}
{"scene": "R01", "epoch": 42, "epochs": 50, "step": 901, "steps_per_epoch": 912, "elapsed_seconds": 6454.224123566877, "gradient_norm": 0.014425857923924923, "peak_gb": 13.545200128, "loss": 0.001223668223246932, "reconstruction": 0.0010459197219461203, "period": 0.00888742320239544, "entropy": 0.0}
{"epoch": 42, "steps": 912, "seconds": 152.15002891607583, "loss": 0.00505640687627244, "reconstruction": 0.0010284839401337148, "period": 0.20139615165514937, "entropy": 0.0}
{"scene": "R01", "epoch": 43, "epochs": 50, "step": 1, "steps_per_epoch": 912, "elapsed_seconds": 6456.2715930410195, "gradient_norm": 0.17183545231819153, "peak_gb": 13.545200128, "loss": 0.002367783570662141, "reconstruction": 0.0007341410382650793, "period": 0.08168213069438934, "entropy": 0.0}
{"scene": "R01", "epoch": 43, "epochs": 50, "step": 26, "steps_per_epoch": 912, "elapsed_seconds": 6460.437396797817, "gradient_norm": 0.14874325692653656, "peak_gb": 13.545200128, "loss": 0.0020133554935455322, "reconstruction": 0.00080975575838238, "period": 0.06017998605966568, "entropy": 0.0}
{"scene": "R01", "epoch": 43, "epochs": 50, "step": 51, "steps_per_epoch": 912, "elapsed_seconds": 6464.60422319686, "gradient_norm": 0.38033685088157654, "peak_gb": 13.545200128, "loss": 0.007230680901557207, "reconstruction": 0.0010633128695189953, "period": 0.30836841464042664, "entropy": 0.0}
{"scene": "R01", "epoch": 43, "epochs": 50, "step": 76, "steps_per_epoch": 912, "elapsed_seconds": 6468.773095546989, "gradient_norm": 0.024683311581611633, "peak_gb": 13.545200128, "loss": 0.0011868248693645, "reconstruction": 0.0008719286415725946, "period": 0.015744809061288834, "entropy": 0.0}
{"scene": "R01", "epoch": 43, "epochs": 50, "step": 101, "steps_per_epoch": 912, "elapsed_seconds": 6472.938981774962, "gradient_norm": 0.43014419078826904, "peak_gb": 13.545200128, "loss": 0.007619579788297415, "reconstruction": 0.0009114548447541893, "period": 0.33540627360343933, "entropy": 0.0}
{"scene": "R01", "epoch": 43, "epochs": 50, "step": 126, "steps_per_epoch": 912, "elapsed_seconds": 6477.104501315858, "gradient_norm": 0.06441973894834518, "peak_gb": 13.545200128, "loss": 0.002277082996442914, "reconstruction": 0.0013017435558140278, "period": 0.04876697435975075, "entropy": 0.0}
{"scene": "R01", "epoch": 43, "epochs": 50, "step": 151, "steps_per_epoch": 912, "elapsed_seconds": 6481.271355045959, "gradient_norm": 0.2647934556007385, "peak_gb": 13.545200128, "loss": 0.0035228333435952663, "reconstruction": 0.0007650422630831599, "period": 0.137889564037323, "entropy": 0.0}
{"scene": "R01", "epoch": 43, "epochs": 50, "step": 176, "steps_per_epoch": 912, "elapsed_seconds": 6485.438263243996, "gradient_norm": 0.4450809359550476, "peak_gb": 13.545200128, "loss": 0.010672139003872871, "reconstruction": 0.0007250341586768627, "period": 0.49735522270202637, "entropy": 0.0}
{"scene": "R01", "epoch": 43, "epochs": 50, "step": 201, "steps_per_epoch": 912, "elapsed_seconds": 6489.6055674019735, "gradient_norm": 0.5172817707061768, "peak_gb": 13.545200128, "loss": 0.010148194618523121, "reconstruction": 0.0011222291504964232, "period": 0.4512982964515686, "entropy": 0.0}
{"scene": "R01", "epoch": 43, "epochs": 50, "step": 226, "steps_per_epoch": 912, "elapsed_seconds": 6493.774675033987, "gradient_norm": 0.32134631276130676, "peak_gb": 13.545200128, "loss": 0.005529776215553284, "reconstruction": 0.0012268321588635445, "period": 0.2151471972465515, "entropy": 0.0}
{"scene": "R01", "epoch": 43, "epochs": 50, "step": 251, "steps_per_epoch": 912, "elapsed_seconds": 6497.968276209896, "gradient_norm": 0.48274898529052734, "peak_gb": 13.545200128, "loss": 0.011771057732403278, "reconstruction": 0.0011133201187476516, "period": 0.5328869223594666, "entropy": 0.0}
{"scene": "R01", "epoch": 43, "epochs": 50, "step": 276, "steps_per_epoch": 912, "elapsed_seconds": 6502.138087627012, "gradient_norm": 0.5066479444503784, "peak_gb": 13.545200128, "loss": 0.02184426784515381, "reconstruction": 0.0016251243650913239, "period": 1.0109572410583496, "entropy": 0.0}
{"scene": "R01", "epoch": 43, "epochs": 50, "step": 301, "steps_per_epoch": 912, "elapsed_seconds": 6506.3060789688025, "gradient_norm": 0.0853312686085701, "peak_gb": 13.545200128, "loss": 0.002029875759035349, "reconstruction": 0.0010546641424298286, "period": 0.04876057803630829, "entropy": 0.0}
{"scene": "R01", "epoch": 43, "epochs": 50, "step": 326, "steps_per_epoch": 912, "elapsed_seconds": 6510.4728517290205, "gradient_norm": 0.48821696639060974, "peak_gb": 13.545200128, "loss": 0.01604851521551609, "reconstruction": 0.0012304740957915783, "period": 0.7409020662307739, "entropy": 0.0}
{"scene": "R01", "epoch": 43, "epochs": 50, "step": 351, "steps_per_epoch": 912, "elapsed_seconds": 6514.647786785848, "gradient_norm": 0.13720431923866272, "peak_gb": 13.545200128, "loss": 0.002394242212176323, "reconstruction": 0.0007438987959176302, "period": 0.08251717686653137, "entropy": 0.0}
{"scene": "R01", "epoch": 43, "epochs": 50, "step": 376, "steps_per_epoch": 912, "elapsed_seconds": 6518.822713952977, "gradient_norm": 0.12381739914417267, "peak_gb": 13.545200128, "loss": 0.0025464389473199844, "reconstruction": 0.0012799518881365657, "period": 0.06332436203956604, "entropy": 0.0}
{"scene": "R01", "epoch": 43, "epochs": 50, "step": 401, "steps_per_epoch": 912, "elapsed_seconds": 6522.989252364961, "gradient_norm": 0.4891049861907959, "peak_gb": 13.545200128, "loss": 0.00765597727149725, "reconstruction": 0.0011335932649672031, "period": 0.32611921429634094, "entropy": 0.0}
{"scene": "R01", "epoch": 43, "epochs": 50, "step": 426, "steps_per_epoch": 912, "elapsed_seconds": 6527.156373979989, "gradient_norm": 0.017724696546792984, "peak_gb": 13.545200128, "loss": 0.0010469984263181686, "reconstruction": 0.0007557875360362232, "period": 0.014560546725988388, "entropy": 0.0}
{"scene": "R01", "epoch": 43, "epochs": 50, "step": 451, "steps_per_epoch": 912, "elapsed_seconds": 6531.323418343905, "gradient_norm": 0.13610443472862244, "peak_gb": 13.545200128, "loss": 0.00228071678429842, "reconstruction": 0.0007563079707324505, "period": 0.07622044533491135, "entropy": 0.0}
{"scene": "R01", "epoch": 43, "epochs": 50, "step": 476, "steps_per_epoch": 912, "elapsed_seconds": 6535.489221012918, "gradient_norm": 0.03981134667992592, "peak_gb": 13.545200128, "loss": 0.001546642859466374, "reconstruction": 0.0009410758502781391, "period": 0.03027835115790367, "entropy": 0.0}
{"scene": "R01", "epoch": 43, "epochs": 50, "step": 501, "steps_per_epoch": 912, "elapsed_seconds": 6539.65646307799, "gradient_norm": 0.018555745482444763, "peak_gb": 13.545200128, "loss": 0.0011956230737268925, "reconstruction": 0.000977714778855443, "period": 0.010895418003201485, "entropy": 0.0}
{"scene": "R01", "epoch": 43, "epochs": 50, "step": 526, "steps_per_epoch": 912, "elapsed_seconds": 6543.823326173006, "gradient_norm": 0.04910855367779732, "peak_gb": 13.545200128, "loss": 0.0012753137852996588, "reconstruction": 0.0007494837045669556, "period": 0.026291504502296448, "entropy": 0.0}
{"scene": "R01", "epoch": 43, "epochs": 50, "step": 551, "steps_per_epoch": 912, "elapsed_seconds": 6547.98973196093, "gradient_norm": 0.3263620436191559, "peak_gb": 13.545200128, "loss": 0.008672904223203659, "reconstruction": 0.0007715843385085464, "period": 0.3950660228729248, "entropy": 0.0}
{"scene": "R01", "epoch": 43, "epochs": 50, "step": 576, "steps_per_epoch": 912, "elapsed_seconds": 6552.155988481827, "gradient_norm": 0.3233237862586975, "peak_gb": 13.545200128, "loss": 0.011353181675076485, "reconstruction": 0.0009586047381162643, "period": 0.5197288393974304, "entropy": 0.0}
{"scene": "R01", "epoch": 43, "epochs": 50, "step": 601, "steps_per_epoch": 912, "elapsed_seconds": 6556.324138524942, "gradient_norm": 0.4024968147277832, "peak_gb": 13.545200128, "loss": 0.01355475652962923, "reconstruction": 0.0010794030968099833, "period": 0.6237676739692688, "entropy": 0.0}
{"scene": "R01", "epoch": 43, "epochs": 50, "step": 626, "steps_per_epoch": 912, "elapsed_seconds": 6560.493422338972, "gradient_norm": 0.17996223270893097, "peak_gb": 13.545200128, "loss": 0.0029535102657973766, "reconstruction": 0.0006802004645578563, "period": 0.11366548389196396, "entropy": 0.0}
{"scene": "R01", "epoch": 43, "epochs": 50, "step": 651, "steps_per_epoch": 912, "elapsed_seconds": 6564.673788292799, "gradient_norm": 0.06668585538864136, "peak_gb": 13.545200128, "loss": 0.0012904643081128597, "reconstruction": 0.0007427212549373507, "period": 0.027387157082557678, "entropy": 0.0}
{"scene": "R01", "epoch": 43, "epochs": 50, "step": 676, "steps_per_epoch": 912, "elapsed_seconds": 6568.840405388968, "gradient_norm": 0.1859736293554306, "peak_gb": 13.545200128, "loss": 0.003616546280682087, "reconstruction": 0.0012771814363077283, "period": 0.11696823686361313, "entropy": 0.0}
{"scene": "R01", "epoch": 43, "epochs": 50, "step": 701, "steps_per_epoch": 912, "elapsed_seconds": 6573.0066868579015, "gradient_norm": 0.3522522449493408, "peak_gb": 13.545200128, "loss": 0.0038432087749242783, "reconstruction": 0.0009466105839237571, "period": 0.1448299139738083, "entropy": 0.0}
{"scene": "R01", "epoch": 43, "epochs": 50, "step": 726, "steps_per_epoch": 912, "elapsed_seconds": 6577.174176215893, "gradient_norm": 0.028798045590519905, "peak_gb": 13.545200128, "loss": 0.0012534181587398052, "reconstruction": 0.0009394530206918716, "period": 0.015698254108428955, "entropy": 0.0}
{"scene": "R01", "epoch": 43, "epochs": 50, "step": 751, "steps_per_epoch": 912, "elapsed_seconds": 6581.341402471997, "gradient_norm": 0.38519489765167236, "peak_gb": 13.545200128, "loss": 0.012898789718747139, "reconstruction": 0.0007701846770942211, "period": 0.6064302325248718, "entropy": 0.0}
{"scene": "R01", "epoch": 43, "epochs": 50, "step": 776, "steps_per_epoch": 912, "elapsed_seconds": 6585.507239383878, "gradient_norm": 0.2851789891719818, "peak_gb": 13.545200128, "loss": 0.00457012327387929, "reconstruction": 0.001088439836166799, "period": 0.17408418655395508, "entropy": 0.0}
{"scene": "R01", "epoch": 43, "epochs": 50, "step": 801, "steps_per_epoch": 912, "elapsed_seconds": 6589.675163332839, "gradient_norm": 0.12029442191123962, "peak_gb": 13.545200128, "loss": 0.002608329989016056, "reconstruction": 0.0007868936518207192, "period": 0.09107181429862976, "entropy": 0.0}
{"scene": "R01", "epoch": 43, "epochs": 50, "step": 826, "steps_per_epoch": 912, "elapsed_seconds": 6593.841356874909, "gradient_norm": 0.18232688307762146, "peak_gb": 13.545200128, "loss": 0.0038409638218581676, "reconstruction": 0.0010566042037680745, "period": 0.13921797275543213, "entropy": 0.0}
{"scene": "R01", "epoch": 43, "epochs": 50, "step": 851, "steps_per_epoch": 912, "elapsed_seconds": 6598.006816998823, "gradient_norm": 0.3914337158203125, "peak_gb": 13.545200128, "loss": 0.008779573254287243, "reconstruction": 0.0008270558319054544, "period": 0.3976259231567383, "entropy": 0.0}
{"scene": "R01", "epoch": 43, "epochs": 50, "step": 876, "steps_per_epoch": 912, "elapsed_seconds": 6602.176007465925, "gradient_norm": 0.3900315761566162, "peak_gb": 13.545200128, "loss": 0.006375289522111416, "reconstruction": 0.001419403008185327, "period": 0.24779433012008667, "entropy": 0.0}
{"scene": "R01", "epoch": 43, "epochs": 50, "step": 901, "steps_per_epoch": 912, "elapsed_seconds": 6606.341439403826, "gradient_norm": 0.37736159563064575, "peak_gb": 13.545200128, "loss": 0.006345531437546015, "reconstruction": 0.000749066355638206, "period": 0.2798232436180115, "entropy": 0.0}
{"epoch": 43, "steps": 912, "seconds": 152.1219937710557, "loss": 0.005906958560349028, "reconstruction": 0.0010265072283290098, "period": 0.24402257256677554, "entropy": 0.0}
{"scene": "R01", "epoch": 44, "epochs": 50, "step": 1, "steps_per_epoch": 912, "elapsed_seconds": 6608.413042886881, "gradient_norm": 0.2771522104740143, "peak_gb": 13.545200128, "loss": 0.004157971125096083, "reconstruction": 0.0014915711944922805, "period": 0.13332000374794006, "entropy": 0.0}
{"scene": "R01", "epoch": 44, "epochs": 50, "step": 26, "steps_per_epoch": 912, "elapsed_seconds": 6612.57535459986, "gradient_norm": 0.28314852714538574, "peak_gb": 13.545200128, "loss": 0.00444432906806469, "reconstruction": 0.0008895386708900332, "period": 0.17773951590061188, "entropy": 0.0}
{"scene": "R01", "epoch": 44, "epochs": 50, "step": 51, "steps_per_epoch": 912, "elapsed_seconds": 6616.741052347934, "gradient_norm": 0.272453248500824, "peak_gb": 13.545200128, "loss": 0.0057774493470788, "reconstruction": 0.0013589018490165472, "period": 0.22092735767364502, "entropy": 0.0}
{"scene": "R01", "epoch": 44, "epochs": 50, "step": 76, "steps_per_epoch": 912, "elapsed_seconds": 6620.90727111185, "gradient_norm": 0.03215932101011276, "peak_gb": 13.545200128, "loss": 0.0017021067906171083, "reconstruction": 0.0012615708401426673, "period": 0.022026797756552696, "entropy": 0.0}
{"scene": "R01", "epoch": 44, "epochs": 50, "step": 101, "steps_per_epoch": 912, "elapsed_seconds": 6625.074980017031, "gradient_norm": 0.7773064970970154, "peak_gb": 13.545200128, "loss": 0.022730140015482903, "reconstruction": 0.001131128054112196, "period": 1.0799505710601807, "entropy": 0.0}
{"scene": "R01", "epoch": 44, "epochs": 50, "step": 126, "steps_per_epoch": 912, "elapsed_seconds": 6629.255932554835, "gradient_norm": 0.40688666701316833, "peak_gb": 13.545200128, "loss": 0.013001935556530952, "reconstruction": 0.0012071557575836778, "period": 0.5897389650344849, "entropy": 0.0}
{"scene": "R01", "epoch": 44, "epochs": 50, "step": 151, "steps_per_epoch": 912, "elapsed_seconds": 6633.430921326857, "gradient_norm": 0.38361701369285583, "peak_gb": 13.545200128, "loss": 0.006678983103483915, "reconstruction": 0.0007466722163371742, "period": 0.2966155707836151, "entropy": 0.0}
{"scene": "R01", "epoch": 44, "epochs": 50, "step": 176, "steps_per_epoch": 912, "elapsed_seconds": 6637.608520481968, "gradient_norm": 0.27391788363456726, "peak_gb": 13.545200128, "loss": 0.004504016134887934, "reconstruction": 0.0009478388237766922, "period": 0.17780886590480804, "entropy": 0.0}
{"scene": "R01", "epoch": 44, "epochs": 50, "step": 201, "steps_per_epoch": 912, "elapsed_seconds": 6641.773856700864, "gradient_norm": 0.12576918303966522, "peak_gb": 13.545200128, "loss": 0.0030370946042239666, "reconstruction": 0.0011426489800214767, "period": 0.09472228586673737, "entropy": 0.0}
{"scene": "R01", "epoch": 44, "epochs": 50, "step": 226, "steps_per_epoch": 912, "elapsed_seconds": 6645.941517272964, "gradient_norm": 0.20740815997123718, "peak_gb": 13.545200128, "loss": 0.0028382064774632454, "reconstruction": 0.000995620503090322, "period": 0.09212930500507355, "entropy": 0.0}
{"scene": "R01", "epoch": 44, "epochs": 50, "step": 251, "steps_per_epoch": 912, "elapsed_seconds": 6650.108727650018, "gradient_norm": 0.12220756709575653, "peak_gb": 13.545200128, "loss": 0.0020835883915424347, "reconstruction": 0.0008002627873793244, "period": 0.06416627764701843, "entropy": 0.0}
{"scene": "R01", "epoch": 44, "epochs": 50, "step": 276, "steps_per_epoch": 912, "elapsed_seconds": 6654.278897747863, "gradient_norm": 0.24095506966114044, "peak_gb": 13.545200128, "loss": 0.004562376532703638, "reconstruction": 0.0012979913735762239, "period": 0.16321927309036255, "entropy": 0.0}
{"scene": "R01", "epoch": 44, "epochs": 50, "step": 301, "steps_per_epoch": 912, "elapsed_seconds": 6658.4542052119505, "gradient_norm": 0.21420152485370636, "peak_gb": 13.545200128, "loss": 0.003921587485820055, "reconstruction": 0.0010550613515079021, "period": 0.1433263123035431, "entropy": 0.0}
{"scene": "R01", "epoch": 44, "epochs": 50, "step": 326, "steps_per_epoch": 912, "elapsed_seconds": 6662.625337269856, "gradient_norm": 0.19065673649311066, "peak_gb": 13.545200128, "loss": 0.004136424977332354, "reconstruction": 0.0013205099385231733, "period": 0.1407957524061203, "entropy": 0.0}
{"scene": "R01", "epoch": 44, "epochs": 50, "step": 351, "steps_per_epoch": 912, "elapsed_seconds": 6666.792023982853, "gradient_norm": 0.25920403003692627, "peak_gb": 13.545200128, "loss": 0.004133203066885471, "reconstruction": 0.0009454098762944341, "period": 0.1593896746635437, "entropy": 0.0}
{"scene": "R01", "epoch": 44, "epochs": 50, "step": 376, "steps_per_epoch": 912, "elapsed_seconds": 6670.969758039806, "gradient_norm": 0.34008681774139404, "peak_gb": 13.545200128, "loss": 0.006737502291798592, "reconstruction": 0.0007730079814791679, "period": 0.29822471737861633, "entropy": 0.0}
{"scene": "R01", "epoch": 44, "epochs": 50, "step": 401, "steps_per_epoch": 912, "elapsed_seconds": 6675.141134539852, "gradient_norm": 0.6021357178688049, "peak_gb": 13.545200128, "loss": 0.020265288650989532, "reconstruction": 0.0007644783472642303, "period": 0.9750405550003052, "entropy": 0.0}
{"scene": "R01", "epoch": 44, "epochs": 50, "step": 426, "steps_per_epoch": 912, "elapsed_seconds": 6679.312280477956, "gradient_norm": 0.4221198260784149, "peak_gb": 13.545200128, "loss": 0.007163802161812782, "reconstruction": 0.0007566850399598479, "period": 0.3203558623790741, "entropy": 0.0}
{"scene": "R01", "epoch": 44, "epochs": 50, "step": 451, "steps_per_epoch": 912, "elapsed_seconds": 6683.47632451402, "gradient_norm": 0.3575949966907501, "peak_gb": 13.545200128, "loss": 0.004922807216644287, "reconstruction": 0.0012027540942654014, "period": 0.1860026717185974, "entropy": 0.0}
{"scene": "R01", "epoch": 44, "epochs": 50, "step": 476, "steps_per_epoch": 912, "elapsed_seconds": 6687.64645475382, "gradient_norm": 0.11324962973594666, "peak_gb": 13.545200128, "loss": 0.0030021537095308304, "reconstruction": 0.0018312197644263506, "period": 0.058546703308820724, "entropy": 0.0}
{"scene": "R01", "epoch": 44, "epochs": 50, "step": 501, "steps_per_epoch": 912, "elapsed_seconds": 6691.821221764898, "gradient_norm": 0.07524780184030533, "peak_gb": 13.545200128, "loss": 0.0022157938219606876, "reconstruction": 0.0007377996807917953, "period": 0.07389970868825912, "entropy": 0.0}
{"scene": "R01", "epoch": 44, "epochs": 50, "step": 526, "steps_per_epoch": 912, "elapsed_seconds": 6695.992762188893, "gradient_norm": 0.33262836933135986, "peak_gb": 13.545200128, "loss": 0.011672299355268478, "reconstruction": 0.001357399276457727, "period": 0.5157450437545776, "entropy": 0.0}
{"scene": "R01", "epoch": 44, "epochs": 50, "step": 551, "steps_per_epoch": 912, "elapsed_seconds": 6700.159866455011, "gradient_norm": 0.4462640881538391, "peak_gb": 13.545200128, "loss": 0.009066538885235786, "reconstruction": 0.0007418538443744183, "period": 0.41623425483703613, "entropy": 0.0}
{"scene": "R01", "epoch": 44, "epochs": 50, "step": 576, "steps_per_epoch": 912, "elapsed_seconds": 6704.326627387898, "gradient_norm": 0.05905471742153168, "peak_gb": 13.545200128, "loss": 0.0019420557655394077, "reconstruction": 0.0012329418677836657, "period": 0.035455696284770966, "entropy": 0.0}
{"scene": "R01", "epoch": 44, "epochs": 50, "step": 601, "steps_per_epoch": 912, "elapsed_seconds": 6708.49355068896, "gradient_norm": 0.015133621171116829, "peak_gb": 13.545200128, "loss": 0.001538463868200779, "reconstruction": 0.0013130678562447429, "period": 0.011269801296293736, "entropy": 0.0}
{"scene": "R01", "epoch": 44, "epochs": 50, "step": 626, "steps_per_epoch": 912, "elapsed_seconds": 6712.663061450003, "gradient_norm": 0.2996320426464081, "peak_gb": 13.545200128, "loss": 0.0064464351162314415, "reconstruction": 0.0007309752400033176, "period": 0.28577300906181335, "entropy": 0.0}
{"scene": "R01", "epoch": 44, "epochs": 50, "step": 651, "steps_per_epoch": 912, "elapsed_seconds": 6716.8269164150115, "gradient_norm": 0.3343907296657562, "peak_gb": 13.545200128, "loss": 0.015166344121098518, "reconstruction": 0.0011098640970885754, "period": 0.7028239965438843, "entropy": 0.0}
{"scene": "R01", "epoch": 44, "epochs": 50, "step": 676, "steps_per_epoch": 912, "elapsed_seconds": 6720.99341080687, "gradient_norm": 0.42808201909065247, "peak_gb": 13.545200128, "loss": 0.005642957054078579, "reconstruction": 0.0008516713860444725, "period": 0.23956429958343506, "entropy": 0.0}
{"scene": "R01", "epoch": 44, "epochs": 50, "step": 701, "steps_per_epoch": 912, "elapsed_seconds": 6725.165633898927, "gradient_norm": 0.13858458399772644, "peak_gb": 13.545200128, "loss": 0.0023344610817730427, "reconstruction": 0.0009123936179094017, "period": 0.07110337913036346, "entropy": 0.0}
{"scene": "R01", "epoch": 44, "epochs": 50, "step": 726, "steps_per_epoch": 912, "elapsed_seconds": 6729.345551945968, "gradient_norm": 0.21119631826877594, "peak_gb": 13.545200128, "loss": 0.00400850223377347, "reconstruction": 0.001113567384891212, "period": 0.14474675059318542, "entropy": 0.0}
{"scene": "R01", "epoch": 44, "epochs": 50, "step": 751, "steps_per_epoch": 912, "elapsed_seconds": 6733.510288884863, "gradient_norm": 0.11583087593317032, "peak_gb": 13.545200128, "loss": 0.002837491687387228, "reconstruction": 0.0008179114665836096, "period": 0.10097900778055191, "entropy": 0.0}
{"scene": "R01", "epoch": 44, "epochs": 50, "step": 776, "steps_per_epoch": 912, "elapsed_seconds": 6737.676382052014, "gradient_norm": 0.020100267603993416, "peak_gb": 13.545200128, "loss": 0.0010345991468057036, "reconstruction": 0.0007706181495450437, "period": 0.01319904811680317, "entropy": 0.0}
{"scene": "R01", "epoch": 44, "epochs": 50, "step": 801, "steps_per_epoch": 912, "elapsed_seconds": 6741.843932159012, "gradient_norm": 0.5547162294387817, "peak_gb": 13.545200128, "loss": 0.013852226547896862, "reconstruction": 0.0008435489144176245, "period": 0.6504338979721069, "entropy": 0.0}
{"scene": "R01", "epoch": 44, "epochs": 50, "step": 826, "steps_per_epoch": 912, "elapsed_seconds": 6746.0105380390305, "gradient_norm": 0.10033221542835236, "peak_gb": 13.545200128, "loss": 0.0019889241084456444, "reconstruction": 0.0009926726343110204, "period": 0.049812570214271545, "entropy": 0.0}
{"scene": "R01", "epoch": 44, "epochs": 50, "step": 851, "steps_per_epoch": 912, "elapsed_seconds": 6750.177940863883, "gradient_norm": 0.22145861387252808, "peak_gb": 13.545200128, "loss": 0.007346888072788715, "reconstruction": 0.0012039461871609092, "period": 0.3071470856666565, "entropy": 0.0}
{"scene": "R01", "epoch": 44, "epochs": 50, "step": 876, "steps_per_epoch": 912, "elapsed_seconds": 6754.35395512986, "gradient_norm": 0.3941981792449951, "peak_gb": 13.545200128, "loss": 0.007198980078101158, "reconstruction": 0.001061734277755022, "period": 0.3068622946739197, "entropy": 0.0}
{"scene": "R01", "epoch": 44, "epochs": 50, "step": 901, "steps_per_epoch": 912, "elapsed_seconds": 6758.5225417308975, "gradient_norm": 0.1035071387887001, "peak_gb": 13.545200128, "loss": 0.002728269202634692, "reconstruction": 0.0014986887108534575, "period": 0.06147902458906174, "entropy": 0.0}
{"epoch": 44, "steps": 912, "seconds": 152.18222734006122, "loss": 0.005493000125728972, "reconstruction": 0.0010158355985288182, "period": 0.22385823261043825, "entropy": 0.0}
{"scene": "R01", "epoch": 45, "epochs": 50, "step": 1, "steps_per_epoch": 912, "elapsed_seconds": 6760.594764138805, "gradient_norm": 0.05754778906702995, "peak_gb": 13.545200128, "loss": 0.002048501744866371, "reconstruction": 0.0010869289981201291, "period": 0.048078641295433044, "entropy": 0.0}
{"scene": "R01", "epoch": 45, "epochs": 50, "step": 26, "steps_per_epoch": 912, "elapsed_seconds": 6764.76026053098, "gradient_norm": 0.021247347816824913, "peak_gb": 13.545200128, "loss": 0.0010512939188629389, "reconstruction": 0.0007616702350787818, "period": 0.01448118593543768, "entropy": 0.0}
{"scene": "R01", "epoch": 45, "epochs": 50, "step": 51, "steps_per_epoch": 912, "elapsed_seconds": 6768.927518614801, "gradient_norm": 0.07424324005842209, "peak_gb": 13.545200128, "loss": 0.0015911883674561977, "reconstruction": 0.0008938283426687121, "period": 0.03486800193786621, "entropy": 0.0}
{"scene": "R01", "epoch": 45, "epochs": 50, "step": 76, "steps_per_epoch": 912, "elapsed_seconds": 6773.095536273904, "gradient_norm": 0.1662079244852066, "peak_gb": 13.545200128, "loss": 0.0037283282727003098, "reconstruction": 0.000820918648969382, "period": 0.1453704833984375, "entropy": 0.0}
{"scene": "R01", "epoch": 45, "epochs": 50, "step": 101, "steps_per_epoch": 912, "elapsed_seconds": 6777.270194359822, "gradient_norm": 0.3791552782058716, "peak_gb": 13.545200128, "loss": 0.009817829355597496, "reconstruction": 0.0008011664031073451, "period": 0.45083317160606384, "entropy": 0.0}
{"scene": "R01", "epoch": 45, "epochs": 50, "step": 126, "steps_per_epoch": 912, "elapsed_seconds": 6781.439400652889, "gradient_norm": 0.18234656751155853, "peak_gb": 13.545200128, "loss": 0.0073744491674005985, "reconstruction": 0.0011793673038482666, "period": 0.3097541034221649, "entropy": 0.0}
{"scene": "R01", "epoch": 45, "epochs": 50, "step": 151, "steps_per_epoch": 912, "elapsed_seconds": 6785.613193953875, "gradient_norm": 0.05016015097498894, "peak_gb": 13.545200128, "loss": 0.001294245244935155, "reconstruction": 0.0008224595803767443, "period": 0.02358928695321083, "entropy": 0.0}
{"scene": "R01", "epoch": 45, "epochs": 50, "step": 176, "steps_per_epoch": 912, "elapsed_seconds": 6789.777667343849, "gradient_norm": 0.38672834634780884, "peak_gb": 13.545200128, "loss": 0.00646998779848218, "reconstruction": 0.000759953516535461, "period": 0.28550171852111816, "entropy": 0.0}
{"scene": "R01", "epoch": 45, "epochs": 50, "step": 201, "steps_per_epoch": 912, "elapsed_seconds": 6793.943886135006, "gradient_norm": 0.3242546319961548, "peak_gb": 13.545200128, "loss": 0.005105630494654179, "reconstruction": 0.0007684403099119663, "period": 0.21685951948165894, "entropy": 0.0}
{"scene": "R01", "epoch": 45, "epochs": 50, "step": 226, "steps_per_epoch": 912, "elapsed_seconds": 6798.120534905931, "gradient_norm": 0.13050441443920135, "peak_gb": 13.545200128, "loss": 0.0030879941768944263, "reconstruction": 0.001755914418026805, "period": 0.06660398840904236, "entropy": 0.0}
{"scene": "R01", "epoch": 45, "epochs": 50, "step": 251, "steps_per_epoch": 912, "elapsed_seconds": 6802.295435964828, "gradient_norm": 0.04798061028122902, "peak_gb": 13.545200128, "loss": 0.0016806686762720346, "reconstruction": 0.000732327054720372, "period": 0.04741708189249039, "entropy": 0.0}
{"scene": "R01", "epoch": 45, "epochs": 50, "step": 276, "steps_per_epoch": 912, "elapsed_seconds": 6806.462166769896, "gradient_norm": 0.08324700593948364, "peak_gb": 13.545200128, "loss": 0.001564424717798829, "reconstruction": 0.0006899876752868295, "period": 0.04372185096144676, "entropy": 0.0}
{"scene": "R01", "epoch": 45, "epochs": 50, "step": 301, "steps_per_epoch": 912, "elapsed_seconds": 6810.628783180844, "gradient_norm": 0.5668342113494873, "peak_gb": 13.545200128, "loss": 0.011003839783370495, "reconstruction": 0.0011660298332571983, "period": 0.49189049005508423, "entropy": 0.0}
{"scene": "R01", "epoch": 45, "epochs": 50, "step": 326, "steps_per_epoch": 912, "elapsed_seconds": 6814.811883569928, "gradient_norm": 0.4181056022644043, "peak_gb": 13.545200128, "loss": 0.011899127624928951, "reconstruction": 0.000906862027477473, "period": 0.5496132969856262, "entropy": 0.0}
{"scene": "R01", "epoch": 45, "epochs": 50, "step": 351, "steps_per_epoch": 912, "elapsed_seconds": 6818.98500233097, "gradient_norm": 0.08343318849802017, "peak_gb": 13.545200128, "loss": 0.003078519832342863, "reconstruction": 0.0008396499324589968, "period": 0.11194349825382233, "entropy": 0.0}
{"scene": "R01", "epoch": 45, "epochs": 50, "step": 376, "steps_per_epoch": 912, "elapsed_seconds": 6823.161325703841, "gradient_norm": 0.25671085715293884, "peak_gb": 13.545200128, "loss": 0.004614163190126419, "reconstruction": 0.0007525408873334527, "period": 0.1930811107158661, "entropy": 0.0}
{"scene": "R01", "epoch": 45, "epochs": 50, "step": 401, "steps_per_epoch": 912, "elapsed_seconds": 6827.3283743888605, "gradient_norm": 0.28387388586997986, "peak_gb": 13.545200128, "loss": 0.004657657351344824, "reconstruction": 0.001072711544111371, "period": 0.17924728989601135, "entropy": 0.0}
{"scene": "R01", "epoch": 45, "epochs": 50, "step": 426, "steps_per_epoch": 912, "elapsed_seconds": 6831.499656895874, "gradient_norm": 0.3859213590621948, "peak_gb": 13.545200128, "loss": 0.009185781702399254, "reconstruction": 0.0013910725247114897, "period": 0.38973546028137207, "entropy": 0.0}
{"scene": "R01", "epoch": 45, "epochs": 50, "step": 451, "steps_per_epoch": 912, "elapsed_seconds": 6835.688547389815, "gradient_norm": 0.10503949224948883, "peak_gb": 13.545200128, "loss": 0.001965855248272419, "reconstruction": 0.0008066657464951277, "period": 0.057959482073783875, "entropy": 0.0}
{"scene": "R01", "epoch": 45, "epochs": 50, "step": 476, "steps_per_epoch": 912, "elapsed_seconds": 6839.86259396188, "gradient_norm": 0.47180265188217163, "peak_gb": 13.545200128, "loss": 0.007623589131981134, "reconstruction": 0.001488756388425827, "period": 0.3067416548728943, "entropy": 0.0}
{"scene": "R01", "epoch": 45, "epochs": 50, "step": 501, "steps_per_epoch": 912, "elapsed_seconds": 6844.02901949198, "gradient_norm": 0.04369702935218811, "peak_gb": 13.545200128, "loss": 0.0013655349612236023, "reconstruction": 0.0007302945014089346, "period": 0.031762026250362396, "entropy": 0.0}
{"scene": "R01", "epoch": 45, "epochs": 50, "step": 526, "steps_per_epoch": 912, "elapsed_seconds": 6848.196224564919, "gradient_norm": 0.05344292148947716, "peak_gb": 13.545200128, "loss": 0.001900671748444438, "reconstruction": 0.0012255496112629771, "period": 0.033756107091903687, "entropy": 0.0}
{"scene": "R01", "epoch": 45, "epochs": 50, "step": 551, "steps_per_epoch": 912, "elapsed_seconds": 6852.365877242992, "gradient_norm": 0.5066490769386292, "peak_gb": 13.545200128, "loss": 0.016367901116609573, "reconstruction": 0.0007120549562387168, "period": 0.782792329788208, "entropy": 0.0}
{"scene": "R01", "epoch": 45, "epochs": 50, "step": 576, "steps_per_epoch": 912, "elapsed_seconds": 6856.528492789948, "gradient_norm": 0.06724075227975845, "peak_gb": 13.545200128, "loss": 0.0019000277388840914, "reconstruction": 0.0009556784061715007, "period": 0.047217465937137604, "entropy": 0.0}
{"scene": "R01", "epoch": 45, "epochs": 50, "step": 601, "steps_per_epoch": 912, "elapsed_seconds": 6860.71239394485, "gradient_norm": 0.05508166551589966, "peak_gb": 13.545200128, "loss": 0.0015527524519711733, "reconstruction": 0.0009138380992226303, "period": 0.03194572031497955, "entropy": 0.0}
{"scene": "R01", "epoch": 45, "epochs": 50, "step": 626, "steps_per_epoch": 912, "elapsed_seconds": 6864.880462324014, "gradient_norm": 0.27013254165649414, "peak_gb": 13.545200128, "loss": 0.004694304428994656, "reconstruction": 0.0011833468452095985, "period": 0.17554789781570435, "entropy": 0.0}
{"scene": "R01", "epoch": 45, "epochs": 50, "step": 651, "steps_per_epoch": 912, "elapsed_seconds": 6869.046203728998, "gradient_norm": 0.379763126373291, "peak_gb": 13.545200128, "loss": 0.00558206532150507, "reconstruction": 0.0011323656653985381, "period": 0.22248497605323792, "entropy": 0.0}
{"scene": "R01", "epoch": 45, "epochs": 50, "step": 676, "steps_per_epoch": 912, "elapsed_seconds": 6873.212130966829, "gradient_norm": 0.1270262598991394, "peak_gb": 13.545200128, "loss": 0.002548913937062025, "reconstruction": 0.001033108215779066, "period": 0.07579028606414795, "entropy": 0.0}
{"scene": "R01", "epoch": 45, "epochs": 50, "step": 701, "steps_per_epoch": 912, "elapsed_seconds": 6877.379959960934, "gradient_norm": 0.059502217918634415, "peak_gb": 13.545200128, "loss": 0.0021866345778107643, "reconstruction": 0.0008122487342916429, "period": 0.0687192976474762, "entropy": 0.0}
{"scene": "R01", "epoch": 45, "epochs": 50, "step": 726, "steps_per_epoch": 912, "elapsed_seconds": 6881.546078322921, "gradient_norm": 0.4306468665599823, "peak_gb": 13.545200128, "loss": 0.010416246019303799, "reconstruction": 0.0011403756216168404, "period": 0.4637935161590576, "entropy": 0.0}
{"scene": "R01", "epoch": 45, "epochs": 50, "step": 751, "steps_per_epoch": 912, "elapsed_seconds": 6885.72726804181, "gradient_norm": 0.25260359048843384, "peak_gb": 13.545200128, "loss": 0.0033920169807970524, "reconstruction": 0.0010576465865597129, "period": 0.11671852320432663, "entropy": 0.0}
{"scene": "R01", "epoch": 45, "epochs": 50, "step": 776, "steps_per_epoch": 912, "elapsed_seconds": 6889.90461642202, "gradient_norm": 0.4660656154155731, "peak_gb": 13.545200128, "loss": 0.015060367062687874, "reconstruction": 0.0007613517809659243, "period": 0.7149507999420166, "entropy": 0.0}
{"scene": "R01", "epoch": 45, "epochs": 50, "step": 801, "steps_per_epoch": 912, "elapsed_seconds": 6894.079264175845, "gradient_norm": 0.03337796777486801, "peak_gb": 13.545200128, "loss": 0.0015491771046072245, "reconstruction": 0.0007669166661798954, "period": 0.03911302611231804, "entropy": 0.0}
{"scene": "R01", "epoch": 45, "epochs": 50, "step": 826, "steps_per_epoch": 912, "elapsed_seconds": 6898.246733563021, "gradient_norm": 0.1927257478237152, "peak_gb": 13.545200128, "loss": 0.0028975866734981537, "reconstruction": 0.0011651453096419573, "period": 0.08662206679582596, "entropy": 0.0}
{"scene": "R01", "epoch": 45, "epochs": 50, "step": 851, "steps_per_epoch": 912, "elapsed_seconds": 6902.413593062898, "gradient_norm": 0.4880129396915436, "peak_gb": 13.545200128, "loss": 0.01240481436252594, "reconstruction": 0.0007182870758697391, "period": 0.5843263864517212, "entropy": 0.0}
{"scene": "R01", "epoch": 45, "epochs": 50, "step": 876, "steps_per_epoch": 912, "elapsed_seconds": 6906.589728355873, "gradient_norm": 0.1579367220401764, "peak_gb": 13.545200128, "loss": 0.0026367369573563337, "reconstruction": 0.0008513872744515538, "period": 0.08926748484373093, "entropy": 0.0}
{"scene": "R01", "epoch": 45, "epochs": 50, "step": 901, "steps_per_epoch": 912, "elapsed_seconds": 6910.76170802, "gradient_norm": 0.19807298481464386, "peak_gb": 13.545200128, "loss": 0.004107635468244553, "reconstruction": 0.0009301779791712761, "period": 0.15887287259101868, "entropy": 0.0}
{"epoch": 45, "steps": 912, "seconds": 152.2390655768104, "loss": 0.0049882192101984146, "reconstruction": 0.0010063199215597195, "period": 0.19909496806570115, "entropy": 0.0}
{"scene": "R01", "epoch": 46, "epochs": 50, "step": 1, "steps_per_epoch": 912, "elapsed_seconds": 6920.1802311379, "gradient_norm": 0.24640803039073944, "peak_gb": 13.545200128, "loss": 0.0032026604749262333, "reconstruction": 0.0009063145844265819, "period": 0.1148172914981842, "entropy": 0.0}
{"scene": "R01", "epoch": 46, "epochs": 50, "step": 26, "steps_per_epoch": 912, "elapsed_seconds": 6924.310910844011, "gradient_norm": 0.4449399411678314, "peak_gb": 13.545200128, "loss": 0.016294701024889946, "reconstruction": 0.0011591521324589849, "period": 0.7567774057388306, "entropy": 0.0}
{"scene": "R01", "epoch": 46, "epochs": 50, "step": 51, "steps_per_epoch": 912, "elapsed_seconds": 6928.4486609459855, "gradient_norm": 0.22634541988372803, "peak_gb": 13.545200128, "loss": 0.002948520239442587, "reconstruction": 0.0006978241144679487, "period": 0.11253480613231659, "entropy": 0.0}
{"scene": "R01", "epoch": 46, "epochs": 50, "step": 76, "steps_per_epoch": 912, "elapsed_seconds": 6932.603286654921, "gradient_norm": 0.29189643263816833, "peak_gb": 13.545200128, "loss": 0.006378966383635998, "reconstruction": 0.0009589669061824679, "period": 0.2709999680519104, "entropy": 0.0}
{"scene": "R01", "epoch": 46, "epochs": 50, "step": 101, "steps_per_epoch": 912, "elapsed_seconds": 6936.756409582915, "gradient_norm": 0.44050997495651245, "peak_gb": 13.545200128, "loss": 0.01364080235362053, "reconstruction": 0.0007867568056099117, "period": 0.6427022814750671, "entropy": 0.0}
{"scene": "R01", "epoch": 46, "epochs": 50, "step": 126, "steps_per_epoch": 912, "elapsed_seconds": 6940.9074430058245, "gradient_norm": 0.49252286553382874, "peak_gb": 13.545200128, "loss": 0.009260281920433044, "reconstruction": 0.0008986934553831816, "period": 0.4180794358253479, "entropy": 0.0}
{"scene": "R01", "epoch": 46, "epochs": 50, "step": 151, "steps_per_epoch": 912, "elapsed_seconds": 6945.055423085811, "gradient_norm": 0.25723591446876526, "peak_gb": 13.545200128, "loss": 0.004660077393054962, "reconstruction": 0.0012467911001294851, "period": 0.17066431045532227, "entropy": 0.0}
{"scene": "R01", "epoch": 46, "epochs": 50, "step": 176, "steps_per_epoch": 912, "elapsed_seconds": 6949.206721310969, "gradient_norm": 0.022503387182950974, "peak_gb": 13.545200128, "loss": 0.0018476714612916112, "reconstruction": 0.0015919683501124382, "period": 0.012785154394805431, "entropy": 0.0}
{"scene": "R01", "epoch": 46, "epochs": 50, "step": 201, "steps_per_epoch": 912, "elapsed_seconds": 6953.37436711695, "gradient_norm": 0.21691863238811493, "peak_gb": 13.545200128, "loss": 0.003669813508167863, "reconstruction": 0.0014474657364189625, "period": 0.11111738532781601, "entropy": 0.0}
{"scene": "R01", "epoch": 46, "epochs": 50, "step": 226, "steps_per_epoch": 912, "elapsed_seconds": 6957.539234147873, "gradient_norm": 0.4830123782157898, "peak_gb": 13.545200128, "loss": 0.010056674480438232, "reconstruction": 0.0009486287599429488, "period": 0.45540231466293335, "entropy": 0.0}
{"scene": "R01", "epoch": 46, "epochs": 50, "step": 251, "steps_per_epoch": 912, "elapsed_seconds": 6961.709377415013, "gradient_norm": 0.11286865174770355, "peak_gb": 13.545200128, "loss": 0.0023761638440191746, "reconstruction": 0.0011379154166206717, "period": 0.061912428587675095, "entropy": 0.0}
{"scene": "R01", "epoch": 46, "epochs": 50, "step": 276, "steps_per_epoch": 912, "elapsed_seconds": 6965.874406103976, "gradient_norm": 0.3340691924095154, "peak_gb": 13.545200128, "loss": 0.008282867260277271, "reconstruction": 0.0007082065567374229, "period": 0.3787330389022827, "entropy": 0.0}
{"scene": "R01", "epoch": 46, "epochs": 50, "step": 301, "steps_per_epoch": 912, "elapsed_seconds": 6970.044416613877, "gradient_norm": 0.045112494379282, "peak_gb": 13.545200128, "loss": 0.0021922369487583637, "reconstruction": 0.0016455514123663306, "period": 0.027334270998835564, "entropy": 0.0}
{"scene": "R01", "epoch": 46, "epochs": 50, "step": 326, "steps_per_epoch": 912, "elapsed_seconds": 6974.214353667805, "gradient_norm": 0.22288070619106293, "peak_gb": 13.545200128, "loss": 0.003811008296906948, "reconstruction": 0.000886883120983839, "period": 0.14620625972747803, "entropy": 0.0}
{"scene": "R01", "epoch": 46, "epochs": 50, "step": 351, "steps_per_epoch": 912, "elapsed_seconds": 6978.381884748815, "gradient_norm": 0.4707944095134735, "peak_gb": 13.545200128, "loss": 0.01235915720462799, "reconstruction": 0.0012113804696127772, "period": 0.5573888421058655, "entropy": 0.0}
{"scene": "R01", "epoch": 46, "epochs": 50, "step": 376, "steps_per_epoch": 912, "elapsed_seconds": 6982.5541935758665, "gradient_norm": 0.10792442411184311, "peak_gb": 13.545200128, "loss": 0.001882125623524189, "reconstruction": 0.0007489590789191425, "period": 0.05665832385420799, "entropy": 0.0}
{"scene": "R01", "epoch": 46, "epochs": 50, "step": 401, "steps_per_epoch": 912, "elapsed_seconds": 6986.731321236817, "gradient_norm": 0.14915668964385986, "peak_gb": 13.545200128, "loss": 0.0029657743871212006, "reconstruction": 0.0009820490377023816, "period": 0.09918627142906189, "entropy": 0.0}
{"scene": "R01", "epoch": 46, "epochs": 50, "step": 426, "steps_per_epoch": 912, "elapsed_seconds": 6990.899020379875, "gradient_norm": 0.5420898795127869, "peak_gb": 13.545200128, "loss": 0.009950919076800346, "reconstruction": 0.0012526842765510082, "period": 0.4349117875099182, "entropy": 0.0}
{"scene": "R01", "epoch": 46, "epochs": 50, "step": 451, "steps_per_epoch": 912, "elapsed_seconds": 6995.082852008985, "gradient_norm": 0.44357016682624817, "peak_gb": 13.545200128, "loss": 0.008120515383780003, "reconstruction": 0.000836518534924835, "period": 0.3641998767852783, "entropy": 0.0}
{"scene": "R01", "epoch": 46, "epochs": 50, "step": 476, "steps_per_epoch": 912, "elapsed_seconds": 6999.263000966981, "gradient_norm": 0.020468130707740784, "peak_gb": 13.545200128, "loss": 0.0014172014780342579, "reconstruction": 0.0012631065910682082, "period": 0.007704747375100851, "entropy": 0.0}
{"scene": "R01", "epoch": 46, "epochs": 50, "step": 501, "steps_per_epoch": 912, "elapsed_seconds": 7003.431702635018, "gradient_norm": 0.030108902603387833, "peak_gb": 13.545200128, "loss": 0.0011833114549517632, "reconstruction": 0.0007696148823015392, "period": 0.020684827119112015, "entropy": 0.0}
{"scene": "R01", "epoch": 46, "epochs": 50, "step": 526, "steps_per_epoch": 912, "elapsed_seconds": 7007.598840547027, "gradient_norm": 0.36843597888946533, "peak_gb": 13.545200128, "loss": 0.0062099359929561615, "reconstruction": 0.0011982558062300086, "period": 0.2505840063095093, "entropy": 0.0}
{"scene": "R01", "epoch": 46, "epochs": 50, "step": 551, "steps_per_epoch": 912, "elapsed_seconds": 7011.7773353548255, "gradient_norm": 0.4718405604362488, "peak_gb": 13.545200128, "loss": 0.011716684326529503, "reconstruction": 0.0010649962350726128, "period": 0.5325844287872314, "entropy": 0.0}
{"scene": "R01", "epoch": 46, "epochs": 50, "step": 576, "steps_per_epoch": 912, "elapsed_seconds": 7015.949905658839, "gradient_norm": 0.22477063536643982, "peak_gb": 13.545200128, "loss": 0.004224877804517746, "reconstruction": 0.001308003207668662, "period": 0.1458437442779541, "entropy": 0.0}
{"scene": "R01", "epoch": 46, "epochs": 50, "step": 601, "steps_per_epoch": 912, "elapsed_seconds": 7020.127128222026, "gradient_norm": 0.4943973422050476, "peak_gb": 13.545200128, "loss": 0.00898148212581873, "reconstruction": 0.0007802373147569597, "period": 0.4100622534751892, "entropy": 0.0}
{"scene": "R01", "epoch": 46, "epochs": 50, "step": 626, "steps_per_epoch": 912, "elapsed_seconds": 7024.299475468928, "gradient_norm": 0.3663973808288574, "peak_gb": 13.545200128, "loss": 0.00687375059351325, "reconstruction": 0.0013941520592197776, "period": 0.27397993206977844, "entropy": 0.0}
{"scene": "R01", "epoch": 46, "epochs": 50, "step": 651, "steps_per_epoch": 912, "elapsed_seconds": 7028.476961361943, "gradient_norm": 0.20950545370578766, "peak_gb": 13.545200128, "loss": 0.003689998062327504, "reconstruction": 0.0008651753305457532, "period": 0.1412411332130432, "entropy": 0.0}
{"scene": "R01", "epoch": 46, "epochs": 50, "step": 676, "steps_per_epoch": 912, "elapsed_seconds": 7032.6492182218935, "gradient_norm": 0.16355961561203003, "peak_gb": 13.545200128, "loss": 0.0023369942791759968, "reconstruction": 0.000847185030579567, "period": 0.07449047267436981, "entropy": 0.0}
{"scene": "R01", "epoch": 46, "epochs": 50, "step": 701, "steps_per_epoch": 912, "elapsed_seconds": 7036.817135253921, "gradient_norm": 0.01467151753604412, "peak_gb": 13.545200128, "loss": 0.0008804582175798714, "reconstruction": 0.0007503227097913623, "period": 0.006506775040179491, "entropy": 0.0}
{"scene": "R01", "epoch": 46, "epochs": 50, "step": 726, "steps_per_epoch": 912, "elapsed_seconds": 7040.990330444882, "gradient_norm": 0.08203784376382828, "peak_gb": 13.545200128, "loss": 0.0016415531281381845, "reconstruction": 0.0010174806229770184, "period": 0.031203623861074448, "entropy": 0.0}
{"scene": "R01", "epoch": 46, "epochs": 50, "step": 751, "steps_per_epoch": 912, "elapsed_seconds": 7045.169877278851, "gradient_norm": 0.17990492284297943, "peak_gb": 13.545200128, "loss": 0.0026292100083082914, "reconstruction": 0.0009152956772595644, "period": 0.08569572120904922, "entropy": 0.0}
{"scene": "R01", "epoch": 46, "epochs": 50, "step": 776, "steps_per_epoch": 912, "elapsed_seconds": 7049.3526157590095, "gradient_norm": 0.3107169270515442, "peak_gb": 13.545200128, "loss": 0.00483526848256588, "reconstruction": 0.0011522416025400162, "period": 0.18415135145187378, "entropy": 0.0}
{"scene": "R01", "epoch": 46, "epochs": 50, "step": 801, "steps_per_epoch": 912, "elapsed_seconds": 7053.532163057011, "gradient_norm": 0.121498242020607, "peak_gb": 13.545200128, "loss": 0.0027765692211687565, "reconstruction": 0.0009395157685503364, "period": 0.09185267239809036, "entropy": 0.0}
{"scene": "R01", "epoch": 46, "epochs": 50, "step": 826, "steps_per_epoch": 912, "elapsed_seconds": 7057.704591620015, "gradient_norm": 0.10717292875051498, "peak_gb": 13.545200128, "loss": 0.0019730115309357643, "reconstruction": 0.0009818701073527336, "period": 0.049557071179151535, "entropy": 0.0}
{"scene": "R01", "epoch": 46, "epochs": 50, "step": 851, "steps_per_epoch": 912, "elapsed_seconds": 7061.884149800986, "gradient_norm": 0.2956768274307251, "peak_gb": 13.545200128, "loss": 0.004969955421984196, "reconstruction": 0.0010080317733809352, "period": 0.19809618592262268, "entropy": 0.0}
{"scene": "R01", "epoch": 46, "epochs": 50, "step": 876, "steps_per_epoch": 912, "elapsed_seconds": 7066.0513420579955, "gradient_norm": 0.5178132653236389, "peak_gb": 13.545200128, "loss": 0.01302049309015274, "reconstruction": 0.0011775570455938578, "period": 0.5921468138694763, "entropy": 0.0}
{"scene": "R01", "epoch": 46, "epochs": 50, "step": 901, "steps_per_epoch": 912, "elapsed_seconds": 7070.233481646981, "gradient_norm": 0.04129660129547119, "peak_gb": 13.545200128, "loss": 0.0014487444423139095, "reconstruction": 0.0008795958710834384, "period": 0.02845742553472519, "entropy": 0.0}
{"epoch": 46, "steps": 912, "seconds": 152.1051795349922, "loss": 0.005069424530295676, "reconstruction": 0.000991713197180887, "period": 0.2038855711128379, "entropy": 0.0}
{"scene": "R01", "epoch": 47, "epochs": 50, "step": 1, "steps_per_epoch": 912, "elapsed_seconds": 7072.317579682916, "gradient_norm": 0.12860779464244843, "peak_gb": 13.545200128, "loss": 0.0024379210080951452, "reconstruction": 0.001035952940583229, "period": 0.0700984075665474, "entropy": 0.0}
{"scene": "R01", "epoch": 47, "epochs": 50, "step": 26, "steps_per_epoch": 912, "elapsed_seconds": 7076.498378838878, "gradient_norm": 0.04246402531862259, "peak_gb": 13.545200128, "loss": 0.0012022770242765546, "reconstruction": 0.0007203391287475824, "period": 0.024096893146634102, "entropy": 0.0}
{"scene": "R01", "epoch": 47, "epochs": 50, "step": 51, "steps_per_epoch": 912, "elapsed_seconds": 7080.667757923016, "gradient_norm": 0.2721547484397888, "peak_gb": 13.545200128, "loss": 0.003586060833185911, "reconstruction": 0.0007118842331692576, "period": 0.14370882511138916, "entropy": 0.0}
{"scene": "R01", "epoch": 47, "epochs": 50, "step": 76, "steps_per_epoch": 912, "elapsed_seconds": 7084.83430670388, "gradient_norm": 0.10062693804502487, "peak_gb": 13.545200128, "loss": 0.001804936327971518, "reconstruction": 0.0007259109988808632, "period": 0.05395126715302467, "entropy": 0.0}
{"scene": "R01", "epoch": 47, "epochs": 50, "step": 101, "steps_per_epoch": 912, "elapsed_seconds": 7089.002886985894, "gradient_norm": 0.10090454667806625, "peak_gb": 13.545200128, "loss": 0.002535314066335559, "reconstruction": 0.0007375340792350471, "period": 0.08988900482654572, "entropy": 0.0}
{"scene": "R01", "epoch": 47, "epochs": 50, "step": 126, "steps_per_epoch": 912, "elapsed_seconds": 7093.174770924961, "gradient_norm": 0.45030033588409424, "peak_gb": 13.545200128, "loss": 0.00950186513364315, "reconstruction": 0.0011971616186201572, "period": 0.4152352213859558, "entropy": 0.0}
{"scene": "R01", "epoch": 47, "epochs": 50, "step": 151, "steps_per_epoch": 912, "elapsed_seconds": 7097.352032981813, "gradient_norm": 0.26634639501571655, "peak_gb": 13.545200128, "loss": 0.00798029638826847, "reconstruction": 0.0008256015134975314, "period": 0.357734739780426, "entropy": 0.0}
{"scene": "R01", "epoch": 47, "epochs": 50, "step": 176, "steps_per_epoch": 912, "elapsed_seconds": 7101.517958503915, "gradient_norm": 0.5014978051185608, "peak_gb": 13.545200128, "loss": 0.007994182407855988, "reconstruction": 0.0008038419182412326, "period": 0.35951700806617737, "entropy": 0.0}
{"scene": "R01", "epoch": 47, "epochs": 50, "step": 201, "steps_per_epoch": 912, "elapsed_seconds": 7105.685025469866, "gradient_norm": 0.42009320855140686, "peak_gb": 13.545200128, "loss": 0.00785321369767189, "reconstruction": 0.001098862150683999, "period": 0.33771759271621704, "entropy": 0.0}
{"scene": "R01", "epoch": 47, "epochs": 50, "step": 226, "steps_per_epoch": 912, "elapsed_seconds": 7109.851307948818, "gradient_norm": 0.08277275413274765, "peak_gb": 13.545200128, "loss": 0.001571590080857277, "reconstruction": 0.0007474897429347038, "period": 0.041205018758773804, "entropy": 0.0}
{"scene": "R01", "epoch": 47, "epochs": 50, "step": 251, "steps_per_epoch": 912, "elapsed_seconds": 7114.0280889438, "gradient_norm": 0.3103308379650116, "peak_gb": 13.545200128, "loss": 0.004285742994397879, "reconstruction": 0.0012229442363604903, "period": 0.15313993394374847, "entropy": 0.0}
{"scene": "R01", "epoch": 47, "epochs": 50, "step": 276, "steps_per_epoch": 912, "elapsed_seconds": 7118.202100040857, "gradient_norm": 0.5525562167167664, "peak_gb": 13.545200128, "loss": 0.010784478858113289, "reconstruction": 0.000952030997723341, "period": 0.4916224181652069, "entropy": 0.0}
{"scene": "R01", "epoch": 47, "epochs": 50, "step": 301, "steps_per_epoch": 912, "elapsed_seconds": 7122.375019602012, "gradient_norm": 0.16362203657627106, "peak_gb": 13.545200128, "loss": 0.002687993459403515, "reconstruction": 0.0008224151097238064, "period": 0.0932789146900177, "entropy": 0.0}
{"scene": "R01", "epoch": 47, "epochs": 50, "step": 326, "steps_per_epoch": 912, "elapsed_seconds": 7126.551893716911, "gradient_norm": 0.4063972234725952, "peak_gb": 13.545200128, "loss": 0.009183922782540321, "reconstruction": 0.0008839046931825578, "period": 0.41500091552734375, "entropy": 0.0}
{"scene": "R01", "epoch": 47, "epochs": 50, "step": 351, "steps_per_epoch": 912, "elapsed_seconds": 7130.720751225017, "gradient_norm": 0.7951616048812866, "peak_gb": 13.545200128, "loss": 0.020112229511141777, "reconstruction": 0.00138029211666435, "period": 0.9365968704223633, "entropy": 0.0}
{"scene": "R01", "epoch": 47, "epochs": 50, "step": 376, "steps_per_epoch": 912, "elapsed_seconds": 7134.902686530957, "gradient_norm": 0.3350203335285187, "peak_gb": 13.545200128, "loss": 0.005276579409837723, "reconstruction": 0.0008687149966135621, "period": 0.22039322555065155, "entropy": 0.0}
{"scene": "R01", "epoch": 47, "epochs": 50, "step": 401, "steps_per_epoch": 912, "elapsed_seconds": 7139.082916604821, "gradient_norm": 0.2971970736980438, "peak_gb": 13.545200128, "loss": 0.004625259432941675, "reconstruction": 0.001131902216002345, "period": 0.1746678650379181, "entropy": 0.0}
{"scene": "R01", "epoch": 47, "epochs": 50, "step": 426, "steps_per_epoch": 912, "elapsed_seconds": 7143.2515926249325, "gradient_norm": 0.2944670021533966, "peak_gb": 13.545200128, "loss": 0.011477031745016575, "reconstruction": 0.0010562643874436617, "period": 0.5210384130477905, "entropy": 0.0}
{"scene": "R01", "epoch": 47, "epochs": 50, "step": 451, "steps_per_epoch": 912, "elapsed_seconds": 7147.417683413951, "gradient_norm": 0.5453839302062988, "peak_gb": 13.545200128, "loss": 0.01964203640818596, "reconstruction": 0.0006979551981203258, "period": 0.947204053401947, "entropy": 0.0}
{"scene": "R01", "epoch": 47, "epochs": 50, "step": 476, "steps_per_epoch": 912, "elapsed_seconds": 7151.585616045864, "gradient_norm": 0.2997732162475586, "peak_gb": 13.545200128, "loss": 0.0048006330616772175, "reconstruction": 0.000671076588332653, "period": 0.2064778208732605, "entropy": 0.0}
{"scene": "R01", "epoch": 47, "epochs": 50, "step": 501, "steps_per_epoch": 912, "elapsed_seconds": 7155.753173572011, "gradient_norm": 0.1993996500968933, "peak_gb": 13.545200128, "loss": 0.002870050724595785, "reconstruction": 0.0006666564149782062, "period": 0.11016972362995148, "entropy": 0.0}
{"scene": "R01", "epoch": 47, "epochs": 50, "step": 526, "steps_per_epoch": 912, "elapsed_seconds": 7159.927109699929, "gradient_norm": 0.017996834591031075, "peak_gb": 13.545200128, "loss": 0.001414071535691619, "reconstruction": 0.001151455333456397, "period": 0.013130813837051392, "entropy": 0.0}
{"scene": "R01", "epoch": 47, "epochs": 50, "step": 551, "steps_per_epoch": 912, "elapsed_seconds": 7164.102128570899, "gradient_norm": 0.4242941439151764, "peak_gb": 13.545200128, "loss": 0.0070183165371418, "reconstruction": 0.000820948916953057, "period": 0.30986839532852173, "entropy": 0.0}
{"scene": "R01", "epoch": 47, "epochs": 50, "step": 576, "steps_per_epoch": 912, "elapsed_seconds": 7168.271332002943, "gradient_norm": 0.40077367424964905, "peak_gb": 13.545200128, "loss": 0.015906285494565964, "reconstruction": 0.0013328202767297626, "period": 0.7286732792854309, "entropy": 0.0}
{"scene": "R01", "epoch": 47, "epochs": 50, "step": 601, "steps_per_epoch": 912, "elapsed_seconds": 7172.435661689844, "gradient_norm": 0.231668621301651, "peak_gb": 13.545200128, "loss": 0.004919455386698246, "reconstruction": 0.001329673221334815, "period": 0.1794891059398651, "entropy": 0.0}
{"scene": "R01", "epoch": 47, "epochs": 50, "step": 626, "steps_per_epoch": 912, "elapsed_seconds": 7176.602124759927, "gradient_norm": 0.1246926411986351, "peak_gb": 13.545200128, "loss": 0.002072935225442052, "reconstruction": 0.0009247902198694646, "period": 0.05740725249052048, "entropy": 0.0}
{"scene": "R01", "epoch": 47, "epochs": 50, "step": 651, "steps_per_epoch": 912, "elapsed_seconds": 7180.768222771818, "gradient_norm": 0.09553606063127518, "peak_gb": 13.545200128, "loss": 0.002200608141720295, "reconstruction": 0.0009807487949728966, "period": 0.060992974787950516, "entropy": 0.0}
{"scene": "R01", "epoch": 47, "epochs": 50, "step": 676, "steps_per_epoch": 912, "elapsed_seconds": 7184.93504911894, "gradient_norm": 0.3554694354534149, "peak_gb": 13.545200128, "loss": 0.006376274861395359, "reconstruction": 0.0008222201722674072, "period": 0.2777027487754822, "entropy": 0.0}
{"scene": "R01", "epoch": 47, "epochs": 50, "step": 701, "steps_per_epoch": 912, "elapsed_seconds": 7189.101940278895, "gradient_norm": 0.3400614261627197, "peak_gb": 13.545200128, "loss": 0.0061419387347996235, "reconstruction": 0.0009812042117118835, "period": 0.258036732673645, "entropy": 0.0}
{"scene": "R01", "epoch": 47, "epochs": 50, "step": 726, "steps_per_epoch": 912, "elapsed_seconds": 7193.2729637578595, "gradient_norm": 0.07237736880779266, "peak_gb": 13.545200128, "loss": 0.001373772043734789, "reconstruction": 0.0008155032410286367, "period": 0.02791343815624714, "entropy": 0.0}
{"scene": "R01", "epoch": 47, "epochs": 50, "step": 751, "steps_per_epoch": 912, "elapsed_seconds": 7197.436968590831, "gradient_norm": 0.5450374484062195, "peak_gb": 13.545200128, "loss": 0.01903548650443554, "reconstruction": 0.0007510337745770812, "period": 0.9142227172851562, "entropy": 0.0}
{"scene": "R01", "epoch": 47, "epochs": 50, "step": 776, "steps_per_epoch": 912, "elapsed_seconds": 7201.6022968390025, "gradient_norm": 0.29513657093048096, "peak_gb": 13.545200128, "loss": 0.005781575106084347, "reconstruction": 0.0008991567883640528, "period": 0.24412091076374054, "entropy": 0.0}
{"scene": "R01", "epoch": 47, "epochs": 50, "step": 801, "steps_per_epoch": 912, "elapsed_seconds": 7205.768403103808, "gradient_norm": 0.18939495086669922, "peak_gb": 13.545200128, "loss": 0.00364075624383986, "reconstruction": 0.0011740874033421278, "period": 0.12333343923091888, "entropy": 0.0}
{"scene": "R01", "epoch": 47, "epochs": 50, "step": 826, "steps_per_epoch": 912, "elapsed_seconds": 7209.935792177916, "gradient_norm": 0.4793473482131958, "peak_gb": 13.545200128, "loss": 0.00816789735108614, "reconstruction": 0.000945801381021738, "period": 0.361104816198349, "entropy": 0.0}
{"scene": "R01", "epoch": 47, "epochs": 50, "step": 851, "steps_per_epoch": 912, "elapsed_seconds": 7214.102645735955, "gradient_norm": 0.35186585783958435, "peak_gb": 13.545200128, "loss": 0.004392854869365692, "reconstruction": 0.0007808469235897064, "period": 0.18060040473937988, "entropy": 0.0}
{"scene": "R01", "epoch": 47, "epochs": 50, "step": 876, "steps_per_epoch": 912, "elapsed_seconds": 7218.264671463985, "gradient_norm": 0.06512727588415146, "peak_gb": 13.545200128, "loss": 0.0023854533210396767, "reconstruction": 0.0007263859733939171, "period": 0.08295336365699768, "entropy": 0.0}
{"scene": "R01", "epoch": 47, "epochs": 50, "step": 901, "steps_per_epoch": 912, "elapsed_seconds": 7222.435356362956, "gradient_norm": 0.0205658171325922, "peak_gb": 13.545200128, "loss": 0.0012127934023737907, "reconstruction": 0.0009805916342884302, "period": 0.011610090732574463, "entropy": 0.0}
{"epoch": 47, "steps": 912, "seconds": 152.19281779718585, "loss": 0.005227278293252886, "reconstruction": 0.0009971554486184143, "period": 0.21150614721230804, "entropy": 0.0}
{"scene": "R01", "epoch": 48, "epochs": 50, "step": 1, "steps_per_epoch": 912, "elapsed_seconds": 7224.519776819972, "gradient_norm": 0.04020646587014198, "peak_gb": 13.545200128, "loss": 0.0014388787094503641, "reconstruction": 0.0009847695473581553, "period": 0.022705458104610443, "entropy": 0.0}
{"scene": "R01", "epoch": 48, "epochs": 50, "step": 26, "steps_per_epoch": 912, "elapsed_seconds": 7228.681195115903, "gradient_norm": 0.3741018772125244, "peak_gb": 13.545200128, "loss": 0.007846980355679989, "reconstruction": 0.0010658556129783392, "period": 0.33905625343322754, "entropy": 0.0}
{"scene": "R01", "epoch": 48, "epochs": 50, "step": 51, "steps_per_epoch": 912, "elapsed_seconds": 7232.851617242908, "gradient_norm": 0.05054543912410736, "peak_gb": 13.545200128, "loss": 0.001683456590399146, "reconstruction": 0.0007785609923303127, "period": 0.04524478316307068, "entropy": 0.0}
{"scene": "R01", "epoch": 48, "epochs": 50, "step": 76, "steps_per_epoch": 912, "elapsed_seconds": 7237.019645669963, "gradient_norm": 0.05076252669095993, "peak_gb": 13.545200128, "loss": 0.0013482766225934029, "reconstruction": 0.0007610288448631763, "period": 0.02936238795518875, "entropy": 0.0}
{"scene": "R01", "epoch": 48, "epochs": 50, "step": 101, "steps_per_epoch": 912, "elapsed_seconds": 7241.186159292003, "gradient_norm": 0.5436180233955383, "peak_gb": 13.545200128, "loss": 0.0127482358366251, "reconstruction": 0.0007736580446362495, "period": 0.5987288951873779, "entropy": 0.0}
{"scene": "R01", "epoch": 48, "epochs": 50, "step": 126, "steps_per_epoch": 912, "elapsed_seconds": 7245.353435243014, "gradient_norm": 0.1350097954273224, "peak_gb": 13.545200128, "loss": 0.00440341467037797, "reconstruction": 0.0007414886495098472, "period": 0.18309630453586578, "entropy": 0.0}
{"scene": "R01", "epoch": 48, "epochs": 50, "step": 151, "steps_per_epoch": 912, "elapsed_seconds": 7249.518396151019, "gradient_norm": 0.26124870777130127, "peak_gb": 13.545200128, "loss": 0.004324815701693296, "reconstruction": 0.0007506626425310969, "period": 0.17870765924453735, "entropy": 0.0}
{"scene": "R01", "epoch": 48, "epochs": 50, "step": 176, "steps_per_epoch": 912, "elapsed_seconds": 7253.688095560996, "gradient_norm": 0.2107115536928177, "peak_gb": 13.545200128, "loss": 0.003174064215272665, "reconstruction": 0.0009700472000986338, "period": 0.11020085215568542, "entropy": 0.0}
{"scene": "R01", "epoch": 48, "epochs": 50, "step": 201, "steps_per_epoch": 912, "elapsed_seconds": 7257.851287907921, "gradient_norm": 0.08038750290870667, "peak_gb": 13.545200128, "loss": 0.0014572436921298504, "reconstruction": 0.0007077410700730979, "period": 0.037475135177373886, "entropy": 0.0}
{"scene": "R01", "epoch": 48, "epochs": 50, "step": 226, "steps_per_epoch": 912, "elapsed_seconds": 7262.0163935329765, "gradient_norm": 0.2630397081375122, "peak_gb": 13.545200128, "loss": 0.007566475309431553, "reconstruction": 0.0009899111464619637, "period": 0.32882821559906006, "entropy": 0.0}
{"scene": "R01", "epoch": 48, "epochs": 50, "step": 251, "steps_per_epoch": 912, "elapsed_seconds": 7266.181671552826, "gradient_norm": 0.06353630870580673, "peak_gb": 13.545200128, "loss": 0.001700827619060874, "reconstruction": 0.0009129171958193183, "period": 0.039395518600940704, "entropy": 0.0}
{"scene": "R01", "epoch": 48, "epochs": 50, "step": 276, "steps_per_epoch": 912, "elapsed_seconds": 7270.348952418892, "gradient_norm": 0.30726227164268494, "peak_gb": 13.545200128, "loss": 0.004447028506547213, "reconstruction": 0.0007682174327783287, "period": 0.1839405596256256, "entropy": 0.0}
{"scene": "R01", "epoch": 48, "epochs": 50, "step": 301, "steps_per_epoch": 912, "elapsed_seconds": 7274.520669696853, "gradient_norm": 0.05839501693844795, "peak_gb": 13.545200128, "loss": 0.0015856071840971708, "reconstruction": 0.0007263891166076064, "period": 0.04296090453863144, "entropy": 0.0}
{"scene": "R01", "epoch": 48, "epochs": 50, "step": 326, "steps_per_epoch": 912, "elapsed_seconds": 7278.687622797908, "gradient_norm": 0.16279691457748413, "peak_gb": 13.545200128, "loss": 0.0020929393358528614, "reconstruction": 0.0007706283358857036, "period": 0.06611555069684982, "entropy": 0.0}
{"scene": "R01", "epoch": 48, "epochs": 50, "step": 351, "steps_per_epoch": 912, "elapsed_seconds": 7282.855662066024, "gradient_norm": 0.1251707673072815, "peak_gb": 13.545200128, "loss": 0.0021919147111475468, "reconstruction": 0.0007017838070169091, "period": 0.07450654357671738, "entropy": 0.0}
{"scene": "R01", "epoch": 48, "epochs": 50, "step": 376, "steps_per_epoch": 912, "elapsed_seconds": 7287.021269271849, "gradient_norm": 0.014396687038242817, "peak_gb": 13.545200128, "loss": 0.000982631929218769, "reconstruction": 0.000861413951497525, "period": 0.006060900166630745, "entropy": 0.0}
{"scene": "R01", "epoch": 48, "epochs": 50, "step": 401, "steps_per_epoch": 912, "elapsed_seconds": 7291.188130521914, "gradient_norm": 0.020624792203307152, "peak_gb": 13.545200128, "loss": 0.0011658078292384744, "reconstruction": 0.000893570831976831, "period": 0.013611849397420883, "entropy": 0.0}
{"scene": "R01", "epoch": 48, "epochs": 50, "step": 426, "steps_per_epoch": 912, "elapsed_seconds": 7295.364382460946, "gradient_norm": 0.3421032428741455, "peak_gb": 13.545200128, "loss": 0.005033353343605995, "reconstruction": 0.001078921603038907, "period": 0.19772160053253174, "entropy": 0.0}
{"scene": "R01", "epoch": 48, "epochs": 50, "step": 451, "steps_per_epoch": 912, "elapsed_seconds": 7299.535109999822, "gradient_norm": 0.23030835390090942, "peak_gb": 13.545200128, "loss": 0.003413865575566888, "reconstruction": 0.0008214134140871465, "period": 0.12962260842323303, "entropy": 0.0}
{"scene": "R01", "epoch": 48, "epochs": 50, "step": 476, "steps_per_epoch": 912, "elapsed_seconds": 7303.704543140018, "gradient_norm": 0.16516518592834473, "peak_gb": 13.545200128, "loss": 0.0027197543531656265, "reconstruction": 0.001204154104925692, "period": 0.07578001916408539, "entropy": 0.0}
{"scene": "R01", "epoch": 48, "epochs": 50, "step": 501, "steps_per_epoch": 912, "elapsed_seconds": 7307.8703076869715, "gradient_norm": 0.0972578376531601, "peak_gb": 13.545200128, "loss": 0.0020477529615163803, "reconstruction": 0.000962934223935008, "period": 0.05424094200134277, "entropy": 0.0}
{"scene": "R01", "epoch": 48, "epochs": 50, "step": 526, "steps_per_epoch": 912, "elapsed_seconds": 7312.0585550679825, "gradient_norm": 0.4627659022808075, "peak_gb": 13.545200128, "loss": 0.006902973633259535, "reconstruction": 0.0009740913519635797, "period": 0.2964441180229187, "entropy": 0.0}
{"scene": "R01", "epoch": 48, "epochs": 50, "step": 551, "steps_per_epoch": 912, "elapsed_seconds": 7316.221961532021, "gradient_norm": 0.2199840545654297, "peak_gb": 13.545200128, "loss": 0.0029133467469364405, "reconstruction": 0.000977586372755468, "period": 0.09678801894187927, "entropy": 0.0}
{"scene": "R01", "epoch": 48, "epochs": 50, "step": 576, "steps_per_epoch": 912, "elapsed_seconds": 7320.38819187996, "gradient_norm": 0.02528700791299343, "peak_gb": 13.545200128, "loss": 0.0010002781637012959, "reconstruction": 0.0007180023239925504, "period": 0.014113791286945343, "entropy": 0.0}
{"scene": "R01", "epoch": 48, "epochs": 50, "step": 601, "steps_per_epoch": 912, "elapsed_seconds": 7324.554587160004, "gradient_norm": 0.45074719190597534, "peak_gb": 13.545200128, "loss": 0.013213474303483963, "reconstruction": 0.0007669480983167887, "period": 0.6223263144493103, "entropy": 0.0}
{"scene": "R01", "epoch": 48, "epochs": 50, "step": 626, "steps_per_epoch": 912, "elapsed_seconds": 7328.721562454011, "gradient_norm": 0.42168888449668884, "peak_gb": 13.545200128, "loss": 0.009992886334657669, "reconstruction": 0.0013687149621546268, "period": 0.43120861053466797, "entropy": 0.0}
{"scene": "R01", "epoch": 48, "epochs": 50, "step": 651, "steps_per_epoch": 912, "elapsed_seconds": 7332.888311301824, "gradient_norm": 0.13099010288715363, "peak_gb": 13.545200128, "loss": 0.0021592965349555016, "reconstruction": 0.0007398513844236732, "period": 0.0709722638130188, "entropy": 0.0}
{"scene": "R01", "epoch": 48, "epochs": 50, "step": 676, "steps_per_epoch": 912, "elapsed_seconds": 7337.050295880996, "gradient_norm": 0.05334089323878288, "peak_gb": 13.545200128, "loss": 0.0012784479185938835, "reconstruction": 0.0007404039497487247, "period": 0.026902202516794205, "entropy": 0.0}
{"scene": "R01", "epoch": 48, "epochs": 50, "step": 701, "steps_per_epoch": 912, "elapsed_seconds": 7341.218317368999, "gradient_norm": 0.5555956959724426, "peak_gb": 13.545200128, "loss": 0.018312033265829086, "reconstruction": 0.0007807932561263442, "period": 0.8765619993209839, "entropy": 0.0}
{"scene": "R01", "epoch": 48, "epochs": 50, "step": 726, "steps_per_epoch": 912, "elapsed_seconds": 7345.390573258977, "gradient_norm": 0.23220926523208618, "peak_gb": 13.545200128, "loss": 0.003519009333103895, "reconstruction": 0.0007980433292686939, "period": 0.1360483020544052, "entropy": 0.0}
{"scene": "R01", "epoch": 48, "epochs": 50, "step": 751, "steps_per_epoch": 912, "elapsed_seconds": 7349.567683687899, "gradient_norm": 0.05652064085006714, "peak_gb": 13.545200128, "loss": 0.0014904206618666649, "reconstruction": 0.0007328565116040409, "period": 0.03787820413708687, "entropy": 0.0}
{"scene": "R01", "epoch": 48, "epochs": 50, "step": 776, "steps_per_epoch": 912, "elapsed_seconds": 7353.740113586886, "gradient_norm": 0.2848147749900818, "peak_gb": 13.545200128, "loss": 0.003874672343954444, "reconstruction": 0.0008024272974580526, "period": 0.15361225605010986, "entropy": 0.0}
{"scene": "R01", "epoch": 48, "epochs": 50, "step": 801, "steps_per_epoch": 912, "elapsed_seconds": 7357.903803725028, "gradient_norm": 0.3359040915966034, "peak_gb": 13.545200128, "loss": 0.007996284402906895, "reconstruction": 0.0012120100436732173, "period": 0.3392137289047241, "entropy": 0.0}
{"scene": "R01", "epoch": 48, "epochs": 50, "step": 826, "steps_per_epoch": 912, "elapsed_seconds": 7362.072734592017, "gradient_norm": 0.1766386777162552, "peak_gb": 13.545200128, "loss": 0.0023844994138926268, "reconstruction": 0.000857873703353107, "period": 0.07633128762245178, "entropy": 0.0}
{"scene": "R01", "epoch": 48, "epochs": 50, "step": 851, "steps_per_epoch": 912, "elapsed_seconds": 7366.239234095905, "gradient_norm": 0.4003300964832306, "peak_gb": 13.545200128, "loss": 0.009805080480873585, "reconstruction": 0.001486290479078889, "period": 0.4159395396709442, "entropy": 0.0}
{"scene": "R01", "epoch": 48, "epochs": 50, "step": 876, "steps_per_epoch": 912, "elapsed_seconds": 7370.405608425848, "gradient_norm": 0.3177884817123413, "peak_gb": 13.545200128, "loss": 0.00481227645650506, "reconstruction": 0.0007879628683440387, "period": 0.2012156844139099, "entropy": 0.0}
{"scene": "R01", "epoch": 48, "epochs": 50, "step": 901, "steps_per_epoch": 912, "elapsed_seconds": 7374.587207720848, "gradient_norm": 0.34512072801589966, "peak_gb": 13.545200128, "loss": 0.006879467982798815, "reconstruction": 0.0019387815846130252, "period": 0.24703431129455566, "entropy": 0.0}
{"epoch": 48, "steps": 912, "seconds": 152.15287019312382, "loss": 0.0051628718229358925, "reconstruction": 0.0009801881125512362, "period": 0.20913419006274922, "entropy": 0.0}
{"scene": "R01", "epoch": 49, "epochs": 50, "step": 1, "steps_per_epoch": 912, "elapsed_seconds": 7376.636735353852, "gradient_norm": 0.04666220024228096, "peak_gb": 13.545200128, "loss": 0.002314827172085643, "reconstruction": 0.0018614446744322777, "period": 0.022669127210974693, "entropy": 0.0}
{"scene": "R01", "epoch": 49, "epochs": 50, "step": 26, "steps_per_epoch": 912, "elapsed_seconds": 7380.804214488948, "gradient_norm": 0.19715218245983124, "peak_gb": 13.545200128, "loss": 0.004427860490977764, "reconstruction": 0.0007813740521669388, "period": 0.18232432007789612, "entropy": 0.0}
{"scene": "R01", "epoch": 49, "epochs": 50, "step": 51, "steps_per_epoch": 912, "elapsed_seconds": 7384.967899682932, "gradient_norm": 0.1247803270816803, "peak_gb": 13.545200128, "loss": 0.0019035004079341888, "reconstruction": 0.0007458084728568792, "period": 0.05788459628820419, "entropy": 0.0}
{"scene": "R01", "epoch": 49, "epochs": 50, "step": 76, "steps_per_epoch": 912, "elapsed_seconds": 7389.134619617835, "gradient_norm": 0.09047632664442062, "peak_gb": 13.545200128, "loss": 0.002015821635723114, "reconstruction": 0.0011058616219088435, "period": 0.04549799859523773, "entropy": 0.0}
{"scene": "R01", "epoch": 49, "epochs": 50, "step": 101, "steps_per_epoch": 912, "elapsed_seconds": 7393.3023131377995, "gradient_norm": 0.01969457045197487, "peak_gb": 13.545200128, "loss": 0.0010162732796743512, "reconstruction": 0.0008459406672045588, "period": 0.008516628295183182, "entropy": 0.0}
{"scene": "R01", "epoch": 49, "epochs": 50, "step": 126, "steps_per_epoch": 912, "elapsed_seconds": 7397.467197955819, "gradient_norm": 0.21399882435798645, "peak_gb": 13.545200128, "loss": 0.006461191922426224, "reconstruction": 0.0008328314870595932, "period": 0.2814180254936218, "entropy": 0.0}
{"scene": "R01", "epoch": 49, "epochs": 50, "step": 151, "steps_per_epoch": 912, "elapsed_seconds": 7401.63599123084, "gradient_norm": 0.4137985408306122, "peak_gb": 13.545200128, "loss": 0.007331717759370804, "reconstruction": 0.0008507617749273777, "period": 0.3240478038787842, "entropy": 0.0}
{"scene": "R01", "epoch": 49, "epochs": 50, "step": 176, "steps_per_epoch": 912, "elapsed_seconds": 7405.805052120937, "gradient_norm": 0.0738612562417984, "peak_gb": 13.545200128, "loss": 0.0018951736856251955, "reconstruction": 0.001141565153375268, "period": 0.03768042474985123, "entropy": 0.0}
{"scene": "R01", "epoch": 49, "epochs": 50, "step": 201, "steps_per_epoch": 912, "elapsed_seconds": 7409.973225418944, "gradient_norm": 0.05732570216059685, "peak_gb": 13.545200128, "loss": 0.002166552236303687, "reconstruction": 0.001402504974976182, "period": 0.03820236399769783, "entropy": 0.0}
{"scene": "R01", "epoch": 49, "epochs": 50, "step": 226, "steps_per_epoch": 912, "elapsed_seconds": 7414.1390101858415, "gradient_norm": 0.4881023168563843, "peak_gb": 13.545200128, "loss": 0.007791606709361076, "reconstruction": 0.0008421841775998473, "period": 0.34747111797332764, "entropy": 0.0}
{"scene": "R01", "epoch": 49, "epochs": 50, "step": 251, "steps_per_epoch": 912, "elapsed_seconds": 7418.306566641899, "gradient_norm": 0.1442454755306244, "peak_gb": 13.545200128, "loss": 0.004067634232342243, "reconstruction": 0.0017849337309598923, "period": 0.1141350120306015, "entropy": 0.0}
{"scene": "R01", "epoch": 49, "epochs": 50, "step": 276, "steps_per_epoch": 912, "elapsed_seconds": 7422.4738272218965, "gradient_norm": 0.020213613286614418, "peak_gb": 13.545200128, "loss": 0.00101629295386374, "reconstruction": 0.0007448173128068447, "period": 0.013573780655860901, "entropy": 0.0}
{"scene": "R01", "epoch": 49, "epochs": 50, "step": 301, "steps_per_epoch": 912, "elapsed_seconds": 7426.639410822885, "gradient_norm": 0.4699913561344147, "peak_gb": 13.545200128, "loss": 0.01810242421925068, "reconstruction": 0.0008155085961334407, "period": 0.8643457889556885, "entropy": 0.0}
{"scene": "R01", "epoch": 49, "epochs": 50, "step": 326, "steps_per_epoch": 912, "elapsed_seconds": 7430.806400683941, "gradient_norm": 0.07647698372602463, "peak_gb": 13.545200128, "loss": 0.0020667463541030884, "reconstruction": 0.0012210614513605833, "period": 0.04228423908352852, "entropy": 0.0}
{"scene": "R01", "epoch": 49, "epochs": 50, "step": 351, "steps_per_epoch": 912, "elapsed_seconds": 7434.969604920829, "gradient_norm": 0.01821162737905979, "peak_gb": 13.545200128, "loss": 0.0011047921143472195, "reconstruction": 0.0007750486838631332, "period": 0.01648717373609543, "entropy": 0.0}
{"scene": "R01", "epoch": 49, "epochs": 50, "step": 376, "steps_per_epoch": 912, "elapsed_seconds": 7439.137997937854, "gradient_norm": 0.31179410219192505, "peak_gb": 13.545200128, "loss": 0.00479303952306509, "reconstruction": 0.0013738333946093917, "period": 0.17096030712127686, "entropy": 0.0}
{"scene": "R01", "epoch": 49, "epochs": 50, "step": 401, "steps_per_epoch": 912, "elapsed_seconds": 7443.307443399914, "gradient_norm": 0.6599997878074646, "peak_gb": 13.545200128, "loss": 0.0119771184399724, "reconstruction": 0.0014369396958500147, "period": 0.5270089507102966, "entropy": 0.0}
{"scene": "R01", "epoch": 49, "epochs": 50, "step": 426, "steps_per_epoch": 912, "elapsed_seconds": 7447.473975681933, "gradient_norm": 0.010757958516478539, "peak_gb": 13.545200128, "loss": 0.000844375928863883, "reconstruction": 0.000722715281881392, "period": 0.0060830311849713326, "entropy": 0.0}
{"scene": "R01", "epoch": 49, "epochs": 50, "step": 451, "steps_per_epoch": 912, "elapsed_seconds": 7451.639815408969, "gradient_norm": 0.018782081082463264, "peak_gb": 13.545200128, "loss": 0.0009280992671847343, "reconstruction": 0.0007366945501416922, "period": 0.009570237249135971, "entropy": 0.0}
{"scene": "R01", "epoch": 49, "epochs": 50, "step": 476, "steps_per_epoch": 912, "elapsed_seconds": 7455.804386887001, "gradient_norm": 0.32891273498535156, "peak_gb": 13.545200128, "loss": 0.005214628763496876, "reconstruction": 0.0007576059433631599, "period": 0.22285115718841553, "entropy": 0.0}
{"scene": "R01", "epoch": 49, "epochs": 50, "step": 501, "steps_per_epoch": 912, "elapsed_seconds": 7459.969924286008, "gradient_norm": 0.04131285473704338, "peak_gb": 13.545200128, "loss": 0.0019716457463800907, "reconstruction": 0.001507410779595375, "period": 0.023211749270558357, "entropy": 0.0}
{"scene": "R01", "epoch": 49, "epochs": 50, "step": 526, "steps_per_epoch": 912, "elapsed_seconds": 7464.14101317781, "gradient_norm": 0.013153092935681343, "peak_gb": 13.545200128, "loss": 0.0007655736990272999, "reconstruction": 0.0007141889072954655, "period": 0.002569240517914295, "entropy": 0.0}
{"scene": "R01", "epoch": 49, "epochs": 50, "step": 551, "steps_per_epoch": 912, "elapsed_seconds": 7468.309748675907, "gradient_norm": 0.3894348740577698, "peak_gb": 13.545200128, "loss": 0.007209726609289646, "reconstruction": 0.0010589060839265585, "period": 0.30754101276397705, "entropy": 0.0}
{"scene": "R01", "epoch": 49, "epochs": 50, "step": 576, "steps_per_epoch": 912, "elapsed_seconds": 7472.492491913959, "gradient_norm": 0.12705175578594208, "peak_gb": 13.545200128, "loss": 0.0026460178196430206, "reconstruction": 0.0013385823694989085, "period": 0.06537176668643951, "entropy": 0.0}
{"scene": "R01", "epoch": 49, "epochs": 50, "step": 601, "steps_per_epoch": 912, "elapsed_seconds": 7476.669600063004, "gradient_norm": 0.033293187618255615, "peak_gb": 13.545200128, "loss": 0.0013868891401216388, "reconstruction": 0.0009765505092218518, "period": 0.020516932010650635, "entropy": 0.0}
{"scene": "R01", "epoch": 49, "epochs": 50, "step": 626, "steps_per_epoch": 912, "elapsed_seconds": 7480.840668027988, "gradient_norm": 0.08921302855014801, "peak_gb": 13.545200128, "loss": 0.0024860454723238945, "reconstruction": 0.0014123925939202309, "period": 0.05368264764547348, "entropy": 0.0}
{"scene": "R01", "epoch": 49, "epochs": 50, "step": 651, "steps_per_epoch": 912, "elapsed_seconds": 7485.008895801846, "gradient_norm": 0.19444532692432404, "peak_gb": 13.545200128, "loss": 0.003427474992349744, "reconstruction": 0.0009440905414521694, "period": 0.1241692304611206, "entropy": 0.0}
{"scene": "R01", "epoch": 49, "epochs": 50, "step": 676, "steps_per_epoch": 912, "elapsed_seconds": 7489.174633262912, "gradient_norm": 0.03352006897330284, "peak_gb": 13.545200128, "loss": 0.0013654259964823723, "reconstruction": 0.001015467569231987, "period": 0.017497921362519264, "entropy": 0.0}
{"scene": "R01", "epoch": 49, "epochs": 50, "step": 701, "steps_per_epoch": 912, "elapsed_seconds": 7493.340430616867, "gradient_norm": 0.31786301732063293, "peak_gb": 13.545200128, "loss": 0.0052319965325295925, "reconstruction": 0.0011602588929235935, "period": 0.2035868912935257, "entropy": 0.0}
{"scene": "R01", "epoch": 49, "epochs": 50, "step": 726, "steps_per_epoch": 912, "elapsed_seconds": 7497.508881111862, "gradient_norm": 0.036073919385671616, "peak_gb": 13.545200128, "loss": 0.0014397022314369678, "reconstruction": 0.0009822077117860317, "period": 0.022874729707837105, "entropy": 0.0}
{"scene": "R01", "epoch": 49, "epochs": 50, "step": 751, "steps_per_epoch": 912, "elapsed_seconds": 7501.6750877988525, "gradient_norm": 0.3844568133354187, "peak_gb": 13.545200128, "loss": 0.006017191335558891, "reconstruction": 0.0013147832360118628, "period": 0.23512040078639984, "entropy": 0.0}
{"scene": "R01", "epoch": 49, "epochs": 50, "step": 776, "steps_per_epoch": 912, "elapsed_seconds": 7505.841584885027, "gradient_norm": 0.18739689886569977, "peak_gb": 13.545200128, "loss": 0.001875019632279873, "reconstruction": 0.0007038102485239506, "period": 0.05856046825647354, "entropy": 0.0}
{"scene": "R01", "epoch": 49, "epochs": 50, "step": 801, "steps_per_epoch": 912, "elapsed_seconds": 7510.007692425977, "gradient_norm": 0.06897659599781036, "peak_gb": 13.545200128, "loss": 0.0015988852828741074, "reconstruction": 0.0008231871761381626, "period": 0.03878490999341011, "entropy": 0.0}
{"scene": "R01", "epoch": 49, "epochs": 50, "step": 826, "steps_per_epoch": 912, "elapsed_seconds": 7514.174695765832, "gradient_norm": 0.25588107109069824, "peak_gb": 13.545200128, "loss": 0.004101223777979612, "reconstruction": 0.0008419013465754688, "period": 0.16296613216400146, "entropy": 0.0}
{"scene": "R01", "epoch": 49, "epochs": 50, "step": 851, "steps_per_epoch": 912, "elapsed_seconds": 7518.355471082963, "gradient_norm": 0.07834839075803757, "peak_gb": 13.545200128, "loss": 0.0019473596476018429, "reconstruction": 0.0012729696463793516, "period": 0.0337194986641407, "entropy": 0.0}
{"scene": "R01", "epoch": 49, "epochs": 50, "step": 876, "steps_per_epoch": 912, "elapsed_seconds": 7522.537593608955, "gradient_norm": 0.09801402688026428, "peak_gb": 13.545200128, "loss": 0.0022674924694001675, "reconstruction": 0.0013191911857575178, "period": 0.04741507023572922, "entropy": 0.0}
{"scene": "R01", "epoch": 49, "epochs": 50, "step": 901, "steps_per_epoch": 912, "elapsed_seconds": 7526.70961378701, "gradient_norm": 0.4364597797393799, "peak_gb": 13.545200128, "loss": 0.005992288701236248, "reconstruction": 0.0013186305295675993, "period": 0.23368293046951294, "entropy": 0.0}
{"epoch": 49, "steps": 912, "seconds": 152.12336917291395, "loss": 0.004574691619429933, "reconstruction": 0.0009816632617705118, "period": 0.17965142206281726, "entropy": 0.0}
{"scene": "R01", "epoch": 50, "epochs": 50, "step": 1, "steps_per_epoch": 912, "elapsed_seconds": 7528.796743650921, "gradient_norm": 0.14319941401481628, "peak_gb": 13.545200128, "loss": 0.0028012734837830067, "reconstruction": 0.0009436305845156312, "period": 0.09288214147090912, "entropy": 0.0}
{"scene": "R01", "epoch": 50, "epochs": 50, "step": 26, "steps_per_epoch": 912, "elapsed_seconds": 7532.9606622098945, "gradient_norm": 0.026855111122131348, "peak_gb": 13.545200128, "loss": 0.0014088727766647935, "reconstruction": 0.0010437293676659465, "period": 0.018257172778248787, "entropy": 0.0}
{"scene": "R01", "epoch": 50, "epochs": 50, "step": 51, "steps_per_epoch": 912, "elapsed_seconds": 7537.126492021838, "gradient_norm": 0.2753303647041321, "peak_gb": 13.545200128, "loss": 0.005438252352178097, "reconstruction": 0.0019203074043616652, "period": 0.1758972406387329, "entropy": 0.0}
{"scene": "R01", "epoch": 50, "epochs": 50, "step": 76, "steps_per_epoch": 912, "elapsed_seconds": 7541.292360727908, "gradient_norm": 0.2276308387517929, "peak_gb": 13.545200128, "loss": 0.003802503226324916, "reconstruction": 0.0013011912815272808, "period": 0.12506559491157532, "entropy": 0.0}
{"scene": "R01", "epoch": 50, "epochs": 50, "step": 101, "steps_per_epoch": 912, "elapsed_seconds": 7545.45870641293, "gradient_norm": 0.015646182000637054, "peak_gb": 13.545200128, "loss": 0.0014545408776029944, "reconstruction": 0.001248815911822021, "period": 0.010286249220371246, "entropy": 0.0}
{"scene": "R01", "epoch": 50, "epochs": 50, "step": 126, "steps_per_epoch": 912, "elapsed_seconds": 7549.626080938848, "gradient_norm": 0.11292391270399094, "peak_gb": 13.545200128, "loss": 0.002290046541020274, "reconstruction": 0.0007217539241537452, "period": 0.07841463387012482, "entropy": 0.0}
{"scene": "R01", "epoch": 50, "epochs": 50, "step": 151, "steps_per_epoch": 912, "elapsed_seconds": 7553.792697235011, "gradient_norm": 0.039609987288713455, "peak_gb": 13.545200128, "loss": 0.0017164151649922132, "reconstruction": 0.001042955438606441, "period": 0.033672984689474106, "entropy": 0.0}
{"scene": "R01", "epoch": 50, "epochs": 50, "step": 176, "steps_per_epoch": 912, "elapsed_seconds": 7557.960089114029, "gradient_norm": 0.14762242138385773, "peak_gb": 13.545200128, "loss": 0.0021299284417182207, "reconstruction": 0.0011988880578428507, "period": 0.04655201733112335, "entropy": 0.0}
{"scene": "R01", "epoch": 50, "epochs": 50, "step": 201, "steps_per_epoch": 912, "elapsed_seconds": 7562.126451754011, "gradient_norm": 0.27981477975845337, "peak_gb": 13.545200128, "loss": 0.0051976279355585575, "reconstruction": 0.0008776974282227457, "period": 0.21599653363227844, "entropy": 0.0}
{"scene": "R01", "epoch": 50, "epochs": 50, "step": 226, "steps_per_epoch": 912, "elapsed_seconds": 7566.298539153999, "gradient_norm": 0.415249764919281, "peak_gb": 13.545200128, "loss": 0.015493541024625301, "reconstruction": 0.0011266714427620173, "period": 0.7183434963226318, "entropy": 0.0}
{"scene": "R01", "epoch": 50, "epochs": 50, "step": 251, "steps_per_epoch": 912, "elapsed_seconds": 7570.47658231901, "gradient_norm": 0.15761226415634155, "peak_gb": 13.545200128, "loss": 0.0021898080594837666, "reconstruction": 0.0007882958743721247, "period": 0.0700756162405014, "entropy": 0.0}
{"scene": "R01", "epoch": 50, "epochs": 50, "step": 276, "steps_per_epoch": 912, "elapsed_seconds": 7574.643712346908, "gradient_norm": 0.17935362458229065, "peak_gb": 13.545200128, "loss": 0.003401178400963545, "reconstruction": 0.0011135040549561381, "period": 0.11438371986150742, "entropy": 0.0}
{"scene": "R01", "epoch": 50, "epochs": 50, "step": 301, "steps_per_epoch": 912, "elapsed_seconds": 7578.810958583839, "gradient_norm": 0.21980130672454834, "peak_gb": 13.545200128, "loss": 0.004741715267300606, "reconstruction": 0.001500384765677154, "period": 0.1620665341615677, "entropy": 0.0}
{"scene": "R01", "epoch": 50, "epochs": 50, "step": 326, "steps_per_epoch": 912, "elapsed_seconds": 7582.976883351803, "gradient_norm": 0.10030311346054077, "peak_gb": 13.545200128, "loss": 0.0023163561709225178, "reconstruction": 0.0011656988644972444, "period": 0.057532865554094315, "entropy": 0.0}
{"scene": "R01", "epoch": 50, "epochs": 50, "step": 351, "steps_per_epoch": 912, "elapsed_seconds": 7587.144475842826, "gradient_norm": 0.13752448558807373, "peak_gb": 13.545200128, "loss": 0.002635542768985033, "reconstruction": 0.001008103252388537, "period": 0.08137197047472, "entropy": 0.0}
{"scene": "R01", "epoch": 50, "epochs": 50, "step": 376, "steps_per_epoch": 912, "elapsed_seconds": 7591.309828132857, "gradient_norm": 0.12001580744981766, "peak_gb": 13.545200128, "loss": 0.0019211235921829939, "reconstruction": 0.0009326257277280092, "period": 0.04942489415407181, "entropy": 0.0}
{"scene": "R01", "epoch": 50, "epochs": 50, "step": 401, "steps_per_epoch": 912, "elapsed_seconds": 7595.47737869597, "gradient_norm": 0.3769342005252838, "peak_gb": 13.545200128, "loss": 0.007499306462705135, "reconstruction": 0.000846112088765949, "period": 0.3326597213745117, "entropy": 0.0}
{"scene": "R01", "epoch": 50, "epochs": 50, "step": 426, "steps_per_epoch": 912, "elapsed_seconds": 7599.648871088866, "gradient_norm": 0.29003849625587463, "peak_gb": 13.545200128, "loss": 0.005221743136644363, "reconstruction": 0.001051225932314992, "period": 0.2085258513689041, "entropy": 0.0}
{"scene": "R01", "epoch": 50, "epochs": 50, "step": 451, "steps_per_epoch": 912, "elapsed_seconds": 7603.8266077400185, "gradient_norm": 0.48612356185913086, "peak_gb": 13.545200128, "loss": 0.008843537420034409, "reconstruction": 0.0009171207202598453, "period": 0.39632081985473633, "entropy": 0.0}
{"scene": "R01", "epoch": 50, "epochs": 50, "step": 476, "steps_per_epoch": 912, "elapsed_seconds": 7608.002967336914, "gradient_norm": 0.02646157518029213, "peak_gb": 13.545200128, "loss": 0.001355270273052156, "reconstruction": 0.0010989503934979439, "period": 0.012815994210541248, "entropy": 0.0}
{"scene": "R01", "epoch": 50, "epochs": 50, "step": 501, "steps_per_epoch": 912, "elapsed_seconds": 7612.177957653999, "gradient_norm": 0.026721470057964325, "peak_gb": 13.545200128, "loss": 0.0010731276124715805, "reconstruction": 0.0006982771446928382, "period": 0.018742524087429047, "entropy": 0.0}
{"scene": "R01", "epoch": 50, "epochs": 50, "step": 526, "steps_per_epoch": 912, "elapsed_seconds": 7616.344510358991, "gradient_norm": 0.4455070495605469, "peak_gb": 13.545200128, "loss": 0.006409956142306328, "reconstruction": 0.0007923159282654524, "period": 0.28088200092315674, "entropy": 0.0}
{"scene": "R01", "epoch": 50, "epochs": 50, "step": 551, "steps_per_epoch": 912, "elapsed_seconds": 7620.510871744016, "gradient_norm": 0.3392683267593384, "peak_gb": 13.545200128, "loss": 0.006560085341334343, "reconstruction": 0.0010672693606466055, "period": 0.274640828371048, "entropy": 0.0}
{"scene": "R01", "epoch": 50, "epochs": 50, "step": 576, "steps_per_epoch": 912, "elapsed_seconds": 7624.68139379099, "gradient_norm": 0.057618398219347, "peak_gb": 13.545200128, "loss": 0.0017987010069191456, "reconstruction": 0.0011681620962917805, "period": 0.031526949256658554, "entropy": 0.0}
{"scene": "R01", "epoch": 50, "epochs": 50, "step": 601, "steps_per_epoch": 912, "elapsed_seconds": 7628.855836417992, "gradient_norm": 0.13651755452156067, "peak_gb": 13.545200128, "loss": 0.002525102812796831, "reconstruction": 0.000820119515992701, "period": 0.085249163210392, "entropy": 0.0}
{"scene": "R01", "epoch": 50, "epochs": 50, "step": 626, "steps_per_epoch": 912, "elapsed_seconds": 7633.0278922768775, "gradient_norm": 0.4954647421836853, "peak_gb": 13.545200128, "loss": 0.008406906388700008, "reconstruction": 0.0010169132146984339, "period": 0.36949965357780457, "entropy": 0.0}
{"scene": "R01", "epoch": 50, "epochs": 50, "step": 651, "steps_per_epoch": 912, "elapsed_seconds": 7637.195097283926, "gradient_norm": 0.06968976557254791, "peak_gb": 13.545200128, "loss": 0.001761830411851406, "reconstruction": 0.0010055559687316418, "period": 0.03781371936202049, "entropy": 0.0}
{"scene": "R01", "epoch": 50, "epochs": 50, "step": 676, "steps_per_epoch": 912, "elapsed_seconds": 7641.363238506019, "gradient_norm": 0.2194823920726776, "peak_gb": 13.545200128, "loss": 0.002992409747093916, "reconstruction": 0.0008741137571632862, "period": 0.10591480135917664, "entropy": 0.0}
{"scene": "R01", "epoch": 50, "epochs": 50, "step": 701, "steps_per_epoch": 912, "elapsed_seconds": 7645.528313259827, "gradient_norm": 0.5540681481361389, "peak_gb": 13.545200128, "loss": 0.012191417627036572, "reconstruction": 0.001007682061754167, "period": 0.5591868162155151, "entropy": 0.0}
{"scene": "R01", "epoch": 50, "epochs": 50, "step": 726, "steps_per_epoch": 912, "elapsed_seconds": 7649.695438067894, "gradient_norm": 0.1891743689775467, "peak_gb": 13.545200128, "loss": 0.003677220083773136, "reconstruction": 0.0007294112583622336, "period": 0.1473904550075531, "entropy": 0.0}
{"scene": "R01", "epoch": 50, "epochs": 50, "step": 751, "steps_per_epoch": 912, "elapsed_seconds": 7653.868768621003, "gradient_norm": 0.08584073185920715, "peak_gb": 13.545200128, "loss": 0.0017416456248611212, "reconstruction": 0.0008308633114211261, "period": 0.045539118349552155, "entropy": 0.0}
{"scene": "R01", "epoch": 50, "epochs": 50, "step": 776, "steps_per_epoch": 912, "elapsed_seconds": 7658.041641602991, "gradient_norm": 0.04393279179930687, "peak_gb": 13.545200128, "loss": 0.001098245964385569, "reconstruction": 0.0007672038627788424, "period": 0.01655210554599762, "entropy": 0.0}
{"scene": "R01", "epoch": 50, "epochs": 50, "step": 801, "steps_per_epoch": 912, "elapsed_seconds": 7662.21196813602, "gradient_norm": 0.3581812083721161, "peak_gb": 13.545200128, "loss": 0.0073570990934967995, "reconstruction": 0.0013381780590862036, "period": 0.30094605684280396, "entropy": 0.0}
{"scene": "R01", "epoch": 50, "epochs": 50, "step": 826, "steps_per_epoch": 912, "elapsed_seconds": 7666.378281034995, "gradient_norm": 0.06096638739109039, "peak_gb": 13.545200128, "loss": 0.001966164680197835, "reconstruction": 0.0014330949634313583, "period": 0.026653483510017395, "entropy": 0.0}
{"scene": "R01", "epoch": 50, "epochs": 50, "step": 851, "steps_per_epoch": 912, "elapsed_seconds": 7670.546555371955, "gradient_norm": 0.543188214302063, "peak_gb": 13.545200128, "loss": 0.009353363886475563, "reconstruction": 0.000806101132184267, "period": 0.42736318707466125, "entropy": 0.0}
{"scene": "R01", "epoch": 50, "epochs": 50, "step": 876, "steps_per_epoch": 912, "elapsed_seconds": 7674.725066161016, "gradient_norm": 0.15913444757461548, "peak_gb": 13.545200128, "loss": 0.0026518478989601135, "reconstruction": 0.0008557501132600009, "period": 0.08980488777160645, "entropy": 0.0}
{"scene": "R01", "epoch": 50, "epochs": 50, "step": 901, "steps_per_epoch": 912, "elapsed_seconds": 7678.895547787892, "gradient_norm": 0.35719868540763855, "peak_gb": 13.545200128, "loss": 0.008258375339210033, "reconstruction": 0.0013795726699754596, "period": 0.3439401388168335, "entropy": 0.0}
{"epoch": 50, "steps": 912, "seconds": 152.18673951900564, "loss": 0.005130802640914018, "reconstruction": 0.0009858270443561324, "period": 0.20724878351003945, "entropy": 0.0}
